2024-01-26 15:17:19,230 - Victim node is 903.
2024-01-26 15:17:19,231 - tensor([ 306, 1358, 1623], device='cuda:0')
2024-01-26 15:17:19,231 - Classification Fails.
2024-01-26 15:17:19,232 - Link Generation Fails.
2024-01-26 15:17:20,206 - Victim node is 1864.
2024-01-26 15:17:20,207 - tensor([ 306, 1358, 1986], device='cuda:0')
2024-01-26 15:17:20,207 - Classification Succeeds.
2024-01-26 15:17:20,207 - Link Generation Fails.
2024-01-26 15:17:21,120 - Victim node is 467.
2024-01-26 15:17:21,120 - tensor([ 306, 1358, 1986], device='cuda:0')
2024-01-26 15:17:21,120 - Classification Fails.
2024-01-26 15:17:21,120 - Link Generation Fails.
2024-01-26 15:17:22,007 - Victim node is 343.
2024-01-26 15:17:22,007 - tensor([ 306, 1358, 1986], device='cuda:0')
2024-01-26 15:17:22,009 - Classification Fails.
2024-01-26 15:17:22,009 - Link Generation Fails.
2024-01-26 15:17:22,890 - Victim node is 215.
2024-01-26 15:17:22,890 - tensor([ 306, 1358, 1623], device='cuda:0')
2024-01-26 15:17:22,890 - Classification Fails.
2024-01-26 15:17:22,890 - Link Generation Fails.
2024-01-26 15:17:23,773 - Victim node is 204.
2024-01-26 15:17:23,773 - tensor([1358, 2712, 2725], device='cuda:0')
2024-01-26 15:17:23,773 - Classification Fails.
2024-01-26 15:17:23,773 - Link Generation Succeeds.
2024-01-26 15:17:24,668 - Victim node is 2596.
2024-01-26 15:17:24,668 - tensor([ 306, 1013, 1358], device='cuda:0')
2024-01-26 15:17:24,668 - Classification Succeeds.
2024-01-26 15:17:24,668 - Link Generation Fails.
2024-01-26 15:17:25,552 - Victim node is 23.
2024-01-26 15:17:25,552 - tensor([ 963, 1257, 2248], device='cuda:0')
2024-01-26 15:17:25,552 - Classification Succeeds.
2024-01-26 15:17:25,552 - Link Generation Fails.
2024-01-26 15:17:26,491 - Victim node is 2037.
2024-01-26 15:17:26,491 - tensor([ 306, 1358, 1701], device='cuda:0')
2024-01-26 15:17:26,492 - Classification Succeeds.
2024-01-26 15:17:26,492 - Link Generation Fails.
2024-01-26 15:17:27,466 - Victim node is 8.
2024-01-26 15:17:27,466 - tensor([ 700,  963, 1691], device='cuda:0')
2024-01-26 15:17:27,467 - Classification Succeeds.
2024-01-26 15:17:27,467 - Link Generation Fails.
2024-01-26 15:17:28,504 - Victim node is 156.
2024-01-26 15:17:28,504 - tensor([ 306, 1013, 1914], device='cuda:0')
2024-01-26 15:17:28,505 - Classification Succeeds.
2024-01-26 15:17:28,505 - Link Generation Fails.
2024-01-26 15:17:29,492 - Victim node is 1494.
2024-01-26 15:17:29,492 - tensor([ 306, 1358, 1623], device='cuda:0')
2024-01-26 15:17:29,492 - Classification Fails.
2024-01-26 15:17:29,493 - Link Generation Fails.
2024-01-26 15:17:30,428 - Victim node is 995.
2024-01-26 15:17:30,428 - tensor([ 306, 1358, 1701], device='cuda:0')
2024-01-26 15:17:30,428 - Classification Fails.
2024-01-26 15:17:30,428 - Link Generation Fails.
2024-01-26 15:17:31,350 - Victim node is 2444.
2024-01-26 15:17:31,350 - tensor([ 306, 1358, 1914], device='cuda:0')
2024-01-26 15:17:31,351 - Classification Succeeds.
2024-01-26 15:17:31,351 - Link Generation Fails.
2024-01-26 15:17:32,255 - Victim node is 630.
2024-01-26 15:17:32,256 - tensor([ 118, 1914, 2725], device='cuda:0')
2024-01-26 15:17:32,256 - Classification Fails.
2024-01-26 15:17:32,256 - Link Generation Succeeds.
2024-01-26 15:17:33,144 - Victim node is 649.
2024-01-26 15:17:33,144 - tensor([ 963, 1050, 2238], device='cuda:0')
2024-01-26 15:17:33,146 - Classification Fails.
2024-01-26 15:17:33,146 - Link Generation Fails.
2024-01-26 15:17:34,035 - Victim node is 1046.
2024-01-26 15:17:34,035 - tensor([ 963, 1162, 1692], device='cuda:0')
2024-01-26 15:17:34,035 - Classification Succeeds.
2024-01-26 15:17:34,036 - Link Generation Fails.
2024-01-26 15:17:34,940 - Victim node is 1292.
2024-01-26 15:17:34,940 - tensor([2759, 2774, 2857], device='cuda:0')
2024-01-26 15:17:34,940 - Classification Fails.
2024-01-26 15:17:34,941 - Link Generation Succeeds.
2024-01-26 15:17:35,868 - Victim node is 185.
2024-01-26 15:17:35,868 - tensor([1701, 1986, 2034], device='cuda:0')
2024-01-26 15:17:35,868 - Classification Succeeds.
2024-01-26 15:17:35,869 - Link Generation Fails.
2024-01-26 15:17:36,761 - Victim node is 2508.
2024-01-26 15:17:36,761 - tensor([ 306, 1986, 2034], device='cuda:0')
2024-01-26 15:17:36,761 - Classification Succeeds.
2024-01-26 15:17:36,762 - Link Generation Fails.
2024-01-26 15:17:37,671 - Victim node is 2382.
2024-01-26 15:17:37,671 - tensor([ 963, 1257, 2248], device='cuda:0')
2024-01-26 15:17:37,671 - Classification Succeeds.
2024-01-26 15:17:37,671 - Link Generation Fails.
2024-01-26 15:17:38,557 - Victim node is 1527.
2024-01-26 15:17:38,557 - tensor([ 306, 1358, 1986], device='cuda:0')
2024-01-26 15:17:38,557 - Classification Fails.
2024-01-26 15:17:38,557 - Link Generation Fails.
2024-01-26 15:17:39,447 - Victim node is 791.
2024-01-26 15:17:39,447 - tensor([1119, 2728, 2741], device='cuda:0')
2024-01-26 15:17:39,447 - Classification Fails.
2024-01-26 15:17:39,447 - Link Generation Succeeds.
2024-01-26 15:17:40,338 - Victim node is 1268.
2024-01-26 15:17:40,338 - tensor([ 306, 1701, 1986], device='cuda:0')
2024-01-26 15:17:40,339 - Classification Fails.
2024-01-26 15:17:40,339 - Link Generation Fails.
2024-01-26 15:17:41,244 - Victim node is 533.
2024-01-26 15:17:41,244 - tensor([1169, 1358, 1914], device='cuda:0')
2024-01-26 15:17:41,244 - Classification Succeeds.
2024-01-26 15:17:41,245 - Link Generation Fails.
2024-01-26 15:17:42,132 - Victim node is 1275.
2024-01-26 15:17:42,132 - tensor([ 306, 1358, 1701], device='cuda:0')
2024-01-26 15:17:42,132 - Classification Fails.
2024-01-26 15:17:42,132 - Link Generation Fails.
2024-01-26 15:17:43,025 - Victim node is 1498.
2024-01-26 15:17:43,025 - tensor([  12, 1318, 2662], device='cuda:0')
2024-01-26 15:17:43,025 - Classification Fails.
2024-01-26 15:17:43,025 - Link Generation Fails.
2024-01-26 15:17:43,919 - Victim node is 385.
2024-01-26 15:17:43,919 - tensor([  12,  735, 2464], device='cuda:0')
2024-01-26 15:17:43,920 - Classification Succeeds.
2024-01-26 15:17:43,920 - Link Generation Fails.
2024-01-26 15:17:44,820 - Victim node is 1029.
2024-01-26 15:17:44,820 - tensor([ 598, 1701, 1986], device='cuda:0')
2024-01-26 15:17:44,821 - Classification Fails.
2024-01-26 15:17:44,821 - Link Generation Fails.
2024-01-26 15:17:45,722 - Victim node is 1610.
2024-01-26 15:17:45,722 - tensor([ 306, 1013, 1358], device='cuda:0')
2024-01-26 15:17:45,723 - Classification Fails.
2024-01-26 15:17:45,723 - Link Generation Fails.
2024-01-26 15:17:46,644 - Victim node is 853.
2024-01-26 15:17:46,644 - tensor([ 306, 2719, 2857], device='cuda:0')
2024-01-26 15:17:46,645 - Classification Succeeds.
2024-01-26 15:17:46,645 - Link Generation Succeeds.
2024-01-26 15:17:47,548 - Victim node is 1685.
2024-01-26 15:17:47,548 - tensor([ 306, 1358, 1623], device='cuda:0')
2024-01-26 15:17:47,548 - Classification Succeeds.
2024-01-26 15:17:47,548 - Link Generation Fails.
2024-01-26 15:17:48,437 - Victim node is 309.
2024-01-26 15:17:48,437 - tensor([1701, 1986, 2034], device='cuda:0')
2024-01-26 15:17:48,437 - Classification Succeeds.
2024-01-26 15:17:48,437 - Link Generation Fails.
2024-01-26 15:17:49,328 - Victim node is 2175.
2024-01-26 15:17:49,328 - tensor([1542, 1701, 1986], device='cuda:0')
2024-01-26 15:17:49,328 - Classification Fails.
2024-01-26 15:17:49,328 - Link Generation Fails.
2024-01-26 15:17:50,285 - Victim node is 59.
2024-01-26 15:17:50,285 - tensor([ 306, 1701, 1986], device='cuda:0')
2024-01-26 15:17:50,285 - Classification Succeeds.
2024-01-26 15:17:50,285 - Link Generation Fails.
2024-01-26 15:17:51,221 - Victim node is 1823.
2024-01-26 15:17:51,221 - tensor([ 700, 1691, 1701], device='cuda:0')
2024-01-26 15:17:51,221 - Classification Succeeds.
2024-01-26 15:17:51,221 - Link Generation Fails.
2024-01-26 15:17:52,146 - Victim node is 2004.
2024-01-26 15:17:52,146 - tensor([ 306, 1358, 1701], device='cuda:0')
2024-01-26 15:17:52,146 - Classification Succeeds.
2024-01-26 15:17:52,146 - Link Generation Fails.
2024-01-26 15:17:53,198 - Victim node is 1317.
2024-01-26 15:17:53,198 - tensor([ 306, 1358, 1701], device='cuda:0')
2024-01-26 15:17:53,198 - Classification Succeeds.
2024-01-26 15:17:53,198 - Link Generation Fails.
2024-01-26 15:17:54,123 - Victim node is 1169.
2024-01-26 15:17:54,123 - tensor([ 306, 1483, 1765], device='cuda:0')
2024-01-26 15:17:54,123 - Classification Succeeds.
2024-01-26 15:17:54,123 - Link Generation Fails.
2024-01-26 15:17:55,056 - Victim node is 1919.
2024-01-26 15:17:55,056 - tensor([ 306, 1358, 1623], device='cuda:0')
2024-01-26 15:17:55,056 - Classification Succeeds.
2024-01-26 15:17:55,056 - Link Generation Fails.
2024-01-26 15:17:55,948 - Victim node is 2682.
2024-01-26 15:17:55,949 - tensor([ 492, 1257, 2711], device='cuda:0')
2024-01-26 15:17:55,949 - Classification Succeeds.
2024-01-26 15:17:55,949 - Link Generation Succeeds.
2024-01-26 15:17:56,859 - Victim node is 1933.
2024-01-26 15:17:56,859 - tensor([1358, 1701, 1986], device='cuda:0')
2024-01-26 15:17:56,859 - Classification Succeeds.
2024-01-26 15:17:56,859 - Link Generation Fails.
2024-01-26 15:17:57,734 - Victim node is 643.
2024-01-26 15:17:57,734 - tensor([1358, 1914, 2719], device='cuda:0')
2024-01-26 15:17:57,735 - Classification Succeeds.
2024-01-26 15:17:57,735 - Link Generation Succeeds.
2024-01-26 15:17:58,593 - Victim node is 201.
2024-01-26 15:17:58,594 - tensor([ 306, 1358, 1623], device='cuda:0')
2024-01-26 15:17:58,594 - Classification Succeeds.
2024-01-26 15:17:58,594 - Link Generation Fails.
2024-01-26 15:17:59,452 - Victim node is 1161.
2024-01-26 15:17:59,452 - tensor([1013, 1169, 1358], device='cuda:0')
2024-01-26 15:17:59,453 - Classification Succeeds.
2024-01-26 15:17:59,453 - Link Generation Fails.
2024-01-26 15:18:00,329 - Victim node is 2323.
2024-01-26 15:18:00,329 - tensor([1903, 1955, 2714], device='cuda:0')
2024-01-26 15:18:00,329 - Classification Fails.
2024-01-26 15:18:00,329 - Link Generation Succeeds.
2024-01-26 15:18:01,214 - Victim node is 254.
2024-01-26 15:18:01,214 - tensor([1701, 1810, 1986], device='cuda:0')
2024-01-26 15:18:01,214 - Classification Succeeds.
2024-01-26 15:18:01,214 - Link Generation Fails.
2024-01-26 15:18:02,084 - Victim node is 816.
2024-01-26 15:18:02,084 - tensor([ 306, 1013, 1358], device='cuda:0')
2024-01-26 15:18:02,084 - Classification Succeeds.
2024-01-26 15:18:02,085 - Link Generation Fails.
2024-01-26 15:18:02,971 - Victim node is 2150.
2024-01-26 15:18:02,971 - tensor([  12, 1257, 2671], device='cuda:0')
2024-01-26 15:18:02,972 - Classification Fails.
2024-01-26 15:18:02,972 - Link Generation Fails.
2024-01-26 15:18:03,847 - Victim node is 420.
2024-01-26 15:18:03,847 - tensor([1701, 1986, 2034], device='cuda:0')
2024-01-26 15:18:03,848 - Classification Succeeds.
2024-01-26 15:18:03,848 - Link Generation Fails.
2024-01-26 15:18:04,760 - Victim node is 632.
2024-01-26 15:18:04,760 - tensor([1169, 1358, 1725], device='cuda:0')
2024-01-26 15:18:04,760 - Classification Succeeds.
2024-01-26 15:18:04,761 - Link Generation Fails.
2024-01-26 15:18:05,645 - Victim node is 302.
2024-01-26 15:18:05,645 - tensor([1358, 1483, 1623], device='cuda:0')
2024-01-26 15:18:05,645 - Classification Succeeds.
2024-01-26 15:18:05,645 - Link Generation Fails.
2024-01-26 15:18:06,502 - Victim node is 2331.
2024-01-26 15:18:06,502 - tensor([ 306, 1358, 1701], device='cuda:0')
2024-01-26 15:18:06,502 - Classification Succeeds.
2024-01-26 15:18:06,502 - Link Generation Fails.
2024-01-26 15:18:07,367 - Victim node is 2203.
2024-01-26 15:18:07,367 - tensor([ 306, 1358, 1623], device='cuda:0')
2024-01-26 15:18:07,367 - Classification Succeeds.
2024-01-26 15:18:07,367 - Link Generation Fails.
2024-01-26 15:18:08,232 - Victim node is 1934.
2024-01-26 15:18:08,232 - tensor([1701, 1986, 2034], device='cuda:0')
2024-01-26 15:18:08,232 - Classification Succeeds.
2024-01-26 15:18:08,232 - Link Generation Fails.
2024-01-26 15:18:09,096 - Victim node is 2662.
2024-01-26 15:18:09,096 - tensor([1257, 1955, 2248], device='cuda:0')
2024-01-26 15:18:09,096 - Classification Succeeds.
2024-01-26 15:18:09,096 - Link Generation Fails.
2024-01-26 15:18:09,963 - Victim node is 360.
2024-01-26 15:18:09,963 - tensor([ 735, 1169, 1358], device='cuda:0')
2024-01-26 15:18:09,963 - Classification Fails.
2024-01-26 15:18:09,963 - Link Generation Fails.
2024-01-26 15:18:10,831 - Victim node is 145.
2024-01-26 15:18:10,831 - tensor([1257, 2464, 2709], device='cuda:0')
2024-01-26 15:18:10,832 - Classification Succeeds.
2024-01-26 15:18:10,832 - Link Generation Succeeds.
2024-01-26 15:18:11,701 - Victim node is 694.
2024-01-26 15:18:11,702 - tensor([ 119, 2710, 2714], device='cuda:0')
2024-01-26 15:18:11,702 - Classification Succeeds.
2024-01-26 15:18:11,702 - Link Generation Succeeds.
2024-01-26 15:18:12,571 - Victim node is 513.
2024-01-26 15:18:12,571 - tensor([ 306, 1358, 2718], device='cuda:0')
2024-01-26 15:18:12,572 - Classification Succeeds.
2024-01-26 15:18:12,572 - Link Generation Succeeds.
2024-01-26 15:18:13,484 - Victim node is 306.
2024-01-26 15:18:13,484 - tensor([1358, 1623, 1701], device='cuda:0')
2024-01-26 15:18:13,485 - Classification Succeeds.
2024-01-26 15:18:13,485 - Link Generation Fails.
2024-01-26 15:18:14,414 - Victim node is 2436.
2024-01-26 15:18:14,414 - tensor([1013, 1358, 1914], device='cuda:0')
2024-01-26 15:18:14,414 - Classification Fails.
2024-01-26 15:18:14,414 - Link Generation Fails.
2024-01-26 15:18:15,329 - Victim node is 2402.
2024-01-26 15:18:15,329 - tensor([1701, 1810, 1986], device='cuda:0')
2024-01-26 15:18:15,330 - Classification Fails.
2024-01-26 15:18:15,330 - Link Generation Fails.
2024-01-26 15:18:16,273 - Victim node is 1853.
2024-01-26 15:18:16,274 - tensor([ 306, 1358, 1986], device='cuda:0')
2024-01-26 15:18:16,274 - Classification Fails.
2024-01-26 15:18:16,274 - Link Generation Fails.
2024-01-26 15:18:17,181 - Victim node is 1342.
2024-01-26 15:18:17,181 - tensor([1119, 2124, 2126], device='cuda:0')
2024-01-26 15:18:17,181 - Classification Fails.
2024-01-26 15:18:17,182 - Link Generation Fails.
2024-01-26 15:18:18,096 - Victim node is 1064.
2024-01-26 15:18:18,096 - tensor([1692, 2034, 2130], device='cuda:0')
2024-01-26 15:18:18,097 - Classification Succeeds.
2024-01-26 15:18:18,097 - Link Generation Fails.
2024-01-26 15:18:19,034 - Victim node is 1151.
2024-01-26 15:18:19,034 - tensor([   7, 2709, 2712], device='cuda:0')
2024-01-26 15:18:19,034 - Classification Succeeds.
2024-01-26 15:18:19,034 - Link Generation Succeeds.
2024-01-26 15:18:19,991 - Victim node is 1174.
2024-01-26 15:18:19,991 - tensor([ 306, 1358, 1986], device='cuda:0')
2024-01-26 15:18:19,992 - Classification Succeeds.
2024-01-26 15:18:19,992 - Link Generation Fails.
2024-01-26 15:18:20,897 - Victim node is 2017.
2024-01-26 15:18:20,898 - tensor([ 306, 1358, 1701], device='cuda:0')
2024-01-26 15:18:20,898 - Classification Succeeds.
2024-01-26 15:18:20,898 - Link Generation Fails.
2024-01-26 15:18:21,813 - Victim node is 2556.
2024-01-26 15:18:21,813 - tensor([ 306, 1358, 1623], device='cuda:0')
2024-01-26 15:18:21,814 - Classification Fails.
2024-01-26 15:18:21,814 - Link Generation Fails.
2024-01-26 15:18:22,736 - Victim node is 1575.
2024-01-26 15:18:22,736 - tensor([ 963, 1257, 2708], device='cuda:0')
2024-01-26 15:18:22,736 - Classification Fails.
2024-01-26 15:18:22,736 - Link Generation Succeeds.
2024-01-26 15:18:23,675 - Victim node is 596.
2024-01-26 15:18:23,675 - tensor([ 306, 1358, 1623], device='cuda:0')
2024-01-26 15:18:23,675 - Classification Succeeds.
2024-01-26 15:18:23,675 - Link Generation Fails.
2024-01-26 15:18:24,648 - Victim node is 345.
2024-01-26 15:18:24,648 - tensor([ 733, 1692, 2034], device='cuda:0')
2024-01-26 15:18:24,649 - Classification Fails.
2024-01-26 15:18:24,649 - Link Generation Fails.
2024-01-26 15:18:25,570 - Victim node is 2430.
2024-01-26 15:18:25,570 - tensor([1701, 1986, 2034], device='cuda:0')
2024-01-26 15:18:25,570 - Classification Succeeds.
2024-01-26 15:18:25,570 - Link Generation Fails.
2024-01-26 15:18:26,493 - Victim node is 1614.
2024-01-26 15:18:26,493 - tensor([ 733, 1701, 1986], device='cuda:0')
2024-01-26 15:18:26,495 - Classification Succeeds.
2024-01-26 15:18:26,495 - Link Generation Fails.
2024-01-26 15:18:27,412 - Victim node is 2546.
2024-01-26 15:18:27,412 - tensor([2708, 2716, 2717], device='cuda:0')
2024-01-26 15:18:27,412 - Classification Succeeds.
2024-01-26 15:18:27,412 - Link Generation Succeeds.
2024-01-26 15:18:28,314 - Victim node is 282.
2024-01-26 15:18:28,314 - tensor([ 119,  904, 1959], device='cuda:0')
2024-01-26 15:18:28,315 - Classification Succeeds.
2024-01-26 15:18:28,315 - Link Generation Fails.
2024-01-26 15:18:29,260 - Victim node is 554.
2024-01-26 15:18:29,260 - tensor([1358, 1701, 1986], device='cuda:0')
2024-01-26 15:18:29,261 - Classification Fails.
2024-01-26 15:18:29,261 - Link Generation Fails.
2024-01-26 15:18:30,171 - Victim node is 1474.
2024-01-26 15:18:30,172 - tensor([ 306, 1623, 1986], device='cuda:0')
2024-01-26 15:18:30,172 - Classification Succeeds.
2024-01-26 15:18:30,172 - Link Generation Fails.
2024-01-26 15:18:31,041 - Victim node is 1363.
2024-01-26 15:18:31,042 - tensor([ 306, 1358, 1701], device='cuda:0')
2024-01-26 15:18:31,042 - Classification Succeeds.
2024-01-26 15:18:31,042 - Link Generation Fails.
2024-01-26 15:18:31,929 - Victim node is 1812.
2024-01-26 15:18:31,929 - tensor([ 306, 1358, 1701], device='cuda:0')
2024-01-26 15:18:31,931 - Classification Succeeds.
2024-01-26 15:18:31,931 - Link Generation Fails.
2024-01-26 15:18:32,856 - Victim node is 1966.
2024-01-26 15:18:32,856 - tensor([ 963, 1257, 1955], device='cuda:0')
2024-01-26 15:18:32,856 - Classification Succeeds.
2024-01-26 15:18:32,857 - Link Generation Fails.
2024-01-26 15:18:33,761 - Victim node is 1517.
2024-01-26 15:18:33,762 - tensor([ 306, 1358, 1986], device='cuda:0')
2024-01-26 15:18:33,762 - Classification Fails.
2024-01-26 15:18:33,762 - Link Generation Fails.
2024-01-26 15:18:34,716 - Victim node is 1411.
2024-01-26 15:18:34,716 - tensor([ 306, 1013, 1358], device='cuda:0')
2024-01-26 15:18:34,716 - Classification Fails.
2024-01-26 15:18:34,716 - Link Generation Fails.
2024-01-26 15:18:35,655 - Victim node is 1914.
2024-01-26 15:18:35,655 - tensor([ 306, 1358, 1986], device='cuda:0')
2024-01-26 15:18:35,655 - Classification Succeeds.
2024-01-26 15:18:35,655 - Link Generation Fails.
2024-01-26 15:18:36,575 - Victim node is 1041.
2024-01-26 15:18:36,575 - tensor([ 306, 1013, 1623], device='cuda:0')
2024-01-26 15:18:36,576 - Classification Succeeds.
2024-01-26 15:18:36,576 - Link Generation Fails.
2024-01-26 15:18:37,506 - Victim node is 2360.
2024-01-26 15:18:37,506 - tensor([ 306, 1358, 1986], device='cuda:0')
2024-01-26 15:18:37,507 - Classification Fails.
2024-01-26 15:18:37,507 - Link Generation Fails.
2024-01-26 15:18:38,400 - Victim node is 670.
2024-01-26 15:18:38,400 - tensor([ 963, 1257, 2130], device='cuda:0')
2024-01-26 15:18:38,401 - Classification Fails.
2024-01-26 15:18:38,401 - Link Generation Fails.
2024-01-26 15:18:39,317 - Victim node is 2484.
2024-01-26 15:18:39,317 - tensor([1257, 2248, 2671], device='cuda:0')
2024-01-26 15:18:39,317 - Classification Fails.
2024-01-26 15:18:39,317 - Link Generation Fails.
2024-01-26 15:18:40,224 - Victim node is 2375.
2024-01-26 15:18:40,224 - tensor([ 963, 1692, 1903], device='cuda:0')
2024-01-26 15:18:40,224 - Classification Succeeds.
2024-01-26 15:18:40,224 - Link Generation Fails.
2024-01-26 15:18:41,157 - Victim node is 366.
2024-01-26 15:18:41,157 - tensor([ 306, 1542, 1701], device='cuda:0')
2024-01-26 15:18:41,157 - Classification Succeeds.
2024-01-26 15:18:41,157 - Link Generation Fails.
2024-01-26 15:18:42,074 - Victim node is 1797.
2024-01-26 15:18:42,074 - tensor([1358, 1701, 1986], device='cuda:0')
2024-01-26 15:18:42,074 - Classification Succeeds.
2024-01-26 15:18:42,075 - Link Generation Fails.
2024-01-26 15:18:43,021 - Victim node is 735.
2024-01-26 15:18:43,021 - tensor([2720, 2721, 2723], device='cuda:0')
2024-01-26 15:18:43,021 - Classification Succeeds.
2024-01-26 15:18:43,021 - Link Generation Succeeds.
2024-01-26 15:18:43,974 - Victim node is 1302.
2024-01-26 15:18:43,974 - tensor([ 733, 1701, 1986], device='cuda:0')
2024-01-26 15:18:43,974 - Classification Fails.
2024-01-26 15:18:43,974 - Link Generation Fails.
2024-01-26 15:18:44,925 - Victim node is 2544.
2024-01-26 15:18:44,925 - tensor([ 306, 1701, 1986], device='cuda:0')
2024-01-26 15:18:44,927 - Classification Succeeds.
2024-01-26 15:18:44,927 - Link Generation Fails.
2024-01-26 15:18:45,841 - Victim node is 1624.
2024-01-26 15:18:45,842 - tensor([ 306, 1358, 1701], device='cuda:0')
2024-01-26 15:18:45,842 - Classification Succeeds.
2024-01-26 15:18:45,842 - Link Generation Fails.
2024-01-26 15:18:46,789 - Victim node is 2645.
2024-01-26 15:18:46,789 - tensor([ 963, 1257, 1692], device='cuda:0')
2024-01-26 15:18:46,789 - Classification Succeeds.
2024-01-26 15:18:46,789 - Link Generation Fails.
2024-01-26 15:18:47,721 - Victim node is 2084.
2024-01-26 15:18:47,721 - tensor([1358, 1701, 1986], device='cuda:0')
2024-01-26 15:18:47,721 - Classification Fails.
2024-01-26 15:18:47,721 - Link Generation Fails.
2024-01-26 15:18:48,652 - Victim node is 715.
2024-01-26 15:18:48,653 - tensor([ 963, 1050, 1692], device='cuda:0')
2024-01-26 15:18:48,653 - Classification Succeeds.
2024-01-26 15:18:48,653 - Link Generation Fails.
2024-01-26 15:18:49,622 - Victim node is 73.
2024-01-26 15:18:49,622 - tensor([ 306, 1701, 1986], device='cuda:0')
2024-01-26 15:18:49,623 - Classification Succeeds.
2024-01-26 15:18:49,623 - Link Generation Fails.
2024-01-26 15:18:50,588 - Victim node is 2191.
2024-01-26 15:18:50,589 - tensor([ 963, 2130, 2238], device='cuda:0')
2024-01-26 15:18:50,589 - Classification Fails.
2024-01-26 15:18:50,589 - Link Generation Fails.
2024-01-26 15:18:51,562 - Victim node is 1219.
2024-01-26 15:18:51,562 - tensor([1013, 1810, 2034], device='cuda:0')
2024-01-26 15:18:51,562 - Classification Fails.
2024-01-26 15:18:51,562 - Link Generation Fails.
2024-01-26 15:18:52,523 - Victim node is 1660.
2024-01-26 15:18:52,523 - tensor([ 306, 1358, 1986], device='cuda:0')
2024-01-26 15:18:52,523 - Classification Fails.
2024-01-26 15:18:52,523 - Link Generation Fails.
2024-01-26 15:18:53,456 - Victim node is 1267.
2024-01-26 15:18:53,456 - tensor([ 963, 1257, 1955], device='cuda:0')
2024-01-26 15:18:53,456 - Classification Succeeds.
2024-01-26 15:18:53,456 - Link Generation Fails.
2024-01-26 15:18:54,343 - Victim node is 2359.
2024-01-26 15:18:54,343 - tensor([ 306, 1358, 1914], device='cuda:0')
2024-01-26 15:18:54,343 - Classification Fails.
2024-01-26 15:18:54,343 - Link Generation Fails.
2024-01-26 15:18:55,248 - Victim node is 1958.
2024-01-26 15:18:55,248 - tensor([ 119, 1955, 2714], device='cuda:0')
2024-01-26 15:18:55,248 - Classification Succeeds.
2024-01-26 15:18:55,248 - Link Generation Succeeds.
2024-01-26 15:18:56,186 - Victim node is 2258.
2024-01-26 15:18:56,186 - tensor([1257, 2709, 2710], device='cuda:0')
2024-01-26 15:18:56,186 - Classification Fails.
2024-01-26 15:18:56,186 - Link Generation Succeeds.
2024-01-26 15:18:57,095 - Victim node is 2489.
2024-01-26 15:18:57,095 - tensor([1692, 2001, 2034], device='cuda:0')
2024-01-26 15:18:57,095 - Classification Fails.
2024-01-26 15:18:57,095 - Link Generation Fails.
2024-01-26 15:18:58,047 - Victim node is 2006.
2024-01-26 15:18:58,047 - tensor([1701, 1810, 2034], device='cuda:0')
2024-01-26 15:18:58,047 - Classification Succeeds.
2024-01-26 15:18:58,047 - Link Generation Fails.
2024-01-26 15:18:58,983 - Victim node is 1597.
2024-01-26 15:18:58,983 - tensor([ 739, 1257, 2464], device='cuda:0')
2024-01-26 15:18:58,983 - Classification Fails.
2024-01-26 15:18:58,983 - Link Generation Fails.
2024-01-26 15:18:59,944 - Victim node is 211.
2024-01-26 15:18:59,944 - tensor([ 306, 1013, 1358], device='cuda:0')
2024-01-26 15:18:59,944 - Classification Fails.
2024-01-26 15:18:59,944 - Link Generation Fails.
2024-01-26 15:19:00,930 - Victim node is 922.
2024-01-26 15:19:00,930 - tensor([1257, 1955, 2671], device='cuda:0')
2024-01-26 15:19:00,930 - Classification Succeeds.
2024-01-26 15:19:00,930 - Link Generation Fails.
2024-01-26 15:19:01,921 - Victim node is 1558.
2024-01-26 15:19:01,921 - tensor([ 306, 1701, 2034], device='cuda:0')
2024-01-26 15:19:01,922 - Classification Succeeds.
2024-01-26 15:19:01,922 - Link Generation Fails.
2024-01-26 15:19:02,896 - Victim node is 1305.
2024-01-26 15:19:02,896 - tensor([ 306, 1623, 1986], device='cuda:0')
2024-01-26 15:19:02,897 - Classification Succeeds.
2024-01-26 15:19:02,897 - Link Generation Fails.
2024-01-26 15:19:03,854 - Victim node is 710.
2024-01-26 15:19:03,854 - tensor([1701, 1986, 2034], device='cuda:0')
2024-01-26 15:19:03,854 - Classification Succeeds.
2024-01-26 15:19:03,854 - Link Generation Fails.
2024-01-26 15:19:04,816 - Victim node is 493.
2024-01-26 15:19:04,816 - tensor([ 306, 1013, 1358], device='cuda:0')
2024-01-26 15:19:04,816 - Classification Fails.
2024-01-26 15:19:04,816 - Link Generation Fails.
2024-01-26 15:19:05,786 - Victim node is 2588.
2024-01-26 15:19:05,786 - tensor([1701, 1986, 2034], device='cuda:0')
2024-01-26 15:19:05,786 - Classification Succeeds.
2024-01-26 15:19:05,786 - Link Generation Fails.
2024-01-26 15:19:06,708 - Victim node is 2131.
2024-01-26 15:19:06,708 - tensor([ 306, 1701, 1986], device='cuda:0')
2024-01-26 15:19:06,709 - Classification Fails.
2024-01-26 15:19:06,709 - Link Generation Fails.
2024-01-26 15:19:07,628 - Victim node is 15.
2024-01-26 15:19:07,628 - tensor([ 735,  739, 1955], device='cuda:0')
2024-01-26 15:19:07,628 - Classification Succeeds.
2024-01-26 15:19:07,628 - Link Generation Fails.
2024-01-26 15:19:08,529 - Victim node is 2101.
2024-01-26 15:19:08,529 - tensor([ 306, 1013, 1986], device='cuda:0')
2024-01-26 15:19:08,529 - Classification Fails.
2024-01-26 15:19:08,529 - Link Generation Fails.
2024-01-26 15:19:09,446 - Victim node is 1289.
2024-01-26 15:19:09,446 - tensor([ 306, 1701, 1986], device='cuda:0')
2024-01-26 15:19:09,446 - Classification Fails.
2024-01-26 15:19:09,446 - Link Generation Fails.
2024-01-26 15:19:10,399 - Victim node is 2414.
2024-01-26 15:19:10,399 - tensor([1119, 2124, 2126], device='cuda:0')
2024-01-26 15:19:10,399 - Classification Succeeds.
2024-01-26 15:19:10,399 - Link Generation Fails.
2024-01-26 15:19:11,338 - Victim node is 26.
2024-01-26 15:19:11,338 - tensor([  12, 1955, 2464], device='cuda:0')
2024-01-26 15:19:11,338 - Classification Succeeds.
2024-01-26 15:19:11,338 - Link Generation Fails.
2024-01-26 15:19:12,230 - Victim node is 1237.
2024-01-26 15:19:12,230 - tensor([1955, 2717, 2721], device='cuda:0')
2024-01-26 15:19:12,231 - Classification Succeeds.
2024-01-26 15:19:12,231 - Link Generation Succeeds.
2024-01-26 15:19:13,152 - Victim node is 1583.
2024-01-26 15:19:13,152 - tensor([ 306, 1358, 1986], device='cuda:0')
2024-01-26 15:19:13,152 - Classification Fails.
2024-01-26 15:19:13,152 - Link Generation Fails.
2024-01-26 15:19:14,065 - Victim node is 781.
2024-01-26 15:19:14,065 - tensor([1701, 1986, 2034], device='cuda:0')
2024-01-26 15:19:14,065 - Classification Succeeds.
2024-01-26 15:19:14,066 - Link Generation Fails.
2024-01-26 15:19:14,973 - Victim node is 56.
2024-01-26 15:19:14,973 - tensor([ 306, 1358, 1986], device='cuda:0')
2024-01-26 15:19:14,973 - Classification Succeeds.
2024-01-26 15:19:14,973 - Link Generation Fails.
2024-01-26 15:19:15,900 - Victim node is 1356.
2024-01-26 15:19:15,900 - tensor([  12, 1257, 2159], device='cuda:0')
2024-01-26 15:19:15,900 - Classification Fails.
2024-01-26 15:19:15,901 - Link Generation Fails.
2024-01-26 15:19:16,839 - Victim node is 2438.
2024-01-26 15:19:16,839 - tensor([1810, 1986, 2034], device='cuda:0')
2024-01-26 15:19:16,839 - Classification Fails.
2024-01-26 15:19:16,840 - Link Generation Fails.
2024-01-26 15:19:17,789 - Victim node is 1589.
2024-01-26 15:19:17,789 - tensor([ 306, 1358, 1623], device='cuda:0')
2024-01-26 15:19:17,789 - Classification Succeeds.
2024-01-26 15:19:17,789 - Link Generation Fails.
2024-01-26 15:19:18,692 - Victim node is 724.
2024-01-26 15:19:18,692 - tensor([ 306, 1358, 1986], device='cuda:0')
2024-01-26 15:19:18,693 - Classification Fails.
2024-01-26 15:19:18,694 - Link Generation Fails.
2024-01-26 15:19:19,609 - Victim node is 1360.
2024-01-26 15:19:19,609 - tensor([ 963, 1257, 2248], device='cuda:0')
2024-01-26 15:19:19,610 - Classification Succeeds.
2024-01-26 15:19:19,610 - Link Generation Fails.
2024-01-26 15:19:20,562 - Victim node is 1679.
2024-01-26 15:19:20,562 - tensor([ 598, 1701, 1986], device='cuda:0')
2024-01-26 15:19:20,562 - Classification Succeeds.
2024-01-26 15:19:20,563 - Link Generation Fails.
2024-01-26 15:19:21,476 - Victim node is 428.
2024-01-26 15:19:21,476 - tensor([  12, 1318, 1510], device='cuda:0')
2024-01-26 15:19:21,476 - Classification Succeeds.
2024-01-26 15:19:21,476 - Link Generation Fails.
2024-01-26 15:19:22,424 - Victim node is 951.
2024-01-26 15:19:22,424 - tensor([ 306, 1701, 1986], device='cuda:0')
2024-01-26 15:19:22,424 - Classification Succeeds.
2024-01-26 15:19:22,424 - Link Generation Fails.
2024-01-26 15:19:23,355 - Victim node is 2582.
2024-01-26 15:19:23,355 - tensor([1701, 1986, 2034], device='cuda:0')
2024-01-26 15:19:23,355 - Classification Succeeds.
2024-01-26 15:19:23,355 - Link Generation Fails.
2024-01-26 15:19:24,300 - Victim node is 1644.
2024-01-26 15:19:24,300 - tensor([ 306, 1358, 1623], device='cuda:0')
2024-01-26 15:19:24,301 - Classification Succeeds.
2024-01-26 15:19:24,301 - Link Generation Fails.
2024-01-26 15:19:25,238 - Victim node is 763.
2024-01-26 15:19:25,238 - tensor([ 306, 1358, 1623], device='cuda:0')
2024-01-26 15:19:25,238 - Classification Fails.
2024-01-26 15:19:25,238 - Link Generation Fails.
2024-01-26 15:19:26,138 - Victim node is 809.
2024-01-26 15:19:26,138 - tensor([ 306, 1013, 1358], device='cuda:0')
2024-01-26 15:19:26,138 - Classification Fails.
2024-01-26 15:19:26,138 - Link Generation Fails.
2024-01-26 15:19:27,051 - Victim node is 1049.
2024-01-26 15:19:27,051 - tensor([ 733, 2001, 2034], device='cuda:0')
2024-01-26 15:19:27,051 - Classification Succeeds.
2024-01-26 15:19:27,051 - Link Generation Fails.
2024-01-26 15:19:27,971 - Victim node is 1687.
2024-01-26 15:19:27,971 - tensor([1169, 1358, 1483], device='cuda:0')
2024-01-26 15:19:27,971 - Classification Succeeds.
2024-01-26 15:19:27,971 - Link Generation Fails.
2024-01-26 15:19:28,903 - Victim node is 2532.
2024-01-26 15:19:28,903 - tensor([ 306, 1358, 1623], device='cuda:0')
2024-01-26 15:19:28,904 - Classification Succeeds.
2024-01-26 15:19:28,904 - Link Generation Fails.
2024-01-26 15:19:29,864 - Victim node is 2381.
2024-01-26 15:19:29,864 - tensor([1701, 1986, 2034], device='cuda:0')
2024-01-26 15:19:29,864 - Classification Fails.
2024-01-26 15:19:29,864 - Link Generation Fails.
2024-01-26 15:19:30,824 - Victim node is 766.
2024-01-26 15:19:30,824 - tensor([ 306, 1358, 1701], device='cuda:0')
2024-01-26 15:19:30,825 - Classification Fails.
2024-01-26 15:19:30,825 - Link Generation Fails.
2024-01-26 15:19:31,745 - Victim node is 858.
2024-01-26 15:19:31,745 - tensor([ 306, 1701, 1986], device='cuda:0')
2024-01-26 15:19:31,745 - Classification Fails.
2024-01-26 15:19:31,745 - Link Generation Fails.
2024-01-26 15:19:32,674 - Victim node is 588.
2024-01-26 15:19:32,674 - tensor([1257, 1631, 2196], device='cuda:0')
2024-01-26 15:19:32,674 - Classification Succeeds.
2024-01-26 15:19:32,674 - Link Generation Fails.
2024-01-26 15:19:33,617 - Victim node is 2681.
2024-01-26 15:19:33,617 - tensor([ 963, 2238, 2306], device='cuda:0')
2024-01-26 15:19:33,617 - Classification Succeeds.
2024-01-26 15:19:33,617 - Link Generation Fails.
2024-01-26 15:19:34,549 - Victim node is 163.
2024-01-26 15:19:34,549 - tensor([1257, 2248, 2709], device='cuda:0')
2024-01-26 15:19:34,549 - Classification Succeeds.
2024-01-26 15:19:34,549 - Link Generation Succeeds.
2024-01-26 15:19:35,465 - Victim node is 635.
2024-01-26 15:19:35,466 - tensor([1358, 2708, 2710], device='cuda:0')
2024-01-26 15:19:35,466 - Classification Fails.
2024-01-26 15:19:35,466 - Link Generation Succeeds.
2024-01-26 15:19:36,423 - Victim node is 1719.
2024-01-26 15:19:36,423 - tensor([ 306, 1623, 1986], device='cuda:0')
2024-01-26 15:19:36,423 - Classification Succeeds.
2024-01-26 15:19:36,423 - Link Generation Fails.
2024-01-26 15:19:37,333 - Victim node is 180.
2024-01-26 15:19:37,333 - tensor([ 306, 1358, 1986], device='cuda:0')
2024-01-26 15:19:37,333 - Classification Succeeds.
2024-01-26 15:19:37,334 - Link Generation Fails.
2024-01-26 15:19:38,259 - Victim node is 1055.
2024-01-26 15:19:38,259 - tensor([ 306, 1358, 1986], device='cuda:0')
2024-01-26 15:19:38,259 - Classification Fails.
2024-01-26 15:19:38,259 - Link Generation Fails.
2024-01-26 15:19:39,216 - Victim node is 1977.
2024-01-26 15:19:39,216 - tensor([ 306, 1013, 1358], device='cuda:0')
2024-01-26 15:19:39,217 - Classification Fails.
2024-01-26 15:19:39,217 - Link Generation Fails.
2024-01-26 15:19:40,190 - Victim node is 2077.
2024-01-26 15:19:40,191 - tensor([1542, 1701, 1986], device='cuda:0')
2024-01-26 15:19:40,191 - Classification Succeeds.
2024-01-26 15:19:40,191 - Link Generation Fails.
2024-01-26 15:19:41,145 - Victim node is 2216.
2024-01-26 15:19:41,145 - tensor([1119, 1701, 1986], device='cuda:0')
2024-01-26 15:19:41,146 - Classification Succeeds.
2024-01-26 15:19:41,146 - Link Generation Fails.
2024-01-26 15:19:42,078 - Victim node is 1376.
2024-01-26 15:19:42,078 - tensor([ 306, 1358, 1701], device='cuda:0')
2024-01-26 15:19:42,078 - Classification Succeeds.
2024-01-26 15:19:42,078 - Link Generation Fails.
2024-01-26 15:19:42,987 - Victim node is 2319.
2024-01-26 15:19:42,987 - tensor([ 306, 1358, 1986], device='cuda:0')
2024-01-26 15:19:42,987 - Classification Fails.
2024-01-26 15:19:42,987 - Link Generation Fails.
2024-01-26 15:19:43,915 - Victim node is 51.
2024-01-26 15:19:43,915 - tensor([ 733, 1701, 2034], device='cuda:0')
2024-01-26 15:19:43,916 - Classification Succeeds.
2024-01-26 15:19:43,916 - Link Generation Fails.
2024-01-26 15:19:44,833 - Victim node is 144.
2024-01-26 15:19:44,833 - tensor([ 582, 1257, 2464], device='cuda:0')
2024-01-26 15:19:44,833 - Classification Succeeds.
2024-01-26 15:19:44,833 - Link Generation Fails.
2024-01-26 15:19:45,763 - Victim node is 1697.
2024-01-26 15:19:45,763 - tensor([2124, 2741, 2755], device='cuda:0')
2024-01-26 15:19:45,763 - Classification Succeeds.
2024-01-26 15:19:45,764 - Link Generation Succeeds.
2024-01-26 15:19:46,689 - Victim node is 1791.
2024-01-26 15:19:46,689 - tensor([ 306, 1358, 1986], device='cuda:0')
2024-01-26 15:19:46,689 - Classification Fails.
2024-01-26 15:19:46,689 - Link Generation Fails.
2024-01-26 15:19:47,611 - Victim node is 934.
2024-01-26 15:19:47,611 - tensor([ 733,  963, 1692], device='cuda:0')
2024-01-26 15:19:47,611 - Classification Succeeds.
2024-01-26 15:19:47,611 - Link Generation Fails.
2024-01-26 15:19:48,567 - Victim node is 774.
2024-01-26 15:19:48,567 - tensor([1701, 1810, 1986], device='cuda:0')
2024-01-26 15:19:48,567 - Classification Fails.
2024-01-26 15:19:48,568 - Link Generation Fails.
2024-01-26 15:19:49,507 - Victim node is 782.
2024-01-26 15:19:49,507 - tensor([ 963, 1257, 1692], device='cuda:0')
2024-01-26 15:19:49,507 - Classification Succeeds.
2024-01-26 15:19:49,507 - Link Generation Fails.
2024-01-26 15:19:50,492 - Victim node is 1415.
2024-01-26 15:19:50,492 - tensor([1257, 1955, 2248], device='cuda:0')
2024-01-26 15:19:50,492 - Classification Succeeds.
2024-01-26 15:19:50,492 - Link Generation Fails.
2024-01-26 15:19:51,395 - Victim node is 1694.
2024-01-26 15:19:51,395 - tensor([ 306, 1013, 1623], device='cuda:0')
2024-01-26 15:19:51,395 - Classification Fails.
2024-01-26 15:19:51,395 - Link Generation Fails.
2024-01-26 15:19:52,318 - Victim node is 2013.
2024-01-26 15:19:52,318 - tensor([ 306, 1358, 1986], device='cuda:0')
2024-01-26 15:19:52,318 - Classification Fails.
2024-01-26 15:19:52,318 - Link Generation Fails.
2024-01-26 15:19:53,261 - Victim node is 1920.
2024-01-26 15:19:53,261 - tensor([ 306, 1358, 1623], device='cuda:0')
2024-01-26 15:19:53,262 - Classification Fails.
2024-01-26 15:19:53,262 - Link Generation Fails.
2024-01-26 15:19:54,191 - Victim node is 1851.
2024-01-26 15:19:54,191 - tensor([ 306, 1358, 1914], device='cuda:0')
2024-01-26 15:19:54,192 - Classification Succeeds.
2024-01-26 15:19:54,192 - Link Generation Fails.
2024-01-26 15:19:55,113 - Victim node is 568.
2024-01-26 15:19:55,113 - tensor([1701, 1986, 2034], device='cuda:0')
2024-01-26 15:19:55,113 - Classification Succeeds.
2024-01-26 15:19:55,113 - Link Generation Fails.
2024-01-26 15:19:56,043 - Victim node is 486.
2024-01-26 15:19:56,043 - tensor([1701, 1986, 2034], device='cuda:0')
2024-01-26 15:19:56,043 - Classification Succeeds.
2024-01-26 15:19:56,043 - Link Generation Fails.
2024-01-26 15:19:56,963 - Victim node is 2207.
2024-01-26 15:19:56,963 - tensor([ 963, 1050, 1703], device='cuda:0')
2024-01-26 15:19:56,964 - Classification Succeeds.
2024-01-26 15:19:56,964 - Link Generation Fails.
2024-01-26 15:19:57,879 - Victim node is 2658.
2024-01-26 15:19:57,879 - tensor([ 735, 1169, 1358], device='cuda:0')
2024-01-26 15:19:57,879 - Classification Succeeds.
2024-01-26 15:19:57,879 - Link Generation Fails.
2024-01-26 15:19:58,821 - Victim node is 1213.
2024-01-26 15:19:58,821 - tensor([ 444,  515, 2464], device='cuda:0')
2024-01-26 15:19:58,822 - Classification Fails.
2024-01-26 15:19:58,822 - Link Generation Fails.
2024-01-26 15:19:59,744 - Victim node is 2018.
2024-01-26 15:19:59,744 - tensor([ 306, 1358, 1701], device='cuda:0')
2024-01-26 15:19:59,744 - Classification Succeeds.
2024-01-26 15:19:59,744 - Link Generation Fails.
2024-01-26 15:20:00,678 - Victim node is 516.
2024-01-26 15:20:00,678 - tensor([ 739, 2464, 2711], device='cuda:0')
2024-01-26 15:20:00,678 - Classification Succeeds.
2024-01-26 15:20:00,678 - Link Generation Succeeds.
2024-01-26 15:20:01,610 - Victim node is 2271.
2024-01-26 15:20:01,610 - tensor([ 963, 2713, 2731], device='cuda:0')
2024-01-26 15:20:01,611 - Classification Succeeds.
2024-01-26 15:20:01,611 - Link Generation Succeeds.
2024-01-26 15:20:02,536 - Victim node is 1024.
2024-01-26 15:20:02,536 - tensor([1701, 1810, 1986], device='cuda:0')
2024-01-26 15:20:02,538 - Classification Succeeds.
2024-01-26 15:20:02,538 - Link Generation Fails.
2024-01-26 15:20:03,459 - Victim node is 457.
2024-01-26 15:20:03,459 - tensor([1701, 1986, 2034], device='cuda:0')
2024-01-26 15:20:03,460 - Classification Succeeds.
2024-01-26 15:20:03,460 - Link Generation Fails.
2024-01-26 15:20:04,389 - Victim node is 2222.
2024-01-26 15:20:04,389 - tensor([ 963, 1257, 1955], device='cuda:0')
2024-01-26 15:20:04,389 - Classification Succeeds.
2024-01-26 15:20:04,389 - Link Generation Fails.
2024-01-26 15:20:05,323 - Victim node is 788.
2024-01-26 15:20:05,323 - tensor([1810, 2001, 2034], device='cuda:0')
2024-01-26 15:20:05,323 - Classification Fails.
2024-01-26 15:20:05,323 - Link Generation Fails.
2024-01-26 15:20:06,267 - Victim node is 2229.
2024-01-26 15:20:06,267 - tensor([ 306, 1358, 1914], device='cuda:0')
2024-01-26 15:20:06,267 - Classification Fails.
2024-01-26 15:20:06,267 - Link Generation Fails.
2024-01-26 15:20:07,180 - Victim node is 2147.
2024-01-26 15:20:07,181 - tensor([ 698,  963, 1257], device='cuda:0')
2024-01-26 15:20:07,181 - Classification Fails.
2024-01-26 15:20:07,181 - Link Generation Fails.
2024-01-26 15:20:08,091 - Victim node is 1845.
2024-01-26 15:20:08,091 - tensor([ 306, 1358, 1623], device='cuda:0')
2024-01-26 15:20:08,091 - Classification Fails.
2024-01-26 15:20:08,091 - Link Generation Fails.
2024-01-26 15:20:09,023 - Victim node is 1700.
2024-01-26 15:20:09,023 - tensor([2710, 2717, 2727], device='cuda:0')
2024-01-26 15:20:09,023 - Classification Fails.
2024-01-26 15:20:09,023 - Link Generation Succeeds.
2024-01-26 15:20:09,955 - Victim node is 397.
2024-01-26 15:20:09,955 - tensor([ 306, 1358, 1986], device='cuda:0')
2024-01-26 15:20:09,955 - Classification Succeeds.
2024-01-26 15:20:09,955 - Link Generation Fails.
2024-01-26 15:20:10,869 - Victim node is 184.
2024-01-26 15:20:10,870 - tensor([ 306, 1013, 1358], device='cuda:0')
2024-01-26 15:20:10,870 - Classification Fails.
2024-01-26 15:20:10,870 - Link Generation Fails.
2024-01-26 15:20:11,794 - Victim node is 2695.
2024-01-26 15:20:11,794 - tensor([ 963, 1257, 2248], device='cuda:0')
2024-01-26 15:20:11,795 - Classification Succeeds.
2024-01-26 15:20:11,795 - Link Generation Fails.
2024-01-26 15:20:12,707 - Victim node is 79.
2024-01-26 15:20:12,707 - tensor([ 306, 1358, 1914], device='cuda:0')
2024-01-26 15:20:12,708 - Classification Succeeds.
2024-01-26 15:20:12,708 - Link Generation Fails.
2024-01-26 15:20:13,647 - Victim node is 320.
2024-01-26 15:20:13,647 - tensor([ 963, 1692, 2130], device='cuda:0')
2024-01-26 15:20:13,647 - Classification Succeeds.
2024-01-26 15:20:13,648 - Link Generation Fails.
2024-01-26 15:20:14,581 - Victim node is 921.
2024-01-26 15:20:14,581 - tensor([ 306, 1013, 1358], device='cuda:0')
2024-01-26 15:20:14,581 - Classification Succeeds.
2024-01-26 15:20:14,582 - Link Generation Fails.
2024-01-26 15:20:15,511 - Victim node is 2447.
2024-01-26 15:20:15,511 - tensor([1169, 1358, 1725], device='cuda:0')
2024-01-26 15:20:15,511 - Classification Succeeds.
2024-01-26 15:20:15,511 - Link Generation Fails.
2024-01-26 15:20:16,460 - Victim node is 793.
2024-01-26 15:20:16,460 - tensor([1257, 1955, 2718], device='cuda:0')
2024-01-26 15:20:16,460 - Classification Succeeds.
2024-01-26 15:20:16,461 - Link Generation Succeeds.
2024-01-26 15:20:17,373 - Victim node is 317.
2024-01-26 15:20:17,373 - tensor([ 963, 1050, 1692], device='cuda:0')
2024-01-26 15:20:17,373 - Classification Succeeds.
2024-01-26 15:20:17,373 - Link Generation Fails.
2024-01-26 15:20:18,280 - Victim node is 949.
2024-01-26 15:20:18,280 - tensor([1013, 1701, 1986], device='cuda:0')
2024-01-26 15:20:18,280 - Classification Fails.
2024-01-26 15:20:18,280 - Link Generation Fails.
2024-01-26 15:20:19,208 - Victim node is 1918.
2024-01-26 15:20:19,208 - tensor([ 306, 1986, 2719], device='cuda:0')
2024-01-26 15:20:19,208 - Classification Succeeds.
2024-01-26 15:20:19,208 - Link Generation Succeeds.
2024-01-26 15:20:20,150 - Victim node is 797.
2024-01-26 15:20:20,150 - tensor([ 306, 1701, 1986], device='cuda:0')
2024-01-26 15:20:20,151 - Classification Succeeds.
2024-01-26 15:20:20,151 - Link Generation Fails.
2024-01-26 15:20:21,073 - Victim node is 2609.
2024-01-26 15:20:21,074 - tensor([ 733, 1810, 2034], device='cuda:0')
2024-01-26 15:20:21,074 - Classification Succeeds.
2024-01-26 15:20:21,074 - Link Generation Fails.
2024-01-26 15:20:21,986 - Victim node is 2351.
2024-01-26 15:20:21,986 - tensor([ 306, 1358, 1701], device='cuda:0')
2024-01-26 15:20:21,986 - Classification Fails.
2024-01-26 15:20:21,987 - Link Generation Fails.
2024-01-26 15:20:22,910 - Victim node is 2482.
2024-01-26 15:20:22,910 - tensor([1692, 2709, 2710], device='cuda:0')
2024-01-26 15:20:22,911 - Classification Fails.
2024-01-26 15:20:22,911 - Link Generation Succeeds.
2024-01-26 15:20:23,857 - Victim node is 1876.
2024-01-26 15:20:23,857 - tensor([ 733, 1810, 2034], device='cuda:0')
2024-01-26 15:20:23,857 - Classification Succeeds.
2024-01-26 15:20:23,857 - Link Generation Fails.
2024-01-26 15:20:24,791 - Victim node is 2329.
2024-01-26 15:20:24,791 - tensor([ 306, 1358, 1986], device='cuda:0')
2024-01-26 15:20:24,792 - Classification Succeeds.
2024-01-26 15:20:24,792 - Link Generation Fails.
2024-01-26 15:20:25,693 - Victim node is 1815.
2024-01-26 15:20:25,693 - tensor([ 598, 1701, 1986], device='cuda:0')
2024-01-26 15:20:25,693 - Classification Succeeds.
2024-01-26 15:20:25,693 - Link Generation Fails.
2024-01-26 15:20:26,641 - Victim node is 1680.
2024-01-26 15:20:26,641 - tensor([1701, 1810, 1986], device='cuda:0')
2024-01-26 15:20:26,642 - Classification Fails.
2024-01-26 15:20:26,642 - Link Generation Fails.
2024-01-26 15:20:27,582 - Victim node is 1755.
2024-01-26 15:20:27,582 - tensor([ 306, 1701, 1986], device='cuda:0')
2024-01-26 15:20:27,582 - Classification Succeeds.
2024-01-26 15:20:27,582 - Link Generation Fails.
2024-01-26 15:20:28,515 - Victim node is 1539.
2024-01-26 15:20:28,516 - tensor([ 306, 1013, 1358], device='cuda:0')
2024-01-26 15:20:28,516 - Classification Succeeds.
2024-01-26 15:20:28,516 - Link Generation Fails.
2024-01-26 15:20:29,438 - Victim node is 169.
2024-01-26 15:20:29,439 - tensor([ 598, 1701, 1986], device='cuda:0')
2024-01-26 15:20:29,439 - Classification Succeeds.
2024-01-26 15:20:29,439 - Link Generation Fails.
2024-01-26 15:20:30,360 - Victim node is 579.
2024-01-26 15:20:30,360 - tensor([ 306, 1358, 1986], device='cuda:0')
2024-01-26 15:20:30,361 - Classification Succeeds.
2024-01-26 15:20:30,361 - Link Generation Fails.
2024-01-26 15:20:31,286 - Victim node is 1992.
2024-01-26 15:20:31,286 - tensor([ 739,  963, 1257], device='cuda:0')
2024-01-26 15:20:31,287 - Classification Fails.
2024-01-26 15:20:31,287 - Link Generation Fails.
2024-01-26 15:20:32,221 - Victim node is 425.
2024-01-26 15:20:32,221 - tensor([1169, 1358, 1483], device='cuda:0')
2024-01-26 15:20:32,222 - Classification Succeeds.
2024-01-26 15:20:32,222 - Link Generation Fails.
2024-01-26 15:20:33,156 - Victim node is 2079.
2024-01-26 15:20:33,156 - tensor([ 306, 1358, 1701], device='cuda:0')
2024-01-26 15:20:33,156 - Classification Succeeds.
2024-01-26 15:20:33,156 - Link Generation Fails.
2024-01-26 15:20:34,081 - Victim node is 2706.
2024-01-26 15:20:34,081 - tensor([1701, 1986, 2034], device='cuda:0')
2024-01-26 15:20:34,081 - Classification Succeeds.
2024-01-26 15:20:34,081 - Link Generation Fails.
2024-01-26 15:20:35,017 - Victim node is 2391.
2024-01-26 15:20:35,018 - tensor([ 306, 1358, 1914], device='cuda:0')
2024-01-26 15:20:35,018 - Classification Succeeds.
2024-01-26 15:20:35,018 - Link Generation Fails.
2024-01-26 15:20:35,937 - Victim node is 368.
2024-01-26 15:20:35,937 - tensor([ 963, 1257, 2248], device='cuda:0')
2024-01-26 15:20:35,937 - Classification Succeeds.
2024-01-26 15:20:35,937 - Link Generation Fails.
2024-01-26 15:20:36,851 - Victim node is 1.
2024-01-26 15:20:36,851 - tensor([1701, 1986, 2034], device='cuda:0')
2024-01-26 15:20:36,852 - Classification Succeeds.
2024-01-26 15:20:36,852 - Link Generation Fails.
2024-01-26 15:20:37,790 - Victim node is 1733.
2024-01-26 15:20:37,790 - tensor([ 306, 1483, 1623], device='cuda:0')
2024-01-26 15:20:37,791 - Classification Fails.
2024-01-26 15:20:37,791 - Link Generation Fails.
2024-01-26 15:20:38,705 - Victim node is 662.
2024-01-26 15:20:38,705 - tensor([ 735,  739, 2708], device='cuda:0')
2024-01-26 15:20:38,706 - Classification Fails.
2024-01-26 15:20:38,706 - Link Generation Succeeds.
2024-01-26 15:20:39,617 - Victim node is 1766.
2024-01-26 15:20:39,617 - tensor([ 306, 1701, 1986], device='cuda:0')
2024-01-26 15:20:39,618 - Classification Succeeds.
2024-01-26 15:20:39,618 - Link Generation Fails.
2024-01-26 15:20:40,533 - Victim node is 1373.
2024-01-26 15:20:40,533 - tensor([1169, 1317, 1358], device='cuda:0')
2024-01-26 15:20:40,533 - Classification Succeeds.
2024-01-26 15:20:40,533 - Link Generation Fails.
2024-01-26 15:20:41,463 - Victim node is 2501.
2024-01-26 15:20:41,463 - tensor([ 963, 1692, 2709], device='cuda:0')
2024-01-26 15:20:41,464 - Classification Succeeds.
2024-01-26 15:20:41,464 - Link Generation Succeeds.
2024-01-26 15:20:42,382 - Victim node is 13.
2024-01-26 15:20:42,382 - tensor([ 306, 1358, 1986], device='cuda:0')
2024-01-26 15:20:42,382 - Classification Succeeds.
2024-01-26 15:20:42,382 - Link Generation Fails.
2024-01-26 15:20:43,329 - Victim node is 925.
2024-01-26 15:20:43,329 - tensor([ 735,  739, 1955], device='cuda:0')
2024-01-26 15:20:43,329 - Classification Succeeds.
2024-01-26 15:20:43,329 - Link Generation Fails.
2024-01-26 15:20:44,294 - Victim node is 67.
2024-01-26 15:20:44,294 - tensor([2464, 2709, 2714], device='cuda:0')
2024-01-26 15:20:44,294 - Classification Succeeds.
2024-01-26 15:20:44,295 - Link Generation Succeeds.
2024-01-26 15:20:45,226 - Victim node is 1887.
2024-01-26 15:20:45,226 - tensor([ 306, 1358, 1986], device='cuda:0')
2024-01-26 15:20:45,226 - Classification Succeeds.
2024-01-26 15:20:45,226 - Link Generation Fails.
2024-01-26 15:20:46,159 - Victim node is 933.
2024-01-26 15:20:46,159 - tensor([1169, 1358, 1483], device='cuda:0')
2024-01-26 15:20:46,159 - Classification Succeeds.
2024-01-26 15:20:46,159 - Link Generation Fails.
2024-01-26 15:20:47,090 - Victim node is 1952.
2024-01-26 15:20:47,090 - tensor([ 963, 1257, 2238], device='cuda:0')
2024-01-26 15:20:47,090 - Classification Fails.
2024-01-26 15:20:47,090 - Link Generation Fails.
2024-01-26 15:20:48,083 - Victim node is 2268.
2024-01-26 15:20:48,083 - tensor([1701, 1986, 2034], device='cuda:0')
2024-01-26 15:20:48,083 - Classification Fails.
2024-01-26 15:20:48,083 - Link Generation Fails.
2024-01-26 15:20:49,002 - Victim node is 666.
2024-01-26 15:20:49,003 - tensor([ 306, 1169, 1358], device='cuda:0')
2024-01-26 15:20:49,003 - Classification Fails.
2024-01-26 15:20:49,003 - Link Generation Fails.
2024-01-26 15:20:49,903 - Victim node is 669.
2024-01-26 15:20:49,903 - tensor([1119, 2238, 2248], device='cuda:0')
2024-01-26 15:20:49,903 - Classification Fails.
2024-01-26 15:20:49,904 - Link Generation Fails.
2024-01-26 15:20:50,785 - Victim node is 1385.
2024-01-26 15:20:50,786 - tensor([ 422, 1257, 2539], device='cuda:0')
2024-01-26 15:20:50,786 - Classification Succeeds.
2024-01-26 15:20:50,786 - Link Generation Fails.
2024-01-26 15:20:51,669 - Victim node is 1638.
2024-01-26 15:20:51,669 - tensor([ 306, 1358, 1986], device='cuda:0')
2024-01-26 15:20:51,670 - Classification Succeeds.
2024-01-26 15:20:51,670 - Link Generation Fails.
2024-01-26 15:20:52,530 - Victim node is 1362.
2024-01-26 15:20:52,530 - tensor([ 306, 1701, 1986], device='cuda:0')
2024-01-26 15:20:52,531 - Classification Succeeds.
2024-01-26 15:20:52,531 - Link Generation Fails.
2024-01-26 15:20:53,484 - Victim node is 1499.
2024-01-26 15:20:53,484 - tensor([ 306, 1701, 1986], device='cuda:0')
2024-01-26 15:20:53,484 - Classification Succeeds.
2024-01-26 15:20:53,484 - Link Generation Fails.
2024-01-26 15:20:54,411 - Victim node is 808.
2024-01-26 15:20:54,411 - tensor([ 963, 1257, 1955], device='cuda:0')
2024-01-26 15:20:54,411 - Classification Succeeds.
2024-01-26 15:20:54,411 - Link Generation Fails.
2024-01-26 15:20:55,299 - Victim node is 225.
2024-01-26 15:20:55,299 - tensor([ 145, 1257, 2671], device='cuda:0')
2024-01-26 15:20:55,299 - Classification Fails.
2024-01-26 15:20:55,299 - Link Generation Fails.
2024-01-26 15:20:56,180 - Victim node is 701.
2024-01-26 15:20:56,180 - tensor([1955, 2464, 2716], device='cuda:0')
2024-01-26 15:20:56,180 - Classification Succeeds.
2024-01-26 15:20:56,180 - Link Generation Succeeds.
2024-01-26 15:20:57,125 - Victim node is 1435.
2024-01-26 15:20:57,125 - tensor([ 306, 1013, 1358], device='cuda:0')
2024-01-26 15:20:57,125 - Classification Fails.
2024-01-26 15:20:57,125 - Link Generation Fails.
2024-01-26 15:20:58,013 - Victim node is 1898.
2024-01-26 15:20:58,013 - tensor([ 441, 1269, 1914], device='cuda:0')
2024-01-26 15:20:58,013 - Classification Succeeds.
2024-01-26 15:20:58,014 - Link Generation Fails.
2024-01-26 15:20:58,918 - Victim node is 789.
2024-01-26 15:20:58,918 - tensor([ 698,  963, 1257], device='cuda:0')
2024-01-26 15:20:58,918 - Classification Succeeds.
2024-01-26 15:20:58,918 - Link Generation Fails.
2024-01-26 15:20:59,808 - Victim node is 1817.
2024-01-26 15:20:59,809 - tensor([1701, 1986, 2034], device='cuda:0')
2024-01-26 15:20:59,809 - Classification Succeeds.
2024-01-26 15:20:59,809 - Link Generation Fails.
2024-01-26 15:21:00,691 - Victim node is 1142.
2024-01-26 15:21:00,691 - tensor([1169, 1358, 1483], device='cuda:0')
2024-01-26 15:21:00,691 - Classification Fails.
2024-01-26 15:21:00,691 - Link Generation Fails.
2024-01-26 15:21:01,598 - Victim node is 2618.
2024-01-26 15:21:01,599 - tensor([ 540, 1579, 1955], device='cuda:0')
2024-01-26 15:21:01,599 - Classification Fails.
2024-01-26 15:21:01,599 - Link Generation Fails.
2024-01-26 15:21:02,485 - Victim node is 165.
2024-01-26 15:21:02,485 - tensor([ 306, 1358, 1701], device='cuda:0')
2024-01-26 15:21:02,485 - Classification Succeeds.
2024-01-26 15:21:02,485 - Link Generation Fails.
2024-01-26 15:21:03,404 - Victim node is 2346.
2024-01-26 15:21:03,404 - tensor([1202, 1510, 2336], device='cuda:0')
2024-01-26 15:21:03,404 - Classification Fails.
2024-01-26 15:21:03,404 - Link Generation Fails.
2024-01-26 15:21:04,334 - Victim node is 1569.
2024-01-26 15:21:04,334 - tensor([ 963, 1257, 1692], device='cuda:0')
2024-01-26 15:21:04,334 - Classification Succeeds.
2024-01-26 15:21:04,336 - Link Generation Fails.
2024-01-26 15:21:05,228 - Victim node is 1177.
2024-01-26 15:21:05,228 - tensor([ 306, 1358, 1986], device='cuda:0')
2024-01-26 15:21:05,229 - Classification Succeeds.
2024-01-26 15:21:05,229 - Link Generation Fails.
2024-01-26 15:21:06,148 - Victim node is 674.
2024-01-26 15:21:06,148 - tensor([ 306, 1013, 1358], device='cuda:0')
2024-01-26 15:21:06,148 - Classification Fails.
2024-01-26 15:21:06,148 - Link Generation Fails.
2024-01-26 15:21:07,063 - Victim node is 639.
2024-01-26 15:21:07,063 - tensor([  67,  739, 2464], device='cuda:0')
2024-01-26 15:21:07,064 - Classification Fails.
2024-01-26 15:21:07,064 - Link Generation Fails.
2024-01-26 15:21:08,003 - Victim node is 313.
2024-01-26 15:21:08,003 - tensor([ 963, 1257, 2001], device='cuda:0')
2024-01-26 15:21:08,003 - Classification Succeeds.
2024-01-26 15:21:08,003 - Link Generation Fails.
2024-01-26 15:21:08,924 - Victim node is 1195.
2024-01-26 15:21:08,924 - tensor([ 306, 1358, 2724], device='cuda:0')
2024-01-26 15:21:08,925 - Classification Fails.
2024-01-26 15:21:08,925 - Link Generation Succeeds.
2024-01-26 15:21:09,802 - Victim node is 209.
2024-01-26 15:21:09,802 - tensor([ 963, 1257, 2709], device='cuda:0')
2024-01-26 15:21:09,802 - Classification Succeeds.
2024-01-26 15:21:09,802 - Link Generation Succeeds.
2024-01-26 15:21:10,690 - Victim node is 514.
2024-01-26 15:21:10,690 - tensor([1169, 1358, 1725], device='cuda:0')
2024-01-26 15:21:10,690 - Classification Succeeds.
2024-01-26 15:21:10,690 - Link Generation Fails.
2024-01-26 15:21:11,569 - Victim node is 671.
2024-01-26 15:21:11,569 - tensor([2720, 2724, 2744], device='cuda:0')
2024-01-26 15:21:11,569 - Classification Succeeds.
2024-01-26 15:21:11,569 - Link Generation Succeeds.
2024-01-26 15:21:12,449 - Victim node is 746.
2024-01-26 15:21:12,450 - tensor([ 963, 1050, 1257], device='cuda:0')
2024-01-26 15:21:12,450 - Classification Succeeds.
2024-01-26 15:21:12,450 - Link Generation Fails.
2024-01-26 15:21:13,369 - Victim node is 1787.
2024-01-26 15:21:13,369 - tensor([1358, 1623, 1986], device='cuda:0')
2024-01-26 15:21:13,370 - Classification Succeeds.
2024-01-26 15:21:13,370 - Link Generation Fails.
2024-01-26 15:21:14,278 - Victim node is 1012.
2024-01-26 15:21:14,278 - tensor([ 306, 1701, 1986], device='cuda:0')
2024-01-26 15:21:14,278 - Classification Succeeds.
2024-01-26 15:21:14,278 - Link Generation Fails.
2024-01-26 15:21:15,142 - Victim node is 942.
2024-01-26 15:21:15,142 - tensor([ 963, 1257, 2711], device='cuda:0')
2024-01-26 15:21:15,143 - Classification Succeeds.
2024-01-26 15:21:15,143 - Link Generation Succeeds.
2024-01-26 15:21:16,008 - Victim node is 1896.
2024-01-26 15:21:16,008 - tensor([1257, 1634, 2539], device='cuda:0')
2024-01-26 15:21:16,009 - Classification Succeeds.
2024-01-26 15:21:16,009 - Link Generation Fails.
2024-01-26 15:21:16,880 - Victim node is 835.
2024-01-26 15:21:16,880 - tensor([1358, 1701, 1986], device='cuda:0')
2024-01-26 15:21:16,880 - Classification Succeeds.
2024-01-26 15:21:16,880 - Link Generation Fails.
2024-01-26 15:21:17,748 - Victim node is 1867.
2024-01-26 15:21:17,749 - tensor([ 306, 1358, 1986], device='cuda:0')
2024-01-26 15:21:17,749 - Classification Succeeds.
2024-01-26 15:21:17,749 - Link Generation Fails.
2024-01-26 15:21:18,613 - Victim node is 1403.
2024-01-26 15:21:18,613 - tensor([1701, 1986, 2716], device='cuda:0')
2024-01-26 15:21:18,613 - Classification Succeeds.
2024-01-26 15:21:18,613 - Link Generation Succeeds.
2024-01-26 15:21:19,486 - Victim node is 1386.
2024-01-26 15:21:19,486 - tensor([2708, 2710, 2713], device='cuda:0')
2024-01-26 15:21:19,486 - Classification Succeeds.
2024-01-26 15:21:19,486 - Link Generation Succeeds.
2024-01-26 15:21:20,361 - Victim node is 1165.
2024-01-26 15:21:20,361 - tensor([ 739, 1510, 2464], device='cuda:0')
2024-01-26 15:21:20,361 - Classification Succeeds.
2024-01-26 15:21:20,361 - Link Generation Fails.
2024-01-26 15:21:21,237 - Victim node is 1296.
2024-01-26 15:21:21,237 - tensor([1169, 1358, 1483], device='cuda:0')
2024-01-26 15:21:21,237 - Classification Succeeds.
2024-01-26 15:21:21,237 - Link Generation Fails.
2024-01-26 15:21:22,134 - Victim node is 1214.
2024-01-26 15:21:22,134 - tensor([1169, 1358, 1914], device='cuda:0')
2024-01-26 15:21:22,134 - Classification Succeeds.
2024-01-26 15:21:22,134 - Link Generation Fails.
2024-01-26 15:21:23,043 - Victim node is 584.
2024-01-26 15:21:23,043 - tensor([ 735, 1257, 1955], device='cuda:0')
2024-01-26 15:21:23,044 - Classification Succeeds.
2024-01-26 15:21:23,044 - Link Generation Fails.
2024-01-26 15:21:23,920 - Victim node is 2202.
2024-01-26 15:21:23,920 - tensor([1701, 1986, 2034], device='cuda:0')
2024-01-26 15:21:23,921 - Classification Succeeds.
2024-01-26 15:21:23,921 - Link Generation Fails.
2024-01-26 15:21:24,800 - Victim node is 330.
2024-01-26 15:21:24,800 - tensor([1257, 2248, 2671], device='cuda:0')
2024-01-26 15:21:24,800 - Classification Succeeds.
2024-01-26 15:21:24,800 - Link Generation Fails.
2024-01-26 15:21:25,686 - Victim node is 1567.
2024-01-26 15:21:25,686 - tensor([1701, 2001, 2238], device='cuda:0')
2024-01-26 15:21:25,687 - Classification Succeeds.
2024-01-26 15:21:25,687 - Link Generation Fails.
2024-01-26 15:21:26,650 - Victim node is 1102.
2024-01-26 15:21:26,650 - tensor([ 735,  739, 1955], device='cuda:0')
2024-01-26 15:21:26,651 - Classification Fails.
2024-01-26 15:21:26,651 - Link Generation Fails.
2024-01-26 15:21:28,228 - Victim node is 273.
2024-01-26 15:21:28,228 - tensor([2708, 2713, 2715], device='cuda:0')
2024-01-26 15:21:28,228 - Classification Fails.
2024-01-26 15:21:28,228 - Link Generation Succeeds.
2024-01-26 15:21:30,821 - Victim node is 1711.
2024-01-26 15:21:30,822 - tensor([ 306, 1701, 1986], device='cuda:0')
2024-01-26 15:21:30,822 - Classification Succeeds.
2024-01-26 15:21:30,823 - Link Generation Fails.
2024-01-26 15:21:33,266 - Victim node is 1965.
2024-01-26 15:21:33,267 - tensor([ 963, 1257, 2539], device='cuda:0')
2024-01-26 15:21:33,268 - Classification Succeeds.
2024-01-26 15:21:33,268 - Link Generation Fails.
2024-01-26 15:21:36,555 - Victim node is 1166.
2024-01-26 15:21:36,555 - tensor([ 306, 1358, 1701], device='cuda:0')
2024-01-26 15:21:36,555 - Classification Fails.
2024-01-26 15:21:36,556 - Link Generation Fails.
2024-01-26 15:21:40,464 - Victim node is 1704.
2024-01-26 15:21:40,464 - tensor([1358, 1701, 2034], device='cuda:0')
2024-01-26 15:21:40,466 - Classification Succeeds.
2024-01-26 15:21:40,466 - Link Generation Fails.
2024-01-26 15:21:44,839 - Victim node is 2032.
2024-01-26 15:21:44,840 - tensor([2130, 2709, 2714], device='cuda:0')
2024-01-26 15:21:44,840 - Classification Fails.
2024-01-26 15:21:44,841 - Link Generation Succeeds.
2024-01-26 15:21:48,869 - Victim node is 652.
2024-01-26 15:21:48,869 - tensor([1119, 1692, 2130], device='cuda:0')
2024-01-26 15:21:48,870 - Classification Succeeds.
2024-01-26 15:21:48,871 - Link Generation Fails.
2024-01-26 15:21:52,945 - Victim node is 372.
2024-01-26 15:21:52,946 - tensor([ 306, 1013, 1358], device='cuda:0')
2024-01-26 15:21:52,948 - Classification Succeeds.
2024-01-26 15:21:52,949 - Link Generation Fails.
2024-01-26 15:21:56,842 - Victim node is 1134.
2024-01-26 15:21:56,842 - tensor([1701, 1986, 2034], device='cuda:0')
2024-01-26 15:21:56,843 - Classification Succeeds.
2024-01-26 15:21:56,843 - Link Generation Fails.
2024-01-26 15:21:59,978 - Victim node is 1729.
2024-01-26 15:21:59,978 - tensor([ 306, 1701, 1986], device='cuda:0')
2024-01-26 15:21:59,979 - Classification Succeeds.
2024-01-26 15:21:59,979 - Link Generation Fails.
2024-01-26 15:22:03,399 - Victim node is 426.
2024-01-26 15:22:03,400 - tensor([1013, 1358, 1623], device='cuda:0')
2024-01-26 15:22:03,402 - Classification Succeeds.
2024-01-26 15:22:03,402 - Link Generation Fails.
2024-01-26 15:22:08,168 - Victim node is 929.
2024-01-26 15:22:08,168 - tensor([ 306, 1701, 1986], device='cuda:0')
2024-01-26 15:22:08,170 - Classification Succeeds.
2024-01-26 15:22:08,171 - Link Generation Fails.
2024-01-26 15:22:11,913 - Victim node is 2330.
2024-01-26 15:22:11,913 - tensor([ 306, 1013, 1623], device='cuda:0')
2024-01-26 15:22:11,915 - Classification Fails.
2024-01-26 15:22:11,916 - Link Generation Fails.
2024-01-26 15:22:15,825 - Victim node is 566.
2024-01-26 15:22:15,826 - tensor([1358, 1542, 1701], device='cuda:0')
2024-01-26 15:22:15,827 - Classification Succeeds.
2024-01-26 15:22:15,827 - Link Generation Fails.
2024-01-26 15:22:19,923 - Victim node is 1358.
2024-01-26 15:22:19,923 - tensor([ 88, 109, 306], device='cuda:0')
2024-01-26 15:22:19,924 - Classification Succeeds.
2024-01-26 15:22:19,924 - Link Generation Fails.
2024-01-26 15:22:23,899 - Victim node is 44.
2024-01-26 15:22:23,899 - tensor([1701, 1810, 2034], device='cuda:0')
2024-01-26 15:22:23,904 - Classification Succeeds.
2024-01-26 15:22:23,905 - Link Generation Fails.
2024-01-26 15:22:27,648 - Victim node is 1475.
2024-01-26 15:22:27,649 - tensor([ 540, 2713, 2715], device='cuda:0')
2024-01-26 15:22:27,650 - Classification Fails.
2024-01-26 15:22:27,652 - Link Generation Succeeds.
2024-01-26 15:22:31,040 - Victim node is 994.
2024-01-26 15:22:31,040 - tensor([1358, 1701, 1986], device='cuda:0')
2024-01-26 15:22:31,042 - Classification Fails.
2024-01-26 15:22:31,042 - Link Generation Fails.
2024-01-26 15:22:32,116 - Victim node is 2059.
2024-01-26 15:22:32,117 - tensor([ 306, 1013, 1358], device='cuda:0')
2024-01-26 15:22:32,117 - Classification Succeeds.
2024-01-26 15:22:32,117 - Link Generation Fails.
2024-01-26 15:22:33,076 - Victim node is 1290.
2024-01-26 15:22:33,076 - tensor([  12, 2662, 2712], device='cuda:0')
2024-01-26 15:22:33,077 - Classification Fails.
2024-01-26 15:22:33,077 - Link Generation Succeeds.
2024-01-26 15:22:34,024 - Victim node is 615.
2024-01-26 15:22:34,024 - tensor([ 306, 1169, 1358], device='cuda:0')
2024-01-26 15:22:34,024 - Classification Succeeds.
2024-01-26 15:22:34,025 - Link Generation Fails.
2024-01-26 15:22:34,964 - Victim node is 355.
2024-01-26 15:22:34,964 - tensor([1169, 1358, 1914], device='cuda:0')
2024-01-26 15:22:34,964 - Classification Succeeds.
2024-01-26 15:22:34,964 - Link Generation Fails.
2024-01-26 15:22:35,948 - Victim node is 1750.
2024-01-26 15:22:35,948 - tensor([2716, 2815, 2860], device='cuda:0')
2024-01-26 15:22:35,948 - Classification Succeeds.
2024-01-26 15:22:35,949 - Link Generation Succeeds.
2024-01-26 15:22:36,912 - Victim node is 89.
2024-01-26 15:22:36,913 - tensor([  43,  963, 1257], device='cuda:0')
2024-01-26 15:22:36,913 - Classification Succeeds.
2024-01-26 15:22:36,913 - Link Generation Fails.
2024-01-26 15:22:37,851 - Victim node is 1054.
2024-01-26 15:22:37,851 - tensor([1701, 1986, 2034], device='cuda:0')
2024-01-26 15:22:37,851 - Classification Succeeds.
2024-01-26 15:22:37,851 - Link Generation Fails.
2024-01-26 15:22:38,785 - Victim node is 641.
2024-01-26 15:22:38,785 - tensor([ 963, 1257, 1955], device='cuda:0')
2024-01-26 15:22:38,786 - Classification Fails.
2024-01-26 15:22:38,786 - Link Generation Fails.
2024-01-26 15:22:39,738 - Victim node is 2492.
2024-01-26 15:22:39,738 - tensor([ 306, 1013, 1358], device='cuda:0')
2024-01-26 15:22:39,739 - Classification Succeeds.
2024-01-26 15:22:39,739 - Link Generation Fails.
2024-01-26 15:22:40,684 - Victim node is 1057.
2024-01-26 15:22:40,685 - tensor([ 306, 1358, 1986], device='cuda:0')
2024-01-26 15:22:40,685 - Classification Fails.
2024-01-26 15:22:40,685 - Link Generation Fails.
2024-01-26 15:22:41,642 - Victim node is 528.
2024-01-26 15:22:41,642 - tensor([ 306, 1701, 1986], device='cuda:0')
2024-01-26 15:22:41,642 - Classification Fails.
2024-01-26 15:22:41,642 - Link Generation Fails.
2024-01-26 15:22:42,603 - Victim node is 1444.
2024-01-26 15:22:42,603 - tensor([2797, 2848, 2875], device='cuda:0')
2024-01-26 15:22:42,603 - Classification Succeeds.
2024-01-26 15:22:42,603 - Link Generation Succeeds.
2024-01-26 15:22:43,516 - Victim node is 1016.
2024-01-26 15:22:43,516 - tensor([1701, 1986, 2034], device='cuda:0')
2024-01-26 15:22:43,516 - Classification Succeeds.
2024-01-26 15:22:43,516 - Link Generation Fails.
2024-01-26 15:22:44,480 - Victim node is 759.
2024-01-26 15:22:44,480 - tensor([ 963, 1692, 2747], device='cuda:0')
2024-01-26 15:22:44,480 - Classification Succeeds.
2024-01-26 15:22:44,480 - Link Generation Succeeds.
2024-01-26 15:22:45,482 - Victim node is 777.
2024-01-26 15:22:45,482 - tensor([ 306, 1013, 1358], device='cuda:0')
2024-01-26 15:22:45,482 - Classification Succeeds.
2024-01-26 15:22:45,482 - Link Generation Fails.
2024-01-26 15:22:46,460 - Victim node is 2548.
2024-01-26 15:22:46,460 - tensor([1257, 2671, 2708], device='cuda:0')
2024-01-26 15:22:46,461 - Classification Succeeds.
2024-01-26 15:22:46,461 - Link Generation Succeeds.
2024-01-26 15:22:47,438 - Victim node is 166.
2024-01-26 15:22:47,438 - tensor([ 735,  739, 1955], device='cuda:0')
2024-01-26 15:22:47,438 - Classification Fails.
2024-01-26 15:22:47,438 - Link Generation Fails.
2024-01-26 15:22:48,398 - Victim node is 555.
2024-01-26 15:22:48,398 - tensor([1169, 1358, 1725], device='cuda:0')
2024-01-26 15:22:48,398 - Classification Fails.
2024-01-26 15:22:48,398 - Link Generation Fails.
2024-01-26 15:22:49,362 - Victim node is 485.
2024-01-26 15:22:49,362 - tensor([1441, 1692, 1693], device='cuda:0')
2024-01-26 15:22:49,363 - Classification Succeeds.
2024-01-26 15:22:49,363 - Link Generation Fails.
2024-01-26 15:22:50,340 - Victim node is 325.
2024-01-26 15:22:50,340 - tensor([ 306, 1013, 1358], device='cuda:0')
2024-01-26 15:22:50,340 - Classification Fails.
2024-01-26 15:22:50,340 - Link Generation Fails.
2024-01-26 15:22:51,313 - Victim node is 274.
2024-01-26 15:22:51,313 - tensor([ 306, 1358, 1623], device='cuda:0')
2024-01-26 15:22:51,313 - Classification Fails.
2024-01-26 15:22:51,313 - Link Generation Fails.
2024-01-26 15:22:52,281 - Victim node is 1820.
2024-01-26 15:22:52,281 - tensor([ 306, 1358, 1986], device='cuda:0')
2024-01-26 15:22:52,282 - Classification Fails.
2024-01-26 15:22:52,282 - Link Generation Fails.
2024-01-26 15:22:53,307 - Victim node is 792.
2024-01-26 15:22:53,307 - tensor([1701, 1810, 2034], device='cuda:0')
2024-01-26 15:22:53,307 - Classification Succeeds.
2024-01-26 15:22:53,307 - Link Generation Fails.
2024-01-26 15:22:54,291 - Victim node is 1378.
2024-01-26 15:22:54,291 - tensor([ 119,  735, 1903], device='cuda:0')
2024-01-26 15:22:54,291 - Classification Fails.
2024-01-26 15:22:54,291 - Link Generation Fails.
2024-01-26 15:22:55,228 - Victim node is 424.
2024-01-26 15:22:55,228 - tensor([  31, 1131, 1594], device='cuda:0')
2024-01-26 15:22:55,228 - Classification Succeeds.
2024-01-26 15:22:55,228 - Link Generation Fails.
2024-01-26 15:22:56,170 - Victim node is 535.
2024-01-26 15:22:56,170 - tensor([2710, 2712, 2713], device='cuda:0')
2024-01-26 15:22:56,170 - Classification Fails.
2024-01-26 15:22:56,171 - Link Generation Succeeds.
2024-01-26 15:22:57,101 - Victim node is 731.
2024-01-26 15:22:57,101 - tensor([ 306, 1701, 1986], device='cuda:0')
2024-01-26 15:22:57,102 - Classification Succeeds.
2024-01-26 15:22:57,102 - Link Generation Fails.
2024-01-26 15:22:58,038 - Victim node is 1917.
2024-01-26 15:22:58,038 - tensor([ 306, 1013, 1358], device='cuda:0')
2024-01-26 15:22:58,038 - Classification Succeeds.
2024-01-26 15:22:58,038 - Link Generation Fails.
2024-01-26 15:22:58,990 - Victim node is 1335.
2024-01-26 15:22:58,990 - tensor([ 306, 1701, 1986], device='cuda:0')
2024-01-26 15:22:58,990 - Classification Succeeds.
2024-01-26 15:22:58,990 - Link Generation Fails.
2024-01-26 15:22:59,916 - Victim node is 1231.
2024-01-26 15:22:59,916 - tensor([ 306, 1119, 1358], device='cuda:0')
2024-01-26 15:22:59,916 - Classification Fails.
2024-01-26 15:22:59,918 - Link Generation Fails.
2024-01-26 15:23:00,837 - Victim node is 1380.
2024-01-26 15:23:00,837 - tensor([ 963, 1692, 2238], device='cuda:0')
2024-01-26 15:23:00,837 - Classification Succeeds.
2024-01-26 15:23:00,837 - Link Generation Fails.
2024-01-26 15:23:01,768 - Victim node is 1495.
2024-01-26 15:23:01,768 - tensor([ 735, 1169, 1358], device='cuda:0')
2024-01-26 15:23:01,769 - Classification Succeeds.
2024-01-26 15:23:01,769 - Link Generation Fails.
2024-01-26 15:23:02,703 - Victim node is 2046.
2024-01-26 15:23:02,703 - tensor([1358, 1701, 1986], device='cuda:0')
2024-01-26 15:23:02,703 - Classification Succeeds.
2024-01-26 15:23:02,703 - Link Generation Fails.
2024-01-26 15:23:03,619 - Victim node is 20.
2024-01-26 15:23:03,619 - tensor([ 735,  739, 1955], device='cuda:0')
2024-01-26 15:23:03,620 - Classification Succeeds.
2024-01-26 15:23:03,620 - Link Generation Fails.
2024-01-26 15:23:04,544 - Victim node is 1564.
2024-01-26 15:23:04,544 - tensor([ 306, 1013, 1986], device='cuda:0')
2024-01-26 15:23:04,544 - Classification Succeeds.
2024-01-26 15:23:04,544 - Link Generation Fails.
2024-01-26 15:23:05,478 - Victim node is 2696.
2024-01-26 15:23:05,479 - tensor([ 963, 1257, 1692], device='cuda:0')
2024-01-26 15:23:05,479 - Classification Fails.
2024-01-26 15:23:05,479 - Link Generation Fails.
2024-01-26 15:23:06,408 - Victim node is 4.
2024-01-26 15:23:06,408 - tensor([1701, 1986, 2034], device='cuda:0')
2024-01-26 15:23:06,408 - Classification Succeeds.
2024-01-26 15:23:06,408 - Link Generation Fails.
2024-01-26 15:23:07,360 - Victim node is 1670.
2024-01-26 15:23:07,360 - tensor([ 306, 1358, 1701], device='cuda:0')
2024-01-26 15:23:07,360 - Classification Succeeds.
2024-01-26 15:23:07,360 - Link Generation Fails.
2024-01-26 15:23:08,292 - Victim node is 2688.
2024-01-26 15:23:08,292 - tensor([ 310, 1701, 1952], device='cuda:0')
2024-01-26 15:23:08,292 - Classification Succeeds.
2024-01-26 15:23:08,292 - Link Generation Fails.
2024-01-26 15:23:09,219 - Victim node is 383.
2024-01-26 15:23:09,219 - tensor([ 963, 1050, 1692], device='cuda:0')
2024-01-26 15:23:09,220 - Classification Succeeds.
2024-01-26 15:23:09,220 - Link Generation Fails.
2024-01-26 15:23:10,140 - Victim node is 1604.
2024-01-26 15:23:10,140 - tensor([ 306, 1701, 1986], device='cuda:0')
2024-01-26 15:23:10,140 - Classification Succeeds.
2024-01-26 15:23:10,140 - Link Generation Fails.
2024-01-26 15:23:11,048 - Victim node is 2148.
2024-01-26 15:23:11,048 - tensor([ 739,  963, 1257], device='cuda:0')
2024-01-26 15:23:11,048 - Classification Succeeds.
2024-01-26 15:23:11,049 - Link Generation Fails.
2024-01-26 15:23:11,979 - Victim node is 2151.
2024-01-26 15:23:11,979 - tensor([ 306, 1358, 1701], device='cuda:0')
2024-01-26 15:23:11,979 - Classification Fails.
2024-01-26 15:23:11,979 - Link Generation Fails.
2024-01-26 15:23:12,902 - Victim node is 500.
2024-01-26 15:23:12,902 - tensor([ 422,  545, 1257], device='cuda:0')
2024-01-26 15:23:12,902 - Classification Succeeds.
2024-01-26 15:23:12,902 - Link Generation Fails.
2024-01-26 15:23:13,830 - Victim node is 1443.
2024-01-26 15:23:13,830 - tensor([1257, 1692, 2001], device='cuda:0')
2024-01-26 15:23:13,830 - Classification Succeeds.
2024-01-26 15:23:13,830 - Link Generation Fails.
2024-01-26 15:23:14,736 - Victim node is 1127.
2024-01-26 15:23:14,736 - tensor([ 306, 1358, 1623], device='cuda:0')
2024-01-26 15:23:14,737 - Classification Fails.
2024-01-26 15:23:14,737 - Link Generation Fails.
2024-01-26 15:23:15,635 - Victim node is 2626.
2024-01-26 15:23:15,635 - tensor([ 963, 1050, 1257], device='cuda:0')
2024-01-26 15:23:15,636 - Classification Succeeds.
2024-01-26 15:23:15,636 - Link Generation Fails.
2024-01-26 15:23:16,534 - Victim node is 1061.
2024-01-26 15:23:16,534 - tensor([ 444,  739, 2464], device='cuda:0')
2024-01-26 15:23:16,535 - Classification Succeeds.
2024-01-26 15:23:16,535 - Link Generation Fails.
2024-01-26 15:23:17,432 - Victim node is 972.
2024-01-26 15:23:17,432 - tensor([ 963, 1257, 1692], device='cuda:0')
2024-01-26 15:23:17,432 - Classification Succeeds.
2024-01-26 15:23:17,432 - Link Generation Fails.
2024-01-26 15:23:18,355 - Victim node is 1023.
2024-01-26 15:23:18,355 - tensor([1119, 2716, 2753], device='cuda:0')
2024-01-26 15:23:18,355 - Classification Succeeds.
2024-01-26 15:23:18,355 - Link Generation Succeeds.
2024-01-26 15:23:19,257 - Victim node is 587.
2024-01-26 15:23:19,257 - tensor([1903, 1955, 2464], device='cuda:0')
2024-01-26 15:23:19,257 - Classification Succeeds.
2024-01-26 15:23:19,258 - Link Generation Fails.
2024-01-26 15:23:20,166 - Victim node is 2309.
2024-01-26 15:23:20,167 - tensor([ 306, 1701, 1986], device='cuda:0')
2024-01-26 15:23:20,167 - Classification Succeeds.
2024-01-26 15:23:20,167 - Link Generation Fails.
2024-01-26 15:23:21,074 - Victim node is 1673.
2024-01-26 15:23:21,074 - tensor([ 963, 1692, 1955], device='cuda:0')
2024-01-26 15:23:21,075 - Classification Fails.
2024-01-26 15:23:21,075 - Link Generation Fails.
2024-01-26 15:23:21,972 - Victim node is 1835.
2024-01-26 15:23:21,972 - tensor([ 963, 2464, 2715], device='cuda:0')
2024-01-26 15:23:21,972 - Classification Succeeds.
2024-01-26 15:23:21,972 - Link Generation Succeeds.
2024-01-26 15:23:22,876 - Victim node is 2129.
2024-01-26 15:23:22,876 - tensor([1810, 1986, 2034], device='cuda:0')
2024-01-26 15:23:22,876 - Classification Succeeds.
2024-01-26 15:23:22,876 - Link Generation Fails.
2024-01-26 15:23:23,779 - Victim node is 678.
2024-01-26 15:23:23,780 - tensor([1119, 2034, 2238], device='cuda:0')
2024-01-26 15:23:23,780 - Classification Fails.
2024-01-26 15:23:23,780 - Link Generation Fails.
2024-01-26 15:23:24,692 - Victim node is 191.
2024-01-26 15:23:24,692 - tensor([ 306, 1701, 1986], device='cuda:0')
2024-01-26 15:23:24,692 - Classification Fails.
2024-01-26 15:23:24,692 - Link Generation Fails.
2024-01-26 15:23:25,584 - Victim node is 1828.
2024-01-26 15:23:25,584 - tensor([1013, 1358, 1914], device='cuda:0')
2024-01-26 15:23:25,584 - Classification Fails.
2024-01-26 15:23:25,584 - Link Generation Fails.
2024-01-26 15:23:26,503 - Victim node is 178.
2024-01-26 15:23:26,503 - tensor([1701, 1810, 1986], device='cuda:0')
2024-01-26 15:23:26,504 - Classification Succeeds.
2024-01-26 15:23:26,504 - Link Generation Fails.
2024-01-26 15:23:27,420 - Victim node is 1287.
2024-01-26 15:23:27,420 - tensor([ 306, 1623, 1986], device='cuda:0')
2024-01-26 15:23:27,420 - Classification Succeeds.
2024-01-26 15:23:27,420 - Link Generation Fails.
2024-01-26 15:23:28,336 - Victim node is 451.
2024-01-26 15:23:28,336 - tensor([ 371, 1955, 2719], device='cuda:0')
2024-01-26 15:23:28,336 - Classification Succeeds.
2024-01-26 15:23:28,336 - Link Generation Succeeds.
2024-01-26 15:23:29,236 - Victim node is 2502.
2024-01-26 15:23:29,236 - tensor([1701, 1986, 2034], device='cuda:0')
2024-01-26 15:23:29,236 - Classification Fails.
2024-01-26 15:23:29,237 - Link Generation Fails.
2024-01-26 15:23:30,156 - Victim node is 1114.
2024-01-26 15:23:30,156 - tensor([ 306, 1358, 1701], device='cuda:0')
2024-01-26 15:23:30,157 - Classification Succeeds.
2024-01-26 15:23:30,157 - Link Generation Fails.
2024-01-26 15:23:31,058 - Victim node is 2056.
2024-01-26 15:23:31,058 - tensor([1542, 1701, 1986], device='cuda:0')
2024-01-26 15:23:31,059 - Classification Succeeds.
2024-01-26 15:23:31,059 - Link Generation Fails.
2024-01-26 15:23:31,954 - Victim node is 1989.
2024-01-26 15:23:31,954 - tensor([ 306, 1358, 1701], device='cuda:0')
2024-01-26 15:23:31,954 - Classification Succeeds.
2024-01-26 15:23:31,954 - Link Generation Fails.
2024-01-26 15:23:32,841 - Victim node is 1466.
2024-01-26 15:23:32,841 - tensor([ 306, 1358, 1623], device='cuda:0')
2024-01-26 15:23:32,842 - Classification Succeeds.
2024-01-26 15:23:32,842 - Link Generation Fails.
2024-01-26 15:23:33,751 - Victim node is 1836.
2024-01-26 15:23:33,753 - tensor([ 739, 1257, 2464], device='cuda:0')
2024-01-26 15:23:33,753 - Classification Succeeds.
2024-01-26 15:23:33,753 - Link Generation Fails.
2024-01-26 15:23:34,660 - Victim node is 2659.
2024-01-26 15:23:34,660 - tensor([ 963, 1257, 2248], device='cuda:0')
2024-01-26 15:23:34,660 - Classification Fails.
2024-01-26 15:23:34,660 - Link Generation Fails.
2024-01-26 15:23:35,561 - Victim node is 1761.
2024-01-26 15:23:35,562 - tensor([ 306, 1701, 1986], device='cuda:0')
2024-01-26 15:23:35,562 - Classification Succeeds.
2024-01-26 15:23:35,562 - Link Generation Fails.
2024-01-26 15:23:36,465 - Victim node is 136.
2024-01-26 15:23:36,465 - tensor([ 306, 1358, 1986], device='cuda:0')
2024-01-26 15:23:36,466 - Classification Succeeds.
2024-01-26 15:23:36,466 - Link Generation Fails.
2024-01-26 15:23:37,363 - Victim node is 2055.
2024-01-26 15:23:37,363 - tensor([ 306, 1701, 1986], device='cuda:0')
2024-01-26 15:23:37,363 - Classification Succeeds.
2024-01-26 15:23:37,363 - Link Generation Fails.
2024-01-26 15:23:38,252 - Victim node is 885.
2024-01-26 15:23:38,252 - tensor([ 217,  733, 2473], device='cuda:0')
2024-01-26 15:23:38,252 - Classification Fails.
2024-01-26 15:23:38,252 - Link Generation Fails.
2024-01-26 15:23:39,142 - Victim node is 2557.
2024-01-26 15:23:39,142 - tensor([1169, 1358, 2712], device='cuda:0')
2024-01-26 15:23:39,142 - Classification Succeeds.
2024-01-26 15:23:39,142 - Link Generation Succeeds.
2024-01-26 15:23:40,026 - Victim node is 1205.
2024-01-26 15:23:40,026 - tensor([ 306, 1701, 1986], device='cuda:0')
2024-01-26 15:23:40,026 - Classification Succeeds.
2024-01-26 15:23:40,026 - Link Generation Fails.
2024-01-26 15:23:40,922 - Victim node is 2030.
2024-01-26 15:23:40,922 - tensor([ 306, 1013, 1358], device='cuda:0')
2024-01-26 15:23:40,922 - Classification Succeeds.
2024-01-26 15:23:40,922 - Link Generation Fails.
2024-01-26 15:23:41,823 - Victim node is 711.
2024-01-26 15:23:41,823 - tensor([ 306, 1358, 1914], device='cuda:0')
2024-01-26 15:23:41,823 - Classification Fails.
2024-01-26 15:23:41,823 - Link Generation Fails.
2024-01-26 15:23:42,703 - Victim node is 2153.
2024-01-26 15:23:42,703 - tensor([ 306, 1358, 1986], device='cuda:0')
2024-01-26 15:23:42,703 - Classification Fails.
2024-01-26 15:23:42,703 - Link Generation Fails.
2024-01-26 15:23:43,606 - Victim node is 2009.
2024-01-26 15:23:43,606 - tensor([ 306, 1358, 1623], device='cuda:0')
2024-01-26 15:23:43,606 - Classification Fails.
2024-01-26 15:23:43,606 - Link Generation Fails.
2024-01-26 15:23:44,515 - Victim node is 2195.
2024-01-26 15:23:44,516 - tensor([ 306, 1013, 1358], device='cuda:0')
2024-01-26 15:23:44,516 - Classification Fails.
2024-01-26 15:23:44,516 - Link Generation Fails.
2024-01-26 15:23:45,429 - Victim node is 2570.
2024-01-26 15:23:45,429 - tensor([ 963, 1257, 2130], device='cuda:0')
2024-01-26 15:23:45,429 - Classification Succeeds.
2024-01-26 15:23:45,429 - Link Generation Fails.
2024-01-26 15:23:46,337 - Victim node is 1273.
2024-01-26 15:23:46,338 - tensor([ 700, 1691, 2741], device='cuda:0')
2024-01-26 15:23:46,338 - Classification Succeeds.
2024-01-26 15:23:46,338 - Link Generation Succeeds.
2024-01-26 15:23:47,246 - Victim node is 75.
2024-01-26 15:23:47,246 - tensor([ 739, 1955, 2464], device='cuda:0')
2024-01-26 15:23:47,247 - Classification Succeeds.
2024-01-26 15:23:47,247 - Link Generation Fails.
2024-01-26 15:23:48,160 - Victim node is 2124.
2024-01-26 15:23:48,160 - tensor([ 963, 1692, 2001], device='cuda:0')
2024-01-26 15:23:48,160 - Classification Succeeds.
2024-01-26 15:23:48,162 - Link Generation Fails.
2024-01-26 15:23:49,055 - Victim node is 2699.
2024-01-26 15:23:49,055 - tensor([ 735, 1257, 2709], device='cuda:0')
2024-01-26 15:23:49,056 - Classification Fails.
2024-01-26 15:23:49,056 - Link Generation Succeeds.
2024-01-26 15:23:49,948 - Victim node is 1728.
2024-01-26 15:23:49,949 - tensor([1257, 2784, 2830], device='cuda:0')
2024-01-26 15:23:49,949 - Classification Succeeds.
2024-01-26 15:23:49,949 - Link Generation Succeeds.
2024-01-26 15:23:50,849 - Victim node is 1592.
2024-01-26 15:23:50,849 - tensor([ 306, 1701, 1986], device='cuda:0')
2024-01-26 15:23:50,850 - Classification Succeeds.
2024-01-26 15:23:50,850 - Link Generation Fails.
2024-01-26 15:23:51,747 - Victim node is 495.
2024-01-26 15:23:51,747 - tensor([2710, 2711, 2716], device='cuda:0')
2024-01-26 15:23:51,747 - Classification Succeeds.
2024-01-26 15:23:51,747 - Link Generation Succeeds.
2024-01-26 15:23:52,651 - Victim node is 1150.
2024-01-26 15:23:52,651 - tensor([1169, 1358, 2708], device='cuda:0')
2024-01-26 15:23:52,651 - Classification Succeeds.
2024-01-26 15:23:52,651 - Link Generation Succeeds.
2024-01-26 15:23:53,576 - Victim node is 1860.
2024-01-26 15:23:53,576 - tensor([ 306, 1358, 1986], device='cuda:0')
2024-01-26 15:23:53,576 - Classification Fails.
2024-01-26 15:23:53,577 - Link Generation Fails.
2024-01-26 15:23:54,470 - Victim node is 2585.
2024-01-26 15:23:54,470 - tensor([1169, 1358, 1914], device='cuda:0')
2024-01-26 15:23:54,470 - Classification Succeeds.
2024-01-26 15:23:54,470 - Link Generation Fails.
2024-01-26 15:23:55,387 - Victim node is 2615.
2024-01-26 15:23:55,387 - tensor([ 598, 1701, 1986], device='cuda:0')
2024-01-26 15:23:55,387 - Classification Fails.
2024-01-26 15:23:55,387 - Link Generation Fails.
2024-01-26 15:23:56,303 - Victim node is 87.
2024-01-26 15:23:56,303 - tensor([ 306, 1358, 1701], device='cuda:0')
2024-01-26 15:23:56,303 - Classification Succeeds.
2024-01-26 15:23:56,303 - Link Generation Fails.
2024-01-26 15:23:57,223 - Victim node is 2239.
2024-01-26 15:23:57,223 - tensor([ 963, 1257, 2248], device='cuda:0')
2024-01-26 15:23:57,223 - Classification Succeeds.
2024-01-26 15:23:57,223 - Link Generation Fails.
2024-01-26 15:23:58,130 - Victim node is 1788.
2024-01-26 15:23:58,130 - tensor([ 306, 1701, 1986], device='cuda:0')
2024-01-26 15:23:58,130 - Classification Succeeds.
2024-01-26 15:23:58,130 - Link Generation Fails.
2024-01-26 15:23:59,039 - Victim node is 387.
2024-01-26 15:23:59,039 - tensor([1701, 1986, 2034], device='cuda:0')
2024-01-26 15:23:59,039 - Classification Succeeds.
2024-01-26 15:23:59,039 - Link Generation Fails.
2024-01-26 15:23:59,950 - Victim node is 1911.
2024-01-26 15:23:59,952 - tensor([1169, 1358, 1914], device='cuda:0')
2024-01-26 15:23:59,952 - Classification Fails.
2024-01-26 15:23:59,952 - Link Generation Fails.
2024-01-26 15:24:00,859 - Victim node is 1771.
2024-01-26 15:24:00,859 - tensor([1358, 1701, 1986], device='cuda:0')
2024-01-26 15:24:00,859 - Classification Succeeds.
2024-01-26 15:24:00,859 - Link Generation Fails.
2024-01-26 15:24:01,764 - Victim node is 2640.
2024-01-26 15:24:01,764 - tensor([2709, 2713, 2715], device='cuda:0')
2024-01-26 15:24:01,764 - Classification Fails.
2024-01-26 15:24:01,764 - Link Generation Succeeds.
2024-01-26 15:24:02,674 - Victim node is 790.
2024-01-26 15:24:02,674 - tensor([1701, 1986, 2034], device='cuda:0')
2024-01-26 15:24:02,674 - Classification Succeeds.
2024-01-26 15:24:02,674 - Link Generation Fails.
2024-01-26 15:24:03,590 - Victim node is 1339.
2024-01-26 15:24:03,590 - tensor([ 306, 1701, 1986], device='cuda:0')
2024-01-26 15:24:03,590 - Classification Succeeds.
2024-01-26 15:24:03,590 - Link Generation Fails.
2024-01-26 15:24:04,499 - Victim node is 398.
2024-01-26 15:24:04,499 - tensor([1169, 1358, 1725], device='cuda:0')
2024-01-26 15:24:04,499 - Classification Fails.
2024-01-26 15:24:04,500 - Link Generation Fails.
2024-01-26 15:24:05,413 - Victim node is 1758.
2024-01-26 15:24:05,414 - tensor([ 306, 1701, 1986], device='cuda:0')
2024-01-26 15:24:05,414 - Classification Succeeds.
2024-01-26 15:24:05,414 - Link Generation Fails.
2024-01-26 15:24:06,321 - Victim node is 2693.
2024-01-26 15:24:06,321 - tensor([1257, 2464, 2709], device='cuda:0')
2024-01-26 15:24:06,323 - Classification Fails.
2024-01-26 15:24:06,323 - Link Generation Succeeds.
2024-01-26 15:24:07,212 - Victim node is 332.
2024-01-26 15:24:07,212 - tensor([1119, 1358, 1701], device='cuda:0')
2024-01-26 15:24:07,213 - Classification Fails.
2024-01-26 15:24:07,213 - Link Generation Fails.
2024-01-26 15:24:08,109 - Victim node is 1753.
2024-01-26 15:24:08,109 - tensor([1169, 1483, 1765], device='cuda:0')
2024-01-26 15:24:08,109 - Classification Succeeds.
2024-01-26 15:24:08,109 - Link Generation Fails.
2024-01-26 15:24:09,002 - Victim node is 2243.
2024-01-26 15:24:09,002 - tensor([1050, 1257, 1692], device='cuda:0')
2024-01-26 15:24:09,002 - Classification Succeeds.
2024-01-26 15:24:09,002 - Link Generation Fails.
2024-01-26 15:24:09,907 - Victim node is 206.
2024-01-26 15:24:09,907 - tensor([1169, 1358, 1725], device='cuda:0')
2024-01-26 15:24:09,907 - Classification Succeeds.
2024-01-26 15:24:09,907 - Link Generation Fails.
2024-01-26 15:24:10,837 - Victim node is 2575.
2024-01-26 15:24:10,837 - tensor([ 306, 1358, 1986], device='cuda:0')
2024-01-26 15:24:10,837 - Classification Fails.
2024-01-26 15:24:10,837 - Link Generation Fails.
2024-01-26 15:24:11,743 - Victim node is 1852.
2024-01-26 15:24:11,743 - tensor([ 306, 1358, 1986], device='cuda:0')
2024-01-26 15:24:11,743 - Classification Fails.
2024-01-26 15:24:11,743 - Link Generation Fails.
2024-01-26 15:24:12,647 - Victim node is 2061.
2024-01-26 15:24:12,647 - tensor([1441, 1701, 1810], device='cuda:0')
2024-01-26 15:24:12,647 - Classification Succeeds.
2024-01-26 15:24:12,647 - Link Generation Fails.
2024-01-26 15:24:13,554 - Victim node is 2260.
2024-01-26 15:24:13,554 - tensor([ 963, 1257, 2539], device='cuda:0')
2024-01-26 15:24:13,554 - Classification Succeeds.
2024-01-26 15:24:13,554 - Link Generation Fails.
2024-01-26 15:24:14,490 - Victim node is 433.
2024-01-26 15:24:14,490 - tensor([ 963, 1257, 1955], device='cuda:0')
2024-01-26 15:24:14,490 - Classification Fails.
2024-01-26 15:24:14,490 - Link Generation Fails.
2024-01-26 15:24:15,420 - Victim node is 2257.
2024-01-26 15:24:15,420 - tensor([1692, 1701, 1810], device='cuda:0')
2024-01-26 15:24:15,420 - Classification Fails.
2024-01-26 15:24:15,420 - Link Generation Fails.
2024-01-26 15:24:16,335 - Victim node is 1981.
2024-01-26 15:24:16,335 - tensor([ 306, 1358, 1701], device='cuda:0')
2024-01-26 15:24:16,336 - Classification Succeeds.
2024-01-26 15:24:16,336 - Link Generation Fails.
2024-01-26 15:24:17,274 - Victim node is 337.
2024-01-26 15:24:17,275 - tensor([ 306, 1623, 1986], device='cuda:0')
2024-01-26 15:24:17,275 - Classification Succeeds.
2024-01-26 15:24:17,275 - Link Generation Fails.
2024-01-26 15:24:18,199 - Victim node is 569.
2024-01-26 15:24:18,199 - tensor([ 306, 1358, 1701], device='cuda:0')
2024-01-26 15:24:18,199 - Classification Succeeds.
2024-01-26 15:24:18,199 - Link Generation Fails.
2024-01-26 15:24:19,114 - Victim node is 712.
2024-01-26 15:24:19,114 - tensor([ 306, 1013, 1914], device='cuda:0')
2024-01-26 15:24:19,114 - Classification Succeeds.
2024-01-26 15:24:19,114 - Link Generation Fails.
2024-01-26 15:24:20,037 - Victim node is 832.
2024-01-26 15:24:20,037 - tensor([ 374, 1257, 2464], device='cuda:0')
2024-01-26 15:24:20,037 - Classification Fails.
2024-01-26 15:24:20,037 - Link Generation Fails.
2024-01-26 15:24:20,948 - Victim node is 268.
2024-01-26 15:24:20,948 - tensor([ 306, 1358, 2714], device='cuda:0')
2024-01-26 15:24:20,948 - Classification Fails.
2024-01-26 15:24:20,948 - Link Generation Succeeds.
2024-01-26 15:24:21,861 - Victim node is 319.
2024-01-26 15:24:21,862 - tensor([1169, 1725, 2709], device='cuda:0')
2024-01-26 15:24:21,862 - Classification Fails.
2024-01-26 15:24:21,862 - Link Generation Succeeds.
2024-01-26 15:24:22,800 - Victim node is 195.
2024-01-26 15:24:22,800 - tensor([1257, 2718, 2720], device='cuda:0')
2024-01-26 15:24:22,800 - Classification Succeeds.
2024-01-26 15:24:22,800 - Link Generation Succeeds.
2024-01-26 15:24:23,732 - Victim node is 2242.
2024-01-26 15:24:23,732 - tensor([ 963, 1257, 2715], device='cuda:0')
2024-01-26 15:24:23,732 - Classification Fails.
2024-01-26 15:24:23,732 - Link Generation Succeeds.
2024-01-26 15:24:24,704 - Victim node is 531.
2024-01-26 15:24:24,704 - tensor([1810, 2001, 2034], device='cuda:0')
2024-01-26 15:24:24,705 - Classification Fails.
2024-01-26 15:24:24,705 - Link Generation Fails.
2024-01-26 15:24:25,677 - Victim node is 1197.
2024-01-26 15:24:25,677 - tensor([1358, 1701, 1986], device='cuda:0')
2024-01-26 15:24:25,677 - Classification Fails.
2024-01-26 15:24:25,677 - Link Generation Fails.
2024-01-26 15:24:26,615 - Victim node is 957.
2024-01-26 15:24:26,615 - tensor([ 306, 1701, 1986], device='cuda:0')
2024-01-26 15:24:26,616 - Classification Succeeds.
2024-01-26 15:24:26,616 - Link Generation Fails.
2024-01-26 15:24:27,531 - Victim node is 2425.
2024-01-26 15:24:27,531 - tensor([ 306, 1701, 1986], device='cuda:0')
2024-01-26 15:24:27,532 - Classification Succeeds.
2024-01-26 15:24:27,532 - Link Generation Fails.
2024-01-26 15:24:28,443 - Victim node is 336.
2024-01-26 15:24:28,443 - tensor([ 306, 1358, 1701], device='cuda:0')
2024-01-26 15:24:28,443 - Classification Fails.
2024-01-26 15:24:28,444 - Link Generation Fails.
2024-01-26 15:24:29,347 - Victim node is 653.
2024-01-26 15:24:29,347 - tensor([ 306, 1358, 1623], device='cuda:0')
2024-01-26 15:24:29,347 - Classification Fails.
2024-01-26 15:24:29,347 - Link Generation Fails.
2024-01-26 15:24:30,286 - Victim node is 30.
2024-01-26 15:24:30,286 - tensor([ 306, 1701, 1986], device='cuda:0')
2024-01-26 15:24:30,287 - Classification Succeeds.
2024-01-26 15:24:30,287 - Link Generation Fails.
2024-01-26 15:24:31,232 - Victim node is 1136.
2024-01-26 15:24:31,232 - tensor([ 306, 1358, 1986], device='cuda:0')
2024-01-26 15:24:31,232 - Classification Succeeds.
2024-01-26 15:24:31,234 - Link Generation Fails.
2024-01-26 15:24:32,195 - Victim node is 2042.
2024-01-26 15:24:32,195 - tensor([1701, 1810, 1986], device='cuda:0')
2024-01-26 15:24:32,195 - Classification Fails.
2024-01-26 15:24:32,195 - Link Generation Fails.
2024-01-26 15:24:33,112 - Victim node is 321.
2024-01-26 15:24:33,112 - tensor([ 963, 1692, 2238], device='cuda:0')
2024-01-26 15:24:33,113 - Classification Succeeds.
2024-01-26 15:24:33,113 - Link Generation Fails.
2024-01-26 15:24:34,039 - Victim node is 2264.
2024-01-26 15:24:34,039 - tensor([ 735,  739, 1257], device='cuda:0')
2024-01-26 15:24:34,040 - Classification Fails.
2024-01-26 15:24:34,040 - Link Generation Fails.
2024-01-26 15:24:34,979 - Victim node is 728.
2024-01-26 15:24:34,979 - tensor([ 306, 1169, 1358], device='cuda:0')
2024-01-26 15:24:34,979 - Classification Fails.
2024-01-26 15:24:34,979 - Link Generation Fails.
2024-01-26 15:24:35,883 - Victim node is 1104.
2024-01-26 15:24:35,883 - tensor([ 963, 1257, 1692], device='cuda:0')
2024-01-26 15:24:35,884 - Classification Fails.
2024-01-26 15:24:35,884 - Link Generation Fails.
2024-01-26 15:24:36,835 - Victim node is 327.
2024-01-26 15:24:36,835 - tensor([ 963, 1050, 1634], device='cuda:0')
2024-01-26 15:24:36,835 - Classification Succeeds.
2024-01-26 15:24:36,835 - Link Generation Fails.
2024-01-26 15:24:37,767 - Victim node is 1318.
2024-01-26 15:24:37,767 - tensor([ 444,  582, 2464], device='cuda:0')
2024-01-26 15:24:37,768 - Classification Succeeds.
2024-01-26 15:24:37,768 - Link Generation Fails.
2024-01-26 15:24:38,684 - Victim node is 1844.
2024-01-26 15:24:38,685 - tensor([ 306, 1358, 1986], device='cuda:0')
2024-01-26 15:24:38,685 - Classification Fails.
2024-01-26 15:24:38,685 - Link Generation Fails.
2024-01-26 15:24:39,635 - Victim node is 998.
2024-01-26 15:24:39,636 - tensor([1169, 1358, 1914], device='cuda:0')
2024-01-26 15:24:39,636 - Classification Succeeds.
2024-01-26 15:24:39,636 - Link Generation Fails.
2024-01-26 15:24:40,580 - Victim node is 1484.
2024-01-26 15:24:40,580 - tensor([1257, 2719, 2725], device='cuda:0')
2024-01-26 15:24:40,580 - Classification Fails.
2024-01-26 15:24:40,580 - Link Generation Succeeds.
2024-01-26 15:24:41,501 - Victim node is 891.
2024-01-26 15:24:41,502 - tensor([ 306, 1013, 1914], device='cuda:0')
2024-01-26 15:24:41,502 - Classification Succeeds.
2024-01-26 15:24:41,502 - Link Generation Fails.
2024-01-26 15:24:42,467 - Victim node is 1172.
2024-01-26 15:24:42,467 - tensor([ 306, 1358, 1623], device='cuda:0')
2024-01-26 15:24:42,468 - Classification Fails.
2024-01-26 15:24:42,468 - Link Generation Fails.
2024-01-26 15:24:43,394 - Victim node is 473.
2024-01-26 15:24:43,394 - tensor([1257, 2248, 2671], device='cuda:0')
2024-01-26 15:24:43,394 - Classification Fails.
2024-01-26 15:24:43,394 - Link Generation Fails.
2024-01-26 15:24:44,365 - Victim node is 435.
2024-01-26 15:24:44,365 - tensor([ 306, 1358, 1986], device='cuda:0')
2024-01-26 15:24:44,365 - Classification Fails.
2024-01-26 15:24:44,365 - Link Generation Fails.
2024-01-26 15:24:45,331 - Victim node is 1354.
2024-01-26 15:24:45,331 - tensor([1257, 2721, 2723], device='cuda:0')
2024-01-26 15:24:45,333 - Classification Succeeds.
2024-01-26 15:24:45,333 - Link Generation Succeeds.
2024-01-26 15:24:46,293 - Victim node is 299.
2024-01-26 15:24:46,293 - tensor([ 739, 1955, 2721], device='cuda:0')
2024-01-26 15:24:46,294 - Classification Fails.
2024-01-26 15:24:46,294 - Link Generation Succeeds.
2024-01-26 15:24:47,272 - Victim node is 1627.
2024-01-26 15:24:47,272 - tensor([ 306, 1358, 1623], device='cuda:0')
2024-01-26 15:24:47,273 - Classification Succeeds.
2024-01-26 15:24:47,273 - Link Generation Fails.
2024-01-26 15:24:48,282 - Victim node is 1323.
2024-01-26 15:24:48,282 - tensor([1986, 2746, 2772], device='cuda:0')
2024-01-26 15:24:48,282 - Classification Fails.
2024-01-26 15:24:48,283 - Link Generation Succeeds.
2024-01-26 15:24:49,286 - Victim node is 1515.
2024-01-26 15:24:49,286 - tensor([ 963, 1441, 1693], device='cuda:0')
2024-01-26 15:24:49,287 - Classification Succeeds.
2024-01-26 15:24:49,287 - Link Generation Fails.
2024-01-26 15:24:50,293 - Victim node is 2342.
2024-01-26 15:24:50,293 - tensor([ 306, 1623, 1986], device='cuda:0')
2024-01-26 15:24:50,294 - Classification Fails.
2024-01-26 15:24:50,294 - Link Generation Fails.
2024-01-26 15:24:51,296 - Victim node is 1482.
2024-01-26 15:24:51,296 - tensor([ 702, 1013, 1914], device='cuda:0')
2024-01-26 15:24:51,296 - Classification Succeeds.
2024-01-26 15:24:51,297 - Link Generation Fails.
2024-01-26 15:24:52,312 - Victim node is 543.
2024-01-26 15:24:52,312 - tensor([ 733, 1692, 2034], device='cuda:0')
2024-01-26 15:24:52,313 - Classification Succeeds.
2024-01-26 15:24:52,313 - Link Generation Fails.
2024-01-26 15:24:53,303 - Victim node is 12.
2024-01-26 15:24:53,303 - tensor([1358, 2464, 2711], device='cuda:0')
2024-01-26 15:24:53,304 - Classification Succeeds.
2024-01-26 15:24:53,304 - Link Generation Succeeds.
2024-01-26 15:24:54,270 - Victim node is 1025.
2024-01-26 15:24:54,270 - tensor([1701, 1986, 2034], device='cuda:0')
2024-01-26 15:24:54,270 - Classification Fails.
2024-01-26 15:24:54,271 - Link Generation Fails.
2024-01-26 15:24:55,238 - Victim node is 2698.
2024-01-26 15:24:55,238 - tensor([ 598, 1701, 1986], device='cuda:0')
2024-01-26 15:24:55,238 - Classification Succeeds.
2024-01-26 15:24:55,238 - Link Generation Fails.
2024-01-26 15:24:56,180 - Victim node is 236.
2024-01-26 15:24:56,182 - tensor([1358, 1623, 1986], device='cuda:0')
2024-01-26 15:24:56,182 - Classification Succeeds.
2024-01-26 15:24:56,182 - Link Generation Fails.
2024-01-26 15:24:57,099 - Victim node is 895.
2024-01-26 15:24:57,100 - tensor([ 702, 1058, 1914], device='cuda:0')
2024-01-26 15:24:57,100 - Classification Fails.
2024-01-26 15:24:57,100 - Link Generation Fails.
2024-01-26 15:24:58,100 - Victim node is 644.
2024-01-26 15:24:58,100 - tensor([1013, 1224, 1914], device='cuda:0')
2024-01-26 15:24:58,100 - Classification Fails.
2024-01-26 15:24:58,100 - Link Generation Fails.
2024-01-26 15:24:59,084 - Victim node is 290.
2024-01-26 15:24:59,084 - tensor([ 306, 1358, 1986], device='cuda:0')
2024-01-26 15:24:59,084 - Classification Succeeds.
2024-01-26 15:24:59,084 - Link Generation Fails.
2024-01-26 15:25:00,078 - Victim node is 393.
2024-01-26 15:25:00,078 - tensor([ 444, 2464, 2708], device='cuda:0')
2024-01-26 15:25:00,078 - Classification Fails.
2024-01-26 15:25:00,078 - Link Generation Succeeds.
2024-01-26 15:25:01,085 - Victim node is 2137.
2024-01-26 15:25:01,086 - tensor([ 306, 1013, 1358], device='cuda:0')
2024-01-26 15:25:01,086 - Classification Fails.
2024-01-26 15:25:01,086 - Link Generation Fails.
2024-01-26 15:25:02,076 - Victim node is 2168.
2024-01-26 15:25:02,076 - tensor([1358, 1701, 1986], device='cuda:0')
2024-01-26 15:25:02,076 - Classification Fails.
2024-01-26 15:25:02,076 - Link Generation Fails.
2024-01-26 15:25:03,057 - Victim node is 344.
2024-01-26 15:25:03,057 - tensor([ 657, 1169, 1358], device='cuda:0')
2024-01-26 15:25:03,058 - Classification Succeeds.
2024-01-26 15:25:03,058 - Link Generation Fails.
2024-01-26 15:25:04,016 - Victim node is 1611.
2024-01-26 15:25:04,017 - tensor([1701, 1810, 1986], device='cuda:0')
2024-01-26 15:25:04,017 - Classification Succeeds.
2024-01-26 15:25:04,017 - Link Generation Fails.
2024-01-26 15:25:05,009 - Victim node is 2450.
2024-01-26 15:25:05,009 - tensor([1169, 1358, 1765], device='cuda:0')
2024-01-26 15:25:05,009 - Classification Succeeds.
2024-01-26 15:25:05,009 - Link Generation Fails.
2024-01-26 15:25:05,964 - Victim node is 41.
2024-01-26 15:25:05,964 - tensor([ 306, 1358, 1623], device='cuda:0')
2024-01-26 15:25:05,965 - Classification Succeeds.
2024-01-26 15:25:05,965 - Link Generation Fails.
2024-01-26 15:25:06,953 - Victim node is 1436.
2024-01-26 15:25:06,953 - tensor([1119, 1692, 2712], device='cuda:0')
2024-01-26 15:25:06,953 - Classification Fails.
2024-01-26 15:25:06,953 - Link Generation Succeeds.
2024-01-26 15:25:07,948 - Victim node is 1510.
2024-01-26 15:25:07,948 - tensor([ 963, 1257, 1702], device='cuda:0')
2024-01-26 15:25:07,948 - Classification Succeeds.
2024-01-26 15:25:07,949 - Link Generation Fails.
2024-01-26 15:25:08,942 - Victim node is 2275.
2024-01-26 15:25:08,942 - tensor([ 963, 1903, 2464], device='cuda:0')
2024-01-26 15:25:08,942 - Classification Succeeds.
2024-01-26 15:25:08,942 - Link Generation Fails.
2024-01-26 15:25:09,917 - Victim node is 217.
2024-01-26 15:25:09,917 - tensor([ 963, 1257, 1703], device='cuda:0')
2024-01-26 15:25:09,918 - Classification Succeeds.
2024-01-26 15:25:09,918 - Link Generation Fails.
2024-01-26 15:25:10,929 - Victim node is 1332.
2024-01-26 15:25:10,929 - tensor([1169, 1358, 2716], device='cuda:0')
2024-01-26 15:25:10,929 - Classification Fails.
2024-01-26 15:25:10,929 - Link Generation Succeeds.
2024-01-26 15:25:11,915 - Victim node is 1818.
2024-01-26 15:25:11,915 - tensor([2717, 2719, 2785], device='cuda:0')
2024-01-26 15:25:11,915 - Classification Fails.
2024-01-26 15:25:11,915 - Link Generation Succeeds.
2024-01-26 15:25:12,890 - Victim node is 976.
2024-01-26 15:25:12,891 - tensor([1169, 1358, 2710], device='cuda:0')
2024-01-26 15:25:12,891 - Classification Succeeds.
2024-01-26 15:25:12,891 - Link Generation Succeeds.
2024-01-26 15:25:13,862 - Victim node is 2140.
2024-01-26 15:25:13,863 - tensor([ 310, 1701, 2034], device='cuda:0')
2024-01-26 15:25:13,863 - Classification Succeeds.
2024-01-26 15:25:13,863 - Link Generation Fails.
2024-01-26 15:25:14,816 - Victim node is 446.
2024-01-26 15:25:14,816 - tensor([ 306, 1358, 1623], device='cuda:0')
2024-01-26 15:25:14,816 - Classification Fails.
2024-01-26 15:25:14,816 - Link Generation Fails.
2024-01-26 15:25:15,804 - Victim node is 705.
2024-01-26 15:25:15,804 - tensor([ 306, 1358, 1701], device='cuda:0')
2024-01-26 15:25:15,806 - Classification Fails.
2024-01-26 15:25:15,806 - Link Generation Fails.
2024-01-26 15:25:16,783 - Victim node is 2127.
2024-01-26 15:25:16,783 - tensor([ 217,  243, 1966], device='cuda:0')
2024-01-26 15:25:16,783 - Classification Fails.
2024-01-26 15:25:16,783 - Link Generation Fails.
2024-01-26 15:25:17,780 - Victim node is 1832.
2024-01-26 15:25:17,780 - tensor([ 284, 1914, 2224], device='cuda:0')
2024-01-26 15:25:17,780 - Classification Succeeds.
2024-01-26 15:25:17,780 - Link Generation Fails.
2024-01-26 15:25:18,750 - Victim node is 151.
2024-01-26 15:25:18,750 - tensor([1257, 2248, 2671], device='cuda:0')
2024-01-26 15:25:18,751 - Classification Succeeds.
2024-01-26 15:25:18,751 - Link Generation Fails.
2024-01-26 15:25:19,721 - Victim node is 523.
2024-01-26 15:25:19,721 - tensor([ 306, 1358, 1986], device='cuda:0')
2024-01-26 15:25:19,721 - Classification Fails.
2024-01-26 15:25:19,721 - Link Generation Fails.
2024-01-26 15:25:20,718 - Victim node is 2679.
2024-01-26 15:25:20,718 - tensor([ 963, 1692, 2238], device='cuda:0')
2024-01-26 15:25:20,718 - Classification Succeeds.
2024-01-26 15:25:20,718 - Link Generation Fails.
2024-01-26 15:25:21,706 - Victim node is 395.
2024-01-26 15:25:21,706 - tensor([735, 739, 963], device='cuda:0')
2024-01-26 15:25:21,706 - Classification Succeeds.
2024-01-26 15:25:21,706 - Link Generation Fails.
2024-01-26 15:25:22,708 - Victim node is 897.
2024-01-26 15:25:22,708 - tensor([ 306, 1358, 1986], device='cuda:0')
2024-01-26 15:25:22,708 - Classification Succeeds.
2024-01-26 15:25:22,708 - Link Generation Fails.
2024-01-26 15:25:23,695 - Victim node is 1622.
2024-01-26 15:25:23,695 - tensor([ 306, 1358, 1701], device='cuda:0')
2024-01-26 15:25:23,695 - Classification Fails.
2024-01-26 15:25:23,696 - Link Generation Fails.
2024-01-26 15:25:24,694 - Victim node is 9.
2024-01-26 15:25:24,695 - tensor([ 735, 1903, 2464], device='cuda:0')
2024-01-26 15:25:24,695 - Classification Succeeds.
2024-01-26 15:25:24,695 - Link Generation Fails.
2024-01-26 15:25:25,664 - Victim node is 2269.
2024-01-26 15:25:25,665 - tensor([ 963, 1257, 1955], device='cuda:0')
2024-01-26 15:25:25,665 - Classification Succeeds.
2024-01-26 15:25:25,665 - Link Generation Fails.
2024-01-26 15:25:26,644 - Victim node is 913.
2024-01-26 15:25:26,644 - tensor([1169, 2562, 2708], device='cuda:0')
2024-01-26 15:25:26,644 - Classification Fails.
2024-01-26 15:25:26,644 - Link Generation Succeeds.
2024-01-26 15:25:27,627 - Victim node is 110.
2024-01-26 15:25:27,627 - tensor([1169, 1358, 1914], device='cuda:0')
2024-01-26 15:25:27,627 - Classification Succeeds.
2024-01-26 15:25:27,628 - Link Generation Fails.
2024-01-26 15:25:28,602 - Victim node is 1027.
2024-01-26 15:25:28,602 - tensor([1013, 1701, 1986], device='cuda:0')
2024-01-26 15:25:28,602 - Classification Fails.
2024-01-26 15:25:28,602 - Link Generation Fails.
2024-01-26 15:25:29,588 - Victim node is 1212.
2024-01-26 15:25:29,588 - tensor([ 306, 1358, 1986], device='cuda:0')
2024-01-26 15:25:29,588 - Classification Fails.
2024-01-26 15:25:29,588 - Link Generation Fails.
2024-01-26 15:25:30,584 - Victim node is 923.
2024-01-26 15:25:30,584 - tensor([ 963, 1257, 1955], device='cuda:0')
2024-01-26 15:25:30,585 - Classification Fails.
2024-01-26 15:25:30,585 - Link Generation Fails.
2024-01-26 15:25:31,574 - Victim node is 578.
2024-01-26 15:25:31,574 - tensor([ 306, 1358, 1701], device='cuda:0')
2024-01-26 15:25:31,575 - Classification Succeeds.
2024-01-26 15:25:31,575 - Link Generation Fails.
2024-01-26 15:25:32,568 - Victim node is 1937.
2024-01-26 15:25:32,568 - tensor([ 306, 1013, 1358], device='cuda:0')
2024-01-26 15:25:32,568 - Classification Fails.
2024-01-26 15:25:32,568 - Link Generation Fails.
2024-01-26 15:25:33,563 - Victim node is 2666.
2024-01-26 15:25:33,563 - tensor([ 963, 1257, 2709], device='cuda:0')
2024-01-26 15:25:33,563 - Classification Fails.
2024-01-26 15:25:33,563 - Link Generation Succeeds.
2024-01-26 15:25:34,559 - Victim node is 1463.
2024-01-26 15:25:34,559 - tensor([ 306, 1701, 1986], device='cuda:0')
2024-01-26 15:25:34,559 - Classification Succeeds.
2024-01-26 15:25:34,559 - Link Generation Fails.
2024-01-26 15:25:35,520 - Victim node is 271.
2024-01-26 15:25:35,520 - tensor([1202, 1257, 2248], device='cuda:0')
2024-01-26 15:25:35,522 - Classification Succeeds.
2024-01-26 15:25:35,522 - Link Generation Fails.
2024-01-26 15:25:36,497 - Victim node is 987.
2024-01-26 15:25:36,497 - tensor([  12, 1257, 2662], device='cuda:0')
2024-01-26 15:25:36,498 - Classification Fails.
2024-01-26 15:25:36,498 - Link Generation Fails.
2024-01-26 15:25:37,500 - Victim node is 244.
2024-01-26 15:25:37,500 - tensor([ 306, 1701, 1986], device='cuda:0')
2024-01-26 15:25:37,500 - Classification Succeeds.
2024-01-26 15:25:37,500 - Link Generation Fails.
2024-01-26 15:25:38,444 - Victim node is 1935.
2024-01-26 15:25:38,444 - tensor([1358, 1701, 1986], device='cuda:0')
2024-01-26 15:25:38,445 - Classification Succeeds.
2024-01-26 15:25:38,445 - Link Generation Fails.
2024-01-26 15:25:39,439 - Victim node is 2226.
2024-01-26 15:25:39,439 - tensor([ 735, 1257, 1955], device='cuda:0')
2024-01-26 15:25:39,440 - Classification Fails.
2024-01-26 15:25:39,440 - Link Generation Fails.
2024-01-26 15:25:40,429 - Victim node is 1623.
2024-01-26 15:25:40,429 - tensor([ 306, 1358, 1986], device='cuda:0')
2024-01-26 15:25:40,429 - Classification Succeeds.
2024-01-26 15:25:40,429 - Link Generation Fails.
2024-01-26 15:25:41,398 - Victim node is 2625.
2024-01-26 15:25:41,398 - tensor([ 963, 1257, 1692], device='cuda:0')
2024-01-26 15:25:41,398 - Classification Fails.
2024-01-26 15:25:41,398 - Link Generation Fails.
2024-01-26 15:25:42,395 - Victim node is 1032.
2024-01-26 15:25:42,395 - tensor([ 735, 1955, 2708], device='cuda:0')
2024-01-26 15:25:42,396 - Classification Succeeds.
2024-01-26 15:25:42,396 - Link Generation Succeeds.
2024-01-26 15:25:43,364 - Victim node is 278.
2024-01-26 15:25:43,364 - tensor([ 963, 1692, 2238], device='cuda:0')
2024-01-26 15:25:43,365 - Classification Fails.
2024-01-26 15:25:43,365 - Link Generation Fails.
2024-01-26 15:25:44,354 - Victim node is 1455.
2024-01-26 15:25:44,354 - tensor([ 306, 1358, 1623], device='cuda:0')
2024-01-26 15:25:44,354 - Classification Succeeds.
2024-01-26 15:25:44,356 - Link Generation Fails.
2024-01-26 15:25:45,305 - Victim node is 1922.
2024-01-26 15:25:45,305 - tensor([ 306, 1013, 1623], device='cuda:0')
2024-01-26 15:25:45,307 - Classification Succeeds.
2024-01-26 15:25:45,307 - Link Generation Fails.
2024-01-26 15:25:46,235 - Victim node is 1278.
2024-01-26 15:25:46,235 - tensor([1119, 2124, 2126], device='cuda:0')
2024-01-26 15:25:46,235 - Classification Succeeds.
2024-01-26 15:25:46,235 - Link Generation Fails.
2024-01-26 15:25:47,195 - Victim node is 1344.
2024-01-26 15:25:47,195 - tensor([ 306, 1986, 2034], device='cuda:0')
2024-01-26 15:25:47,195 - Classification Succeeds.
2024-01-26 15:25:47,195 - Link Generation Fails.
2024-01-26 15:25:48,160 - Victim node is 1533.
2024-01-26 15:25:48,160 - tensor([ 739,  963, 1257], device='cuda:0')
2024-01-26 15:25:48,160 - Classification Succeeds.
2024-01-26 15:25:48,160 - Link Generation Fails.
2024-01-26 15:25:49,063 - Victim node is 1546.
2024-01-26 15:25:49,063 - tensor([ 306, 1701, 1986], device='cuda:0')
2024-01-26 15:25:49,064 - Classification Succeeds.
2024-01-26 15:25:49,064 - Link Generation Fails.
2024-01-26 15:25:50,023 - Victim node is 1563.
2024-01-26 15:25:50,023 - tensor([1358, 1701, 1986], device='cuda:0')
2024-01-26 15:25:50,024 - Classification Succeeds.
2024-01-26 15:25:50,024 - Link Generation Fails.
2024-01-26 15:25:50,954 - Victim node is 1210.
2024-01-26 15:25:50,955 - tensor([1358, 1642, 2708], device='cuda:0')
2024-01-26 15:25:50,955 - Classification Succeeds.
2024-01-26 15:25:50,955 - Link Generation Succeeds.
2024-01-26 15:25:51,916 - Victim node is 247.
2024-01-26 15:25:51,916 - tensor([1701, 1810, 2034], device='cuda:0')
2024-01-26 15:25:51,917 - Classification Succeeds.
2024-01-26 15:25:51,917 - Link Generation Fails.
2024-01-26 15:25:52,890 - Victim node is 914.
2024-01-26 15:25:52,890 - tensor([1358, 1701, 1986], device='cuda:0')
2024-01-26 15:25:52,890 - Classification Succeeds.
2024-01-26 15:25:52,890 - Link Generation Fails.
2024-01-26 15:25:53,854 - Victim node is 868.
2024-01-26 15:25:53,854 - tensor([ 306, 1013, 1986], device='cuda:0')
2024-01-26 15:25:53,855 - Classification Fails.
2024-01-26 15:25:53,855 - Link Generation Fails.
2024-01-26 15:25:54,790 - Victim node is 2399.
2024-01-26 15:25:54,791 - tensor([ 739, 1257, 1692], device='cuda:0')
2024-01-26 15:25:54,791 - Classification Succeeds.
2024-01-26 15:25:54,791 - Link Generation Fails.
2024-01-26 15:25:55,783 - Victim node is 181.
2024-01-26 15:25:55,783 - tensor([ 306, 1358, 1623], device='cuda:0')
2024-01-26 15:25:55,784 - Classification Succeeds.
2024-01-26 15:25:55,784 - Link Generation Fails.
2024-01-26 15:25:56,785 - Victim node is 2314.
2024-01-26 15:25:56,785 - tensor([ 306, 1358, 1623], device='cuda:0')
2024-01-26 15:25:56,786 - Classification Fails.
2024-01-26 15:25:56,786 - Link Generation Fails.
2024-01-26 15:25:57,739 - Victim node is 685.
2024-01-26 15:25:57,739 - tensor([1358, 1914, 2709], device='cuda:0')
2024-01-26 15:25:57,740 - Classification Fails.
2024-01-26 15:25:57,740 - Link Generation Succeeds.
2024-01-26 15:25:58,672 - Victim node is 896.
2024-01-26 15:25:58,672 - tensor([1169, 1358, 2708], device='cuda:0')
2024-01-26 15:25:58,672 - Classification Fails.
2024-01-26 15:25:58,674 - Link Generation Succeeds.
2024-01-26 15:25:59,617 - Victim node is 1185.
2024-01-26 15:25:59,617 - tensor([ 963, 1692, 2539], device='cuda:0')
2024-01-26 15:25:59,618 - Classification Succeeds.
2024-01-26 15:25:59,618 - Link Generation Fails.
2024-01-26 15:26:00,579 - Victim node is 245.
2024-01-26 15:26:00,579 - tensor([2709, 2710, 2711], device='cuda:0')
2024-01-26 15:26:00,581 - Classification Succeeds.
2024-01-26 15:26:00,581 - Link Generation Succeeds.
2024-01-26 15:26:01,544 - Victim node is 2668.
2024-01-26 15:26:01,544 - tensor([1701, 1986, 2034], device='cuda:0')
2024-01-26 15:26:01,544 - Classification Succeeds.
2024-01-26 15:26:01,545 - Link Generation Fails.
2024-01-26 15:26:02,469 - Victim node is 1035.
2024-01-26 15:26:02,469 - tensor([ 306, 1358, 1914], device='cuda:0')
2024-01-26 15:26:02,469 - Classification Succeeds.
2024-01-26 15:26:02,469 - Link Generation Fails.
2024-01-26 15:26:03,438 - Victim node is 2115.
2024-01-26 15:26:03,438 - tensor([1554, 1701, 1952], device='cuda:0')
2024-01-26 15:26:03,438 - Classification Succeeds.
2024-01-26 15:26:03,438 - Link Generation Fails.
2024-01-26 15:26:04,429 - Victim node is 150.
2024-01-26 15:26:04,429 - tensor([1701, 1986, 2034], device='cuda:0')
2024-01-26 15:26:04,430 - Classification Succeeds.
2024-01-26 15:26:04,430 - Link Generation Fails.
2024-01-26 15:26:05,415 - Victim node is 1969.
2024-01-26 15:26:05,415 - tensor([ 963, 2034, 2130], device='cuda:0')
2024-01-26 15:26:05,415 - Classification Succeeds.
2024-01-26 15:26:05,416 - Link Generation Fails.
2024-01-26 15:26:06,386 - Victim node is 1861.
2024-01-26 15:26:06,386 - tensor([ 700, 2744, 2779], device='cuda:0')
2024-01-26 15:26:06,387 - Classification Succeeds.
2024-01-26 15:26:06,387 - Link Generation Succeeds.
2024-01-26 15:26:07,313 - Victim node is 1399.
2024-01-26 15:26:07,313 - tensor([ 306, 1358, 1701], device='cuda:0')
2024-01-26 15:26:07,314 - Classification Fails.
2024-01-26 15:26:07,314 - Link Generation Fails.
2024-01-26 15:26:08,278 - Victim node is 377.
2024-01-26 15:26:08,278 - tensor([1701, 1810, 2034], device='cuda:0')
2024-01-26 15:26:08,279 - Classification Fails.
2024-01-26 15:26:08,279 - Link Generation Fails.
2024-01-26 15:26:09,214 - Victim node is 732.
2024-01-26 15:26:09,214 - tensor([1169, 1358, 1483], device='cuda:0')
2024-01-26 15:26:09,215 - Classification Succeeds.
2024-01-26 15:26:09,215 - Link Generation Fails.
2024-01-26 15:26:10,128 - Victim node is 860.
2024-01-26 15:26:10,128 - tensor([ 306, 1358, 1986], device='cuda:0')
2024-01-26 15:26:10,129 - Classification Succeeds.
2024-01-26 15:26:10,129 - Link Generation Fails.
2024-01-26 15:26:11,113 - Victim node is 1555.
2024-01-26 15:26:11,113 - tensor([ 739, 1955, 2715], device='cuda:0')
2024-01-26 15:26:11,113 - Classification Succeeds.
2024-01-26 15:26:11,113 - Link Generation Succeeds.
2024-01-26 15:26:12,080 - Victim node is 261.
2024-01-26 15:26:12,080 - tensor([ 306, 1358, 1986], device='cuda:0')
2024-01-26 15:26:12,080 - Classification Succeeds.
2024-01-26 15:26:12,080 - Link Generation Fails.
2024-01-26 15:26:13,006 - Victim node is 2282.
2024-01-26 15:26:13,006 - tensor([ 306, 1701, 1986], device='cuda:0')
2024-01-26 15:26:13,007 - Classification Succeeds.
2024-01-26 15:26:13,007 - Link Generation Fails.
2024-01-26 15:26:13,956 - Victim node is 1421.
2024-01-26 15:26:13,957 - tensor([ 306, 1358, 1986], device='cuda:0')
2024-01-26 15:26:13,957 - Classification Succeeds.
2024-01-26 15:26:13,957 - Link Generation Fails.
2024-01-26 15:26:14,877 - Victim node is 2133.
2024-01-26 15:26:14,877 - tensor([1701, 1986, 2034], device='cuda:0')
2024-01-26 15:26:14,877 - Classification Succeeds.
2024-01-26 15:26:14,877 - Link Generation Fails.
2024-01-26 15:26:15,780 - Victim node is 2514.
2024-01-26 15:26:15,780 - tensor([1169, 1358, 1914], device='cuda:0')
2024-01-26 15:26:15,780 - Classification Succeeds.
2024-01-26 15:26:15,780 - Link Generation Fails.
2024-01-26 15:26:16,699 - Victim node is 1121.
2024-01-26 15:26:16,699 - tensor([ 306, 1701, 1986], device='cuda:0')
2024-01-26 15:26:16,699 - Classification Succeeds.
2024-01-26 15:26:16,699 - Link Generation Fails.
2024-01-26 15:26:17,612 - Victim node is 1993.
2024-01-26 15:26:17,612 - tensor([ 306, 1358, 1701], device='cuda:0')
2024-01-26 15:26:17,612 - Classification Succeeds.
2024-01-26 15:26:17,612 - Link Generation Fails.
2024-01-26 15:26:18,503 - Victim node is 1885.
2024-01-26 15:26:18,504 - tensor([540, 735, 747], device='cuda:0')
2024-01-26 15:26:18,504 - Classification Succeeds.
2024-01-26 15:26:18,504 - Link Generation Fails.
2024-01-26 15:26:19,402 - Victim node is 2233.
2024-01-26 15:26:19,402 - tensor([ 306, 1701, 1986], device='cuda:0')
2024-01-26 15:26:19,402 - Classification Fails.
2024-01-26 15:26:19,402 - Link Generation Fails.
2024-01-26 15:26:20,294 - Victim node is 2313.
2024-01-26 15:26:20,294 - tensor([1169, 1358, 1483], device='cuda:0')
2024-01-26 15:26:20,294 - Classification Succeeds.
2024-01-26 15:26:20,295 - Link Generation Fails.
2024-01-26 15:26:21,212 - Victim node is 1198.
2024-01-26 15:26:21,212 - tensor([ 306, 1358, 1701], device='cuda:0')
2024-01-26 15:26:21,212 - Classification Fails.
2024-01-26 15:26:21,212 - Link Generation Fails.
2024-01-26 15:26:22,103 - Victim node is 905.
2024-01-26 15:26:22,103 - tensor([ 306, 1358, 1701], device='cuda:0')
2024-01-26 15:26:22,103 - Classification Fails.
2024-01-26 15:26:22,103 - Link Generation Fails.
2024-01-26 15:26:22,996 - Victim node is 146.
2024-01-26 15:26:22,996 - tensor([ 306, 1358, 1623], device='cuda:0')
2024-01-26 15:26:22,996 - Classification Succeeds.
2024-01-26 15:26:22,996 - Link Generation Fails.
2024-01-26 15:26:23,909 - Victim node is 2586.
2024-01-26 15:26:23,909 - tensor([ 963, 1257, 2464], device='cuda:0')
2024-01-26 15:26:23,909 - Classification Fails.
2024-01-26 15:26:23,909 - Link Generation Fails.
2024-01-26 15:26:24,829 - Victim node is 1311.
2024-01-26 15:26:24,829 - tensor([ 118,  441, 1914], device='cuda:0')
2024-01-26 15:26:24,831 - Classification Succeeds.
2024-01-26 15:26:24,831 - Link Generation Fails.
2024-01-26 15:26:25,742 - Victim node is 2664.
2024-01-26 15:26:25,743 - tensor([1701, 1810, 1986], device='cuda:0')
2024-01-26 15:26:25,743 - Classification Succeeds.
2024-01-26 15:26:25,743 - Link Generation Fails.
2024-01-26 15:26:26,686 - Victim node is 218.
2024-01-26 15:26:26,686 - tensor([1701, 1986, 2034], device='cuda:0')
2024-01-26 15:26:26,686 - Classification Succeeds.
2024-01-26 15:26:26,686 - Link Generation Fails.
2024-01-26 15:26:27,645 - Victim node is 1457.
2024-01-26 15:26:27,645 - tensor([ 739, 2464, 2710], device='cuda:0')
2024-01-26 15:26:27,645 - Classification Fails.
2024-01-26 15:26:27,645 - Link Generation Succeeds.
2024-01-26 15:26:28,629 - Victim node is 739.
2024-01-26 15:26:28,629 - tensor([ 963, 1257, 1955], device='cuda:0')
2024-01-26 15:26:28,630 - Classification Succeeds.
2024-01-26 15:26:28,630 - Link Generation Fails.
2024-01-26 15:26:29,577 - Victim node is 1886.
2024-01-26 15:26:29,577 - tensor([ 306, 1013, 1358], device='cuda:0')
2024-01-26 15:26:29,578 - Classification Succeeds.
2024-01-26 15:26:29,578 - Link Generation Fails.
2024-01-26 15:26:30,482 - Victim node is 1393.
2024-01-26 15:26:30,482 - tensor([  12,  963, 1257], device='cuda:0')
2024-01-26 15:26:30,482 - Classification Fails.
2024-01-26 15:26:30,483 - Link Generation Fails.
2024-01-26 15:26:31,378 - Victim node is 1406.
2024-01-26 15:26:31,378 - tensor([ 963, 1257, 2464], device='cuda:0')
2024-01-26 15:26:31,378 - Classification Succeeds.
2024-01-26 15:26:31,378 - Link Generation Fails.
2024-01-26 15:26:32,254 - Victim node is 130.
2024-01-26 15:26:32,254 - tensor([1013, 1701, 1914], device='cuda:0')
2024-01-26 15:26:32,255 - Classification Succeeds.
2024-01-26 15:26:32,255 - Link Generation Fails.
2024-01-26 15:26:33,148 - Victim node is 2193.
2024-01-26 15:26:33,148 - tensor([ 306, 1358, 1701], device='cuda:0')
2024-01-26 15:26:33,148 - Classification Fails.
2024-01-26 15:26:33,148 - Link Generation Fails.
2024-01-26 15:26:34,037 - Victim node is 47.
2024-01-26 15:26:34,037 - tensor([ 119, 1647, 2160], device='cuda:0')
2024-01-26 15:26:34,037 - Classification Succeeds.
2024-01-26 15:26:34,037 - Link Generation Fails.
2024-01-26 15:26:34,950 - Victim node is 1554.
2024-01-26 15:26:34,950 - tensor([2708, 2709, 2710], device='cuda:0')
2024-01-26 15:26:34,950 - Classification Succeeds.
2024-01-26 15:26:34,951 - Link Generation Succeeds.
2024-01-26 15:26:35,855 - Victim node is 102.
2024-01-26 15:26:35,855 - tensor([ 306, 1358, 1986], device='cuda:0')
2024-01-26 15:26:35,855 - Classification Succeeds.
2024-01-26 15:26:35,855 - Link Generation Fails.
2024-01-26 15:26:36,750 - Victim node is 2624.
2024-01-26 15:26:36,750 - tensor([1119, 1701, 1986], device='cuda:0')
2024-01-26 15:26:36,750 - Classification Succeeds.
2024-01-26 15:26:36,751 - Link Generation Fails.
2024-01-26 15:26:37,628 - Victim node is 737.
2024-01-26 15:26:37,629 - tensor([ 306, 1358, 1914], device='cuda:0')
2024-01-26 15:26:37,629 - Classification Succeeds.
2024-01-26 15:26:37,629 - Link Generation Fails.
2024-01-26 15:26:38,500 - Victim node is 2595.
2024-01-26 15:26:38,500 - tensor([1701, 1810, 2034], device='cuda:0')
2024-01-26 15:26:38,500 - Classification Succeeds.
2024-01-26 15:26:38,500 - Link Generation Fails.
2024-01-26 15:26:39,401 - Victim node is 549.
2024-01-26 15:26:39,401 - tensor([1701, 1986, 2034], device='cuda:0')
2024-01-26 15:26:39,401 - Classification Succeeds.
2024-01-26 15:26:39,401 - Link Generation Fails.
2024-01-26 15:26:40,269 - Victim node is 1044.
2024-01-26 15:26:40,269 - tensor([ 145,  374, 2160], device='cuda:0')
2024-01-26 15:26:40,270 - Classification Succeeds.
2024-01-26 15:26:40,270 - Link Generation Fails.
2024-01-26 15:26:41,123 - Victim node is 100.
2024-01-26 15:26:41,124 - tensor([ 306, 1358, 1986], device='cuda:0')
2024-01-26 15:26:41,124 - Classification Succeeds.
2024-01-26 15:26:41,124 - Link Generation Fails.
2024-01-26 15:26:42,013 - Victim node is 2365.
2024-01-26 15:26:42,014 - tensor([1169, 1358, 1483], device='cuda:0')
2024-01-26 15:26:42,014 - Classification Succeeds.
2024-01-26 15:26:42,014 - Link Generation Fails.
2024-01-26 15:26:42,928 - Victim node is 214.
2024-01-26 15:26:42,928 - tensor([ 306, 1358, 1623], device='cuda:0')
2024-01-26 15:26:42,929 - Classification Fails.
2024-01-26 15:26:42,929 - Link Generation Fails.
2024-01-26 15:26:43,831 - Victim node is 2486.
2024-01-26 15:26:43,831 - tensor([2539, 2712, 2714], device='cuda:0')
2024-01-26 15:26:43,832 - Classification Succeeds.
2024-01-26 15:26:43,832 - Link Generation Succeeds.
2024-01-26 15:26:44,721 - Victim node is 734.
2024-01-26 15:26:44,721 - tensor([ 306, 1358, 1701], device='cuda:0')
2024-01-26 15:26:44,721 - Classification Fails.
2024-01-26 15:26:44,722 - Link Generation Fails.
2024-01-26 15:26:45,627 - Victim node is 2234.
2024-01-26 15:26:45,627 - tensor([ 963, 1257, 2248], device='cuda:0')
2024-01-26 15:26:45,628 - Classification Succeeds.
2024-01-26 15:26:45,628 - Link Generation Fails.
2024-01-26 15:26:46,556 - Victim node is 292.
2024-01-26 15:26:46,556 - tensor([ 735, 2709, 2710], device='cuda:0')
2024-01-26 15:26:46,556 - Classification Fails.
2024-01-26 15:26:46,556 - Link Generation Succeeds.
2024-01-26 15:26:47,456 - Victim node is 301.
2024-01-26 15:26:47,456 - tensor([ 306, 1358, 1986], device='cuda:0')
2024-01-26 15:26:47,456 - Classification Succeeds.
2024-01-26 15:26:47,457 - Link Generation Fails.
2024-01-26 15:26:48,347 - Victim node is 861.
2024-01-26 15:26:48,347 - tensor([ 306, 1013, 1986], device='cuda:0')
2024-01-26 15:26:48,347 - Classification Succeeds.
2024-01-26 15:26:48,347 - Link Generation Fails.
2024-01-26 15:26:49,213 - Victim node is 636.
2024-01-26 15:26:49,213 - tensor([1358, 1701, 1986], device='cuda:0')
2024-01-26 15:26:49,214 - Classification Fails.
2024-01-26 15:26:49,214 - Link Generation Fails.
2024-01-26 15:26:50,086 - Victim node is 1955.
2024-01-26 15:26:50,086 - tensor([1579, 1903, 2464], device='cuda:0')
2024-01-26 15:26:50,086 - Classification Succeeds.
2024-01-26 15:26:50,086 - Link Generation Fails.
2024-01-26 15:26:50,985 - Victim node is 1645.
2024-01-26 15:26:50,985 - tensor([1542, 1701, 1986], device='cuda:0')
2024-01-26 15:26:50,985 - Classification Succeeds.
2024-01-26 15:26:50,985 - Link Generation Fails.
2024-01-26 15:26:51,898 - Victim node is 61.
2024-01-26 15:26:51,899 - tensor([ 306, 1701, 1986], device='cuda:0')
2024-01-26 15:26:51,899 - Classification Succeeds.
2024-01-26 15:26:51,899 - Link Generation Fails.
2024-01-26 15:26:52,852 - Victim node is 1821.
2024-01-26 15:26:52,852 - tensor([1358, 1701, 1986], device='cuda:0')
2024-01-26 15:26:52,853 - Classification Succeeds.
2024-01-26 15:26:52,853 - Link Generation Fails.
2024-01-26 15:26:53,802 - Victim node is 810.
2024-01-26 15:26:53,802 - tensor([1810, 1986, 2034], device='cuda:0')
2024-01-26 15:26:53,803 - Classification Succeeds.
2024-01-26 15:26:53,803 - Link Generation Fails.
2024-01-26 15:26:54,719 - Victim node is 2400.
2024-01-26 15:26:54,719 - tensor([1257, 1692, 2248], device='cuda:0')
2024-01-26 15:26:54,719 - Classification Succeeds.
2024-01-26 15:26:54,719 - Link Generation Fails.
2024-01-26 15:26:55,680 - Victim node is 202.
2024-01-26 15:26:55,680 - tensor([1169, 1358, 1725], device='cuda:0')
2024-01-26 15:26:55,680 - Classification Succeeds.
2024-01-26 15:26:55,680 - Link Generation Fails.
2024-01-26 15:26:56,606 - Victim node is 718.
2024-01-26 15:26:56,606 - tensor([ 306, 1358, 1986], device='cuda:0')
2024-01-26 15:26:56,606 - Classification Succeeds.
2024-01-26 15:26:56,606 - Link Generation Fails.
2024-01-26 15:26:57,526 - Victim node is 2068.
2024-01-26 15:26:57,526 - tensor([ 119, 1441, 2196], device='cuda:0')
2024-01-26 15:26:57,526 - Classification Succeeds.
2024-01-26 15:26:57,526 - Link Generation Fails.
2024-01-26 15:26:58,418 - Victim node is 19.
2024-01-26 15:26:58,418 - tensor([ 963, 1257, 2708], device='cuda:0')
2024-01-26 15:26:58,418 - Classification Succeeds.
2024-01-26 15:26:58,419 - Link Generation Succeeds.
2024-01-26 15:26:59,323 - Victim node is 2564.
2024-01-26 15:26:59,323 - tensor([1692, 1703, 1966], device='cuda:0')
2024-01-26 15:26:59,323 - Classification Succeeds.
2024-01-26 15:26:59,323 - Link Generation Fails.
2024-01-26 15:27:00,219 - Victim node is 977.
2024-01-26 15:27:00,219 - tensor([2710, 2711, 2712], device='cuda:0')
2024-01-26 15:27:00,220 - Classification Succeeds.
2024-01-26 15:27:00,220 - Link Generation Succeeds.
2024-01-26 15:27:01,143 - Victim node is 489.
2024-01-26 15:27:01,143 - tensor([ 306, 1701, 1986], device='cuda:0')
2024-01-26 15:27:01,143 - Classification Succeeds.
2024-01-26 15:27:01,143 - Link Generation Fails.
2024-01-26 15:27:02,076 - Victim node is 340.
2024-01-26 15:27:02,076 - tensor([ 492, 1257, 2671], device='cuda:0')
2024-01-26 15:27:02,076 - Classification Succeeds.
2024-01-26 15:27:02,076 - Link Generation Fails.
2024-01-26 15:27:03,005 - Victim node is 1152.
2024-01-26 15:27:03,005 - tensor([1701, 1986, 2034], device='cuda:0')
2024-01-26 15:27:03,007 - Classification Fails.
2024-01-26 15:27:03,007 - Link Generation Fails.
2024-01-26 15:27:03,963 - Victim node is 1796.
2024-01-26 15:27:03,963 - tensor([1257, 2713, 2714], device='cuda:0')
2024-01-26 15:27:03,964 - Classification Fails.
2024-01-26 15:27:03,964 - Link Generation Succeeds.
2024-01-26 15:27:04,940 - Victim node is 322.
2024-01-26 15:27:04,941 - tensor([  73, 1358, 1765], device='cuda:0')
2024-01-26 15:27:04,941 - Classification Succeeds.
2024-01-26 15:27:04,941 - Link Generation Fails.
2024-01-26 15:27:05,856 - Victim node is 399.
2024-01-26 15:27:05,856 - tensor([ 306, 1358, 1701], device='cuda:0')
2024-01-26 15:27:05,857 - Classification Succeeds.
2024-01-26 15:27:05,857 - Link Generation Fails.
2024-01-26 15:27:06,822 - Victim node is 2373.
2024-01-26 15:27:06,822 - tensor([ 371, 1257, 1955], device='cuda:0')
2024-01-26 15:27:06,823 - Classification Fails.
2024-01-26 15:27:06,823 - Link Generation Fails.
2024-01-26 15:27:07,773 - Victim node is 1258.
2024-01-26 15:27:07,773 - tensor([ 306, 1013, 1358], device='cuda:0')
2024-01-26 15:27:07,773 - Classification Succeeds.
2024-01-26 15:27:07,773 - Link Generation Fails.
2024-01-26 15:27:08,768 - Victim node is 369.
2024-01-26 15:27:08,769 - tensor([1257, 2708, 2709], device='cuda:0')
2024-01-26 15:27:08,769 - Classification Fails.
2024-01-26 15:27:08,769 - Link Generation Succeeds.
2024-01-26 15:27:09,712 - Victim node is 2460.
2024-01-26 15:27:09,712 - tensor([ 306, 1358, 1986], device='cuda:0')
2024-01-26 15:27:09,712 - Classification Succeeds.
2024-01-26 15:27:09,712 - Link Generation Fails.
2024-01-26 15:27:10,636 - Victim node is 2211.
2024-01-26 15:27:10,636 - tensor([1701, 1986, 2034], device='cuda:0')
2024-01-26 15:27:10,637 - Classification Fails.
2024-01-26 15:27:10,637 - Link Generation Fails.
2024-01-26 15:27:11,525 - Victim node is 223.
2024-01-26 15:27:11,526 - tensor([1169, 1358, 1483], device='cuda:0')
2024-01-26 15:27:11,526 - Classification Succeeds.
2024-01-26 15:27:11,526 - Link Generation Fails.
2024-01-26 15:27:12,433 - Victim node is 423.
2024-01-26 15:27:12,433 - tensor([ 306, 1358, 1986], device='cuda:0')
2024-01-26 15:27:12,435 - Classification Succeeds.
2024-01-26 15:27:12,435 - Link Generation Fails.
2024-01-26 15:27:13,349 - Victim node is 2176.
2024-01-26 15:27:13,349 - tensor([1542, 1701, 1986], device='cuda:0')
2024-01-26 15:27:13,349 - Classification Succeeds.
2024-01-26 15:27:13,349 - Link Generation Fails.
2024-01-26 15:27:14,216 - Victim node is 2378.
2024-01-26 15:27:14,217 - tensor([ 963, 1257, 1955], device='cuda:0')
2024-01-26 15:27:14,217 - Classification Succeeds.
2024-01-26 15:27:14,217 - Link Generation Fails.
2024-01-26 15:27:15,088 - Victim node is 285.
2024-01-26 15:27:15,088 - tensor([ 306, 1013, 1358], device='cuda:0')
2024-01-26 15:27:15,088 - Classification Fails.
2024-01-26 15:27:15,088 - Link Generation Fails.
2024-01-26 15:27:15,958 - Victim node is 563.
2024-01-26 15:27:15,958 - tensor([ 306, 1358, 1986], device='cuda:0')
2024-01-26 15:27:15,958 - Classification Succeeds.
2024-01-26 15:27:15,958 - Link Generation Fails.
2024-01-26 15:27:16,828 - Victim node is 49.
2024-01-26 15:27:16,829 - tensor([1542, 1701, 1986], device='cuda:0')
2024-01-26 15:27:16,829 - Classification Succeeds.
2024-01-26 15:27:16,829 - Link Generation Fails.
2024-01-26 15:27:17,716 - Victim node is 250.
2024-01-26 15:27:17,716 - tensor([ 106, 1058, 2461], device='cuda:0')
2024-01-26 15:27:17,716 - Classification Fails.
2024-01-26 15:27:17,716 - Link Generation Fails.
2024-01-26 15:27:18,598 - Victim node is 931.
2024-01-26 15:27:18,598 - tensor([ 306, 1358, 1623], device='cuda:0')
2024-01-26 15:27:18,598 - Classification Succeeds.
2024-01-26 15:27:18,598 - Link Generation Fails.
2024-01-26 15:27:19,486 - Victim node is 1696.
2024-01-26 15:27:19,486 - tensor([ 306, 1013, 1358], device='cuda:0')
2024-01-26 15:27:19,487 - Classification Fails.
2024-01-26 15:27:19,487 - Link Generation Fails.
2024-01-26 15:27:20,353 - Victim node is 515.
2024-01-26 15:27:20,353 - tensor([ 119,  540, 1441], device='cuda:0')
2024-01-26 15:27:20,354 - Classification Fails.
2024-01-26 15:27:20,354 - Link Generation Fails.
2024-01-26 15:27:21,227 - Victim node is 935.
2024-01-26 15:27:21,227 - tensor([2721, 2722, 2749], device='cuda:0')
2024-01-26 15:27:21,227 - Classification Succeeds.
2024-01-26 15:27:21,227 - Link Generation Succeeds.
2024-01-26 15:27:22,087 - Victim node is 1369.
2024-01-26 15:27:22,087 - tensor([ 739,  963, 1257], device='cuda:0')
2024-01-26 15:27:22,087 - Classification Succeeds.
2024-01-26 15:27:22,087 - Link Generation Fails.
2024-01-26 15:27:22,949 - Victim node is 2002.
2024-01-26 15:27:22,949 - tensor([ 306, 1358, 1701], device='cuda:0')
2024-01-26 15:27:22,950 - Classification Fails.
2024-01-26 15:27:22,950 - Link Generation Fails.
2024-01-26 15:27:23,814 - Victim node is 1381.
2024-01-26 15:27:23,814 - tensor([1955, 2464, 2709], device='cuda:0')
2024-01-26 15:27:23,814 - Classification Fails.
2024-01-26 15:27:23,814 - Link Generation Succeeds.
2024-01-26 15:27:24,681 - Victim node is 1162.
2024-01-26 15:27:24,681 - tensor([ 374, 1257, 2464], device='cuda:0')
2024-01-26 15:27:24,681 - Classification Succeeds.
2024-01-26 15:27:24,681 - Link Generation Fails.
2024-01-26 15:27:25,592 - Victim node is 362.
2024-01-26 15:27:25,593 - tensor([ 963, 1257, 1692], device='cuda:0')
2024-01-26 15:27:25,593 - Classification Succeeds.
2024-01-26 15:27:25,593 - Link Generation Fails.
2024-01-26 15:27:26,516 - Victim node is 1026.
2024-01-26 15:27:26,516 - tensor([ 306, 1986, 2732], device='cuda:0')
2024-01-26 15:27:26,516 - Classification Fails.
2024-01-26 15:27:26,516 - Link Generation Succeeds.
2024-01-26 15:27:27,402 - Victim node is 358.
2024-01-26 15:27:27,402 - tensor([1169, 1358, 1483], device='cuda:0')
2024-01-26 15:27:27,402 - Classification Succeeds.
2024-01-26 15:27:27,402 - Link Generation Fails.
2024-01-26 15:27:28,267 - Victim node is 2248.
2024-01-26 15:27:28,269 - tensor([ 963, 2130, 2671], device='cuda:0')
2024-01-26 15:27:28,269 - Classification Succeeds.
2024-01-26 15:27:28,269 - Link Generation Fails.
2024-01-26 15:27:29,134 - Victim node is 1668.
2024-01-26 15:27:29,135 - tensor([ 306, 1169, 1358], device='cuda:0')
2024-01-26 15:27:29,135 - Classification Succeeds.
2024-01-26 15:27:29,135 - Link Generation Fails.
2024-01-26 15:27:30,005 - Victim node is 255.
2024-01-26 15:27:30,005 - tensor([1701, 1810, 1986], device='cuda:0')
2024-01-26 15:27:30,005 - Classification Fails.
2024-01-26 15:27:30,005 - Link Generation Fails.
2024-01-26 15:27:30,875 - Victim node is 623.
2024-01-26 15:27:30,875 - tensor([ 735, 1257, 1955], device='cuda:0')
2024-01-26 15:27:30,876 - Classification Succeeds.
2024-01-26 15:27:30,876 - Link Generation Fails.
2024-01-26 15:27:31,781 - Victim node is 1620.
2024-01-26 15:27:31,781 - tensor([ 306, 1701, 1986], device='cuda:0')
2024-01-26 15:27:31,782 - Classification Fails.
2024-01-26 15:27:31,782 - Link Generation Fails.
2024-01-26 15:27:32,641 - Victim node is 1239.
2024-01-26 15:27:32,641 - tensor([ 306, 1701, 1986], device='cuda:0')
2024-01-26 15:27:32,642 - Classification Fails.
2024-01-26 15:27:32,642 - Link Generation Fails.
2024-01-26 15:27:33,528 - Victim node is 1478.
2024-01-26 15:27:33,528 - tensor([ 458, 2725, 2727], device='cuda:0')
2024-01-26 15:27:33,529 - Classification Succeeds.
2024-01-26 15:27:33,529 - Link Generation Succeeds.
2024-01-26 15:27:34,440 - Victim node is 119.
2024-01-26 15:27:34,440 - tensor([2709, 2720, 2722], device='cuda:0')
2024-01-26 15:27:34,441 - Classification Succeeds.
2024-01-26 15:27:34,441 - Link Generation Succeeds.
2024-01-26 15:27:35,434 - Victim node is 2223.
2024-01-26 15:27:35,434 - tensor([ 963, 1257, 1955], device='cuda:0')
2024-01-26 15:27:35,434 - Classification Succeeds.
2024-01-26 15:27:35,435 - Link Generation Fails.
2024-01-26 15:27:36,353 - Victim node is 1502.
2024-01-26 15:27:36,353 - tensor([  89,  963, 1692], device='cuda:0')
2024-01-26 15:27:36,353 - Classification Succeeds.
2024-01-26 15:27:36,353 - Link Generation Fails.
2024-01-26 15:27:37,201 - Victim node is 2182.
2024-01-26 15:27:37,201 - tensor([ 306, 1358, 1986], device='cuda:0')
2024-01-26 15:27:37,201 - Classification Succeeds.
2024-01-26 15:27:37,201 - Link Generation Fails.
2024-01-26 15:27:38,051 - Victim node is 676.
2024-01-26 15:27:38,051 - tensor([ 963, 2464, 2713], device='cuda:0')
2024-01-26 15:27:38,051 - Classification Fails.
2024-01-26 15:27:38,051 - Link Generation Succeeds.
2024-01-26 15:27:38,924 - Victim node is 1621.
2024-01-26 15:27:38,924 - tensor([ 429,  733, 2034], device='cuda:0')
2024-01-26 15:27:38,925 - Classification Fails.
2024-01-26 15:27:38,925 - Link Generation Fails.
2024-01-26 15:27:39,777 - Victim node is 1972.
2024-01-26 15:27:39,777 - tensor([ 306, 1013, 1358], device='cuda:0')
2024-01-26 15:27:39,777 - Classification Succeeds.
2024-01-26 15:27:39,777 - Link Generation Fails.
2024-01-26 15:27:40,654 - Victim node is 453.
2024-01-26 15:27:40,654 - tensor([ 733, 1701, 1810], device='cuda:0')
2024-01-26 15:27:40,654 - Classification Succeeds.
2024-01-26 15:27:40,654 - Link Generation Fails.
2024-01-26 15:27:41,663 - Victim node is 2565.
2024-01-26 15:27:41,663 - tensor([1692, 2001, 2238], device='cuda:0')
2024-01-26 15:27:41,664 - Classification Fails.
2024-01-26 15:27:41,664 - Link Generation Fails.
2024-01-26 15:27:42,772 - Victim node is 304.
2024-01-26 15:27:42,772 - tensor([ 306, 1358, 1986], device='cuda:0')
2024-01-26 15:27:42,772 - Classification Fails.
2024-01-26 15:27:42,772 - Link Generation Fails.
2024-01-26 15:27:43,791 - Victim node is 2531.
2024-01-26 15:27:43,791 - tensor([1701, 1986, 2034], device='cuda:0')
2024-01-26 15:27:43,791 - Classification Succeeds.
2024-01-26 15:27:43,791 - Link Generation Fails.
2024-01-26 15:27:44,800 - Victim node is 1688.
2024-01-26 15:27:44,800 - tensor([1257, 1692, 2196], device='cuda:0')
2024-01-26 15:27:44,800 - Classification Fails.
2024-01-26 15:27:44,800 - Link Generation Fails.
2024-01-26 15:27:45,798 - Victim node is 2087.
2024-01-26 15:27:45,798 - tensor([1013, 1358, 1623], device='cuda:0')
2024-01-26 15:27:45,799 - Classification Succeeds.
2024-01-26 15:27:45,799 - Link Generation Fails.
2024-01-26 15:27:46,784 - Victim node is 1306.
2024-01-26 15:27:46,784 - tensor([ 306, 1358, 1623], device='cuda:0')
2024-01-26 15:27:46,784 - Classification Succeeds.
2024-01-26 15:27:46,784 - Link Generation Fails.
2024-01-26 15:27:47,780 - Victim node is 1637.
2024-01-26 15:27:47,780 - tensor([ 306, 1358, 1986], device='cuda:0')
2024-01-26 15:27:47,781 - Classification Fails.
2024-01-26 15:27:47,781 - Link Generation Fails.
2024-01-26 15:27:48,778 - Victim node is 1476.
2024-01-26 15:27:48,778 - tensor([ 119, 2709, 2710], device='cuda:0')
2024-01-26 15:27:48,778 - Classification Fails.
2024-01-26 15:27:48,779 - Link Generation Succeeds.
2024-01-26 15:27:49,776 - Victim node is 2236.
2024-01-26 15:27:49,776 - tensor([ 698,  963, 1257], device='cuda:0')
2024-01-26 15:27:49,776 - Classification Succeeds.
2024-01-26 15:27:49,776 - Link Generation Fails.
2024-01-26 15:27:50,762 - Victim node is 604.
2024-01-26 15:27:50,762 - tensor([ 306, 1358, 1986], device='cuda:0')
2024-01-26 15:27:50,764 - Classification Succeeds.
2024-01-26 15:27:50,764 - Link Generation Fails.
2024-01-26 15:27:51,766 - Victim node is 1452.
2024-01-26 15:27:51,766 - tensor([ 963, 1257, 1692], device='cuda:0')
2024-01-26 15:27:51,767 - Classification Succeeds.
2024-01-26 15:27:51,767 - Link Generation Fails.
2024-01-26 15:27:52,766 - Victim node is 1556.
2024-01-26 15:27:52,766 - tensor([1257, 2708, 2710], device='cuda:0')
2024-01-26 15:27:52,766 - Classification Fails.
2024-01-26 15:27:52,766 - Link Generation Succeeds.
2024-01-26 15:27:53,752 - Victim node is 1439.
2024-01-26 15:27:53,752 - tensor([  43,  963, 1955], device='cuda:0')
2024-01-26 15:27:53,752 - Classification Fails.
2024-01-26 15:27:53,752 - Link Generation Fails.
2024-01-26 15:27:54,744 - Victim node is 2072.
2024-01-26 15:27:54,744 - tensor([1358, 1701, 1986], device='cuda:0')
2024-01-26 15:27:54,744 - Classification Fails.
2024-01-26 15:27:54,744 - Link Generation Fails.
2024-01-26 15:27:55,671 - Victim node is 767.
2024-01-26 15:27:55,671 - tensor([ 306, 1358, 1986], device='cuda:0')
2024-01-26 15:27:55,671 - Classification Fails.
2024-01-26 15:27:55,672 - Link Generation Fails.
2024-01-26 15:27:56,619 - Victim node is 1814.
2024-01-26 15:27:56,619 - tensor([1701, 1986, 2747], device='cuda:0')
2024-01-26 15:27:56,619 - Classification Succeeds.
2024-01-26 15:27:56,619 - Link Generation Succeeds.
2024-01-26 15:27:57,530 - Victim node is 46.
2024-01-26 15:27:57,531 - tensor([ 306, 1358, 2715], device='cuda:0')
2024-01-26 15:27:57,531 - Classification Succeeds.
2024-01-26 15:27:57,531 - Link Generation Succeeds.
2024-01-26 15:27:58,456 - Victim node is 1018.
2024-01-26 15:27:58,456 - tensor([ 963, 1692, 2238], device='cuda:0')
2024-01-26 15:27:58,456 - Classification Succeeds.
2024-01-26 15:27:58,456 - Link Generation Fails.
2024-01-26 15:27:59,456 - Victim node is 2303.
2024-01-26 15:27:59,456 - tensor([1701, 1986, 2034], device='cuda:0')
2024-01-26 15:27:59,457 - Classification Succeeds.
2024-01-26 15:27:59,457 - Link Generation Fails.
2024-01-26 15:28:00,460 - Victim node is 740.
2024-01-26 15:28:00,460 - tensor([1701, 2001, 2034], device='cuda:0')
2024-01-26 15:28:00,461 - Classification Succeeds.
2024-01-26 15:28:00,461 - Link Generation Fails.
2024-01-26 15:28:01,470 - Victim node is 1520.
2024-01-26 15:28:01,470 - tensor([ 306, 1013, 1358], device='cuda:0')
2024-01-26 15:28:01,470 - Classification Succeeds.
2024-01-26 15:28:01,470 - Link Generation Fails.
2024-01-26 15:28:02,466 - Victim node is 78.
2024-01-26 15:28:02,467 - tensor([ 507, 1542, 1692], device='cuda:0')
2024-01-26 15:28:02,467 - Classification Succeeds.
2024-01-26 15:28:02,467 - Link Generation Fails.
2024-01-26 15:28:03,425 - Victim node is 1926.
2024-01-26 15:28:03,425 - tensor([ 306, 1358, 1986], device='cuda:0')
2024-01-26 15:28:03,425 - Classification Succeeds.
2024-01-26 15:28:03,425 - Link Generation Fails.
2024-01-26 15:28:04,356 - Victim node is 2469.
2024-01-26 15:28:04,357 - tensor([2710, 2712, 2713], device='cuda:0')
2024-01-26 15:28:04,357 - Classification Fails.
2024-01-26 15:28:04,357 - Link Generation Succeeds.
2024-01-26 15:28:05,265 - Victim node is 1949.
2024-01-26 15:28:05,265 - tensor([1701, 1986, 2034], device='cuda:0')
2024-01-26 15:28:05,265 - Classification Succeeds.
2024-01-26 15:28:05,265 - Link Generation Fails.
2024-01-26 15:28:06,174 - Victim node is 980.
2024-01-26 15:28:06,174 - tensor([ 306, 1358, 1986], device='cuda:0')
2024-01-26 15:28:06,174 - Classification Succeeds.
2024-01-26 15:28:06,174 - Link Generation Fails.
2024-01-26 15:28:07,091 - Victim node is 1976.
2024-01-26 15:28:07,091 - tensor([1169, 1358, 1483], device='cuda:0')
2024-01-26 15:28:07,091 - Classification Fails.
2024-01-26 15:28:07,092 - Link Generation Fails.
2024-01-26 15:28:08,025 - Victim node is 2580.
2024-01-26 15:28:08,047 - tensor([ 307,  991, 2464], device='cuda:0')
2024-01-26 15:28:08,047 - Classification Fails.
2024-01-26 15:28:08,047 - Link Generation Fails.
2024-01-26 15:28:08,969 - Victim node is 479.
2024-01-26 15:28:08,969 - tensor([ 444, 1903, 2464], device='cuda:0')
2024-01-26 15:28:08,970 - Classification Succeeds.
2024-01-26 15:28:08,970 - Link Generation Fails.
2024-01-26 15:28:09,875 - Victim node is 1366.
2024-01-26 15:28:09,875 - tensor([ 963, 1692, 2539], device='cuda:0')
2024-01-26 15:28:09,875 - Classification Succeeds.
2024-01-26 15:28:09,875 - Link Generation Fails.
2024-01-26 15:28:10,770 - Victim node is 83.
2024-01-26 15:28:10,770 - tensor([ 306, 1358, 1623], device='cuda:0')
2024-01-26 15:28:10,770 - Classification Succeeds.
2024-01-26 15:28:10,770 - Link Generation Fails.
2024-01-26 15:28:11,701 - Victim node is 821.
2024-01-26 15:28:11,701 - tensor([1169, 1358, 1483], device='cuda:0')
2024-01-26 15:28:11,702 - Classification Fails.
2024-01-26 15:28:11,702 - Link Generation Fails.
2024-01-26 15:28:12,595 - Victim node is 2241.
2024-01-26 15:28:12,596 - tensor([ 119, 1579, 1955], device='cuda:0')
2024-01-26 15:28:12,596 - Classification Succeeds.
2024-01-26 15:28:12,596 - Link Generation Fails.
2024-01-26 15:28:13,509 - Victim node is 966.
2024-01-26 15:28:13,509 - tensor([ 306, 1358, 1623], device='cuda:0')
2024-01-26 15:28:13,510 - Classification Fails.
2024-01-26 15:28:13,510 - Link Generation Fails.
2024-01-26 15:28:14,437 - Victim node is 2025.
2024-01-26 15:28:14,437 - tensor([ 306, 1358, 1701], device='cuda:0')
2024-01-26 15:28:14,437 - Classification Succeeds.
2024-01-26 15:28:14,437 - Link Generation Fails.
2024-01-26 15:28:15,374 - Victim node is 93.
2024-01-26 15:28:15,374 - tensor([2708, 2710, 2715], device='cuda:0')
2024-01-26 15:28:15,375 - Classification Succeeds.
2024-01-26 15:28:15,375 - Link Generation Succeeds.
2024-01-26 15:28:16,326 - Victim node is 389.
2024-01-26 15:28:16,326 - tensor([ 306, 1358, 1701], device='cuda:0')
2024-01-26 15:28:16,326 - Classification Succeeds.
2024-01-26 15:28:16,326 - Link Generation Fails.
2024-01-26 15:28:17,257 - Victim node is 1405.
2024-01-26 15:28:17,257 - tensor([ 598, 1701, 1986], device='cuda:0')
2024-01-26 15:28:17,257 - Classification Succeeds.
2024-01-26 15:28:17,258 - Link Generation Fails.
2024-01-26 15:28:18,196 - Victim node is 1833.
2024-01-26 15:28:18,196 - tensor([ 306, 1169, 1358], device='cuda:0')
2024-01-26 15:28:18,196 - Classification Succeeds.
2024-01-26 15:28:18,196 - Link Generation Fails.
2024-01-26 15:28:19,119 - Victim node is 1910.
2024-01-26 15:28:19,119 - tensor([1169, 1358, 2720], device='cuda:0')
2024-01-26 15:28:19,119 - Classification Fails.
2024-01-26 15:28:19,119 - Link Generation Succeeds.
2024-01-26 15:28:20,032 - Victim node is 2363.
2024-01-26 15:28:20,032 - tensor([ 963, 1257, 2248], device='cuda:0')
2024-01-26 15:28:20,032 - Classification Succeeds.
2024-01-26 15:28:20,032 - Link Generation Fails.
2024-01-26 15:28:20,977 - Victim node is 794.
2024-01-26 15:28:20,977 - tensor([1810, 1986, 2034], device='cuda:0')
2024-01-26 15:28:20,977 - Classification Fails.
2024-01-26 15:28:20,977 - Link Generation Fails.
2024-01-26 15:28:21,904 - Victim node is 772.
2024-01-26 15:28:21,905 - tensor([ 306, 1013, 1358], device='cuda:0')
2024-01-26 15:28:21,905 - Classification Fails.
2024-01-26 15:28:21,905 - Link Generation Fails.
2024-01-26 15:28:22,824 - Victim node is 1038.
2024-01-26 15:28:22,824 - tensor([ 306, 1765, 2850], device='cuda:0')
2024-01-26 15:28:22,824 - Classification Succeeds.
2024-01-26 15:28:22,824 - Link Generation Succeeds.
2024-01-26 15:28:23,741 - Victim node is 1286.
2024-01-26 15:28:23,741 - tensor([   7,  374, 1257], device='cuda:0')
2024-01-26 15:28:23,741 - Classification Succeeds.
2024-01-26 15:28:23,741 - Link Generation Fails.
2024-01-26 15:28:24,650 - Victim node is 1217.
2024-01-26 15:28:24,650 - tensor([1701, 1986, 2034], device='cuda:0')
2024-01-26 15:28:24,651 - Classification Succeeds.
2024-01-26 15:28:24,651 - Link Generation Fails.
2024-01-26 15:28:25,587 - Victim node is 1756.
2024-01-26 15:28:25,587 - tensor([ 306, 2764, 2823], device='cuda:0')
2024-01-26 15:28:25,587 - Classification Succeeds.
2024-01-26 15:28:25,587 - Link Generation Succeeds.
2024-01-26 15:28:26,505 - Victim node is 610.
2024-01-26 15:28:26,505 - tensor([ 306, 1358, 1914], device='cuda:0')
2024-01-26 15:28:26,505 - Classification Fails.
2024-01-26 15:28:26,505 - Link Generation Fails.
2024-01-26 15:28:27,432 - Victim node is 1346.
2024-01-26 15:28:27,432 - tensor([1358, 1701, 1986], device='cuda:0')
2024-01-26 15:28:27,432 - Classification Succeeds.
2024-01-26 15:28:27,432 - Link Generation Fails.
2024-01-26 15:28:28,404 - Victim node is 1915.
2024-01-26 15:28:28,404 - tensor([ 306, 1358, 1623], device='cuda:0')
2024-01-26 15:28:28,404 - Classification Succeeds.
2024-01-26 15:28:28,404 - Link Generation Fails.
2024-01-26 15:28:29,342 - Victim node is 689.
2024-01-26 15:28:29,342 - tensor([ 306, 1701, 1986], device='cuda:0')
2024-01-26 15:28:29,343 - Classification Succeeds.
2024-01-26 15:28:29,343 - Link Generation Fails.
2024-01-26 15:28:30,253 - Victim node is 2255.
2024-01-26 15:28:30,253 - tensor([1119, 2124, 2126], device='cuda:0')
2024-01-26 15:28:30,253 - Classification Fails.
2024-01-26 15:28:30,253 - Link Generation Fails.
2024-01-26 15:28:31,201 - Victim node is 619.
2024-01-26 15:28:31,201 - tensor([1701, 1986, 2034], device='cuda:0')
2024-01-26 15:28:31,202 - Classification Fails.
2024-01-26 15:28:31,202 - Link Generation Fails.
2024-01-26 15:28:32,131 - Victim node is 2040.
2024-01-26 15:28:32,131 - tensor([1119, 1692, 1986], device='cuda:0')
2024-01-26 15:28:32,131 - Classification Succeeds.
2024-01-26 15:28:32,131 - Link Generation Fails.
2024-01-26 15:28:33,045 - Victim node is 1596.
2024-01-26 15:28:33,046 - tensor([1358, 1701, 1986], device='cuda:0')
2024-01-26 15:28:33,046 - Classification Succeeds.
2024-01-26 15:28:33,046 - Link Generation Fails.
2024-01-26 15:28:33,967 - Victim node is 1420.
2024-01-26 15:28:33,968 - tensor([ 306, 1358, 1623], device='cuda:0')
2024-01-26 15:28:33,968 - Classification Succeeds.
2024-01-26 15:28:33,968 - Link Generation Fails.
2024-01-26 15:28:34,873 - Victim node is 69.
2024-01-26 15:28:34,873 - tensor([  88,  306, 1358], device='cuda:0')
2024-01-26 15:28:34,873 - Classification Succeeds.
2024-01-26 15:28:34,874 - Link Generation Fails.
2024-01-26 15:28:35,782 - Victim node is 2098.
2024-01-26 15:28:35,783 - tensor([ 119,  441, 2711], device='cuda:0')
2024-01-26 15:28:35,783 - Classification Fails.
2024-01-26 15:28:35,783 - Link Generation Succeeds.
2024-01-26 15:28:36,719 - Victim node is 2227.
2024-01-26 15:28:36,720 - tensor([1701, 1810, 1986], device='cuda:0')
2024-01-26 15:28:36,720 - Classification Succeeds.
2024-01-26 15:28:36,720 - Link Generation Fails.
2024-01-26 15:28:37,662 - Victim node is 2033.
2024-01-26 15:28:37,662 - tensor([1701, 1986, 2034], device='cuda:0')
2024-01-26 15:28:37,663 - Classification Succeeds.
2024-01-26 15:28:37,663 - Link Generation Fails.
2024-01-26 15:28:38,602 - Victim node is 167.
2024-01-26 15:28:38,603 - tensor([ 733, 1692, 2001], device='cuda:0')
2024-01-26 15:28:38,603 - Classification Fails.
2024-01-26 15:28:38,603 - Link Generation Fails.
2024-01-26 15:28:39,555 - Victim node is 1748.
2024-01-26 15:28:39,555 - tensor([ 306, 1701, 1986], device='cuda:0')
2024-01-26 15:28:39,556 - Classification Succeeds.
2024-01-26 15:28:39,556 - Link Generation Fails.
2024-01-26 15:28:40,480 - Victim node is 750.
2024-01-26 15:28:40,480 - tensor([ 739,  963, 1257], device='cuda:0')
2024-01-26 15:28:40,481 - Classification Succeeds.
2024-01-26 15:28:40,481 - Link Generation Fails.
2024-01-26 15:28:41,375 - Victim node is 680.
2024-01-26 15:28:41,376 - tensor([1701, 1986, 2034], device='cuda:0')
2024-01-26 15:28:41,376 - Classification Fails.
2024-01-26 15:28:41,376 - Link Generation Fails.
2024-01-26 15:28:42,266 - Victim node is 2289.
2024-01-26 15:28:42,267 - tensor([  67, 1579, 1955], device='cuda:0')
2024-01-26 15:28:42,267 - Classification Fails.
2024-01-26 15:28:42,267 - Link Generation Fails.
2024-01-26 15:28:43,177 - Victim node is 258.
2024-01-26 15:28:43,177 - tensor([ 148, 1257, 2248], device='cuda:0')
2024-01-26 15:28:43,177 - Classification Succeeds.
2024-01-26 15:28:43,177 - Link Generation Fails.
2024-01-26 15:28:44,109 - Victim node is 2010.
2024-01-26 15:28:44,109 - tensor([ 733, 1701, 1986], device='cuda:0')
2024-01-26 15:28:44,110 - Classification Fails.
2024-01-26 15:28:44,110 - Link Generation Fails.
2024-01-26 15:28:45,038 - Victim node is 2317.
2024-01-26 15:28:45,038 - tensor([ 306, 1013, 1914], device='cuda:0')
2024-01-26 15:28:45,038 - Classification Fails.
2024-01-26 15:28:45,038 - Link Generation Fails.
2024-01-26 15:28:45,975 - Victim node is 2163.
2024-01-26 15:28:45,975 - tensor([1701, 1986, 2034], device='cuda:0')
2024-01-26 15:28:45,975 - Classification Succeeds.
2024-01-26 15:28:45,976 - Link Generation Fails.
2024-01-26 15:28:46,901 - Victim node is 1656.
2024-01-26 15:28:46,901 - tensor([1358, 1623, 1986], device='cuda:0')
2024-01-26 15:28:46,901 - Classification Succeeds.
2024-01-26 15:28:46,901 - Link Generation Fails.
2024-01-26 15:28:47,818 - Victim node is 1730.
2024-01-26 15:28:47,818 - tensor([ 306, 1701, 1986], device='cuda:0')
2024-01-26 15:28:47,818 - Classification Succeeds.
2024-01-26 15:28:47,818 - Link Generation Fails.
2024-01-26 15:28:48,749 - Victim node is 1903.
2024-01-26 15:28:48,749 - tensor([1579, 2712, 2732], device='cuda:0')
2024-01-26 15:28:48,750 - Classification Succeeds.
2024-01-26 15:28:48,750 - Link Generation Succeeds.
2024-01-26 15:28:49,667 - Victim node is 968.
2024-01-26 15:28:49,668 - tensor([ 306, 1358, 1701], device='cuda:0')
2024-01-26 15:28:49,668 - Classification Fails.
2024-01-26 15:28:49,668 - Link Generation Fails.
2024-01-26 15:28:50,573 - Victim node is 818.
2024-01-26 15:28:50,573 - tensor([ 306, 1358, 1986], device='cuda:0')
2024-01-26 15:28:50,573 - Classification Fails.
2024-01-26 15:28:50,573 - Link Generation Fails.
2024-01-26 15:28:51,496 - Victim node is 755.
2024-01-26 15:28:51,496 - tensor([ 306, 1358, 1623], device='cuda:0')
2024-01-26 15:28:51,496 - Classification Fails.
2024-01-26 15:28:51,496 - Link Generation Fails.
2024-01-26 15:28:52,418 - Victim node is 529.
2024-01-26 15:28:52,418 - tensor([ 698,  963, 1692], device='cuda:0')
2024-01-26 15:28:52,418 - Classification Succeeds.
2024-01-26 15:28:52,418 - Link Generation Fails.
2024-01-26 15:28:53,343 - Victim node is 1873.
2024-01-26 15:28:53,343 - tensor([ 306, 1358, 1623], device='cuda:0')
2024-01-26 15:28:53,344 - Classification Succeeds.
2024-01-26 15:28:53,344 - Link Generation Fails.
2024-01-26 15:28:54,254 - Victim node is 1964.
2024-01-26 15:28:54,254 - tensor([1257, 2248, 2671], device='cuda:0')
2024-01-26 15:28:54,254 - Classification Succeeds.
2024-01-26 15:28:54,254 - Link Generation Fails.
2024-01-26 15:28:55,162 - Victim node is 2247.
2024-01-26 15:28:55,162 - tensor([ 963, 1257, 1955], device='cuda:0')
2024-01-26 15:28:55,162 - Classification Succeeds.
2024-01-26 15:28:55,164 - Link Generation Fails.
2024-01-26 15:28:56,091 - Victim node is 1980.
2024-01-26 15:28:56,091 - tensor([ 306, 1013, 1914], device='cuda:0')
2024-01-26 15:28:56,092 - Classification Succeeds.
2024-01-26 15:28:56,092 - Link Generation Fails.
2024-01-26 15:28:57,018 - Victim node is 53.
2024-01-26 15:28:57,018 - tensor([ 306, 1701, 1986], device='cuda:0')
2024-01-26 15:28:57,018 - Classification Succeeds.
2024-01-26 15:28:57,018 - Link Generation Fails.
2024-01-26 15:28:57,977 - Victim node is 1149.
2024-01-26 15:28:57,977 - tensor([ 306, 1623, 1701], device='cuda:0')
2024-01-26 15:28:57,978 - Classification Succeeds.
2024-01-26 15:28:57,978 - Link Generation Fails.
2024-01-26 15:28:58,888 - Victim node is 303.
2024-01-26 15:28:58,888 - tensor([ 306, 1358, 1623], device='cuda:0')
2024-01-26 15:28:58,888 - Classification Succeeds.
2024-01-26 15:28:58,888 - Link Generation Fails.
2024-01-26 15:28:59,811 - Victim node is 175.
2024-01-26 15:28:59,811 - tensor([ 306, 1013, 1358], device='cuda:0')
2024-01-26 15:28:59,811 - Classification Succeeds.
2024-01-26 15:28:59,812 - Link Generation Fails.
2024-01-26 15:29:00,745 - Victim node is 1109.
2024-01-26 15:29:00,745 - tensor([1692, 2034, 2130], device='cuda:0')
2024-01-26 15:29:00,746 - Classification Succeeds.
2024-01-26 15:29:00,746 - Link Generation Fails.
2024-01-26 15:29:01,674 - Victim node is 953.
2024-01-26 15:29:01,674 - tensor([2708, 2710, 2711], device='cuda:0')
2024-01-26 15:29:01,674 - Classification Fails.
2024-01-26 15:29:01,674 - Link Generation Succeeds.
2024-01-26 15:29:02,580 - Victim node is 2608.
2024-01-26 15:29:02,580 - tensor([ 306, 1013, 1358], device='cuda:0')
2024-01-26 15:29:02,581 - Classification Succeeds.
2024-01-26 15:29:02,581 - Link Generation Fails.
2024-01-26 15:29:03,500 - Victim node is 1053.
2024-01-26 15:29:03,500 - tensor([1701, 1986, 2034], device='cuda:0')
2024-01-26 15:29:03,502 - Classification Succeeds.
2024-01-26 15:29:03,502 - Link Generation Fails.
2024-01-26 15:29:04,453 - Victim node is 1608.
2024-01-26 15:29:04,453 - tensor([1701, 1986, 2034], device='cuda:0')
2024-01-26 15:29:04,453 - Classification Succeeds.
2024-01-26 15:29:04,453 - Link Generation Fails.
2024-01-26 15:29:05,377 - Victim node is 2165.
2024-01-26 15:29:05,377 - tensor([1013, 1914, 2155], device='cuda:0')
2024-01-26 15:29:05,377 - Classification Succeeds.
2024-01-26 15:29:05,378 - Link Generation Fails.
2024-01-26 15:29:06,317 - Victim node is 917.
2024-01-26 15:29:06,317 - tensor([ 735,  739, 1955], device='cuda:0')
2024-01-26 15:29:06,317 - Classification Fails.
2024-01-26 15:29:06,318 - Link Generation Fails.
2024-01-26 15:29:07,232 - Victim node is 918.
2024-01-26 15:29:07,232 - tensor([1701, 1986, 2034], device='cuda:0')
2024-01-26 15:29:07,233 - Classification Succeeds.
2024-01-26 15:29:07,233 - Link Generation Fails.
2024-01-26 15:29:08,156 - Victim node is 1714.
2024-01-26 15:29:08,156 - tensor([ 306, 1623, 2844], device='cuda:0')
2024-01-26 15:29:08,156 - Classification Succeeds.
2024-01-26 15:29:08,156 - Link Generation Succeeds.
2024-01-26 15:29:09,067 - Victim node is 2437.
2024-01-26 15:29:09,067 - tensor([1810, 1986, 2034], device='cuda:0')
2024-01-26 15:29:09,068 - Classification Succeeds.
2024-01-26 15:29:09,068 - Link Generation Fails.
2024-01-26 15:29:09,984 - Victim node is 1155.
2024-01-26 15:29:09,984 - tensor([1169, 1358, 1765], device='cuda:0')
2024-01-26 15:29:09,985 - Classification Succeeds.
2024-01-26 15:29:09,985 - Link Generation Fails.
2024-01-26 15:29:10,896 - Victim node is 2005.
2024-01-26 15:29:10,896 - tensor([ 306, 1358, 1701], device='cuda:0')
2024-01-26 15:29:10,897 - Classification Fails.
2024-01-26 15:29:10,897 - Link Generation Fails.
2024-01-26 15:29:11,830 - Victim node is 593.
2024-01-26 15:29:11,831 - tensor([ 306, 1358, 1986], device='cuda:0')
2024-01-26 15:29:11,831 - Classification Fails.
2024-01-26 15:29:11,831 - Link Generation Fails.
2024-01-26 15:29:12,751 - Victim node is 1631.
2024-01-26 15:29:12,751 - tensor([ 702, 1914, 1973], device='cuda:0')
2024-01-26 15:29:12,752 - Classification Succeeds.
2024-01-26 15:29:12,752 - Link Generation Fails.
2024-01-26 15:29:13,671 - Victim node is 2296.
2024-01-26 15:29:13,671 - tensor([ 422,  963, 2001], device='cuda:0')
2024-01-26 15:29:13,671 - Classification Succeeds.
2024-01-26 15:29:13,671 - Link Generation Fails.
2024-01-26 15:29:14,607 - Victim node is 1741.
2024-01-26 15:29:14,607 - tensor([ 306, 1701, 1986], device='cuda:0')
2024-01-26 15:29:14,607 - Classification Fails.
2024-01-26 15:29:14,607 - Link Generation Fails.
2024-01-26 15:29:15,517 - Victim node is 992.
2024-01-26 15:29:15,517 - tensor([ 306, 1358, 1623], device='cuda:0')
2024-01-26 15:29:15,518 - Classification Fails.
2024-01-26 15:29:15,518 - Link Generation Fails.
2024-01-26 15:29:16,427 - Victim node is 1535.
2024-01-26 15:29:16,427 - tensor([ 306, 1358, 1623], device='cuda:0')
2024-01-26 15:29:16,427 - Classification Succeeds.
2024-01-26 15:29:16,427 - Link Generation Fails.
2024-01-26 15:29:17,341 - Victim node is 1899.
2024-01-26 15:29:17,341 - tensor([ 119, 1169, 1903], device='cuda:0')
2024-01-26 15:29:17,341 - Classification Succeeds.
2024-01-26 15:29:17,341 - Link Generation Fails.
2024-01-26 15:29:18,240 - Victim node is 1297.
2024-01-26 15:29:18,240 - tensor([ 306, 1701, 1986], device='cuda:0')
2024-01-26 15:29:18,240 - Classification Fails.
2024-01-26 15:29:18,240 - Link Generation Fails.
2024-01-26 15:29:19,137 - Victim node is 1716.
2024-01-26 15:29:19,137 - tensor([ 306, 1701, 1986], device='cuda:0')
2024-01-26 15:29:19,137 - Classification Succeeds.
2024-01-26 15:29:19,138 - Link Generation Fails.
2024-01-26 15:29:20,025 - Victim node is 1331.
2024-01-26 15:29:20,025 - tensor([1701, 1986, 2749], device='cuda:0')
2024-01-26 15:29:20,025 - Classification Succeeds.
2024-01-26 15:29:20,026 - Link Generation Succeeds.
2024-01-26 15:29:20,916 - Victim node is 765.
2024-01-26 15:29:20,916 - tensor([ 963, 1257, 1703], device='cuda:0')
2024-01-26 15:29:20,916 - Classification Fails.
2024-01-26 15:29:20,916 - Link Generation Fails.
2024-01-26 15:29:21,815 - Victim node is 193.
2024-01-26 15:29:21,815 - tensor([1358, 2715, 2718], device='cuda:0')
2024-01-26 15:29:21,815 - Classification Succeeds.
2024-01-26 15:29:21,815 - Link Generation Succeeds.
2024-01-26 15:29:22,708 - Victim node is 2224.
2024-01-26 15:29:22,709 - tensor([ 963, 1257, 1955], device='cuda:0')
2024-01-26 15:29:22,709 - Classification Succeeds.
2024-01-26 15:29:22,709 - Link Generation Fails.
2024-01-26 15:29:23,602 - Victim node is 1946.
2024-01-26 15:29:23,602 - tensor([ 598, 1701, 1986], device='cuda:0')
2024-01-26 15:29:23,603 - Classification Succeeds.
2024-01-26 15:29:23,603 - Link Generation Fails.
2024-01-26 15:29:24,498 - Victim node is 806.
2024-01-26 15:29:24,499 - tensor([1169, 1358, 1765], device='cuda:0')
2024-01-26 15:29:24,499 - Classification Succeeds.
2024-01-26 15:29:24,499 - Link Generation Fails.
2024-01-26 15:29:25,405 - Victim node is 2374.
2024-01-26 15:29:25,405 - tensor([ 735, 2712, 2713], device='cuda:0')
2024-01-26 15:29:25,405 - Classification Succeeds.
2024-01-26 15:29:25,406 - Link Generation Succeeds.
2024-01-26 15:29:26,308 - Victim node is 419.
2024-01-26 15:29:26,308 - tensor([1701, 1810, 1986], device='cuda:0')
2024-01-26 15:29:26,309 - Classification Fails.
2024-01-26 15:29:26,309 - Link Generation Fails.
2024-01-26 15:29:27,208 - Victim node is 168.
2024-01-26 15:29:27,208 - tensor([2710, 2711, 2712], device='cuda:0')
2024-01-26 15:29:27,209 - Classification Succeeds.
2024-01-26 15:29:27,209 - Link Generation Succeeds.
2024-01-26 15:29:28,117 - Victim node is 2130.
2024-01-26 15:29:28,117 - tensor([ 735,  963, 1955], device='cuda:0')
2024-01-26 15:29:28,118 - Classification Succeeds.
2024-01-26 15:29:28,118 - Link Generation Fails.
2024-01-26 15:29:29,049 - Victim node is 1986.
2024-01-26 15:29:29,049 - tensor([ 306, 1358, 1701], device='cuda:0')
2024-01-26 15:29:29,050 - Classification Succeeds.
2024-01-26 15:29:29,050 - Link Generation Fails.
2024-01-26 15:29:29,949 - Victim node is 1129.
2024-01-26 15:29:29,949 - tensor([1119, 1257, 2248], device='cuda:0')
2024-01-26 15:29:29,949 - Classification Succeeds.
2024-01-26 15:29:29,949 - Link Generation Fails.
2024-01-26 15:29:30,839 - Victim node is 1619.
2024-01-26 15:29:30,839 - tensor([ 735, 1257, 2464], device='cuda:0')
2024-01-26 15:29:30,840 - Classification Succeeds.
2024-01-26 15:29:30,840 - Link Generation Fails.
2024-01-26 15:29:31,743 - Victim node is 544.
2024-01-26 15:29:31,743 - tensor([ 306, 1358, 1701], device='cuda:0')
2024-01-26 15:29:31,743 - Classification Succeeds.
2024-01-26 15:29:31,743 - Link Generation Fails.
2024-01-26 15:29:32,644 - Victim node is 1639.
2024-01-26 15:29:32,644 - tensor([ 374, 1257, 2464], device='cuda:0')
2024-01-26 15:29:32,645 - Classification Succeeds.
2024-01-26 15:29:32,645 - Link Generation Fails.
2024-01-26 15:29:33,545 - Victim node is 2376.
2024-01-26 15:29:33,545 - tensor([1257, 2248, 2464], device='cuda:0')
2024-01-26 15:29:33,546 - Classification Succeeds.
2024-01-26 15:29:33,546 - Link Generation Fails.
2024-01-26 15:29:34,438 - Victim node is 2105.
2024-01-26 15:29:34,438 - tensor([ 118,  441, 1441], device='cuda:0')
2024-01-26 15:29:34,438 - Classification Succeeds.
2024-01-26 15:29:34,438 - Link Generation Fails.
2024-01-26 15:29:35,322 - Victim node is 2139.
2024-01-26 15:29:35,323 - tensor([1542, 1701, 2034], device='cuda:0')
2024-01-26 15:29:35,323 - Classification Succeeds.
2024-01-26 15:29:35,323 - Link Generation Fails.
2024-01-26 15:29:36,213 - Victim node is 2568.
2024-01-26 15:29:36,213 - tensor([ 735,  739, 2708], device='cuda:0')
2024-01-26 15:29:36,214 - Classification Fails.
2024-01-26 15:29:36,214 - Link Generation Succeeds.
2024-01-26 15:29:37,119 - Victim node is 1869.
2024-01-26 15:29:37,119 - tensor([ 306, 1358, 1986], device='cuda:0')
2024-01-26 15:29:37,119 - Classification Succeeds.
2024-01-26 15:29:37,119 - Link Generation Fails.
2024-01-26 15:29:38,004 - Victim node is 849.
2024-01-26 15:29:38,004 - tensor([ 733, 2001, 2034], device='cuda:0')
2024-01-26 15:29:38,004 - Classification Fails.
2024-01-26 15:29:38,004 - Link Generation Fails.
2024-01-26 15:29:38,892 - Victim node is 1409.
2024-01-26 15:29:38,892 - tensor([ 119, 1903, 2716], device='cuda:0')
2024-01-26 15:29:38,893 - Classification Succeeds.
2024-01-26 15:29:38,893 - Link Generation Succeeds.
2024-01-26 15:29:39,786 - Victim node is 1379.
2024-01-26 15:29:39,786 - tensor([1701, 1986, 2034], device='cuda:0')
2024-01-26 15:29:39,787 - Classification Fails.
2024-01-26 15:29:39,787 - Link Generation Fails.
2024-01-26 15:29:40,689 - Victim node is 1706.
2024-01-26 15:29:40,689 - tensor([1169, 1358, 1725], device='cuda:0')
2024-01-26 15:29:40,689 - Classification Succeeds.
2024-01-26 15:29:40,689 - Link Generation Fails.
2024-01-26 15:29:41,601 - Victim node is 2174.
2024-01-26 15:29:41,601 - tensor([1441, 1692, 2708], device='cuda:0')
2024-01-26 15:29:41,601 - Classification Fails.
2024-01-26 15:29:41,602 - Link Generation Succeeds.
2024-01-26 15:29:42,504 - Victim node is 2106.
2024-01-26 15:29:42,504 - tensor([ 306, 1358, 1701], device='cuda:0')
2024-01-26 15:29:42,504 - Classification Succeeds.
2024-01-26 15:29:42,504 - Link Generation Fails.
2024-01-26 15:29:43,386 - Victim node is 2639.
2024-01-26 15:29:43,386 - tensor([ 118, 1058, 1914], device='cuda:0')
2024-01-26 15:29:43,387 - Classification Fails.
2024-01-26 15:29:43,387 - Link Generation Fails.
2024-01-26 15:29:44,281 - Victim node is 2263.
2024-01-26 15:29:44,281 - tensor([ 963, 1257, 1510], device='cuda:0')
2024-01-26 15:29:44,282 - Classification Succeeds.
2024-01-26 15:29:44,282 - Link Generation Fails.
2024-01-26 15:29:45,195 - Victim node is 418.
2024-01-26 15:29:45,195 - tensor([1257, 2671, 2711], device='cuda:0')
2024-01-26 15:29:45,195 - Classification Fails.
2024-01-26 15:29:45,195 - Link Generation Succeeds.
2024-01-26 15:29:46,102 - Victim node is 2528.
2024-01-26 15:29:46,103 - tensor([ 371,  963, 1257], device='cuda:0')
2024-01-26 15:29:46,103 - Classification Succeeds.
2024-01-26 15:29:46,103 - Link Generation Fails.
2024-01-26 15:29:47,010 - Victim node is 2394.
2024-01-26 15:29:47,010 - tensor([ 306, 1358, 1914], device='cuda:0')
2024-01-26 15:29:47,010 - Classification Succeeds.
2024-01-26 15:29:47,010 - Link Generation Fails.
2024-01-26 15:29:47,923 - Victim node is 1888.
2024-01-26 15:29:47,924 - tensor([ 306, 1169, 1358], device='cuda:0')
2024-01-26 15:29:47,924 - Classification Succeeds.
2024-01-26 15:29:47,924 - Link Generation Fails.
2024-01-26 15:29:48,823 - Victim node is 2297.
2024-01-26 15:29:48,823 - tensor([ 739, 1257, 1955], device='cuda:0')
2024-01-26 15:29:48,823 - Classification Fails.
2024-01-26 15:29:48,823 - Link Generation Fails.
2024-01-26 15:29:49,724 - Victim node is 2491.
2024-01-26 15:29:49,724 - tensor([ 299, 1257, 1579], device='cuda:0')
2024-01-26 15:29:49,725 - Classification Succeeds.
2024-01-26 15:29:49,725 - Link Generation Fails.
2024-01-26 15:29:50,625 - Victim node is 2704.
2024-01-26 15:29:50,625 - tensor([ 963, 1692, 1955], device='cuda:0')
2024-01-26 15:29:50,625 - Classification Fails.
2024-01-26 15:29:50,625 - Link Generation Fails.
2024-01-26 15:29:51,509 - Victim node is 259.
2024-01-26 15:29:51,509 - tensor([ 963, 1257, 2708], device='cuda:0')
2024-01-26 15:29:51,509 - Classification Succeeds.
2024-01-26 15:29:51,509 - Link Generation Succeeds.
2024-01-26 15:29:52,402 - Victim node is 212.
2024-01-26 15:29:52,402 - tensor([ 735,  739, 1955], device='cuda:0')
2024-01-26 15:29:52,402 - Classification Fails.
2024-01-26 15:29:52,402 - Link Generation Fails.
2024-01-26 15:29:53,293 - Victim node is 364.
2024-01-26 15:29:53,293 - tensor([ 306, 1701, 1986], device='cuda:0')
2024-01-26 15:29:53,293 - Classification Succeeds.
2024-01-26 15:29:53,293 - Link Generation Fails.
2024-01-26 15:29:54,182 - Victim node is 1128.
2024-01-26 15:29:54,182 - tensor([1257, 2248, 2518], device='cuda:0')
2024-01-26 15:29:54,182 - Classification Succeeds.
2024-01-26 15:29:54,183 - Link Generation Fails.
2024-01-26 15:29:55,098 - Victim node is 2031.
2024-01-26 15:29:55,098 - tensor([ 306, 1358, 1623], device='cuda:0')
2024-01-26 15:29:55,098 - Classification Fails.
2024-01-26 15:29:55,098 - Link Generation Fails.
2024-01-26 15:29:56,002 - Victim node is 1262.
2024-01-26 15:29:56,002 - tensor([1169, 1358, 1483], device='cuda:0')
2024-01-26 15:29:56,003 - Classification Succeeds.
2024-01-26 15:29:56,003 - Link Generation Fails.
2024-01-26 15:29:56,906 - Victim node is 1429.
2024-01-26 15:29:56,907 - tensor([ 963, 1257, 1692], device='cuda:0')
2024-01-26 15:29:56,907 - Classification Succeeds.
2024-01-26 15:29:56,907 - Link Generation Fails.
2024-01-26 15:29:57,817 - Victim node is 2379.
2024-01-26 15:29:57,817 - tensor([1701, 1810, 1986], device='cuda:0')
2024-01-26 15:29:57,817 - Classification Succeeds.
2024-01-26 15:29:57,817 - Link Generation Fails.
2024-01-26 15:29:58,719 - Victim node is 719.
2024-01-26 15:29:58,721 - tensor([1358, 1701, 1986], device='cuda:0')
2024-01-26 15:29:58,721 - Classification Fails.
2024-01-26 15:29:58,721 - Link Generation Fails.
2024-01-26 15:29:59,624 - Victim node is 2250.
2024-01-26 15:29:59,624 - tensor([ 963, 1257, 1692], device='cuda:0')
2024-01-26 15:29:59,624 - Classification Succeeds.
2024-01-26 15:29:59,624 - Link Generation Fails.
2024-01-26 15:30:00,527 - Victim node is 2377.
2024-01-26 15:30:00,527 - tensor([ 306, 1358, 1623], device='cuda:0')
2024-01-26 15:30:00,527 - Classification Succeeds.
2024-01-26 15:30:00,527 - Link Generation Fails.
2024-01-26 15:30:01,430 - Victim node is 352.
2024-01-26 15:30:01,430 - tensor([1358, 1701, 1986], device='cuda:0')
2024-01-26 15:30:01,430 - Classification Succeeds.
2024-01-26 15:30:01,430 - Link Generation Fails.
2024-01-26 15:30:02,328 - Victim node is 2370.
2024-01-26 15:30:02,328 - tensor([ 963, 1257, 2238], device='cuda:0')
2024-01-26 15:30:02,328 - Classification Fails.
2024-01-26 15:30:02,328 - Link Generation Fails.
2024-01-26 15:30:03,230 - Victim node is 1464.
2024-01-26 15:30:03,230 - tensor([ 306, 1358, 1986], device='cuda:0')
2024-01-26 15:30:03,230 - Classification Succeeds.
2024-01-26 15:30:03,230 - Link Generation Fails.
2024-01-26 15:30:04,125 - Victim node is 2075.
2024-01-26 15:30:04,125 - tensor([1701, 1986, 2034], device='cuda:0')
2024-01-26 15:30:04,126 - Classification Succeeds.
2024-01-26 15:30:04,126 - Link Generation Fails.
2024-01-26 15:30:05,021 - Victim node is 621.
2024-01-26 15:30:05,021 - tensor([1190, 1441, 2712], device='cuda:0')
2024-01-26 15:30:05,021 - Classification Succeeds.
2024-01-26 15:30:05,022 - Link Generation Succeeds.
2024-01-26 15:30:05,932 - Victim node is 970.
2024-01-26 15:30:05,932 - tensor([ 306, 1701, 1986], device='cuda:0')
2024-01-26 15:30:05,932 - Classification Succeeds.
2024-01-26 15:30:05,932 - Link Generation Fails.
2024-01-26 15:30:06,834 - Victim node is 541.
2024-01-26 15:30:06,834 - tensor([540, 735, 739], device='cuda:0')
2024-01-26 15:30:06,834 - Classification Succeeds.
2024-01-26 15:30:06,834 - Link Generation Fails.
2024-01-26 15:30:07,761 - Victim node is 341.
2024-01-26 15:30:07,762 - tensor([ 306, 1623, 1986], device='cuda:0')
2024-01-26 15:30:07,762 - Classification Succeeds.
2024-01-26 15:30:07,762 - Link Generation Fails.
2024-01-26 15:30:08,662 - Victim node is 1884.
2024-01-26 15:30:08,662 - tensor([ 735,  963, 1257], device='cuda:0')
2024-01-26 15:30:08,662 - Classification Succeeds.
2024-01-26 15:30:08,663 - Link Generation Fails.
2024-01-26 15:30:09,582 - Victim node is 2192.
2024-01-26 15:30:09,582 - tensor([ 119,  735, 1955], device='cuda:0')
2024-01-26 15:30:09,582 - Classification Succeeds.
2024-01-26 15:30:09,582 - Link Generation Fails.
2024-01-26 15:30:10,480 - Victim node is 1916.
2024-01-26 15:30:10,480 - tensor([ 306, 1358, 1986], device='cuda:0')
2024-01-26 15:30:10,480 - Classification Fails.
2024-01-26 15:30:10,480 - Link Generation Fails.
2024-01-26 15:30:11,398 - Victim node is 133.
2024-01-26 15:30:11,398 - tensor([ 306, 1358, 1986], device='cuda:0')
2024-01-26 15:30:11,399 - Classification Succeeds.
2024-01-26 15:30:11,399 - Link Generation Fails.
2024-01-26 15:30:12,302 - Victim node is 1810.
2024-01-26 15:30:12,302 - tensor([1701, 1986, 2034], device='cuda:0')
2024-01-26 15:30:12,302 - Classification Succeeds.
2024-01-26 15:30:12,303 - Link Generation Fails.
2024-01-26 15:30:13,198 - Victim node is 1902.
2024-01-26 15:30:13,198 - tensor([ 735,  739, 1955], device='cuda:0')
2024-01-26 15:30:13,198 - Classification Succeeds.
2024-01-26 15:30:13,198 - Link Generation Fails.
2024-01-26 15:30:14,080 - Victim node is 825.
2024-01-26 15:30:14,080 - tensor([1169, 1358, 1914], device='cuda:0')
2024-01-26 15:30:14,081 - Classification Succeeds.
2024-01-26 15:30:14,081 - Link Generation Fails.
2024-01-26 15:30:14,995 - Victim node is 2071.
2024-01-26 15:30:14,995 - tensor([ 306, 1013, 1358], device='cuda:0')
2024-01-26 15:30:14,996 - Classification Fails.
2024-01-26 15:30:14,996 - Link Generation Fails.
2024-01-26 15:30:15,953 - Victim node is 1804.
2024-01-26 15:30:15,953 - tensor([1358, 1701, 1986], device='cuda:0')
2024-01-26 15:30:15,953 - Classification Succeeds.
2024-01-26 15:30:15,953 - Link Generation Fails.
2024-01-26 15:30:16,869 - Victim node is 573.
2024-01-26 15:30:16,869 - tensor([1169, 1358, 1623], device='cuda:0')
2024-01-26 15:30:16,869 - Classification Fails.
2024-01-26 15:30:16,869 - Link Generation Fails.
2024-01-26 15:30:17,795 - Victim node is 1612.
2024-01-26 15:30:17,795 - tensor([ 306, 1358, 2711], device='cuda:0')
2024-01-26 15:30:17,795 - Classification Succeeds.
2024-01-26 15:30:17,796 - Link Generation Succeeds.
2024-01-26 15:30:18,696 - Victim node is 1236.
2024-01-26 15:30:18,696 - tensor([ 119, 1955, 2708], device='cuda:0')
2024-01-26 15:30:18,696 - Classification Succeeds.
2024-01-26 15:30:18,696 - Link Generation Succeeds.
2024-01-26 15:30:19,645 - Victim node is 2067.
2024-01-26 15:30:19,645 - tensor([ 306, 1701, 1986], device='cuda:0')
2024-01-26 15:30:19,645 - Classification Succeeds.
2024-01-26 15:30:19,645 - Link Generation Fails.
2024-01-26 15:30:20,564 - Victim node is 527.
2024-01-26 15:30:20,564 - tensor([1701, 1986, 2034], device='cuda:0')
2024-01-26 15:30:20,564 - Classification Succeeds.
2024-01-26 15:30:20,564 - Link Generation Fails.
2024-01-26 15:30:21,508 - Victim node is 2623.
2024-01-26 15:30:21,508 - tensor([ 963, 1257, 1692], device='cuda:0')
2024-01-26 15:30:21,508 - Classification Succeeds.
2024-01-26 15:30:21,508 - Link Generation Fails.
2024-01-26 15:30:22,430 - Victim node is 186.
2024-01-26 15:30:22,430 - tensor([1542, 1701, 2034], device='cuda:0')
2024-01-26 15:30:22,430 - Classification Fails.
2024-01-26 15:30:22,430 - Link Generation Fails.
2024-01-26 15:30:23,338 - Victim node is 1187.
2024-01-26 15:30:23,338 - tensor([1169, 1358, 1914], device='cuda:0')
2024-01-26 15:30:23,339 - Classification Fails.
2024-01-26 15:30:23,339 - Link Generation Fails.
2024-01-26 15:30:24,250 - Victim node is 1990.
2024-01-26 15:30:24,250 - tensor([ 306, 1358, 1701], device='cuda:0')
2024-01-26 15:30:24,250 - Classification Fails.
2024-01-26 15:30:24,250 - Link Generation Fails.
2024-01-26 15:30:25,160 - Victim node is 1566.
2024-01-26 15:30:25,160 - tensor([1013, 1358, 1914], device='cuda:0')
2024-01-26 15:30:25,160 - Classification Succeeds.
2024-01-26 15:30:25,160 - Link Generation Fails.
2024-01-26 15:30:26,083 - Victim node is 1310.
2024-01-26 15:30:26,084 - tensor([1257, 1290, 2709], device='cuda:0')
2024-01-26 15:30:26,084 - Classification Fails.
2024-01-26 15:30:26,084 - Link Generation Succeeds.
2024-01-26 15:30:27,025 - Victim node is 1559.
2024-01-26 15:30:27,025 - tensor([2708, 2710, 2711], device='cuda:0')
2024-01-26 15:30:27,025 - Classification Succeeds.
2024-01-26 15:30:27,026 - Link Generation Succeeds.
2024-01-26 15:30:27,940 - Victim node is 1681.
2024-01-26 15:30:27,942 - tensor([ 306, 1623, 1986], device='cuda:0')
2024-01-26 15:30:27,942 - Classification Fails.
2024-01-26 15:30:27,942 - Link Generation Fails.
2024-01-26 15:30:28,866 - Victim node is 2607.
2024-01-26 15:30:28,866 - tensor([ 963, 1257, 1955], device='cuda:0')
2024-01-26 15:30:28,867 - Classification Fails.
2024-01-26 15:30:28,867 - Link Generation Fails.
2024-01-26 15:30:29,792 - Victim node is 1647.
2024-01-26 15:30:29,792 - tensor([1955, 2712, 2719], device='cuda:0')
2024-01-26 15:30:29,792 - Classification Succeeds.
2024-01-26 15:30:29,792 - Link Generation Succeeds.
2024-01-26 15:30:30,728 - Victim node is 2210.
2024-01-26 15:30:30,728 - tensor([ 306, 1358, 1623], device='cuda:0')
2024-01-26 15:30:30,729 - Classification Succeeds.
2024-01-26 15:30:30,729 - Link Generation Fails.
2024-01-26 15:30:31,626 - Victim node is 716.
2024-01-26 15:30:31,626 - tensor([ 306, 1358, 1701], device='cuda:0')
2024-01-26 15:30:31,626 - Classification Fails.
2024-01-26 15:30:31,626 - Link Generation Fails.
2024-01-26 15:30:32,527 - Victim node is 738.
2024-01-26 15:30:32,527 - tensor([ 306, 1701, 1986], device='cuda:0')
2024-01-26 15:30:32,527 - Classification Fails.
2024-01-26 15:30:32,527 - Link Generation Fails.
2024-01-26 15:30:33,428 - Victim node is 1764.
2024-01-26 15:30:33,428 - tensor([ 735, 1579, 2861], device='cuda:0')
2024-01-26 15:30:33,429 - Classification Succeeds.
2024-01-26 15:30:33,429 - Link Generation Succeeds.
2024-01-26 15:30:34,335 - Victim node is 2198.
2024-01-26 15:30:34,335 - tensor([1701, 1986, 2034], device='cuda:0')
2024-01-26 15:30:34,336 - Classification Succeeds.
2024-01-26 15:30:34,336 - Link Generation Fails.
2024-01-26 15:30:35,268 - Victim node is 1320.
2024-01-26 15:30:35,268 - tensor([ 963, 1257, 1692], device='cuda:0')
2024-01-26 15:30:35,268 - Classification Succeeds.
2024-01-26 15:30:35,268 - Link Generation Fails.
2024-01-26 15:30:36,183 - Victim node is 1655.
2024-01-26 15:30:36,184 - tensor([ 306, 1358, 1986], device='cuda:0')
2024-01-26 15:30:36,184 - Classification Succeeds.
2024-01-26 15:30:36,184 - Link Generation Fails.
2024-01-26 15:30:37,099 - Victim node is 1658.
2024-01-26 15:30:37,099 - tensor([ 306, 1358, 1623], device='cuda:0')
2024-01-26 15:30:37,099 - Classification Fails.
2024-01-26 15:30:37,099 - Link Generation Fails.
2024-01-26 15:30:38,028 - Victim node is 17.
2024-01-26 15:30:38,028 - tensor([1701, 1986, 2034], device='cuda:0')
2024-01-26 15:30:38,029 - Classification Succeeds.
2024-01-26 15:30:38,029 - Link Generation Fails.
2024-01-26 15:30:38,942 - Victim node is 481.
2024-01-26 15:30:38,942 - tensor([1358, 1701, 1986], device='cuda:0')
2024-01-26 15:30:38,943 - Classification Succeeds.
2024-01-26 15:30:38,943 - Link Generation Fails.
2024-01-26 15:30:39,896 - Victim node is 1609.
2024-01-26 15:30:39,896 - tensor([ 306, 1358, 1986], device='cuda:0')
2024-01-26 15:30:39,896 - Classification Fails.
2024-01-26 15:30:39,896 - Link Generation Fails.
2024-01-26 15:30:40,810 - Victim node is 1862.
2024-01-26 15:30:40,810 - tensor([ 598, 1358, 1986], device='cuda:0')
2024-01-26 15:30:40,811 - Classification Succeeds.
2024-01-26 15:30:40,811 - Link Generation Fails.
2024-01-26 15:30:41,718 - Victim node is 2538.
2024-01-26 15:30:41,718 - tensor([ 422,  545, 1692], device='cuda:0')
2024-01-26 15:30:41,718 - Classification Succeeds.
2024-01-26 15:30:41,718 - Link Generation Fails.
2024-01-26 15:30:42,615 - Victim node is 775.
2024-01-26 15:30:42,615 - tensor([1358, 1701, 1986], device='cuda:0')
2024-01-26 15:30:42,615 - Classification Succeeds.
2024-01-26 15:30:42,616 - Link Generation Fails.
2024-01-26 15:30:43,510 - Victim node is 855.
2024-01-26 15:30:43,510 - tensor([ 963, 1257, 2714], device='cuda:0')
2024-01-26 15:30:43,510 - Classification Succeeds.
2024-01-26 15:30:43,511 - Link Generation Succeeds.
2024-01-26 15:30:44,462 - Victim node is 447.
2024-01-26 15:30:44,462 - tensor([ 306, 1013, 1358], device='cuda:0')
2024-01-26 15:30:44,462 - Classification Succeeds.
2024-01-26 15:30:44,462 - Link Generation Fails.
2024-01-26 15:30:45,398 - Victim node is 2074.
2024-01-26 15:30:45,399 - tensor([ 306, 1358, 1986], device='cuda:0')
2024-01-26 15:30:45,399 - Classification Succeeds.
2024-01-26 15:30:45,399 - Link Generation Fails.
2024-01-26 15:30:46,398 - Victim node is 546.
2024-01-26 15:30:46,398 - tensor([ 429, 2034, 2130], device='cuda:0')
2024-01-26 15:30:46,399 - Classification Succeeds.
2024-01-26 15:30:46,399 - Link Generation Fails.
2024-01-26 15:30:47,336 - Victim node is 1793.
2024-01-26 15:30:47,336 - tensor([ 119,  371, 2710], device='cuda:0')
2024-01-26 15:30:47,336 - Classification Succeeds.
2024-01-26 15:30:47,336 - Link Generation Succeeds.
2024-01-26 15:30:48,325 - Victim node is 241.
2024-01-26 15:30:48,325 - tensor([2710, 2713, 2717], device='cuda:0')
2024-01-26 15:30:48,326 - Classification Succeeds.
2024-01-26 15:30:48,326 - Link Generation Succeeds.
2024-01-26 15:30:49,334 - Victim node is 1460.
2024-01-26 15:30:49,334 - tensor([ 963, 1050, 1692], device='cuda:0')
2024-01-26 15:30:49,334 - Classification Fails.
2024-01-26 15:30:49,334 - Link Generation Fails.
2024-01-26 15:30:50,332 - Victim node is 147.
2024-01-26 15:30:50,332 - tensor([ 739,  963, 1257], device='cuda:0')
2024-01-26 15:30:50,333 - Classification Fails.
2024-01-26 15:30:50,333 - Link Generation Fails.
2024-01-26 15:30:51,289 - Victim node is 1454.
2024-01-26 15:30:51,289 - tensor([1986, 2708, 2711], device='cuda:0')
2024-01-26 15:30:51,289 - Classification Fails.
2024-01-26 15:30:51,289 - Link Generation Succeeds.
2024-01-26 15:30:52,259 - Victim node is 2673.
2024-01-26 15:30:52,259 - tensor([ 739,  963, 1428], device='cuda:0')
2024-01-26 15:30:52,259 - Classification Succeeds.
2024-01-26 15:30:52,259 - Link Generation Fails.
2024-01-26 15:30:53,227 - Victim node is 2099.
2024-01-26 15:30:53,228 - tensor([ 306, 1358, 1623], device='cuda:0')
2024-01-26 15:30:53,228 - Classification Fails.
2024-01-26 15:30:53,228 - Link Generation Fails.
2024-01-26 15:30:54,205 - Victim node is 2041.
2024-01-26 15:30:54,205 - tensor([ 963, 1692, 1703], device='cuda:0')
2024-01-26 15:30:54,205 - Classification Fails.
2024-01-26 15:30:54,205 - Link Generation Fails.
2024-01-26 15:30:55,188 - Victim node is 1760.
2024-01-26 15:30:55,188 - tensor([ 306, 1701, 1986], device='cuda:0')
2024-01-26 15:30:55,188 - Classification Succeeds.
2024-01-26 15:30:55,188 - Link Generation Fails.
2024-01-26 15:30:56,135 - Victim node is 2603.
2024-01-26 15:30:56,135 - tensor([1692, 2708, 2709], device='cuda:0')
2024-01-26 15:30:56,136 - Classification Succeeds.
2024-01-26 15:30:56,136 - Link Generation Succeeds.
2024-01-26 15:30:57,125 - Victim node is 1465.
2024-01-26 15:30:57,125 - tensor([ 733, 2001, 2034], device='cuda:0')
2024-01-26 15:30:57,125 - Classification Succeeds.
2024-01-26 15:30:57,125 - Link Generation Fails.
2024-01-26 15:30:58,124 - Victim node is 2487.
2024-01-26 15:30:58,124 - tensor([ 306, 1013, 1701], device='cuda:0')
2024-01-26 15:30:58,124 - Classification Succeeds.
2024-01-26 15:30:58,124 - Link Generation Fails.
2024-01-26 15:30:59,094 - Victim node is 2631.
2024-01-26 15:30:59,094 - tensor([ 444,  739, 1955], device='cuda:0')
2024-01-26 15:30:59,094 - Classification Fails.
2024-01-26 15:30:59,094 - Link Generation Fails.
2024-01-26 15:31:00,054 - Victim node is 1536.
2024-01-26 15:31:00,055 - tensor([ 963, 1257, 1702], device='cuda:0')
2024-01-26 15:31:00,055 - Classification Fails.
2024-01-26 15:31:00,055 - Link Generation Fails.
2024-01-26 15:31:01,020 - Victim node is 2396.
2024-01-26 15:31:01,020 - tensor([1013, 1701, 1986], device='cuda:0')
2024-01-26 15:31:01,022 - Classification Succeeds.
2024-01-26 15:31:01,022 - Link Generation Fails.
2024-01-26 15:31:01,993 - Victim node is 974.
2024-01-26 15:31:01,993 - tensor([1701, 1986, 2034], device='cuda:0')
2024-01-26 15:31:01,993 - Classification Succeeds.
2024-01-26 15:31:01,993 - Link Generation Fails.
2024-01-26 15:31:02,968 - Victim node is 1255.
2024-01-26 15:31:02,968 - tensor([ 963, 1050, 1257], device='cuda:0')
2024-01-26 15:31:02,968 - Classification Succeeds.
2024-01-26 15:31:02,968 - Link Generation Fails.
2024-01-26 15:31:03,962 - Victim node is 2408.
2024-01-26 15:31:03,962 - tensor([ 306, 1701, 1986], device='cuda:0')
2024-01-26 15:31:03,963 - Classification Succeeds.
2024-01-26 15:31:03,963 - Link Generation Fails.
2024-01-26 15:31:04,982 - Victim node is 1530.
2024-01-26 15:31:04,982 - tensor([ 739, 1257, 1955], device='cuda:0')
2024-01-26 15:31:04,982 - Classification Succeeds.
2024-01-26 15:31:04,982 - Link Generation Fails.
2024-01-26 15:31:05,997 - Victim node is 1806.
2024-01-26 15:31:05,997 - tensor([ 963, 1257, 2710], device='cuda:0')
2024-01-26 15:31:05,997 - Classification Fails.
2024-01-26 15:31:05,997 - Link Generation Succeeds.
2024-01-26 15:31:06,980 - Victim node is 2335.
2024-01-26 15:31:06,980 - tensor([1692, 1966, 2473], device='cuda:0')
2024-01-26 15:31:06,981 - Classification Succeeds.
2024-01-26 15:31:06,981 - Link Generation Fails.
2024-01-26 15:31:07,985 - Victim node is 1800.
2024-01-26 15:31:07,985 - tensor([ 306, 1358, 1986], device='cuda:0')
2024-01-26 15:31:07,985 - Classification Succeeds.
2024-01-26 15:31:07,985 - Link Generation Fails.
2024-01-26 15:31:08,960 - Victim node is 1526.
2024-01-26 15:31:08,960 - tensor([ 306, 1358, 1623], device='cuda:0')
2024-01-26 15:31:08,960 - Classification Succeeds.
2024-01-26 15:31:08,960 - Link Generation Fails.
2024-01-26 15:31:09,955 - Victim node is 1882.
2024-01-26 15:31:09,955 - tensor([1169, 1358, 1441], device='cuda:0')
2024-01-26 15:31:09,955 - Classification Succeeds.
2024-01-26 15:31:09,955 - Link Generation Fails.
2024-01-26 15:31:10,939 - Victim node is 1295.
2024-01-26 15:31:10,939 - tensor([1358, 1701, 1986], device='cuda:0')
2024-01-26 15:31:10,939 - Classification Fails.
2024-01-26 15:31:10,940 - Link Generation Fails.
2024-01-26 15:31:11,912 - Victim node is 721.
2024-01-26 15:31:11,912 - tensor([ 67, 540, 739], device='cuda:0')
2024-01-26 15:31:11,913 - Classification Fails.
2024-01-26 15:31:11,913 - Link Generation Fails.
2024-01-26 15:31:12,857 - Victim node is 103.
2024-01-26 15:31:12,859 - tensor([1358, 1701, 1986], device='cuda:0')
2024-01-26 15:31:12,859 - Classification Succeeds.
2024-01-26 15:31:12,859 - Link Generation Fails.
2024-01-26 15:31:13,861 - Victim node is 2521.
2024-01-26 15:31:13,862 - tensor([ 963, 1692, 2238], device='cuda:0')
2024-01-26 15:31:13,862 - Classification Fails.
2024-01-26 15:31:13,862 - Link Generation Fails.
2024-01-26 15:31:14,783 - Victim node is 2612.
2024-01-26 15:31:14,783 - tensor([1169, 1358, 2710], device='cuda:0')
2024-01-26 15:31:14,783 - Classification Succeeds.
2024-01-26 15:31:14,783 - Link Generation Succeeds.
2024-01-26 15:31:15,752 - Victim node is 490.
2024-01-26 15:31:15,752 - tensor([1358, 1701, 1914], device='cuda:0')
2024-01-26 15:31:15,753 - Classification Fails.
2024-01-26 15:31:15,753 - Link Generation Fails.
2024-01-26 15:31:16,719 - Victim node is 231.
2024-01-26 15:31:16,719 - tensor([ 306, 1358, 1986], device='cuda:0')
2024-01-26 15:31:16,719 - Classification Succeeds.
2024-01-26 15:31:16,720 - Link Generation Fails.
2024-01-26 15:31:17,683 - Victim node is 288.
2024-01-26 15:31:17,683 - tensor([ 422,  963, 1692], device='cuda:0')
2024-01-26 15:31:17,683 - Classification Fails.
2024-01-26 15:31:17,684 - Link Generation Fails.
2024-01-26 15:31:18,660 - Victim node is 833.
2024-01-26 15:31:18,660 - tensor([ 733, 1810, 2034], device='cuda:0')
2024-01-26 15:31:18,661 - Classification Succeeds.
2024-01-26 15:31:18,661 - Link Generation Fails.
2024-01-26 15:31:19,687 - Victim node is 1284.
2024-01-26 15:31:19,687 - tensor([ 306, 1701, 1986], device='cuda:0')
2024-01-26 15:31:19,688 - Classification Succeeds.
2024-01-26 15:31:19,688 - Link Generation Fails.
2024-01-26 15:31:20,698 - Victim node is 1675.
2024-01-26 15:31:20,698 - tensor([ 306, 1358, 1701], device='cuda:0')
2024-01-26 15:31:20,699 - Classification Succeeds.
2024-01-26 15:31:20,699 - Link Generation Fails.
2024-01-26 15:31:21,677 - Victim node is 2049.
2024-01-26 15:31:21,677 - tensor([ 306, 1358, 1986], device='cuda:0')
2024-01-26 15:31:21,678 - Classification Succeeds.
2024-01-26 15:31:21,678 - Link Generation Fails.
2024-01-26 15:31:22,649 - Victim node is 1975.
2024-01-26 15:31:22,649 - tensor([ 306, 1358, 1483], device='cuda:0')
2024-01-26 15:31:22,649 - Classification Succeeds.
2024-01-26 15:31:22,649 - Link Generation Fails.
2024-01-26 15:31:23,630 - Victim node is 437.
2024-01-26 15:31:23,632 - tensor([ 306, 1013, 1986], device='cuda:0')
2024-01-26 15:31:23,632 - Classification Succeeds.
2024-01-26 15:31:23,632 - Link Generation Fails.
2024-01-26 15:31:24,607 - Victim node is 936.
2024-01-26 15:31:24,607 - tensor([ 306, 1013, 1358], device='cuda:0')
2024-01-26 15:31:24,608 - Classification Succeeds.
2024-01-26 15:31:24,608 - Link Generation Fails.
2024-01-26 15:31:25,579 - Victim node is 1659.
2024-01-26 15:31:25,579 - tensor([1169, 1358, 2451], device='cuda:0')
2024-01-26 15:31:25,579 - Classification Succeeds.
2024-01-26 15:31:25,579 - Link Generation Fails.
2024-01-26 15:31:26,544 - Victim node is 228.
2024-01-26 15:31:26,544 - tensor([ 306, 1623, 1986], device='cuda:0')
2024-01-26 15:31:26,545 - Classification Succeeds.
2024-01-26 15:31:26,545 - Link Generation Fails.
2024-01-26 15:31:27,513 - Victim node is 1164.
2024-01-26 15:31:27,513 - tensor([1013, 1358, 1914], device='cuda:0')
2024-01-26 15:31:27,514 - Classification Succeeds.
2024-01-26 15:31:27,514 - Link Generation Fails.
2024-01-26 15:31:28,498 - Victim node is 2509.
2024-01-26 15:31:28,498 - tensor([ 700, 2539, 2726], device='cuda:0')
2024-01-26 15:31:28,498 - Classification Succeeds.
2024-01-26 15:31:28,498 - Link Generation Succeeds.
2024-01-26 15:31:29,426 - Victim node is 2085.
2024-01-26 15:31:29,426 - tensor([1358, 1701, 1986], device='cuda:0')
2024-01-26 15:31:29,427 - Classification Succeeds.
2024-01-26 15:31:29,427 - Link Generation Fails.
2024-01-26 15:31:30,395 - Victim node is 227.
2024-01-26 15:31:30,395 - tensor([1169, 1358, 1483], device='cuda:0')
2024-01-26 15:31:30,395 - Classification Succeeds.
2024-01-26 15:31:30,395 - Link Generation Fails.
2024-01-26 15:31:31,392 - Victim node is 2172.
2024-01-26 15:31:31,392 - tensor([ 306, 1358, 1623], device='cuda:0')
2024-01-26 15:31:31,393 - Classification Succeeds.
2024-01-26 15:31:31,393 - Link Generation Fails.
2024-01-26 15:31:32,369 - Victim node is 99.
2024-01-26 15:31:32,369 - tensor([ 119,  735, 1955], device='cuda:0')
2024-01-26 15:31:32,369 - Classification Succeeds.
2024-01-26 15:31:32,369 - Link Generation Fails.
2024-01-26 15:31:33,347 - Victim node is 229.
2024-01-26 15:31:33,347 - tensor([1701, 1986, 2034], device='cuda:0')
2024-01-26 15:31:33,347 - Classification Succeeds.
2024-01-26 15:31:33,347 - Link Generation Fails.
2024-01-26 15:31:34,312 - Victim node is 1528.
2024-01-26 15:31:34,312 - tensor([ 306, 1358, 1623], device='cuda:0')
2024-01-26 15:31:34,312 - Classification Fails.
2024-01-26 15:31:34,312 - Link Generation Fails.
2024-01-26 15:31:35,278 - Victim node is 1982.
2024-01-26 15:31:35,278 - tensor([1169, 1358, 2728], device='cuda:0')
2024-01-26 15:31:35,278 - Classification Succeeds.
2024-01-26 15:31:35,279 - Link Generation Succeeds.
2024-01-26 15:31:36,275 - Victim node is 2073.
2024-01-26 15:31:36,275 - tensor([ 306, 1701, 1986], device='cuda:0')
2024-01-26 15:31:36,275 - Classification Succeeds.
2024-01-26 15:31:36,275 - Link Generation Fails.
2024-01-26 15:31:37,258 - Victim node is 266.
2024-01-26 15:31:37,259 - tensor([ 306, 1701, 1986], device='cuda:0')
2024-01-26 15:31:37,259 - Classification Succeeds.
2024-01-26 15:31:37,259 - Link Generation Fails.
2024-01-26 15:31:38,232 - Victim node is 373.
2024-01-26 15:31:38,232 - tensor([  95,  733, 2034], device='cuda:0')
2024-01-26 15:31:38,232 - Classification Succeeds.
2024-01-26 15:31:38,232 - Link Generation Fails.
2024-01-26 15:31:39,258 - Victim node is 1726.
2024-01-26 15:31:39,258 - tensor([ 306, 1701, 1986], device='cuda:0')
2024-01-26 15:31:39,259 - Classification Succeeds.
2024-01-26 15:31:39,259 - Link Generation Fails.
2024-01-26 15:31:40,261 - Victim node is 1506.
2024-01-26 15:31:40,261 - tensor([ 306, 1358, 1623], device='cuda:0')
2024-01-26 15:31:40,261 - Classification Fails.
2024-01-26 15:31:40,261 - Link Generation Fails.
2024-01-26 15:31:41,239 - Victim node is 2322.
2024-01-26 15:31:41,239 - tensor([1701, 1986, 2034], device='cuda:0')
2024-01-26 15:31:41,240 - Classification Fails.
2024-01-26 15:31:41,240 - Link Generation Fails.
2024-01-26 15:31:42,209 - Victim node is 727.
2024-01-26 15:31:42,209 - tensor([1290, 1955, 2712], device='cuda:0')
2024-01-26 15:31:42,209 - Classification Succeeds.
2024-01-26 15:31:42,209 - Link Generation Succeeds.
2024-01-26 15:31:43,182 - Victim node is 2562.
2024-01-26 15:31:43,182 - tensor([2708, 2709, 2710], device='cuda:0')
2024-01-26 15:31:43,183 - Classification Succeeds.
2024-01-26 15:31:43,183 - Link Generation Succeeds.
2024-01-26 15:31:44,144 - Victim node is 1196.
2024-01-26 15:31:44,144 - tensor([ 700,  733, 1701], device='cuda:0')
2024-01-26 15:31:44,144 - Classification Fails.
2024-01-26 15:31:44,144 - Link Generation Fails.
2024-01-26 15:31:45,087 - Victim node is 2023.
2024-01-26 15:31:45,088 - tensor([ 306, 1013, 1358], device='cuda:0')
2024-01-26 15:31:45,088 - Classification Fails.
2024-01-26 15:31:45,088 - Link Generation Fails.
2024-01-26 15:31:46,062 - Victim node is 2112.
2024-01-26 15:31:46,064 - tensor([1013, 1914, 1973], device='cuda:0')
2024-01-26 15:31:46,064 - Classification Succeeds.
2024-01-26 15:31:46,064 - Link Generation Fails.
2024-01-26 15:31:46,988 - Victim node is 2265.
2024-01-26 15:31:46,988 - tensor([ 963, 1692, 2001], device='cuda:0')
2024-01-26 15:31:46,989 - Classification Succeeds.
2024-01-26 15:31:46,989 - Link Generation Fails.
2024-01-26 15:31:47,932 - Victim node is 879.
2024-01-26 15:31:47,932 - tensor([1692, 2001, 2034], device='cuda:0')
2024-01-26 15:31:47,933 - Classification Fails.
2024-01-26 15:31:47,933 - Link Generation Fails.
2024-01-26 15:31:48,910 - Victim node is 2697.
2024-01-26 15:31:48,910 - tensor([ 963, 1257, 2709], device='cuda:0')
2024-01-26 15:31:48,912 - Classification Succeeds.
2024-01-26 15:31:48,912 - Link Generation Succeeds.
2024-01-26 15:31:49,841 - Victim node is 2372.
2024-01-26 15:31:49,841 - tensor([ 306, 1358, 1701], device='cuda:0')
2024-01-26 15:31:49,841 - Classification Fails.
2024-01-26 15:31:49,841 - Link Generation Fails.
2024-01-26 15:31:50,800 - Victim node is 2581.
2024-01-26 15:31:50,800 - tensor([1358, 2710, 2712], device='cuda:0')
2024-01-26 15:31:50,800 - Classification Succeeds.
2024-01-26 15:31:50,800 - Link Generation Succeeds.
2024-01-26 15:31:51,772 - Victim node is 1984.
2024-01-26 15:31:51,772 - tensor([ 118,  441, 1441], device='cuda:0')
2024-01-26 15:31:51,773 - Classification Fails.
2024-01-26 15:31:51,773 - Link Generation Fails.
2024-01-26 15:31:52,725 - Victim node is 1080.
2024-01-26 15:31:52,726 - tensor([ 306, 1358, 1623], device='cuda:0')
2024-01-26 15:31:52,727 - Classification Succeeds.
2024-01-26 15:31:52,727 - Link Generation Fails.
2024-01-26 15:31:53,660 - Victim node is 1120.
2024-01-26 15:31:53,660 - tensor([ 306, 1358, 1623], device='cuda:0')
2024-01-26 15:31:53,660 - Classification Succeeds.
2024-01-26 15:31:53,661 - Link Generation Fails.
2024-01-26 15:31:54,633 - Victim node is 1085.
2024-01-26 15:31:54,633 - tensor([ 306, 1358, 1623], device='cuda:0')
2024-01-26 15:31:54,633 - Classification Succeeds.
2024-01-26 15:31:54,633 - Link Generation Fails.
2024-01-26 15:31:55,598 - Victim node is 1824.
2024-01-26 15:31:55,598 - tensor([ 963, 1119, 1955], device='cuda:0')
2024-01-26 15:31:55,598 - Classification Succeeds.
2024-01-26 15:31:55,598 - Link Generation Fails.
2024-01-26 15:31:56,605 - Victim node is 1586.
2024-01-26 15:31:56,605 - tensor([ 306, 1358, 1623], device='cuda:0')
2024-01-26 15:31:56,605 - Classification Succeeds.
2024-01-26 15:31:56,605 - Link Generation Fails.
2024-01-26 15:31:57,589 - Victim node is 1699.
2024-01-26 15:31:57,589 - tensor([ 306, 1358, 1623], device='cuda:0')
2024-01-26 15:31:57,590 - Classification Succeeds.
2024-01-26 15:31:57,590 - Link Generation Fails.
2024-01-26 15:31:58,515 - Victim node is 1408.
2024-01-26 15:31:58,516 - tensor([ 963, 1257, 1955], device='cuda:0')
2024-01-26 15:31:58,516 - Classification Succeeds.
2024-01-26 15:31:58,516 - Link Generation Fails.
2024-01-26 15:31:59,503 - Victim node is 1735.
2024-01-26 15:31:59,503 - tensor([ 306, 1701, 1986], device='cuda:0')
2024-01-26 15:31:59,503 - Classification Fails.
2024-01-26 15:31:59,503 - Link Generation Fails.
2024-01-26 15:32:00,446 - Victim node is 629.
2024-01-26 15:32:00,446 - tensor([1169, 1358, 1725], device='cuda:0')
2024-01-26 15:32:00,447 - Classification Succeeds.
2024-01-26 15:32:00,447 - Link Generation Fails.
2024-01-26 15:32:01,406 - Victim node is 805.
2024-01-26 15:32:01,406 - tensor([1257, 2238, 2248], device='cuda:0')
2024-01-26 15:32:01,407 - Classification Succeeds.
2024-01-26 15:32:01,407 - Link Generation Fails.
2024-01-26 15:32:02,350 - Victim node is 651.
2024-01-26 15:32:02,350 - tensor([ 306, 1358, 1986], device='cuda:0')
2024-01-26 15:32:02,350 - Classification Succeeds.
2024-01-26 15:32:02,350 - Link Generation Fails.
2024-01-26 15:32:03,338 - Victim node is 477.
2024-01-26 15:32:03,338 - tensor([2709, 2710, 2711], device='cuda:0')
2024-01-26 15:32:03,338 - Classification Fails.
2024-01-26 15:32:03,338 - Link Generation Succeeds.
2024-01-26 15:32:04,263 - Victim node is 2420.
2024-01-26 15:32:04,263 - tensor([ 963, 1955, 2714], device='cuda:0')
2024-01-26 15:32:04,264 - Classification Fails.
2024-01-26 15:32:04,264 - Link Generation Succeeds.
2024-01-26 15:32:05,218 - Victim node is 2149.
2024-01-26 15:32:05,218 - tensor([ 963, 1257, 2248], device='cuda:0')
2024-01-26 15:32:05,218 - Classification Fails.
2024-01-26 15:32:05,218 - Link Generation Fails.
2024-01-26 15:32:06,203 - Victim node is 1542.
2024-01-26 15:32:06,203 - tensor([1358, 1701, 1986], device='cuda:0')
2024-01-26 15:32:06,203 - Classification Succeeds.
2024-01-26 15:32:06,203 - Link Generation Fails.
2024-01-26 15:32:07,189 - Victim node is 2057.
2024-01-26 15:32:07,189 - tensor([ 306, 1013, 1623], device='cuda:0')
2024-01-26 15:32:07,189 - Classification Succeeds.
2024-01-26 15:32:07,189 - Link Generation Fails.
2024-01-26 15:32:08,138 - Victim node is 2245.
2024-01-26 15:32:08,138 - tensor([ 963, 1257, 1703], device='cuda:0')
2024-01-26 15:32:08,139 - Classification Fails.
2024-01-26 15:32:08,139 - Link Generation Fails.
2024-01-26 15:32:09,060 - Victim node is 1693.
2024-01-26 15:32:09,060 - tensor([ 306, 1701, 1986], device='cuda:0')
2024-01-26 15:32:09,060 - Classification Succeeds.
2024-01-26 15:32:09,062 - Link Generation Fails.
2024-01-26 15:32:09,995 - Victim node is 869.
2024-01-26 15:32:09,995 - tensor([ 306, 1358, 1986], device='cuda:0')
2024-01-26 15:32:09,995 - Classification Succeeds.
2024-01-26 15:32:09,995 - Link Generation Fails.
2024-01-26 15:32:10,928 - Victim node is 1598.
2024-01-26 15:32:10,928 - tensor([ 739, 1955, 2464], device='cuda:0')
2024-01-26 15:32:10,929 - Classification Succeeds.
2024-01-26 15:32:10,929 - Link Generation Fails.
2024-01-26 15:32:11,859 - Victim node is 1060.
2024-01-26 15:32:11,859 - tensor([ 371, 1955, 2709], device='cuda:0')
2024-01-26 15:32:11,860 - Classification Succeeds.
2024-01-26 15:32:11,860 - Link Generation Succeeds.
2024-01-26 15:32:12,796 - Victim node is 2384.
2024-01-26 15:32:12,796 - tensor([ 306, 1358, 1986], device='cuda:0')
2024-01-26 15:32:12,796 - Classification Fails.
2024-01-26 15:32:12,796 - Link Generation Fails.
2024-01-26 15:32:13,727 - Victim node is 1003.
2024-01-26 15:32:13,728 - tensor([1050, 1257, 2248], device='cuda:0')
2024-01-26 15:32:13,728 - Classification Fails.
2024-01-26 15:32:13,728 - Link Generation Fails.
2024-01-26 15:32:14,698 - Victim node is 1063.
2024-01-26 15:32:14,698 - tensor([1692, 2001, 2238], device='cuda:0')
2024-01-26 15:32:14,698 - Classification Succeeds.
2024-01-26 15:32:14,700 - Link Generation Fails.
2024-01-26 15:32:15,667 - Victim node is 520.
2024-01-26 15:32:15,667 - tensor([ 306, 1358, 1623], device='cuda:0')
2024-01-26 15:32:15,668 - Classification Fails.
2024-01-26 15:32:15,668 - Link Generation Fails.
2024-01-26 15:32:16,603 - Victim node is 2605.
2024-01-26 15:32:16,603 - tensor([ 306, 1358, 1986], device='cuda:0')
2024-01-26 15:32:16,603 - Classification Fails.
2024-01-26 15:32:16,603 - Link Generation Fails.
2024-01-26 15:32:17,526 - Victim node is 1211.
2024-01-26 15:32:17,527 - tensor([1701, 1986, 2034], device='cuda:0')
2024-01-26 15:32:17,527 - Classification Fails.
2024-01-26 15:32:17,527 - Link Generation Fails.
2024-01-26 15:32:18,455 - Victim node is 2324.
2024-01-26 15:32:18,455 - tensor([ 306, 1358, 1483], device='cuda:0')
2024-01-26 15:32:18,456 - Classification Succeeds.
2024-01-26 15:32:18,456 - Link Generation Fails.
2024-01-26 15:32:19,389 - Victim node is 607.
2024-01-26 15:32:19,389 - tensor([ 963, 1257, 2714], device='cuda:0')
2024-01-26 15:32:19,389 - Classification Succeeds.
2024-01-26 15:32:19,389 - Link Generation Succeeds.
2024-01-26 15:32:20,318 - Victim node is 1578.
2024-01-26 15:32:20,318 - tensor([ 119, 1441, 1955], device='cuda:0')
2024-01-26 15:32:20,318 - Classification Succeeds.
2024-01-26 15:32:20,318 - Link Generation Fails.
2024-01-26 15:32:21,289 - Victim node is 2549.
2024-01-26 15:32:21,290 - tensor([ 735, 1955, 2708], device='cuda:0')
2024-01-26 15:32:21,290 - Classification Fails.
2024-01-26 15:32:21,290 - Link Generation Succeeds.
2024-01-26 15:32:22,249 - Victim node is 814.
2024-01-26 15:32:22,249 - tensor([ 145, 1257, 2146], device='cuda:0')
2024-01-26 15:32:22,249 - Classification Succeeds.
2024-01-26 15:32:22,249 - Link Generation Fails.
2024-01-26 15:32:23,223 - Victim node is 1529.
2024-01-26 15:32:23,223 - tensor([1701, 1810, 1986], device='cuda:0')
2024-01-26 15:32:23,223 - Classification Succeeds.
2024-01-26 15:32:23,223 - Link Generation Fails.
2024-01-26 15:32:24,185 - Victim node is 2620.
2024-01-26 15:32:24,185 - tensor([ 610, 1358, 1483], device='cuda:0')
2024-01-26 15:32:24,186 - Classification Succeeds.
2024-01-26 15:32:24,186 - Link Generation Fails.
2024-01-26 15:32:25,156 - Victim node is 1871.
2024-01-26 15:32:25,156 - tensor([ 306, 1358, 1986], device='cuda:0')
2024-01-26 15:32:25,156 - Classification Succeeds.
2024-01-26 15:32:25,156 - Link Generation Fails.
2024-01-26 15:32:26,088 - Victim node is 1632.
2024-01-26 15:32:26,089 - tensor([1169, 1358, 1483], device='cuda:0')
2024-01-26 15:32:26,089 - Classification Succeeds.
2024-01-26 15:32:26,089 - Link Generation Fails.
2024-01-26 15:32:27,026 - Victim node is 714.
2024-01-26 15:32:27,026 - tensor([ 963, 1257, 2671], device='cuda:0')
2024-01-26 15:32:27,027 - Classification Succeeds.
2024-01-26 15:32:27,027 - Link Generation Fails.
2024-01-26 15:32:27,983 - Victim node is 1943.
2024-01-26 15:32:27,983 - tensor([ 306, 1358, 1986], device='cuda:0')
2024-01-26 15:32:27,983 - Classification Succeeds.
2024-01-26 15:32:27,984 - Link Generation Fails.
2024-01-26 15:32:28,937 - Victim node is 1301.
2024-01-26 15:32:28,937 - tensor([ 700, 1691, 1701], device='cuda:0')
2024-01-26 15:32:28,937 - Classification Succeeds.
2024-01-26 15:32:28,937 - Link Generation Fails.
2024-01-26 15:32:29,889 - Victim node is 1367.
2024-01-26 15:32:29,889 - tensor([1358, 1701, 1986], device='cuda:0')
2024-01-26 15:32:29,889 - Classification Succeeds.
2024-01-26 15:32:29,889 - Link Generation Fails.
2024-01-26 15:32:30,863 - Victim node is 1414.
2024-01-26 15:32:30,863 - tensor([ 739,  963, 1257], device='cuda:0')
2024-01-26 15:32:30,863 - Classification Succeeds.
2024-01-26 15:32:30,863 - Link Generation Fails.
2024-01-26 15:32:31,821 - Victim node is 1434.
2024-01-26 15:32:31,821 - tensor([1701, 1810, 2034], device='cuda:0')
2024-01-26 15:32:31,821 - Classification Succeeds.
2024-01-26 15:32:31,821 - Link Generation Fails.
2024-01-26 15:32:32,795 - Victim node is 2021.
2024-01-26 15:32:32,795 - tensor([ 306, 1358, 1701], device='cuda:0')
2024-01-26 15:32:32,795 - Classification Succeeds.
2024-01-26 15:32:32,795 - Link Generation Fails.
2024-01-26 15:32:33,783 - Victim node is 959.
2024-01-26 15:32:33,783 - tensor([ 963, 1257, 2248], device='cuda:0')
2024-01-26 15:32:33,783 - Classification Fails.
2024-01-26 15:32:33,783 - Link Generation Fails.
2024-01-26 15:32:34,739 - Victim node is 1537.
2024-01-26 15:32:34,739 - tensor([1955, 2715, 2724], device='cuda:0')
2024-01-26 15:32:34,740 - Classification Succeeds.
2024-01-26 15:32:34,740 - Link Generation Succeeds.
2024-01-26 15:32:35,686 - Victim node is 2432.
2024-01-26 15:32:35,686 - tensor([ 963, 1257, 2238], device='cuda:0')
2024-01-26 15:32:35,686 - Classification Succeeds.
2024-01-26 15:32:35,686 - Link Generation Fails.
2024-01-26 15:32:36,614 - Victim node is 1493.
2024-01-26 15:32:36,614 - tensor([ 306, 1013, 1986], device='cuda:0')
2024-01-26 15:32:36,614 - Classification Succeeds.
2024-01-26 15:32:36,614 - Link Generation Fails.
2024-01-26 15:32:37,544 - Victim node is 269.
2024-01-26 15:32:37,544 - tensor([2539, 2713, 2718], device='cuda:0')
2024-01-26 15:32:37,544 - Classification Succeeds.
2024-01-26 15:32:37,545 - Link Generation Succeeds.
2024-01-26 15:32:38,464 - Victim node is 403.
2024-01-26 15:32:38,464 - tensor([ 306, 1358, 1623], device='cuda:0')
2024-01-26 15:32:38,465 - Classification Succeeds.
2024-01-26 15:32:38,465 - Link Generation Fails.
2024-01-26 15:32:39,411 - Victim node is 747.
2024-01-26 15:32:39,411 - tensor([ 735, 1955, 2464], device='cuda:0')
2024-01-26 15:32:39,411 - Classification Succeeds.
2024-01-26 15:32:39,412 - Link Generation Fails.
2024-01-26 15:32:40,370 - Victim node is 1106.
2024-01-26 15:32:40,370 - tensor([ 700, 1441, 1691], device='cuda:0')
2024-01-26 15:32:40,371 - Classification Succeeds.
2024-01-26 15:32:40,371 - Link Generation Fails.
2024-01-26 15:32:41,365 - Victim node is 865.
2024-01-26 15:32:41,365 - tensor([ 306, 1013, 1358], device='cuda:0')
2024-01-26 15:32:41,365 - Classification Fails.
2024-01-26 15:32:41,365 - Link Generation Fails.
2024-01-26 15:32:42,332 - Victim node is 111.
2024-01-26 15:32:42,332 - tensor([2796, 2858, 2866], device='cuda:0')
2024-01-26 15:32:42,332 - Classification Succeeds.
2024-01-26 15:32:42,332 - Link Generation Succeeds.
2024-01-26 15:32:43,290 - Victim node is 2616.
2024-01-26 15:32:43,290 - tensor([1169, 1358, 1914], device='cuda:0')
2024-01-26 15:32:43,290 - Classification Succeeds.
2024-01-26 15:32:43,290 - Link Generation Fails.
2024-01-26 15:32:44,232 - Victim node is 1419.
2024-01-26 15:32:44,232 - tensor([ 963, 1692, 1966], device='cuda:0')
2024-01-26 15:32:44,232 - Classification Succeeds.
2024-01-26 15:32:44,232 - Link Generation Fails.
2024-01-26 15:32:45,125 - Victim node is 2293.
2024-01-26 15:32:45,125 - tensor([ 306, 1358, 1701], device='cuda:0')
2024-01-26 15:32:45,125 - Classification Fails.
2024-01-26 15:32:45,125 - Link Generation Fails.
2024-01-26 15:32:46,039 - Victim node is 1698.
2024-01-26 15:32:46,039 - tensor([1050, 1257, 1955], device='cuda:0')
2024-01-26 15:32:46,039 - Classification Succeeds.
2024-01-26 15:32:46,039 - Link Generation Fails.
2024-01-26 15:32:46,947 - Victim node is 2038.
2024-01-26 15:32:46,947 - tensor([ 733,  833, 2001], device='cuda:0')
2024-01-26 15:32:46,947 - Classification Succeeds.
2024-01-26 15:32:46,948 - Link Generation Fails.
2024-01-26 15:32:47,852 - Victim node is 1491.
2024-01-26 15:32:47,852 - tensor([1257, 2248, 2671], device='cuda:0')
2024-01-26 15:32:47,852 - Classification Succeeds.
2024-01-26 15:32:47,853 - Link Generation Fails.
2024-01-26 15:32:48,777 - Victim node is 2606.
2024-01-26 15:32:48,777 - tensor([1119, 2124, 2126], device='cuda:0')
2024-01-26 15:32:48,777 - Classification Fails.
2024-01-26 15:32:48,777 - Link Generation Fails.
2024-01-26 15:32:49,723 - Victim node is 1330.
2024-01-26 15:32:49,723 - tensor([222, 653, 821], device='cuda:0')
2024-01-26 15:32:49,724 - Classification Fails.
2024-01-26 15:32:49,724 - Link Generation Fails.
2024-01-26 15:32:50,667 - Victim node is 2125.
2024-01-26 15:32:50,668 - tensor([ 963, 1257, 1692], device='cuda:0')
2024-01-26 15:32:50,668 - Classification Fails.
2024-01-26 15:32:50,668 - Link Generation Fails.
2024-01-26 15:32:51,604 - Victim node is 542.
2024-01-26 15:32:51,604 - tensor([1013, 1358, 1914], device='cuda:0')
2024-01-26 15:32:51,604 - Classification Succeeds.
2024-01-26 15:32:51,604 - Link Generation Fails.
2024-01-26 15:32:52,517 - Victim node is 2587.
2024-01-26 15:32:52,517 - tensor([1257, 2710, 2712], device='cuda:0')
2024-01-26 15:32:52,518 - Classification Succeeds.
2024-01-26 15:32:52,518 - Link Generation Succeeds.
2024-01-26 15:32:53,453 - Victim node is 883.
2024-01-26 15:32:53,453 - tensor([ 306, 1013, 1358], device='cuda:0')
2024-01-26 15:32:53,453 - Classification Succeeds.
2024-01-26 15:32:53,453 - Link Generation Fails.
2024-01-26 15:32:54,385 - Victim node is 2088.
2024-01-26 15:32:54,385 - tensor([1358, 1701, 1986], device='cuda:0')
2024-01-26 15:32:54,385 - Classification Succeeds.
2024-01-26 15:32:54,385 - Link Generation Fails.
2024-01-26 15:32:55,313 - Victim node is 1543.
2024-01-26 15:32:55,313 - tensor([1202, 1257, 2714], device='cuda:0')
2024-01-26 15:32:55,313 - Classification Succeeds.
2024-01-26 15:32:55,313 - Link Generation Succeeds.
2024-01-26 15:32:56,238 - Victim node is 1931.
2024-01-26 15:32:56,238 - tensor([1701, 1986, 2034], device='cuda:0')
2024-01-26 15:32:56,238 - Classification Succeeds.
2024-01-26 15:32:56,238 - Link Generation Fails.
2024-01-26 15:32:57,172 - Victim node is 1576.
2024-01-26 15:32:57,173 - tensor([1701, 1986, 2034], device='cuda:0')
2024-01-26 15:32:57,173 - Classification Succeeds.
2024-01-26 15:32:57,173 - Link Generation Fails.
2024-01-26 15:32:58,123 - Victim node is 1991.
2024-01-26 15:32:58,123 - tensor([ 306, 1358, 1701], device='cuda:0')
2024-01-26 15:32:58,124 - Classification Succeeds.
2024-01-26 15:32:58,124 - Link Generation Fails.
2024-01-26 15:32:59,061 - Victim node is 472.
2024-01-26 15:32:59,062 - tensor([2716, 2720, 2723], device='cuda:0')
2024-01-26 15:32:59,062 - Classification Succeeds.
2024-01-26 15:32:59,062 - Link Generation Succeeds.
2024-01-26 15:32:59,999 - Victim node is 1768.
2024-01-26 15:32:59,999 - tensor([ 306, 1358, 1986], device='cuda:0')
2024-01-26 15:33:00,000 - Classification Fails.
2024-01-26 15:33:00,000 - Link Generation Fails.
2024-01-26 15:33:00,911 - Victim node is 105.
2024-01-26 15:33:00,911 - tensor([1169, 1358, 1914], device='cuda:0')
2024-01-26 15:33:00,911 - Classification Succeeds.
2024-01-26 15:33:00,911 - Link Generation Fails.
2024-01-26 15:33:01,830 - Victim node is 2409.
2024-01-26 15:33:01,830 - tensor([ 306, 1358, 1986], device='cuda:0')
2024-01-26 15:33:01,831 - Classification Succeeds.
2024-01-26 15:33:01,831 - Link Generation Fails.
2024-01-26 15:33:02,771 - Victim node is 2649.
2024-01-26 15:33:02,771 - tensor([1169, 1358, 1914], device='cuda:0')
2024-01-26 15:33:02,771 - Classification Fails.
2024-01-26 15:33:02,771 - Link Generation Fails.
2024-01-26 15:33:03,722 - Victim node is 331.
2024-01-26 15:33:03,722 - tensor([1169, 1358, 2711], device='cuda:0')
2024-01-26 15:33:03,722 - Classification Fails.
2024-01-26 15:33:03,722 - Link Generation Succeeds.
2024-01-26 15:33:04,630 - Victim node is 115.
2024-01-26 15:33:04,630 - tensor([2709, 2717, 2724], device='cuda:0')
2024-01-26 15:33:04,630 - Classification Succeeds.
2024-01-26 15:33:04,631 - Link Generation Succeeds.
2024-01-26 15:33:05,543 - Victim node is 996.
2024-01-26 15:33:05,543 - tensor([1050, 1692, 2539], device='cuda:0')
2024-01-26 15:33:05,544 - Classification Fails.
2024-01-26 15:33:05,544 - Link Generation Fails.
2024-01-26 15:33:06,448 - Victim node is 430.
2024-01-26 15:33:06,448 - tensor([ 963, 1257, 2248], device='cuda:0')
2024-01-26 15:33:06,449 - Classification Succeeds.
2024-01-26 15:33:06,449 - Link Generation Fails.
2024-01-26 15:33:07,347 - Victim node is 1878.
2024-01-26 15:33:07,348 - tensor([1169, 1358, 1725], device='cuda:0')
2024-01-26 15:33:07,348 - Classification Fails.
2024-01-26 15:33:07,348 - Link Generation Fails.
2024-01-26 15:33:08,254 - Victim node is 688.
2024-01-26 15:33:08,254 - tensor([ 963, 1955, 2464], device='cuda:0')
2024-01-26 15:33:08,255 - Classification Fails.
2024-01-26 15:33:08,255 - Link Generation Fails.
2024-01-26 15:33:09,173 - Victim node is 508.
2024-01-26 15:33:09,173 - tensor([ 306, 1701, 1986], device='cuda:0')
2024-01-26 15:33:09,175 - Classification Succeeds.
2024-01-26 15:33:09,175 - Link Generation Fails.
2024-01-26 15:33:10,079 - Victim node is 1282.
2024-01-26 15:33:10,079 - tensor([ 306, 1358, 1986], device='cuda:0')
2024-01-26 15:33:10,080 - Classification Succeeds.
2024-01-26 15:33:10,080 - Link Generation Fails.
2024-01-26 15:33:10,976 - Victim node is 2252.
2024-01-26 15:33:10,976 - tensor([1169, 1358, 1642], device='cuda:0')
2024-01-26 15:33:10,976 - Classification Succeeds.
2024-01-26 15:33:10,976 - Link Generation Fails.
2024-01-26 15:33:11,912 - Victim node is 1327.
2024-01-26 15:33:11,912 - tensor([ 582, 1257, 2464], device='cuda:0')
2024-01-26 15:33:11,912 - Classification Succeeds.
2024-01-26 15:33:11,912 - Link Generation Fails.
2024-01-26 15:33:12,811 - Victim node is 1557.
2024-01-26 15:33:12,811 - tensor([1169, 1358, 1483], device='cuda:0')
2024-01-26 15:33:12,811 - Classification Succeeds.
2024-01-26 15:33:12,811 - Link Generation Fails.
2024-01-26 15:33:13,743 - Victim node is 2254.
2024-01-26 15:33:13,743 - tensor([ 306, 1169, 1358], device='cuda:0')
2024-01-26 15:33:13,743 - Classification Succeeds.
2024-01-26 15:33:13,743 - Link Generation Fails.
2024-01-26 15:33:14,654 - Victim node is 856.
2024-01-26 15:33:14,654 - tensor([ 963, 1257, 1692], device='cuda:0')
2024-01-26 15:33:14,655 - Classification Succeeds.
2024-01-26 15:33:14,655 - Link Generation Fails.
2024-01-26 15:33:15,564 - Victim node is 379.
2024-01-26 15:33:15,564 - tensor([ 735,  739, 1955], device='cuda:0')
2024-01-26 15:33:15,565 - Classification Succeeds.
2024-01-26 15:33:15,565 - Link Generation Fails.
2024-01-26 15:33:16,459 - Victim node is 2364.
2024-01-26 15:33:16,459 - tensor([ 306, 1358, 2711], device='cuda:0')
2024-01-26 15:33:16,460 - Classification Fails.
2024-01-26 15:33:16,460 - Link Generation Succeeds.
2024-01-26 15:33:17,403 - Victim node is 249.
2024-01-26 15:33:17,403 - tensor([ 735, 2713, 2716], device='cuda:0')
2024-01-26 15:33:17,403 - Classification Fails.
2024-01-26 15:33:17,403 - Link Generation Succeeds.
2024-01-26 15:33:18,323 - Victim node is 2647.
2024-01-26 15:33:18,324 - tensor([ 963, 1692, 2238], device='cuda:0')
2024-01-26 15:33:18,324 - Classification Succeeds.
2024-01-26 15:33:18,324 - Link Generation Fails.
2024-01-26 15:33:19,250 - Victim node is 21.
2024-01-26 15:33:19,250 - tensor([222, 587, 821], device='cuda:0')
2024-01-26 15:33:19,250 - Classification Succeeds.
2024-01-26 15:33:19,250 - Link Generation Fails.
2024-01-26 15:33:20,160 - Victim node is 1036.
2024-01-26 15:33:20,160 - tensor([ 118, 1358, 1441], device='cuda:0')
2024-01-26 15:33:20,160 - Classification Fails.
2024-01-26 15:33:20,160 - Link Generation Fails.
2024-01-26 15:33:21,076 - Victim node is 696.
2024-01-26 15:33:21,076 - tensor([ 306, 1358, 1986], device='cuda:0')
2024-01-26 15:33:21,077 - Classification Fails.
2024-01-26 15:33:21,077 - Link Generation Fails.
2024-01-26 15:33:21,982 - Victim node is 1863.
2024-01-26 15:33:21,982 - tensor([1810, 1986, 2034], device='cuda:0')
2024-01-26 15:33:21,983 - Classification Succeeds.
2024-01-26 15:33:21,983 - Link Generation Fails.
2024-01-26 15:33:22,888 - Victim node is 2499.
2024-01-26 15:33:22,888 - tensor([1013, 1701, 1986], device='cuda:0')
2024-01-26 15:33:22,888 - Classification Succeeds.
2024-01-26 15:33:22,888 - Link Generation Fails.
2024-01-26 15:33:23,792 - Victim node is 1227.
2024-01-26 15:33:23,792 - tensor([ 963, 1257, 2671], device='cuda:0')
2024-01-26 15:33:23,792 - Classification Fails.
2024-01-26 15:33:23,793 - Link Generation Fails.
2024-01-26 15:33:24,710 - Victim node is 1795.
2024-01-26 15:33:24,710 - tensor([  12,  444, 1257], device='cuda:0')
2024-01-26 15:33:24,710 - Classification Succeeds.
2024-01-26 15:33:24,710 - Link Generation Fails.
2024-01-26 15:33:25,626 - Victim node is 663.
2024-01-26 15:33:25,626 - tensor([1169, 1358, 1483], device='cuda:0')
2024-01-26 15:33:25,627 - Classification Fails.
2024-01-26 15:33:25,627 - Link Generation Fails.
2024-01-26 15:33:26,578 - Victim node is 1725.
2024-01-26 15:33:26,578 - tensor([ 306, 1701, 1986], device='cuda:0')
2024-01-26 15:33:26,578 - Classification Succeeds.
2024-01-26 15:33:26,578 - Link Generation Fails.
2024-01-26 15:33:27,481 - Victim node is 537.
2024-01-26 15:33:27,481 - tensor([1955, 2711, 2715], device='cuda:0')
2024-01-26 15:33:27,481 - Classification Succeeds.
2024-01-26 15:33:27,482 - Link Generation Succeeds.
2024-01-26 15:33:28,378 - Victim node is 2292.
2024-01-26 15:33:28,378 - tensor([ 733, 1810, 2034], device='cuda:0')
2024-01-26 15:33:28,378 - Classification Succeeds.
2024-01-26 15:33:28,378 - Link Generation Fails.
2024-01-26 15:33:29,272 - Victim node is 2401.
2024-01-26 15:33:29,272 - tensor([1257, 1703, 2248], device='cuda:0')
2024-01-26 15:33:29,272 - Classification Succeeds.
2024-01-26 15:33:29,272 - Link Generation Fails.
2024-01-26 15:33:30,172 - Victim node is 135.
2024-01-26 15:33:30,172 - tensor([ 306, 1701, 1986], device='cuda:0')
2024-01-26 15:33:30,172 - Classification Succeeds.
2024-01-26 15:33:30,172 - Link Generation Fails.
2024-01-26 15:33:31,072 - Victim node is 2022.
2024-01-26 15:33:31,072 - tensor([ 306, 1358, 1623], device='cuda:0')
2024-01-26 15:33:31,072 - Classification Succeeds.
2024-01-26 15:33:31,072 - Link Generation Fails.
2024-01-26 15:33:31,965 - Victim node is 2572.
2024-01-26 15:33:31,966 - tensor([ 310,  733, 1701], device='cuda:0')
2024-01-26 15:33:31,966 - Classification Succeeds.
2024-01-26 15:33:31,966 - Link Generation Fails.
2024-01-26 15:33:32,845 - Victim node is 617.
2024-01-26 15:33:32,845 - tensor([ 306, 1358, 1986], device='cuda:0')
2024-01-26 15:33:32,845 - Classification Fails.
2024-01-26 15:33:32,845 - Link Generation Fails.
2024-01-26 15:33:33,741 - Victim node is 2512.
2024-01-26 15:33:33,741 - tensor([1358, 2708, 2710], device='cuda:0')
2024-01-26 15:33:33,741 - Classification Succeeds.
2024-01-26 15:33:33,741 - Link Generation Succeeds.
2024-01-26 15:33:34,623 - Victim node is 216.
2024-01-26 15:33:34,623 - tensor([ 306, 1358, 1986], device='cuda:0')
2024-01-26 15:33:34,623 - Classification Succeeds.
2024-01-26 15:33:34,623 - Link Generation Fails.
2024-01-26 15:33:35,530 - Victim node is 2485.
2024-01-26 15:33:35,530 - tensor([ 306, 1358, 1701], device='cuda:0')
2024-01-26 15:33:35,530 - Classification Fails.
2024-01-26 15:33:35,530 - Link Generation Fails.
2024-01-26 15:33:36,450 - Victim node is 2563.
2024-01-26 15:33:36,450 - tensor([ 963, 1257, 2248], device='cuda:0')
2024-01-26 15:33:36,450 - Classification Succeeds.
2024-01-26 15:33:36,451 - Link Generation Fails.
2024-01-26 15:33:36,451 - Misclassification Rate: 0.3300
2024-01-26 15:33:36,451 - Link Generation Rate: 0.1530
