2024-01-26 15:51:53,950 - Victim node is 903.
2024-01-26 15:51:53,950 - tensor([ 306, 1358, 1701], device='cuda:0')
2024-01-26 15:51:53,950 - Classification Fails.
2024-01-26 15:51:53,950 - Link Generation Fails.
2024-01-26 15:51:54,858 - Victim node is 1864.
2024-01-26 15:51:54,858 - tensor([ 306, 1358, 1986], device='cuda:0')
2024-01-26 15:51:54,859 - Classification Succeeds.
2024-01-26 15:51:54,859 - Link Generation Fails.
2024-01-26 15:51:55,760 - Victim node is 467.
2024-01-26 15:51:55,760 - tensor([ 306, 1358, 1986], device='cuda:0')
2024-01-26 15:51:55,760 - Classification Fails.
2024-01-26 15:51:55,760 - Link Generation Fails.
2024-01-26 15:51:56,682 - Victim node is 343.
2024-01-26 15:51:56,682 - tensor([ 306, 1358, 1986], device='cuda:0')
2024-01-26 15:51:56,685 - Classification Succeeds.
2024-01-26 15:51:56,685 - Link Generation Fails.
2024-01-26 15:51:57,602 - Victim node is 215.
2024-01-26 15:51:57,603 - tensor([ 306, 1358, 1623], device='cuda:0')
2024-01-26 15:51:57,603 - Classification Fails.
2024-01-26 15:51:57,603 - Link Generation Fails.
2024-01-26 15:51:58,498 - Victim node is 204.
2024-01-26 15:51:58,498 - tensor([ 306, 1358, 1623], device='cuda:0')
2024-01-26 15:51:58,498 - Classification Fails.
2024-01-26 15:51:58,498 - Link Generation Fails.
2024-01-26 15:51:59,385 - Victim node is 2596.
2024-01-26 15:51:59,386 - tensor([ 306, 1358, 1986], device='cuda:0')
2024-01-26 15:51:59,386 - Classification Succeeds.
2024-01-26 15:51:59,386 - Link Generation Fails.
2024-01-26 15:52:00,281 - Victim node is 23.
2024-01-26 15:52:00,281 - tensor([2709, 2710, 2711], device='cuda:0')
2024-01-26 15:52:00,281 - Classification Succeeds.
2024-01-26 15:52:00,281 - Link Generation Succeeds.
2024-01-26 15:52:01,179 - Victim node is 2037.
2024-01-26 15:52:01,179 - tensor([ 306, 1358, 1986], device='cuda:0')
2024-01-26 15:52:01,180 - Classification Succeeds.
2024-01-26 15:52:01,180 - Link Generation Fails.
2024-01-26 15:52:02,085 - Victim node is 8.
2024-01-26 15:52:02,085 - tensor([ 739, 1257, 2711], device='cuda:0')
2024-01-26 15:52:02,085 - Classification Succeeds.
2024-01-26 15:52:02,085 - Link Generation Succeeds.
2024-01-26 15:52:02,994 - Victim node is 156.
2024-01-26 15:52:02,994 - tensor([ 306, 1623, 2860], device='cuda:0')
2024-01-26 15:52:02,994 - Classification Succeeds.
2024-01-26 15:52:02,994 - Link Generation Succeeds.
2024-01-26 15:52:03,897 - Victim node is 1494.
2024-01-26 15:52:03,898 - tensor([ 306, 1358, 1986], device='cuda:0')
2024-01-26 15:52:03,898 - Classification Fails.
2024-01-26 15:52:03,898 - Link Generation Fails.
2024-01-26 15:52:04,795 - Victim node is 995.
2024-01-26 15:52:04,796 - tensor([ 306, 1358, 1986], device='cuda:0')
2024-01-26 15:52:04,796 - Classification Fails.
2024-01-26 15:52:04,796 - Link Generation Fails.
2024-01-26 15:52:05,697 - Victim node is 2444.
2024-01-26 15:52:05,698 - tensor([ 306, 1358, 1986], device='cuda:0')
2024-01-26 15:52:05,698 - Classification Succeeds.
2024-01-26 15:52:05,698 - Link Generation Fails.
2024-01-26 15:52:06,582 - Victim node is 630.
2024-01-26 15:52:06,582 - tensor([ 306, 1358, 1623], device='cuda:0')
2024-01-26 15:52:06,583 - Classification Fails.
2024-01-26 15:52:06,583 - Link Generation Fails.
2024-01-26 15:52:07,472 - Victim node is 649.
2024-01-26 15:52:07,472 - tensor([2712, 2716, 2720], device='cuda:0')
2024-01-26 15:52:07,473 - Classification Fails.
2024-01-26 15:52:07,473 - Link Generation Succeeds.
2024-01-26 15:52:08,362 - Victim node is 1046.
2024-01-26 15:52:08,363 - tensor([2711, 2712, 2724], device='cuda:0')
2024-01-26 15:52:08,363 - Classification Succeeds.
2024-01-26 15:52:08,363 - Link Generation Succeeds.
2024-01-26 15:52:09,260 - Victim node is 1292.
2024-01-26 15:52:09,260 - tensor([ 306, 1701, 1986], device='cuda:0')
2024-01-26 15:52:09,260 - Classification Succeeds.
2024-01-26 15:52:09,260 - Link Generation Fails.
2024-01-26 15:52:10,164 - Victim node is 185.
2024-01-26 15:52:10,164 - tensor([ 306, 1358, 1986], device='cuda:0')
2024-01-26 15:52:10,164 - Classification Succeeds.
2024-01-26 15:52:10,164 - Link Generation Fails.
2024-01-26 15:52:11,063 - Victim node is 2508.
2024-01-26 15:52:11,063 - tensor([ 306, 1358, 1986], device='cuda:0')
2024-01-26 15:52:11,063 - Classification Succeeds.
2024-01-26 15:52:11,063 - Link Generation Fails.
2024-01-26 15:52:11,950 - Victim node is 2382.
2024-01-26 15:52:11,950 - tensor([2715, 2717, 2720], device='cuda:0')
2024-01-26 15:52:11,950 - Classification Fails.
2024-01-26 15:52:11,950 - Link Generation Succeeds.
2024-01-26 15:52:12,845 - Victim node is 1527.
2024-01-26 15:52:12,846 - tensor([ 306, 1358, 1986], device='cuda:0')
2024-01-26 15:52:12,846 - Classification Fails.
2024-01-26 15:52:12,846 - Link Generation Fails.
2024-01-26 15:52:13,743 - Victim node is 791.
2024-01-26 15:52:13,743 - tensor([  12, 2662, 2738], device='cuda:0')
2024-01-26 15:52:13,744 - Classification Fails.
2024-01-26 15:52:13,744 - Link Generation Succeeds.
2024-01-26 15:52:14,633 - Victim node is 1268.
2024-01-26 15:52:14,633 - tensor([ 306, 1358, 1986], device='cuda:0')
2024-01-26 15:52:14,633 - Classification Succeeds.
2024-01-26 15:52:14,633 - Link Generation Fails.
2024-01-26 15:52:15,545 - Victim node is 533.
2024-01-26 15:52:15,545 - tensor([ 306, 1358, 1986], device='cuda:0')
2024-01-26 15:52:15,545 - Classification Succeeds.
2024-01-26 15:52:15,545 - Link Generation Fails.
2024-01-26 15:52:16,463 - Victim node is 1275.
2024-01-26 15:52:16,463 - tensor([ 306, 1358, 1986], device='cuda:0')
2024-01-26 15:52:16,463 - Classification Fails.
2024-01-26 15:52:16,464 - Link Generation Fails.
2024-01-26 15:52:17,372 - Victim node is 1498.
2024-01-26 15:52:17,372 - tensor([  12, 2717, 2725], device='cuda:0')
2024-01-26 15:52:17,373 - Classification Fails.
2024-01-26 15:52:17,373 - Link Generation Succeeds.
2024-01-26 15:52:18,312 - Victim node is 385.
2024-01-26 15:52:18,312 - tensor([2708, 2710, 2711], device='cuda:0')
2024-01-26 15:52:18,313 - Classification Fails.
2024-01-26 15:52:18,313 - Link Generation Succeeds.
2024-01-26 15:52:19,234 - Victim node is 1029.
2024-01-26 15:52:19,234 - tensor([2711, 2715, 2725], device='cuda:0')
2024-01-26 15:52:19,234 - Classification Fails.
2024-01-26 15:52:19,234 - Link Generation Succeeds.
2024-01-26 15:52:20,170 - Victim node is 1610.
2024-01-26 15:52:20,171 - tensor([ 306, 1358, 1986], device='cuda:0')
2024-01-26 15:52:20,171 - Classification Succeeds.
2024-01-26 15:52:20,171 - Link Generation Fails.
2024-01-26 15:52:21,092 - Victim node is 853.
2024-01-26 15:52:21,092 - tensor([ 306, 1701, 1986], device='cuda:0')
2024-01-26 15:52:21,093 - Classification Succeeds.
2024-01-26 15:52:21,093 - Link Generation Fails.
2024-01-26 15:52:22,035 - Victim node is 1685.
2024-01-26 15:52:22,035 - tensor([ 306, 1358, 2720], device='cuda:0')
2024-01-26 15:52:22,036 - Classification Fails.
2024-01-26 15:52:22,036 - Link Generation Succeeds.
2024-01-26 15:52:22,945 - Victim node is 309.
2024-01-26 15:52:22,945 - tensor([  12, 1510, 2662], device='cuda:0')
2024-01-26 15:52:22,945 - Classification Fails.
2024-01-26 15:52:22,945 - Link Generation Fails.
2024-01-26 15:52:23,867 - Victim node is 2175.
2024-01-26 15:52:23,867 - tensor([ 306, 1701, 1986], device='cuda:0')
2024-01-26 15:52:23,867 - Classification Fails.
2024-01-26 15:52:23,867 - Link Generation Fails.
2024-01-26 15:52:24,827 - Victim node is 59.
2024-01-26 15:52:24,828 - tensor([ 306, 1701, 1986], device='cuda:0')
2024-01-26 15:52:24,828 - Classification Succeeds.
2024-01-26 15:52:24,828 - Link Generation Fails.
2024-01-26 15:52:25,744 - Victim node is 1823.
2024-01-26 15:52:25,744 - tensor([ 306, 1358, 1986], device='cuda:0')
2024-01-26 15:52:25,744 - Classification Succeeds.
2024-01-26 15:52:25,744 - Link Generation Fails.
2024-01-26 15:52:26,690 - Victim node is 2004.
2024-01-26 15:52:26,690 - tensor([1701, 1810, 2034], device='cuda:0')
2024-01-26 15:52:26,691 - Classification Succeeds.
2024-01-26 15:52:26,691 - Link Generation Fails.
2024-01-26 15:52:27,684 - Victim node is 1317.
2024-01-26 15:52:27,684 - tensor([ 306, 1358, 1986], device='cuda:0')
2024-01-26 15:52:27,684 - Classification Succeeds.
2024-01-26 15:52:27,684 - Link Generation Fails.
2024-01-26 15:52:28,680 - Victim node is 1169.
2024-01-26 15:52:28,680 - tensor([ 306, 1701, 1986], device='cuda:0')
2024-01-26 15:52:28,680 - Classification Succeeds.
2024-01-26 15:52:28,680 - Link Generation Fails.
2024-01-26 15:52:29,628 - Victim node is 1919.
2024-01-26 15:52:29,628 - tensor([ 306, 1358, 1986], device='cuda:0')
2024-01-26 15:52:29,628 - Classification Succeeds.
2024-01-26 15:52:29,628 - Link Generation Fails.
2024-01-26 15:52:30,610 - Victim node is 2682.
2024-01-26 15:52:30,610 - tensor([  12, 1318, 2662], device='cuda:0')
2024-01-26 15:52:30,610 - Classification Succeeds.
2024-01-26 15:52:30,610 - Link Generation Fails.
2024-01-26 15:52:31,600 - Victim node is 1933.
2024-01-26 15:52:31,600 - tensor([ 306, 1358, 1986], device='cuda:0')
2024-01-26 15:52:31,600 - Classification Succeeds.
2024-01-26 15:52:31,601 - Link Generation Fails.
2024-01-26 15:52:32,579 - Victim node is 643.
2024-01-26 15:52:32,579 - tensor([ 306, 1358, 1623], device='cuda:0')
2024-01-26 15:52:32,579 - Classification Succeeds.
2024-01-26 15:52:32,579 - Link Generation Fails.
2024-01-26 15:52:33,606 - Victim node is 201.
2024-01-26 15:52:33,606 - tensor([ 306, 1358, 1623], device='cuda:0')
2024-01-26 15:52:33,606 - Classification Succeeds.
2024-01-26 15:52:33,606 - Link Generation Fails.
2024-01-26 15:52:34,578 - Victim node is 1161.
2024-01-26 15:52:34,578 - tensor([2708, 2711, 2712], device='cuda:0')
2024-01-26 15:52:34,578 - Classification Succeeds.
2024-01-26 15:52:34,578 - Link Generation Succeeds.
2024-01-26 15:52:35,558 - Victim node is 2323.
2024-01-26 15:52:35,558 - tensor([  12, 2662, 2717], device='cuda:0')
2024-01-26 15:52:35,558 - Classification Succeeds.
2024-01-26 15:52:35,559 - Link Generation Succeeds.
2024-01-26 15:52:36,515 - Victim node is 254.
2024-01-26 15:52:36,515 - tensor([ 306, 1358, 1986], device='cuda:0')
2024-01-26 15:52:36,515 - Classification Fails.
2024-01-26 15:52:36,515 - Link Generation Fails.
2024-01-26 15:52:37,507 - Victim node is 816.
2024-01-26 15:52:37,507 - tensor([ 306, 1358, 1986], device='cuda:0')
2024-01-26 15:52:37,507 - Classification Succeeds.
2024-01-26 15:52:37,507 - Link Generation Fails.
2024-01-26 15:52:38,542 - Victim node is 2150.
2024-01-26 15:52:38,542 - tensor([  12, 1318, 2662], device='cuda:0')
2024-01-26 15:52:38,542 - Classification Fails.
2024-01-26 15:52:38,542 - Link Generation Fails.
2024-01-26 15:52:39,565 - Victim node is 420.
2024-01-26 15:52:39,565 - tensor([  12, 1257, 2712], device='cuda:0')
2024-01-26 15:52:39,566 - Classification Succeeds.
2024-01-26 15:52:39,566 - Link Generation Succeeds.
2024-01-26 15:52:40,514 - Victim node is 632.
2024-01-26 15:52:40,514 - tensor([ 306, 1358, 1623], device='cuda:0')
2024-01-26 15:52:40,515 - Classification Fails.
2024-01-26 15:52:40,515 - Link Generation Fails.
2024-01-26 15:52:41,466 - Victim node is 302.
2024-01-26 15:52:41,466 - tensor([1358, 1623, 1986], device='cuda:0')
2024-01-26 15:52:41,466 - Classification Succeeds.
2024-01-26 15:52:41,466 - Link Generation Fails.
2024-01-26 15:52:42,422 - Victim node is 2331.
2024-01-26 15:52:42,423 - tensor([ 306, 1358, 1986], device='cuda:0')
2024-01-26 15:52:42,423 - Classification Succeeds.
2024-01-26 15:52:42,423 - Link Generation Fails.
2024-01-26 15:52:43,381 - Victim node is 2203.
2024-01-26 15:52:43,381 - tensor([ 306, 1358, 1986], device='cuda:0')
2024-01-26 15:52:43,381 - Classification Succeeds.
2024-01-26 15:52:43,381 - Link Generation Fails.
2024-01-26 15:52:44,417 - Victim node is 1934.
2024-01-26 15:52:44,417 - tensor([ 306, 1358, 1623], device='cuda:0')
2024-01-26 15:52:44,417 - Classification Fails.
2024-01-26 15:52:44,417 - Link Generation Fails.
2024-01-26 15:52:45,392 - Victim node is 2662.
2024-01-26 15:52:45,392 - tensor([2709, 2710, 2712], device='cuda:0')
2024-01-26 15:52:45,392 - Classification Succeeds.
2024-01-26 15:52:45,392 - Link Generation Succeeds.
2024-01-26 15:52:46,348 - Victim node is 360.
2024-01-26 15:52:46,348 - tensor([2709, 2710, 2712], device='cuda:0')
2024-01-26 15:52:46,349 - Classification Succeeds.
2024-01-26 15:52:46,349 - Link Generation Succeeds.
2024-01-26 15:52:47,279 - Victim node is 145.
2024-01-26 15:52:47,279 - tensor([2711, 2714, 2715], device='cuda:0')
2024-01-26 15:52:47,279 - Classification Fails.
2024-01-26 15:52:47,279 - Link Generation Succeeds.
2024-01-26 15:52:48,219 - Victim node is 694.
2024-01-26 15:52:48,219 - tensor([ 306, 1358, 1986], device='cuda:0')
2024-01-26 15:52:48,219 - Classification Fails.
2024-01-26 15:52:48,219 - Link Generation Fails.
2024-01-26 15:52:49,168 - Victim node is 513.
2024-01-26 15:52:49,168 - tensor([ 306, 1358, 1986], device='cuda:0')
2024-01-26 15:52:49,169 - Classification Succeeds.
2024-01-26 15:52:49,169 - Link Generation Fails.
2024-01-26 15:52:50,161 - Victim node is 306.
2024-01-26 15:52:50,161 - tensor([1358, 1701, 1986], device='cuda:0')
2024-01-26 15:52:50,161 - Classification Succeeds.
2024-01-26 15:52:50,162 - Link Generation Fails.
2024-01-26 15:52:51,093 - Victim node is 2436.
2024-01-26 15:52:51,093 - tensor([ 306, 1358, 1986], device='cuda:0')
2024-01-26 15:52:51,093 - Classification Fails.
2024-01-26 15:52:51,093 - Link Generation Fails.
2024-01-26 15:52:52,022 - Victim node is 2402.
2024-01-26 15:52:52,022 - tensor([ 306, 1358, 1986], device='cuda:0')
2024-01-26 15:52:52,023 - Classification Fails.
2024-01-26 15:52:52,023 - Link Generation Fails.
2024-01-26 15:52:52,980 - Victim node is 1853.
2024-01-26 15:52:52,980 - tensor([ 700, 1691, 1986], device='cuda:0')
2024-01-26 15:52:52,980 - Classification Succeeds.
2024-01-26 15:52:52,980 - Link Generation Fails.
2024-01-26 15:52:53,928 - Victim node is 1342.
2024-01-26 15:52:53,928 - tensor([  12, 2662, 2717], device='cuda:0')
2024-01-26 15:52:53,929 - Classification Succeeds.
2024-01-26 15:52:53,929 - Link Generation Succeeds.
2024-01-26 15:52:54,847 - Victim node is 1064.
2024-01-26 15:52:54,847 - tensor([  12, 1318, 2662], device='cuda:0')
2024-01-26 15:52:54,848 - Classification Succeeds.
2024-01-26 15:52:54,848 - Link Generation Fails.
2024-01-26 15:52:55,789 - Victim node is 1151.
2024-01-26 15:52:55,789 - tensor([  12, 2709, 2712], device='cuda:0')
2024-01-26 15:52:55,789 - Classification Fails.
2024-01-26 15:52:55,789 - Link Generation Succeeds.
2024-01-26 15:52:56,731 - Victim node is 1174.
2024-01-26 15:52:56,731 - tensor([ 306, 1358, 1986], device='cuda:0')
2024-01-26 15:52:56,731 - Classification Succeeds.
2024-01-26 15:52:56,731 - Link Generation Fails.
2024-01-26 15:52:57,663 - Victim node is 2017.
2024-01-26 15:52:57,663 - tensor([ 306, 1358, 1986], device='cuda:0')
2024-01-26 15:52:57,663 - Classification Succeeds.
2024-01-26 15:52:57,664 - Link Generation Fails.
2024-01-26 15:52:58,612 - Victim node is 2556.
2024-01-26 15:52:58,612 - tensor([ 306, 1358, 1623], device='cuda:0')
2024-01-26 15:52:58,613 - Classification Fails.
2024-01-26 15:52:58,613 - Link Generation Fails.
2024-01-26 15:52:59,587 - Victim node is 1575.
2024-01-26 15:52:59,587 - tensor([  12, 2709, 2712], device='cuda:0')
2024-01-26 15:52:59,588 - Classification Fails.
2024-01-26 15:52:59,588 - Link Generation Succeeds.
2024-01-26 15:53:00,550 - Victim node is 596.
2024-01-26 15:53:00,550 - tensor([ 306, 1358, 1986], device='cuda:0')
2024-01-26 15:53:00,550 - Classification Succeeds.
2024-01-26 15:53:00,550 - Link Generation Fails.
2024-01-26 15:53:01,540 - Victim node is 345.
2024-01-26 15:53:01,540 - tensor([1257, 2715, 2716], device='cuda:0')
2024-01-26 15:53:01,540 - Classification Fails.
2024-01-26 15:53:01,540 - Link Generation Succeeds.
2024-01-26 15:53:02,493 - Victim node is 2430.
2024-01-26 15:53:02,493 - tensor([ 306, 1358, 1986], device='cuda:0')
2024-01-26 15:53:02,493 - Classification Succeeds.
2024-01-26 15:53:02,493 - Link Generation Fails.
2024-01-26 15:53:03,456 - Victim node is 1614.
2024-01-26 15:53:03,456 - tensor([ 306, 1358, 1986], device='cuda:0')
2024-01-26 15:53:03,456 - Classification Succeeds.
2024-01-26 15:53:03,456 - Link Generation Fails.
2024-01-26 15:53:04,500 - Victim node is 2546.
2024-01-26 15:53:04,500 - tensor([1358, 1701, 1986], device='cuda:0')
2024-01-26 15:53:04,500 - Classification Succeeds.
2024-01-26 15:53:04,500 - Link Generation Fails.
2024-01-26 15:53:05,458 - Victim node is 282.
2024-01-26 15:53:05,458 - tensor([  12, 2710, 2711], device='cuda:0')
2024-01-26 15:53:05,458 - Classification Succeeds.
2024-01-26 15:53:05,459 - Link Generation Succeeds.
2024-01-26 15:53:06,399 - Victim node is 554.
2024-01-26 15:53:06,399 - tensor([1358, 1701, 1986], device='cuda:0')
2024-01-26 15:53:06,399 - Classification Fails.
2024-01-26 15:53:06,399 - Link Generation Fails.
2024-01-26 15:53:07,361 - Victim node is 1474.
2024-01-26 15:53:07,361 - tensor([ 306, 1358, 1986], device='cuda:0')
2024-01-26 15:53:07,361 - Classification Fails.
2024-01-26 15:53:07,361 - Link Generation Fails.
2024-01-26 15:53:08,318 - Victim node is 1363.
2024-01-26 15:53:08,318 - tensor([ 306, 1358, 1986], device='cuda:0')
2024-01-26 15:53:08,319 - Classification Succeeds.
2024-01-26 15:53:08,319 - Link Generation Fails.
2024-01-26 15:53:09,263 - Victim node is 1812.
2024-01-26 15:53:09,264 - tensor([ 306, 1358, 1701], device='cuda:0')
2024-01-26 15:53:09,264 - Classification Succeeds.
2024-01-26 15:53:09,264 - Link Generation Fails.
2024-01-26 15:53:10,206 - Victim node is 1966.
2024-01-26 15:53:10,206 - tensor([  12, 2662, 2717], device='cuda:0')
2024-01-26 15:53:10,206 - Classification Succeeds.
2024-01-26 15:53:10,206 - Link Generation Succeeds.
2024-01-26 15:53:11,161 - Victim node is 1517.
2024-01-26 15:53:11,161 - tensor([ 306, 1358, 1623], device='cuda:0')
2024-01-26 15:53:11,161 - Classification Fails.
2024-01-26 15:53:11,162 - Link Generation Fails.
2024-01-26 15:53:12,092 - Victim node is 1411.
2024-01-26 15:53:12,092 - tensor([ 306, 1358, 1986], device='cuda:0')
2024-01-26 15:53:12,092 - Classification Fails.
2024-01-26 15:53:12,092 - Link Generation Fails.
2024-01-26 15:53:13,026 - Victim node is 1914.
2024-01-26 15:53:13,027 - tensor([ 306, 1358, 1986], device='cuda:0')
2024-01-26 15:53:13,027 - Classification Succeeds.
2024-01-26 15:53:13,027 - Link Generation Fails.
2024-01-26 15:53:13,976 - Victim node is 1041.
2024-01-26 15:53:13,976 - tensor([ 306, 1701, 1986], device='cuda:0')
2024-01-26 15:53:13,976 - Classification Succeeds.
2024-01-26 15:53:13,976 - Link Generation Fails.
2024-01-26 15:53:14,918 - Victim node is 2360.
2024-01-26 15:53:14,919 - tensor([ 306, 1358, 1986], device='cuda:0')
2024-01-26 15:53:14,919 - Classification Fails.
2024-01-26 15:53:14,919 - Link Generation Fails.
2024-01-26 15:53:15,847 - Victim node is 670.
2024-01-26 15:53:15,847 - tensor([  12, 1318, 2662], device='cuda:0')
2024-01-26 15:53:15,848 - Classification Fails.
2024-01-26 15:53:15,848 - Link Generation Fails.
2024-01-26 15:53:16,758 - Victim node is 2484.
2024-01-26 15:53:16,758 - tensor([  12, 1318, 2662], device='cuda:0')
2024-01-26 15:53:16,758 - Classification Fails.
2024-01-26 15:53:16,758 - Link Generation Fails.
2024-01-26 15:53:17,690 - Victim node is 2375.
2024-01-26 15:53:17,690 - tensor([2714, 2719, 2720], device='cuda:0')
2024-01-26 15:53:17,691 - Classification Succeeds.
2024-01-26 15:53:17,691 - Link Generation Succeeds.
2024-01-26 15:53:18,615 - Victim node is 366.
2024-01-26 15:53:18,615 - tensor([ 306, 1358, 1701], device='cuda:0')
2024-01-26 15:53:18,616 - Classification Fails.
2024-01-26 15:53:18,616 - Link Generation Fails.
2024-01-26 15:53:19,546 - Victim node is 1797.
2024-01-26 15:53:19,546 - tensor([1358, 1701, 1986], device='cuda:0')
2024-01-26 15:53:19,547 - Classification Succeeds.
2024-01-26 15:53:19,547 - Link Generation Fails.
2024-01-26 15:53:20,507 - Victim node is 735.
2024-01-26 15:53:20,507 - tensor([  12, 1162, 1257], device='cuda:0')
2024-01-26 15:53:20,507 - Classification Succeeds.
2024-01-26 15:53:20,507 - Link Generation Fails.
2024-01-26 15:53:21,436 - Victim node is 1302.
2024-01-26 15:53:21,436 - tensor([ 306, 1358, 1623], device='cuda:0')
2024-01-26 15:53:21,436 - Classification Fails.
2024-01-26 15:53:21,436 - Link Generation Fails.
2024-01-26 15:53:22,372 - Victim node is 2544.
2024-01-26 15:53:22,372 - tensor([ 306, 1358, 1701], device='cuda:0')
2024-01-26 15:53:22,372 - Classification Succeeds.
2024-01-26 15:53:22,372 - Link Generation Fails.
2024-01-26 15:53:23,300 - Victim node is 1624.
2024-01-26 15:53:23,300 - tensor([ 306, 1358, 1986], device='cuda:0')
2024-01-26 15:53:23,300 - Classification Succeeds.
2024-01-26 15:53:23,301 - Link Generation Fails.
2024-01-26 15:53:24,243 - Victim node is 2645.
2024-01-26 15:53:24,243 - tensor([  12, 1318, 2662], device='cuda:0')
2024-01-26 15:53:24,243 - Classification Succeeds.
2024-01-26 15:53:24,243 - Link Generation Fails.
2024-01-26 15:53:25,165 - Victim node is 2084.
2024-01-26 15:53:25,165 - tensor([1358, 1701, 1986], device='cuda:0')
2024-01-26 15:53:25,166 - Classification Succeeds.
2024-01-26 15:53:25,166 - Link Generation Fails.
2024-01-26 15:53:26,096 - Victim node is 715.
2024-01-26 15:53:26,096 - tensor([2713, 2714, 2715], device='cuda:0')
2024-01-26 15:53:26,096 - Classification Fails.
2024-01-26 15:53:26,096 - Link Generation Succeeds.
2024-01-26 15:53:27,053 - Victim node is 73.
2024-01-26 15:53:27,054 - tensor([ 306, 1701, 1986], device='cuda:0')
2024-01-26 15:53:27,054 - Classification Succeeds.
2024-01-26 15:53:27,054 - Link Generation Fails.
2024-01-26 15:53:28,012 - Victim node is 2191.
2024-01-26 15:53:28,013 - tensor([1358, 1701, 1986], device='cuda:0')
2024-01-26 15:53:28,013 - Classification Succeeds.
2024-01-26 15:53:28,013 - Link Generation Fails.
2024-01-26 15:53:28,943 - Victim node is 1219.
2024-01-26 15:53:28,943 - tensor([ 306, 1358, 1986], device='cuda:0')
2024-01-26 15:53:28,943 - Classification Fails.
2024-01-26 15:53:28,943 - Link Generation Fails.
2024-01-26 15:53:29,881 - Victim node is 1660.
2024-01-26 15:53:29,881 - tensor([ 306, 1358, 1623], device='cuda:0')
2024-01-26 15:53:29,881 - Classification Fails.
2024-01-26 15:53:29,882 - Link Generation Fails.
2024-01-26 15:53:30,831 - Victim node is 1267.
2024-01-26 15:53:30,831 - tensor([2717, 2718, 2719], device='cuda:0')
2024-01-26 15:53:30,831 - Classification Succeeds.
2024-01-26 15:53:30,831 - Link Generation Succeeds.
2024-01-26 15:53:31,769 - Victim node is 2359.
2024-01-26 15:53:31,769 - tensor([ 306, 1358, 1623], device='cuda:0')
2024-01-26 15:53:31,769 - Classification Succeeds.
2024-01-26 15:53:31,769 - Link Generation Fails.
2024-01-26 15:53:32,702 - Victim node is 1958.
2024-01-26 15:53:32,702 - tensor([2711, 2714, 2718], device='cuda:0')
2024-01-26 15:53:32,702 - Classification Succeeds.
2024-01-26 15:53:32,702 - Link Generation Succeeds.
2024-01-26 15:53:33,617 - Victim node is 2258.
2024-01-26 15:53:33,617 - tensor([2708, 2710, 2711], device='cuda:0')
2024-01-26 15:53:33,617 - Classification Fails.
2024-01-26 15:53:33,617 - Link Generation Succeeds.
2024-01-26 15:53:34,536 - Victim node is 2489.
2024-01-26 15:53:34,536 - tensor([2710, 2711, 2712], device='cuda:0')
2024-01-26 15:53:34,536 - Classification Fails.
2024-01-26 15:53:34,536 - Link Generation Succeeds.
2024-01-26 15:53:35,477 - Victim node is 2006.
2024-01-26 15:53:35,477 - tensor([ 306, 1358, 1701], device='cuda:0')
2024-01-26 15:53:35,479 - Classification Fails.
2024-01-26 15:53:35,479 - Link Generation Fails.
2024-01-26 15:53:36,409 - Victim node is 1597.
2024-01-26 15:53:36,409 - tensor([  12, 1257, 2539], device='cuda:0')
2024-01-26 15:53:36,409 - Classification Fails.
2024-01-26 15:53:36,409 - Link Generation Fails.
2024-01-26 15:53:37,325 - Victim node is 211.
2024-01-26 15:53:37,325 - tensor([ 306, 1358, 1986], device='cuda:0')
2024-01-26 15:53:37,326 - Classification Fails.
2024-01-26 15:53:37,326 - Link Generation Fails.
2024-01-26 15:53:38,239 - Victim node is 922.
2024-01-26 15:53:38,239 - tensor([  12, 1318, 2662], device='cuda:0')
2024-01-26 15:53:38,239 - Classification Succeeds.
2024-01-26 15:53:38,239 - Link Generation Fails.
2024-01-26 15:53:39,164 - Victim node is 1558.
2024-01-26 15:53:39,164 - tensor([ 306, 1358, 1701], device='cuda:0')
2024-01-26 15:53:39,165 - Classification Succeeds.
2024-01-26 15:53:39,165 - Link Generation Fails.
2024-01-26 15:53:40,127 - Victim node is 1305.
2024-01-26 15:53:40,127 - tensor([ 306, 1701, 1986], device='cuda:0')
2024-01-26 15:53:40,127 - Classification Succeeds.
2024-01-26 15:53:40,127 - Link Generation Fails.
2024-01-26 15:53:41,161 - Victim node is 710.
2024-01-26 15:53:41,161 - tensor([ 306, 1358, 1986], device='cuda:0')
2024-01-26 15:53:41,162 - Classification Succeeds.
2024-01-26 15:53:41,162 - Link Generation Fails.
2024-01-26 15:53:42,130 - Victim node is 493.
2024-01-26 15:53:42,130 - tensor([ 306, 1358, 1986], device='cuda:0')
2024-01-26 15:53:42,130 - Classification Fails.
2024-01-26 15:53:42,130 - Link Generation Fails.
2024-01-26 15:53:43,062 - Victim node is 2588.
2024-01-26 15:53:43,062 - tensor([   7, 1257, 2539], device='cuda:0')
2024-01-26 15:53:43,062 - Classification Succeeds.
2024-01-26 15:53:43,062 - Link Generation Fails.
2024-01-26 15:53:43,990 - Victim node is 2131.
2024-01-26 15:53:43,990 - tensor([ 306, 1358, 1986], device='cuda:0')
2024-01-26 15:53:43,990 - Classification Succeeds.
2024-01-26 15:53:43,991 - Link Generation Fails.
2024-01-26 15:53:44,937 - Victim node is 15.
2024-01-26 15:53:44,937 - tensor([2709, 2721, 2724], device='cuda:0')
2024-01-26 15:53:44,938 - Classification Succeeds.
2024-01-26 15:53:44,938 - Link Generation Succeeds.
2024-01-26 15:53:45,877 - Victim node is 2101.
2024-01-26 15:53:45,877 - tensor([ 306, 1358, 1986], device='cuda:0')
2024-01-26 15:53:45,877 - Classification Fails.
2024-01-26 15:53:45,877 - Link Generation Fails.
2024-01-26 15:53:46,869 - Victim node is 1289.
2024-01-26 15:53:46,869 - tensor([ 306, 1358, 1986], device='cuda:0')
2024-01-26 15:53:46,869 - Classification Fails.
2024-01-26 15:53:46,869 - Link Generation Fails.
2024-01-26 15:53:47,782 - Victim node is 2414.
2024-01-26 15:53:47,782 - tensor([2709, 2711, 2714], device='cuda:0')
2024-01-26 15:53:47,782 - Classification Fails.
2024-01-26 15:53:47,783 - Link Generation Succeeds.
2024-01-26 15:53:48,702 - Victim node is 26.
2024-01-26 15:53:48,702 - tensor([  12, 2709, 2711], device='cuda:0')
2024-01-26 15:53:48,703 - Classification Succeeds.
2024-01-26 15:53:48,703 - Link Generation Succeeds.
2024-01-26 15:53:49,675 - Victim node is 1237.
2024-01-26 15:53:49,675 - tensor([2715, 2717, 2721], device='cuda:0')
2024-01-26 15:53:49,675 - Classification Succeeds.
2024-01-26 15:53:49,675 - Link Generation Succeeds.
2024-01-26 15:53:50,628 - Victim node is 1583.
2024-01-26 15:53:50,628 - tensor([ 306, 1358, 1986], device='cuda:0')
2024-01-26 15:53:50,629 - Classification Fails.
2024-01-26 15:53:50,629 - Link Generation Fails.
2024-01-26 15:53:51,582 - Victim node is 781.
2024-01-26 15:53:51,582 - tensor([  12, 2714, 2719], device='cuda:0')
2024-01-26 15:53:51,582 - Classification Fails.
2024-01-26 15:53:51,582 - Link Generation Succeeds.
2024-01-26 15:53:52,519 - Victim node is 56.
2024-01-26 15:53:52,519 - tensor([ 306, 1358, 1986], device='cuda:0')
2024-01-26 15:53:52,519 - Classification Succeeds.
2024-01-26 15:53:52,519 - Link Generation Fails.
2024-01-26 15:53:53,489 - Victim node is 1356.
2024-01-26 15:53:53,489 - tensor([   7, 2708, 2709], device='cuda:0')
2024-01-26 15:53:53,489 - Classification Succeeds.
2024-01-26 15:53:53,489 - Link Generation Succeeds.
2024-01-26 15:53:54,440 - Victim node is 2438.
2024-01-26 15:53:54,440 - tensor([  12, 1257, 2662], device='cuda:0')
2024-01-26 15:53:54,440 - Classification Fails.
2024-01-26 15:53:54,440 - Link Generation Fails.
2024-01-26 15:53:55,399 - Victim node is 1589.
2024-01-26 15:53:55,399 - tensor([1358, 2710, 2715], device='cuda:0')
2024-01-26 15:53:55,399 - Classification Succeeds.
2024-01-26 15:53:55,400 - Link Generation Succeeds.
2024-01-26 15:53:56,354 - Victim node is 724.
2024-01-26 15:53:56,356 - tensor([ 306, 1358, 1623], device='cuda:0')
2024-01-26 15:53:56,356 - Classification Fails.
2024-01-26 15:53:56,356 - Link Generation Fails.
2024-01-26 15:53:57,299 - Victim node is 1360.
2024-01-26 15:53:57,299 - tensor([2714, 2716, 2728], device='cuda:0')
2024-01-26 15:53:57,299 - Classification Succeeds.
2024-01-26 15:53:57,299 - Link Generation Succeeds.
2024-01-26 15:53:58,235 - Victim node is 1679.
2024-01-26 15:53:58,235 - tensor([  12, 1318, 2662], device='cuda:0')
2024-01-26 15:53:58,236 - Classification Fails.
2024-01-26 15:53:58,236 - Link Generation Fails.
2024-01-26 15:53:59,173 - Victim node is 428.
2024-01-26 15:53:59,173 - tensor([  12, 2717, 2742], device='cuda:0')
2024-01-26 15:53:59,173 - Classification Succeeds.
2024-01-26 15:53:59,173 - Link Generation Succeeds.
2024-01-26 15:54:00,097 - Victim node is 951.
2024-01-26 15:54:00,097 - tensor([ 306, 1701, 1986], device='cuda:0')
2024-01-26 15:54:00,098 - Classification Succeeds.
2024-01-26 15:54:00,098 - Link Generation Fails.
2024-01-26 15:54:01,052 - Victim node is 2582.
2024-01-26 15:54:01,052 - tensor([ 963, 1692, 1952], device='cuda:0')
2024-01-26 15:54:01,052 - Classification Succeeds.
2024-01-26 15:54:01,053 - Link Generation Fails.
2024-01-26 15:54:02,031 - Victim node is 1644.
2024-01-26 15:54:02,031 - tensor([ 306, 1358, 1623], device='cuda:0')
2024-01-26 15:54:02,031 - Classification Fails.
2024-01-26 15:54:02,031 - Link Generation Fails.
2024-01-26 15:54:02,988 - Victim node is 763.
2024-01-26 15:54:02,988 - tensor([ 306, 1358, 1986], device='cuda:0')
2024-01-26 15:54:02,989 - Classification Fails.
2024-01-26 15:54:02,989 - Link Generation Fails.
2024-01-26 15:54:03,915 - Victim node is 809.
2024-01-26 15:54:03,915 - tensor([ 306, 1358, 1986], device='cuda:0')
2024-01-26 15:54:03,916 - Classification Fails.
2024-01-26 15:54:03,916 - Link Generation Fails.
2024-01-26 15:54:04,917 - Victim node is 1049.
2024-01-26 15:54:04,917 - tensor([1358, 1701, 1986], device='cuda:0')
2024-01-26 15:54:04,917 - Classification Succeeds.
2024-01-26 15:54:04,917 - Link Generation Fails.
2024-01-26 15:54:05,860 - Victim node is 1687.
2024-01-26 15:54:05,860 - tensor([ 306, 1358, 1623], device='cuda:0')
2024-01-26 15:54:05,861 - Classification Succeeds.
2024-01-26 15:54:05,861 - Link Generation Fails.
2024-01-26 15:54:06,797 - Victim node is 2532.
2024-01-26 15:54:06,797 - tensor([ 306, 1358, 1623], device='cuda:0')
2024-01-26 15:54:06,797 - Classification Succeeds.
2024-01-26 15:54:06,797 - Link Generation Fails.
2024-01-26 15:54:07,735 - Victim node is 2381.
2024-01-26 15:54:07,736 - tensor([1358, 1701, 1986], device='cuda:0')
2024-01-26 15:54:07,736 - Classification Succeeds.
2024-01-26 15:54:07,736 - Link Generation Fails.
2024-01-26 15:54:08,719 - Victim node is 766.
2024-01-26 15:54:08,719 - tensor([ 306, 1358, 1986], device='cuda:0')
2024-01-26 15:54:08,719 - Classification Succeeds.
2024-01-26 15:54:08,719 - Link Generation Fails.
2024-01-26 15:54:09,728 - Victim node is 858.
2024-01-26 15:54:09,728 - tensor([ 306, 1358, 1986], device='cuda:0')
2024-01-26 15:54:09,728 - Classification Fails.
2024-01-26 15:54:09,728 - Link Generation Fails.
2024-01-26 15:54:10,657 - Victim node is 588.
2024-01-26 15:54:10,658 - tensor([1257, 2248, 2539], device='cuda:0')
2024-01-26 15:54:10,658 - Classification Succeeds.
2024-01-26 15:54:10,658 - Link Generation Fails.
2024-01-26 15:54:11,605 - Victim node is 2681.
2024-01-26 15:54:11,605 - tensor([2708, 2710, 2712], device='cuda:0')
2024-01-26 15:54:11,605 - Classification Fails.
2024-01-26 15:54:11,606 - Link Generation Succeeds.
2024-01-26 15:54:12,536 - Victim node is 163.
2024-01-26 15:54:12,536 - tensor([  12, 2662, 2710], device='cuda:0')
2024-01-26 15:54:12,536 - Classification Succeeds.
2024-01-26 15:54:12,536 - Link Generation Succeeds.
2024-01-26 15:54:13,490 - Victim node is 635.
2024-01-26 15:54:13,490 - tensor([  12, 2662, 2710], device='cuda:0')
2024-01-26 15:54:13,491 - Classification Fails.
2024-01-26 15:54:13,491 - Link Generation Succeeds.
2024-01-26 15:54:14,446 - Victim node is 1719.
2024-01-26 15:54:14,446 - tensor([ 306, 1701, 1986], device='cuda:0')
2024-01-26 15:54:14,447 - Classification Succeeds.
2024-01-26 15:54:14,447 - Link Generation Fails.
2024-01-26 15:54:15,423 - Victim node is 180.
2024-01-26 15:54:15,423 - tensor([ 217, 1257, 2248], device='cuda:0')
2024-01-26 15:54:15,424 - Classification Succeeds.
2024-01-26 15:54:15,424 - Link Generation Fails.
2024-01-26 15:54:16,401 - Victim node is 1055.
2024-01-26 15:54:16,401 - tensor([ 306, 1358, 1986], device='cuda:0')
2024-01-26 15:54:16,402 - Classification Succeeds.
2024-01-26 15:54:16,402 - Link Generation Fails.
2024-01-26 15:54:17,408 - Victim node is 1977.
2024-01-26 15:54:17,408 - tensor([ 306, 1358, 1986], device='cuda:0')
2024-01-26 15:54:17,409 - Classification Fails.
2024-01-26 15:54:17,409 - Link Generation Fails.
2024-01-26 15:54:18,485 - Victim node is 2077.
2024-01-26 15:54:18,485 - tensor([ 306, 1358, 1986], device='cuda:0')
2024-01-26 15:54:18,486 - Classification Succeeds.
2024-01-26 15:54:18,486 - Link Generation Fails.
2024-01-26 15:54:19,500 - Victim node is 2216.
2024-01-26 15:54:19,501 - tensor([1358, 1701, 1986], device='cuda:0')
2024-01-26 15:54:19,501 - Classification Succeeds.
2024-01-26 15:54:19,501 - Link Generation Fails.
2024-01-26 15:54:20,465 - Victim node is 1376.
2024-01-26 15:54:20,465 - tensor([ 306, 1358, 1986], device='cuda:0')
2024-01-26 15:54:20,465 - Classification Succeeds.
2024-01-26 15:54:20,465 - Link Generation Fails.
2024-01-26 15:54:21,441 - Victim node is 2319.
2024-01-26 15:54:21,441 - tensor([ 306, 1358, 1986], device='cuda:0')
2024-01-26 15:54:21,441 - Classification Succeeds.
2024-01-26 15:54:21,443 - Link Generation Fails.
2024-01-26 15:54:22,411 - Victim node is 51.
2024-01-26 15:54:22,411 - tensor([1119, 1257, 2124], device='cuda:0')
2024-01-26 15:54:22,411 - Classification Succeeds.
2024-01-26 15:54:22,411 - Link Generation Fails.
2024-01-26 15:54:23,376 - Victim node is 144.
2024-01-26 15:54:23,376 - tensor([2708, 2709, 2710], device='cuda:0')
2024-01-26 15:54:23,376 - Classification Succeeds.
2024-01-26 15:54:23,376 - Link Generation Succeeds.
2024-01-26 15:54:24,315 - Victim node is 1697.
2024-01-26 15:54:24,315 - tensor([  12, 2722, 2728], device='cuda:0')
2024-01-26 15:54:24,315 - Classification Fails.
2024-01-26 15:54:24,315 - Link Generation Succeeds.
2024-01-26 15:54:25,281 - Victim node is 1791.
2024-01-26 15:54:25,282 - tensor([ 306, 1358, 1986], device='cuda:0')
2024-01-26 15:54:25,282 - Classification Succeeds.
2024-01-26 15:54:25,282 - Link Generation Fails.
2024-01-26 15:54:26,223 - Victim node is 934.
2024-01-26 15:54:26,223 - tensor([  12, 2709, 2714], device='cuda:0')
2024-01-26 15:54:26,224 - Classification Succeeds.
2024-01-26 15:54:26,224 - Link Generation Succeeds.
2024-01-26 15:54:27,202 - Victim node is 774.
2024-01-26 15:54:27,202 - tensor([  12, 1290, 2709], device='cuda:0')
2024-01-26 15:54:27,202 - Classification Succeeds.
2024-01-26 15:54:27,202 - Link Generation Succeeds.
2024-01-26 15:54:28,246 - Victim node is 782.
2024-01-26 15:54:28,246 - tensor([  12, 1318, 2662], device='cuda:0')
2024-01-26 15:54:28,247 - Classification Succeeds.
2024-01-26 15:54:28,247 - Link Generation Fails.
2024-01-26 15:54:29,199 - Victim node is 1415.
2024-01-26 15:54:29,199 - tensor([  12, 1318, 2662], device='cuda:0')
2024-01-26 15:54:29,199 - Classification Fails.
2024-01-26 15:54:29,199 - Link Generation Fails.
2024-01-26 15:54:30,193 - Victim node is 1694.
2024-01-26 15:54:30,193 - tensor([ 306, 1358, 1986], device='cuda:0')
2024-01-26 15:54:30,193 - Classification Succeeds.
2024-01-26 15:54:30,193 - Link Generation Fails.
2024-01-26 15:54:31,178 - Victim node is 2013.
2024-01-26 15:54:31,178 - tensor([ 306, 1013, 1358], device='cuda:0')
2024-01-26 15:54:31,178 - Classification Fails.
2024-01-26 15:54:31,179 - Link Generation Fails.
2024-01-26 15:54:32,127 - Victim node is 1920.
2024-01-26 15:54:32,127 - tensor([ 306, 1358, 1986], device='cuda:0')
2024-01-26 15:54:32,128 - Classification Fails.
2024-01-26 15:54:32,128 - Link Generation Fails.
2024-01-26 15:54:33,092 - Victim node is 1851.
2024-01-26 15:54:33,092 - tensor([ 306, 1358, 1986], device='cuda:0')
2024-01-26 15:54:33,092 - Classification Fails.
2024-01-26 15:54:33,093 - Link Generation Fails.
2024-01-26 15:54:34,067 - Victim node is 568.
2024-01-26 15:54:34,067 - tensor([  12,  217, 2473], device='cuda:0')
2024-01-26 15:54:34,067 - Classification Fails.
2024-01-26 15:54:34,067 - Link Generation Fails.
2024-01-26 15:54:35,029 - Victim node is 486.
2024-01-26 15:54:35,029 - tensor([ 306, 1358, 1986], device='cuda:0')
2024-01-26 15:54:35,030 - Classification Succeeds.
2024-01-26 15:54:35,030 - Link Generation Fails.
2024-01-26 15:54:36,020 - Victim node is 2207.
2024-01-26 15:54:36,020 - tensor([  12, 2712, 2714], device='cuda:0')
2024-01-26 15:54:36,020 - Classification Fails.
2024-01-26 15:54:36,021 - Link Generation Succeeds.
2024-01-26 15:54:37,051 - Victim node is 2658.
2024-01-26 15:54:37,052 - tensor([1358, 2709, 2710], device='cuda:0')
2024-01-26 15:54:37,052 - Classification Fails.
2024-01-26 15:54:37,052 - Link Generation Succeeds.
2024-01-26 15:54:38,019 - Victim node is 1213.
2024-01-26 15:54:38,019 - tensor([  12, 2662, 2711], device='cuda:0')
2024-01-26 15:54:38,019 - Classification Fails.
2024-01-26 15:54:38,019 - Link Generation Succeeds.
2024-01-26 15:54:38,985 - Victim node is 2018.
2024-01-26 15:54:38,985 - tensor([ 306, 1358, 1623], device='cuda:0')
2024-01-26 15:54:38,986 - Classification Succeeds.
2024-01-26 15:54:38,986 - Link Generation Fails.
2024-01-26 15:54:39,951 - Victim node is 516.
2024-01-26 15:54:39,951 - tensor([  12, 1318, 2662], device='cuda:0')
2024-01-26 15:54:39,952 - Classification Fails.
2024-01-26 15:54:39,952 - Link Generation Fails.
2024-01-26 15:54:40,909 - Victim node is 2271.
2024-01-26 15:54:40,909 - tensor([2711, 2728, 2729], device='cuda:0')
2024-01-26 15:54:40,909 - Classification Fails.
2024-01-26 15:54:40,909 - Link Generation Succeeds.
2024-01-26 15:54:41,857 - Victim node is 1024.
2024-01-26 15:54:41,857 - tensor([1358, 1701, 1986], device='cuda:0')
2024-01-26 15:54:41,858 - Classification Succeeds.
2024-01-26 15:54:41,858 - Link Generation Fails.
2024-01-26 15:54:42,840 - Victim node is 457.
2024-01-26 15:54:42,840 - tensor([ 306, 1358, 1986], device='cuda:0')
2024-01-26 15:54:42,841 - Classification Succeeds.
2024-01-26 15:54:42,841 - Link Generation Fails.
2024-01-26 15:54:43,816 - Victim node is 2222.
2024-01-26 15:54:43,817 - tensor([  7,  12, 208], device='cuda:0')
2024-01-26 15:54:43,817 - Classification Succeeds.
2024-01-26 15:54:43,817 - Link Generation Fails.
2024-01-26 15:54:44,798 - Victim node is 788.
2024-01-26 15:54:44,798 - tensor([1119, 1608, 2124], device='cuda:0')
2024-01-26 15:54:44,799 - Classification Succeeds.
2024-01-26 15:54:44,799 - Link Generation Fails.
2024-01-26 15:54:45,767 - Victim node is 2229.
2024-01-26 15:54:45,767 - tensor([1358, 1701, 1986], device='cuda:0')
2024-01-26 15:54:45,768 - Classification Fails.
2024-01-26 15:54:45,768 - Link Generation Fails.
2024-01-26 15:54:46,744 - Victim node is 2147.
2024-01-26 15:54:46,745 - tensor([  67,  739, 1257], device='cuda:0')
2024-01-26 15:54:46,745 - Classification Succeeds.
2024-01-26 15:54:46,745 - Link Generation Fails.
2024-01-26 15:54:47,696 - Victim node is 1845.
2024-01-26 15:54:47,697 - tensor([ 306, 1358, 1986], device='cuda:0')
2024-01-26 15:54:47,697 - Classification Fails.
2024-01-26 15:54:47,697 - Link Generation Fails.
2024-01-26 15:54:48,657 - Victim node is 1700.
2024-01-26 15:54:48,657 - tensor([2717, 2720, 2729], device='cuda:0')
2024-01-26 15:54:48,657 - Classification Fails.
2024-01-26 15:54:48,657 - Link Generation Succeeds.
2024-01-26 15:54:49,607 - Victim node is 397.
2024-01-26 15:54:49,607 - tensor([1358, 1701, 1986], device='cuda:0')
2024-01-26 15:54:49,607 - Classification Fails.
2024-01-26 15:54:49,607 - Link Generation Fails.
2024-01-26 15:54:50,583 - Victim node is 184.
2024-01-26 15:54:50,583 - tensor([ 306, 1358, 1986], device='cuda:0')
2024-01-26 15:54:50,583 - Classification Succeeds.
2024-01-26 15:54:50,583 - Link Generation Fails.
2024-01-26 15:54:51,577 - Victim node is 2695.
2024-01-26 15:54:51,577 - tensor([  12,  963, 1257], device='cuda:0')
2024-01-26 15:54:51,578 - Classification Succeeds.
2024-01-26 15:54:51,578 - Link Generation Fails.
2024-01-26 15:54:52,627 - Victim node is 79.
2024-01-26 15:54:52,627 - tensor([ 306, 1358, 1986], device='cuda:0')
2024-01-26 15:54:52,627 - Classification Fails.
2024-01-26 15:54:52,628 - Link Generation Fails.
2024-01-26 15:54:53,631 - Victim node is 320.
2024-01-26 15:54:53,631 - tensor([2710, 2712, 2714], device='cuda:0')
2024-01-26 15:54:53,631 - Classification Fails.
2024-01-26 15:54:53,631 - Link Generation Succeeds.
2024-01-26 15:54:54,620 - Victim node is 921.
2024-01-26 15:54:54,620 - tensor([ 306, 1358, 1986], device='cuda:0')
2024-01-26 15:54:54,620 - Classification Succeeds.
2024-01-26 15:54:54,620 - Link Generation Fails.
2024-01-26 15:54:55,597 - Victim node is 2447.
2024-01-26 15:54:55,597 - tensor([ 306, 1358, 1986], device='cuda:0')
2024-01-26 15:54:55,598 - Classification Succeeds.
2024-01-26 15:54:55,598 - Link Generation Fails.
2024-01-26 15:54:56,582 - Victim node is 793.
2024-01-26 15:54:56,582 - tensor([  12, 2710, 2725], device='cuda:0')
2024-01-26 15:54:56,582 - Classification Fails.
2024-01-26 15:54:56,582 - Link Generation Succeeds.
2024-01-26 15:54:57,545 - Victim node is 317.
2024-01-26 15:54:57,545 - tensor([  12, 1318, 2662], device='cuda:0')
2024-01-26 15:54:57,546 - Classification Succeeds.
2024-01-26 15:54:57,546 - Link Generation Fails.
2024-01-26 15:54:58,498 - Victim node is 949.
2024-01-26 15:54:58,498 - tensor([ 306, 1358, 1986], device='cuda:0')
2024-01-26 15:54:58,499 - Classification Fails.
2024-01-26 15:54:58,499 - Link Generation Fails.
2024-01-26 15:54:59,463 - Victim node is 1918.
2024-01-26 15:54:59,463 - tensor([ 306, 1358, 1986], device='cuda:0')
2024-01-26 15:54:59,464 - Classification Fails.
2024-01-26 15:54:59,464 - Link Generation Fails.
2024-01-26 15:55:00,403 - Victim node is 797.
2024-01-26 15:55:00,404 - tensor([ 306, 1701, 1986], device='cuda:0')
2024-01-26 15:55:00,404 - Classification Succeeds.
2024-01-26 15:55:00,404 - Link Generation Fails.
2024-01-26 15:55:01,342 - Victim node is 2609.
2024-01-26 15:55:01,342 - tensor([ 306, 1358, 1701], device='cuda:0')
2024-01-26 15:55:01,343 - Classification Fails.
2024-01-26 15:55:01,343 - Link Generation Fails.
2024-01-26 15:55:02,317 - Victim node is 2351.
2024-01-26 15:55:02,317 - tensor([ 963, 1257, 1510], device='cuda:0')
2024-01-26 15:55:02,317 - Classification Succeeds.
2024-01-26 15:55:02,317 - Link Generation Fails.
2024-01-26 15:55:03,310 - Victim node is 2482.
2024-01-26 15:55:03,310 - tensor([  12, 1257, 1318], device='cuda:0')
2024-01-26 15:55:03,310 - Classification Fails.
2024-01-26 15:55:03,311 - Link Generation Fails.
2024-01-26 15:55:04,281 - Victim node is 1876.
2024-01-26 15:55:04,282 - tensor([ 306, 1358, 1623], device='cuda:0')
2024-01-26 15:55:04,282 - Classification Fails.
2024-01-26 15:55:04,282 - Link Generation Fails.
2024-01-26 15:55:05,257 - Victim node is 2329.
2024-01-26 15:55:05,257 - tensor([ 306, 1358, 1986], device='cuda:0')
2024-01-26 15:55:05,257 - Classification Succeeds.
2024-01-26 15:55:05,257 - Link Generation Fails.
2024-01-26 15:55:06,221 - Victim node is 1815.
2024-01-26 15:55:06,221 - tensor([1119, 1701, 1986], device='cuda:0')
2024-01-26 15:55:06,221 - Classification Succeeds.
2024-01-26 15:55:06,221 - Link Generation Fails.
2024-01-26 15:55:07,186 - Victim node is 1680.
2024-01-26 15:55:07,187 - tensor([ 306, 1358, 1986], device='cuda:0')
2024-01-26 15:55:07,187 - Classification Succeeds.
2024-01-26 15:55:07,187 - Link Generation Fails.
2024-01-26 15:55:08,142 - Victim node is 1755.
2024-01-26 15:55:08,142 - tensor([ 306, 1701, 1986], device='cuda:0')
2024-01-26 15:55:08,142 - Classification Succeeds.
2024-01-26 15:55:08,142 - Link Generation Fails.
2024-01-26 15:55:09,083 - Victim node is 1539.
2024-01-26 15:55:09,083 - tensor([ 306, 1358, 1623], device='cuda:0')
2024-01-26 15:55:09,084 - Classification Fails.
2024-01-26 15:55:09,084 - Link Generation Fails.
2024-01-26 15:55:10,011 - Victim node is 169.
2024-01-26 15:55:10,011 - tensor([  12, 1119, 1257], device='cuda:0')
2024-01-26 15:55:10,012 - Classification Fails.
2024-01-26 15:55:10,012 - Link Generation Fails.
2024-01-26 15:55:10,981 - Victim node is 579.
2024-01-26 15:55:10,981 - tensor([  12, 1119, 1257], device='cuda:0')
2024-01-26 15:55:10,981 - Classification Fails.
2024-01-26 15:55:10,981 - Link Generation Fails.
2024-01-26 15:55:11,938 - Victim node is 1992.
2024-01-26 15:55:11,938 - tensor([2721, 2739, 2764], device='cuda:0')
2024-01-26 15:55:11,939 - Classification Fails.
2024-01-26 15:55:11,939 - Link Generation Succeeds.
2024-01-26 15:55:12,875 - Victim node is 425.
2024-01-26 15:55:12,875 - tensor([ 306, 1358, 1623], device='cuda:0')
2024-01-26 15:55:12,875 - Classification Fails.
2024-01-26 15:55:12,875 - Link Generation Fails.
2024-01-26 15:55:13,815 - Victim node is 2079.
2024-01-26 15:55:13,815 - tensor([ 306, 1358, 1623], device='cuda:0')
2024-01-26 15:55:13,815 - Classification Succeeds.
2024-01-26 15:55:13,816 - Link Generation Fails.
2024-01-26 15:55:14,799 - Victim node is 2706.
2024-01-26 15:55:14,799 - tensor([ 306, 1358, 1986], device='cuda:0')
2024-01-26 15:55:14,799 - Classification Succeeds.
2024-01-26 15:55:14,799 - Link Generation Fails.
2024-01-26 15:55:15,757 - Victim node is 2391.
2024-01-26 15:55:15,758 - tensor([ 306, 1358, 1623], device='cuda:0')
2024-01-26 15:55:15,758 - Classification Fails.
2024-01-26 15:55:15,758 - Link Generation Fails.
2024-01-26 15:55:16,698 - Victim node is 368.
2024-01-26 15:55:16,698 - tensor([  12, 2662, 2710], device='cuda:0')
2024-01-26 15:55:16,698 - Classification Succeeds.
2024-01-26 15:55:16,698 - Link Generation Succeeds.
2024-01-26 15:55:17,654 - Victim node is 1.
2024-01-26 15:55:17,654 - tensor([ 306, 1358, 1986], device='cuda:0')
2024-01-26 15:55:17,654 - Classification Succeeds.
2024-01-26 15:55:17,654 - Link Generation Fails.
2024-01-26 15:55:18,638 - Victim node is 1733.
2024-01-26 15:55:18,638 - tensor([ 306, 1701, 1986], device='cuda:0')
2024-01-26 15:55:18,638 - Classification Fails.
2024-01-26 15:55:18,639 - Link Generation Fails.
2024-01-26 15:55:19,575 - Victim node is 662.
2024-01-26 15:55:19,575 - tensor([  12, 2662, 2709], device='cuda:0')
2024-01-26 15:55:19,576 - Classification Fails.
2024-01-26 15:55:19,576 - Link Generation Succeeds.
2024-01-26 15:55:20,515 - Victim node is 1766.
2024-01-26 15:55:20,515 - tensor([ 306, 1701, 1986], device='cuda:0')
2024-01-26 15:55:20,516 - Classification Succeeds.
2024-01-26 15:55:20,516 - Link Generation Fails.
2024-01-26 15:55:21,460 - Victim node is 1373.
2024-01-26 15:55:21,461 - tensor([  12, 1318, 2662], device='cuda:0')
2024-01-26 15:55:21,461 - Classification Fails.
2024-01-26 15:55:21,461 - Link Generation Fails.
2024-01-26 15:55:22,413 - Victim node is 2501.
2024-01-26 15:55:22,413 - tensor([  12, 1318, 2662], device='cuda:0')
2024-01-26 15:55:22,413 - Classification Fails.
2024-01-26 15:55:22,414 - Link Generation Fails.
2024-01-26 15:55:23,376 - Victim node is 13.
2024-01-26 15:55:23,377 - tensor([  12, 2738, 2809], device='cuda:0')
2024-01-26 15:55:23,377 - Classification Succeeds.
2024-01-26 15:55:23,377 - Link Generation Succeeds.
2024-01-26 15:55:24,332 - Victim node is 925.
2024-01-26 15:55:24,332 - tensor([  12, 1318, 2662], device='cuda:0')
2024-01-26 15:55:24,333 - Classification Fails.
2024-01-26 15:55:24,333 - Link Generation Fails.
2024-01-26 15:55:25,388 - Victim node is 67.
2024-01-26 15:55:25,388 - tensor([ 307, 1257, 2714], device='cuda:0')
2024-01-26 15:55:25,388 - Classification Succeeds.
2024-01-26 15:55:25,388 - Link Generation Succeeds.
2024-01-26 15:55:26,414 - Victim node is 1887.
2024-01-26 15:55:26,414 - tensor([ 306, 1358, 1986], device='cuda:0')
2024-01-26 15:55:26,414 - Classification Succeeds.
2024-01-26 15:55:26,414 - Link Generation Fails.
2024-01-26 15:55:27,443 - Victim node is 933.
2024-01-26 15:55:27,443 - tensor([ 306, 1013, 1358], device='cuda:0')
2024-01-26 15:55:27,444 - Classification Succeeds.
2024-01-26 15:55:27,444 - Link Generation Fails.
2024-01-26 15:55:28,358 - Victim node is 1952.
2024-01-26 15:55:28,358 - tensor([1257, 2238, 2248], device='cuda:0')
2024-01-26 15:55:28,358 - Classification Succeeds.
2024-01-26 15:55:28,358 - Link Generation Fails.
2024-01-26 15:55:29,297 - Victim node is 2268.
2024-01-26 15:55:29,297 - tensor([  12, 1318, 2662], device='cuda:0')
2024-01-26 15:55:29,297 - Classification Fails.
2024-01-26 15:55:29,297 - Link Generation Fails.
2024-01-26 15:55:30,224 - Victim node is 666.
2024-01-26 15:55:30,224 - tensor([ 306, 1358, 1986], device='cuda:0')
2024-01-26 15:55:30,224 - Classification Fails.
2024-01-26 15:55:30,224 - Link Generation Fails.
2024-01-26 15:55:31,134 - Victim node is 669.
2024-01-26 15:55:31,134 - tensor([  12, 1318, 2716], device='cuda:0')
2024-01-26 15:55:31,135 - Classification Fails.
2024-01-26 15:55:31,135 - Link Generation Succeeds.
2024-01-26 15:55:32,039 - Victim node is 1385.
2024-01-26 15:55:32,039 - tensor([2711, 2721, 2730], device='cuda:0')
2024-01-26 15:55:32,039 - Classification Fails.
2024-01-26 15:55:32,039 - Link Generation Succeeds.
2024-01-26 15:55:32,970 - Victim node is 1638.
2024-01-26 15:55:32,971 - tensor([ 306, 1358, 2708], device='cuda:0')
2024-01-26 15:55:32,971 - Classification Succeeds.
2024-01-26 15:55:32,971 - Link Generation Succeeds.
2024-01-26 15:55:33,900 - Victim node is 1362.
2024-01-26 15:55:33,900 - tensor([ 306, 1358, 1986], device='cuda:0')
2024-01-26 15:55:33,900 - Classification Succeeds.
2024-01-26 15:55:33,901 - Link Generation Fails.
2024-01-26 15:55:34,833 - Victim node is 1499.
2024-01-26 15:55:34,833 - tensor([ 306, 1701, 1986], device='cuda:0')
2024-01-26 15:55:34,834 - Classification Succeeds.
2024-01-26 15:55:34,834 - Link Generation Fails.
2024-01-26 15:55:35,782 - Victim node is 808.
2024-01-26 15:55:35,783 - tensor([2711, 2720, 2722], device='cuda:0')
2024-01-26 15:55:35,783 - Classification Fails.
2024-01-26 15:55:35,783 - Link Generation Succeeds.
2024-01-26 15:55:36,718 - Victim node is 225.
2024-01-26 15:55:36,718 - tensor([  12, 2708, 2709], device='cuda:0')
2024-01-26 15:55:36,718 - Classification Fails.
2024-01-26 15:55:36,719 - Link Generation Succeeds.
2024-01-26 15:55:37,744 - Victim node is 701.
2024-01-26 15:55:37,744 - tensor([2710, 2717, 2719], device='cuda:0')
2024-01-26 15:55:37,744 - Classification Succeeds.
2024-01-26 15:55:37,745 - Link Generation Succeeds.
2024-01-26 15:55:38,729 - Victim node is 1435.
2024-01-26 15:55:38,729 - tensor([ 306, 1358, 1986], device='cuda:0')
2024-01-26 15:55:38,730 - Classification Succeeds.
2024-01-26 15:55:38,730 - Link Generation Fails.
2024-01-26 15:55:39,631 - Victim node is 1898.
2024-01-26 15:55:39,631 - tensor([ 306, 1358, 1701], device='cuda:0')
2024-01-26 15:55:39,631 - Classification Succeeds.
2024-01-26 15:55:39,631 - Link Generation Fails.
2024-01-26 15:55:40,539 - Victim node is 789.
2024-01-26 15:55:40,540 - tensor([  12, 2712, 2723], device='cuda:0')
2024-01-26 15:55:40,540 - Classification Succeeds.
2024-01-26 15:55:40,540 - Link Generation Succeeds.
2024-01-26 15:55:41,448 - Victim node is 1817.
2024-01-26 15:55:41,448 - tensor([ 306, 1358, 1986], device='cuda:0')
2024-01-26 15:55:41,448 - Classification Succeeds.
2024-01-26 15:55:41,449 - Link Generation Fails.
2024-01-26 15:55:42,421 - Victim node is 1142.
2024-01-26 15:55:42,421 - tensor([1358, 2710, 2722], device='cuda:0')
2024-01-26 15:55:42,421 - Classification Fails.
2024-01-26 15:55:42,422 - Link Generation Succeeds.
2024-01-26 15:55:43,374 - Victim node is 2618.
2024-01-26 15:55:43,374 - tensor([   7,   12, 2662], device='cuda:0')
2024-01-26 15:55:43,374 - Classification Fails.
2024-01-26 15:55:43,374 - Link Generation Fails.
2024-01-26 15:55:44,293 - Victim node is 165.
2024-01-26 15:55:44,293 - tensor([ 306, 1358, 1986], device='cuda:0')
2024-01-26 15:55:44,293 - Classification Succeeds.
2024-01-26 15:55:44,293 - Link Generation Fails.
2024-01-26 15:55:45,218 - Victim node is 2346.
2024-01-26 15:55:45,218 - tensor([  12, 1318, 2662], device='cuda:0')
2024-01-26 15:55:45,218 - Classification Fails.
2024-01-26 15:55:45,218 - Link Generation Fails.
2024-01-26 15:55:46,128 - Victim node is 1569.
2024-01-26 15:55:46,128 - tensor([1257, 2717, 2725], device='cuda:0')
2024-01-26 15:55:46,128 - Classification Fails.
2024-01-26 15:55:46,128 - Link Generation Succeeds.
2024-01-26 15:55:47,049 - Victim node is 1177.
2024-01-26 15:55:47,049 - tensor([ 306, 1358, 1986], device='cuda:0')
2024-01-26 15:55:47,050 - Classification Succeeds.
2024-01-26 15:55:47,050 - Link Generation Fails.
2024-01-26 15:55:47,990 - Victim node is 674.
2024-01-26 15:55:47,990 - tensor([ 306, 1358, 1701], device='cuda:0')
2024-01-26 15:55:47,991 - Classification Succeeds.
2024-01-26 15:55:47,991 - Link Generation Fails.
2024-01-26 15:55:48,895 - Victim node is 639.
2024-01-26 15:55:48,895 - tensor([  12, 2662, 2709], device='cuda:0')
2024-01-26 15:55:48,895 - Classification Fails.
2024-01-26 15:55:48,895 - Link Generation Succeeds.
2024-01-26 15:55:49,818 - Victim node is 313.
2024-01-26 15:55:49,818 - tensor([2708, 2709, 2710], device='cuda:0')
2024-01-26 15:55:49,818 - Classification Succeeds.
2024-01-26 15:55:49,818 - Link Generation Succeeds.
2024-01-26 15:55:50,731 - Victim node is 1195.
2024-01-26 15:55:50,732 - tensor([ 306, 1358, 1986], device='cuda:0')
2024-01-26 15:55:50,732 - Classification Fails.
2024-01-26 15:55:50,732 - Link Generation Fails.
2024-01-26 15:55:51,658 - Victim node is 209.
2024-01-26 15:55:51,658 - tensor([  12, 2708, 2713], device='cuda:0')
2024-01-26 15:55:51,658 - Classification Succeeds.
2024-01-26 15:55:51,658 - Link Generation Succeeds.
2024-01-26 15:55:52,602 - Victim node is 514.
2024-01-26 15:55:52,602 - tensor([ 306, 1358, 1986], device='cuda:0')
2024-01-26 15:55:52,602 - Classification Succeeds.
2024-01-26 15:55:52,602 - Link Generation Fails.
2024-01-26 15:55:53,516 - Victim node is 671.
2024-01-26 15:55:53,516 - tensor([ 306, 1358, 1986], device='cuda:0')
2024-01-26 15:55:53,516 - Classification Succeeds.
2024-01-26 15:55:53,516 - Link Generation Fails.
2024-01-26 15:55:54,451 - Victim node is 746.
2024-01-26 15:55:54,451 - tensor([  67, 2539, 2711], device='cuda:0')
2024-01-26 15:55:54,452 - Classification Fails.
2024-01-26 15:55:54,452 - Link Generation Succeeds.
2024-01-26 15:55:55,372 - Victim node is 1787.
2024-01-26 15:55:55,372 - tensor([1358, 1701, 1986], device='cuda:0')
2024-01-26 15:55:55,373 - Classification Succeeds.
2024-01-26 15:55:55,373 - Link Generation Fails.
2024-01-26 15:55:56,281 - Victim node is 1012.
2024-01-26 15:55:56,281 - tensor([ 306, 1358, 1986], device='cuda:0')
2024-01-26 15:55:56,281 - Classification Fails.
2024-01-26 15:55:56,281 - Link Generation Fails.
2024-01-26 15:55:57,210 - Victim node is 942.
2024-01-26 15:55:57,210 - tensor([1257, 2248, 2721], device='cuda:0')
2024-01-26 15:55:57,210 - Classification Fails.
2024-01-26 15:55:57,210 - Link Generation Succeeds.
2024-01-26 15:55:58,204 - Victim node is 1896.
2024-01-26 15:55:58,204 - tensor([1257, 1579, 2539], device='cuda:0')
2024-01-26 15:55:58,204 - Classification Succeeds.
2024-01-26 15:55:58,204 - Link Generation Fails.
2024-01-26 15:55:59,107 - Victim node is 835.
2024-01-26 15:55:59,107 - tensor([1358, 1701, 1986], device='cuda:0')
2024-01-26 15:55:59,107 - Classification Succeeds.
2024-01-26 15:55:59,107 - Link Generation Fails.
2024-01-26 15:56:00,022 - Victim node is 1867.
2024-01-26 15:56:00,022 - tensor([ 306, 1358, 1986], device='cuda:0')
2024-01-26 15:56:00,023 - Classification Succeeds.
2024-01-26 15:56:00,023 - Link Generation Fails.
2024-01-26 15:56:00,941 - Victim node is 1403.
2024-01-26 15:56:00,941 - tensor([ 306, 1358, 2715], device='cuda:0')
2024-01-26 15:56:00,941 - Classification Fails.
2024-01-26 15:56:00,941 - Link Generation Succeeds.
2024-01-26 15:56:01,880 - Victim node is 1386.
2024-01-26 15:56:01,880 - tensor([  12,  963, 1318], device='cuda:0')
2024-01-26 15:56:01,881 - Classification Fails.
2024-01-26 15:56:01,881 - Link Generation Fails.
2024-01-26 15:56:02,817 - Victim node is 1165.
2024-01-26 15:56:02,817 - tensor([  12, 1318, 2662], device='cuda:0')
2024-01-26 15:56:02,818 - Classification Fails.
2024-01-26 15:56:02,818 - Link Generation Fails.
2024-01-26 15:56:03,764 - Victim node is 1296.
2024-01-26 15:56:03,764 - tensor([ 306, 1358, 1986], device='cuda:0')
2024-01-26 15:56:03,764 - Classification Succeeds.
2024-01-26 15:56:03,764 - Link Generation Fails.
2024-01-26 15:56:04,714 - Victim node is 1214.
2024-01-26 15:56:04,714 - tensor([ 306, 1358, 1986], device='cuda:0')
2024-01-26 15:56:04,714 - Classification Succeeds.
2024-01-26 15:56:04,714 - Link Generation Fails.
2024-01-26 15:56:05,635 - Victim node is 584.
2024-01-26 15:56:05,635 - tensor([  12, 1318, 2662], device='cuda:0')
2024-01-26 15:56:05,635 - Classification Succeeds.
2024-01-26 15:56:05,635 - Link Generation Fails.
2024-01-26 15:56:06,585 - Victim node is 2202.
2024-01-26 15:56:06,585 - tensor([ 306, 1358, 1986], device='cuda:0')
2024-01-26 15:56:06,585 - Classification Succeeds.
2024-01-26 15:56:06,585 - Link Generation Fails.
2024-01-26 15:56:07,533 - Victim node is 330.
2024-01-26 15:56:07,533 - tensor([  12, 1318, 2662], device='cuda:0')
2024-01-26 15:56:07,533 - Classification Succeeds.
2024-01-26 15:56:07,533 - Link Generation Fails.
2024-01-26 15:56:08,462 - Victim node is 1567.
2024-01-26 15:56:08,462 - tensor([  12,  222, 2662], device='cuda:0')
2024-01-26 15:56:08,463 - Classification Fails.
2024-01-26 15:56:08,463 - Link Generation Fails.
2024-01-26 15:56:09,405 - Victim node is 1102.
2024-01-26 15:56:09,405 - tensor([  12, 1318, 2662], device='cuda:0')
2024-01-26 15:56:09,406 - Classification Succeeds.
2024-01-26 15:56:09,406 - Link Generation Fails.
2024-01-26 15:56:10,351 - Victim node is 273.
2024-01-26 15:56:10,351 - tensor([2708, 2709, 2710], device='cuda:0')
2024-01-26 15:56:10,351 - Classification Succeeds.
2024-01-26 15:56:10,351 - Link Generation Succeeds.
2024-01-26 15:56:11,276 - Victim node is 1711.
2024-01-26 15:56:11,276 - tensor([ 306, 1623, 1986], device='cuda:0')
2024-01-26 15:56:11,276 - Classification Succeeds.
2024-01-26 15:56:11,276 - Link Generation Fails.
2024-01-26 15:56:12,221 - Victim node is 1965.
2024-01-26 15:56:12,221 - tensor([  12, 2662, 2717], device='cuda:0')
2024-01-26 15:56:12,222 - Classification Succeeds.
2024-01-26 15:56:12,222 - Link Generation Succeeds.
2024-01-26 15:56:13,154 - Victim node is 1166.
2024-01-26 15:56:13,154 - tensor([ 700, 1691, 1701], device='cuda:0')
2024-01-26 15:56:13,155 - Classification Succeeds.
2024-01-26 15:56:13,155 - Link Generation Fails.
2024-01-26 15:56:14,102 - Victim node is 1704.
2024-01-26 15:56:14,102 - tensor([ 306, 1358, 1701], device='cuda:0')
2024-01-26 15:56:14,103 - Classification Succeeds.
2024-01-26 15:56:14,103 - Link Generation Fails.
2024-01-26 15:56:15,007 - Victim node is 2032.
2024-01-26 15:56:15,007 - tensor([  12, 2713, 2715], device='cuda:0')
2024-01-26 15:56:15,007 - Classification Fails.
2024-01-26 15:56:15,007 - Link Generation Succeeds.
2024-01-26 15:56:15,902 - Victim node is 652.
2024-01-26 15:56:15,902 - tensor([ 306, 1358, 1701], device='cuda:0')
2024-01-26 15:56:15,902 - Classification Succeeds.
2024-01-26 15:56:15,902 - Link Generation Fails.
2024-01-26 15:56:16,789 - Victim node is 372.
2024-01-26 15:56:16,789 - tensor([ 306, 1358, 1986], device='cuda:0')
2024-01-26 15:56:16,789 - Classification Succeeds.
2024-01-26 15:56:16,789 - Link Generation Fails.
2024-01-26 15:56:17,702 - Victim node is 1134.
2024-01-26 15:56:17,702 - tensor([  12, 1318, 1510], device='cuda:0')
2024-01-26 15:56:17,702 - Classification Fails.
2024-01-26 15:56:17,702 - Link Generation Fails.
2024-01-26 15:56:18,652 - Victim node is 1729.
2024-01-26 15:56:18,652 - tensor([ 306, 1701, 1986], device='cuda:0')
2024-01-26 15:56:18,652 - Classification Succeeds.
2024-01-26 15:56:18,652 - Link Generation Fails.
2024-01-26 15:56:19,548 - Victim node is 426.
2024-01-26 15:56:19,548 - tensor([1358, 1701, 1986], device='cuda:0')
2024-01-26 15:56:19,549 - Classification Succeeds.
2024-01-26 15:56:19,549 - Link Generation Fails.
2024-01-26 15:56:20,445 - Victim node is 929.
2024-01-26 15:56:20,446 - tensor([ 306, 1701, 1986], device='cuda:0')
2024-01-26 15:56:20,446 - Classification Succeeds.
2024-01-26 15:56:20,446 - Link Generation Fails.
2024-01-26 15:56:21,386 - Victim node is 2330.
2024-01-26 15:56:21,386 - tensor([ 306, 1358, 1623], device='cuda:0')
2024-01-26 15:56:21,386 - Classification Fails.
2024-01-26 15:56:21,387 - Link Generation Fails.
2024-01-26 15:56:22,297 - Victim node is 566.
2024-01-26 15:56:22,297 - tensor([ 306, 1358, 1701], device='cuda:0')
2024-01-26 15:56:22,297 - Classification Succeeds.
2024-01-26 15:56:22,297 - Link Generation Fails.
2024-01-26 15:56:23,286 - Victim node is 1358.
2024-01-26 15:56:23,286 - tensor([ 88, 109, 306], device='cuda:0')
2024-01-26 15:56:23,286 - Classification Succeeds.
2024-01-26 15:56:23,286 - Link Generation Fails.
2024-01-26 15:56:24,186 - Victim node is 44.
2024-01-26 15:56:24,187 - tensor([  12, 1318, 2662], device='cuda:0')
2024-01-26 15:56:24,187 - Classification Fails.
2024-01-26 15:56:24,187 - Link Generation Fails.
2024-01-26 15:56:25,069 - Victim node is 1475.
2024-01-26 15:56:25,069 - tensor([2709, 2716, 2717], device='cuda:0')
2024-01-26 15:56:25,070 - Classification Fails.
2024-01-26 15:56:25,070 - Link Generation Succeeds.
2024-01-26 15:56:25,970 - Victim node is 994.
2024-01-26 15:56:25,970 - tensor([ 306, 1358, 1986], device='cuda:0')
2024-01-26 15:56:25,970 - Classification Succeeds.
2024-01-26 15:56:25,970 - Link Generation Fails.
2024-01-26 15:56:26,882 - Victim node is 2059.
2024-01-26 15:56:26,882 - tensor([ 306, 1358, 1986], device='cuda:0')
2024-01-26 15:56:26,882 - Classification Succeeds.
2024-01-26 15:56:26,882 - Link Generation Fails.
2024-01-26 15:56:27,820 - Victim node is 1290.
2024-01-26 15:56:27,820 - tensor([   7,  208, 2713], device='cuda:0')
2024-01-26 15:56:27,821 - Classification Succeeds.
2024-01-26 15:56:27,821 - Link Generation Succeeds.
2024-01-26 15:56:28,768 - Victim node is 615.
2024-01-26 15:56:28,768 - tensor([ 306, 1358, 1623], device='cuda:0')
2024-01-26 15:56:28,768 - Classification Succeeds.
2024-01-26 15:56:28,768 - Link Generation Fails.
2024-01-26 15:56:29,725 - Victim node is 355.
2024-01-26 15:56:29,725 - tensor([ 306, 1358, 1623], device='cuda:0')
2024-01-26 15:56:29,726 - Classification Fails.
2024-01-26 15:56:29,726 - Link Generation Fails.
2024-01-26 15:56:30,632 - Victim node is 1750.
2024-01-26 15:56:30,632 - tensor([ 306, 1701, 1986], device='cuda:0')
2024-01-26 15:56:30,632 - Classification Succeeds.
2024-01-26 15:56:30,632 - Link Generation Fails.
2024-01-26 15:56:31,526 - Victim node is 89.
2024-01-26 15:56:31,526 - tensor([1257, 2248, 2712], device='cuda:0')
2024-01-26 15:56:31,527 - Classification Succeeds.
2024-01-26 15:56:31,527 - Link Generation Succeeds.
2024-01-26 15:56:32,456 - Victim node is 1054.
2024-01-26 15:56:32,456 - tensor([1358, 1701, 1986], device='cuda:0')
2024-01-26 15:56:32,457 - Classification Succeeds.
2024-01-26 15:56:32,457 - Link Generation Fails.
2024-01-26 15:56:33,376 - Victim node is 641.
2024-01-26 15:56:33,376 - tensor([  12, 2662, 2708], device='cuda:0')
2024-01-26 15:56:33,377 - Classification Fails.
2024-01-26 15:56:33,377 - Link Generation Succeeds.
2024-01-26 15:56:34,289 - Victim node is 2492.
2024-01-26 15:56:34,289 - tensor([ 306, 1358, 1623], device='cuda:0')
2024-01-26 15:56:34,289 - Classification Succeeds.
2024-01-26 15:56:34,290 - Link Generation Fails.
2024-01-26 15:56:35,203 - Victim node is 1057.
2024-01-26 15:56:35,204 - tensor([ 306, 1013, 1358], device='cuda:0')
2024-01-26 15:56:35,204 - Classification Fails.
2024-01-26 15:56:35,204 - Link Generation Fails.
2024-01-26 15:56:36,108 - Victim node is 528.
2024-01-26 15:56:36,108 - tensor([ 306, 1358, 1623], device='cuda:0')
2024-01-26 15:56:36,109 - Classification Fails.
2024-01-26 15:56:36,109 - Link Generation Fails.
2024-01-26 15:56:37,037 - Victim node is 1444.
2024-01-26 15:56:37,037 - tensor([2732, 2798, 2872], device='cuda:0')
2024-01-26 15:56:37,037 - Classification Succeeds.
2024-01-26 15:56:37,038 - Link Generation Succeeds.
2024-01-26 15:56:37,970 - Victim node is 1016.
2024-01-26 15:56:37,970 - tensor([ 306, 1358, 1623], device='cuda:0')
2024-01-26 15:56:37,971 - Classification Succeeds.
2024-01-26 15:56:37,971 - Link Generation Fails.
2024-01-26 15:56:38,917 - Victim node is 759.
2024-01-26 15:56:38,918 - tensor([  12, 2662, 2747], device='cuda:0')
2024-01-26 15:56:38,918 - Classification Succeeds.
2024-01-26 15:56:38,919 - Link Generation Succeeds.
2024-01-26 15:56:39,852 - Victim node is 777.
2024-01-26 15:56:39,852 - tensor([ 306, 1358, 1986], device='cuda:0')
2024-01-26 15:56:39,852 - Classification Fails.
2024-01-26 15:56:39,852 - Link Generation Fails.
2024-01-26 15:56:40,757 - Victim node is 2548.
2024-01-26 15:56:40,757 - tensor([  12, 2662, 2710], device='cuda:0')
2024-01-26 15:56:40,757 - Classification Succeeds.
2024-01-26 15:56:40,757 - Link Generation Succeeds.
2024-01-26 15:56:41,692 - Victim node is 166.
2024-01-26 15:56:41,692 - tensor([  12, 1257, 2662], device='cuda:0')
2024-01-26 15:56:41,692 - Classification Succeeds.
2024-01-26 15:56:41,692 - Link Generation Fails.
2024-01-26 15:56:42,607 - Victim node is 555.
2024-01-26 15:56:42,608 - tensor([ 306, 1358, 1986], device='cuda:0')
2024-01-26 15:56:42,608 - Classification Succeeds.
2024-01-26 15:56:42,608 - Link Generation Fails.
2024-01-26 15:56:43,533 - Victim node is 485.
2024-01-26 15:56:43,533 - tensor([ 306, 1358, 1986], device='cuda:0')
2024-01-26 15:56:43,533 - Classification Succeeds.
2024-01-26 15:56:43,533 - Link Generation Fails.
2024-01-26 15:56:44,470 - Victim node is 325.
2024-01-26 15:56:44,471 - tensor([ 306, 1358, 1986], device='cuda:0')
2024-01-26 15:56:44,471 - Classification Fails.
2024-01-26 15:56:44,471 - Link Generation Fails.
2024-01-26 15:56:45,395 - Victim node is 274.
2024-01-26 15:56:45,395 - tensor([ 306, 1358, 1986], device='cuda:0')
2024-01-26 15:56:45,395 - Classification Fails.
2024-01-26 15:56:45,395 - Link Generation Fails.
2024-01-26 15:56:46,337 - Victim node is 1820.
2024-01-26 15:56:46,338 - tensor([ 306, 1358, 1986], device='cuda:0')
2024-01-26 15:56:46,338 - Classification Succeeds.
2024-01-26 15:56:46,338 - Link Generation Fails.
2024-01-26 15:56:47,244 - Victim node is 792.
2024-01-26 15:56:47,244 - tensor([ 306, 1358, 1701], device='cuda:0')
2024-01-26 15:56:47,245 - Classification Succeeds.
2024-01-26 15:56:47,245 - Link Generation Fails.
2024-01-26 15:56:48,224 - Victim node is 1378.
2024-01-26 15:56:48,224 - tensor([2710, 2711, 2712], device='cuda:0')
2024-01-26 15:56:48,224 - Classification Fails.
2024-01-26 15:56:48,224 - Link Generation Succeeds.
2024-01-26 15:56:49,167 - Victim node is 424.
2024-01-26 15:56:49,167 - tensor([ 306, 1358, 1986], device='cuda:0')
2024-01-26 15:56:49,168 - Classification Fails.
2024-01-26 15:56:49,168 - Link Generation Fails.
2024-01-26 15:56:50,103 - Victim node is 535.
2024-01-26 15:56:50,103 - tensor([ 306, 1358, 1623], device='cuda:0')
2024-01-26 15:56:50,103 - Classification Fails.
2024-01-26 15:56:50,104 - Link Generation Fails.
2024-01-26 15:56:51,036 - Victim node is 731.
2024-01-26 15:56:51,036 - tensor([ 306, 1358, 1623], device='cuda:0')
2024-01-26 15:56:51,036 - Classification Succeeds.
2024-01-26 15:56:51,037 - Link Generation Fails.
2024-01-26 15:56:51,967 - Victim node is 1917.
2024-01-26 15:56:51,967 - tensor([ 306, 1358, 1986], device='cuda:0')
2024-01-26 15:56:51,967 - Classification Succeeds.
2024-01-26 15:56:51,967 - Link Generation Fails.
2024-01-26 15:56:52,902 - Victim node is 1335.
2024-01-26 15:56:52,903 - tensor([ 306, 1358, 1623], device='cuda:0')
2024-01-26 15:56:52,903 - Classification Succeeds.
2024-01-26 15:56:52,903 - Link Generation Fails.
2024-01-26 15:56:53,835 - Victim node is 1231.
2024-01-26 15:56:53,835 - tensor([ 306, 1358, 1986], device='cuda:0')
2024-01-26 15:56:53,835 - Classification Fails.
2024-01-26 15:56:53,835 - Link Generation Fails.
2024-01-26 15:56:54,731 - Victim node is 1380.
2024-01-26 15:56:54,731 - tensor([2717, 2719, 2720], device='cuda:0')
2024-01-26 15:56:54,732 - Classification Fails.
2024-01-26 15:56:54,732 - Link Generation Succeeds.
2024-01-26 15:56:55,664 - Victim node is 1495.
2024-01-26 15:56:55,664 - tensor([ 306, 1358, 2709], device='cuda:0')
2024-01-26 15:56:55,665 - Classification Succeeds.
2024-01-26 15:56:55,665 - Link Generation Succeeds.
2024-01-26 15:56:56,584 - Victim node is 2046.
2024-01-26 15:56:56,584 - tensor([1358, 1623, 1986], device='cuda:0')
2024-01-26 15:56:56,584 - Classification Succeeds.
2024-01-26 15:56:56,584 - Link Generation Fails.
2024-01-26 15:56:57,469 - Victim node is 20.
2024-01-26 15:56:57,469 - tensor([2720, 2740, 2748], device='cuda:0')
2024-01-26 15:56:57,469 - Classification Succeeds.
2024-01-26 15:56:57,469 - Link Generation Succeeds.
2024-01-26 15:56:58,329 - Victim node is 1564.
2024-01-26 15:56:58,329 - tensor([ 306, 1358, 1986], device='cuda:0')
2024-01-26 15:56:58,329 - Classification Succeeds.
2024-01-26 15:56:58,329 - Link Generation Fails.
2024-01-26 15:56:59,228 - Victim node is 2696.
2024-01-26 15:56:59,228 - tensor([  12, 1318, 2662], device='cuda:0')
2024-01-26 15:56:59,228 - Classification Fails.
2024-01-26 15:56:59,228 - Link Generation Fails.
2024-01-26 15:57:00,162 - Victim node is 4.
2024-01-26 15:57:00,162 - tensor([ 306, 1358, 1986], device='cuda:0')
2024-01-26 15:57:00,163 - Classification Fails.
2024-01-26 15:57:00,163 - Link Generation Fails.
2024-01-26 15:57:01,061 - Victim node is 1670.
2024-01-26 15:57:01,061 - tensor([ 306, 1358, 1986], device='cuda:0')
2024-01-26 15:57:01,061 - Classification Succeeds.
2024-01-26 15:57:01,061 - Link Generation Fails.
2024-01-26 15:57:01,966 - Victim node is 2688.
2024-01-26 15:57:01,966 - tensor([  12, 2710, 2711], device='cuda:0')
2024-01-26 15:57:01,966 - Classification Fails.
2024-01-26 15:57:01,966 - Link Generation Succeeds.
2024-01-26 15:57:02,887 - Victim node is 383.
2024-01-26 15:57:02,887 - tensor([  12, 2724, 2740], device='cuda:0')
2024-01-26 15:57:02,887 - Classification Fails.
2024-01-26 15:57:02,887 - Link Generation Succeeds.
2024-01-26 15:57:03,788 - Victim node is 1604.
2024-01-26 15:57:03,788 - tensor([ 306, 1701, 1986], device='cuda:0')
2024-01-26 15:57:03,788 - Classification Succeeds.
2024-01-26 15:57:03,788 - Link Generation Fails.
2024-01-26 15:57:04,655 - Victim node is 2148.
2024-01-26 15:57:04,655 - tensor([ 739, 1162, 1257], device='cuda:0')
2024-01-26 15:57:04,656 - Classification Fails.
2024-01-26 15:57:04,656 - Link Generation Fails.
2024-01-26 15:57:05,525 - Victim node is 2151.
2024-01-26 15:57:05,525 - tensor([  12, 2714, 2731], device='cuda:0')
2024-01-26 15:57:05,525 - Classification Succeeds.
2024-01-26 15:57:05,525 - Link Generation Succeeds.
2024-01-26 15:57:06,388 - Victim node is 500.
2024-01-26 15:57:06,388 - tensor([  12, 1318, 2662], device='cuda:0')
2024-01-26 15:57:06,389 - Classification Fails.
2024-01-26 15:57:06,389 - Link Generation Fails.
2024-01-26 15:57:07,256 - Victim node is 1443.
2024-01-26 15:57:07,256 - tensor([  12, 1257, 2539], device='cuda:0')
2024-01-26 15:57:07,256 - Classification Succeeds.
2024-01-26 15:57:07,256 - Link Generation Fails.
2024-01-26 15:57:08,125 - Victim node is 1127.
2024-01-26 15:57:08,125 - tensor([ 306, 1358, 1701], device='cuda:0')
2024-01-26 15:57:08,125 - Classification Fails.
2024-01-26 15:57:08,125 - Link Generation Fails.
2024-01-26 15:57:09,015 - Victim node is 2626.
2024-01-26 15:57:09,015 - tensor([  12, 2539, 2662], device='cuda:0')
2024-01-26 15:57:09,015 - Classification Fails.
2024-01-26 15:57:09,015 - Link Generation Fails.
2024-01-26 15:57:09,917 - Victim node is 1061.
2024-01-26 15:57:09,917 - tensor([1257, 2538, 2720], device='cuda:0')
2024-01-26 15:57:09,917 - Classification Fails.
2024-01-26 15:57:09,917 - Link Generation Succeeds.
2024-01-26 15:57:10,795 - Victim node is 972.
2024-01-26 15:57:10,795 - tensor([2712, 2718, 2722], device='cuda:0')
2024-01-26 15:57:10,795 - Classification Fails.
2024-01-26 15:57:10,795 - Link Generation Succeeds.
2024-01-26 15:57:11,696 - Victim node is 1023.
2024-01-26 15:57:11,753 - tensor([2735, 2747, 2809], device='cuda:0')
2024-01-26 15:57:11,754 - Classification Fails.
2024-01-26 15:57:11,754 - Link Generation Succeeds.
2024-01-26 15:57:12,671 - Victim node is 587.
2024-01-26 15:57:12,671 - tensor([  12, 2662, 2708], device='cuda:0')
2024-01-26 15:57:12,672 - Classification Fails.
2024-01-26 15:57:12,672 - Link Generation Succeeds.
2024-01-26 15:57:13,531 - Victim node is 2309.
2024-01-26 15:57:13,531 - tensor([ 306, 1358, 1986], device='cuda:0')
2024-01-26 15:57:13,531 - Classification Succeeds.
2024-01-26 15:57:13,531 - Link Generation Fails.
2024-01-26 15:57:14,394 - Victim node is 1673.
2024-01-26 15:57:14,394 - tensor([  12, 2708, 2709], device='cuda:0')
2024-01-26 15:57:14,394 - Classification Fails.
2024-01-26 15:57:14,395 - Link Generation Succeeds.
2024-01-26 15:57:15,270 - Victim node is 1835.
2024-01-26 15:57:15,270 - tensor([  12, 1318, 2709], device='cuda:0')
2024-01-26 15:57:15,271 - Classification Succeeds.
2024-01-26 15:57:15,271 - Link Generation Succeeds.
2024-01-26 15:57:16,134 - Victim node is 2129.
2024-01-26 15:57:16,134 - tensor([  12, 2539, 2717], device='cuda:0')
2024-01-26 15:57:16,134 - Classification Fails.
2024-01-26 15:57:16,134 - Link Generation Succeeds.
2024-01-26 15:57:16,991 - Victim node is 678.
2024-01-26 15:57:16,991 - tensor([2716, 2727, 2737], device='cuda:0')
2024-01-26 15:57:16,992 - Classification Fails.
2024-01-26 15:57:16,992 - Link Generation Succeeds.
2024-01-26 15:57:17,851 - Victim node is 191.
2024-01-26 15:57:17,851 - tensor([ 306, 1358, 1986], device='cuda:0')
2024-01-26 15:57:17,851 - Classification Fails.
2024-01-26 15:57:17,852 - Link Generation Fails.
2024-01-26 15:57:18,717 - Victim node is 1828.
2024-01-26 15:57:18,717 - tensor([ 306, 1358, 1986], device='cuda:0')
2024-01-26 15:57:18,717 - Classification Succeeds.
2024-01-26 15:57:18,717 - Link Generation Fails.
2024-01-26 15:57:19,587 - Victim node is 178.
2024-01-26 15:57:19,587 - tensor([ 306, 1358, 1986], device='cuda:0')
2024-01-26 15:57:19,587 - Classification Succeeds.
2024-01-26 15:57:19,587 - Link Generation Fails.
2024-01-26 15:57:20,483 - Victim node is 1287.
2024-01-26 15:57:20,483 - tensor([ 306, 1701, 1986], device='cuda:0')
2024-01-26 15:57:20,483 - Classification Succeeds.
2024-01-26 15:57:20,483 - Link Generation Fails.
2024-01-26 15:57:21,342 - Victim node is 451.
2024-01-26 15:57:21,342 - tensor([  12, 1318, 2713], device='cuda:0')
2024-01-26 15:57:21,342 - Classification Fails.
2024-01-26 15:57:21,342 - Link Generation Succeeds.
2024-01-26 15:57:22,204 - Victim node is 2502.
2024-01-26 15:57:22,204 - tensor([ 306, 1358, 1701], device='cuda:0')
2024-01-26 15:57:22,205 - Classification Fails.
2024-01-26 15:57:22,205 - Link Generation Fails.
2024-01-26 15:57:23,058 - Victim node is 1114.
2024-01-26 15:57:23,058 - tensor([ 306, 1358, 1986], device='cuda:0')
2024-01-26 15:57:23,058 - Classification Succeeds.
2024-01-26 15:57:23,058 - Link Generation Fails.
2024-01-26 15:57:23,912 - Victim node is 2056.
2024-01-26 15:57:23,912 - tensor([ 306, 1358, 1986], device='cuda:0')
2024-01-26 15:57:23,913 - Classification Succeeds.
2024-01-26 15:57:23,914 - Link Generation Fails.
2024-01-26 15:57:24,776 - Victim node is 1989.
2024-01-26 15:57:24,776 - tensor([ 306, 1358, 1701], device='cuda:0')
2024-01-26 15:57:24,776 - Classification Fails.
2024-01-26 15:57:24,776 - Link Generation Fails.
2024-01-26 15:57:25,628 - Victim node is 1466.
2024-01-26 15:57:25,628 - tensor([ 306, 1358, 1986], device='cuda:0')
2024-01-26 15:57:25,628 - Classification Succeeds.
2024-01-26 15:57:25,628 - Link Generation Fails.
2024-01-26 15:57:26,489 - Victim node is 1836.
2024-01-26 15:57:26,489 - tensor([2708, 2710, 2712], device='cuda:0')
2024-01-26 15:57:26,489 - Classification Succeeds.
2024-01-26 15:57:26,489 - Link Generation Succeeds.
2024-01-26 15:57:27,343 - Victim node is 2659.
2024-01-26 15:57:27,344 - tensor([  12, 1318, 2709], device='cuda:0')
2024-01-26 15:57:27,344 - Classification Fails.
2024-01-26 15:57:27,344 - Link Generation Succeeds.
2024-01-26 15:57:28,207 - Victim node is 1761.
2024-01-26 15:57:28,208 - tensor([ 306, 1701, 1986], device='cuda:0')
2024-01-26 15:57:28,208 - Classification Succeeds.
2024-01-26 15:57:28,208 - Link Generation Fails.
2024-01-26 15:57:29,080 - Victim node is 136.
2024-01-26 15:57:29,080 - tensor([ 306, 1358, 2708], device='cuda:0')
2024-01-26 15:57:29,081 - Classification Succeeds.
2024-01-26 15:57:29,081 - Link Generation Succeeds.
2024-01-26 15:57:29,939 - Victim node is 2055.
2024-01-26 15:57:29,939 - tensor([ 306, 1358, 1986], device='cuda:0')
2024-01-26 15:57:29,940 - Classification Succeeds.
2024-01-26 15:57:29,940 - Link Generation Fails.
2024-01-26 15:57:30,794 - Victim node is 885.
2024-01-26 15:57:30,794 - tensor([  12, 1318, 2662], device='cuda:0')
2024-01-26 15:57:30,795 - Classification Fails.
2024-01-26 15:57:30,795 - Link Generation Fails.
2024-01-26 15:57:31,658 - Victim node is 2557.
2024-01-26 15:57:31,658 - tensor([ 306, 1358, 1623], device='cuda:0')
2024-01-26 15:57:31,659 - Classification Fails.
2024-01-26 15:57:31,659 - Link Generation Fails.
2024-01-26 15:57:32,523 - Victim node is 1205.
2024-01-26 15:57:32,523 - tensor([ 306, 1701, 1986], device='cuda:0')
2024-01-26 15:57:32,523 - Classification Succeeds.
2024-01-26 15:57:32,523 - Link Generation Fails.
2024-01-26 15:57:33,381 - Victim node is 2030.
2024-01-26 15:57:33,382 - tensor([ 306, 1358, 1986], device='cuda:0')
2024-01-26 15:57:33,382 - Classification Fails.
2024-01-26 15:57:33,382 - Link Generation Fails.
2024-01-26 15:57:34,245 - Victim node is 711.
2024-01-26 15:57:34,245 - tensor([ 306, 1358, 1986], device='cuda:0')
2024-01-26 15:57:34,245 - Classification Fails.
2024-01-26 15:57:34,245 - Link Generation Fails.
2024-01-26 15:57:35,107 - Victim node is 2153.
2024-01-26 15:57:35,107 - tensor([ 306, 1358, 1623], device='cuda:0')
2024-01-26 15:57:35,107 - Classification Fails.
2024-01-26 15:57:35,107 - Link Generation Fails.
2024-01-26 15:57:35,981 - Victim node is 2009.
2024-01-26 15:57:35,981 - tensor([ 306, 1358, 1701], device='cuda:0')
2024-01-26 15:57:35,981 - Classification Fails.
2024-01-26 15:57:35,981 - Link Generation Fails.
2024-01-26 15:57:36,840 - Victim node is 2195.
2024-01-26 15:57:36,840 - tensor([ 306, 1358, 1986], device='cuda:0')
2024-01-26 15:57:36,840 - Classification Fails.
2024-01-26 15:57:36,840 - Link Generation Fails.
2024-01-26 15:57:37,699 - Victim node is 2570.
2024-01-26 15:57:37,699 - tensor([  12, 1318, 2662], device='cuda:0')
2024-01-26 15:57:37,699 - Classification Fails.
2024-01-26 15:57:37,699 - Link Generation Fails.
2024-01-26 15:57:38,559 - Victim node is 1273.
2024-01-26 15:57:38,559 - tensor([   7,  208, 1290], device='cuda:0')
2024-01-26 15:57:38,560 - Classification Succeeds.
2024-01-26 15:57:38,560 - Link Generation Fails.
2024-01-26 15:57:39,426 - Victim node is 75.
2024-01-26 15:57:39,426 - tensor([  12, 1257, 2662], device='cuda:0')
2024-01-26 15:57:39,426 - Classification Succeeds.
2024-01-26 15:57:39,426 - Link Generation Fails.
2024-01-26 15:57:40,301 - Victim node is 2124.
2024-01-26 15:57:40,301 - tensor([  12, 1318, 2662], device='cuda:0')
2024-01-26 15:57:40,301 - Classification Fails.
2024-01-26 15:57:40,301 - Link Generation Fails.
2024-01-26 15:57:41,172 - Victim node is 2699.
2024-01-26 15:57:41,172 - tensor([ 307, 2708, 2709], device='cuda:0')
2024-01-26 15:57:41,173 - Classification Succeeds.
2024-01-26 15:57:41,173 - Link Generation Succeeds.
2024-01-26 15:57:42,044 - Victim node is 1728.
2024-01-26 15:57:42,044 - tensor([2824, 2863, 2881], device='cuda:0')
2024-01-26 15:57:42,044 - Classification Succeeds.
2024-01-26 15:57:42,045 - Link Generation Succeeds.
2024-01-26 15:57:42,910 - Victim node is 1592.
2024-01-26 15:57:42,910 - tensor([ 306, 1358, 1986], device='cuda:0')
2024-01-26 15:57:42,911 - Classification Succeeds.
2024-01-26 15:57:42,911 - Link Generation Fails.
2024-01-26 15:57:43,786 - Victim node is 495.
2024-01-26 15:57:43,786 - tensor([1257, 2712, 2714], device='cuda:0')
2024-01-26 15:57:43,786 - Classification Fails.
2024-01-26 15:57:43,786 - Link Generation Succeeds.
2024-01-26 15:57:44,650 - Victim node is 1150.
2024-01-26 15:57:44,650 - tensor([ 306, 1358, 2710], device='cuda:0')
2024-01-26 15:57:44,651 - Classification Succeeds.
2024-01-26 15:57:44,651 - Link Generation Succeeds.
2024-01-26 15:57:45,509 - Victim node is 1860.
2024-01-26 15:57:45,509 - tensor([ 306, 1358, 1986], device='cuda:0')
2024-01-26 15:57:45,509 - Classification Succeeds.
2024-01-26 15:57:45,509 - Link Generation Fails.
2024-01-26 15:57:46,378 - Victim node is 2585.
2024-01-26 15:57:46,378 - tensor([ 306, 1358, 1986], device='cuda:0')
2024-01-26 15:57:46,378 - Classification Succeeds.
2024-01-26 15:57:46,378 - Link Generation Fails.
2024-01-26 15:57:47,237 - Victim node is 2615.
2024-01-26 15:57:47,238 - tensor([2710, 2712, 2713], device='cuda:0')
2024-01-26 15:57:47,238 - Classification Fails.
2024-01-26 15:57:47,238 - Link Generation Succeeds.
2024-01-26 15:57:48,100 - Victim node is 87.
2024-01-26 15:57:48,100 - tensor([ 306, 1358, 1701], device='cuda:0')
2024-01-26 15:57:48,101 - Classification Succeeds.
2024-01-26 15:57:48,101 - Link Generation Fails.
2024-01-26 15:57:48,952 - Victim node is 2239.
2024-01-26 15:57:48,953 - tensor([   7, 2708, 2714], device='cuda:0')
2024-01-26 15:57:48,953 - Classification Fails.
2024-01-26 15:57:48,953 - Link Generation Succeeds.
2024-01-26 15:57:49,814 - Victim node is 1788.
2024-01-26 15:57:49,814 - tensor([ 306, 1358, 1986], device='cuda:0')
2024-01-26 15:57:49,814 - Classification Succeeds.
2024-01-26 15:57:49,814 - Link Generation Fails.
2024-01-26 15:57:50,675 - Victim node is 387.
2024-01-26 15:57:50,675 - tensor([ 306, 1358, 1986], device='cuda:0')
2024-01-26 15:57:50,675 - Classification Succeeds.
2024-01-26 15:57:50,675 - Link Generation Fails.
2024-01-26 15:57:51,532 - Victim node is 1911.
2024-01-26 15:57:51,532 - tensor([ 306, 1358, 1986], device='cuda:0')
2024-01-26 15:57:51,533 - Classification Fails.
2024-01-26 15:57:51,533 - Link Generation Fails.
2024-01-26 15:57:52,401 - Victim node is 1771.
2024-01-26 15:57:52,401 - tensor([1358, 1701, 1986], device='cuda:0')
2024-01-26 15:57:52,401 - Classification Succeeds.
2024-01-26 15:57:52,401 - Link Generation Fails.
2024-01-26 15:57:53,262 - Victim node is 2640.
2024-01-26 15:57:53,262 - tensor([2710, 2711, 2715], device='cuda:0')
2024-01-26 15:57:53,264 - Classification Fails.
2024-01-26 15:57:53,264 - Link Generation Succeeds.
2024-01-26 15:57:54,122 - Victim node is 790.
2024-01-26 15:57:54,122 - tensor([  12, 1318, 2730], device='cuda:0')
2024-01-26 15:57:54,122 - Classification Fails.
2024-01-26 15:57:54,122 - Link Generation Succeeds.
2024-01-26 15:57:54,987 - Victim node is 1339.
2024-01-26 15:57:54,987 - tensor([ 306, 1701, 1986], device='cuda:0')
2024-01-26 15:57:54,987 - Classification Succeeds.
2024-01-26 15:57:54,987 - Link Generation Fails.
2024-01-26 15:57:55,851 - Victim node is 398.
2024-01-26 15:57:55,851 - tensor([ 306, 1358, 1986], device='cuda:0')
2024-01-26 15:57:55,851 - Classification Fails.
2024-01-26 15:57:55,851 - Link Generation Fails.
2024-01-26 15:57:56,712 - Victim node is 1758.
2024-01-26 15:57:56,712 - tensor([ 306, 1701, 1986], device='cuda:0')
2024-01-26 15:57:56,713 - Classification Succeeds.
2024-01-26 15:57:56,713 - Link Generation Fails.
2024-01-26 15:57:57,565 - Victim node is 2693.
2024-01-26 15:57:57,565 - tensor([  12, 2708, 2709], device='cuda:0')
2024-01-26 15:57:57,565 - Classification Fails.
2024-01-26 15:57:57,565 - Link Generation Succeeds.
2024-01-26 15:57:58,416 - Victim node is 332.
2024-01-26 15:57:58,416 - tensor([  12,  963, 1050], device='cuda:0')
2024-01-26 15:57:58,416 - Classification Fails.
2024-01-26 15:57:58,416 - Link Generation Fails.
2024-01-26 15:57:59,282 - Victim node is 1753.
2024-01-26 15:57:59,282 - tensor([ 306, 1623, 1986], device='cuda:0')
2024-01-26 15:57:59,283 - Classification Fails.
2024-01-26 15:57:59,283 - Link Generation Fails.
2024-01-26 15:58:00,128 - Victim node is 2243.
2024-01-26 15:58:00,128 - tensor([  12, 1257, 1318], device='cuda:0')
2024-01-26 15:58:00,128 - Classification Fails.
2024-01-26 15:58:00,128 - Link Generation Fails.
2024-01-26 15:58:00,984 - Victim node is 206.
2024-01-26 15:58:00,985 - tensor([ 306, 1358, 1986], device='cuda:0')
2024-01-26 15:58:00,985 - Classification Succeeds.
2024-01-26 15:58:00,985 - Link Generation Fails.
2024-01-26 15:58:01,842 - Victim node is 2575.
2024-01-26 15:58:01,842 - tensor([ 306, 1358, 1986], device='cuda:0')
2024-01-26 15:58:01,842 - Classification Fails.
2024-01-26 15:58:01,843 - Link Generation Fails.
2024-01-26 15:58:02,705 - Victim node is 1852.
2024-01-26 15:58:02,705 - tensor([ 306, 1358, 1986], device='cuda:0')
2024-01-26 15:58:02,705 - Classification Fails.
2024-01-26 15:58:02,705 - Link Generation Fails.
2024-01-26 15:58:03,560 - Victim node is 2061.
2024-01-26 15:58:03,560 - tensor([2709, 2710, 2712], device='cuda:0')
2024-01-26 15:58:03,560 - Classification Fails.
2024-01-26 15:58:03,560 - Link Generation Succeeds.
2024-01-26 15:58:04,417 - Victim node is 2260.
2024-01-26 15:58:04,417 - tensor([  12, 2662, 2715], device='cuda:0')
2024-01-26 15:58:04,417 - Classification Succeeds.
2024-01-26 15:58:04,417 - Link Generation Succeeds.
2024-01-26 15:58:05,307 - Victim node is 433.
2024-01-26 15:58:05,307 - tensor([  12, 1318, 2708], device='cuda:0')
2024-01-26 15:58:05,307 - Classification Fails.
2024-01-26 15:58:05,307 - Link Generation Succeeds.
2024-01-26 15:58:06,152 - Victim node is 2257.
2024-01-26 15:58:06,152 - tensor([  12,  307, 2711], device='cuda:0')
2024-01-26 15:58:06,152 - Classification Fails.
2024-01-26 15:58:06,152 - Link Generation Succeeds.
2024-01-26 15:58:07,009 - Victim node is 1981.
2024-01-26 15:58:07,009 - tensor([ 306, 1358, 1986], device='cuda:0')
2024-01-26 15:58:07,010 - Classification Fails.
2024-01-26 15:58:07,010 - Link Generation Fails.
2024-01-26 15:58:07,877 - Victim node is 337.
2024-01-26 15:58:07,877 - tensor([ 306, 1701, 1986], device='cuda:0')
2024-01-26 15:58:07,878 - Classification Succeeds.
2024-01-26 15:58:07,878 - Link Generation Fails.
2024-01-26 15:58:08,727 - Victim node is 569.
2024-01-26 15:58:08,727 - tensor([ 306, 1358, 1986], device='cuda:0')
2024-01-26 15:58:08,727 - Classification Fails.
2024-01-26 15:58:08,727 - Link Generation Fails.
2024-01-26 15:58:09,592 - Victim node is 712.
2024-01-26 15:58:09,592 - tensor([ 306, 1358, 1986], device='cuda:0')
2024-01-26 15:58:09,592 - Classification Succeeds.
2024-01-26 15:58:09,594 - Link Generation Fails.
2024-01-26 15:58:10,458 - Victim node is 832.
2024-01-26 15:58:10,458 - tensor([  12, 2539, 2709], device='cuda:0')
2024-01-26 15:58:10,458 - Classification Fails.
2024-01-26 15:58:10,459 - Link Generation Succeeds.
2024-01-26 15:58:11,307 - Victim node is 268.
2024-01-26 15:58:11,307 - tensor([ 306, 1358, 2713], device='cuda:0')
2024-01-26 15:58:11,308 - Classification Fails.
2024-01-26 15:58:11,308 - Link Generation Succeeds.
2024-01-26 15:58:12,158 - Victim node is 319.
2024-01-26 15:58:12,158 - tensor([ 306, 1358, 1986], device='cuda:0')
2024-01-26 15:58:12,158 - Classification Fails.
2024-01-26 15:58:12,158 - Link Generation Fails.
2024-01-26 15:58:13,009 - Victim node is 195.
2024-01-26 15:58:13,010 - tensor([  12, 1257, 1318], device='cuda:0')
2024-01-26 15:58:13,010 - Classification Fails.
2024-01-26 15:58:13,010 - Link Generation Fails.
2024-01-26 15:58:13,891 - Victim node is 2242.
2024-01-26 15:58:13,891 - tensor([  12, 1257, 2714], device='cuda:0')
2024-01-26 15:58:13,891 - Classification Fails.
2024-01-26 15:58:13,891 - Link Generation Succeeds.
2024-01-26 15:58:14,791 - Victim node is 531.
2024-01-26 15:58:14,791 - tensor([  12, 2662, 2716], device='cuda:0')
2024-01-26 15:58:14,791 - Classification Fails.
2024-01-26 15:58:14,791 - Link Generation Succeeds.
2024-01-26 15:58:15,841 - Victim node is 1197.
2024-01-26 15:58:15,841 - tensor([1358, 1701, 1986], device='cuda:0')
2024-01-26 15:58:15,842 - Classification Fails.
2024-01-26 15:58:15,842 - Link Generation Fails.
2024-01-26 15:58:16,936 - Victim node is 957.
2024-01-26 15:58:16,936 - tensor([ 306, 1701, 1986], device='cuda:0')
2024-01-26 15:58:16,936 - Classification Succeeds.
2024-01-26 15:58:16,936 - Link Generation Fails.
2024-01-26 15:58:17,944 - Victim node is 2425.
2024-01-26 15:58:17,944 - tensor([ 306, 1358, 1701], device='cuda:0')
2024-01-26 15:58:17,944 - Classification Succeeds.
2024-01-26 15:58:17,944 - Link Generation Fails.
2024-01-26 15:58:18,999 - Victim node is 336.
2024-01-26 15:58:18,999 - tensor([ 306, 1358, 1623], device='cuda:0')
2024-01-26 15:58:19,001 - Classification Fails.
2024-01-26 15:58:19,001 - Link Generation Fails.
2024-01-26 15:58:19,933 - Victim node is 653.
2024-01-26 15:58:19,933 - tensor([ 306, 1358, 1986], device='cuda:0')
2024-01-26 15:58:19,933 - Classification Fails.
2024-01-26 15:58:19,934 - Link Generation Fails.
2024-01-26 15:58:20,933 - Victim node is 30.
2024-01-26 15:58:20,933 - tensor([ 306, 1701, 1986], device='cuda:0')
2024-01-26 15:58:20,933 - Classification Succeeds.
2024-01-26 15:58:20,933 - Link Generation Fails.
2024-01-26 15:58:21,941 - Victim node is 1136.
2024-01-26 15:58:21,941 - tensor([ 306, 1358, 1986], device='cuda:0')
2024-01-26 15:58:21,941 - Classification Succeeds.
2024-01-26 15:58:21,941 - Link Generation Fails.
2024-01-26 15:58:22,861 - Victim node is 2042.
2024-01-26 15:58:22,861 - tensor([ 306, 1358, 1986], device='cuda:0')
2024-01-26 15:58:22,861 - Classification Succeeds.
2024-01-26 15:58:22,861 - Link Generation Fails.
2024-01-26 15:58:23,924 - Victim node is 321.
2024-01-26 15:58:23,924 - tensor([  12, 1318, 2717], device='cuda:0')
2024-01-26 15:58:23,924 - Classification Fails.
2024-01-26 15:58:23,925 - Link Generation Succeeds.
2024-01-26 15:58:24,934 - Victim node is 2264.
2024-01-26 15:58:24,934 - tensor([  12, 1290, 2708], device='cuda:0')
2024-01-26 15:58:24,935 - Classification Succeeds.
2024-01-26 15:58:24,935 - Link Generation Succeeds.
2024-01-26 15:58:25,951 - Victim node is 728.
2024-01-26 15:58:25,951 - tensor([ 306, 1358, 1986], device='cuda:0')
2024-01-26 15:58:25,951 - Classification Fails.
2024-01-26 15:58:25,951 - Link Generation Fails.
2024-01-26 15:58:26,844 - Victim node is 1104.
2024-01-26 15:58:26,844 - tensor([1358, 1701, 1986], device='cuda:0')
2024-01-26 15:58:26,844 - Classification Fails.
2024-01-26 15:58:26,844 - Link Generation Fails.
2024-01-26 15:58:27,781 - Victim node is 327.
2024-01-26 15:58:27,781 - tensor([  12, 1318, 2662], device='cuda:0')
2024-01-26 15:58:27,781 - Classification Fails.
2024-01-26 15:58:27,781 - Link Generation Fails.
2024-01-26 15:58:28,771 - Victim node is 1318.
2024-01-26 15:58:28,771 - tensor([1001, 2710, 2711], device='cuda:0')
2024-01-26 15:58:28,772 - Classification Succeeds.
2024-01-26 15:58:28,772 - Link Generation Succeeds.
2024-01-26 15:58:29,742 - Victim node is 1844.
2024-01-26 15:58:29,742 - tensor([ 306, 1358, 1986], device='cuda:0')
2024-01-26 15:58:29,743 - Classification Fails.
2024-01-26 15:58:29,743 - Link Generation Fails.
2024-01-26 15:58:30,715 - Victim node is 998.
2024-01-26 15:58:30,715 - tensor([ 306, 1358, 1986], device='cuda:0')
2024-01-26 15:58:30,715 - Classification Succeeds.
2024-01-26 15:58:30,715 - Link Generation Fails.
2024-01-26 15:58:31,698 - Victim node is 1484.
2024-01-26 15:58:31,699 - tensor([  12, 1318, 2662], device='cuda:0')
2024-01-26 15:58:31,699 - Classification Succeeds.
2024-01-26 15:58:31,699 - Link Generation Fails.
2024-01-26 15:58:32,640 - Victim node is 891.
2024-01-26 15:58:32,640 - tensor([ 306, 1358, 1986], device='cuda:0')
2024-01-26 15:58:32,640 - Classification Succeeds.
2024-01-26 15:58:32,640 - Link Generation Fails.
2024-01-26 15:58:33,556 - Victim node is 1172.
2024-01-26 15:58:33,556 - tensor([ 306, 1358, 1986], device='cuda:0')
2024-01-26 15:58:33,556 - Classification Fails.
2024-01-26 15:58:33,556 - Link Generation Fails.
2024-01-26 15:58:34,471 - Victim node is 473.
2024-01-26 15:58:34,471 - tensor([  12, 1318, 2662], device='cuda:0')
2024-01-26 15:58:34,471 - Classification Fails.
2024-01-26 15:58:34,471 - Link Generation Fails.
2024-01-26 15:58:35,398 - Victim node is 435.
2024-01-26 15:58:35,398 - tensor([1701, 1986, 2034], device='cuda:0')
2024-01-26 15:58:35,398 - Classification Fails.
2024-01-26 15:58:35,398 - Link Generation Fails.
2024-01-26 15:58:36,321 - Victim node is 1354.
2024-01-26 15:58:36,321 - tensor([2718, 2724, 2725], device='cuda:0')
2024-01-26 15:58:36,322 - Classification Succeeds.
2024-01-26 15:58:36,322 - Link Generation Succeeds.
2024-01-26 15:58:37,216 - Victim node is 299.
2024-01-26 15:58:37,216 - tensor([  12, 1257, 2662], device='cuda:0')
2024-01-26 15:58:37,217 - Classification Succeeds.
2024-01-26 15:58:37,217 - Link Generation Fails.
2024-01-26 15:58:38,125 - Victim node is 1627.
2024-01-26 15:58:38,125 - tensor([ 306, 1358, 1986], device='cuda:0')
2024-01-26 15:58:38,125 - Classification Succeeds.
2024-01-26 15:58:38,125 - Link Generation Fails.
2024-01-26 15:58:39,012 - Victim node is 1323.
2024-01-26 15:58:39,012 - tensor([ 306, 1358, 1986], device='cuda:0')
2024-01-26 15:58:39,012 - Classification Succeeds.
2024-01-26 15:58:39,012 - Link Generation Fails.
2024-01-26 15:58:39,899 - Victim node is 1515.
2024-01-26 15:58:39,899 - tensor([1358, 1701, 1986], device='cuda:0')
2024-01-26 15:58:39,899 - Classification Fails.
2024-01-26 15:58:39,899 - Link Generation Fails.
2024-01-26 15:58:40,857 - Victim node is 2342.
2024-01-26 15:58:40,857 - tensor([ 306, 1358, 1986], device='cuda:0')
2024-01-26 15:58:40,857 - Classification Fails.
2024-01-26 15:58:40,858 - Link Generation Fails.
2024-01-26 15:58:41,792 - Victim node is 1482.
2024-01-26 15:58:41,792 - tensor([ 306, 1358, 1623], device='cuda:0')
2024-01-26 15:58:41,793 - Classification Succeeds.
2024-01-26 15:58:41,793 - Link Generation Fails.
2024-01-26 15:58:42,877 - Victim node is 543.
2024-01-26 15:58:42,877 - tensor([1257, 2248, 2539], device='cuda:0')
2024-01-26 15:58:42,877 - Classification Succeeds.
2024-01-26 15:58:42,877 - Link Generation Fails.
2024-01-26 15:58:43,877 - Victim node is 12.
2024-01-26 15:58:43,877 - tensor([   7,  208, 2539], device='cuda:0')
2024-01-26 15:58:43,878 - Classification Succeeds.
2024-01-26 15:58:43,878 - Link Generation Fails.
2024-01-26 15:58:44,837 - Victim node is 1025.
2024-01-26 15:58:44,837 - tensor([ 306, 1358, 1986], device='cuda:0')
2024-01-26 15:58:44,837 - Classification Succeeds.
2024-01-26 15:58:44,837 - Link Generation Fails.
2024-01-26 15:58:45,801 - Victim node is 2698.
2024-01-26 15:58:45,801 - tensor([2709, 2710, 2711], device='cuda:0')
2024-01-26 15:58:45,801 - Classification Fails.
2024-01-26 15:58:45,801 - Link Generation Succeeds.
2024-01-26 15:58:46,767 - Victim node is 236.
2024-01-26 15:58:46,767 - tensor([1358, 1701, 1986], device='cuda:0')
2024-01-26 15:58:46,767 - Classification Succeeds.
2024-01-26 15:58:46,767 - Link Generation Fails.
2024-01-26 15:58:47,734 - Victim node is 895.
2024-01-26 15:58:47,734 - tensor([ 306, 1358, 1986], device='cuda:0')
2024-01-26 15:58:47,735 - Classification Succeeds.
2024-01-26 15:58:47,735 - Link Generation Fails.
2024-01-26 15:58:48,684 - Victim node is 644.
2024-01-26 15:58:48,684 - tensor([ 306, 1358, 1986], device='cuda:0')
2024-01-26 15:58:48,685 - Classification Fails.
2024-01-26 15:58:48,685 - Link Generation Fails.
2024-01-26 15:58:49,664 - Victim node is 290.
2024-01-26 15:58:49,664 - tensor([ 306, 1358, 1986], device='cuda:0')
2024-01-26 15:58:49,664 - Classification Succeeds.
2024-01-26 15:58:49,665 - Link Generation Fails.
2024-01-26 15:58:50,630 - Victim node is 393.
2024-01-26 15:58:50,630 - tensor([  12, 1290, 2711], device='cuda:0')
2024-01-26 15:58:50,631 - Classification Fails.
2024-01-26 15:58:50,631 - Link Generation Succeeds.
2024-01-26 15:58:51,588 - Victim node is 2137.
2024-01-26 15:58:51,588 - tensor([ 306, 1358, 1701], device='cuda:0')
2024-01-26 15:58:51,588 - Classification Fails.
2024-01-26 15:58:51,588 - Link Generation Fails.
2024-01-26 15:58:52,538 - Victim node is 2168.
2024-01-26 15:58:52,539 - tensor([ 306, 1358, 1986], device='cuda:0')
2024-01-26 15:58:52,539 - Classification Fails.
2024-01-26 15:58:52,539 - Link Generation Fails.
2024-01-26 15:58:53,573 - Victim node is 344.
2024-01-26 15:58:53,573 - tensor([2710, 2717, 2724], device='cuda:0')
2024-01-26 15:58:53,573 - Classification Succeeds.
2024-01-26 15:58:53,573 - Link Generation Succeeds.
2024-01-26 15:58:54,722 - Victim node is 1611.
2024-01-26 15:58:54,722 - tensor([2711, 2712, 2713], device='cuda:0')
2024-01-26 15:58:54,722 - Classification Fails.
2024-01-26 15:58:54,723 - Link Generation Succeeds.
2024-01-26 15:58:55,782 - Victim node is 2450.
2024-01-26 15:58:55,782 - tensor([ 306, 1358, 1623], device='cuda:0')
2024-01-26 15:58:55,782 - Classification Fails.
2024-01-26 15:58:55,782 - Link Generation Fails.
2024-01-26 15:58:56,898 - Victim node is 41.
2024-01-26 15:58:56,898 - tensor([ 306, 1358, 1986], device='cuda:0')
2024-01-26 15:58:56,898 - Classification Succeeds.
2024-01-26 15:58:56,898 - Link Generation Fails.
2024-01-26 15:58:57,945 - Victim node is 1436.
2024-01-26 15:58:57,945 - tensor([2709, 2711, 2712], device='cuda:0')
2024-01-26 15:58:57,946 - Classification Fails.
2024-01-26 15:58:57,946 - Link Generation Succeeds.
2024-01-26 15:58:58,881 - Victim node is 1510.
2024-01-26 15:58:58,881 - tensor([2708, 2710, 2722], device='cuda:0')
2024-01-26 15:58:58,881 - Classification Fails.
2024-01-26 15:58:58,881 - Link Generation Succeeds.
2024-01-26 15:58:59,770 - Victim node is 2275.
2024-01-26 15:58:59,770 - tensor([2713, 2723, 2734], device='cuda:0')
2024-01-26 15:58:59,771 - Classification Fails.
2024-01-26 15:58:59,771 - Link Generation Succeeds.
2024-01-26 15:59:00,674 - Victim node is 217.
2024-01-26 15:59:00,674 - tensor([  12,  832, 2600], device='cuda:0')
2024-01-26 15:59:00,674 - Classification Succeeds.
2024-01-26 15:59:00,674 - Link Generation Fails.
2024-01-26 15:59:01,585 - Victim node is 1332.
2024-01-26 15:59:01,586 - tensor([2716, 2726, 2731], device='cuda:0')
2024-01-26 15:59:01,586 - Classification Succeeds.
2024-01-26 15:59:01,586 - Link Generation Succeeds.
2024-01-26 15:59:02,504 - Victim node is 1818.
2024-01-26 15:59:02,504 - tensor([2473, 2714, 2781], device='cuda:0')
2024-01-26 15:59:02,505 - Classification Fails.
2024-01-26 15:59:02,505 - Link Generation Succeeds.
2024-01-26 15:59:03,422 - Victim node is 976.
2024-01-26 15:59:03,422 - tensor([ 306, 1169, 1358], device='cuda:0')
2024-01-26 15:59:03,422 - Classification Succeeds.
2024-01-26 15:59:03,422 - Link Generation Fails.
2024-01-26 15:59:04,342 - Victim node is 2140.
2024-01-26 15:59:04,342 - tensor([  12, 2662, 2709], device='cuda:0')
2024-01-26 15:59:04,342 - Classification Succeeds.
2024-01-26 15:59:04,342 - Link Generation Succeeds.
2024-01-26 15:59:05,283 - Victim node is 446.
2024-01-26 15:59:05,284 - tensor([ 306, 1358, 1986], device='cuda:0')
2024-01-26 15:59:05,284 - Classification Fails.
2024-01-26 15:59:05,284 - Link Generation Fails.
2024-01-26 15:59:06,230 - Victim node is 705.
2024-01-26 15:59:06,230 - tensor([ 306, 1358, 1986], device='cuda:0')
2024-01-26 15:59:06,230 - Classification Fails.
2024-01-26 15:59:06,230 - Link Generation Fails.
2024-01-26 15:59:07,255 - Victim node is 2127.
2024-01-26 15:59:07,255 - tensor([  12, 2662, 2729], device='cuda:0')
2024-01-26 15:59:07,255 - Classification Succeeds.
2024-01-26 15:59:07,255 - Link Generation Succeeds.
2024-01-26 15:59:08,313 - Victim node is 1832.
2024-01-26 15:59:08,314 - tensor([  12, 2708, 2711], device='cuda:0')
2024-01-26 15:59:08,314 - Classification Fails.
2024-01-26 15:59:08,314 - Link Generation Succeeds.
2024-01-26 15:59:09,366 - Victim node is 151.
2024-01-26 15:59:09,366 - tensor([  12, 2662, 2792], device='cuda:0')
2024-01-26 15:59:09,366 - Classification Succeeds.
2024-01-26 15:59:09,366 - Link Generation Succeeds.
2024-01-26 15:59:10,430 - Victim node is 523.
2024-01-26 15:59:10,430 - tensor([ 306, 1358, 1701], device='cuda:0')
2024-01-26 15:59:10,431 - Classification Succeeds.
2024-01-26 15:59:10,431 - Link Generation Fails.
2024-01-26 15:59:11,478 - Victim node is 2679.
2024-01-26 15:59:11,478 - tensor([2713, 2717, 2726], device='cuda:0')
2024-01-26 15:59:11,478 - Classification Succeeds.
2024-01-26 15:59:11,479 - Link Generation Succeeds.
2024-01-26 15:59:12,494 - Victim node is 395.
2024-01-26 15:59:12,494 - tensor([  12, 1318, 2661], device='cuda:0')
2024-01-26 15:59:12,495 - Classification Fails.
2024-01-26 15:59:12,495 - Link Generation Fails.
2024-01-26 15:59:13,509 - Victim node is 897.
2024-01-26 15:59:13,509 - tensor([ 306, 1358, 1986], device='cuda:0')
2024-01-26 15:59:13,510 - Classification Succeeds.
2024-01-26 15:59:13,510 - Link Generation Fails.
2024-01-26 15:59:14,519 - Victim node is 1622.
2024-01-26 15:59:14,519 - tensor([ 306, 1358, 1986], device='cuda:0')
2024-01-26 15:59:14,519 - Classification Fails.
2024-01-26 15:59:14,519 - Link Generation Fails.
2024-01-26 15:59:15,550 - Victim node is 9.
2024-01-26 15:59:15,550 - tensor([2708, 2709, 2712], device='cuda:0')
2024-01-26 15:59:15,550 - Classification Succeeds.
2024-01-26 15:59:15,550 - Link Generation Succeeds.
2024-01-26 15:59:16,578 - Victim node is 2269.
2024-01-26 15:59:16,579 - tensor([2710, 2717, 2730], device='cuda:0')
2024-01-26 15:59:16,579 - Classification Succeeds.
2024-01-26 15:59:16,579 - Link Generation Succeeds.
2024-01-26 15:59:17,728 - Victim node is 913.
2024-01-26 15:59:17,728 - tensor([ 306, 1358, 1986], device='cuda:0')
2024-01-26 15:59:17,728 - Classification Fails.
2024-01-26 15:59:17,728 - Link Generation Fails.
2024-01-26 15:59:18,870 - Victim node is 110.
2024-01-26 15:59:18,870 - tensor([ 306, 1358, 1986], device='cuda:0')
2024-01-26 15:59:18,871 - Classification Succeeds.
2024-01-26 15:59:18,871 - Link Generation Fails.
2024-01-26 15:59:19,992 - Victim node is 1027.
2024-01-26 15:59:19,992 - tensor([ 306, 1358, 1986], device='cuda:0')
2024-01-26 15:59:19,993 - Classification Fails.
2024-01-26 15:59:19,993 - Link Generation Fails.
2024-01-26 15:59:21,042 - Victim node is 1212.
2024-01-26 15:59:21,042 - tensor([ 306, 1358, 1986], device='cuda:0')
2024-01-26 15:59:21,042 - Classification Succeeds.
2024-01-26 15:59:21,042 - Link Generation Fails.
2024-01-26 15:59:22,051 - Victim node is 923.
2024-01-26 15:59:22,051 - tensor([  12, 2708, 2710], device='cuda:0')
2024-01-26 15:59:22,051 - Classification Fails.
2024-01-26 15:59:22,051 - Link Generation Succeeds.
2024-01-26 15:59:22,942 - Victim node is 578.
2024-01-26 15:59:22,942 - tensor([ 306, 1358, 1986], device='cuda:0')
2024-01-26 15:59:22,942 - Classification Fails.
2024-01-26 15:59:22,942 - Link Generation Fails.
2024-01-26 15:59:23,810 - Victim node is 1937.
2024-01-26 15:59:23,810 - tensor([1119, 1257, 2713], device='cuda:0')
2024-01-26 15:59:23,810 - Classification Fails.
2024-01-26 15:59:23,810 - Link Generation Succeeds.
2024-01-26 15:59:24,689 - Victim node is 2666.
2024-01-26 15:59:24,689 - tensor([ 963, 1257, 2248], device='cuda:0')
2024-01-26 15:59:24,689 - Classification Succeeds.
2024-01-26 15:59:24,689 - Link Generation Fails.
2024-01-26 15:59:25,560 - Victim node is 1463.
2024-01-26 15:59:25,561 - tensor([ 306, 1358, 1986], device='cuda:0')
2024-01-26 15:59:25,561 - Classification Succeeds.
2024-01-26 15:59:25,561 - Link Generation Fails.
2024-01-26 15:59:26,434 - Victim node is 271.
2024-01-26 15:59:26,434 - tensor([  12, 1318, 2539], device='cuda:0')
2024-01-26 15:59:26,434 - Classification Succeeds.
2024-01-26 15:59:26,434 - Link Generation Fails.
2024-01-26 15:59:27,300 - Victim node is 987.
2024-01-26 15:59:27,300 - tensor([   7, 2709, 2710], device='cuda:0')
2024-01-26 15:59:27,301 - Classification Succeeds.
2024-01-26 15:59:27,301 - Link Generation Succeeds.
2024-01-26 15:59:28,206 - Victim node is 244.
2024-01-26 15:59:28,206 - tensor([ 306, 1701, 1986], device='cuda:0')
2024-01-26 15:59:28,207 - Classification Succeeds.
2024-01-26 15:59:28,207 - Link Generation Fails.
2024-01-26 15:59:29,078 - Victim node is 1935.
2024-01-26 15:59:29,079 - tensor([ 306, 1358, 1986], device='cuda:0')
2024-01-26 15:59:29,079 - Classification Succeeds.
2024-01-26 15:59:29,079 - Link Generation Fails.
2024-01-26 15:59:29,938 - Victim node is 2226.
2024-01-26 15:59:29,938 - tensor([   7,  208, 1257], device='cuda:0')
2024-01-26 15:59:29,938 - Classification Fails.
2024-01-26 15:59:29,938 - Link Generation Fails.
2024-01-26 15:59:30,816 - Victim node is 1623.
2024-01-26 15:59:30,816 - tensor([ 306, 1358, 1986], device='cuda:0')
2024-01-26 15:59:30,816 - Classification Succeeds.
2024-01-26 15:59:30,816 - Link Generation Fails.
2024-01-26 15:59:31,681 - Victim node is 2625.
2024-01-26 15:59:31,681 - tensor([  12, 1318, 2662], device='cuda:0')
2024-01-26 15:59:31,681 - Classification Fails.
2024-01-26 15:59:31,681 - Link Generation Fails.
2024-01-26 15:59:32,549 - Victim node is 1032.
2024-01-26 15:59:32,549 - tensor([  12, 1318, 2662], device='cuda:0')
2024-01-26 15:59:32,550 - Classification Fails.
2024-01-26 15:59:32,550 - Link Generation Fails.
2024-01-26 15:59:33,446 - Victim node is 278.
2024-01-26 15:59:33,446 - tensor([2713, 2714, 2715], device='cuda:0')
2024-01-26 15:59:33,447 - Classification Succeeds.
2024-01-26 15:59:33,447 - Link Generation Succeeds.
2024-01-26 15:59:34,348 - Victim node is 1455.
2024-01-26 15:59:34,349 - tensor([ 735, 1441, 1955], device='cuda:0')
2024-01-26 15:59:34,349 - Classification Succeeds.
2024-01-26 15:59:34,349 - Link Generation Fails.
2024-01-26 15:59:35,221 - Victim node is 1922.
2024-01-26 15:59:35,221 - tensor([ 306, 1358, 1986], device='cuda:0')
2024-01-26 15:59:35,222 - Classification Fails.
2024-01-26 15:59:35,222 - Link Generation Fails.
2024-01-26 15:59:36,131 - Victim node is 1278.
2024-01-26 15:59:36,131 - tensor([  12, 2662, 2710], device='cuda:0')
2024-01-26 15:59:36,131 - Classification Fails.
2024-01-26 15:59:36,131 - Link Generation Succeeds.
2024-01-26 15:59:37,003 - Victim node is 1344.
2024-01-26 15:59:37,003 - tensor([ 306, 1358, 1986], device='cuda:0')
2024-01-26 15:59:37,003 - Classification Succeeds.
2024-01-26 15:59:37,003 - Link Generation Fails.
2024-01-26 15:59:37,888 - Victim node is 1533.
2024-01-26 15:59:37,888 - tensor([  12, 2708, 2728], device='cuda:0')
2024-01-26 15:59:37,888 - Classification Succeeds.
2024-01-26 15:59:37,888 - Link Generation Succeeds.
2024-01-26 15:59:38,807 - Victim node is 1546.
2024-01-26 15:59:38,807 - tensor([ 306, 1701, 1986], device='cuda:0')
2024-01-26 15:59:38,808 - Classification Fails.
2024-01-26 15:59:38,808 - Link Generation Fails.
2024-01-26 15:59:39,683 - Victim node is 1563.
2024-01-26 15:59:39,683 - tensor([ 306, 1358, 1986], device='cuda:0')
2024-01-26 15:59:39,683 - Classification Succeeds.
2024-01-26 15:59:39,683 - Link Generation Fails.
2024-01-26 15:59:40,607 - Victim node is 1210.
2024-01-26 15:59:40,607 - tensor([  12, 2708, 2709], device='cuda:0')
2024-01-26 15:59:40,607 - Classification Fails.
2024-01-26 15:59:40,607 - Link Generation Succeeds.
2024-01-26 15:59:41,543 - Victim node is 247.
2024-01-26 15:59:41,543 - tensor([  12, 2708, 2709], device='cuda:0')
2024-01-26 15:59:41,543 - Classification Succeeds.
2024-01-26 15:59:41,543 - Link Generation Succeeds.
2024-01-26 15:59:42,497 - Victim node is 914.
2024-01-26 15:59:42,497 - tensor([ 306, 1358, 1701], device='cuda:0')
2024-01-26 15:59:42,498 - Classification Succeeds.
2024-01-26 15:59:42,498 - Link Generation Fails.
2024-01-26 15:59:43,616 - Victim node is 868.
2024-01-26 15:59:43,616 - tensor([ 306, 1358, 1986], device='cuda:0')
2024-01-26 15:59:43,616 - Classification Fails.
2024-01-26 15:59:43,617 - Link Generation Fails.
2024-01-26 15:59:44,725 - Victim node is 2399.
2024-01-26 15:59:44,726 - tensor([2712, 2714, 2729], device='cuda:0')
2024-01-26 15:59:44,726 - Classification Succeeds.
2024-01-26 15:59:44,726 - Link Generation Succeeds.
2024-01-26 15:59:45,878 - Victim node is 181.
2024-01-26 15:59:45,878 - tensor([ 306, 1358, 1986], device='cuda:0')
2024-01-26 15:59:45,878 - Classification Succeeds.
2024-01-26 15:59:45,878 - Link Generation Fails.
2024-01-26 15:59:47,037 - Victim node is 2314.
2024-01-26 15:59:47,038 - tensor([ 306, 1358, 1986], device='cuda:0')
2024-01-26 15:59:47,038 - Classification Fails.
2024-01-26 15:59:47,038 - Link Generation Fails.
2024-01-26 15:59:48,216 - Victim node is 685.
2024-01-26 15:59:48,216 - tensor([ 306, 1358, 1986], device='cuda:0')
2024-01-26 15:59:48,217 - Classification Succeeds.
2024-01-26 15:59:48,217 - Link Generation Fails.
2024-01-26 15:59:49,299 - Victim node is 896.
2024-01-26 15:59:49,299 - tensor([ 306, 1358, 1623], device='cuda:0')
2024-01-26 15:59:49,300 - Classification Fails.
2024-01-26 15:59:49,300 - Link Generation Fails.
2024-01-26 15:59:50,379 - Victim node is 1185.
2024-01-26 15:59:50,379 - tensor([  12,  963, 2539], device='cuda:0')
2024-01-26 15:59:50,379 - Classification Fails.
2024-01-26 15:59:50,379 - Link Generation Fails.
2024-01-26 15:59:51,515 - Victim node is 245.
2024-01-26 15:59:51,515 - tensor([2709, 2710, 2711], device='cuda:0')
2024-01-26 15:59:51,515 - Classification Fails.
2024-01-26 15:59:51,515 - Link Generation Succeeds.
2024-01-26 15:59:52,586 - Victim node is 2668.
2024-01-26 15:59:52,586 - tensor([ 306, 1358, 1986], device='cuda:0')
2024-01-26 15:59:52,587 - Classification Succeeds.
2024-01-26 15:59:52,587 - Link Generation Fails.
2024-01-26 15:59:53,699 - Victim node is 1035.
2024-01-26 15:59:53,699 - tensor([ 306, 1358, 1986], device='cuda:0')
2024-01-26 15:59:53,699 - Classification Succeeds.
2024-01-26 15:59:53,699 - Link Generation Fails.
2024-01-26 15:59:54,907 - Victim node is 2115.
2024-01-26 15:59:54,907 - tensor([1358, 1701, 1986], device='cuda:0')
2024-01-26 15:59:54,908 - Classification Succeeds.
2024-01-26 15:59:54,908 - Link Generation Fails.
2024-01-26 15:59:56,033 - Victim node is 150.
2024-01-26 15:59:56,034 - tensor([1358, 1701, 1986], device='cuda:0')
2024-01-26 15:59:56,034 - Classification Succeeds.
2024-01-26 15:59:56,034 - Link Generation Fails.
2024-01-26 15:59:57,115 - Victim node is 1969.
2024-01-26 15:59:57,115 - tensor([2724, 2727, 2733], device='cuda:0')
2024-01-26 15:59:57,116 - Classification Fails.
2024-01-26 15:59:57,116 - Link Generation Succeeds.
2024-01-26 15:59:58,123 - Victim node is 1861.
2024-01-26 15:59:58,123 - tensor([2774, 2775, 2779], device='cuda:0')
2024-01-26 15:59:58,123 - Classification Fails.
2024-01-26 15:59:58,123 - Link Generation Succeeds.
2024-01-26 15:59:59,224 - Victim node is 1399.
2024-01-26 15:59:59,225 - tensor([ 306, 1358, 1986], device='cuda:0')
2024-01-26 15:59:59,225 - Classification Fails.
2024-01-26 15:59:59,225 - Link Generation Fails.
2024-01-26 16:00:00,325 - Victim node is 377.
2024-01-26 16:00:00,325 - tensor([1119, 2732, 2734], device='cuda:0')
2024-01-26 16:00:00,325 - Classification Fails.
2024-01-26 16:00:00,325 - Link Generation Succeeds.
2024-01-26 16:00:01,342 - Victim node is 732.
2024-01-26 16:00:01,343 - tensor([ 306, 1358, 1986], device='cuda:0')
2024-01-26 16:00:01,343 - Classification Succeeds.
2024-01-26 16:00:01,343 - Link Generation Fails.
2024-01-26 16:00:02,582 - Victim node is 860.
2024-01-26 16:00:02,582 - tensor([ 306, 1013, 1358], device='cuda:0')
2024-01-26 16:00:02,582 - Classification Succeeds.
2024-01-26 16:00:02,582 - Link Generation Fails.
2024-01-26 16:00:03,674 - Victim node is 1555.
2024-01-26 16:00:03,674 - tensor([2713, 2717, 2718], device='cuda:0')
2024-01-26 16:00:03,674 - Classification Succeeds.
2024-01-26 16:00:03,675 - Link Generation Succeeds.
2024-01-26 16:00:04,789 - Victim node is 261.
2024-01-26 16:00:04,790 - tensor([ 306, 1358, 1986], device='cuda:0')
2024-01-26 16:00:04,790 - Classification Succeeds.
2024-01-26 16:00:04,790 - Link Generation Fails.
2024-01-26 16:00:05,864 - Victim node is 2282.
2024-01-26 16:00:05,864 - tensor([ 306, 1358, 1986], device='cuda:0')
2024-01-26 16:00:05,865 - Classification Fails.
2024-01-26 16:00:05,865 - Link Generation Fails.
2024-01-26 16:00:06,952 - Victim node is 1421.
2024-01-26 16:00:06,952 - tensor([ 306, 1358, 1986], device='cuda:0')
2024-01-26 16:00:06,953 - Classification Succeeds.
2024-01-26 16:00:06,953 - Link Generation Fails.
2024-01-26 16:00:08,056 - Victim node is 2133.
2024-01-26 16:00:08,057 - tensor([ 306, 1358, 1986], device='cuda:0')
2024-01-26 16:00:08,057 - Classification Succeeds.
2024-01-26 16:00:08,057 - Link Generation Fails.
2024-01-26 16:00:09,221 - Victim node is 2514.
2024-01-26 16:00:09,221 - tensor([ 306, 1358, 1623], device='cuda:0')
2024-01-26 16:00:09,221 - Classification Succeeds.
2024-01-26 16:00:09,221 - Link Generation Fails.
2024-01-26 16:00:10,317 - Victim node is 1121.
2024-01-26 16:00:10,317 - tensor([ 306, 1358, 1986], device='cuda:0')
2024-01-26 16:00:10,317 - Classification Succeeds.
2024-01-26 16:00:10,317 - Link Generation Fails.
2024-01-26 16:00:11,346 - Victim node is 1993.
2024-01-26 16:00:11,346 - tensor([2741, 2751, 2758], device='cuda:0')
2024-01-26 16:00:11,346 - Classification Fails.
2024-01-26 16:00:11,346 - Link Generation Succeeds.
2024-01-26 16:00:12,363 - Victim node is 1885.
2024-01-26 16:00:12,363 - tensor([  12, 2710, 2711], device='cuda:0')
2024-01-26 16:00:12,364 - Classification Fails.
2024-01-26 16:00:12,364 - Link Generation Succeeds.
2024-01-26 16:00:13,462 - Victim node is 2233.
2024-01-26 16:00:13,462 - tensor([ 306, 1358, 1986], device='cuda:0')
2024-01-26 16:00:13,462 - Classification Succeeds.
2024-01-26 16:00:13,462 - Link Generation Fails.
2024-01-26 16:00:14,517 - Victim node is 2313.
2024-01-26 16:00:14,518 - tensor([ 306, 1013, 1358], device='cuda:0')
2024-01-26 16:00:14,518 - Classification Fails.
2024-01-26 16:00:14,518 - Link Generation Fails.
2024-01-26 16:00:15,683 - Victim node is 1198.
2024-01-26 16:00:15,683 - tensor([ 306, 1358, 1623], device='cuda:0')
2024-01-26 16:00:15,683 - Classification Fails.
2024-01-26 16:00:15,683 - Link Generation Fails.
2024-01-26 16:00:16,801 - Victim node is 905.
2024-01-26 16:00:16,801 - tensor([ 306, 1358, 1986], device='cuda:0')
2024-01-26 16:00:16,802 - Classification Fails.
2024-01-26 16:00:16,802 - Link Generation Fails.
2024-01-26 16:00:17,887 - Victim node is 146.
2024-01-26 16:00:17,887 - tensor([ 306, 1358, 1986], device='cuda:0')
2024-01-26 16:00:17,887 - Classification Succeeds.
2024-01-26 16:00:17,888 - Link Generation Fails.
2024-01-26 16:00:18,943 - Victim node is 2586.
2024-01-26 16:00:18,943 - tensor([  12, 2662, 2708], device='cuda:0')
2024-01-26 16:00:18,944 - Classification Fails.
2024-01-26 16:00:18,944 - Link Generation Succeeds.
2024-01-26 16:00:20,017 - Victim node is 1311.
2024-01-26 16:00:20,017 - tensor([1358, 2709, 2710], device='cuda:0')
2024-01-26 16:00:20,017 - Classification Succeeds.
2024-01-26 16:00:20,018 - Link Generation Succeeds.
2024-01-26 16:00:21,112 - Victim node is 2664.
2024-01-26 16:00:21,112 - tensor([  12, 2662, 2708], device='cuda:0')
2024-01-26 16:00:21,112 - Classification Fails.
2024-01-26 16:00:21,112 - Link Generation Succeeds.
2024-01-26 16:00:22,202 - Victim node is 218.
2024-01-26 16:00:22,202 - tensor([ 963, 1257, 2740], device='cuda:0')
2024-01-26 16:00:22,202 - Classification Fails.
2024-01-26 16:00:22,203 - Link Generation Succeeds.
2024-01-26 16:00:23,320 - Victim node is 1457.
2024-01-26 16:00:23,321 - tensor([  12, 1318, 2662], device='cuda:0')
2024-01-26 16:00:23,321 - Classification Fails.
2024-01-26 16:00:23,321 - Link Generation Fails.
2024-01-26 16:00:24,482 - Victim node is 739.
2024-01-26 16:00:24,482 - tensor([2719, 2720, 2722], device='cuda:0')
2024-01-26 16:00:24,483 - Classification Fails.
2024-01-26 16:00:24,483 - Link Generation Succeeds.
2024-01-26 16:00:25,529 - Victim node is 1886.
2024-01-26 16:00:25,529 - tensor([1169, 1358, 2713], device='cuda:0')
2024-01-26 16:00:25,529 - Classification Succeeds.
2024-01-26 16:00:25,529 - Link Generation Succeeds.
2024-01-26 16:00:26,628 - Victim node is 1393.
2024-01-26 16:00:26,628 - tensor([  12, 2708, 2709], device='cuda:0')
2024-01-26 16:00:26,628 - Classification Fails.
2024-01-26 16:00:26,628 - Link Generation Succeeds.
2024-01-26 16:00:27,723 - Victim node is 1406.
2024-01-26 16:00:27,723 - tensor([2708, 2711, 2714], device='cuda:0')
2024-01-26 16:00:27,723 - Classification Fails.
2024-01-26 16:00:27,723 - Link Generation Succeeds.
2024-01-26 16:00:28,807 - Victim node is 130.
2024-01-26 16:00:28,807 - tensor([ 306, 1358, 1986], device='cuda:0')
2024-01-26 16:00:28,808 - Classification Succeeds.
2024-01-26 16:00:28,808 - Link Generation Fails.
2024-01-26 16:00:29,903 - Victim node is 2193.
2024-01-26 16:00:29,903 - tensor([ 306, 1358, 1623], device='cuda:0')
2024-01-26 16:00:29,903 - Classification Fails.
2024-01-26 16:00:29,904 - Link Generation Fails.
2024-01-26 16:00:30,987 - Victim node is 47.
2024-01-26 16:00:30,987 - tensor([2709, 2710, 2713], device='cuda:0')
2024-01-26 16:00:30,987 - Classification Succeeds.
2024-01-26 16:00:30,987 - Link Generation Succeeds.
2024-01-26 16:00:32,149 - Victim node is 1554.
2024-01-26 16:00:32,149 - tensor([2708, 2709, 2710], device='cuda:0')
2024-01-26 16:00:32,151 - Classification Succeeds.
2024-01-26 16:00:32,151 - Link Generation Succeeds.
2024-01-26 16:00:33,308 - Victim node is 102.
2024-01-26 16:00:33,308 - tensor([ 306, 1358, 1986], device='cuda:0')
2024-01-26 16:00:33,308 - Classification Succeeds.
2024-01-26 16:00:33,308 - Link Generation Fails.
2024-01-26 16:00:34,424 - Victim node is 2624.
2024-01-26 16:00:34,424 - tensor([  12,  735, 1441], device='cuda:0')
2024-01-26 16:00:34,424 - Classification Fails.
2024-01-26 16:00:34,424 - Link Generation Fails.
2024-01-26 16:00:35,416 - Victim node is 737.
2024-01-26 16:00:35,416 - tensor([ 306, 1358, 1986], device='cuda:0')
2024-01-26 16:00:35,417 - Classification Succeeds.
2024-01-26 16:00:35,417 - Link Generation Fails.
2024-01-26 16:00:36,334 - Victim node is 2595.
2024-01-26 16:00:36,334 - tensor([ 963, 1119, 1257], device='cuda:0')
2024-01-26 16:00:36,334 - Classification Fails.
2024-01-26 16:00:36,334 - Link Generation Fails.
2024-01-26 16:00:37,249 - Victim node is 549.
2024-01-26 16:00:37,249 - tensor([ 306, 1358, 1986], device='cuda:0')
2024-01-26 16:00:37,249 - Classification Succeeds.
2024-01-26 16:00:37,249 - Link Generation Fails.
2024-01-26 16:00:38,175 - Victim node is 1044.
2024-01-26 16:00:38,175 - tensor([ 12, 307, 991], device='cuda:0')
2024-01-26 16:00:38,175 - Classification Fails.
2024-01-26 16:00:38,175 - Link Generation Fails.
2024-01-26 16:00:39,086 - Victim node is 100.
2024-01-26 16:00:39,087 - tensor([ 306, 1358, 1986], device='cuda:0')
2024-01-26 16:00:39,087 - Classification Fails.
2024-01-26 16:00:39,087 - Link Generation Fails.
2024-01-26 16:00:40,001 - Victim node is 2365.
2024-01-26 16:00:40,001 - tensor([ 306, 1358, 1986], device='cuda:0')
2024-01-26 16:00:40,002 - Classification Succeeds.
2024-01-26 16:00:40,002 - Link Generation Fails.
2024-01-26 16:00:40,940 - Victim node is 214.
2024-01-26 16:00:40,940 - tensor([ 306, 1013, 1358], device='cuda:0')
2024-01-26 16:00:40,940 - Classification Fails.
2024-01-26 16:00:40,940 - Link Generation Fails.
2024-01-26 16:00:41,854 - Victim node is 2486.
2024-01-26 16:00:41,854 - tensor([2712, 2714, 2716], device='cuda:0')
2024-01-26 16:00:41,855 - Classification Fails.
2024-01-26 16:00:41,855 - Link Generation Succeeds.
2024-01-26 16:00:42,775 - Victim node is 734.
2024-01-26 16:00:42,775 - tensor([ 306, 1358, 1986], device='cuda:0')
2024-01-26 16:00:42,776 - Classification Succeeds.
2024-01-26 16:00:42,776 - Link Generation Fails.
2024-01-26 16:00:43,698 - Victim node is 2234.
2024-01-26 16:00:43,698 - tensor([ 12, 307, 991], device='cuda:0')
2024-01-26 16:00:43,699 - Classification Fails.
2024-01-26 16:00:43,699 - Link Generation Fails.
2024-01-26 16:00:44,589 - Victim node is 292.
2024-01-26 16:00:44,589 - tensor([ 780, 2341, 2710], device='cuda:0')
2024-01-26 16:00:44,590 - Classification Succeeds.
2024-01-26 16:00:44,590 - Link Generation Succeeds.
2024-01-26 16:00:45,528 - Victim node is 301.
2024-01-26 16:00:45,528 - tensor([ 306, 1358, 1986], device='cuda:0')
2024-01-26 16:00:45,528 - Classification Succeeds.
2024-01-26 16:00:45,528 - Link Generation Fails.
2024-01-26 16:00:46,440 - Victim node is 861.
2024-01-26 16:00:46,440 - tensor([ 306, 1358, 1623], device='cuda:0')
2024-01-26 16:00:46,440 - Classification Succeeds.
2024-01-26 16:00:46,440 - Link Generation Fails.
2024-01-26 16:00:47,331 - Victim node is 636.
2024-01-26 16:00:47,331 - tensor([ 306, 1358, 1986], device='cuda:0')
2024-01-26 16:00:47,331 - Classification Succeeds.
2024-01-26 16:00:47,331 - Link Generation Fails.
2024-01-26 16:00:48,210 - Victim node is 1955.
2024-01-26 16:00:48,210 - tensor([2709, 2713, 2714], device='cuda:0')
2024-01-26 16:00:48,211 - Classification Succeeds.
2024-01-26 16:00:48,211 - Link Generation Succeeds.
2024-01-26 16:00:49,100 - Victim node is 1645.
2024-01-26 16:00:49,100 - tensor([ 306, 1358, 1986], device='cuda:0')
2024-01-26 16:00:49,100 - Classification Succeeds.
2024-01-26 16:00:49,101 - Link Generation Fails.
2024-01-26 16:00:50,015 - Victim node is 61.
2024-01-26 16:00:50,015 - tensor([ 306, 1358, 1986], device='cuda:0')
2024-01-26 16:00:50,015 - Classification Succeeds.
2024-01-26 16:00:50,015 - Link Generation Fails.
2024-01-26 16:00:50,939 - Victim node is 1821.
2024-01-26 16:00:50,939 - tensor([ 306, 1358, 1986], device='cuda:0')
2024-01-26 16:00:50,939 - Classification Succeeds.
2024-01-26 16:00:50,939 - Link Generation Fails.
2024-01-26 16:00:51,857 - Victim node is 810.
2024-01-26 16:00:51,857 - tensor([ 306, 1358, 1986], device='cuda:0')
2024-01-26 16:00:51,857 - Classification Fails.
2024-01-26 16:00:51,857 - Link Generation Fails.
2024-01-26 16:00:52,788 - Victim node is 2400.
2024-01-26 16:00:52,788 - tensor([2708, 2725, 2726], device='cuda:0')
2024-01-26 16:00:52,788 - Classification Succeeds.
2024-01-26 16:00:52,788 - Link Generation Succeeds.
2024-01-26 16:00:53,686 - Victim node is 202.
2024-01-26 16:00:53,687 - tensor([ 306, 1358, 1623], device='cuda:0')
2024-01-26 16:00:53,687 - Classification Succeeds.
2024-01-26 16:00:53,687 - Link Generation Fails.
2024-01-26 16:00:54,622 - Victim node is 718.
2024-01-26 16:00:54,622 - tensor([ 306, 1358, 1986], device='cuda:0')
2024-01-26 16:00:54,623 - Classification Succeeds.
2024-01-26 16:00:54,623 - Link Generation Fails.
2024-01-26 16:00:55,518 - Victim node is 2068.
2024-01-26 16:00:55,518 - tensor([ 306, 1701, 1986], device='cuda:0')
2024-01-26 16:00:55,519 - Classification Fails.
2024-01-26 16:00:55,519 - Link Generation Fails.
2024-01-26 16:00:56,445 - Victim node is 19.
2024-01-26 16:00:56,445 - tensor([ 700, 1691, 2709], device='cuda:0')
2024-01-26 16:00:56,446 - Classification Succeeds.
2024-01-26 16:00:56,446 - Link Generation Succeeds.
2024-01-26 16:00:57,388 - Victim node is 2564.
2024-01-26 16:00:57,388 - tensor([2714, 2715, 2720], device='cuda:0')
2024-01-26 16:00:57,388 - Classification Fails.
2024-01-26 16:00:57,388 - Link Generation Succeeds.
2024-01-26 16:00:58,282 - Victim node is 977.
2024-01-26 16:00:58,282 - tensor([ 306, 1358, 1986], device='cuda:0')
2024-01-26 16:00:58,282 - Classification Succeeds.
2024-01-26 16:00:58,282 - Link Generation Fails.
2024-01-26 16:00:59,190 - Victim node is 489.
2024-01-26 16:00:59,190 - tensor([ 306, 1701, 1986], device='cuda:0')
2024-01-26 16:00:59,190 - Classification Succeeds.
2024-01-26 16:00:59,191 - Link Generation Fails.
2024-01-26 16:01:00,092 - Victim node is 340.
2024-01-26 16:01:00,092 - tensor([2709, 2711, 2712], device='cuda:0')
2024-01-26 16:01:00,093 - Classification Fails.
2024-01-26 16:01:00,093 - Link Generation Succeeds.
2024-01-26 16:01:00,985 - Victim node is 1152.
2024-01-26 16:01:00,985 - tensor([ 306, 1358, 1986], device='cuda:0')
2024-01-26 16:01:00,985 - Classification Succeeds.
2024-01-26 16:01:00,985 - Link Generation Fails.
2024-01-26 16:01:01,920 - Victim node is 1796.
2024-01-26 16:01:01,920 - tensor([2708, 2709, 2716], device='cuda:0')
2024-01-26 16:01:01,920 - Classification Fails.
2024-01-26 16:01:01,920 - Link Generation Succeeds.
2024-01-26 16:01:02,811 - Victim node is 322.
2024-01-26 16:01:02,811 - tensor([ 306, 1358, 1623], device='cuda:0')
2024-01-26 16:01:02,812 - Classification Fails.
2024-01-26 16:01:02,812 - Link Generation Fails.
2024-01-26 16:01:03,737 - Victim node is 399.
2024-01-26 16:01:03,737 - tensor([ 306, 1358, 1986], device='cuda:0')
2024-01-26 16:01:03,737 - Classification Succeeds.
2024-01-26 16:01:03,737 - Link Generation Fails.
2024-01-26 16:01:04,625 - Victim node is 2373.
2024-01-26 16:01:04,625 - tensor([1358, 1701, 1986], device='cuda:0')
2024-01-26 16:01:04,626 - Classification Succeeds.
2024-01-26 16:01:04,626 - Link Generation Fails.
2024-01-26 16:01:05,547 - Victim node is 1258.
2024-01-26 16:01:05,547 - tensor([ 306, 1358, 1986], device='cuda:0')
2024-01-26 16:01:05,547 - Classification Succeeds.
2024-01-26 16:01:05,547 - Link Generation Fails.
2024-01-26 16:01:06,517 - Victim node is 369.
2024-01-26 16:01:06,517 - tensor([  12, 2662, 2708], device='cuda:0')
2024-01-26 16:01:06,518 - Classification Succeeds.
2024-01-26 16:01:06,518 - Link Generation Succeeds.
2024-01-26 16:01:07,401 - Victim node is 2460.
2024-01-26 16:01:07,401 - tensor([ 306, 1358, 1986], device='cuda:0')
2024-01-26 16:01:07,402 - Classification Succeeds.
2024-01-26 16:01:07,402 - Link Generation Fails.
2024-01-26 16:01:08,295 - Victim node is 2211.
2024-01-26 16:01:08,295 - tensor([1701, 1986, 2712], device='cuda:0')
2024-01-26 16:01:08,295 - Classification Fails.
2024-01-26 16:01:08,296 - Link Generation Succeeds.
2024-01-26 16:01:09,218 - Victim node is 223.
2024-01-26 16:01:09,218 - tensor([ 306, 1358, 1986], device='cuda:0')
2024-01-26 16:01:09,218 - Classification Succeeds.
2024-01-26 16:01:09,218 - Link Generation Fails.
2024-01-26 16:01:10,121 - Victim node is 423.
2024-01-26 16:01:10,121 - tensor([ 306, 1358, 1986], device='cuda:0')
2024-01-26 16:01:10,121 - Classification Succeeds.
2024-01-26 16:01:10,121 - Link Generation Fails.
2024-01-26 16:01:11,070 - Victim node is 2176.
2024-01-26 16:01:11,070 - tensor([ 306, 1358, 1986], device='cuda:0')
2024-01-26 16:01:11,070 - Classification Succeeds.
2024-01-26 16:01:11,070 - Link Generation Fails.
2024-01-26 16:01:11,975 - Victim node is 2378.
2024-01-26 16:01:11,975 - tensor([ 739, 1257, 2248], device='cuda:0')
2024-01-26 16:01:11,975 - Classification Succeeds.
2024-01-26 16:01:11,975 - Link Generation Fails.
2024-01-26 16:01:12,878 - Victim node is 285.
2024-01-26 16:01:12,878 - tensor([ 306, 1358, 1623], device='cuda:0')
2024-01-26 16:01:12,878 - Classification Fails.
2024-01-26 16:01:12,878 - Link Generation Fails.
2024-01-26 16:01:13,752 - Victim node is 563.
2024-01-26 16:01:13,752 - tensor([ 306, 1358, 1986], device='cuda:0')
2024-01-26 16:01:13,752 - Classification Succeeds.
2024-01-26 16:01:13,753 - Link Generation Fails.
2024-01-26 16:01:14,643 - Victim node is 49.
2024-01-26 16:01:14,643 - tensor([ 306, 1358, 2722], device='cuda:0')
2024-01-26 16:01:14,643 - Classification Succeeds.
2024-01-26 16:01:14,643 - Link Generation Succeeds.
2024-01-26 16:01:15,544 - Victim node is 250.
2024-01-26 16:01:15,544 - tensor([  12, 1318, 2708], device='cuda:0')
2024-01-26 16:01:15,544 - Classification Succeeds.
2024-01-26 16:01:15,544 - Link Generation Succeeds.
2024-01-26 16:01:16,440 - Victim node is 931.
2024-01-26 16:01:16,440 - tensor([ 306, 1358, 1623], device='cuda:0')
2024-01-26 16:01:16,440 - Classification Fails.
2024-01-26 16:01:16,440 - Link Generation Fails.
2024-01-26 16:01:17,353 - Victim node is 1696.
2024-01-26 16:01:17,353 - tensor([ 306, 1358, 1623], device='cuda:0')
2024-01-26 16:01:17,353 - Classification Fails.
2024-01-26 16:01:17,353 - Link Generation Fails.
2024-01-26 16:01:18,254 - Victim node is 515.
2024-01-26 16:01:18,254 - tensor([  12, 2711, 2714], device='cuda:0')
2024-01-26 16:01:18,254 - Classification Succeeds.
2024-01-26 16:01:18,254 - Link Generation Succeeds.
2024-01-26 16:01:19,119 - Victim node is 935.
2024-01-26 16:01:19,119 - tensor([ 739, 1162, 2723], device='cuda:0')
2024-01-26 16:01:19,119 - Classification Succeeds.
2024-01-26 16:01:19,119 - Link Generation Succeeds.
2024-01-26 16:01:19,993 - Victim node is 1369.
2024-01-26 16:01:19,993 - tensor([  12, 1318, 2539], device='cuda:0')
2024-01-26 16:01:19,994 - Classification Succeeds.
2024-01-26 16:01:19,994 - Link Generation Fails.
2024-01-26 16:01:20,893 - Victim node is 2002.
2024-01-26 16:01:20,893 - tensor([1701, 1810, 2034], device='cuda:0')
2024-01-26 16:01:20,894 - Classification Succeeds.
2024-01-26 16:01:20,894 - Link Generation Fails.
2024-01-26 16:01:21,795 - Victim node is 1381.
2024-01-26 16:01:21,795 - tensor([2708, 2709, 2710], device='cuda:0')
2024-01-26 16:01:21,796 - Classification Succeeds.
2024-01-26 16:01:21,796 - Link Generation Succeeds.
2024-01-26 16:01:22,670 - Victim node is 1162.
2024-01-26 16:01:22,670 - tensor([  12, 1318, 2662], device='cuda:0')
2024-01-26 16:01:22,670 - Classification Succeeds.
2024-01-26 16:01:22,670 - Link Generation Fails.
2024-01-26 16:01:23,588 - Victim node is 362.
2024-01-26 16:01:23,588 - tensor([  12, 2716, 2719], device='cuda:0')
2024-01-26 16:01:23,589 - Classification Succeeds.
2024-01-26 16:01:23,589 - Link Generation Succeeds.
2024-01-26 16:01:24,444 - Victim node is 1026.
2024-01-26 16:01:24,444 - tensor([ 306, 1358, 1701], device='cuda:0')
2024-01-26 16:01:24,445 - Classification Succeeds.
2024-01-26 16:01:24,445 - Link Generation Fails.
2024-01-26 16:01:25,341 - Victim node is 358.
2024-01-26 16:01:25,341 - tensor([ 306, 1358, 1623], device='cuda:0')
2024-01-26 16:01:25,341 - Classification Succeeds.
2024-01-26 16:01:25,341 - Link Generation Fails.
2024-01-26 16:01:26,216 - Victim node is 2248.
2024-01-26 16:01:26,216 - tensor([1162, 1510, 2717], device='cuda:0')
2024-01-26 16:01:26,216 - Classification Succeeds.
2024-01-26 16:01:26,216 - Link Generation Succeeds.
2024-01-26 16:01:27,079 - Victim node is 1668.
2024-01-26 16:01:27,079 - tensor([ 306, 1358, 1623], device='cuda:0')
2024-01-26 16:01:27,079 - Classification Succeeds.
2024-01-26 16:01:27,079 - Link Generation Fails.
2024-01-26 16:01:27,962 - Victim node is 255.
2024-01-26 16:01:27,962 - tensor([ 306, 1358, 1986], device='cuda:0')
2024-01-26 16:01:27,962 - Classification Succeeds.
2024-01-26 16:01:27,962 - Link Generation Fails.
2024-01-26 16:01:28,832 - Victim node is 623.
2024-01-26 16:01:28,832 - tensor([  12, 2719, 2723], device='cuda:0')
2024-01-26 16:01:28,832 - Classification Succeeds.
2024-01-26 16:01:28,832 - Link Generation Succeeds.
2024-01-26 16:01:29,711 - Victim node is 1620.
2024-01-26 16:01:29,711 - tensor([ 306, 1701, 1986], device='cuda:0')
2024-01-26 16:01:29,711 - Classification Succeeds.
2024-01-26 16:01:29,711 - Link Generation Fails.
2024-01-26 16:01:30,592 - Victim node is 1239.
2024-01-26 16:01:30,592 - tensor([ 306, 1358, 1986], device='cuda:0')
2024-01-26 16:01:30,592 - Classification Succeeds.
2024-01-26 16:01:30,593 - Link Generation Fails.
2024-01-26 16:01:31,455 - Victim node is 1478.
2024-01-26 16:01:31,455 - tensor([ 306, 1358, 1623], device='cuda:0')
2024-01-26 16:01:31,456 - Classification Fails.
2024-01-26 16:01:31,456 - Link Generation Fails.
2024-01-26 16:01:32,344 - Victim node is 119.
2024-01-26 16:01:32,344 - tensor([2708, 2721, 2723], device='cuda:0')
2024-01-26 16:01:32,344 - Classification Succeeds.
2024-01-26 16:01:32,344 - Link Generation Succeeds.
2024-01-26 16:01:33,202 - Victim node is 2223.
2024-01-26 16:01:33,202 - tensor([  12, 1318, 2662], device='cuda:0')
2024-01-26 16:01:33,202 - Classification Succeeds.
2024-01-26 16:01:33,202 - Link Generation Fails.
2024-01-26 16:01:34,066 - Victim node is 1502.
2024-01-26 16:01:34,067 - tensor([2711, 2719, 2720], device='cuda:0')
2024-01-26 16:01:34,067 - Classification Fails.
2024-01-26 16:01:34,067 - Link Generation Succeeds.
2024-01-26 16:01:34,931 - Victim node is 2182.
2024-01-26 16:01:34,931 - tensor([ 306, 1358, 1986], device='cuda:0')
2024-01-26 16:01:34,931 - Classification Succeeds.
2024-01-26 16:01:34,931 - Link Generation Fails.
2024-01-26 16:01:35,805 - Victim node is 676.
2024-01-26 16:01:35,805 - tensor([  12, 2662, 2710], device='cuda:0')
2024-01-26 16:01:35,805 - Classification Fails.
2024-01-26 16:01:35,806 - Link Generation Succeeds.
2024-01-26 16:01:36,680 - Victim node is 1621.
2024-01-26 16:01:36,680 - tensor([  12, 1257, 1318], device='cuda:0')
2024-01-26 16:01:36,680 - Classification Fails.
2024-01-26 16:01:36,680 - Link Generation Fails.
2024-01-26 16:01:37,534 - Victim node is 1972.
2024-01-26 16:01:37,534 - tensor([ 306, 1358, 1986], device='cuda:0')
2024-01-26 16:01:37,535 - Classification Succeeds.
2024-01-26 16:01:37,535 - Link Generation Fails.
2024-01-26 16:01:38,391 - Victim node is 453.
2024-01-26 16:01:38,391 - tensor([2710, 2711, 2713], device='cuda:0')
2024-01-26 16:01:38,391 - Classification Fails.
2024-01-26 16:01:38,391 - Link Generation Succeeds.
2024-01-26 16:01:39,253 - Victim node is 2565.
2024-01-26 16:01:39,253 - tensor([2708, 2709, 2711], device='cuda:0')
2024-01-26 16:01:39,253 - Classification Fails.
2024-01-26 16:01:39,253 - Link Generation Succeeds.
2024-01-26 16:01:40,133 - Victim node is 304.
2024-01-26 16:01:40,133 - tensor([ 306, 1358, 1986], device='cuda:0')
2024-01-26 16:01:40,134 - Classification Succeeds.
2024-01-26 16:01:40,134 - Link Generation Fails.
2024-01-26 16:01:41,001 - Victim node is 2531.
2024-01-26 16:01:41,001 - tensor([   7,   12, 1257], device='cuda:0')
2024-01-26 16:01:41,002 - Classification Succeeds.
2024-01-26 16:01:41,002 - Link Generation Fails.
2024-01-26 16:01:41,917 - Victim node is 1688.
2024-01-26 16:01:41,917 - tensor([  12, 1318, 2662], device='cuda:0')
2024-01-26 16:01:41,917 - Classification Succeeds.
2024-01-26 16:01:41,917 - Link Generation Fails.
2024-01-26 16:01:42,778 - Victim node is 2087.
2024-01-26 16:01:42,778 - tensor([1358, 1701, 1986], device='cuda:0')
2024-01-26 16:01:42,779 - Classification Succeeds.
2024-01-26 16:01:42,779 - Link Generation Fails.
2024-01-26 16:01:43,680 - Victim node is 1306.
2024-01-26 16:01:43,680 - tensor([ 306, 1358, 1986], device='cuda:0')
2024-01-26 16:01:43,680 - Classification Succeeds.
2024-01-26 16:01:43,680 - Link Generation Fails.
2024-01-26 16:01:44,550 - Victim node is 1637.
2024-01-26 16:01:44,550 - tensor([ 306, 1013, 1358], device='cuda:0')
2024-01-26 16:01:44,550 - Classification Succeeds.
2024-01-26 16:01:44,551 - Link Generation Fails.
2024-01-26 16:01:45,418 - Victim node is 1476.
2024-01-26 16:01:45,418 - tensor([1358, 1701, 1986], device='cuda:0')
2024-01-26 16:01:45,418 - Classification Fails.
2024-01-26 16:01:45,418 - Link Generation Fails.
2024-01-26 16:01:46,279 - Victim node is 2236.
2024-01-26 16:01:46,279 - tensor([  12, 2711, 2714], device='cuda:0')
2024-01-26 16:01:46,279 - Classification Succeeds.
2024-01-26 16:01:46,279 - Link Generation Succeeds.
2024-01-26 16:01:47,149 - Victim node is 604.
2024-01-26 16:01:47,149 - tensor([ 306, 1358, 1623], device='cuda:0')
2024-01-26 16:01:47,149 - Classification Succeeds.
2024-01-26 16:01:47,149 - Link Generation Fails.
2024-01-26 16:01:48,009 - Victim node is 1452.
2024-01-26 16:01:48,009 - tensor([  12, 2712, 2713], device='cuda:0')
2024-01-26 16:01:48,009 - Classification Succeeds.
2024-01-26 16:01:48,010 - Link Generation Succeeds.
2024-01-26 16:01:48,869 - Victim node is 1556.
2024-01-26 16:01:48,869 - tensor([  12, 1257, 2662], device='cuda:0')
2024-01-26 16:01:48,869 - Classification Fails.
2024-01-26 16:01:48,869 - Link Generation Fails.
2024-01-26 16:01:49,740 - Victim node is 1439.
2024-01-26 16:01:49,740 - tensor([1358, 1701, 1986], device='cuda:0')
2024-01-26 16:01:49,740 - Classification Succeeds.
2024-01-26 16:01:49,740 - Link Generation Fails.
2024-01-26 16:01:50,616 - Victim node is 2072.
2024-01-26 16:01:50,616 - tensor([ 306, 1358, 1623], device='cuda:0')
2024-01-26 16:01:50,616 - Classification Fails.
2024-01-26 16:01:50,616 - Link Generation Fails.
2024-01-26 16:01:51,491 - Victim node is 767.
2024-01-26 16:01:51,491 - tensor([ 306, 1358, 1986], device='cuda:0')
2024-01-26 16:01:51,491 - Classification Fails.
2024-01-26 16:01:51,491 - Link Generation Fails.
2024-01-26 16:01:52,361 - Victim node is 1814.
2024-01-26 16:01:52,361 - tensor([2725, 2751, 2755], device='cuda:0')
2024-01-26 16:01:52,361 - Classification Fails.
2024-01-26 16:01:52,361 - Link Generation Succeeds.
2024-01-26 16:01:53,225 - Victim node is 46.
2024-01-26 16:01:53,225 - tensor([ 306, 1169, 1358], device='cuda:0')
2024-01-26 16:01:53,225 - Classification Succeeds.
2024-01-26 16:01:53,225 - Link Generation Fails.
2024-01-26 16:01:54,086 - Victim node is 1018.
2024-01-26 16:01:54,086 - tensor([  12, 2662, 2710], device='cuda:0')
2024-01-26 16:01:54,086 - Classification Succeeds.
2024-01-26 16:01:54,086 - Link Generation Succeeds.
2024-01-26 16:01:54,955 - Victim node is 2303.
2024-01-26 16:01:54,955 - tensor([1358, 1701, 1986], device='cuda:0')
2024-01-26 16:01:54,955 - Classification Succeeds.
2024-01-26 16:01:54,955 - Link Generation Fails.
2024-01-26 16:01:55,808 - Victim node is 740.
2024-01-26 16:01:55,808 - tensor([ 734,  736, 1693], device='cuda:0')
2024-01-26 16:01:55,809 - Classification Fails.
2024-01-26 16:01:55,809 - Link Generation Fails.
2024-01-26 16:01:56,675 - Victim node is 1520.
2024-01-26 16:01:56,676 - tensor([ 306, 1358, 1623], device='cuda:0')
2024-01-26 16:01:56,676 - Classification Succeeds.
2024-01-26 16:01:56,676 - Link Generation Fails.
2024-01-26 16:01:57,550 - Victim node is 78.
2024-01-26 16:01:57,550 - tensor([1701, 1810, 1986], device='cuda:0')
2024-01-26 16:01:57,550 - Classification Fails.
2024-01-26 16:01:57,550 - Link Generation Fails.
2024-01-26 16:01:58,410 - Victim node is 1926.
2024-01-26 16:01:58,410 - tensor([ 306, 1358, 1986], device='cuda:0')
2024-01-26 16:01:58,410 - Classification Succeeds.
2024-01-26 16:01:58,410 - Link Generation Fails.
2024-01-26 16:01:59,266 - Victim node is 2469.
2024-01-26 16:01:59,266 - tensor([2709, 2710, 2711], device='cuda:0')
2024-01-26 16:01:59,266 - Classification Fails.
2024-01-26 16:01:59,266 - Link Generation Succeeds.
2024-01-26 16:02:00,124 - Victim node is 1949.
2024-01-26 16:02:00,124 - tensor([1358, 1701, 1986], device='cuda:0')
2024-01-26 16:02:00,125 - Classification Succeeds.
2024-01-26 16:02:00,125 - Link Generation Fails.
2024-01-26 16:02:01,006 - Victim node is 980.
2024-01-26 16:02:01,006 - tensor([ 306, 1358, 1986], device='cuda:0')
2024-01-26 16:02:01,006 - Classification Succeeds.
2024-01-26 16:02:01,006 - Link Generation Fails.
2024-01-26 16:02:01,868 - Victim node is 1976.
2024-01-26 16:02:01,868 - tensor([ 306, 1358, 1986], device='cuda:0')
2024-01-26 16:02:01,868 - Classification Succeeds.
2024-01-26 16:02:01,868 - Link Generation Fails.
2024-01-26 16:02:02,746 - Victim node is 2580.
2024-01-26 16:02:02,746 - tensor([  12, 1318, 2662], device='cuda:0')
2024-01-26 16:02:02,747 - Classification Fails.
2024-01-26 16:02:02,747 - Link Generation Fails.
2024-01-26 16:02:03,637 - Victim node is 479.
2024-01-26 16:02:03,637 - tensor([ 306, 1358, 1623], device='cuda:0')
2024-01-26 16:02:03,638 - Classification Fails.
2024-01-26 16:02:03,638 - Link Generation Fails.
2024-01-26 16:02:04,540 - Victim node is 1366.
2024-01-26 16:02:04,540 - tensor([  12, 2713, 2715], device='cuda:0')
2024-01-26 16:02:04,540 - Classification Succeeds.
2024-01-26 16:02:04,540 - Link Generation Succeeds.
2024-01-26 16:02:05,489 - Victim node is 83.
2024-01-26 16:02:05,489 - tensor([ 306, 1358, 1986], device='cuda:0')
2024-01-26 16:02:05,489 - Classification Succeeds.
2024-01-26 16:02:05,489 - Link Generation Fails.
2024-01-26 16:02:06,470 - Victim node is 821.
2024-01-26 16:02:06,470 - tensor([1290, 2708, 2709], device='cuda:0')
2024-01-26 16:02:06,471 - Classification Succeeds.
2024-01-26 16:02:06,471 - Link Generation Succeeds.
2024-01-26 16:02:07,379 - Victim node is 2241.
2024-01-26 16:02:07,379 - tensor([1257, 2710, 2723], device='cuda:0')
2024-01-26 16:02:07,379 - Classification Fails.
2024-01-26 16:02:07,379 - Link Generation Succeeds.
2024-01-26 16:02:08,261 - Victim node is 966.
2024-01-26 16:02:08,261 - tensor([ 306, 1358, 1986], device='cuda:0')
2024-01-26 16:02:08,261 - Classification Fails.
2024-01-26 16:02:08,261 - Link Generation Fails.
2024-01-26 16:02:09,139 - Victim node is 2025.
2024-01-26 16:02:09,139 - tensor([ 306, 1358, 1986], device='cuda:0')
2024-01-26 16:02:09,139 - Classification Succeeds.
2024-01-26 16:02:09,139 - Link Generation Fails.
2024-01-26 16:02:10,091 - Victim node is 93.
2024-01-26 16:02:10,091 - tensor([2710, 2711, 2714], device='cuda:0')
2024-01-26 16:02:10,092 - Classification Succeeds.
2024-01-26 16:02:10,092 - Link Generation Succeeds.
2024-01-26 16:02:11,018 - Victim node is 389.
2024-01-26 16:02:11,018 - tensor([ 306, 1358, 1986], device='cuda:0')
2024-01-26 16:02:11,019 - Classification Fails.
2024-01-26 16:02:11,019 - Link Generation Fails.
2024-01-26 16:02:11,893 - Victim node is 1405.
2024-01-26 16:02:11,893 - tensor([1257, 2248, 2720], device='cuda:0')
2024-01-26 16:02:11,893 - Classification Fails.
2024-01-26 16:02:11,893 - Link Generation Succeeds.
2024-01-26 16:02:12,826 - Victim node is 1833.
2024-01-26 16:02:12,826 - tensor([ 306, 1358, 1986], device='cuda:0')
2024-01-26 16:02:12,826 - Classification Succeeds.
2024-01-26 16:02:12,826 - Link Generation Fails.
2024-01-26 16:02:13,700 - Victim node is 1910.
2024-01-26 16:02:13,700 - tensor([ 306, 1358, 1623], device='cuda:0')
2024-01-26 16:02:13,702 - Classification Fails.
2024-01-26 16:02:13,702 - Link Generation Fails.
2024-01-26 16:02:14,606 - Victim node is 2363.
2024-01-26 16:02:14,606 - tensor([2709, 2711, 2713], device='cuda:0')
2024-01-26 16:02:14,606 - Classification Succeeds.
2024-01-26 16:02:14,606 - Link Generation Succeeds.
2024-01-26 16:02:15,604 - Victim node is 794.
2024-01-26 16:02:15,604 - tensor([1358, 1701, 1986], device='cuda:0')
2024-01-26 16:02:15,604 - Classification Fails.
2024-01-26 16:02:15,604 - Link Generation Fails.
2024-01-26 16:02:16,574 - Victim node is 772.
2024-01-26 16:02:16,574 - tensor([ 306, 1358, 1701], device='cuda:0')
2024-01-26 16:02:16,574 - Classification Fails.
2024-01-26 16:02:16,574 - Link Generation Fails.
2024-01-26 16:02:17,549 - Victim node is 1038.
2024-01-26 16:02:17,550 - tensor([ 306, 1701, 1986], device='cuda:0')
2024-01-26 16:02:17,550 - Classification Succeeds.
2024-01-26 16:02:17,550 - Link Generation Fails.
2024-01-26 16:02:18,551 - Victim node is 1286.
2024-01-26 16:02:18,551 - tensor([  12, 2662, 2709], device='cuda:0')
2024-01-26 16:02:18,551 - Classification Succeeds.
2024-01-26 16:02:18,551 - Link Generation Succeeds.
2024-01-26 16:02:19,518 - Victim node is 1217.
2024-01-26 16:02:19,518 - tensor([1119, 2124, 2126], device='cuda:0')
2024-01-26 16:02:19,518 - Classification Succeeds.
2024-01-26 16:02:19,518 - Link Generation Fails.
2024-01-26 16:02:20,476 - Victim node is 1756.
2024-01-26 16:02:20,476 - tensor([ 306, 1701, 1986], device='cuda:0')
2024-01-26 16:02:20,476 - Classification Succeeds.
2024-01-26 16:02:20,476 - Link Generation Fails.
2024-01-26 16:02:21,509 - Victim node is 610.
2024-01-26 16:02:21,509 - tensor([ 306, 1358, 1986], device='cuda:0')
2024-01-26 16:02:21,509 - Classification Succeeds.
2024-01-26 16:02:21,509 - Link Generation Fails.
2024-01-26 16:02:22,496 - Victim node is 1346.
2024-01-26 16:02:22,497 - tensor([1358, 1701, 1986], device='cuda:0')
2024-01-26 16:02:22,497 - Classification Succeeds.
2024-01-26 16:02:22,497 - Link Generation Fails.
2024-01-26 16:02:23,479 - Victim node is 1915.
2024-01-26 16:02:23,479 - tensor([ 306, 1358, 1986], device='cuda:0')
2024-01-26 16:02:23,479 - Classification Fails.
2024-01-26 16:02:23,479 - Link Generation Fails.
2024-01-26 16:02:24,509 - Victim node is 689.
2024-01-26 16:02:24,509 - tensor([ 306, 1701, 1986], device='cuda:0')
2024-01-26 16:02:24,510 - Classification Succeeds.
2024-01-26 16:02:24,510 - Link Generation Fails.
2024-01-26 16:02:25,494 - Victim node is 2255.
2024-01-26 16:02:25,494 - tensor([  12, 1318, 2662], device='cuda:0')
2024-01-26 16:02:25,495 - Classification Fails.
2024-01-26 16:02:25,495 - Link Generation Fails.
2024-01-26 16:02:26,452 - Victim node is 619.
2024-01-26 16:02:26,452 - tensor([ 306, 1358, 1986], device='cuda:0')
2024-01-26 16:02:26,452 - Classification Succeeds.
2024-01-26 16:02:26,452 - Link Generation Fails.
2024-01-26 16:02:27,418 - Victim node is 2040.
2024-01-26 16:02:27,418 - tensor([2713, 2732, 2756], device='cuda:0')
2024-01-26 16:02:27,419 - Classification Succeeds.
2024-01-26 16:02:27,419 - Link Generation Succeeds.
2024-01-26 16:02:28,383 - Victim node is 1596.
2024-01-26 16:02:28,383 - tensor([1358, 2708, 2712], device='cuda:0')
2024-01-26 16:02:28,384 - Classification Fails.
2024-01-26 16:02:28,384 - Link Generation Succeeds.
2024-01-26 16:02:29,334 - Victim node is 1420.
2024-01-26 16:02:29,334 - tensor([ 306, 1358, 1986], device='cuda:0')
2024-01-26 16:02:29,334 - Classification Fails.
2024-01-26 16:02:29,334 - Link Generation Fails.
2024-01-26 16:02:30,326 - Victim node is 69.
2024-01-26 16:02:30,326 - tensor([ 306, 1358, 1986], device='cuda:0')
2024-01-26 16:02:30,326 - Classification Succeeds.
2024-01-26 16:02:30,326 - Link Generation Fails.
2024-01-26 16:02:31,324 - Victim node is 2098.
2024-01-26 16:02:31,324 - tensor([1701, 1986, 2034], device='cuda:0')
2024-01-26 16:02:31,324 - Classification Fails.
2024-01-26 16:02:31,324 - Link Generation Fails.
2024-01-26 16:02:32,303 - Victim node is 2227.
2024-01-26 16:02:32,303 - tensor([ 306, 1358, 1701], device='cuda:0')
2024-01-26 16:02:32,303 - Classification Succeeds.
2024-01-26 16:02:32,303 - Link Generation Fails.
2024-01-26 16:02:33,306 - Victim node is 2033.
2024-01-26 16:02:33,307 - tensor([  12, 1318, 2662], device='cuda:0')
2024-01-26 16:02:33,307 - Classification Fails.
2024-01-26 16:02:33,307 - Link Generation Fails.
2024-01-26 16:02:34,286 - Victim node is 167.
2024-01-26 16:02:34,286 - tensor([  12, 1119, 1257], device='cuda:0')
2024-01-26 16:02:34,286 - Classification Fails.
2024-01-26 16:02:34,286 - Link Generation Fails.
2024-01-26 16:02:35,263 - Victim node is 1748.
2024-01-26 16:02:35,263 - tensor([ 306, 1701, 1986], device='cuda:0')
2024-01-26 16:02:35,263 - Classification Succeeds.
2024-01-26 16:02:35,263 - Link Generation Fails.
2024-01-26 16:02:36,321 - Victim node is 750.
2024-01-26 16:02:36,321 - tensor([  12, 2711, 2721], device='cuda:0')
2024-01-26 16:02:36,321 - Classification Fails.
2024-01-26 16:02:36,321 - Link Generation Succeeds.
2024-01-26 16:02:37,246 - Victim node is 680.
2024-01-26 16:02:37,246 - tensor([ 306, 1358, 1986], device='cuda:0')
2024-01-26 16:02:37,246 - Classification Fails.
2024-01-26 16:02:37,247 - Link Generation Fails.
2024-01-26 16:02:38,202 - Victim node is 2289.
2024-01-26 16:02:38,202 - tensor([2718, 2720, 2725], device='cuda:0')
2024-01-26 16:02:38,202 - Classification Fails.
2024-01-26 16:02:38,203 - Link Generation Succeeds.
2024-01-26 16:02:39,224 - Victim node is 258.
2024-01-26 16:02:39,224 - tensor([2718, 2733, 2738], device='cuda:0')
2024-01-26 16:02:39,224 - Classification Succeeds.
2024-01-26 16:02:39,225 - Link Generation Succeeds.
2024-01-26 16:02:40,187 - Victim node is 2010.
2024-01-26 16:02:40,187 - tensor([ 306, 1358, 1986], device='cuda:0')
2024-01-26 16:02:40,187 - Classification Succeeds.
2024-01-26 16:02:40,187 - Link Generation Fails.
2024-01-26 16:02:41,113 - Victim node is 2317.
2024-01-26 16:02:41,113 - tensor([ 306, 1358, 1986], device='cuda:0')
2024-01-26 16:02:41,113 - Classification Succeeds.
2024-01-26 16:02:41,113 - Link Generation Fails.
2024-01-26 16:02:42,278 - Victim node is 2163.
2024-01-26 16:02:42,278 - tensor([ 306, 1358, 1986], device='cuda:0')
2024-01-26 16:02:42,278 - Classification Succeeds.
2024-01-26 16:02:42,278 - Link Generation Fails.
2024-01-26 16:02:43,854 - Victim node is 1656.
2024-01-26 16:02:43,855 - tensor([1358, 1623, 1986], device='cuda:0')
2024-01-26 16:02:43,855 - Classification Succeeds.
2024-01-26 16:02:43,855 - Link Generation Fails.
2024-01-26 16:02:45,814 - Victim node is 1730.
2024-01-26 16:02:45,814 - tensor([ 306, 1701, 1986], device='cuda:0')
2024-01-26 16:02:45,815 - Classification Succeeds.
2024-01-26 16:02:45,815 - Link Generation Fails.
2024-01-26 16:02:47,634 - Victim node is 1903.
2024-01-26 16:02:47,634 - tensor([2712, 2713, 2715], device='cuda:0')
2024-01-26 16:02:47,635 - Classification Succeeds.
2024-01-26 16:02:47,635 - Link Generation Succeeds.
2024-01-26 16:02:49,430 - Victim node is 968.
2024-01-26 16:02:49,430 - tensor([ 306, 1358, 1623], device='cuda:0')
2024-01-26 16:02:49,431 - Classification Succeeds.
2024-01-26 16:02:49,431 - Link Generation Fails.
2024-01-26 16:02:51,353 - Victim node is 818.
2024-01-26 16:02:51,353 - tensor([ 306, 1358, 1986], device='cuda:0')
2024-01-26 16:02:51,354 - Classification Fails.
2024-01-26 16:02:51,354 - Link Generation Fails.
2024-01-26 16:02:52,227 - Victim node is 755.
2024-01-26 16:02:52,227 - tensor([ 306, 1358, 1986], device='cuda:0')
2024-01-26 16:02:52,227 - Classification Fails.
2024-01-26 16:02:52,227 - Link Generation Fails.
2024-01-26 16:02:53,075 - Victim node is 529.
2024-01-26 16:02:53,075 - tensor([2711, 2714, 2717], device='cuda:0')
2024-01-26 16:02:53,075 - Classification Succeeds.
2024-01-26 16:02:53,075 - Link Generation Succeeds.
2024-01-26 16:02:53,931 - Victim node is 1873.
2024-01-26 16:02:53,931 - tensor([ 306, 1358, 1623], device='cuda:0')
2024-01-26 16:02:53,931 - Classification Fails.
2024-01-26 16:02:53,931 - Link Generation Fails.
2024-01-26 16:02:54,786 - Victim node is 1964.
2024-01-26 16:02:54,786 - tensor([  12, 1318, 2662], device='cuda:0')
2024-01-26 16:02:54,786 - Classification Succeeds.
2024-01-26 16:02:54,786 - Link Generation Fails.
2024-01-26 16:02:55,639 - Victim node is 2247.
2024-01-26 16:02:55,639 - tensor([  12, 2710, 2720], device='cuda:0')
2024-01-26 16:02:55,639 - Classification Fails.
2024-01-26 16:02:55,639 - Link Generation Succeeds.
2024-01-26 16:02:56,492 - Victim node is 1980.
2024-01-26 16:02:56,492 - tensor([ 306, 1358, 1986], device='cuda:0')
2024-01-26 16:02:56,493 - Classification Succeeds.
2024-01-26 16:02:56,493 - Link Generation Fails.
2024-01-26 16:02:57,352 - Victim node is 53.
2024-01-26 16:02:57,352 - tensor([ 306, 1701, 1986], device='cuda:0')
2024-01-26 16:02:57,352 - Classification Succeeds.
2024-01-26 16:02:57,353 - Link Generation Fails.
2024-01-26 16:02:58,253 - Victim node is 1149.
2024-01-26 16:02:58,253 - tensor([ 306, 1623, 1701], device='cuda:0')
2024-01-26 16:02:58,254 - Classification Fails.
2024-01-26 16:02:58,254 - Link Generation Fails.
2024-01-26 16:02:59,109 - Victim node is 303.
2024-01-26 16:02:59,109 - tensor([ 306, 1358, 1623], device='cuda:0')
2024-01-26 16:02:59,109 - Classification Succeeds.
2024-01-26 16:02:59,109 - Link Generation Fails.
2024-01-26 16:02:59,955 - Victim node is 175.
2024-01-26 16:02:59,955 - tensor([ 306, 1358, 2750], device='cuda:0')
2024-01-26 16:02:59,955 - Classification Succeeds.
2024-01-26 16:02:59,955 - Link Generation Succeeds.
2024-01-26 16:03:00,824 - Victim node is 1109.
2024-01-26 16:03:00,824 - tensor([  12,  963, 1318], device='cuda:0')
2024-01-26 16:03:00,824 - Classification Succeeds.
2024-01-26 16:03:00,824 - Link Generation Fails.
2024-01-26 16:03:01,671 - Victim node is 953.
2024-01-26 16:03:01,671 - tensor([  12, 1318, 2662], device='cuda:0')
2024-01-26 16:03:01,671 - Classification Fails.
2024-01-26 16:03:01,671 - Link Generation Fails.
2024-01-26 16:03:02,509 - Victim node is 2608.
2024-01-26 16:03:02,509 - tensor([ 306, 1358, 1986], device='cuda:0')
2024-01-26 16:03:02,509 - Classification Succeeds.
2024-01-26 16:03:02,509 - Link Generation Fails.
2024-01-26 16:03:03,347 - Victim node is 1053.
2024-01-26 16:03:03,347 - tensor([ 306, 1358, 1986], device='cuda:0')
2024-01-26 16:03:03,348 - Classification Succeeds.
2024-01-26 16:03:03,348 - Link Generation Fails.
2024-01-26 16:03:04,197 - Victim node is 1608.
2024-01-26 16:03:04,197 - tensor([2710, 2715, 2718], device='cuda:0')
2024-01-26 16:03:04,198 - Classification Fails.
2024-01-26 16:03:04,198 - Link Generation Succeeds.
2024-01-26 16:03:05,067 - Victim node is 2165.
2024-01-26 16:03:05,067 - tensor([ 306, 1358, 1986], device='cuda:0')
2024-01-26 16:03:05,067 - Classification Fails.
2024-01-26 16:03:05,068 - Link Generation Fails.
2024-01-26 16:03:05,946 - Victim node is 917.
2024-01-26 16:03:05,946 - tensor([  12, 2662, 2708], device='cuda:0')
2024-01-26 16:03:05,947 - Classification Fails.
2024-01-26 16:03:05,947 - Link Generation Succeeds.
2024-01-26 16:03:06,847 - Victim node is 918.
2024-01-26 16:03:06,848 - tensor([ 306, 1358, 1986], device='cuda:0')
2024-01-26 16:03:06,848 - Classification Succeeds.
2024-01-26 16:03:06,848 - Link Generation Fails.
2024-01-26 16:03:07,714 - Victim node is 1714.
2024-01-26 16:03:07,714 - tensor([ 306, 1701, 1986], device='cuda:0')
2024-01-26 16:03:07,714 - Classification Succeeds.
2024-01-26 16:03:07,714 - Link Generation Fails.
2024-01-26 16:03:08,577 - Victim node is 2437.
2024-01-26 16:03:08,577 - tensor([1358, 1701, 1986], device='cuda:0')
2024-01-26 16:03:08,577 - Classification Succeeds.
2024-01-26 16:03:08,577 - Link Generation Fails.
2024-01-26 16:03:09,442 - Victim node is 1155.
2024-01-26 16:03:09,442 - tensor([ 306, 1358, 1623], device='cuda:0')
2024-01-26 16:03:09,442 - Classification Fails.
2024-01-26 16:03:09,442 - Link Generation Fails.
2024-01-26 16:03:10,300 - Victim node is 2005.
2024-01-26 16:03:10,300 - tensor([ 306, 1358, 1623], device='cuda:0')
2024-01-26 16:03:10,300 - Classification Fails.
2024-01-26 16:03:10,300 - Link Generation Fails.
2024-01-26 16:03:11,188 - Victim node is 593.
2024-01-26 16:03:11,188 - tensor([ 306, 1358, 1986], device='cuda:0')
2024-01-26 16:03:11,188 - Classification Fails.
2024-01-26 16:03:11,188 - Link Generation Fails.
2024-01-26 16:03:12,043 - Victim node is 1631.
2024-01-26 16:03:12,043 - tensor([ 306, 1358, 1623], device='cuda:0')
2024-01-26 16:03:12,043 - Classification Succeeds.
2024-01-26 16:03:12,043 - Link Generation Fails.
2024-01-26 16:03:12,901 - Victim node is 2296.
2024-01-26 16:03:12,901 - tensor([1257, 2539, 2711], device='cuda:0')
2024-01-26 16:03:12,901 - Classification Fails.
2024-01-26 16:03:12,901 - Link Generation Succeeds.
2024-01-26 16:03:13,799 - Victim node is 1741.
2024-01-26 16:03:13,799 - tensor([ 306, 1701, 1986], device='cuda:0')
2024-01-26 16:03:13,800 - Classification Succeeds.
2024-01-26 16:03:13,800 - Link Generation Fails.
2024-01-26 16:03:14,652 - Victim node is 992.
2024-01-26 16:03:14,652 - tensor([ 306, 1358, 1986], device='cuda:0')
2024-01-26 16:03:14,652 - Classification Fails.
2024-01-26 16:03:14,652 - Link Generation Fails.
2024-01-26 16:03:15,517 - Victim node is 1535.
2024-01-26 16:03:15,517 - tensor([ 306, 1358, 1986], device='cuda:0')
2024-01-26 16:03:15,517 - Classification Fails.
2024-01-26 16:03:15,517 - Link Generation Fails.
2024-01-26 16:03:16,369 - Victim node is 1899.
2024-01-26 16:03:16,369 - tensor([ 306, 1441, 1701], device='cuda:0')
2024-01-26 16:03:16,370 - Classification Succeeds.
2024-01-26 16:03:16,370 - Link Generation Fails.
2024-01-26 16:03:17,243 - Victim node is 1297.
2024-01-26 16:03:17,243 - tensor([ 306, 1358, 1986], device='cuda:0')
2024-01-26 16:03:17,243 - Classification Succeeds.
2024-01-26 16:03:17,243 - Link Generation Fails.
2024-01-26 16:03:18,218 - Victim node is 1716.
2024-01-26 16:03:18,218 - tensor([ 306, 1623, 1986], device='cuda:0')
2024-01-26 16:03:18,219 - Classification Succeeds.
2024-01-26 16:03:18,219 - Link Generation Fails.
2024-01-26 16:03:19,148 - Victim node is 1331.
2024-01-26 16:03:19,148 - tensor([ 217, 1050, 2539], device='cuda:0')
2024-01-26 16:03:19,149 - Classification Succeeds.
2024-01-26 16:03:19,149 - Link Generation Fails.
2024-01-26 16:03:20,020 - Victim node is 765.
2024-01-26 16:03:20,020 - tensor([  12, 2710, 2715], device='cuda:0')
2024-01-26 16:03:20,021 - Classification Fails.
2024-01-26 16:03:20,021 - Link Generation Succeeds.
2024-01-26 16:03:20,903 - Victim node is 193.
2024-01-26 16:03:20,903 - tensor([  12, 1318, 2719], device='cuda:0')
2024-01-26 16:03:20,903 - Classification Fails.
2024-01-26 16:03:20,903 - Link Generation Succeeds.
2024-01-26 16:03:21,803 - Victim node is 2224.
2024-01-26 16:03:21,803 - tensor([  12, 1257, 2662], device='cuda:0')
2024-01-26 16:03:21,803 - Classification Succeeds.
2024-01-26 16:03:21,803 - Link Generation Fails.
2024-01-26 16:03:22,679 - Victim node is 1946.
2024-01-26 16:03:22,679 - tensor([1701, 1986, 2034], device='cuda:0')
2024-01-26 16:03:22,679 - Classification Succeeds.
2024-01-26 16:03:22,679 - Link Generation Fails.
2024-01-26 16:03:23,541 - Victim node is 806.
2024-01-26 16:03:23,541 - tensor([ 306, 1358, 1986], device='cuda:0')
2024-01-26 16:03:23,541 - Classification Succeeds.
2024-01-26 16:03:23,541 - Link Generation Fails.
2024-01-26 16:03:24,407 - Victim node is 2374.
2024-01-26 16:03:24,407 - tensor([  12, 2708, 2713], device='cuda:0')
2024-01-26 16:03:24,407 - Classification Succeeds.
2024-01-26 16:03:24,407 - Link Generation Succeeds.
2024-01-26 16:03:25,274 - Victim node is 419.
2024-01-26 16:03:25,275 - tensor([  12, 1257, 1318], device='cuda:0')
2024-01-26 16:03:25,275 - Classification Fails.
2024-01-26 16:03:25,275 - Link Generation Fails.
2024-01-26 16:03:26,132 - Victim node is 168.
2024-01-26 16:03:26,132 - tensor([ 306, 1358, 1986], device='cuda:0')
2024-01-26 16:03:26,132 - Classification Succeeds.
2024-01-26 16:03:26,132 - Link Generation Fails.
2024-01-26 16:03:26,999 - Victim node is 2130.
2024-01-26 16:03:26,999 - tensor([  12, 2662, 2735], device='cuda:0')
2024-01-26 16:03:27,000 - Classification Succeeds.
2024-01-26 16:03:27,000 - Link Generation Succeeds.
2024-01-26 16:03:27,893 - Victim node is 1986.
2024-01-26 16:03:27,893 - tensor([ 306, 1358, 1701], device='cuda:0')
2024-01-26 16:03:27,893 - Classification Succeeds.
2024-01-26 16:03:27,893 - Link Generation Fails.
2024-01-26 16:03:28,756 - Victim node is 1129.
2024-01-26 16:03:28,757 - tensor([   7,   12, 1257], device='cuda:0')
2024-01-26 16:03:28,757 - Classification Fails.
2024-01-26 16:03:28,757 - Link Generation Fails.
2024-01-26 16:03:29,617 - Victim node is 1619.
2024-01-26 16:03:29,618 - tensor([2714, 2716, 2729], device='cuda:0')
2024-01-26 16:03:29,618 - Classification Succeeds.
2024-01-26 16:03:29,618 - Link Generation Succeeds.
2024-01-26 16:03:30,477 - Victim node is 544.
2024-01-26 16:03:30,477 - tensor([ 306, 1358, 1986], device='cuda:0')
2024-01-26 16:03:30,478 - Classification Succeeds.
2024-01-26 16:03:30,478 - Link Generation Fails.
2024-01-26 16:03:31,338 - Victim node is 1639.
2024-01-26 16:03:31,338 - tensor([2709, 2713, 2715], device='cuda:0')
2024-01-26 16:03:31,338 - Classification Fails.
2024-01-26 16:03:31,338 - Link Generation Succeeds.
2024-01-26 16:03:32,199 - Victim node is 2376.
2024-01-26 16:03:32,199 - tensor([  12, 1318, 2662], device='cuda:0')
2024-01-26 16:03:32,199 - Classification Succeeds.
2024-01-26 16:03:32,199 - Link Generation Fails.
2024-01-26 16:03:33,072 - Victim node is 2105.
2024-01-26 16:03:33,072 - tensor([2710, 2712, 2716], device='cuda:0')
2024-01-26 16:03:33,072 - Classification Fails.
2024-01-26 16:03:33,074 - Link Generation Succeeds.
2024-01-26 16:03:33,954 - Victim node is 2139.
2024-01-26 16:03:33,954 - tensor([  12, 1257, 2248], device='cuda:0')
2024-01-26 16:03:33,954 - Classification Succeeds.
2024-01-26 16:03:33,954 - Link Generation Fails.
2024-01-26 16:03:34,831 - Victim node is 2568.
2024-01-26 16:03:34,831 - tensor([ 739, 2708, 2710], device='cuda:0')
2024-01-26 16:03:34,831 - Classification Fails.
2024-01-26 16:03:34,831 - Link Generation Succeeds.
2024-01-26 16:03:35,692 - Victim node is 1869.
2024-01-26 16:03:35,693 - tensor([ 306, 1358, 1986], device='cuda:0')
2024-01-26 16:03:35,693 - Classification Fails.
2024-01-26 16:03:35,693 - Link Generation Fails.
2024-01-26 16:03:36,565 - Victim node is 849.
2024-01-26 16:03:36,565 - tensor([2709, 2713, 2722], device='cuda:0')
2024-01-26 16:03:36,565 - Classification Fails.
2024-01-26 16:03:36,565 - Link Generation Succeeds.
2024-01-26 16:03:37,420 - Victim node is 1409.
2024-01-26 16:03:37,420 - tensor([ 739, 1257, 1510], device='cuda:0')
2024-01-26 16:03:37,421 - Classification Succeeds.
2024-01-26 16:03:37,421 - Link Generation Fails.
2024-01-26 16:03:38,286 - Victim node is 1379.
2024-01-26 16:03:38,287 - tensor([  12, 2539, 2712], device='cuda:0')
2024-01-26 16:03:38,287 - Classification Succeeds.
2024-01-26 16:03:38,287 - Link Generation Succeeds.
2024-01-26 16:03:39,165 - Victim node is 1706.
2024-01-26 16:03:39,165 - tensor([ 306, 1358, 1986], device='cuda:0')
2024-01-26 16:03:39,165 - Classification Succeeds.
2024-01-26 16:03:39,165 - Link Generation Fails.
2024-01-26 16:03:40,028 - Victim node is 2174.
2024-01-26 16:03:40,028 - tensor([  12, 2662, 2708], device='cuda:0')
2024-01-26 16:03:40,028 - Classification Fails.
2024-01-26 16:03:40,028 - Link Generation Succeeds.
2024-01-26 16:03:40,888 - Victim node is 2106.
2024-01-26 16:03:40,888 - tensor([ 306, 1358, 1623], device='cuda:0')
2024-01-26 16:03:40,889 - Classification Succeeds.
2024-01-26 16:03:40,889 - Link Generation Fails.
2024-01-26 16:03:41,777 - Victim node is 2639.
2024-01-26 16:03:41,777 - tensor([ 306, 1358, 1986], device='cuda:0')
2024-01-26 16:03:41,777 - Classification Fails.
2024-01-26 16:03:41,777 - Link Generation Fails.
2024-01-26 16:03:42,665 - Victim node is 2263.
2024-01-26 16:03:42,665 - tensor([1257, 2248, 2722], device='cuda:0')
2024-01-26 16:03:42,665 - Classification Fails.
2024-01-26 16:03:42,665 - Link Generation Succeeds.
2024-01-26 16:03:43,565 - Victim node is 418.
2024-01-26 16:03:43,565 - tensor([2708, 2711, 2712], device='cuda:0')
2024-01-26 16:03:43,566 - Classification Fails.
2024-01-26 16:03:43,566 - Link Generation Succeeds.
2024-01-26 16:03:44,424 - Victim node is 2528.
2024-01-26 16:03:44,424 - tensor([  12, 2662, 2715], device='cuda:0')
2024-01-26 16:03:44,424 - Classification Fails.
2024-01-26 16:03:44,424 - Link Generation Succeeds.
2024-01-26 16:03:45,278 - Victim node is 2394.
2024-01-26 16:03:45,278 - tensor([ 306, 1358, 1986], device='cuda:0')
2024-01-26 16:03:45,279 - Classification Fails.
2024-01-26 16:03:45,279 - Link Generation Fails.
2024-01-26 16:03:46,150 - Victim node is 1888.
2024-01-26 16:03:46,150 - tensor([ 306, 1169, 1358], device='cuda:0')
2024-01-26 16:03:46,150 - Classification Succeeds.
2024-01-26 16:03:46,150 - Link Generation Fails.
2024-01-26 16:03:47,016 - Victim node is 2297.
2024-01-26 16:03:47,016 - tensor([2708, 2711, 2712], device='cuda:0')
2024-01-26 16:03:47,016 - Classification Fails.
2024-01-26 16:03:47,017 - Link Generation Succeeds.
2024-01-26 16:03:47,892 - Victim node is 2491.
2024-01-26 16:03:47,892 - tensor([ 306, 1169, 1358], device='cuda:0')
2024-01-26 16:03:47,892 - Classification Succeeds.
2024-01-26 16:03:47,892 - Link Generation Fails.
2024-01-26 16:03:48,753 - Victim node is 2704.
2024-01-26 16:03:48,753 - tensor([  12, 2662, 2709], device='cuda:0')
2024-01-26 16:03:48,753 - Classification Fails.
2024-01-26 16:03:48,753 - Link Generation Succeeds.
2024-01-26 16:03:49,618 - Victim node is 259.
2024-01-26 16:03:49,619 - tensor([2708, 2709, 2710], device='cuda:0')
2024-01-26 16:03:49,619 - Classification Succeeds.
2024-01-26 16:03:49,619 - Link Generation Succeeds.
2024-01-26 16:03:50,485 - Victim node is 212.
2024-01-26 16:03:50,485 - tensor([  12, 2662, 2711], device='cuda:0')
2024-01-26 16:03:50,485 - Classification Fails.
2024-01-26 16:03:50,485 - Link Generation Succeeds.
2024-01-26 16:03:51,349 - Victim node is 364.
2024-01-26 16:03:51,349 - tensor([ 306, 1701, 1986], device='cuda:0')
2024-01-26 16:03:51,349 - Classification Succeeds.
2024-01-26 16:03:51,349 - Link Generation Fails.
2024-01-26 16:03:52,225 - Victim node is 1128.
2024-01-26 16:03:52,225 - tensor([  12, 1318, 2662], device='cuda:0')
2024-01-26 16:03:52,226 - Classification Fails.
2024-01-26 16:03:52,226 - Link Generation Fails.
2024-01-26 16:03:53,096 - Victim node is 2031.
2024-01-26 16:03:53,096 - tensor([ 306, 1358, 1986], device='cuda:0')
2024-01-26 16:03:53,097 - Classification Fails.
2024-01-26 16:03:53,097 - Link Generation Fails.
2024-01-26 16:03:53,976 - Victim node is 1262.
2024-01-26 16:03:53,976 - tensor([ 306, 1358, 1986], device='cuda:0')
2024-01-26 16:03:53,976 - Classification Succeeds.
2024-01-26 16:03:53,976 - Link Generation Fails.
2024-01-26 16:03:54,844 - Victim node is 1429.
2024-01-26 16:03:54,844 - tensor([1257, 1443, 2539], device='cuda:0')
2024-01-26 16:03:54,844 - Classification Succeeds.
2024-01-26 16:03:54,844 - Link Generation Fails.
2024-01-26 16:03:55,715 - Victim node is 2379.
2024-01-26 16:03:55,715 - tensor([1701, 1966, 2034], device='cuda:0')
2024-01-26 16:03:55,715 - Classification Succeeds.
2024-01-26 16:03:55,715 - Link Generation Fails.
2024-01-26 16:03:56,598 - Victim node is 719.
2024-01-26 16:03:56,598 - tensor([1358, 1701, 1986], device='cuda:0')
2024-01-26 16:03:56,598 - Classification Succeeds.
2024-01-26 16:03:56,598 - Link Generation Fails.
2024-01-26 16:03:57,483 - Victim node is 2250.
2024-01-26 16:03:57,483 - tensor([2539, 2710, 2714], device='cuda:0')
2024-01-26 16:03:57,484 - Classification Succeeds.
2024-01-26 16:03:57,484 - Link Generation Succeeds.
2024-01-26 16:03:58,354 - Victim node is 2377.
2024-01-26 16:03:58,354 - tensor([ 306, 1358, 1986], device='cuda:0')
2024-01-26 16:03:58,354 - Classification Succeeds.
2024-01-26 16:03:58,354 - Link Generation Fails.
2024-01-26 16:03:59,206 - Victim node is 352.
2024-01-26 16:03:59,206 - tensor([ 306, 1701, 1986], device='cuda:0')
2024-01-26 16:03:59,206 - Classification Succeeds.
2024-01-26 16:03:59,206 - Link Generation Fails.
2024-01-26 16:04:00,061 - Victim node is 2370.
2024-01-26 16:04:00,061 - tensor([2713, 2714, 2718], device='cuda:0')
2024-01-26 16:04:00,063 - Classification Fails.
2024-01-26 16:04:00,063 - Link Generation Succeeds.
2024-01-26 16:04:00,913 - Victim node is 1464.
2024-01-26 16:04:00,913 - tensor([ 306, 1358, 1986], device='cuda:0')
2024-01-26 16:04:00,913 - Classification Succeeds.
2024-01-26 16:04:00,913 - Link Generation Fails.
2024-01-26 16:04:01,774 - Victim node is 2075.
2024-01-26 16:04:01,774 - tensor([1701, 1986, 2034], device='cuda:0')
2024-01-26 16:04:01,774 - Classification Succeeds.
2024-01-26 16:04:01,774 - Link Generation Fails.
2024-01-26 16:04:02,626 - Victim node is 621.
2024-01-26 16:04:02,626 - tensor([ 306, 1358, 1986], device='cuda:0')
2024-01-26 16:04:02,626 - Classification Succeeds.
2024-01-26 16:04:02,626 - Link Generation Fails.
2024-01-26 16:04:03,491 - Victim node is 970.
2024-01-26 16:04:03,491 - tensor([ 306, 1701, 1986], device='cuda:0')
2024-01-26 16:04:03,491 - Classification Succeeds.
2024-01-26 16:04:03,491 - Link Generation Fails.
2024-01-26 16:04:04,347 - Victim node is 541.
2024-01-26 16:04:04,347 - tensor([  12, 1318, 2662], device='cuda:0')
2024-01-26 16:04:04,347 - Classification Fails.
2024-01-26 16:04:04,347 - Link Generation Fails.
2024-01-26 16:04:05,245 - Victim node is 341.
2024-01-26 16:04:05,245 - tensor([ 306, 1701, 1986], device='cuda:0')
2024-01-26 16:04:05,246 - Classification Fails.
2024-01-26 16:04:05,246 - Link Generation Fails.
2024-01-26 16:04:06,099 - Victim node is 1884.
2024-01-26 16:04:06,099 - tensor([2710, 2721, 2736], device='cuda:0')
2024-01-26 16:04:06,099 - Classification Succeeds.
2024-01-26 16:04:06,099 - Link Generation Succeeds.
2024-01-26 16:04:06,940 - Victim node is 2192.
2024-01-26 16:04:06,940 - tensor([  12, 1257, 1318], device='cuda:0')
2024-01-26 16:04:06,940 - Classification Fails.
2024-01-26 16:04:06,940 - Link Generation Fails.
2024-01-26 16:04:07,814 - Victim node is 1916.
2024-01-26 16:04:07,814 - tensor([ 306, 1358, 1986], device='cuda:0')
2024-01-26 16:04:07,815 - Classification Succeeds.
2024-01-26 16:04:07,815 - Link Generation Fails.
2024-01-26 16:04:08,675 - Victim node is 133.
2024-01-26 16:04:08,675 - tensor([ 306, 1358, 1986], device='cuda:0')
2024-01-26 16:04:08,675 - Classification Succeeds.
2024-01-26 16:04:08,675 - Link Generation Fails.
2024-01-26 16:04:09,523 - Victim node is 1810.
2024-01-26 16:04:09,523 - tensor([ 306, 1358, 1986], device='cuda:0')
2024-01-26 16:04:09,523 - Classification Succeeds.
2024-01-26 16:04:09,523 - Link Generation Fails.
2024-01-26 16:04:10,373 - Victim node is 1902.
2024-01-26 16:04:10,373 - tensor([ 739, 1257, 2733], device='cuda:0')
2024-01-26 16:04:10,374 - Classification Succeeds.
2024-01-26 16:04:10,374 - Link Generation Succeeds.
2024-01-26 16:04:11,226 - Victim node is 825.
2024-01-26 16:04:11,226 - tensor([ 306, 1358, 1986], device='cuda:0')
2024-01-26 16:04:11,226 - Classification Succeeds.
2024-01-26 16:04:11,226 - Link Generation Fails.
2024-01-26 16:04:12,083 - Victim node is 2071.
2024-01-26 16:04:12,083 - tensor([ 306, 1358, 1986], device='cuda:0')
2024-01-26 16:04:12,083 - Classification Fails.
2024-01-26 16:04:12,083 - Link Generation Fails.
2024-01-26 16:04:12,951 - Victim node is 1804.
2024-01-26 16:04:12,951 - tensor([1358, 1701, 1986], device='cuda:0')
2024-01-26 16:04:12,951 - Classification Fails.
2024-01-26 16:04:12,952 - Link Generation Fails.
2024-01-26 16:04:13,822 - Victim node is 573.
2024-01-26 16:04:13,822 - tensor([1358, 1701, 1986], device='cuda:0')
2024-01-26 16:04:13,823 - Classification Fails.
2024-01-26 16:04:13,823 - Link Generation Fails.
2024-01-26 16:04:14,674 - Victim node is 1612.
2024-01-26 16:04:14,674 - tensor([ 306, 1358, 1623], device='cuda:0')
2024-01-26 16:04:14,674 - Classification Fails.
2024-01-26 16:04:14,674 - Link Generation Fails.
2024-01-26 16:04:15,529 - Victim node is 1236.
2024-01-26 16:04:15,529 - tensor([  12, 2662, 2709], device='cuda:0')
2024-01-26 16:04:15,529 - Classification Fails.
2024-01-26 16:04:15,531 - Link Generation Succeeds.
2024-01-26 16:04:16,389 - Victim node is 2067.
2024-01-26 16:04:16,389 - tensor([ 306, 1013, 1358], device='cuda:0')
2024-01-26 16:04:16,389 - Classification Succeeds.
2024-01-26 16:04:16,389 - Link Generation Fails.
2024-01-26 16:04:17,277 - Victim node is 527.
2024-01-26 16:04:17,277 - tensor([ 306, 1358, 1986], device='cuda:0')
2024-01-26 16:04:17,277 - Classification Succeeds.
2024-01-26 16:04:17,277 - Link Generation Fails.
2024-01-26 16:04:18,150 - Victim node is 2623.
2024-01-26 16:04:18,150 - tensor([  12, 2662, 2709], device='cuda:0')
2024-01-26 16:04:18,150 - Classification Succeeds.
2024-01-26 16:04:18,150 - Link Generation Succeeds.
2024-01-26 16:04:19,027 - Victim node is 186.
2024-01-26 16:04:19,027 - tensor([2709, 2712, 2716], device='cuda:0')
2024-01-26 16:04:19,027 - Classification Succeeds.
2024-01-26 16:04:19,027 - Link Generation Succeeds.
2024-01-26 16:04:19,899 - Victim node is 1187.
2024-01-26 16:04:19,899 - tensor([ 306, 1013, 1358], device='cuda:0')
2024-01-26 16:04:19,899 - Classification Succeeds.
2024-01-26 16:04:19,899 - Link Generation Fails.
2024-01-26 16:04:20,755 - Victim node is 1990.
2024-01-26 16:04:20,755 - tensor([ 306, 1358, 1623], device='cuda:0')
2024-01-26 16:04:20,755 - Classification Fails.
2024-01-26 16:04:20,755 - Link Generation Fails.
2024-01-26 16:04:21,627 - Victim node is 1566.
2024-01-26 16:04:21,627 - tensor([ 306, 1358, 1986], device='cuda:0')
2024-01-26 16:04:21,628 - Classification Succeeds.
2024-01-26 16:04:21,628 - Link Generation Fails.
2024-01-26 16:04:22,497 - Victim node is 1310.
2024-01-26 16:04:22,497 - tensor([  12, 1318, 2662], device='cuda:0')
2024-01-26 16:04:22,497 - Classification Fails.
2024-01-26 16:04:22,497 - Link Generation Fails.
2024-01-26 16:04:23,376 - Victim node is 1559.
2024-01-26 16:04:23,376 - tensor([  12, 1257, 2662], device='cuda:0')
2024-01-26 16:04:23,377 - Classification Succeeds.
2024-01-26 16:04:23,377 - Link Generation Fails.
2024-01-26 16:04:24,242 - Victim node is 1681.
2024-01-26 16:04:24,242 - tensor([ 306, 1358, 1986], device='cuda:0')
2024-01-26 16:04:24,242 - Classification Fails.
2024-01-26 16:04:24,242 - Link Generation Fails.
2024-01-26 16:04:25,101 - Victim node is 2607.
2024-01-26 16:04:25,102 - tensor([2710, 2711, 2712], device='cuda:0')
2024-01-26 16:04:25,102 - Classification Fails.
2024-01-26 16:04:25,102 - Link Generation Succeeds.
2024-01-26 16:04:25,965 - Victim node is 1647.
2024-01-26 16:04:25,965 - tensor([  12, 1257, 1510], device='cuda:0')
2024-01-26 16:04:25,965 - Classification Succeeds.
2024-01-26 16:04:25,965 - Link Generation Fails.
2024-01-26 16:04:26,819 - Victim node is 2210.
2024-01-26 16:04:26,819 - tensor([ 306, 1358, 1986], device='cuda:0')
2024-01-26 16:04:26,820 - Classification Succeeds.
2024-01-26 16:04:26,820 - Link Generation Fails.
2024-01-26 16:04:27,673 - Victim node is 716.
2024-01-26 16:04:27,673 - tensor([ 306, 1358, 1986], device='cuda:0')
2024-01-26 16:04:27,674 - Classification Succeeds.
2024-01-26 16:04:27,674 - Link Generation Fails.
2024-01-26 16:04:28,535 - Victim node is 738.
2024-01-26 16:04:28,535 - tensor([ 306, 1358, 1986], device='cuda:0')
2024-01-26 16:04:28,535 - Classification Fails.
2024-01-26 16:04:28,535 - Link Generation Fails.
2024-01-26 16:04:29,401 - Victim node is 1764.
2024-01-26 16:04:29,401 - tensor([  12, 2744, 2775], device='cuda:0')
2024-01-26 16:04:29,402 - Classification Fails.
2024-01-26 16:04:29,402 - Link Generation Succeeds.
2024-01-26 16:04:30,259 - Victim node is 2198.
2024-01-26 16:04:30,260 - tensor([ 306, 1358, 1986], device='cuda:0')
2024-01-26 16:04:30,260 - Classification Succeeds.
2024-01-26 16:04:30,260 - Link Generation Fails.
2024-01-26 16:04:31,115 - Victim node is 1320.
2024-01-26 16:04:31,115 - tensor([2708, 2711, 2719], device='cuda:0')
2024-01-26 16:04:31,116 - Classification Succeeds.
2024-01-26 16:04:31,116 - Link Generation Succeeds.
2024-01-26 16:04:31,978 - Victim node is 1655.
2024-01-26 16:04:31,978 - tensor([ 306, 1358, 1986], device='cuda:0')
2024-01-26 16:04:31,979 - Classification Succeeds.
2024-01-26 16:04:31,979 - Link Generation Fails.
2024-01-26 16:04:32,832 - Victim node is 1658.
2024-01-26 16:04:32,832 - tensor([ 306, 1358, 1986], device='cuda:0')
2024-01-26 16:04:32,833 - Classification Fails.
2024-01-26 16:04:32,833 - Link Generation Fails.
2024-01-26 16:04:33,693 - Victim node is 17.
2024-01-26 16:04:33,693 - tensor([  12, 1290, 2710], device='cuda:0')
2024-01-26 16:04:33,693 - Classification Succeeds.
2024-01-26 16:04:33,693 - Link Generation Succeeds.
2024-01-26 16:04:34,575 - Victim node is 481.
2024-01-26 16:04:34,575 - tensor([ 306, 1358, 1986], device='cuda:0')
2024-01-26 16:04:34,576 - Classification Succeeds.
2024-01-26 16:04:34,576 - Link Generation Fails.
2024-01-26 16:04:35,461 - Victim node is 1609.
2024-01-26 16:04:35,461 - tensor([ 306, 1358, 1986], device='cuda:0')
2024-01-26 16:04:35,462 - Classification Fails.
2024-01-26 16:04:35,462 - Link Generation Fails.
2024-01-26 16:04:36,333 - Victim node is 1862.
2024-01-26 16:04:36,333 - tensor([1441, 1810, 1986], device='cuda:0')
2024-01-26 16:04:36,333 - Classification Succeeds.
2024-01-26 16:04:36,333 - Link Generation Fails.
2024-01-26 16:04:37,200 - Victim node is 2538.
2024-01-26 16:04:37,200 - tensor([  12, 1318, 2662], device='cuda:0')
2024-01-26 16:04:37,200 - Classification Succeeds.
2024-01-26 16:04:37,200 - Link Generation Fails.
2024-01-26 16:04:38,088 - Victim node is 775.
2024-01-26 16:04:38,088 - tensor([ 733, 1701, 1986], device='cuda:0')
2024-01-26 16:04:38,088 - Classification Succeeds.
2024-01-26 16:04:38,089 - Link Generation Fails.
2024-01-26 16:04:38,963 - Victim node is 855.
2024-01-26 16:04:38,963 - tensor([   7,   12, 2713], device='cuda:0')
2024-01-26 16:04:38,963 - Classification Succeeds.
2024-01-26 16:04:38,963 - Link Generation Succeeds.
2024-01-26 16:04:39,828 - Victim node is 447.
2024-01-26 16:04:39,828 - tensor([ 306, 1358, 1986], device='cuda:0')
2024-01-26 16:04:39,828 - Classification Succeeds.
2024-01-26 16:04:39,828 - Link Generation Fails.
2024-01-26 16:04:40,701 - Victim node is 2074.
2024-01-26 16:04:40,701 - tensor([ 306, 1013, 1914], device='cuda:0')
2024-01-26 16:04:40,701 - Classification Succeeds.
2024-01-26 16:04:40,701 - Link Generation Fails.
2024-01-26 16:04:41,569 - Victim node is 546.
2024-01-26 16:04:41,569 - tensor([2709, 2710, 2711], device='cuda:0')
2024-01-26 16:04:41,569 - Classification Fails.
2024-01-26 16:04:41,569 - Link Generation Succeeds.
2024-01-26 16:04:42,419 - Victim node is 1793.
2024-01-26 16:04:42,419 - tensor([1257, 2539, 2709], device='cuda:0')
2024-01-26 16:04:42,420 - Classification Fails.
2024-01-26 16:04:42,420 - Link Generation Succeeds.
2024-01-26 16:04:43,274 - Victim node is 241.
2024-01-26 16:04:43,274 - tensor([2711, 2718, 2722], device='cuda:0')
2024-01-26 16:04:43,275 - Classification Succeeds.
2024-01-26 16:04:43,275 - Link Generation Succeeds.
2024-01-26 16:04:44,142 - Victim node is 1460.
2024-01-26 16:04:44,143 - tensor([2710, 2716, 2719], device='cuda:0')
2024-01-26 16:04:44,143 - Classification Fails.
2024-01-26 16:04:44,143 - Link Generation Succeeds.
2024-01-26 16:04:45,015 - Victim node is 147.
2024-01-26 16:04:45,015 - tensor([2709, 2713, 2717], device='cuda:0')
2024-01-26 16:04:45,015 - Classification Succeeds.
2024-01-26 16:04:45,015 - Link Generation Succeeds.
2024-01-26 16:04:45,884 - Victim node is 1454.
2024-01-26 16:04:45,884 - tensor([ 306, 1358, 1623], device='cuda:0')
2024-01-26 16:04:45,884 - Classification Fails.
2024-01-26 16:04:45,884 - Link Generation Fails.
2024-01-26 16:04:46,746 - Victim node is 2673.
2024-01-26 16:04:46,746 - tensor([  12, 1318, 2662], device='cuda:0')
2024-01-26 16:04:46,746 - Classification Succeeds.
2024-01-26 16:04:46,746 - Link Generation Fails.
2024-01-26 16:04:47,617 - Victim node is 2099.
2024-01-26 16:04:47,617 - tensor([ 306, 1358, 1986], device='cuda:0')
2024-01-26 16:04:47,617 - Classification Fails.
2024-01-26 16:04:47,617 - Link Generation Fails.
2024-01-26 16:04:48,464 - Victim node is 2041.
2024-01-26 16:04:48,464 - tensor([ 306, 1358, 1986], device='cuda:0')
2024-01-26 16:04:48,465 - Classification Succeeds.
2024-01-26 16:04:48,465 - Link Generation Fails.
2024-01-26 16:04:49,335 - Victim node is 1760.
2024-01-26 16:04:49,335 - tensor([ 306, 1701, 1986], device='cuda:0')
2024-01-26 16:04:49,335 - Classification Succeeds.
2024-01-26 16:04:49,335 - Link Generation Fails.
2024-01-26 16:04:50,188 - Victim node is 2603.
2024-01-26 16:04:50,189 - tensor([ 735, 2539, 2709], device='cuda:0')
2024-01-26 16:04:50,189 - Classification Fails.
2024-01-26 16:04:50,189 - Link Generation Succeeds.
2024-01-26 16:04:51,053 - Victim node is 1465.
2024-01-26 16:04:51,054 - tensor([1358, 1701, 1986], device='cuda:0')
2024-01-26 16:04:51,054 - Classification Succeeds.
2024-01-26 16:04:51,054 - Link Generation Fails.
2024-01-26 16:04:51,910 - Victim node is 2487.
2024-01-26 16:04:51,910 - tensor([ 306, 1358, 1623], device='cuda:0')
2024-01-26 16:04:51,910 - Classification Succeeds.
2024-01-26 16:04:51,910 - Link Generation Fails.
2024-01-26 16:04:52,812 - Victim node is 2631.
2024-01-26 16:04:52,812 - tensor([ 307, 2708, 2709], device='cuda:0')
2024-01-26 16:04:52,812 - Classification Succeeds.
2024-01-26 16:04:52,812 - Link Generation Succeeds.
2024-01-26 16:04:53,745 - Victim node is 1536.
2024-01-26 16:04:53,745 - tensor([ 307,  991, 1257], device='cuda:0')
2024-01-26 16:04:53,745 - Classification Fails.
2024-01-26 16:04:53,745 - Link Generation Fails.
2024-01-26 16:04:54,607 - Victim node is 2396.
2024-01-26 16:04:54,607 - tensor([ 306, 1358, 1986], device='cuda:0')
2024-01-26 16:04:54,607 - Classification Fails.
2024-01-26 16:04:54,607 - Link Generation Fails.
2024-01-26 16:04:55,473 - Victim node is 974.
2024-01-26 16:04:55,474 - tensor([  12, 1290, 2709], device='cuda:0')
2024-01-26 16:04:55,474 - Classification Fails.
2024-01-26 16:04:55,474 - Link Generation Succeeds.
2024-01-26 16:04:56,356 - Victim node is 1255.
2024-01-26 16:04:56,356 - tensor([  12, 1257, 2713], device='cuda:0')
2024-01-26 16:04:56,356 - Classification Succeeds.
2024-01-26 16:04:56,356 - Link Generation Succeeds.
2024-01-26 16:04:57,206 - Victim node is 2408.
2024-01-26 16:04:57,206 - tensor([ 306, 1358, 1986], device='cuda:0')
2024-01-26 16:04:57,206 - Classification Succeeds.
2024-01-26 16:04:57,206 - Link Generation Fails.
2024-01-26 16:04:58,071 - Victim node is 1530.
2024-01-26 16:04:58,071 - tensor([  12, 2719, 2728], device='cuda:0')
2024-01-26 16:04:58,071 - Classification Succeeds.
2024-01-26 16:04:58,071 - Link Generation Succeeds.
2024-01-26 16:04:58,929 - Victim node is 1806.
2024-01-26 16:04:58,930 - tensor([ 733,  963, 1701], device='cuda:0')
2024-01-26 16:04:58,930 - Classification Fails.
2024-01-26 16:04:58,930 - Link Generation Fails.
2024-01-26 16:04:59,788 - Victim node is 2335.
2024-01-26 16:04:59,788 - tensor([  12, 1318, 2662], device='cuda:0')
2024-01-26 16:04:59,788 - Classification Succeeds.
2024-01-26 16:04:59,789 - Link Generation Fails.
2024-01-26 16:05:00,654 - Victim node is 1800.
2024-01-26 16:05:00,654 - tensor([ 306, 1358, 1986], device='cuda:0')
2024-01-26 16:05:00,654 - Classification Succeeds.
2024-01-26 16:05:00,654 - Link Generation Fails.
2024-01-26 16:05:01,541 - Victim node is 1526.
2024-01-26 16:05:01,541 - tensor([ 306, 1358, 1986], device='cuda:0')
2024-01-26 16:05:01,541 - Classification Fails.
2024-01-26 16:05:01,541 - Link Generation Fails.
2024-01-26 16:05:02,436 - Victim node is 1882.
2024-01-26 16:05:02,436 - tensor([ 306, 1358, 1986], device='cuda:0')
2024-01-26 16:05:02,436 - Classification Succeeds.
2024-01-26 16:05:02,436 - Link Generation Fails.
2024-01-26 16:05:03,304 - Victim node is 1295.
2024-01-26 16:05:03,304 - tensor([ 306, 1358, 1986], device='cuda:0')
2024-01-26 16:05:03,304 - Classification Succeeds.
2024-01-26 16:05:03,306 - Link Generation Fails.
2024-01-26 16:05:04,177 - Victim node is 721.
2024-01-26 16:05:04,177 - tensor([  12, 2662, 2709], device='cuda:0')
2024-01-26 16:05:04,177 - Classification Fails.
2024-01-26 16:05:04,177 - Link Generation Succeeds.
2024-01-26 16:05:05,045 - Victim node is 103.
2024-01-26 16:05:05,045 - tensor([1358, 1701, 1986], device='cuda:0')
2024-01-26 16:05:05,046 - Classification Succeeds.
2024-01-26 16:05:05,046 - Link Generation Fails.
2024-01-26 16:05:05,917 - Victim node is 2521.
2024-01-26 16:05:05,917 - tensor([  12, 1318, 2709], device='cuda:0')
2024-01-26 16:05:05,917 - Classification Fails.
2024-01-26 16:05:05,917 - Link Generation Succeeds.
2024-01-26 16:05:06,790 - Victim node is 2612.
2024-01-26 16:05:06,790 - tensor([ 306, 1358, 1701], device='cuda:0')
2024-01-26 16:05:06,790 - Classification Succeeds.
2024-01-26 16:05:06,790 - Link Generation Fails.
2024-01-26 16:05:07,668 - Victim node is 490.
2024-01-26 16:05:07,668 - tensor([ 306, 1358, 1986], device='cuda:0')
2024-01-26 16:05:07,668 - Classification Succeeds.
2024-01-26 16:05:07,668 - Link Generation Fails.
2024-01-26 16:05:08,539 - Victim node is 231.
2024-01-26 16:05:08,539 - tensor([ 306, 1358, 1986], device='cuda:0')
2024-01-26 16:05:08,539 - Classification Succeeds.
2024-01-26 16:05:08,539 - Link Generation Fails.
2024-01-26 16:05:09,404 - Victim node is 288.
2024-01-26 16:05:09,405 - tensor([ 306, 1358, 1701], device='cuda:0')
2024-01-26 16:05:09,405 - Classification Succeeds.
2024-01-26 16:05:09,405 - Link Generation Fails.
2024-01-26 16:05:10,270 - Victim node is 833.
2024-01-26 16:05:10,270 - tensor([ 963, 1119, 1257], device='cuda:0')
2024-01-26 16:05:10,271 - Classification Fails.
2024-01-26 16:05:10,271 - Link Generation Fails.
2024-01-26 16:05:11,195 - Victim node is 1284.
2024-01-26 16:05:11,195 - tensor([ 306, 1701, 1986], device='cuda:0')
2024-01-26 16:05:11,195 - Classification Succeeds.
2024-01-26 16:05:11,195 - Link Generation Fails.
2024-01-26 16:05:12,048 - Victim node is 1675.
2024-01-26 16:05:12,048 - tensor([ 306, 1358, 1986], device='cuda:0')
2024-01-26 16:05:12,048 - Classification Succeeds.
2024-01-26 16:05:12,048 - Link Generation Fails.
2024-01-26 16:05:12,916 - Victim node is 2049.
2024-01-26 16:05:12,916 - tensor([ 306, 1358, 1986], device='cuda:0')
2024-01-26 16:05:12,917 - Classification Succeeds.
2024-01-26 16:05:12,917 - Link Generation Fails.
2024-01-26 16:05:13,792 - Victim node is 1975.
2024-01-26 16:05:13,792 - tensor([ 306, 1358, 1986], device='cuda:0')
2024-01-26 16:05:13,792 - Classification Succeeds.
2024-01-26 16:05:13,792 - Link Generation Fails.
2024-01-26 16:05:14,667 - Victim node is 437.
2024-01-26 16:05:14,667 - tensor([ 306, 1358, 1986], device='cuda:0')
2024-01-26 16:05:14,668 - Classification Succeeds.
2024-01-26 16:05:14,668 - Link Generation Fails.
2024-01-26 16:05:15,551 - Victim node is 936.
2024-01-26 16:05:15,551 - tensor([ 306, 1358, 1986], device='cuda:0')
2024-01-26 16:05:15,552 - Classification Succeeds.
2024-01-26 16:05:15,552 - Link Generation Fails.
2024-01-26 16:05:16,425 - Victim node is 1659.
2024-01-26 16:05:16,425 - tensor([  12, 1257, 1290], device='cuda:0')
2024-01-26 16:05:16,425 - Classification Fails.
2024-01-26 16:05:16,425 - Link Generation Fails.
2024-01-26 16:05:17,300 - Victim node is 228.
2024-01-26 16:05:17,300 - tensor([ 306, 1701, 1986], device='cuda:0')
2024-01-26 16:05:17,300 - Classification Succeeds.
2024-01-26 16:05:17,300 - Link Generation Fails.
2024-01-26 16:05:18,168 - Victim node is 1164.
2024-01-26 16:05:18,168 - tensor([ 306, 1358, 1623], device='cuda:0')
2024-01-26 16:05:18,168 - Classification Fails.
2024-01-26 16:05:18,168 - Link Generation Fails.
2024-01-26 16:05:19,024 - Victim node is 2509.
2024-01-26 16:05:19,024 - tensor([1358, 1701, 1986], device='cuda:0')
2024-01-26 16:05:19,024 - Classification Succeeds.
2024-01-26 16:05:19,024 - Link Generation Fails.
2024-01-26 16:05:19,883 - Victim node is 2085.
2024-01-26 16:05:19,883 - tensor([1358, 1701, 1986], device='cuda:0')
2024-01-26 16:05:19,883 - Classification Succeeds.
2024-01-26 16:05:19,884 - Link Generation Fails.
2024-01-26 16:05:20,751 - Victim node is 227.
2024-01-26 16:05:20,751 - tensor([ 306, 1013, 1358], device='cuda:0')
2024-01-26 16:05:20,751 - Classification Succeeds.
2024-01-26 16:05:20,751 - Link Generation Fails.
2024-01-26 16:05:21,623 - Victim node is 2172.
2024-01-26 16:05:21,624 - tensor([ 306, 1358, 1986], device='cuda:0')
2024-01-26 16:05:21,624 - Classification Succeeds.
2024-01-26 16:05:21,624 - Link Generation Fails.
2024-01-26 16:05:22,493 - Victim node is 99.
2024-01-26 16:05:22,493 - tensor([  12, 1318, 2662], device='cuda:0')
2024-01-26 16:05:22,493 - Classification Succeeds.
2024-01-26 16:05:22,493 - Link Generation Fails.
2024-01-26 16:05:23,367 - Victim node is 229.
2024-01-26 16:05:23,367 - tensor([ 306, 1358, 1986], device='cuda:0')
2024-01-26 16:05:23,367 - Classification Succeeds.
2024-01-26 16:05:23,367 - Link Generation Fails.
2024-01-26 16:05:24,226 - Victim node is 1528.
2024-01-26 16:05:24,227 - tensor([ 306, 1358, 1986], device='cuda:0')
2024-01-26 16:05:24,227 - Classification Succeeds.
2024-01-26 16:05:24,227 - Link Generation Fails.
2024-01-26 16:05:25,107 - Victim node is 1982.
2024-01-26 16:05:25,107 - tensor([ 306, 1358, 1623], device='cuda:0')
2024-01-26 16:05:25,107 - Classification Fails.
2024-01-26 16:05:25,107 - Link Generation Fails.
2024-01-26 16:05:25,974 - Victim node is 2073.
2024-01-26 16:05:25,974 - tensor([ 306, 1358, 1986], device='cuda:0')
2024-01-26 16:05:25,975 - Classification Succeeds.
2024-01-26 16:05:25,975 - Link Generation Fails.
2024-01-26 16:05:26,842 - Victim node is 266.
2024-01-26 16:05:26,843 - tensor([1358, 1701, 1986], device='cuda:0')
2024-01-26 16:05:26,843 - Classification Fails.
2024-01-26 16:05:26,843 - Link Generation Fails.
2024-01-26 16:05:27,699 - Victim node is 373.
2024-01-26 16:05:27,699 - tensor([ 306, 1358, 1986], device='cuda:0')
2024-01-26 16:05:27,699 - Classification Succeeds.
2024-01-26 16:05:27,699 - Link Generation Fails.
2024-01-26 16:05:28,588 - Victim node is 1726.
2024-01-26 16:05:28,588 - tensor([ 306, 1701, 1986], device='cuda:0')
2024-01-26 16:05:28,588 - Classification Succeeds.
2024-01-26 16:05:28,588 - Link Generation Fails.
2024-01-26 16:05:29,450 - Victim node is 1506.
2024-01-26 16:05:29,450 - tensor([ 306, 1013, 1358], device='cuda:0')
2024-01-26 16:05:29,450 - Classification Fails.
2024-01-26 16:05:29,450 - Link Generation Fails.
2024-01-26 16:05:30,311 - Victim node is 2322.
2024-01-26 16:05:30,311 - tensor([ 306, 1358, 1986], device='cuda:0')
2024-01-26 16:05:30,311 - Classification Succeeds.
2024-01-26 16:05:30,311 - Link Generation Fails.
2024-01-26 16:05:31,170 - Victim node is 727.
2024-01-26 16:05:31,170 - tensor([2708, 2709, 2712], device='cuda:0')
2024-01-26 16:05:31,170 - Classification Fails.
2024-01-26 16:05:31,170 - Link Generation Succeeds.
2024-01-26 16:05:32,013 - Victim node is 2562.
2024-01-26 16:05:32,013 - tensor([2708, 2709, 2710], device='cuda:0')
2024-01-26 16:05:32,013 - Classification Fails.
2024-01-26 16:05:32,014 - Link Generation Succeeds.
2024-01-26 16:05:32,859 - Victim node is 1196.
2024-01-26 16:05:32,859 - tensor([ 306, 1358, 1623], device='cuda:0')
2024-01-26 16:05:32,859 - Classification Fails.
2024-01-26 16:05:32,859 - Link Generation Fails.
2024-01-26 16:05:33,706 - Victim node is 2023.
2024-01-26 16:05:33,706 - tensor([ 306, 1358, 1986], device='cuda:0')
2024-01-26 16:05:33,706 - Classification Fails.
2024-01-26 16:05:33,706 - Link Generation Fails.
2024-01-26 16:05:34,582 - Victim node is 2112.
2024-01-26 16:05:34,582 - tensor([ 306, 1358, 1986], device='cuda:0')
2024-01-26 16:05:34,583 - Classification Succeeds.
2024-01-26 16:05:34,583 - Link Generation Fails.
2024-01-26 16:05:35,457 - Victim node is 2265.
2024-01-26 16:05:35,457 - tensor([2708, 2709, 2713], device='cuda:0')
2024-01-26 16:05:35,457 - Classification Fails.
2024-01-26 16:05:35,457 - Link Generation Succeeds.
2024-01-26 16:05:36,330 - Victim node is 879.
2024-01-26 16:05:36,330 - tensor([  12, 2662, 2718], device='cuda:0')
2024-01-26 16:05:36,330 - Classification Fails.
2024-01-26 16:05:36,330 - Link Generation Succeeds.
2024-01-26 16:05:37,195 - Victim node is 2697.
2024-01-26 16:05:37,196 - tensor([1257, 2539, 2708], device='cuda:0')
2024-01-26 16:05:37,196 - Classification Succeeds.
2024-01-26 16:05:37,196 - Link Generation Succeeds.
2024-01-26 16:05:38,068 - Victim node is 2372.
2024-01-26 16:05:38,068 - tensor([ 306, 1358, 1986], device='cuda:0')
2024-01-26 16:05:38,068 - Classification Succeeds.
2024-01-26 16:05:38,068 - Link Generation Fails.
2024-01-26 16:05:38,943 - Victim node is 2581.
2024-01-26 16:05:38,943 - tensor([ 306, 1358, 2710], device='cuda:0')
2024-01-26 16:05:38,943 - Classification Succeeds.
2024-01-26 16:05:38,943 - Link Generation Succeeds.
2024-01-26 16:05:39,814 - Victim node is 1984.
2024-01-26 16:05:39,815 - tensor([ 306, 1358, 1986], device='cuda:0')
2024-01-26 16:05:39,815 - Classification Fails.
2024-01-26 16:05:39,815 - Link Generation Fails.
2024-01-26 16:05:40,678 - Victim node is 1080.
2024-01-26 16:05:40,678 - tensor([ 306, 1358, 1623], device='cuda:0')
2024-01-26 16:05:40,678 - Classification Succeeds.
2024-01-26 16:05:40,678 - Link Generation Fails.
2024-01-26 16:05:41,554 - Victim node is 1120.
2024-01-26 16:05:41,554 - tensor([ 306, 1358, 1986], device='cuda:0')
2024-01-26 16:05:41,554 - Classification Succeeds.
2024-01-26 16:05:41,554 - Link Generation Fails.
2024-01-26 16:05:42,426 - Victim node is 1085.
2024-01-26 16:05:42,426 - tensor([ 306, 1358, 1986], device='cuda:0')
2024-01-26 16:05:42,426 - Classification Fails.
2024-01-26 16:05:42,426 - Link Generation Fails.
2024-01-26 16:05:43,294 - Victim node is 1824.
2024-01-26 16:05:43,294 - tensor([  12, 2718, 2727], device='cuda:0')
2024-01-26 16:05:43,294 - Classification Succeeds.
2024-01-26 16:05:43,294 - Link Generation Succeeds.
2024-01-26 16:05:44,158 - Victim node is 1586.
2024-01-26 16:05:44,159 - tensor([ 306, 1358, 1986], device='cuda:0')
2024-01-26 16:05:44,159 - Classification Succeeds.
2024-01-26 16:05:44,159 - Link Generation Fails.
2024-01-26 16:05:45,031 - Victim node is 1699.
2024-01-26 16:05:45,032 - tensor([ 306, 1358, 1986], device='cuda:0')
2024-01-26 16:05:45,032 - Classification Succeeds.
2024-01-26 16:05:45,032 - Link Generation Fails.
2024-01-26 16:05:45,910 - Victim node is 1408.
2024-01-26 16:05:45,910 - tensor([ 306, 1358, 1701], device='cuda:0')
2024-01-26 16:05:45,911 - Classification Succeeds.
2024-01-26 16:05:45,911 - Link Generation Fails.
2024-01-26 16:05:46,825 - Victim node is 1735.
2024-01-26 16:05:46,825 - tensor([ 306, 1701, 1986], device='cuda:0')
2024-01-26 16:05:46,826 - Classification Succeeds.
2024-01-26 16:05:46,826 - Link Generation Fails.
2024-01-26 16:05:47,684 - Victim node is 629.
2024-01-26 16:05:47,684 - tensor([ 306, 1358, 1986], device='cuda:0')
2024-01-26 16:05:47,685 - Classification Succeeds.
2024-01-26 16:05:47,685 - Link Generation Fails.
2024-01-26 16:05:48,542 - Victim node is 805.
2024-01-26 16:05:48,542 - tensor([1257, 2248, 2721], device='cuda:0')
2024-01-26 16:05:48,542 - Classification Succeeds.
2024-01-26 16:05:48,542 - Link Generation Succeeds.
2024-01-26 16:05:49,412 - Victim node is 651.
2024-01-26 16:05:49,412 - tensor([ 306, 1358, 1986], device='cuda:0')
2024-01-26 16:05:49,412 - Classification Succeeds.
2024-01-26 16:05:49,412 - Link Generation Fails.
2024-01-26 16:05:50,299 - Victim node is 477.
2024-01-26 16:05:50,299 - tensor([  12, 1318, 2662], device='cuda:0')
2024-01-26 16:05:50,300 - Classification Fails.
2024-01-26 16:05:50,300 - Link Generation Fails.
2024-01-26 16:05:51,164 - Victim node is 2420.
2024-01-26 16:05:51,164 - tensor([  12, 2662, 2708], device='cuda:0')
2024-01-26 16:05:51,165 - Classification Fails.
2024-01-26 16:05:51,165 - Link Generation Succeeds.
2024-01-26 16:05:52,030 - Victim node is 2149.
2024-01-26 16:05:52,030 - tensor([  12, 2662, 2708], device='cuda:0')
2024-01-26 16:05:52,030 - Classification Fails.
2024-01-26 16:05:52,032 - Link Generation Succeeds.
2024-01-26 16:05:52,903 - Victim node is 1542.
2024-01-26 16:05:52,903 - tensor([ 306, 1358, 1986], device='cuda:0')
2024-01-26 16:05:52,903 - Classification Succeeds.
2024-01-26 16:05:52,903 - Link Generation Fails.
2024-01-26 16:05:53,777 - Victim node is 2057.
2024-01-26 16:05:53,778 - tensor([ 306, 1358, 1623], device='cuda:0')
2024-01-26 16:05:53,778 - Classification Fails.
2024-01-26 16:05:53,778 - Link Generation Fails.
2024-01-26 16:05:54,661 - Victim node is 2245.
2024-01-26 16:05:54,661 - tensor([2709, 2711, 2712], device='cuda:0')
2024-01-26 16:05:54,661 - Classification Succeeds.
2024-01-26 16:05:54,661 - Link Generation Succeeds.
2024-01-26 16:05:55,546 - Victim node is 1693.
2024-01-26 16:05:55,547 - tensor([ 306, 1358, 1623], device='cuda:0')
2024-01-26 16:05:55,547 - Classification Succeeds.
2024-01-26 16:05:55,547 - Link Generation Fails.
2024-01-26 16:05:56,430 - Victim node is 869.
2024-01-26 16:05:56,430 - tensor([ 306, 1358, 1986], device='cuda:0')
2024-01-26 16:05:56,432 - Classification Succeeds.
2024-01-26 16:05:56,432 - Link Generation Fails.
2024-01-26 16:05:57,292 - Victim node is 1598.
2024-01-26 16:05:57,292 - tensor([1257, 2715, 2716], device='cuda:0')
2024-01-26 16:05:57,293 - Classification Succeeds.
2024-01-26 16:05:57,293 - Link Generation Succeeds.
2024-01-26 16:05:58,140 - Victim node is 1060.
2024-01-26 16:05:58,141 - tensor([2714, 2716, 2729], device='cuda:0')
2024-01-26 16:05:58,141 - Classification Fails.
2024-01-26 16:05:58,141 - Link Generation Succeeds.
2024-01-26 16:05:58,994 - Victim node is 2384.
2024-01-26 16:05:58,994 - tensor([ 306, 1358, 2720], device='cuda:0')
2024-01-26 16:05:58,994 - Classification Fails.
2024-01-26 16:05:58,994 - Link Generation Succeeds.
2024-01-26 16:05:59,856 - Victim node is 1003.
2024-01-26 16:05:59,856 - tensor([1358, 1701, 1986], device='cuda:0')
2024-01-26 16:05:59,856 - Classification Succeeds.
2024-01-26 16:05:59,856 - Link Generation Fails.
2024-01-26 16:06:00,721 - Victim node is 1063.
2024-01-26 16:06:00,722 - tensor([1257, 2710, 2714], device='cuda:0')
2024-01-26 16:06:00,722 - Classification Fails.
2024-01-26 16:06:00,722 - Link Generation Succeeds.
2024-01-26 16:06:01,600 - Victim node is 520.
2024-01-26 16:06:01,600 - tensor([ 306, 1358, 1623], device='cuda:0')
2024-01-26 16:06:01,601 - Classification Fails.
2024-01-26 16:06:01,601 - Link Generation Fails.
2024-01-26 16:06:02,453 - Victim node is 2605.
2024-01-26 16:06:02,453 - tensor([1358, 1701, 1986], device='cuda:0')
2024-01-26 16:06:02,453 - Classification Succeeds.
2024-01-26 16:06:02,453 - Link Generation Fails.
2024-01-26 16:06:03,345 - Victim node is 1211.
2024-01-26 16:06:03,345 - tensor([ 306, 1358, 1986], device='cuda:0')
2024-01-26 16:06:03,345 - Classification Fails.
2024-01-26 16:06:03,345 - Link Generation Fails.
2024-01-26 16:06:04,218 - Victim node is 2324.
2024-01-26 16:06:04,218 - tensor([ 306, 1358, 1986], device='cuda:0')
2024-01-26 16:06:04,218 - Classification Succeeds.
2024-01-26 16:06:04,218 - Link Generation Fails.
2024-01-26 16:06:05,099 - Victim node is 607.
2024-01-26 16:06:05,099 - tensor([2709, 2714, 2716], device='cuda:0')
2024-01-26 16:06:05,099 - Classification Fails.
2024-01-26 16:06:05,099 - Link Generation Succeeds.
2024-01-26 16:06:05,961 - Victim node is 1578.
2024-01-26 16:06:05,961 - tensor([ 307, 2709, 2710], device='cuda:0')
2024-01-26 16:06:05,961 - Classification Fails.
2024-01-26 16:06:05,961 - Link Generation Succeeds.
2024-01-26 16:06:06,825 - Victim node is 2549.
2024-01-26 16:06:06,825 - tensor([  12, 1318, 2708], device='cuda:0')
2024-01-26 16:06:06,825 - Classification Succeeds.
2024-01-26 16:06:06,825 - Link Generation Succeeds.
2024-01-26 16:06:07,703 - Victim node is 814.
2024-01-26 16:06:07,703 - tensor([ 217, 1966, 2473], device='cuda:0')
2024-01-26 16:06:07,704 - Classification Succeeds.
2024-01-26 16:06:07,704 - Link Generation Fails.
2024-01-26 16:06:08,571 - Victim node is 1529.
2024-01-26 16:06:08,571 - tensor([ 306, 1358, 1986], device='cuda:0')
2024-01-26 16:06:08,571 - Classification Fails.
2024-01-26 16:06:08,571 - Link Generation Fails.
2024-01-26 16:06:09,456 - Victim node is 2620.
2024-01-26 16:06:09,456 - tensor([ 919, 1169, 1358], device='cuda:0')
2024-01-26 16:06:09,457 - Classification Fails.
2024-01-26 16:06:09,457 - Link Generation Fails.
2024-01-26 16:06:10,323 - Victim node is 1871.
2024-01-26 16:06:10,323 - tensor([ 306, 1358, 1986], device='cuda:0')
2024-01-26 16:06:10,324 - Classification Fails.
2024-01-26 16:06:10,324 - Link Generation Fails.
2024-01-26 16:06:11,195 - Victim node is 1632.
2024-01-26 16:06:11,195 - tensor([1169, 1358, 1765], device='cuda:0')
2024-01-26 16:06:11,195 - Classification Succeeds.
2024-01-26 16:06:11,195 - Link Generation Fails.
2024-01-26 16:06:12,053 - Victim node is 714.
2024-01-26 16:06:12,053 - tensor([  12, 2714, 2723], device='cuda:0')
2024-01-26 16:06:12,053 - Classification Succeeds.
2024-01-26 16:06:12,054 - Link Generation Succeeds.
2024-01-26 16:06:12,912 - Victim node is 1943.
2024-01-26 16:06:12,912 - tensor([ 306, 1358, 1623], device='cuda:0')
2024-01-26 16:06:12,912 - Classification Fails.
2024-01-26 16:06:12,912 - Link Generation Fails.
2024-01-26 16:06:13,766 - Victim node is 1301.
2024-01-26 16:06:13,766 - tensor([ 306, 1358, 1986], device='cuda:0')
2024-01-26 16:06:13,766 - Classification Succeeds.
2024-01-26 16:06:13,766 - Link Generation Fails.
2024-01-26 16:06:14,634 - Victim node is 1367.
2024-01-26 16:06:14,635 - tensor([1358, 1623, 1986], device='cuda:0')
2024-01-26 16:06:14,635 - Classification Succeeds.
2024-01-26 16:06:14,635 - Link Generation Fails.
2024-01-26 16:06:15,488 - Victim node is 1414.
2024-01-26 16:06:15,488 - tensor([2711, 2719, 2722], device='cuda:0')
2024-01-26 16:06:15,488 - Classification Succeeds.
2024-01-26 16:06:15,488 - Link Generation Succeeds.
2024-01-26 16:06:16,348 - Victim node is 1434.
2024-01-26 16:06:16,348 - tensor([ 306, 1358, 1701], device='cuda:0')
2024-01-26 16:06:16,348 - Classification Succeeds.
2024-01-26 16:06:16,348 - Link Generation Fails.
2024-01-26 16:06:17,228 - Victim node is 2021.
2024-01-26 16:06:17,228 - tensor([ 306, 1358, 1986], device='cuda:0')
2024-01-26 16:06:17,228 - Classification Succeeds.
2024-01-26 16:06:17,228 - Link Generation Fails.
2024-01-26 16:06:18,106 - Victim node is 959.
2024-01-26 16:06:18,106 - tensor([ 306, 1701, 2709], device='cuda:0')
2024-01-26 16:06:18,106 - Classification Fails.
2024-01-26 16:06:18,107 - Link Generation Succeeds.
2024-01-26 16:06:18,979 - Victim node is 1537.
2024-01-26 16:06:18,979 - tensor([2716, 2720, 2724], device='cuda:0')
2024-01-26 16:06:18,979 - Classification Succeeds.
2024-01-26 16:06:18,979 - Link Generation Succeeds.
2024-01-26 16:06:19,851 - Victim node is 2432.
2024-01-26 16:06:19,851 - tensor([1290, 2708, 2709], device='cuda:0')
2024-01-26 16:06:19,851 - Classification Fails.
2024-01-26 16:06:19,851 - Link Generation Succeeds.
2024-01-26 16:06:20,733 - Victim node is 1493.
2024-01-26 16:06:20,733 - tensor([  12, 2710, 2712], device='cuda:0')
2024-01-26 16:06:20,733 - Classification Succeeds.
2024-01-26 16:06:20,733 - Link Generation Succeeds.
2024-01-26 16:06:21,624 - Victim node is 269.
2024-01-26 16:06:21,624 - tensor([  12, 2714, 2719], device='cuda:0')
2024-01-26 16:06:21,625 - Classification Fails.
2024-01-26 16:06:21,625 - Link Generation Succeeds.
2024-01-26 16:06:22,498 - Victim node is 403.
2024-01-26 16:06:22,498 - tensor([ 306, 1358, 1986], device='cuda:0')
2024-01-26 16:06:22,499 - Classification Succeeds.
2024-01-26 16:06:22,499 - Link Generation Fails.
2024-01-26 16:06:23,363 - Victim node is 747.
2024-01-26 16:06:23,363 - tensor([2712, 2714, 2719], device='cuda:0')
2024-01-26 16:06:23,364 - Classification Succeeds.
2024-01-26 16:06:23,364 - Link Generation Succeeds.
2024-01-26 16:06:24,227 - Victim node is 1106.
2024-01-26 16:06:24,227 - tensor([  12,  422, 2662], device='cuda:0')
2024-01-26 16:06:24,228 - Classification Fails.
2024-01-26 16:06:24,228 - Link Generation Fails.
2024-01-26 16:06:25,103 - Victim node is 865.
2024-01-26 16:06:25,103 - tensor([  12, 2708, 2709], device='cuda:0')
2024-01-26 16:06:25,103 - Classification Fails.
2024-01-26 16:06:25,103 - Link Generation Succeeds.
2024-01-26 16:06:25,970 - Victim node is 111.
2024-01-26 16:06:25,970 - tensor([ 306, 1623, 1986], device='cuda:0')
2024-01-26 16:06:25,970 - Classification Succeeds.
2024-01-26 16:06:25,970 - Link Generation Fails.
2024-01-26 16:06:26,829 - Victim node is 2616.
2024-01-26 16:06:26,829 - tensor([ 306, 1358, 1986], device='cuda:0')
2024-01-26 16:06:26,829 - Classification Succeeds.
2024-01-26 16:06:26,829 - Link Generation Fails.
2024-01-26 16:06:27,692 - Victim node is 1419.
2024-01-26 16:06:27,692 - tensor([2708, 2710, 2712], device='cuda:0')
2024-01-26 16:06:27,693 - Classification Fails.
2024-01-26 16:06:27,693 - Link Generation Succeeds.
2024-01-26 16:06:28,550 - Victim node is 2293.
2024-01-26 16:06:28,550 - tensor([ 306, 1358, 1986], device='cuda:0')
2024-01-26 16:06:28,550 - Classification Fails.
2024-01-26 16:06:28,550 - Link Generation Fails.
2024-01-26 16:06:29,411 - Victim node is 1698.
2024-01-26 16:06:29,411 - tensor([ 217, 1257, 1510], device='cuda:0')
2024-01-26 16:06:29,412 - Classification Succeeds.
2024-01-26 16:06:29,412 - Link Generation Fails.
2024-01-26 16:06:30,282 - Victim node is 2038.
2024-01-26 16:06:30,282 - tensor([1119, 2124, 2126], device='cuda:0')
2024-01-26 16:06:30,282 - Classification Succeeds.
2024-01-26 16:06:30,282 - Link Generation Fails.
2024-01-26 16:06:31,144 - Victim node is 1491.
2024-01-26 16:06:31,144 - tensor([  12, 1318, 2662], device='cuda:0')
2024-01-26 16:06:31,145 - Classification Succeeds.
2024-01-26 16:06:31,145 - Link Generation Fails.
2024-01-26 16:06:32,019 - Victim node is 2606.
2024-01-26 16:06:32,020 - tensor([  12, 2662, 2708], device='cuda:0')
2024-01-26 16:06:32,020 - Classification Fails.
2024-01-26 16:06:32,020 - Link Generation Succeeds.
2024-01-26 16:06:32,882 - Victim node is 1330.
2024-01-26 16:06:32,882 - tensor([ 306, 1358, 1986], device='cuda:0')
2024-01-26 16:06:32,883 - Classification Fails.
2024-01-26 16:06:32,883 - Link Generation Fails.
2024-01-26 16:06:33,750 - Victim node is 2125.
2024-01-26 16:06:33,750 - tensor([2711, 2720, 2723], device='cuda:0')
2024-01-26 16:06:33,750 - Classification Fails.
2024-01-26 16:06:33,750 - Link Generation Succeeds.
2024-01-26 16:06:34,623 - Victim node is 542.
2024-01-26 16:06:34,623 - tensor([1358, 1701, 1986], device='cuda:0')
2024-01-26 16:06:34,623 - Classification Succeeds.
2024-01-26 16:06:34,623 - Link Generation Fails.
2024-01-26 16:06:35,482 - Victim node is 2587.
2024-01-26 16:06:35,482 - tensor([  12, 2662, 2709], device='cuda:0')
2024-01-26 16:06:35,482 - Classification Succeeds.
2024-01-26 16:06:35,482 - Link Generation Succeeds.
2024-01-26 16:06:36,377 - Victim node is 883.
2024-01-26 16:06:36,377 - tensor([ 306, 1358, 1986], device='cuda:0')
2024-01-26 16:06:36,377 - Classification Succeeds.
2024-01-26 16:06:36,378 - Link Generation Fails.
2024-01-26 16:06:37,258 - Victim node is 2088.
2024-01-26 16:06:37,258 - tensor([1358, 1623, 1986], device='cuda:0')
2024-01-26 16:06:37,258 - Classification Succeeds.
2024-01-26 16:06:37,258 - Link Generation Fails.
2024-01-26 16:06:38,142 - Victim node is 1543.
2024-01-26 16:06:38,142 - tensor([2715, 2716, 2722], device='cuda:0')
2024-01-26 16:06:38,142 - Classification Fails.
2024-01-26 16:06:38,142 - Link Generation Succeeds.
2024-01-26 16:06:39,007 - Victim node is 1931.
2024-01-26 16:06:39,007 - tensor([ 306, 1358, 1986], device='cuda:0')
2024-01-26 16:06:39,008 - Classification Succeeds.
2024-01-26 16:06:39,008 - Link Generation Fails.
2024-01-26 16:06:39,872 - Victim node is 1576.
2024-01-26 16:06:39,872 - tensor([ 306, 1358, 1986], device='cuda:0')
2024-01-26 16:06:39,873 - Classification Succeeds.
2024-01-26 16:06:39,873 - Link Generation Fails.
2024-01-26 16:06:40,736 - Victim node is 1991.
2024-01-26 16:06:40,736 - tensor([ 306, 1358, 1623], device='cuda:0')
2024-01-26 16:06:40,736 - Classification Succeeds.
2024-01-26 16:06:40,736 - Link Generation Fails.
2024-01-26 16:06:41,608 - Victim node is 472.
2024-01-26 16:06:41,608 - tensor([  12, 1257, 2713], device='cuda:0')
2024-01-26 16:06:41,609 - Classification Fails.
2024-01-26 16:06:41,609 - Link Generation Succeeds.
2024-01-26 16:06:42,603 - Victim node is 1768.
2024-01-26 16:06:42,603 - tensor([ 306, 1358, 1986], device='cuda:0')
2024-01-26 16:06:42,603 - Classification Succeeds.
2024-01-26 16:06:42,604 - Link Generation Fails.
2024-01-26 16:06:43,540 - Victim node is 105.
2024-01-26 16:06:43,540 - tensor([ 306, 1358, 1986], device='cuda:0')
2024-01-26 16:06:43,540 - Classification Succeeds.
2024-01-26 16:06:43,540 - Link Generation Fails.
2024-01-26 16:06:44,452 - Victim node is 2409.
2024-01-26 16:06:44,452 - tensor([ 306, 1358, 1701], device='cuda:0')
2024-01-26 16:06:44,452 - Classification Succeeds.
2024-01-26 16:06:44,452 - Link Generation Fails.
2024-01-26 16:06:45,349 - Victim node is 2649.
2024-01-26 16:06:45,350 - tensor([ 306, 1358, 1623], device='cuda:0')
2024-01-26 16:06:45,350 - Classification Fails.
2024-01-26 16:06:45,350 - Link Generation Fails.
2024-01-26 16:06:46,222 - Victim node is 331.
2024-01-26 16:06:46,222 - tensor([ 306, 1358, 1986], device='cuda:0')
2024-01-26 16:06:46,223 - Classification Fails.
2024-01-26 16:06:46,223 - Link Generation Fails.
2024-01-26 16:06:47,113 - Victim node is 115.
2024-01-26 16:06:47,113 - tensor([2709, 2711, 2714], device='cuda:0')
2024-01-26 16:06:47,113 - Classification Succeeds.
2024-01-26 16:06:47,113 - Link Generation Succeeds.
2024-01-26 16:06:47,999 - Victim node is 996.
2024-01-26 16:06:47,999 - tensor([2722, 2726, 2728], device='cuda:0')
2024-01-26 16:06:48,000 - Classification Fails.
2024-01-26 16:06:48,000 - Link Generation Succeeds.
2024-01-26 16:06:48,852 - Victim node is 430.
2024-01-26 16:06:48,853 - tensor([2716, 2717, 2720], device='cuda:0')
2024-01-26 16:06:48,853 - Classification Fails.
2024-01-26 16:06:48,853 - Link Generation Succeeds.
2024-01-26 16:06:49,718 - Victim node is 1878.
2024-01-26 16:06:49,718 - tensor([  12, 2717, 2721], device='cuda:0')
2024-01-26 16:06:49,718 - Classification Fails.
2024-01-26 16:06:49,718 - Link Generation Succeeds.
2024-01-26 16:06:50,583 - Victim node is 688.
2024-01-26 16:06:50,583 - tensor([  12, 2713, 2717], device='cuda:0')
2024-01-26 16:06:50,583 - Classification Succeeds.
2024-01-26 16:06:50,583 - Link Generation Succeeds.
2024-01-26 16:06:51,428 - Victim node is 508.
2024-01-26 16:06:51,428 - tensor([ 306, 1358, 1623], device='cuda:0')
2024-01-26 16:06:51,428 - Classification Succeeds.
2024-01-26 16:06:51,428 - Link Generation Fails.
2024-01-26 16:06:52,275 - Victim node is 1282.
2024-01-26 16:06:52,275 - tensor([ 306, 1358, 1986], device='cuda:0')
2024-01-26 16:06:52,276 - Classification Fails.
2024-01-26 16:06:52,276 - Link Generation Fails.
2024-01-26 16:06:53,161 - Victim node is 2252.
2024-01-26 16:06:53,161 - tensor([  12, 2710, 2713], device='cuda:0')
2024-01-26 16:06:53,161 - Classification Succeeds.
2024-01-26 16:06:53,162 - Link Generation Succeeds.
2024-01-26 16:06:54,040 - Victim node is 1327.
2024-01-26 16:06:54,041 - tensor([2710, 2711, 2713], device='cuda:0')
2024-01-26 16:06:54,041 - Classification Fails.
2024-01-26 16:06:54,041 - Link Generation Succeeds.
2024-01-26 16:06:54,898 - Victim node is 1557.
2024-01-26 16:06:54,898 - tensor([ 306, 1358, 1986], device='cuda:0')
2024-01-26 16:06:54,899 - Classification Succeeds.
2024-01-26 16:06:54,899 - Link Generation Fails.
2024-01-26 16:06:55,808 - Victim node is 2254.
2024-01-26 16:06:55,808 - tensor([ 306, 1358, 1623], device='cuda:0')
2024-01-26 16:06:55,808 - Classification Succeeds.
2024-01-26 16:06:55,809 - Link Generation Fails.
2024-01-26 16:06:56,718 - Victim node is 856.
2024-01-26 16:06:56,718 - tensor([  12, 1257, 2710], device='cuda:0')
2024-01-26 16:06:56,718 - Classification Succeeds.
2024-01-26 16:06:56,718 - Link Generation Succeeds.
2024-01-26 16:06:57,604 - Victim node is 379.
2024-01-26 16:06:57,604 - tensor([2721, 2729, 2732], device='cuda:0')
2024-01-26 16:06:57,605 - Classification Succeeds.
2024-01-26 16:06:57,605 - Link Generation Succeeds.
2024-01-26 16:06:58,485 - Victim node is 2364.
2024-01-26 16:06:58,485 - tensor([ 306, 1358, 1986], device='cuda:0')
2024-01-26 16:06:58,486 - Classification Succeeds.
2024-01-26 16:06:58,486 - Link Generation Fails.
2024-01-26 16:06:59,375 - Victim node is 249.
2024-01-26 16:06:59,375 - tensor([  12,  307, 2711], device='cuda:0')
2024-01-26 16:06:59,376 - Classification Fails.
2024-01-26 16:06:59,376 - Link Generation Succeeds.
2024-01-26 16:07:00,239 - Victim node is 2647.
2024-01-26 16:07:00,239 - tensor([  12,  963, 1257], device='cuda:0')
2024-01-26 16:07:00,241 - Classification Succeeds.
2024-01-26 16:07:00,241 - Link Generation Fails.
2024-01-26 16:07:01,096 - Victim node is 21.
2024-01-26 16:07:01,096 - tensor([ 306, 1358, 1701], device='cuda:0')
2024-01-26 16:07:01,096 - Classification Fails.
2024-01-26 16:07:01,096 - Link Generation Fails.
2024-01-26 16:07:01,971 - Victim node is 1036.
2024-01-26 16:07:01,971 - tensor([ 306, 1358, 1623], device='cuda:0')
2024-01-26 16:07:01,972 - Classification Fails.
2024-01-26 16:07:01,972 - Link Generation Fails.
2024-01-26 16:07:02,848 - Victim node is 696.
2024-01-26 16:07:02,848 - tensor([ 306, 1358, 1986], device='cuda:0')
2024-01-26 16:07:02,848 - Classification Fails.
2024-01-26 16:07:02,848 - Link Generation Fails.
2024-01-26 16:07:03,733 - Victim node is 1863.
2024-01-26 16:07:03,733 - tensor([2727, 2731, 2733], device='cuda:0')
2024-01-26 16:07:03,733 - Classification Succeeds.
2024-01-26 16:07:03,733 - Link Generation Succeeds.
2024-01-26 16:07:04,643 - Victim node is 2499.
2024-01-26 16:07:04,644 - tensor([ 306, 1013, 1358], device='cuda:0')
2024-01-26 16:07:04,644 - Classification Succeeds.
2024-01-26 16:07:04,644 - Link Generation Fails.
2024-01-26 16:07:05,554 - Victim node is 1227.
2024-01-26 16:07:05,554 - tensor([ 963, 1510, 2539], device='cuda:0')
2024-01-26 16:07:05,554 - Classification Fails.
2024-01-26 16:07:05,554 - Link Generation Fails.
2024-01-26 16:07:06,445 - Victim node is 1795.
2024-01-26 16:07:06,445 - tensor([  12, 1257, 2719], device='cuda:0')
2024-01-26 16:07:06,446 - Classification Succeeds.
2024-01-26 16:07:06,446 - Link Generation Succeeds.
2024-01-26 16:07:07,308 - Victim node is 663.
2024-01-26 16:07:07,308 - tensor([ 306, 1169, 1358], device='cuda:0')
2024-01-26 16:07:07,308 - Classification Fails.
2024-01-26 16:07:07,308 - Link Generation Fails.
2024-01-26 16:07:08,204 - Victim node is 1725.
2024-01-26 16:07:08,204 - tensor([ 306, 1701, 1986], device='cuda:0')
2024-01-26 16:07:08,204 - Classification Succeeds.
2024-01-26 16:07:08,204 - Link Generation Fails.
2024-01-26 16:07:09,154 - Victim node is 537.
2024-01-26 16:07:09,154 - tensor([  12, 1318, 2662], device='cuda:0')
2024-01-26 16:07:09,154 - Classification Fails.
2024-01-26 16:07:09,155 - Link Generation Fails.
2024-01-26 16:07:10,136 - Victim node is 2292.
2024-01-26 16:07:10,136 - tensor([  12, 2539, 2710], device='cuda:0')
2024-01-26 16:07:10,136 - Classification Succeeds.
2024-01-26 16:07:10,137 - Link Generation Succeeds.
2024-01-26 16:07:11,048 - Victim node is 2401.
2024-01-26 16:07:11,048 - tensor([  12,  739, 1257], device='cuda:0')
2024-01-26 16:07:11,048 - Classification Succeeds.
2024-01-26 16:07:11,048 - Link Generation Fails.
2024-01-26 16:07:11,938 - Victim node is 135.
2024-01-26 16:07:11,938 - tensor([ 306, 1358, 1986], device='cuda:0')
2024-01-26 16:07:11,938 - Classification Succeeds.
2024-01-26 16:07:11,938 - Link Generation Fails.
2024-01-26 16:07:12,789 - Victim node is 2022.
2024-01-26 16:07:12,790 - tensor([ 306, 1358, 2724], device='cuda:0')
2024-01-26 16:07:12,790 - Classification Fails.
2024-01-26 16:07:12,790 - Link Generation Succeeds.
2024-01-26 16:07:13,650 - Victim node is 2572.
2024-01-26 16:07:13,650 - tensor([  12, 1318, 2710], device='cuda:0')
2024-01-26 16:07:13,650 - Classification Fails.
2024-01-26 16:07:13,650 - Link Generation Succeeds.
2024-01-26 16:07:14,512 - Victim node is 617.
2024-01-26 16:07:14,512 - tensor([2729, 2749, 2750], device='cuda:0')
2024-01-26 16:07:14,512 - Classification Fails.
2024-01-26 16:07:14,512 - Link Generation Succeeds.
2024-01-26 16:07:15,376 - Victim node is 2512.
2024-01-26 16:07:15,376 - tensor([ 306, 1358, 1623], device='cuda:0')
2024-01-26 16:07:15,377 - Classification Fails.
2024-01-26 16:07:15,377 - Link Generation Fails.
2024-01-26 16:07:16,240 - Victim node is 216.
2024-01-26 16:07:16,240 - tensor([ 306, 1358, 1986], device='cuda:0')
2024-01-26 16:07:16,240 - Classification Succeeds.
2024-01-26 16:07:16,241 - Link Generation Fails.
2024-01-26 16:07:17,106 - Victim node is 2485.
2024-01-26 16:07:17,106 - tensor([ 306, 1358, 1986], device='cuda:0')
2024-01-26 16:07:17,106 - Classification Fails.
2024-01-26 16:07:17,106 - Link Generation Fails.
2024-01-26 16:07:18,001 - Victim node is 2563.
2024-01-26 16:07:18,001 - tensor([2708, 2711, 2717], device='cuda:0')
2024-01-26 16:07:18,002 - Classification Fails.
2024-01-26 16:07:18,002 - Link Generation Succeeds.
2024-01-26 16:07:18,002 - Misclassification Rate: 0.4260
2024-01-26 16:07:18,002 - Link Generation Rate: 0.3030
