2024-01-26 15:35:30,309 - Victim node is 903.
2024-01-26 15:35:30,310 - tensor([ 306, 1358, 1701], device='cuda:0')
2024-01-26 15:35:30,310 - Classification Fails.
2024-01-26 15:35:30,310 - Link Generation Fails.
2024-01-26 15:35:31,174 - Victim node is 1864.
2024-01-26 15:35:31,174 - tensor([ 306, 1358, 1986], device='cuda:0')
2024-01-26 15:35:31,174 - Classification Succeeds.
2024-01-26 15:35:31,174 - Link Generation Fails.
2024-01-26 15:35:32,011 - Victim node is 467.
2024-01-26 15:35:32,011 - tensor([ 306, 1358, 1986], device='cuda:0')
2024-01-26 15:35:32,011 - Classification Fails.
2024-01-26 15:35:32,011 - Link Generation Fails.
2024-01-26 15:35:32,849 - Victim node is 343.
2024-01-26 15:35:32,849 - tensor([ 306, 1358, 1986], device='cuda:0')
2024-01-26 15:35:32,852 - Classification Succeeds.
2024-01-26 15:35:32,852 - Link Generation Fails.
2024-01-26 15:35:33,680 - Victim node is 215.
2024-01-26 15:35:33,680 - tensor([ 306, 1358, 1623], device='cuda:0')
2024-01-26 15:35:33,680 - Classification Fails.
2024-01-26 15:35:33,681 - Link Generation Fails.
2024-01-26 15:35:34,563 - Victim node is 204.
2024-01-26 15:35:34,563 - tensor([ 306, 1013, 1358], device='cuda:0')
2024-01-26 15:35:34,564 - Classification Succeeds.
2024-01-26 15:35:34,564 - Link Generation Fails.
2024-01-26 15:35:35,481 - Victim node is 2596.
2024-01-26 15:35:35,481 - tensor([ 306, 1358, 1986], device='cuda:0')
2024-01-26 15:35:35,481 - Classification Succeeds.
2024-01-26 15:35:35,481 - Link Generation Fails.
2024-01-26 15:35:36,410 - Victim node is 23.
2024-01-26 15:35:36,410 - tensor([ 422,  545, 1952], device='cuda:0')
2024-01-26 15:35:36,411 - Classification Succeeds.
2024-01-26 15:35:36,411 - Link Generation Fails.
2024-01-26 15:35:37,312 - Victim node is 2037.
2024-01-26 15:35:37,313 - tensor([ 306, 1358, 1701], device='cuda:0')
2024-01-26 15:35:37,313 - Classification Succeeds.
2024-01-26 15:35:37,313 - Link Generation Fails.
2024-01-26 15:35:38,204 - Victim node is 8.
2024-01-26 15:35:38,204 - tensor([  12, 1257, 1510], device='cuda:0')
2024-01-26 15:35:38,205 - Classification Succeeds.
2024-01-26 15:35:38,205 - Link Generation Fails.
2024-01-26 15:35:39,197 - Victim node is 156.
2024-01-26 15:35:39,197 - tensor([ 306, 1701, 1986], device='cuda:0')
2024-01-26 15:35:39,197 - Classification Succeeds.
2024-01-26 15:35:39,197 - Link Generation Fails.
2024-01-26 15:35:40,059 - Victim node is 1494.
2024-01-26 15:35:40,059 - tensor([ 306, 1358, 1986], device='cuda:0')
2024-01-26 15:35:40,059 - Classification Fails.
2024-01-26 15:35:40,059 - Link Generation Fails.
2024-01-26 15:35:40,916 - Victim node is 995.
2024-01-26 15:35:40,916 - tensor([ 306, 1358, 1986], device='cuda:0')
2024-01-26 15:35:40,916 - Classification Fails.
2024-01-26 15:35:40,916 - Link Generation Fails.
2024-01-26 15:35:41,767 - Victim node is 2444.
2024-01-26 15:35:41,767 - tensor([ 306, 1358, 1701], device='cuda:0')
2024-01-26 15:35:41,768 - Classification Succeeds.
2024-01-26 15:35:41,768 - Link Generation Fails.
2024-01-26 15:35:42,604 - Victim node is 630.
2024-01-26 15:35:42,604 - tensor([ 306, 1358, 1623], device='cuda:0')
2024-01-26 15:35:42,604 - Classification Fails.
2024-01-26 15:35:42,604 - Link Generation Fails.
2024-01-26 15:35:43,447 - Victim node is 649.
2024-01-26 15:35:43,447 - tensor([  12, 1318, 2662], device='cuda:0')
2024-01-26 15:35:43,448 - Classification Fails.
2024-01-26 15:35:43,448 - Link Generation Fails.
2024-01-26 15:35:44,268 - Victim node is 1046.
2024-01-26 15:35:44,268 - tensor([  12, 1318, 2662], device='cuda:0')
2024-01-26 15:35:44,268 - Classification Succeeds.
2024-01-26 15:35:44,268 - Link Generation Fails.
2024-01-26 15:35:45,094 - Victim node is 1292.
2024-01-26 15:35:45,094 - tensor([ 306, 1701, 1986], device='cuda:0')
2024-01-26 15:35:45,095 - Classification Succeeds.
2024-01-26 15:35:45,095 - Link Generation Fails.
2024-01-26 15:35:46,023 - Victim node is 185.
2024-01-26 15:35:46,023 - tensor([ 306, 1358, 1986], device='cuda:0')
2024-01-26 15:35:46,023 - Classification Succeeds.
2024-01-26 15:35:46,023 - Link Generation Fails.
2024-01-26 15:35:46,923 - Victim node is 2508.
2024-01-26 15:35:46,923 - tensor([ 306, 1358, 1986], device='cuda:0')
2024-01-26 15:35:46,923 - Classification Succeeds.
2024-01-26 15:35:46,923 - Link Generation Fails.
2024-01-26 15:35:47,760 - Victim node is 2382.
2024-01-26 15:35:47,760 - tensor([  12, 1257, 2714], device='cuda:0')
2024-01-26 15:35:47,760 - Classification Fails.
2024-01-26 15:35:47,761 - Link Generation Succeeds.
2024-01-26 15:35:48,579 - Victim node is 1527.
2024-01-26 15:35:48,580 - tensor([ 306, 1358, 1986], device='cuda:0')
2024-01-26 15:35:48,580 - Classification Succeeds.
2024-01-26 15:35:48,580 - Link Generation Fails.
2024-01-26 15:35:49,405 - Victim node is 791.
2024-01-26 15:35:49,405 - tensor([ 733, 1701, 1986], device='cuda:0')
2024-01-26 15:35:49,405 - Classification Succeeds.
2024-01-26 15:35:49,405 - Link Generation Fails.
2024-01-26 15:35:50,242 - Victim node is 1268.
2024-01-26 15:35:50,242 - tensor([ 306, 1358, 1986], device='cuda:0')
2024-01-26 15:35:50,242 - Classification Fails.
2024-01-26 15:35:50,242 - Link Generation Fails.
2024-01-26 15:35:51,067 - Victim node is 533.
2024-01-26 15:35:51,067 - tensor([ 306, 1358, 2712], device='cuda:0')
2024-01-26 15:35:51,069 - Classification Succeeds.
2024-01-26 15:35:51,069 - Link Generation Succeeds.
2024-01-26 15:35:51,898 - Victim node is 1275.
2024-01-26 15:35:51,898 - tensor([ 306, 1358, 1986], device='cuda:0')
2024-01-26 15:35:51,898 - Classification Fails.
2024-01-26 15:35:51,899 - Link Generation Fails.
2024-01-26 15:35:52,764 - Victim node is 1498.
2024-01-26 15:35:52,764 - tensor([  12, 1318, 2662], device='cuda:0')
2024-01-26 15:35:52,765 - Classification Fails.
2024-01-26 15:35:52,765 - Link Generation Fails.
2024-01-26 15:35:53,595 - Victim node is 385.
2024-01-26 15:35:53,595 - tensor([2708, 2709, 2710], device='cuda:0')
2024-01-26 15:35:53,595 - Classification Succeeds.
2024-01-26 15:35:53,595 - Link Generation Succeeds.
2024-01-26 15:35:54,423 - Victim node is 1029.
2024-01-26 15:35:54,423 - tensor([ 306, 1358, 1986], device='cuda:0')
2024-01-26 15:35:54,424 - Classification Fails.
2024-01-26 15:35:54,424 - Link Generation Fails.
2024-01-26 15:35:55,248 - Victim node is 1610.
2024-01-26 15:35:55,248 - tensor([ 306, 1358, 1986], device='cuda:0')
2024-01-26 15:35:55,249 - Classification Succeeds.
2024-01-26 15:35:55,249 - Link Generation Fails.
2024-01-26 15:35:56,088 - Victim node is 853.
2024-01-26 15:35:56,088 - tensor([ 306, 1701, 1986], device='cuda:0')
2024-01-26 15:35:56,088 - Classification Succeeds.
2024-01-26 15:35:56,088 - Link Generation Fails.
2024-01-26 15:35:56,921 - Victim node is 1685.
2024-01-26 15:35:56,921 - tensor([ 306, 1358, 1986], device='cuda:0')
2024-01-26 15:35:56,921 - Classification Succeeds.
2024-01-26 15:35:56,921 - Link Generation Fails.
2024-01-26 15:35:57,807 - Victim node is 309.
2024-01-26 15:35:57,808 - tensor([  12, 1257, 1318], device='cuda:0')
2024-01-26 15:35:57,808 - Classification Fails.
2024-01-26 15:35:57,808 - Link Generation Fails.
2024-01-26 15:35:58,686 - Victim node is 2175.
2024-01-26 15:35:58,686 - tensor([ 306, 1358, 1986], device='cuda:0')
2024-01-26 15:35:58,687 - Classification Fails.
2024-01-26 15:35:58,687 - Link Generation Fails.
2024-01-26 15:35:59,590 - Victim node is 59.
2024-01-26 15:35:59,590 - tensor([ 306, 1701, 1986], device='cuda:0')
2024-01-26 15:35:59,590 - Classification Succeeds.
2024-01-26 15:35:59,590 - Link Generation Fails.
2024-01-26 15:36:00,461 - Victim node is 1823.
2024-01-26 15:36:00,461 - tensor([ 217, 2740, 2755], device='cuda:0')
2024-01-26 15:36:00,462 - Classification Succeeds.
2024-01-26 15:36:00,462 - Link Generation Succeeds.
2024-01-26 15:36:01,287 - Victim node is 2004.
2024-01-26 15:36:01,287 - tensor([ 306, 1358, 1701], device='cuda:0')
2024-01-26 15:36:01,288 - Classification Succeeds.
2024-01-26 15:36:01,288 - Link Generation Fails.
2024-01-26 15:36:02,116 - Victim node is 1317.
2024-01-26 15:36:02,116 - tensor([ 306, 1358, 1986], device='cuda:0')
2024-01-26 15:36:02,116 - Classification Succeeds.
2024-01-26 15:36:02,116 - Link Generation Fails.
2024-01-26 15:36:02,977 - Victim node is 1169.
2024-01-26 15:36:02,977 - tensor([ 306, 1701, 1986], device='cuda:0')
2024-01-26 15:36:02,977 - Classification Succeeds.
2024-01-26 15:36:02,977 - Link Generation Fails.
2024-01-26 15:36:03,815 - Victim node is 1919.
2024-01-26 15:36:03,816 - tensor([ 306, 1358, 1986], device='cuda:0')
2024-01-26 15:36:03,816 - Classification Succeeds.
2024-01-26 15:36:03,816 - Link Generation Fails.
2024-01-26 15:36:04,637 - Victim node is 2682.
2024-01-26 15:36:04,637 - tensor([1162, 1257, 1510], device='cuda:0')
2024-01-26 15:36:04,638 - Classification Succeeds.
2024-01-26 15:36:04,638 - Link Generation Fails.
2024-01-26 15:36:05,472 - Victim node is 1933.
2024-01-26 15:36:05,473 - tensor([ 306, 1358, 1986], device='cuda:0')
2024-01-26 15:36:05,473 - Classification Succeeds.
2024-01-26 15:36:05,473 - Link Generation Fails.
2024-01-26 15:36:06,307 - Victim node is 643.
2024-01-26 15:36:06,307 - tensor([ 306, 1358, 1986], device='cuda:0')
2024-01-26 15:36:06,307 - Classification Succeeds.
2024-01-26 15:36:06,308 - Link Generation Fails.
2024-01-26 15:36:07,145 - Victim node is 201.
2024-01-26 15:36:07,145 - tensor([ 306, 1358, 1623], device='cuda:0')
2024-01-26 15:36:07,145 - Classification Succeeds.
2024-01-26 15:36:07,145 - Link Generation Fails.
2024-01-26 15:36:08,023 - Victim node is 1161.
2024-01-26 15:36:08,023 - tensor([ 306, 1358, 2710], device='cuda:0')
2024-01-26 15:36:08,023 - Classification Succeeds.
2024-01-26 15:36:08,023 - Link Generation Succeeds.
2024-01-26 15:36:08,852 - Victim node is 2323.
2024-01-26 15:36:08,852 - tensor([  12, 1318, 2662], device='cuda:0')
2024-01-26 15:36:08,852 - Classification Succeeds.
2024-01-26 15:36:08,852 - Link Generation Fails.
2024-01-26 15:36:09,711 - Victim node is 254.
2024-01-26 15:36:09,711 - tensor([ 306, 1358, 1986], device='cuda:0')
2024-01-26 15:36:09,711 - Classification Succeeds.
2024-01-26 15:36:09,711 - Link Generation Fails.
2024-01-26 15:36:10,575 - Victim node is 816.
2024-01-26 15:36:10,575 - tensor([ 306, 1358, 1986], device='cuda:0')
2024-01-26 15:36:10,576 - Classification Succeeds.
2024-01-26 15:36:10,576 - Link Generation Fails.
2024-01-26 15:36:11,400 - Victim node is 2150.
2024-01-26 15:36:11,400 - tensor([2708, 2710, 2712], device='cuda:0')
2024-01-26 15:36:11,400 - Classification Fails.
2024-01-26 15:36:11,400 - Link Generation Succeeds.
2024-01-26 15:36:12,234 - Victim node is 420.
2024-01-26 15:36:12,235 - tensor([  12, 1318, 2662], device='cuda:0')
2024-01-26 15:36:12,235 - Classification Succeeds.
2024-01-26 15:36:12,235 - Link Generation Fails.
2024-01-26 15:36:13,127 - Victim node is 632.
2024-01-26 15:36:13,127 - tensor([ 306, 1358, 1986], device='cuda:0')
2024-01-26 15:36:13,127 - Classification Succeeds.
2024-01-26 15:36:13,127 - Link Generation Fails.
2024-01-26 15:36:14,028 - Victim node is 302.
2024-01-26 15:36:14,028 - tensor([1358, 1701, 1986], device='cuda:0')
2024-01-26 15:36:14,029 - Classification Succeeds.
2024-01-26 15:36:14,029 - Link Generation Fails.
2024-01-26 15:36:14,981 - Victim node is 2331.
2024-01-26 15:36:14,981 - tensor([ 306, 1358, 1986], device='cuda:0')
2024-01-26 15:36:14,983 - Classification Succeeds.
2024-01-26 15:36:14,983 - Link Generation Fails.
2024-01-26 15:36:15,949 - Victim node is 2203.
2024-01-26 15:36:15,950 - tensor([ 306, 1358, 1986], device='cuda:0')
2024-01-26 15:36:15,950 - Classification Succeeds.
2024-01-26 15:36:15,950 - Link Generation Fails.
2024-01-26 15:36:16,906 - Victim node is 1934.
2024-01-26 15:36:16,906 - tensor([ 306, 1358, 1986], device='cuda:0')
2024-01-26 15:36:16,906 - Classification Succeeds.
2024-01-26 15:36:16,907 - Link Generation Fails.
2024-01-26 15:36:17,925 - Victim node is 2662.
2024-01-26 15:36:17,926 - tensor([2708, 2709, 2710], device='cuda:0')
2024-01-26 15:36:17,926 - Classification Succeeds.
2024-01-26 15:36:17,926 - Link Generation Succeeds.
2024-01-26 15:36:18,909 - Victim node is 360.
2024-01-26 15:36:18,909 - tensor([  12, 1318, 2662], device='cuda:0')
2024-01-26 15:36:18,910 - Classification Fails.
2024-01-26 15:36:18,910 - Link Generation Fails.
2024-01-26 15:36:19,896 - Victim node is 145.
2024-01-26 15:36:19,896 - tensor([   7,  208, 1257], device='cuda:0')
2024-01-26 15:36:19,897 - Classification Fails.
2024-01-26 15:36:19,897 - Link Generation Fails.
2024-01-26 15:36:20,843 - Victim node is 694.
2024-01-26 15:36:20,843 - tensor([ 735,  739, 2539], device='cuda:0')
2024-01-26 15:36:20,844 - Classification Succeeds.
2024-01-26 15:36:20,844 - Link Generation Fails.
2024-01-26 15:36:21,734 - Victim node is 513.
2024-01-26 15:36:21,734 - tensor([ 306, 1358, 1986], device='cuda:0')
2024-01-26 15:36:21,734 - Classification Succeeds.
2024-01-26 15:36:21,734 - Link Generation Fails.
2024-01-26 15:36:22,660 - Victim node is 306.
2024-01-26 15:36:22,660 - tensor([1358, 1623, 1701], device='cuda:0')
2024-01-26 15:36:22,660 - Classification Succeeds.
2024-01-26 15:36:22,660 - Link Generation Fails.
2024-01-26 15:36:23,560 - Victim node is 2436.
2024-01-26 15:36:23,560 - tensor([ 306, 1358, 1986], device='cuda:0')
2024-01-26 15:36:23,561 - Classification Fails.
2024-01-26 15:36:23,561 - Link Generation Fails.
2024-01-26 15:36:24,450 - Victim node is 2402.
2024-01-26 15:36:24,450 - tensor([1119, 1692, 2034], device='cuda:0')
2024-01-26 15:36:24,450 - Classification Fails.
2024-01-26 15:36:24,450 - Link Generation Fails.
2024-01-26 15:36:25,366 - Victim node is 1853.
2024-01-26 15:36:25,366 - tensor([ 306, 1358, 1986], device='cuda:0')
2024-01-26 15:36:25,366 - Classification Succeeds.
2024-01-26 15:36:25,366 - Link Generation Fails.
2024-01-26 15:36:26,257 - Victim node is 1342.
2024-01-26 15:36:26,257 - tensor([  12, 2715, 2717], device='cuda:0')
2024-01-26 15:36:26,258 - Classification Succeeds.
2024-01-26 15:36:26,258 - Link Generation Succeeds.
2024-01-26 15:36:27,213 - Victim node is 1064.
2024-01-26 15:36:27,214 - tensor([1257, 2709, 2713], device='cuda:0')
2024-01-26 15:36:27,214 - Classification Succeeds.
2024-01-26 15:36:27,214 - Link Generation Succeeds.
2024-01-26 15:36:28,176 - Victim node is 1151.
2024-01-26 15:36:28,177 - tensor([  12, 2709, 2711], device='cuda:0')
2024-01-26 15:36:28,177 - Classification Fails.
2024-01-26 15:36:28,177 - Link Generation Succeeds.
2024-01-26 15:36:29,097 - Victim node is 1174.
2024-01-26 15:36:29,097 - tensor([ 306, 1358, 1986], device='cuda:0')
2024-01-26 15:36:29,097 - Classification Succeeds.
2024-01-26 15:36:29,097 - Link Generation Fails.
2024-01-26 15:36:30,029 - Victim node is 2017.
2024-01-26 15:36:30,029 - tensor([ 306, 1358, 1986], device='cuda:0')
2024-01-26 15:36:30,030 - Classification Succeeds.
2024-01-26 15:36:30,030 - Link Generation Fails.
2024-01-26 15:36:31,063 - Victim node is 2556.
2024-01-26 15:36:31,063 - tensor([ 306, 1358, 1986], device='cuda:0')
2024-01-26 15:36:31,064 - Classification Succeeds.
2024-01-26 15:36:31,065 - Link Generation Fails.
2024-01-26 15:36:32,069 - Victim node is 1575.
2024-01-26 15:36:32,069 - tensor([  12, 1257, 2712], device='cuda:0')
2024-01-26 15:36:32,070 - Classification Fails.
2024-01-26 15:36:32,070 - Link Generation Succeeds.
2024-01-26 15:36:33,050 - Victim node is 596.
2024-01-26 15:36:33,050 - tensor([ 306, 1358, 1986], device='cuda:0')
2024-01-26 15:36:33,050 - Classification Succeeds.
2024-01-26 15:36:33,050 - Link Generation Fails.
2024-01-26 15:36:34,008 - Victim node is 345.
2024-01-26 15:36:34,008 - tensor([1257, 1673, 2716], device='cuda:0')
2024-01-26 15:36:34,008 - Classification Fails.
2024-01-26 15:36:34,008 - Link Generation Succeeds.
2024-01-26 15:36:34,899 - Victim node is 2430.
2024-01-26 15:36:34,899 - tensor([ 306, 1358, 1623], device='cuda:0')
2024-01-26 15:36:34,899 - Classification Fails.
2024-01-26 15:36:34,899 - Link Generation Fails.
2024-01-26 15:36:35,797 - Victim node is 1614.
2024-01-26 15:36:35,798 - tensor([ 306, 1358, 1986], device='cuda:0')
2024-01-26 15:36:35,798 - Classification Succeeds.
2024-01-26 15:36:35,798 - Link Generation Fails.
2024-01-26 15:36:36,678 - Victim node is 2546.
2024-01-26 15:36:36,678 - tensor([ 700, 1691, 2539], device='cuda:0')
2024-01-26 15:36:36,679 - Classification Succeeds.
2024-01-26 15:36:36,679 - Link Generation Fails.
2024-01-26 15:36:37,593 - Victim node is 282.
2024-01-26 15:36:37,593 - tensor([2710, 2711, 2713], device='cuda:0')
2024-01-26 15:36:37,593 - Classification Succeeds.
2024-01-26 15:36:37,593 - Link Generation Succeeds.
2024-01-26 15:36:38,514 - Victim node is 554.
2024-01-26 15:36:38,514 - tensor([1358, 1701, 1986], device='cuda:0')
2024-01-26 15:36:38,514 - Classification Fails.
2024-01-26 15:36:38,514 - Link Generation Fails.
2024-01-26 15:36:39,385 - Victim node is 1474.
2024-01-26 15:36:39,386 - tensor([ 306, 1358, 1623], device='cuda:0')
2024-01-26 15:36:39,386 - Classification Succeeds.
2024-01-26 15:36:39,386 - Link Generation Fails.
2024-01-26 15:36:40,232 - Victim node is 1363.
2024-01-26 15:36:40,232 - tensor([ 306, 1013, 1358], device='cuda:0')
2024-01-26 15:36:40,232 - Classification Fails.
2024-01-26 15:36:40,233 - Link Generation Fails.
2024-01-26 15:36:41,138 - Victim node is 1812.
2024-01-26 15:36:41,139 - tensor([ 306, 1358, 1701], device='cuda:0')
2024-01-26 15:36:41,139 - Classification Succeeds.
2024-01-26 15:36:41,139 - Link Generation Fails.
2024-01-26 15:36:42,032 - Victim node is 1966.
2024-01-26 15:36:42,032 - tensor([2717, 2742, 2748], device='cuda:0')
2024-01-26 15:36:42,033 - Classification Succeeds.
2024-01-26 15:36:42,033 - Link Generation Succeeds.
2024-01-26 15:36:42,894 - Victim node is 1517.
2024-01-26 15:36:42,894 - tensor([ 306, 1358, 1986], device='cuda:0')
2024-01-26 15:36:42,894 - Classification Succeeds.
2024-01-26 15:36:42,894 - Link Generation Fails.
2024-01-26 15:36:43,781 - Victim node is 1411.
2024-01-26 15:36:43,781 - tensor([ 306, 1358, 1986], device='cuda:0')
2024-01-26 15:36:43,781 - Classification Fails.
2024-01-26 15:36:43,781 - Link Generation Fails.
2024-01-26 15:36:44,717 - Victim node is 1914.
2024-01-26 15:36:44,717 - tensor([ 306, 1358, 1986], device='cuda:0')
2024-01-26 15:36:44,718 - Classification Succeeds.
2024-01-26 15:36:44,718 - Link Generation Fails.
2024-01-26 15:36:45,640 - Victim node is 1041.
2024-01-26 15:36:45,640 - tensor([ 306, 1701, 1986], device='cuda:0')
2024-01-26 15:36:45,640 - Classification Succeeds.
2024-01-26 15:36:45,640 - Link Generation Fails.
2024-01-26 15:36:46,600 - Victim node is 2360.
2024-01-26 15:36:46,600 - tensor([ 306, 1358, 1986], device='cuda:0')
2024-01-26 15:36:46,600 - Classification Fails.
2024-01-26 15:36:46,600 - Link Generation Fails.
2024-01-26 15:36:47,553 - Victim node is 670.
2024-01-26 15:36:47,553 - tensor([ 963, 1257, 2708], device='cuda:0')
2024-01-26 15:36:47,553 - Classification Fails.
2024-01-26 15:36:47,553 - Link Generation Succeeds.
2024-01-26 15:36:48,506 - Victim node is 2484.
2024-01-26 15:36:48,506 - tensor([  12, 1318, 2662], device='cuda:0')
2024-01-26 15:36:48,506 - Classification Fails.
2024-01-26 15:36:48,507 - Link Generation Fails.
2024-01-26 15:36:49,429 - Victim node is 2375.
2024-01-26 15:36:49,429 - tensor([2711, 2713, 2719], device='cuda:0')
2024-01-26 15:36:49,429 - Classification Succeeds.
2024-01-26 15:36:49,429 - Link Generation Succeeds.
2024-01-26 15:36:50,359 - Victim node is 366.
2024-01-26 15:36:50,359 - tensor([ 306, 1358, 1701], device='cuda:0')
2024-01-26 15:36:50,359 - Classification Succeeds.
2024-01-26 15:36:50,359 - Link Generation Fails.
2024-01-26 15:36:51,297 - Victim node is 1797.
2024-01-26 15:36:51,297 - tensor([1358, 1701, 1986], device='cuda:0')
2024-01-26 15:36:51,297 - Classification Succeeds.
2024-01-26 15:36:51,297 - Link Generation Fails.
2024-01-26 15:36:52,231 - Victim node is 735.
2024-01-26 15:36:52,231 - tensor([1119, 1257, 2124], device='cuda:0')
2024-01-26 15:36:52,231 - Classification Succeeds.
2024-01-26 15:36:52,231 - Link Generation Fails.
2024-01-26 15:36:53,164 - Victim node is 1302.
2024-01-26 15:36:53,164 - tensor([ 306, 1358, 1623], device='cuda:0')
2024-01-26 15:36:53,164 - Classification Fails.
2024-01-26 15:36:53,164 - Link Generation Fails.
2024-01-26 15:36:54,113 - Victim node is 2544.
2024-01-26 15:36:54,113 - tensor([ 306, 1013, 1358], device='cuda:0')
2024-01-26 15:36:54,114 - Classification Succeeds.
2024-01-26 15:36:54,114 - Link Generation Fails.
2024-01-26 15:36:55,046 - Victim node is 1624.
2024-01-26 15:36:55,046 - tensor([ 306, 1358, 1701], device='cuda:0')
2024-01-26 15:36:55,047 - Classification Succeeds.
2024-01-26 15:36:55,047 - Link Generation Fails.
2024-01-26 15:36:55,989 - Victim node is 2645.
2024-01-26 15:36:55,989 - tensor([  12, 2713, 2721], device='cuda:0')
2024-01-26 15:36:55,991 - Classification Succeeds.
2024-01-26 15:36:55,991 - Link Generation Succeeds.
2024-01-26 15:36:56,938 - Victim node is 2084.
2024-01-26 15:36:56,938 - tensor([1358, 1623, 1986], device='cuda:0')
2024-01-26 15:36:56,938 - Classification Succeeds.
2024-01-26 15:36:56,938 - Link Generation Fails.
2024-01-26 15:36:57,869 - Victim node is 715.
2024-01-26 15:36:57,869 - tensor([2709, 2711, 2715], device='cuda:0')
2024-01-26 15:36:57,869 - Classification Fails.
2024-01-26 15:36:57,869 - Link Generation Succeeds.
2024-01-26 15:36:58,815 - Victim node is 73.
2024-01-26 15:36:58,816 - tensor([ 306, 1701, 1986], device='cuda:0')
2024-01-26 15:36:58,816 - Classification Succeeds.
2024-01-26 15:36:58,816 - Link Generation Fails.
2024-01-26 15:36:59,727 - Victim node is 2191.
2024-01-26 15:36:59,727 - tensor([1119, 1257, 2539], device='cuda:0')
2024-01-26 15:36:59,727 - Classification Succeeds.
2024-01-26 15:36:59,727 - Link Generation Fails.
2024-01-26 15:37:00,659 - Victim node is 1219.
2024-01-26 15:37:00,659 - tensor([1358, 1701, 1986], device='cuda:0')
2024-01-26 15:37:00,659 - Classification Succeeds.
2024-01-26 15:37:00,659 - Link Generation Fails.
2024-01-26 15:37:01,576 - Victim node is 1660.
2024-01-26 15:37:01,576 - tensor([ 306, 1358, 1701], device='cuda:0')
2024-01-26 15:37:01,576 - Classification Fails.
2024-01-26 15:37:01,576 - Link Generation Fails.
2024-01-26 15:37:02,481 - Victim node is 1267.
2024-01-26 15:37:02,481 - tensor([2722, 2723, 2725], device='cuda:0')
2024-01-26 15:37:02,482 - Classification Succeeds.
2024-01-26 15:37:02,482 - Link Generation Succeeds.
2024-01-26 15:37:03,414 - Victim node is 2359.
2024-01-26 15:37:03,414 - tensor([ 306, 1358, 1986], device='cuda:0')
2024-01-26 15:37:03,414 - Classification Succeeds.
2024-01-26 15:37:03,414 - Link Generation Fails.
2024-01-26 15:37:04,371 - Victim node is 1958.
2024-01-26 15:37:04,371 - tensor([  12, 2719, 2745], device='cuda:0')
2024-01-26 15:37:04,372 - Classification Succeeds.
2024-01-26 15:37:04,372 - Link Generation Succeeds.
2024-01-26 15:37:05,300 - Victim node is 2258.
2024-01-26 15:37:05,300 - tensor([  12, 1318, 2708], device='cuda:0')
2024-01-26 15:37:05,300 - Classification Fails.
2024-01-26 15:37:05,300 - Link Generation Succeeds.
2024-01-26 15:37:06,260 - Victim node is 2489.
2024-01-26 15:37:06,260 - tensor([ 306, 1358, 1623], device='cuda:0')
2024-01-26 15:37:06,260 - Classification Fails.
2024-01-26 15:37:06,261 - Link Generation Fails.
2024-01-26 15:37:07,188 - Victim node is 2006.
2024-01-26 15:37:07,188 - tensor([ 306, 1358, 1701], device='cuda:0')
2024-01-26 15:37:07,188 - Classification Succeeds.
2024-01-26 15:37:07,188 - Link Generation Fails.
2024-01-26 15:37:08,107 - Victim node is 1597.
2024-01-26 15:37:08,107 - tensor([   7,  208, 2710], device='cuda:0')
2024-01-26 15:37:08,107 - Classification Succeeds.
2024-01-26 15:37:08,107 - Link Generation Succeeds.
2024-01-26 15:37:09,054 - Victim node is 211.
2024-01-26 15:37:09,054 - tensor([ 306, 1358, 1986], device='cuda:0')
2024-01-26 15:37:09,054 - Classification Succeeds.
2024-01-26 15:37:09,054 - Link Generation Fails.
2024-01-26 15:37:09,976 - Victim node is 922.
2024-01-26 15:37:09,976 - tensor([  12, 1257, 2711], device='cuda:0')
2024-01-26 15:37:09,976 - Classification Succeeds.
2024-01-26 15:37:09,976 - Link Generation Succeeds.
2024-01-26 15:37:10,885 - Victim node is 1558.
2024-01-26 15:37:10,885 - tensor([ 306, 1358, 1701], device='cuda:0')
2024-01-26 15:37:10,885 - Classification Succeeds.
2024-01-26 15:37:10,885 - Link Generation Fails.
2024-01-26 15:37:11,759 - Victim node is 1305.
2024-01-26 15:37:11,759 - tensor([ 306, 1701, 1986], device='cuda:0')
2024-01-26 15:37:11,759 - Classification Succeeds.
2024-01-26 15:37:11,760 - Link Generation Fails.
2024-01-26 15:37:12,610 - Victim node is 710.
2024-01-26 15:37:12,611 - tensor([ 733, 1701, 2034], device='cuda:0')
2024-01-26 15:37:12,611 - Classification Succeeds.
2024-01-26 15:37:12,611 - Link Generation Fails.
2024-01-26 15:37:13,480 - Victim node is 493.
2024-01-26 15:37:13,480 - tensor([ 306, 1358, 1986], device='cuda:0')
2024-01-26 15:37:13,480 - Classification Succeeds.
2024-01-26 15:37:13,480 - Link Generation Fails.
2024-01-26 15:37:14,377 - Victim node is 2588.
2024-01-26 15:37:14,377 - tensor([  12, 2710, 2711], device='cuda:0')
2024-01-26 15:37:14,378 - Classification Fails.
2024-01-26 15:37:14,378 - Link Generation Succeeds.
2024-01-26 15:37:15,272 - Victim node is 2131.
2024-01-26 15:37:15,272 - tensor([ 306, 1358, 1986], device='cuda:0')
2024-01-26 15:37:15,272 - Classification Succeeds.
2024-01-26 15:37:15,272 - Link Generation Fails.
2024-01-26 15:37:16,188 - Victim node is 15.
2024-01-26 15:37:16,189 - tensor([  12, 1318, 2662], device='cuda:0')
2024-01-26 15:37:16,189 - Classification Succeeds.
2024-01-26 15:37:16,189 - Link Generation Fails.
2024-01-26 15:37:17,104 - Victim node is 2101.
2024-01-26 15:37:17,104 - tensor([ 306, 1358, 1986], device='cuda:0')
2024-01-26 15:37:17,106 - Classification Fails.
2024-01-26 15:37:17,106 - Link Generation Fails.
2024-01-26 15:37:18,047 - Victim node is 1289.
2024-01-26 15:37:18,047 - tensor([ 306, 1358, 1986], device='cuda:0')
2024-01-26 15:37:18,047 - Classification Fails.
2024-01-26 15:37:18,047 - Link Generation Fails.
2024-01-26 15:37:19,015 - Victim node is 2414.
2024-01-26 15:37:19,015 - tensor([  12, 2709, 2711], device='cuda:0')
2024-01-26 15:37:19,016 - Classification Fails.
2024-01-26 15:37:19,016 - Link Generation Succeeds.
2024-01-26 15:37:19,928 - Victim node is 26.
2024-01-26 15:37:19,928 - tensor([  12, 1318, 2662], device='cuda:0')
2024-01-26 15:37:19,928 - Classification Succeeds.
2024-01-26 15:37:19,928 - Link Generation Fails.
2024-01-26 15:37:20,883 - Victim node is 1237.
2024-01-26 15:37:20,883 - tensor([2711, 2712, 2716], device='cuda:0')
2024-01-26 15:37:20,883 - Classification Fails.
2024-01-26 15:37:20,883 - Link Generation Succeeds.
2024-01-26 15:37:21,797 - Victim node is 1583.
2024-01-26 15:37:21,797 - tensor([ 306, 1358, 1986], device='cuda:0')
2024-01-26 15:37:21,798 - Classification Succeeds.
2024-01-26 15:37:21,798 - Link Generation Fails.
2024-01-26 15:37:22,692 - Victim node is 781.
2024-01-26 15:37:22,692 - tensor([1358, 1701, 1986], device='cuda:0')
2024-01-26 15:37:22,692 - Classification Succeeds.
2024-01-26 15:37:22,692 - Link Generation Fails.
2024-01-26 15:37:23,596 - Victim node is 56.
2024-01-26 15:37:23,596 - tensor([ 306, 1358, 1986], device='cuda:0')
2024-01-26 15:37:23,597 - Classification Succeeds.
2024-01-26 15:37:23,597 - Link Generation Fails.
2024-01-26 15:37:24,526 - Victim node is 1356.
2024-01-26 15:37:24,526 - tensor([   7,   12, 2708], device='cuda:0')
2024-01-26 15:37:24,526 - Classification Succeeds.
2024-01-26 15:37:24,526 - Link Generation Succeeds.
2024-01-26 15:37:25,417 - Victim node is 2438.
2024-01-26 15:37:25,417 - tensor([2708, 2709, 2710], device='cuda:0')
2024-01-26 15:37:25,417 - Classification Succeeds.
2024-01-26 15:37:25,417 - Link Generation Succeeds.
2024-01-26 15:37:26,331 - Victim node is 1589.
2024-01-26 15:37:26,331 - tensor([ 306, 1358, 1623], device='cuda:0')
2024-01-26 15:37:26,332 - Classification Succeeds.
2024-01-26 15:37:26,332 - Link Generation Fails.
2024-01-26 15:37:27,263 - Victim node is 724.
2024-01-26 15:37:27,263 - tensor([ 306, 1358, 1986], device='cuda:0')
2024-01-26 15:37:27,263 - Classification Fails.
2024-01-26 15:37:27,263 - Link Generation Fails.
2024-01-26 15:37:28,191 - Victim node is 1360.
2024-01-26 15:37:28,191 - tensor([2712, 2713, 2727], device='cuda:0')
2024-01-26 15:37:28,192 - Classification Succeeds.
2024-01-26 15:37:28,192 - Link Generation Succeeds.
2024-01-26 15:37:29,090 - Victim node is 1679.
2024-01-26 15:37:29,090 - tensor([  12, 1318, 2662], device='cuda:0')
2024-01-26 15:37:29,090 - Classification Fails.
2024-01-26 15:37:29,090 - Link Generation Fails.
2024-01-26 15:37:29,987 - Victim node is 428.
2024-01-26 15:37:29,987 - tensor([2711, 2718, 2732], device='cuda:0')
2024-01-26 15:37:29,988 - Classification Fails.
2024-01-26 15:37:29,988 - Link Generation Succeeds.
2024-01-26 15:37:30,874 - Victim node is 951.
2024-01-26 15:37:30,874 - tensor([ 306, 1623, 1986], device='cuda:0')
2024-01-26 15:37:30,875 - Classification Succeeds.
2024-01-26 15:37:30,875 - Link Generation Fails.
2024-01-26 15:37:31,770 - Victim node is 2582.
2024-01-26 15:37:31,770 - tensor([1257, 2248, 2671], device='cuda:0')
2024-01-26 15:37:31,771 - Classification Succeeds.
2024-01-26 15:37:31,771 - Link Generation Fails.
2024-01-26 15:37:32,705 - Victim node is 1644.
2024-01-26 15:37:32,705 - tensor([ 306, 1358, 1986], device='cuda:0')
2024-01-26 15:37:32,705 - Classification Succeeds.
2024-01-26 15:37:32,705 - Link Generation Fails.
2024-01-26 15:37:33,603 - Victim node is 763.
2024-01-26 15:37:33,603 - tensor([ 306, 1358, 1623], device='cuda:0')
2024-01-26 15:37:33,605 - Classification Fails.
2024-01-26 15:37:33,605 - Link Generation Fails.
2024-01-26 15:37:34,533 - Victim node is 809.
2024-01-26 15:37:34,533 - tensor([ 306, 1358, 1986], device='cuda:0')
2024-01-26 15:37:34,534 - Classification Succeeds.
2024-01-26 15:37:34,534 - Link Generation Fails.
2024-01-26 15:37:35,461 - Victim node is 1049.
2024-01-26 15:37:35,461 - tensor([ 700, 1691, 2539], device='cuda:0')
2024-01-26 15:37:35,461 - Classification Succeeds.
2024-01-26 15:37:35,461 - Link Generation Fails.
2024-01-26 15:37:36,401 - Victim node is 1687.
2024-01-26 15:37:36,401 - tensor([ 963, 1257, 2248], device='cuda:0')
2024-01-26 15:37:36,402 - Classification Succeeds.
2024-01-26 15:37:36,402 - Link Generation Fails.
2024-01-26 15:37:37,344 - Victim node is 2532.
2024-01-26 15:37:37,344 - tensor([ 306, 1358, 1623], device='cuda:0')
2024-01-26 15:37:37,345 - Classification Succeeds.
2024-01-26 15:37:37,345 - Link Generation Fails.
2024-01-26 15:37:38,299 - Victim node is 2381.
2024-01-26 15:37:38,299 - tensor([1701, 1810, 1986], device='cuda:0')
2024-01-26 15:37:38,299 - Classification Succeeds.
2024-01-26 15:37:38,299 - Link Generation Fails.
2024-01-26 15:37:39,244 - Victim node is 766.
2024-01-26 15:37:39,244 - tensor([ 306, 1358, 1986], device='cuda:0')
2024-01-26 15:37:39,245 - Classification Succeeds.
2024-01-26 15:37:39,245 - Link Generation Fails.
2024-01-26 15:37:40,158 - Victim node is 858.
2024-01-26 15:37:40,158 - tensor([1358, 1701, 1986], device='cuda:0')
2024-01-26 15:37:40,159 - Classification Fails.
2024-01-26 15:37:40,159 - Link Generation Fails.
2024-01-26 15:37:41,054 - Victim node is 588.
2024-01-26 15:37:41,054 - tensor([  12, 2662, 2712], device='cuda:0')
2024-01-26 15:37:41,055 - Classification Succeeds.
2024-01-26 15:37:41,055 - Link Generation Succeeds.
2024-01-26 15:37:41,956 - Victim node is 2681.
2024-01-26 15:37:41,956 - tensor([2708, 2710, 2713], device='cuda:0')
2024-01-26 15:37:41,956 - Classification Succeeds.
2024-01-26 15:37:41,956 - Link Generation Succeeds.
2024-01-26 15:37:42,866 - Victim node is 163.
2024-01-26 15:37:42,866 - tensor([  12, 2539, 2662], device='cuda:0')
2024-01-26 15:37:42,866 - Classification Fails.
2024-01-26 15:37:42,867 - Link Generation Fails.
2024-01-26 15:37:43,871 - Victim node is 635.
2024-01-26 15:37:43,871 - tensor([2708, 2709, 2711], device='cuda:0')
2024-01-26 15:37:43,872 - Classification Fails.
2024-01-26 15:37:43,872 - Link Generation Succeeds.
2024-01-26 15:37:44,889 - Victim node is 1719.
2024-01-26 15:37:44,889 - tensor([ 306, 1701, 1986], device='cuda:0')
2024-01-26 15:37:44,889 - Classification Succeeds.
2024-01-26 15:37:44,889 - Link Generation Fails.
2024-01-26 15:37:45,789 - Victim node is 180.
2024-01-26 15:37:45,789 - tensor([ 306, 1358, 1986], device='cuda:0')
2024-01-26 15:37:45,789 - Classification Succeeds.
2024-01-26 15:37:45,789 - Link Generation Fails.
2024-01-26 15:37:46,691 - Victim node is 1055.
2024-01-26 15:37:46,691 - tensor([ 306, 1358, 1986], device='cuda:0')
2024-01-26 15:37:46,691 - Classification Succeeds.
2024-01-26 15:37:46,691 - Link Generation Fails.
2024-01-26 15:37:47,594 - Victim node is 1977.
2024-01-26 15:37:47,595 - tensor([ 306, 1358, 1623], device='cuda:0')
2024-01-26 15:37:47,595 - Classification Fails.
2024-01-26 15:37:47,595 - Link Generation Fails.
2024-01-26 15:37:48,487 - Victim node is 2077.
2024-01-26 15:37:48,487 - tensor([1358, 1701, 1986], device='cuda:0')
2024-01-26 15:37:48,487 - Classification Succeeds.
2024-01-26 15:37:48,487 - Link Generation Fails.
2024-01-26 15:37:49,383 - Victim node is 2216.
2024-01-26 15:37:49,384 - tensor([  12,  963, 1703], device='cuda:0')
2024-01-26 15:37:49,384 - Classification Succeeds.
2024-01-26 15:37:49,384 - Link Generation Fails.
2024-01-26 15:37:50,290 - Victim node is 1376.
2024-01-26 15:37:50,290 - tensor([ 306, 1701, 1986], device='cuda:0')
2024-01-26 15:37:50,290 - Classification Fails.
2024-01-26 15:37:50,292 - Link Generation Fails.
2024-01-26 15:37:51,174 - Victim node is 2319.
2024-01-26 15:37:51,174 - tensor([ 306, 1358, 1623], device='cuda:0')
2024-01-26 15:37:51,174 - Classification Succeeds.
2024-01-26 15:37:51,175 - Link Generation Fails.
2024-01-26 15:37:52,059 - Victim node is 51.
2024-01-26 15:37:52,059 - tensor([  12, 1318, 2662], device='cuda:0')
2024-01-26 15:37:52,059 - Classification Succeeds.
2024-01-26 15:37:52,059 - Link Generation Fails.
2024-01-26 15:37:52,945 - Victim node is 144.
2024-01-26 15:37:52,945 - tensor([2710, 2712, 2713], device='cuda:0')
2024-01-26 15:37:52,947 - Classification Succeeds.
2024-01-26 15:37:52,947 - Link Generation Succeeds.
2024-01-26 15:37:53,838 - Victim node is 1697.
2024-01-26 15:37:53,838 - tensor([2722, 2726, 2728], device='cuda:0')
2024-01-26 15:37:53,838 - Classification Fails.
2024-01-26 15:37:53,839 - Link Generation Succeeds.
2024-01-26 15:37:54,720 - Victim node is 1791.
2024-01-26 15:37:54,720 - tensor([ 306, 1358, 1986], device='cuda:0')
2024-01-26 15:37:54,720 - Classification Succeeds.
2024-01-26 15:37:54,720 - Link Generation Fails.
2024-01-26 15:37:55,636 - Victim node is 934.
2024-01-26 15:37:55,636 - tensor([2714, 2719, 2720], device='cuda:0')
2024-01-26 15:37:55,636 - Classification Fails.
2024-01-26 15:37:55,636 - Link Generation Succeeds.
2024-01-26 15:37:56,525 - Victim node is 774.
2024-01-26 15:37:56,525 - tensor([  12, 1318, 2708], device='cuda:0')
2024-01-26 15:37:56,526 - Classification Succeeds.
2024-01-26 15:37:56,526 - Link Generation Succeeds.
2024-01-26 15:37:57,416 - Victim node is 782.
2024-01-26 15:37:57,416 - tensor([  12, 2709, 2710], device='cuda:0')
2024-01-26 15:37:57,416 - Classification Fails.
2024-01-26 15:37:57,416 - Link Generation Succeeds.
2024-01-26 15:37:58,302 - Victim node is 1415.
2024-01-26 15:37:58,302 - tensor([  12, 1318, 2662], device='cuda:0')
2024-01-26 15:37:58,302 - Classification Fails.
2024-01-26 15:37:58,302 - Link Generation Fails.
2024-01-26 15:37:59,239 - Victim node is 1694.
2024-01-26 15:37:59,239 - tensor([ 306, 1358, 1623], device='cuda:0')
2024-01-26 15:37:59,239 - Classification Succeeds.
2024-01-26 15:37:59,239 - Link Generation Fails.
2024-01-26 15:38:00,235 - Victim node is 2013.
2024-01-26 15:38:00,235 - tensor([ 306, 1358, 1986], device='cuda:0')
2024-01-26 15:38:00,235 - Classification Fails.
2024-01-26 15:38:00,236 - Link Generation Fails.
2024-01-26 15:38:01,188 - Victim node is 1920.
2024-01-26 15:38:01,188 - tensor([ 306, 1358, 1986], device='cuda:0')
2024-01-26 15:38:01,190 - Classification Succeeds.
2024-01-26 15:38:01,190 - Link Generation Fails.
2024-01-26 15:38:02,110 - Victim node is 1851.
2024-01-26 15:38:02,110 - tensor([ 306, 1358, 1986], device='cuda:0')
2024-01-26 15:38:02,112 - Classification Fails.
2024-01-26 15:38:02,112 - Link Generation Fails.
2024-01-26 15:38:03,031 - Victim node is 568.
2024-01-26 15:38:03,031 - tensor([ 306, 1701, 1986], device='cuda:0')
2024-01-26 15:38:03,031 - Classification Succeeds.
2024-01-26 15:38:03,031 - Link Generation Fails.
2024-01-26 15:38:03,955 - Victim node is 486.
2024-01-26 15:38:03,955 - tensor([ 306, 1358, 1986], device='cuda:0')
2024-01-26 15:38:03,956 - Classification Succeeds.
2024-01-26 15:38:03,956 - Link Generation Fails.
2024-01-26 15:38:04,845 - Victim node is 2207.
2024-01-26 15:38:04,845 - tensor([  12, 2662, 2710], device='cuda:0')
2024-01-26 15:38:04,845 - Classification Fails.
2024-01-26 15:38:04,845 - Link Generation Succeeds.
2024-01-26 15:38:05,740 - Victim node is 2658.
2024-01-26 15:38:05,741 - tensor([1358, 2709, 2711], device='cuda:0')
2024-01-26 15:38:05,741 - Classification Fails.
2024-01-26 15:38:05,741 - Link Generation Succeeds.
2024-01-26 15:38:06,662 - Victim node is 1213.
2024-01-26 15:38:06,662 - tensor([2711, 2714, 2715], device='cuda:0')
2024-01-26 15:38:06,662 - Classification Fails.
2024-01-26 15:38:06,663 - Link Generation Succeeds.
2024-01-26 15:38:07,585 - Victim node is 2018.
2024-01-26 15:38:07,587 - tensor([ 306, 1358, 1986], device='cuda:0')
2024-01-26 15:38:07,587 - Classification Succeeds.
2024-01-26 15:38:07,587 - Link Generation Fails.
2024-01-26 15:38:08,517 - Victim node is 516.
2024-01-26 15:38:08,517 - tensor([1119, 2124, 2711], device='cuda:0')
2024-01-26 15:38:08,517 - Classification Fails.
2024-01-26 15:38:08,517 - Link Generation Succeeds.
2024-01-26 15:38:09,447 - Victim node is 2271.
2024-01-26 15:38:09,447 - tensor([2719, 2724, 2728], device='cuda:0')
2024-01-26 15:38:09,447 - Classification Fails.
2024-01-26 15:38:09,447 - Link Generation Succeeds.
2024-01-26 15:38:10,391 - Victim node is 1024.
2024-01-26 15:38:10,391 - tensor([ 306, 1358, 1623], device='cuda:0')
2024-01-26 15:38:10,391 - Classification Succeeds.
2024-01-26 15:38:10,391 - Link Generation Fails.
2024-01-26 15:38:11,334 - Victim node is 457.
2024-01-26 15:38:11,334 - tensor([ 306, 1358, 1701], device='cuda:0')
2024-01-26 15:38:11,334 - Classification Succeeds.
2024-01-26 15:38:11,334 - Link Generation Fails.
2024-01-26 15:38:12,200 - Victim node is 2222.
2024-01-26 15:38:12,200 - tensor([  12, 2711, 2714], device='cuda:0')
2024-01-26 15:38:12,200 - Classification Succeeds.
2024-01-26 15:38:12,201 - Link Generation Succeeds.
2024-01-26 15:38:13,093 - Victim node is 788.
2024-01-26 15:38:13,094 - tensor([1358, 1701, 1986], device='cuda:0')
2024-01-26 15:38:13,094 - Classification Succeeds.
2024-01-26 15:38:13,094 - Link Generation Fails.
2024-01-26 15:38:14,001 - Victim node is 2229.
2024-01-26 15:38:14,001 - tensor([ 306, 1358, 1986], device='cuda:0')
2024-01-26 15:38:14,002 - Classification Fails.
2024-01-26 15:38:14,002 - Link Generation Fails.
2024-01-26 15:38:14,919 - Victim node is 2147.
2024-01-26 15:38:14,919 - tensor([2709, 2713, 2719], device='cuda:0')
2024-01-26 15:38:14,919 - Classification Fails.
2024-01-26 15:38:14,919 - Link Generation Succeeds.
2024-01-26 15:38:15,849 - Victim node is 1845.
2024-01-26 15:38:15,849 - tensor([ 306, 1358, 1986], device='cuda:0')
2024-01-26 15:38:15,849 - Classification Fails.
2024-01-26 15:38:15,849 - Link Generation Fails.
2024-01-26 15:38:16,770 - Victim node is 1700.
2024-01-26 15:38:16,770 - tensor([2710, 2716, 2727], device='cuda:0')
2024-01-26 15:38:16,772 - Classification Succeeds.
2024-01-26 15:38:16,772 - Link Generation Succeeds.
2024-01-26 15:38:17,692 - Victim node is 397.
2024-01-26 15:38:17,692 - tensor([ 306, 1358, 1986], device='cuda:0')
2024-01-26 15:38:17,693 - Classification Fails.
2024-01-26 15:38:17,693 - Link Generation Fails.
2024-01-26 15:38:18,606 - Victim node is 184.
2024-01-26 15:38:18,606 - tensor([ 306, 1358, 1986], device='cuda:0')
2024-01-26 15:38:18,606 - Classification Succeeds.
2024-01-26 15:38:18,606 - Link Generation Fails.
2024-01-26 15:38:19,546 - Victim node is 2695.
2024-01-26 15:38:19,546 - tensor([2708, 2709, 2710], device='cuda:0')
2024-01-26 15:38:19,546 - Classification Succeeds.
2024-01-26 15:38:19,546 - Link Generation Succeeds.
2024-01-26 15:38:20,476 - Victim node is 79.
2024-01-26 15:38:20,476 - tensor([ 306, 1358, 1623], device='cuda:0')
2024-01-26 15:38:20,476 - Classification Fails.
2024-01-26 15:38:20,477 - Link Generation Fails.
2024-01-26 15:38:21,395 - Victim node is 320.
2024-01-26 15:38:21,395 - tensor([  12, 1318, 2662], device='cuda:0')
2024-01-26 15:38:21,395 - Classification Succeeds.
2024-01-26 15:38:21,396 - Link Generation Fails.
2024-01-26 15:38:22,318 - Victim node is 921.
2024-01-26 15:38:22,318 - tensor([ 306, 1358, 1986], device='cuda:0')
2024-01-26 15:38:22,318 - Classification Succeeds.
2024-01-26 15:38:22,318 - Link Generation Fails.
2024-01-26 15:38:23,249 - Victim node is 2447.
2024-01-26 15:38:23,249 - tensor([ 306, 1358, 1986], device='cuda:0')
2024-01-26 15:38:23,249 - Classification Succeeds.
2024-01-26 15:38:23,249 - Link Generation Fails.
2024-01-26 15:38:24,184 - Victim node is 793.
2024-01-26 15:38:24,184 - tensor([  12, 1318, 2662], device='cuda:0')
2024-01-26 15:38:24,184 - Classification Fails.
2024-01-26 15:38:24,184 - Link Generation Fails.
2024-01-26 15:38:25,098 - Victim node is 317.
2024-01-26 15:38:25,098 - tensor([  12, 1318, 2661], device='cuda:0')
2024-01-26 15:38:25,098 - Classification Succeeds.
2024-01-26 15:38:25,098 - Link Generation Fails.
2024-01-26 15:38:26,035 - Victim node is 949.
2024-01-26 15:38:26,035 - tensor([ 306, 1358, 2711], device='cuda:0')
2024-01-26 15:38:26,036 - Classification Fails.
2024-01-26 15:38:26,036 - Link Generation Succeeds.
2024-01-26 15:38:26,949 - Victim node is 1918.
2024-01-26 15:38:26,949 - tensor([ 306, 1358, 1986], device='cuda:0')
2024-01-26 15:38:26,949 - Classification Fails.
2024-01-26 15:38:26,949 - Link Generation Fails.
2024-01-26 15:38:27,867 - Victim node is 797.
2024-01-26 15:38:27,867 - tensor([ 306, 1701, 1986], device='cuda:0')
2024-01-26 15:38:27,867 - Classification Succeeds.
2024-01-26 15:38:27,867 - Link Generation Fails.
2024-01-26 15:38:28,794 - Victim node is 2609.
2024-01-26 15:38:28,795 - tensor([ 306, 1358, 1701], device='cuda:0')
2024-01-26 15:38:28,795 - Classification Fails.
2024-01-26 15:38:28,795 - Link Generation Fails.
2024-01-26 15:38:29,714 - Victim node is 2351.
2024-01-26 15:38:29,714 - tensor([  12, 1257, 2662], device='cuda:0')
2024-01-26 15:38:29,714 - Classification Succeeds.
2024-01-26 15:38:29,715 - Link Generation Fails.
2024-01-26 15:38:30,645 - Victim node is 2482.
2024-01-26 15:38:30,645 - tensor([  12, 1257, 2662], device='cuda:0')
2024-01-26 15:38:30,646 - Classification Fails.
2024-01-26 15:38:30,646 - Link Generation Fails.
2024-01-26 15:38:31,572 - Victim node is 1876.
2024-01-26 15:38:31,573 - tensor([ 306, 1358, 1623], device='cuda:0')
2024-01-26 15:38:31,573 - Classification Succeeds.
2024-01-26 15:38:31,573 - Link Generation Fails.
2024-01-26 15:38:32,482 - Victim node is 2329.
2024-01-26 15:38:32,482 - tensor([ 306, 1358, 1986], device='cuda:0')
2024-01-26 15:38:32,482 - Classification Succeeds.
2024-01-26 15:38:32,483 - Link Generation Fails.
2024-01-26 15:38:33,403 - Victim node is 1815.
2024-01-26 15:38:33,403 - tensor([ 306, 1358, 1986], device='cuda:0')
2024-01-26 15:38:33,403 - Classification Succeeds.
2024-01-26 15:38:33,403 - Link Generation Fails.
2024-01-26 15:38:34,332 - Victim node is 1680.
2024-01-26 15:38:34,332 - tensor([ 306, 1013, 1358], device='cuda:0')
2024-01-26 15:38:34,332 - Classification Succeeds.
2024-01-26 15:38:34,332 - Link Generation Fails.
2024-01-26 15:38:35,260 - Victim node is 1755.
2024-01-26 15:38:35,260 - tensor([ 306, 1701, 1986], device='cuda:0')
2024-01-26 15:38:35,260 - Classification Succeeds.
2024-01-26 15:38:35,260 - Link Generation Fails.
2024-01-26 15:38:36,163 - Victim node is 1539.
2024-01-26 15:38:36,163 - tensor([ 306, 1358, 1986], device='cuda:0')
2024-01-26 15:38:36,164 - Classification Fails.
2024-01-26 15:38:36,164 - Link Generation Fails.
2024-01-26 15:38:37,062 - Victim node is 169.
2024-01-26 15:38:37,063 - tensor([1119, 1358, 1986], device='cuda:0')
2024-01-26 15:38:37,063 - Classification Succeeds.
2024-01-26 15:38:37,063 - Link Generation Fails.
2024-01-26 15:38:37,988 - Victim node is 579.
2024-01-26 15:38:37,989 - tensor([  12, 2713, 2718], device='cuda:0')
2024-01-26 15:38:37,989 - Classification Fails.
2024-01-26 15:38:37,989 - Link Generation Succeeds.
2024-01-26 15:38:38,909 - Victim node is 1992.
2024-01-26 15:38:38,909 - tensor([2725, 2742, 2772], device='cuda:0')
2024-01-26 15:38:38,910 - Classification Fails.
2024-01-26 15:38:38,910 - Link Generation Succeeds.
2024-01-26 15:38:39,843 - Victim node is 425.
2024-01-26 15:38:39,843 - tensor([ 306, 1358, 1986], device='cuda:0')
2024-01-26 15:38:39,844 - Classification Succeeds.
2024-01-26 15:38:39,844 - Link Generation Fails.
2024-01-26 15:38:40,785 - Victim node is 2079.
2024-01-26 15:38:40,785 - tensor([ 306, 1358, 1986], device='cuda:0')
2024-01-26 15:38:40,786 - Classification Succeeds.
2024-01-26 15:38:40,786 - Link Generation Fails.
2024-01-26 15:38:41,700 - Victim node is 2706.
2024-01-26 15:38:41,700 - tensor([ 306, 1358, 1701], device='cuda:0')
2024-01-26 15:38:41,700 - Classification Succeeds.
2024-01-26 15:38:41,702 - Link Generation Fails.
2024-01-26 15:38:42,605 - Victim node is 2391.
2024-01-26 15:38:42,605 - tensor([ 306, 1358, 1986], device='cuda:0')
2024-01-26 15:38:42,605 - Classification Succeeds.
2024-01-26 15:38:42,606 - Link Generation Fails.
2024-01-26 15:38:43,522 - Victim node is 368.
2024-01-26 15:38:43,522 - tensor([  12, 1257, 2248], device='cuda:0')
2024-01-26 15:38:43,522 - Classification Succeeds.
2024-01-26 15:38:43,522 - Link Generation Fails.
2024-01-26 15:38:44,450 - Victim node is 1.
2024-01-26 15:38:44,450 - tensor([ 306, 1358, 1986], device='cuda:0')
2024-01-26 15:38:44,450 - Classification Succeeds.
2024-01-26 15:38:44,450 - Link Generation Fails.
2024-01-26 15:38:45,404 - Victim node is 1733.
2024-01-26 15:38:45,404 - tensor([ 306, 1701, 1986], device='cuda:0')
2024-01-26 15:38:45,405 - Classification Fails.
2024-01-26 15:38:45,405 - Link Generation Fails.
2024-01-26 15:38:46,330 - Victim node is 662.
2024-01-26 15:38:46,330 - tensor([  12, 1318, 2708], device='cuda:0')
2024-01-26 15:38:46,332 - Classification Fails.
2024-01-26 15:38:46,332 - Link Generation Succeeds.
2024-01-26 15:38:47,229 - Victim node is 1766.
2024-01-26 15:38:47,229 - tensor([ 306, 1701, 1986], device='cuda:0')
2024-01-26 15:38:47,229 - Classification Succeeds.
2024-01-26 15:38:47,229 - Link Generation Fails.
2024-01-26 15:38:48,153 - Victim node is 1373.
2024-01-26 15:38:48,153 - tensor([  12, 1257, 2662], device='cuda:0')
2024-01-26 15:38:48,154 - Classification Fails.
2024-01-26 15:38:48,154 - Link Generation Fails.
2024-01-26 15:38:49,086 - Victim node is 2501.
2024-01-26 15:38:49,086 - tensor([  12, 2709, 2716], device='cuda:0')
2024-01-26 15:38:49,086 - Classification Succeeds.
2024-01-26 15:38:49,086 - Link Generation Succeeds.
2024-01-26 15:38:50,006 - Victim node is 13.
2024-01-26 15:38:50,006 - tensor([ 306, 1358, 1986], device='cuda:0')
2024-01-26 15:38:50,006 - Classification Succeeds.
2024-01-26 15:38:50,007 - Link Generation Fails.
2024-01-26 15:38:50,937 - Victim node is 925.
2024-01-26 15:38:50,937 - tensor([  12, 2662, 2708], device='cuda:0')
2024-01-26 15:38:50,937 - Classification Fails.
2024-01-26 15:38:50,937 - Link Generation Succeeds.
2024-01-26 15:38:51,894 - Victim node is 67.
2024-01-26 15:38:51,894 - tensor([  12, 1257, 1510], device='cuda:0')
2024-01-26 15:38:51,894 - Classification Succeeds.
2024-01-26 15:38:51,894 - Link Generation Fails.
2024-01-26 15:38:52,803 - Victim node is 1887.
2024-01-26 15:38:52,803 - tensor([ 306, 1358, 1986], device='cuda:0')
2024-01-26 15:38:52,804 - Classification Succeeds.
2024-01-26 15:38:52,804 - Link Generation Fails.
2024-01-26 15:38:53,759 - Victim node is 933.
2024-01-26 15:38:53,759 - tensor([ 306, 1169, 1358], device='cuda:0')
2024-01-26 15:38:53,759 - Classification Succeeds.
2024-01-26 15:38:53,759 - Link Generation Fails.
2024-01-26 15:38:54,706 - Victim node is 1952.
2024-01-26 15:38:54,706 - tensor([1701, 1986, 2034], device='cuda:0')
2024-01-26 15:38:54,706 - Classification Succeeds.
2024-01-26 15:38:54,707 - Link Generation Fails.
2024-01-26 15:38:55,644 - Victim node is 2268.
2024-01-26 15:38:55,644 - tensor([2723, 2742, 2745], device='cuda:0')
2024-01-26 15:38:55,645 - Classification Fails.
2024-01-26 15:38:55,645 - Link Generation Succeeds.
2024-01-26 15:38:56,588 - Victim node is 666.
2024-01-26 15:38:56,588 - tensor([ 306, 1358, 1986], device='cuda:0')
2024-01-26 15:38:56,589 - Classification Succeeds.
2024-01-26 15:38:56,589 - Link Generation Fails.
2024-01-26 15:38:57,519 - Victim node is 669.
2024-01-26 15:38:57,520 - tensor([  12,  900, 1257], device='cuda:0')
2024-01-26 15:38:57,520 - Classification Fails.
2024-01-26 15:38:57,521 - Link Generation Fails.
2024-01-26 15:38:58,450 - Victim node is 1385.
2024-01-26 15:38:58,450 - tensor([2714, 2721, 2730], device='cuda:0')
2024-01-26 15:38:58,450 - Classification Succeeds.
2024-01-26 15:38:58,450 - Link Generation Succeeds.
2024-01-26 15:38:59,383 - Victim node is 1638.
2024-01-26 15:38:59,383 - tensor([ 306, 1358, 1623], device='cuda:0')
2024-01-26 15:38:59,384 - Classification Succeeds.
2024-01-26 15:38:59,384 - Link Generation Fails.
2024-01-26 15:39:00,307 - Victim node is 1362.
2024-01-26 15:39:00,307 - tensor([ 306, 1358, 1986], device='cuda:0')
2024-01-26 15:39:00,308 - Classification Succeeds.
2024-01-26 15:39:00,308 - Link Generation Fails.
2024-01-26 15:39:01,222 - Victim node is 1499.
2024-01-26 15:39:01,222 - tensor([ 306, 1701, 1986], device='cuda:0')
2024-01-26 15:39:01,222 - Classification Succeeds.
2024-01-26 15:39:01,222 - Link Generation Fails.
2024-01-26 15:39:02,148 - Victim node is 808.
2024-01-26 15:39:02,148 - tensor([  12, 1318, 2661], device='cuda:0')
2024-01-26 15:39:02,149 - Classification Succeeds.
2024-01-26 15:39:02,149 - Link Generation Fails.
2024-01-26 15:39:03,098 - Victim node is 225.
2024-01-26 15:39:03,098 - tensor([  12, 1318, 2709], device='cuda:0')
2024-01-26 15:39:03,098 - Classification Fails.
2024-01-26 15:39:03,098 - Link Generation Succeeds.
2024-01-26 15:39:04,050 - Victim node is 701.
2024-01-26 15:39:04,050 - tensor([2710, 2711, 2716], device='cuda:0')
2024-01-26 15:39:04,050 - Classification Succeeds.
2024-01-26 15:39:04,050 - Link Generation Succeeds.
2024-01-26 15:39:05,007 - Victim node is 1435.
2024-01-26 15:39:05,007 - tensor([ 306, 1358, 1623], device='cuda:0')
2024-01-26 15:39:05,007 - Classification Succeeds.
2024-01-26 15:39:05,008 - Link Generation Fails.
2024-01-26 15:39:05,931 - Victim node is 1898.
2024-01-26 15:39:05,931 - tensor([2714, 2728, 2731], device='cuda:0')
2024-01-26 15:39:05,932 - Classification Fails.
2024-01-26 15:39:05,932 - Link Generation Succeeds.
2024-01-26 15:39:06,850 - Victim node is 789.
2024-01-26 15:39:06,850 - tensor([2708, 2720, 2728], device='cuda:0')
2024-01-26 15:39:06,850 - Classification Succeeds.
2024-01-26 15:39:06,850 - Link Generation Succeeds.
2024-01-26 15:39:07,774 - Victim node is 1817.
2024-01-26 15:39:07,774 - tensor([2709, 2743, 2764], device='cuda:0')
2024-01-26 15:39:07,775 - Classification Succeeds.
2024-01-26 15:39:07,775 - Link Generation Succeeds.
2024-01-26 15:39:08,676 - Victim node is 1142.
2024-01-26 15:39:08,676 - tensor([ 306, 1358, 1986], device='cuda:0')
2024-01-26 15:39:08,677 - Classification Succeeds.
2024-01-26 15:39:08,677 - Link Generation Fails.
2024-01-26 15:39:09,629 - Victim node is 2618.
2024-01-26 15:39:09,629 - tensor([   7,  208, 2708], device='cuda:0')
2024-01-26 15:39:09,630 - Classification Fails.
2024-01-26 15:39:09,630 - Link Generation Succeeds.
2024-01-26 15:39:10,562 - Victim node is 165.
2024-01-26 15:39:10,562 - tensor([1358, 1701, 1986], device='cuda:0')
2024-01-26 15:39:10,562 - Classification Succeeds.
2024-01-26 15:39:10,562 - Link Generation Fails.
2024-01-26 15:39:11,496 - Victim node is 2346.
2024-01-26 15:39:11,496 - tensor([  12, 2709, 2727], device='cuda:0')
2024-01-26 15:39:11,496 - Classification Fails.
2024-01-26 15:39:11,496 - Link Generation Succeeds.
2024-01-26 15:39:12,422 - Victim node is 1569.
2024-01-26 15:39:12,422 - tensor([2711, 2727, 2730], device='cuda:0')
2024-01-26 15:39:12,422 - Classification Fails.
2024-01-26 15:39:12,422 - Link Generation Succeeds.
2024-01-26 15:39:13,350 - Victim node is 1177.
2024-01-26 15:39:13,350 - tensor([ 306, 1358, 1986], device='cuda:0')
2024-01-26 15:39:13,350 - Classification Succeeds.
2024-01-26 15:39:13,350 - Link Generation Fails.
2024-01-26 15:39:14,293 - Victim node is 674.
2024-01-26 15:39:14,293 - tensor([1701, 1810, 1986], device='cuda:0')
2024-01-26 15:39:14,293 - Classification Succeeds.
2024-01-26 15:39:14,294 - Link Generation Fails.
2024-01-26 15:39:15,210 - Victim node is 639.
2024-01-26 15:39:15,210 - tensor([  12, 2662, 2709], device='cuda:0')
2024-01-26 15:39:15,210 - Classification Fails.
2024-01-26 15:39:15,210 - Link Generation Succeeds.
2024-01-26 15:39:16,128 - Victim node is 313.
2024-01-26 15:39:16,129 - tensor([  12, 1510, 2539], device='cuda:0')
2024-01-26 15:39:16,129 - Classification Fails.
2024-01-26 15:39:16,129 - Link Generation Fails.
2024-01-26 15:39:17,051 - Victim node is 1195.
2024-01-26 15:39:17,051 - tensor([ 306, 1358, 1986], device='cuda:0')
2024-01-26 15:39:17,051 - Classification Succeeds.
2024-01-26 15:39:17,052 - Link Generation Fails.
2024-01-26 15:39:17,976 - Victim node is 209.
2024-01-26 15:39:17,976 - tensor([  12, 1318, 2712], device='cuda:0')
2024-01-26 15:39:17,977 - Classification Succeeds.
2024-01-26 15:39:17,977 - Link Generation Succeeds.
2024-01-26 15:39:18,871 - Victim node is 514.
2024-01-26 15:39:18,871 - tensor([1701, 1986, 2034], device='cuda:0')
2024-01-26 15:39:18,872 - Classification Succeeds.
2024-01-26 15:39:18,872 - Link Generation Fails.
2024-01-26 15:39:19,766 - Victim node is 671.
2024-01-26 15:39:19,766 - tensor([2721, 2722, 2745], device='cuda:0')
2024-01-26 15:39:19,766 - Classification Fails.
2024-01-26 15:39:19,766 - Link Generation Succeeds.
2024-01-26 15:39:20,683 - Victim node is 746.
2024-01-26 15:39:20,683 - tensor([1358, 1701, 1986], device='cuda:0')
2024-01-26 15:39:20,683 - Classification Succeeds.
2024-01-26 15:39:20,683 - Link Generation Fails.
2024-01-26 15:39:21,600 - Victim node is 1787.
2024-01-26 15:39:21,600 - tensor([1358, 1701, 1986], device='cuda:0')
2024-01-26 15:39:21,601 - Classification Succeeds.
2024-01-26 15:39:21,601 - Link Generation Fails.
2024-01-26 15:39:22,502 - Victim node is 1012.
2024-01-26 15:39:22,502 - tensor([ 306, 1358, 1986], device='cuda:0')
2024-01-26 15:39:22,503 - Classification Fails.
2024-01-26 15:39:22,503 - Link Generation Fails.
2024-01-26 15:39:23,405 - Victim node is 942.
2024-01-26 15:39:23,405 - tensor([  12, 1318, 2539], device='cuda:0')
2024-01-26 15:39:23,406 - Classification Fails.
2024-01-26 15:39:23,406 - Link Generation Fails.
2024-01-26 15:39:24,318 - Victim node is 1896.
2024-01-26 15:39:24,318 - tensor([  12, 2719, 2720], device='cuda:0')
2024-01-26 15:39:24,318 - Classification Succeeds.
2024-01-26 15:39:24,318 - Link Generation Succeeds.
2024-01-26 15:39:25,259 - Victim node is 835.
2024-01-26 15:39:25,259 - tensor([ 306, 1701, 1986], device='cuda:0')
2024-01-26 15:39:25,260 - Classification Succeeds.
2024-01-26 15:39:25,260 - Link Generation Fails.
2024-01-26 15:39:26,169 - Victim node is 1867.
2024-01-26 15:39:26,169 - tensor([ 306, 1358, 1986], device='cuda:0')
2024-01-26 15:39:26,169 - Classification Succeeds.
2024-01-26 15:39:26,169 - Link Generation Fails.
2024-01-26 15:39:27,087 - Victim node is 1403.
2024-01-26 15:39:27,087 - tensor([ 306, 1358, 1986], device='cuda:0')
2024-01-26 15:39:27,087 - Classification Succeeds.
2024-01-26 15:39:27,087 - Link Generation Fails.
2024-01-26 15:39:27,982 - Victim node is 1386.
2024-01-26 15:39:27,982 - tensor([ 735, 2709, 2712], device='cuda:0')
2024-01-26 15:39:27,983 - Classification Fails.
2024-01-26 15:39:27,983 - Link Generation Succeeds.
2024-01-26 15:39:28,897 - Victim node is 1165.
2024-01-26 15:39:28,897 - tensor([2709, 2712, 2715], device='cuda:0')
2024-01-26 15:39:28,897 - Classification Succeeds.
2024-01-26 15:39:28,897 - Link Generation Succeeds.
2024-01-26 15:39:29,828 - Victim node is 1296.
2024-01-26 15:39:29,828 - tensor([ 306, 1358, 1986], device='cuda:0')
2024-01-26 15:39:29,829 - Classification Succeeds.
2024-01-26 15:39:29,829 - Link Generation Fails.
2024-01-26 15:39:30,740 - Victim node is 1214.
2024-01-26 15:39:30,740 - tensor([ 306, 1358, 1986], device='cuda:0')
2024-01-26 15:39:30,740 - Classification Succeeds.
2024-01-26 15:39:30,740 - Link Generation Fails.
2024-01-26 15:39:31,662 - Victim node is 584.
2024-01-26 15:39:31,662 - tensor([2710, 2712, 2714], device='cuda:0')
2024-01-26 15:39:31,664 - Classification Succeeds.
2024-01-26 15:39:31,664 - Link Generation Succeeds.
2024-01-26 15:39:32,566 - Victim node is 2202.
2024-01-26 15:39:32,566 - tensor([ 306, 1358, 1986], device='cuda:0')
2024-01-26 15:39:32,567 - Classification Succeeds.
2024-01-26 15:39:32,567 - Link Generation Fails.
2024-01-26 15:39:33,498 - Victim node is 330.
2024-01-26 15:39:33,498 - tensor([   7, 1257, 2539], device='cuda:0')
2024-01-26 15:39:33,498 - Classification Fails.
2024-01-26 15:39:33,498 - Link Generation Fails.
2024-01-26 15:39:34,436 - Victim node is 1567.
2024-01-26 15:39:34,436 - tensor([1119, 1257, 2248], device='cuda:0')
2024-01-26 15:39:34,437 - Classification Succeeds.
2024-01-26 15:39:34,437 - Link Generation Fails.
2024-01-26 15:39:35,351 - Victim node is 1102.
2024-01-26 15:39:35,351 - tensor([2710, 2712, 2720], device='cuda:0')
2024-01-26 15:39:35,352 - Classification Succeeds.
2024-01-26 15:39:35,352 - Link Generation Succeeds.
2024-01-26 15:39:36,260 - Victim node is 273.
2024-01-26 15:39:36,260 - tensor([2708, 2713, 2714], device='cuda:0')
2024-01-26 15:39:36,260 - Classification Fails.
2024-01-26 15:39:36,260 - Link Generation Succeeds.
2024-01-26 15:39:37,155 - Victim node is 1711.
2024-01-26 15:39:37,155 - tensor([ 306, 1701, 1986], device='cuda:0')
2024-01-26 15:39:37,155 - Classification Succeeds.
2024-01-26 15:39:37,155 - Link Generation Fails.
2024-01-26 15:39:38,060 - Victim node is 1965.
2024-01-26 15:39:38,060 - tensor([  12, 1318, 2718], device='cuda:0')
2024-01-26 15:39:38,060 - Classification Succeeds.
2024-01-26 15:39:38,060 - Link Generation Succeeds.
2024-01-26 15:39:38,964 - Victim node is 1166.
2024-01-26 15:39:38,964 - tensor([1358, 1701, 2034], device='cuda:0')
2024-01-26 15:39:38,964 - Classification Succeeds.
2024-01-26 15:39:38,964 - Link Generation Fails.
2024-01-26 15:39:39,888 - Victim node is 1704.
2024-01-26 15:39:39,888 - tensor([ 306, 1358, 1701], device='cuda:0')
2024-01-26 15:39:39,888 - Classification Succeeds.
2024-01-26 15:39:39,889 - Link Generation Fails.
2024-01-26 15:39:40,817 - Victim node is 2032.
2024-01-26 15:39:40,818 - tensor([  12, 1318, 2709], device='cuda:0')
2024-01-26 15:39:40,818 - Classification Fails.
2024-01-26 15:39:40,818 - Link Generation Succeeds.
2024-01-26 15:39:41,732 - Victim node is 652.
2024-01-26 15:39:41,732 - tensor([  12, 1257, 1318], device='cuda:0')
2024-01-26 15:39:41,732 - Classification Succeeds.
2024-01-26 15:39:41,732 - Link Generation Fails.
2024-01-26 15:39:42,659 - Victim node is 372.
2024-01-26 15:39:42,661 - tensor([ 306, 1358, 1986], device='cuda:0')
2024-01-26 15:39:42,661 - Classification Succeeds.
2024-01-26 15:39:42,661 - Link Generation Fails.
2024-01-26 15:39:43,578 - Victim node is 1134.
2024-01-26 15:39:43,578 - tensor([  12, 1318, 2662], device='cuda:0')
2024-01-26 15:39:43,579 - Classification Fails.
2024-01-26 15:39:43,579 - Link Generation Fails.
2024-01-26 15:39:44,523 - Victim node is 1729.
2024-01-26 15:39:44,523 - tensor([ 306, 1701, 1986], device='cuda:0')
2024-01-26 15:39:44,524 - Classification Succeeds.
2024-01-26 15:39:44,524 - Link Generation Fails.
2024-01-26 15:39:45,465 - Victim node is 426.
2024-01-26 15:39:45,465 - tensor([1358, 1701, 1986], device='cuda:0')
2024-01-26 15:39:45,465 - Classification Succeeds.
2024-01-26 15:39:45,465 - Link Generation Fails.
2024-01-26 15:39:46,377 - Victim node is 929.
2024-01-26 15:39:46,377 - tensor([2828, 2857, 2874], device='cuda:0')
2024-01-26 15:39:46,377 - Classification Succeeds.
2024-01-26 15:39:46,377 - Link Generation Succeeds.
2024-01-26 15:39:47,275 - Victim node is 2330.
2024-01-26 15:39:47,276 - tensor([ 306, 1013, 1358], device='cuda:0')
2024-01-26 15:39:47,276 - Classification Fails.
2024-01-26 15:39:47,276 - Link Generation Fails.
2024-01-26 15:39:48,186 - Victim node is 566.
2024-01-26 15:39:48,186 - tensor([ 306, 1358, 1701], device='cuda:0')
2024-01-26 15:39:48,186 - Classification Succeeds.
2024-01-26 15:39:48,186 - Link Generation Fails.
2024-01-26 15:39:49,132 - Victim node is 1358.
2024-01-26 15:39:49,132 - tensor([ 88, 109, 306], device='cuda:0')
2024-01-26 15:39:49,132 - Classification Succeeds.
2024-01-26 15:39:49,132 - Link Generation Fails.
2024-01-26 15:39:50,043 - Victim node is 44.
2024-01-26 15:39:50,043 - tensor([  12, 1290, 2539], device='cuda:0')
2024-01-26 15:39:50,043 - Classification Succeeds.
2024-01-26 15:39:50,043 - Link Generation Fails.
2024-01-26 15:39:50,960 - Victim node is 1475.
2024-01-26 15:39:50,960 - tensor([ 306, 1358, 1986], device='cuda:0')
2024-01-26 15:39:50,960 - Classification Fails.
2024-01-26 15:39:50,962 - Link Generation Fails.
2024-01-26 15:39:51,866 - Victim node is 994.
2024-01-26 15:39:51,866 - tensor([1358, 1701, 1986], device='cuda:0')
2024-01-26 15:39:51,866 - Classification Succeeds.
2024-01-26 15:39:51,866 - Link Generation Fails.
2024-01-26 15:39:52,789 - Victim node is 2059.
2024-01-26 15:39:52,789 - tensor([ 306, 1358, 1986], device='cuda:0')
2024-01-26 15:39:52,789 - Classification Succeeds.
2024-01-26 15:39:52,789 - Link Generation Fails.
2024-01-26 15:39:53,712 - Victim node is 1290.
2024-01-26 15:39:53,712 - tensor([  12, 1318, 2713], device='cuda:0')
2024-01-26 15:39:53,712 - Classification Fails.
2024-01-26 15:39:53,713 - Link Generation Succeeds.
2024-01-26 15:39:54,613 - Victim node is 615.
2024-01-26 15:39:54,613 - tensor([ 306, 1358, 1986], device='cuda:0')
2024-01-26 15:39:54,613 - Classification Succeeds.
2024-01-26 15:39:54,613 - Link Generation Fails.
2024-01-26 15:39:55,517 - Victim node is 355.
2024-01-26 15:39:55,517 - tensor([ 306, 1358, 1986], device='cuda:0')
2024-01-26 15:39:55,518 - Classification Succeeds.
2024-01-26 15:39:55,518 - Link Generation Fails.
2024-01-26 15:39:56,423 - Victim node is 1750.
2024-01-26 15:39:56,423 - tensor([ 306, 1701, 1986], device='cuda:0')
2024-01-26 15:39:56,423 - Classification Succeeds.
2024-01-26 15:39:56,423 - Link Generation Fails.
2024-01-26 15:39:57,323 - Victim node is 89.
2024-01-26 15:39:57,324 - tensor([2712, 2713, 2726], device='cuda:0')
2024-01-26 15:39:57,324 - Classification Succeeds.
2024-01-26 15:39:57,324 - Link Generation Succeeds.
2024-01-26 15:39:58,232 - Victim node is 1054.
2024-01-26 15:39:58,232 - tensor([1358, 1701, 1986], device='cuda:0')
2024-01-26 15:39:58,233 - Classification Succeeds.
2024-01-26 15:39:58,233 - Link Generation Fails.
2024-01-26 15:39:59,139 - Victim node is 641.
2024-01-26 15:39:59,139 - tensor([  12, 2662, 2709], device='cuda:0')
2024-01-26 15:39:59,140 - Classification Fails.
2024-01-26 15:39:59,140 - Link Generation Succeeds.
2024-01-26 15:40:00,047 - Victim node is 2492.
2024-01-26 15:40:00,047 - tensor([ 306, 1358, 2711], device='cuda:0')
2024-01-26 15:40:00,048 - Classification Succeeds.
2024-01-26 15:40:00,048 - Link Generation Succeeds.
2024-01-26 15:40:00,933 - Victim node is 1057.
2024-01-26 15:40:00,934 - tensor([ 306, 1358, 1986], device='cuda:0')
2024-01-26 15:40:00,934 - Classification Fails.
2024-01-26 15:40:00,934 - Link Generation Fails.
2024-01-26 15:40:01,831 - Victim node is 528.
2024-01-26 15:40:01,831 - tensor([ 306, 1358, 1986], device='cuda:0')
2024-01-26 15:40:01,832 - Classification Fails.
2024-01-26 15:40:01,832 - Link Generation Fails.
2024-01-26 15:40:02,738 - Victim node is 1444.
2024-01-26 15:40:02,738 - tensor([ 306, 1701, 1986], device='cuda:0')
2024-01-26 15:40:02,738 - Classification Succeeds.
2024-01-26 15:40:02,738 - Link Generation Fails.
2024-01-26 15:40:03,644 - Victim node is 1016.
2024-01-26 15:40:03,644 - tensor([1013, 1701, 1986], device='cuda:0')
2024-01-26 15:40:03,645 - Classification Succeeds.
2024-01-26 15:40:03,645 - Link Generation Fails.
2024-01-26 15:40:04,553 - Victim node is 759.
2024-01-26 15:40:04,553 - tensor([2716, 2728, 2753], device='cuda:0')
2024-01-26 15:40:04,553 - Classification Succeeds.
2024-01-26 15:40:04,553 - Link Generation Succeeds.
2024-01-26 15:40:05,442 - Victim node is 777.
2024-01-26 15:40:05,443 - tensor([ 306, 1358, 1623], device='cuda:0')
2024-01-26 15:40:05,443 - Classification Fails.
2024-01-26 15:40:05,443 - Link Generation Fails.
2024-01-26 15:40:06,347 - Victim node is 2548.
2024-01-26 15:40:06,347 - tensor([ 12, 307, 991], device='cuda:0')
2024-01-26 15:40:06,347 - Classification Fails.
2024-01-26 15:40:06,347 - Link Generation Fails.
2024-01-26 15:40:07,266 - Victim node is 166.
2024-01-26 15:40:07,266 - tensor([  12, 2712, 2714], device='cuda:0')
2024-01-26 15:40:07,266 - Classification Succeeds.
2024-01-26 15:40:07,266 - Link Generation Succeeds.
2024-01-26 15:40:08,156 - Victim node is 555.
2024-01-26 15:40:08,156 - tensor([ 306, 1013, 1358], device='cuda:0')
2024-01-26 15:40:08,156 - Classification Fails.
2024-01-26 15:40:08,156 - Link Generation Fails.
2024-01-26 15:40:09,066 - Victim node is 485.
2024-01-26 15:40:09,066 - tensor([ 306, 1358, 1986], device='cuda:0')
2024-01-26 15:40:09,066 - Classification Succeeds.
2024-01-26 15:40:09,066 - Link Generation Fails.
2024-01-26 15:40:09,962 - Victim node is 325.
2024-01-26 15:40:09,962 - tensor([ 306, 1358, 1986], device='cuda:0')
2024-01-26 15:40:09,963 - Classification Fails.
2024-01-26 15:40:09,963 - Link Generation Fails.
2024-01-26 15:40:10,864 - Victim node is 274.
2024-01-26 15:40:10,865 - tensor([ 306, 1358, 1986], device='cuda:0')
2024-01-26 15:40:10,865 - Classification Fails.
2024-01-26 15:40:10,865 - Link Generation Fails.
2024-01-26 15:40:11,801 - Victim node is 1820.
2024-01-26 15:40:11,801 - tensor([ 306, 1358, 1986], device='cuda:0')
2024-01-26 15:40:11,801 - Classification Succeeds.
2024-01-26 15:40:11,801 - Link Generation Fails.
2024-01-26 15:40:12,687 - Victim node is 792.
2024-01-26 15:40:12,687 - tensor([ 306, 1358, 1701], device='cuda:0')
2024-01-26 15:40:12,687 - Classification Succeeds.
2024-01-26 15:40:12,687 - Link Generation Fails.
2024-01-26 15:40:13,589 - Victim node is 1378.
2024-01-26 15:40:13,589 - tensor([2708, 2709, 2712], device='cuda:0')
2024-01-26 15:40:13,589 - Classification Fails.
2024-01-26 15:40:13,589 - Link Generation Succeeds.
2024-01-26 15:40:14,504 - Victim node is 424.
2024-01-26 15:40:14,504 - tensor([ 306, 1358, 1623], device='cuda:0')
2024-01-26 15:40:14,505 - Classification Fails.
2024-01-26 15:40:14,505 - Link Generation Fails.
2024-01-26 15:40:15,474 - Victim node is 535.
2024-01-26 15:40:15,474 - tensor([ 306, 1358, 1986], device='cuda:0')
2024-01-26 15:40:15,475 - Classification Succeeds.
2024-01-26 15:40:15,475 - Link Generation Fails.
2024-01-26 15:40:16,411 - Victim node is 731.
2024-01-26 15:40:16,411 - tensor([ 306, 1358, 1623], device='cuda:0')
2024-01-26 15:40:16,411 - Classification Succeeds.
2024-01-26 15:40:16,411 - Link Generation Fails.
2024-01-26 15:40:17,389 - Victim node is 1917.
2024-01-26 15:40:17,389 - tensor([ 306, 1358, 1986], device='cuda:0')
2024-01-26 15:40:17,389 - Classification Succeeds.
2024-01-26 15:40:17,389 - Link Generation Fails.
2024-01-26 15:40:18,340 - Victim node is 1335.
2024-01-26 15:40:18,340 - tensor([ 306, 1358, 1986], device='cuda:0')
2024-01-26 15:40:18,340 - Classification Succeeds.
2024-01-26 15:40:18,340 - Link Generation Fails.
2024-01-26 15:40:19,337 - Victim node is 1231.
2024-01-26 15:40:19,337 - tensor([ 306, 1358, 1623], device='cuda:0')
2024-01-26 15:40:19,337 - Classification Fails.
2024-01-26 15:40:19,337 - Link Generation Fails.
2024-01-26 15:40:20,246 - Victim node is 1380.
2024-01-26 15:40:20,246 - tensor([2539, 2717, 2719], device='cuda:0')
2024-01-26 15:40:20,246 - Classification Succeeds.
2024-01-26 15:40:20,246 - Link Generation Succeeds.
2024-01-26 15:40:21,187 - Victim node is 1495.
2024-01-26 15:40:21,187 - tensor([ 306, 1358, 1623], device='cuda:0')
2024-01-26 15:40:21,187 - Classification Succeeds.
2024-01-26 15:40:21,187 - Link Generation Fails.
2024-01-26 15:40:22,135 - Victim node is 2046.
2024-01-26 15:40:22,135 - tensor([1358, 1623, 2738], device='cuda:0')
2024-01-26 15:40:22,136 - Classification Succeeds.
2024-01-26 15:40:22,136 - Link Generation Succeeds.
2024-01-26 15:40:23,138 - Victim node is 20.
2024-01-26 15:40:23,138 - tensor([  12, 1318, 2662], device='cuda:0')
2024-01-26 15:40:23,138 - Classification Fails.
2024-01-26 15:40:23,138 - Link Generation Fails.
2024-01-26 15:40:24,057 - Victim node is 1564.
2024-01-26 15:40:24,057 - tensor([ 306, 1358, 1986], device='cuda:0')
2024-01-26 15:40:24,057 - Classification Succeeds.
2024-01-26 15:40:24,057 - Link Generation Fails.
2024-01-26 15:40:24,995 - Victim node is 2696.
2024-01-26 15:40:24,995 - tensor([  12, 2539, 2708], device='cuda:0')
2024-01-26 15:40:24,996 - Classification Fails.
2024-01-26 15:40:24,996 - Link Generation Succeeds.
2024-01-26 15:40:25,964 - Victim node is 4.
2024-01-26 15:40:25,964 - tensor([ 306, 1358, 1986], device='cuda:0')
2024-01-26 15:40:25,965 - Classification Succeeds.
2024-01-26 15:40:25,965 - Link Generation Fails.
2024-01-26 15:40:26,919 - Victim node is 1670.
2024-01-26 15:40:26,919 - tensor([ 306, 1358, 1986], device='cuda:0')
2024-01-26 15:40:26,919 - Classification Succeeds.
2024-01-26 15:40:26,920 - Link Generation Fails.
2024-01-26 15:40:27,852 - Victim node is 2688.
2024-01-26 15:40:27,852 - tensor([ 832, 1257, 1290], device='cuda:0')
2024-01-26 15:40:27,852 - Classification Succeeds.
2024-01-26 15:40:27,852 - Link Generation Fails.
2024-01-26 15:40:28,824 - Victim node is 383.
2024-01-26 15:40:28,824 - tensor([ 306, 1358, 1986], device='cuda:0')
2024-01-26 15:40:28,825 - Classification Succeeds.
2024-01-26 15:40:28,825 - Link Generation Fails.
2024-01-26 15:40:29,805 - Victim node is 1604.
2024-01-26 15:40:29,806 - tensor([ 306, 1701, 1986], device='cuda:0')
2024-01-26 15:40:29,806 - Classification Succeeds.
2024-01-26 15:40:29,806 - Link Generation Fails.
2024-01-26 15:40:30,760 - Victim node is 2148.
2024-01-26 15:40:30,760 - tensor([ 963, 1257, 2539], device='cuda:0')
2024-01-26 15:40:30,760 - Classification Succeeds.
2024-01-26 15:40:30,761 - Link Generation Fails.
2024-01-26 15:40:31,723 - Victim node is 2151.
2024-01-26 15:40:31,723 - tensor([2726, 2730, 2731], device='cuda:0')
2024-01-26 15:40:31,724 - Classification Fails.
2024-01-26 15:40:31,724 - Link Generation Succeeds.
2024-01-26 15:40:32,667 - Victim node is 500.
2024-01-26 15:40:32,667 - tensor([  12, 1318, 2714], device='cuda:0')
2024-01-26 15:40:32,668 - Classification Fails.
2024-01-26 15:40:32,668 - Link Generation Succeeds.
2024-01-26 15:40:33,582 - Victim node is 1443.
2024-01-26 15:40:33,582 - tensor([2721, 2724, 2732], device='cuda:0')
2024-01-26 15:40:33,582 - Classification Succeeds.
2024-01-26 15:40:33,582 - Link Generation Succeeds.
2024-01-26 15:40:34,459 - Victim node is 1127.
2024-01-26 15:40:34,459 - tensor([ 306, 1358, 1701], device='cuda:0')
2024-01-26 15:40:34,460 - Classification Succeeds.
2024-01-26 15:40:34,460 - Link Generation Fails.
2024-01-26 15:40:35,430 - Victim node is 2626.
2024-01-26 15:40:35,430 - tensor([  12, 2662, 2709], device='cuda:0')
2024-01-26 15:40:35,431 - Classification Fails.
2024-01-26 15:40:35,431 - Link Generation Succeeds.
2024-01-26 15:40:36,385 - Victim node is 1061.
2024-01-26 15:40:36,385 - tensor([  12, 2715, 2716], device='cuda:0')
2024-01-26 15:40:36,386 - Classification Succeeds.
2024-01-26 15:40:36,386 - Link Generation Succeeds.
2024-01-26 15:40:37,303 - Victim node is 972.
2024-01-26 15:40:37,303 - tensor([  12, 2710, 2717], device='cuda:0')
2024-01-26 15:40:37,303 - Classification Fails.
2024-01-26 15:40:37,303 - Link Generation Succeeds.
2024-01-26 15:40:38,218 - Victim node is 1023.
2024-01-26 15:40:38,218 - tensor([2752, 2799, 2809], device='cuda:0')
2024-01-26 15:40:38,219 - Classification Fails.
2024-01-26 15:40:38,219 - Link Generation Succeeds.
2024-01-26 15:40:39,118 - Victim node is 587.
2024-01-26 15:40:39,118 - tensor([   7,   12, 1290], device='cuda:0')
2024-01-26 15:40:39,118 - Classification Fails.
2024-01-26 15:40:39,118 - Link Generation Fails.
2024-01-26 15:40:40,017 - Victim node is 2309.
2024-01-26 15:40:40,017 - tensor([ 306, 1358, 1986], device='cuda:0')
2024-01-26 15:40:40,017 - Classification Fails.
2024-01-26 15:40:40,017 - Link Generation Fails.
2024-01-26 15:40:40,919 - Victim node is 1673.
2024-01-26 15:40:40,919 - tensor([  12, 2708, 2709], device='cuda:0')
2024-01-26 15:40:40,920 - Classification Fails.
2024-01-26 15:40:40,920 - Link Generation Succeeds.
2024-01-26 15:40:41,798 - Victim node is 1835.
2024-01-26 15:40:41,798 - tensor([  12, 2710, 2715], device='cuda:0')
2024-01-26 15:40:41,799 - Classification Fails.
2024-01-26 15:40:41,799 - Link Generation Succeeds.
2024-01-26 15:40:42,656 - Victim node is 2129.
2024-01-26 15:40:42,656 - tensor([  12, 1318, 2662], device='cuda:0')
2024-01-26 15:40:42,656 - Classification Fails.
2024-01-26 15:40:42,656 - Link Generation Fails.
2024-01-26 15:40:43,515 - Victim node is 678.
2024-01-26 15:40:43,515 - tensor([  12, 1119, 2709], device='cuda:0')
2024-01-26 15:40:43,515 - Classification Fails.
2024-01-26 15:40:43,515 - Link Generation Succeeds.
2024-01-26 15:40:44,400 - Victim node is 191.
2024-01-26 15:40:44,400 - tensor([ 306, 1358, 1986], device='cuda:0')
2024-01-26 15:40:44,402 - Classification Fails.
2024-01-26 15:40:44,402 - Link Generation Fails.
2024-01-26 15:40:45,283 - Victim node is 1828.
2024-01-26 15:40:45,283 - tensor([ 306, 1358, 1623], device='cuda:0')
2024-01-26 15:40:45,283 - Classification Succeeds.
2024-01-26 15:40:45,284 - Link Generation Fails.
2024-01-26 15:40:46,167 - Victim node is 178.
2024-01-26 15:40:46,167 - tensor([ 306, 1701, 1986], device='cuda:0')
2024-01-26 15:40:46,168 - Classification Succeeds.
2024-01-26 15:40:46,168 - Link Generation Fails.
2024-01-26 15:40:47,049 - Victim node is 1287.
2024-01-26 15:40:47,049 - tensor([ 306, 1701, 1986], device='cuda:0')
2024-01-26 15:40:47,049 - Classification Succeeds.
2024-01-26 15:40:47,049 - Link Generation Fails.
2024-01-26 15:40:47,929 - Victim node is 451.
2024-01-26 15:40:47,929 - tensor([2711, 2715, 2719], device='cuda:0')
2024-01-26 15:40:47,929 - Classification Fails.
2024-01-26 15:40:47,929 - Link Generation Succeeds.
2024-01-26 15:40:48,817 - Victim node is 2502.
2024-01-26 15:40:48,817 - tensor([  12, 2709, 2710], device='cuda:0')
2024-01-26 15:40:48,817 - Classification Fails.
2024-01-26 15:40:48,817 - Link Generation Succeeds.
2024-01-26 15:40:49,695 - Victim node is 1114.
2024-01-26 15:40:49,695 - tensor([ 306, 1358, 1623], device='cuda:0')
2024-01-26 15:40:49,695 - Classification Succeeds.
2024-01-26 15:40:49,695 - Link Generation Fails.
2024-01-26 15:40:50,604 - Victim node is 2056.
2024-01-26 15:40:50,604 - tensor([ 306, 1358, 1986], device='cuda:0')
2024-01-26 15:40:50,605 - Classification Succeeds.
2024-01-26 15:40:50,605 - Link Generation Fails.
2024-01-26 15:40:51,503 - Victim node is 1989.
2024-01-26 15:40:51,503 - tensor([ 306, 1358, 1623], device='cuda:0')
2024-01-26 15:40:51,503 - Classification Fails.
2024-01-26 15:40:51,503 - Link Generation Fails.
2024-01-26 15:40:52,370 - Victim node is 1466.
2024-01-26 15:40:52,370 - tensor([ 306, 1358, 1623], device='cuda:0')
2024-01-26 15:40:52,370 - Classification Succeeds.
2024-01-26 15:40:52,370 - Link Generation Fails.
2024-01-26 15:40:53,249 - Victim node is 1836.
2024-01-26 15:40:53,249 - tensor([2709, 2710, 2711], device='cuda:0')
2024-01-26 15:40:53,249 - Classification Succeeds.
2024-01-26 15:40:53,249 - Link Generation Succeeds.
2024-01-26 15:40:54,134 - Victim node is 2659.
2024-01-26 15:40:54,135 - tensor([  12, 2662, 2708], device='cuda:0')
2024-01-26 15:40:54,135 - Classification Fails.
2024-01-26 15:40:54,135 - Link Generation Succeeds.
2024-01-26 15:40:55,013 - Victim node is 1761.
2024-01-26 15:40:55,013 - tensor([ 306, 1701, 1986], device='cuda:0')
2024-01-26 15:40:55,014 - Classification Succeeds.
2024-01-26 15:40:55,014 - Link Generation Fails.
2024-01-26 15:40:55,888 - Victim node is 136.
2024-01-26 15:40:55,888 - tensor([ 306, 1358, 1623], device='cuda:0')
2024-01-26 15:40:55,889 - Classification Succeeds.
2024-01-26 15:40:55,889 - Link Generation Fails.
2024-01-26 15:40:56,772 - Victim node is 2055.
2024-01-26 15:40:56,772 - tensor([ 306, 1358, 1986], device='cuda:0')
2024-01-26 15:40:56,772 - Classification Succeeds.
2024-01-26 15:40:56,772 - Link Generation Fails.
2024-01-26 15:40:57,652 - Victim node is 885.
2024-01-26 15:40:57,652 - tensor([ 739, 1257, 2712], device='cuda:0')
2024-01-26 15:40:57,653 - Classification Fails.
2024-01-26 15:40:57,653 - Link Generation Succeeds.
2024-01-26 15:40:58,545 - Victim node is 2557.
2024-01-26 15:40:58,545 - tensor([ 306, 1358, 1986], device='cuda:0')
2024-01-26 15:40:58,546 - Classification Succeeds.
2024-01-26 15:40:58,546 - Link Generation Fails.
2024-01-26 15:40:59,435 - Victim node is 1205.
2024-01-26 15:40:59,436 - tensor([ 306, 1701, 1986], device='cuda:0')
2024-01-26 15:40:59,436 - Classification Succeeds.
2024-01-26 15:40:59,436 - Link Generation Fails.
2024-01-26 15:41:00,326 - Victim node is 2030.
2024-01-26 15:41:00,326 - tensor([ 306, 1358, 1986], device='cuda:0')
2024-01-26 15:41:00,326 - Classification Succeeds.
2024-01-26 15:41:00,327 - Link Generation Fails.
2024-01-26 15:41:01,212 - Victim node is 711.
2024-01-26 15:41:01,212 - tensor([ 306, 1358, 1986], device='cuda:0')
2024-01-26 15:41:01,212 - Classification Fails.
2024-01-26 15:41:01,212 - Link Generation Fails.
2024-01-26 15:41:02,092 - Victim node is 2153.
2024-01-26 15:41:02,092 - tensor([ 306, 1358, 1986], device='cuda:0')
2024-01-26 15:41:02,092 - Classification Fails.
2024-01-26 15:41:02,092 - Link Generation Fails.
2024-01-26 15:41:02,971 - Victim node is 2009.
2024-01-26 15:41:02,971 - tensor([ 306, 1358, 1701], device='cuda:0')
2024-01-26 15:41:02,971 - Classification Succeeds.
2024-01-26 15:41:02,971 - Link Generation Fails.
2024-01-26 15:41:03,843 - Victim node is 2195.
2024-01-26 15:41:03,843 - tensor([ 306, 1013, 1358], device='cuda:0')
2024-01-26 15:41:03,844 - Classification Fails.
2024-01-26 15:41:03,844 - Link Generation Fails.
2024-01-26 15:41:04,728 - Victim node is 2570.
2024-01-26 15:41:04,728 - tensor([  12, 1318, 2662], device='cuda:0')
2024-01-26 15:41:04,729 - Classification Fails.
2024-01-26 15:41:04,729 - Link Generation Fails.
2024-01-26 15:41:05,604 - Victim node is 1273.
2024-01-26 15:41:05,604 - tensor([  12, 1318, 2661], device='cuda:0')
2024-01-26 15:41:05,604 - Classification Fails.
2024-01-26 15:41:05,604 - Link Generation Fails.
2024-01-26 15:41:06,485 - Victim node is 75.
2024-01-26 15:41:06,485 - tensor([  12, 1318, 2662], device='cuda:0')
2024-01-26 15:41:06,485 - Classification Succeeds.
2024-01-26 15:41:06,485 - Link Generation Fails.
2024-01-26 15:41:07,359 - Victim node is 2124.
2024-01-26 15:41:07,359 - tensor([2709, 2722, 2724], device='cuda:0')
2024-01-26 15:41:07,360 - Classification Fails.
2024-01-26 15:41:07,360 - Link Generation Succeeds.
2024-01-26 15:41:08,247 - Victim node is 2699.
2024-01-26 15:41:08,247 - tensor([  12, 1318, 2709], device='cuda:0')
2024-01-26 15:41:08,247 - Classification Fails.
2024-01-26 15:41:08,247 - Link Generation Succeeds.
2024-01-26 15:41:09,147 - Victim node is 1728.
2024-01-26 15:41:09,147 - tensor([2721, 2771, 2863], device='cuda:0')
2024-01-26 15:41:09,147 - Classification Fails.
2024-01-26 15:41:09,148 - Link Generation Succeeds.
2024-01-26 15:41:10,036 - Victim node is 1592.
2024-01-26 15:41:10,036 - tensor([ 306, 1358, 1986], device='cuda:0')
2024-01-26 15:41:10,036 - Classification Succeeds.
2024-01-26 15:41:10,036 - Link Generation Fails.
2024-01-26 15:41:10,899 - Victim node is 495.
2024-01-26 15:41:10,900 - tensor([   7, 1257, 2716], device='cuda:0')
2024-01-26 15:41:10,900 - Classification Fails.
2024-01-26 15:41:10,900 - Link Generation Succeeds.
2024-01-26 15:41:11,782 - Victim node is 1150.
2024-01-26 15:41:11,782 - tensor([ 306, 1358, 1986], device='cuda:0')
2024-01-26 15:41:11,782 - Classification Succeeds.
2024-01-26 15:41:11,782 - Link Generation Fails.
2024-01-26 15:41:12,657 - Victim node is 1860.
2024-01-26 15:41:12,657 - tensor([ 306, 1358, 1986], device='cuda:0')
2024-01-26 15:41:12,657 - Classification Succeeds.
2024-01-26 15:41:12,658 - Link Generation Fails.
2024-01-26 15:41:13,553 - Victim node is 2585.
2024-01-26 15:41:13,553 - tensor([ 306, 1358, 1986], device='cuda:0')
2024-01-26 15:41:13,554 - Classification Succeeds.
2024-01-26 15:41:13,554 - Link Generation Fails.
2024-01-26 15:41:14,450 - Victim node is 2615.
2024-01-26 15:41:14,450 - tensor([2708, 2709, 2710], device='cuda:0')
2024-01-26 15:41:14,451 - Classification Fails.
2024-01-26 15:41:14,451 - Link Generation Succeeds.
2024-01-26 15:41:15,306 - Victim node is 87.
2024-01-26 15:41:15,306 - tensor([ 306, 1358, 1986], device='cuda:0')
2024-01-26 15:41:15,307 - Classification Succeeds.
2024-01-26 15:41:15,307 - Link Generation Fails.
2024-01-26 15:41:16,167 - Victim node is 2239.
2024-01-26 15:41:16,167 - tensor([2709, 2714, 2717], device='cuda:0')
2024-01-26 15:41:16,167 - Classification Fails.
2024-01-26 15:41:16,167 - Link Generation Succeeds.
2024-01-26 15:41:17,029 - Victim node is 1788.
2024-01-26 15:41:17,030 - tensor([ 306, 1358, 1986], device='cuda:0')
2024-01-26 15:41:17,030 - Classification Succeeds.
2024-01-26 15:41:17,030 - Link Generation Fails.
2024-01-26 15:41:17,896 - Victim node is 387.
2024-01-26 15:41:17,896 - tensor([ 306, 1358, 1986], device='cuda:0')
2024-01-26 15:41:17,896 - Classification Succeeds.
2024-01-26 15:41:17,897 - Link Generation Fails.
2024-01-26 15:41:18,768 - Victim node is 1911.
2024-01-26 15:41:18,768 - tensor([ 306, 1358, 1623], device='cuda:0')
2024-01-26 15:41:18,768 - Classification Fails.
2024-01-26 15:41:18,768 - Link Generation Fails.
2024-01-26 15:41:19,632 - Victim node is 1771.
2024-01-26 15:41:19,632 - tensor([1358, 1701, 1986], device='cuda:0')
2024-01-26 15:41:19,632 - Classification Succeeds.
2024-01-26 15:41:19,632 - Link Generation Fails.
2024-01-26 15:41:20,498 - Victim node is 2640.
2024-01-26 15:41:20,498 - tensor([2710, 2711, 2712], device='cuda:0')
2024-01-26 15:41:20,498 - Classification Fails.
2024-01-26 15:41:20,498 - Link Generation Succeeds.
2024-01-26 15:41:21,373 - Victim node is 790.
2024-01-26 15:41:21,373 - tensor([1358, 1701, 1986], device='cuda:0')
2024-01-26 15:41:21,373 - Classification Succeeds.
2024-01-26 15:41:21,373 - Link Generation Fails.
2024-01-26 15:41:22,236 - Victim node is 1339.
2024-01-26 15:41:22,236 - tensor([ 306, 1701, 1986], device='cuda:0')
2024-01-26 15:41:22,236 - Classification Succeeds.
2024-01-26 15:41:22,236 - Link Generation Fails.
2024-01-26 15:41:23,109 - Victim node is 398.
2024-01-26 15:41:23,109 - tensor([  88,  306, 1013], device='cuda:0')
2024-01-26 15:41:23,109 - Classification Fails.
2024-01-26 15:41:23,109 - Link Generation Fails.
2024-01-26 15:41:23,978 - Victim node is 1758.
2024-01-26 15:41:23,978 - tensor([ 306, 1701, 1986], device='cuda:0')
2024-01-26 15:41:23,979 - Classification Succeeds.
2024-01-26 15:41:23,979 - Link Generation Fails.
2024-01-26 15:41:24,824 - Victim node is 2693.
2024-01-26 15:41:24,824 - tensor([2708, 2709, 2710], device='cuda:0')
2024-01-26 15:41:24,824 - Classification Fails.
2024-01-26 15:41:24,824 - Link Generation Succeeds.
2024-01-26 15:41:25,697 - Victim node is 332.
2024-01-26 15:41:25,697 - tensor([2711, 2725, 2727], device='cuda:0')
2024-01-26 15:41:25,698 - Classification Fails.
2024-01-26 15:41:25,698 - Link Generation Succeeds.
2024-01-26 15:41:26,559 - Victim node is 1753.
2024-01-26 15:41:26,560 - tensor([ 306, 1623, 1986], device='cuda:0')
2024-01-26 15:41:26,560 - Classification Succeeds.
2024-01-26 15:41:26,560 - Link Generation Fails.
2024-01-26 15:41:27,407 - Victim node is 2243.
2024-01-26 15:41:27,407 - tensor([  12, 2718, 2721], device='cuda:0')
2024-01-26 15:41:27,407 - Classification Fails.
2024-01-26 15:41:27,408 - Link Generation Succeeds.
2024-01-26 15:41:28,263 - Victim node is 206.
2024-01-26 15:41:28,263 - tensor([ 306, 1358, 1986], device='cuda:0')
2024-01-26 15:41:28,263 - Classification Succeeds.
2024-01-26 15:41:28,263 - Link Generation Fails.
2024-01-26 15:41:29,113 - Victim node is 2575.
2024-01-26 15:41:29,113 - tensor([ 306, 1358, 1623], device='cuda:0')
2024-01-26 15:41:29,114 - Classification Fails.
2024-01-26 15:41:29,114 - Link Generation Fails.
2024-01-26 15:41:29,978 - Victim node is 1852.
2024-01-26 15:41:29,978 - tensor([ 306, 1358, 1986], device='cuda:0')
2024-01-26 15:41:29,978 - Classification Fails.
2024-01-26 15:41:29,978 - Link Generation Fails.
2024-01-26 15:41:30,842 - Victim node is 2061.
2024-01-26 15:41:30,842 - tensor([  12, 1257, 2709], device='cuda:0')
2024-01-26 15:41:30,842 - Classification Fails.
2024-01-26 15:41:30,842 - Link Generation Succeeds.
2024-01-26 15:41:31,705 - Victim node is 2260.
2024-01-26 15:41:31,705 - tensor([  12, 2662, 2715], device='cuda:0')
2024-01-26 15:41:31,706 - Classification Succeeds.
2024-01-26 15:41:31,706 - Link Generation Succeeds.
2024-01-26 15:41:32,568 - Victim node is 433.
2024-01-26 15:41:32,568 - tensor([2709, 2728, 2730], device='cuda:0')
2024-01-26 15:41:32,568 - Classification Fails.
2024-01-26 15:41:32,568 - Link Generation Succeeds.
2024-01-26 15:41:33,420 - Victim node is 2257.
2024-01-26 15:41:33,420 - tensor([2709, 2710, 2713], device='cuda:0')
2024-01-26 15:41:33,420 - Classification Fails.
2024-01-26 15:41:33,420 - Link Generation Succeeds.
2024-01-26 15:41:34,276 - Victim node is 1981.
2024-01-26 15:41:34,276 - tensor([ 306, 1358, 1986], device='cuda:0')
2024-01-26 15:41:34,277 - Classification Fails.
2024-01-26 15:41:34,277 - Link Generation Fails.
2024-01-26 15:41:35,131 - Victim node is 337.
2024-01-26 15:41:35,131 - tensor([ 306, 1701, 1986], device='cuda:0')
2024-01-26 15:41:35,131 - Classification Succeeds.
2024-01-26 15:41:35,132 - Link Generation Fails.
2024-01-26 15:41:35,995 - Victim node is 569.
2024-01-26 15:41:35,995 - tensor([ 306, 1358, 1986], device='cuda:0')
2024-01-26 15:41:35,995 - Classification Succeeds.
2024-01-26 15:41:35,995 - Link Generation Fails.
2024-01-26 15:41:36,856 - Victim node is 712.
2024-01-26 15:41:36,857 - tensor([ 306, 1358, 1986], device='cuda:0')
2024-01-26 15:41:36,857 - Classification Succeeds.
2024-01-26 15:41:36,857 - Link Generation Fails.
2024-01-26 15:41:37,727 - Victim node is 832.
2024-01-26 15:41:37,727 - tensor([  12, 1673, 2660], device='cuda:0')
2024-01-26 15:41:37,728 - Classification Fails.
2024-01-26 15:41:37,728 - Link Generation Fails.
2024-01-26 15:41:38,595 - Victim node is 268.
2024-01-26 15:41:38,595 - tensor([ 306, 1358, 1986], device='cuda:0')
2024-01-26 15:41:38,595 - Classification Succeeds.
2024-01-26 15:41:38,595 - Link Generation Fails.
2024-01-26 15:41:39,457 - Victim node is 319.
2024-01-26 15:41:39,457 - tensor([2708, 2709, 2710], device='cuda:0')
2024-01-26 15:41:39,457 - Classification Fails.
2024-01-26 15:41:39,457 - Link Generation Succeeds.
2024-01-26 15:41:40,321 - Victim node is 195.
2024-01-26 15:41:40,322 - tensor([2718, 2719, 2720], device='cuda:0')
2024-01-26 15:41:40,322 - Classification Succeeds.
2024-01-26 15:41:40,322 - Link Generation Succeeds.
2024-01-26 15:41:41,190 - Victim node is 2242.
2024-01-26 15:41:41,190 - tensor([  12, 1318, 2714], device='cuda:0')
2024-01-26 15:41:41,190 - Classification Fails.
2024-01-26 15:41:41,190 - Link Generation Succeeds.
2024-01-26 15:41:42,057 - Victim node is 531.
2024-01-26 15:41:42,057 - tensor([2711, 2715, 2717], device='cuda:0')
2024-01-26 15:41:42,057 - Classification Fails.
2024-01-26 15:41:42,058 - Link Generation Succeeds.
2024-01-26 15:41:42,915 - Victim node is 1197.
2024-01-26 15:41:42,915 - tensor([ 306, 1358, 1986], device='cuda:0')
2024-01-26 15:41:42,915 - Classification Fails.
2024-01-26 15:41:42,915 - Link Generation Fails.
2024-01-26 15:41:43,770 - Victim node is 957.
2024-01-26 15:41:43,770 - tensor([ 306, 1701, 1986], device='cuda:0')
2024-01-26 15:41:43,770 - Classification Succeeds.
2024-01-26 15:41:43,770 - Link Generation Fails.
2024-01-26 15:41:44,632 - Victim node is 2425.
2024-01-26 15:41:44,632 - tensor([ 306, 1358, 1986], device='cuda:0')
2024-01-26 15:41:44,632 - Classification Succeeds.
2024-01-26 15:41:44,632 - Link Generation Fails.
2024-01-26 15:41:45,508 - Victim node is 336.
2024-01-26 15:41:45,508 - tensor([ 306, 1358, 1986], device='cuda:0')
2024-01-26 15:41:45,509 - Classification Succeeds.
2024-01-26 15:41:45,509 - Link Generation Fails.
2024-01-26 15:41:46,409 - Victim node is 653.
2024-01-26 15:41:46,409 - tensor([ 306, 1358, 1986], device='cuda:0')
2024-01-26 15:41:46,409 - Classification Succeeds.
2024-01-26 15:41:46,409 - Link Generation Fails.
2024-01-26 15:41:47,320 - Victim node is 30.
2024-01-26 15:41:47,320 - tensor([ 306, 1701, 1986], device='cuda:0')
2024-01-26 15:41:47,320 - Classification Succeeds.
2024-01-26 15:41:47,320 - Link Generation Fails.
2024-01-26 15:41:48,186 - Victim node is 1136.
2024-01-26 15:41:48,186 - tensor([ 306, 1358, 1623], device='cuda:0')
2024-01-26 15:41:48,186 - Classification Succeeds.
2024-01-26 15:41:48,186 - Link Generation Fails.
2024-01-26 15:41:49,056 - Victim node is 2042.
2024-01-26 15:41:49,056 - tensor([ 306, 1358, 1986], device='cuda:0')
2024-01-26 15:41:49,056 - Classification Succeeds.
2024-01-26 15:41:49,056 - Link Generation Fails.
2024-01-26 15:41:49,917 - Victim node is 321.
2024-01-26 15:41:49,917 - tensor([  12, 2714, 2718], device='cuda:0')
2024-01-26 15:41:49,918 - Classification Fails.
2024-01-26 15:41:49,918 - Link Generation Succeeds.
2024-01-26 15:41:50,784 - Victim node is 2264.
2024-01-26 15:41:50,784 - tensor([  12, 1318, 2662], device='cuda:0')
2024-01-26 15:41:50,784 - Classification Succeeds.
2024-01-26 15:41:50,784 - Link Generation Fails.
2024-01-26 15:41:51,666 - Victim node is 728.
2024-01-26 15:41:51,666 - tensor([ 306, 1358, 1986], device='cuda:0')
2024-01-26 15:41:51,666 - Classification Fails.
2024-01-26 15:41:51,666 - Link Generation Fails.
2024-01-26 15:41:52,537 - Victim node is 1104.
2024-01-26 15:41:52,538 - tensor([1013, 1358, 1914], device='cuda:0')
2024-01-26 15:41:52,538 - Classification Succeeds.
2024-01-26 15:41:52,538 - Link Generation Fails.
2024-01-26 15:41:53,403 - Victim node is 327.
2024-01-26 15:41:53,403 - tensor([ 963, 1510, 2539], device='cuda:0')
2024-01-26 15:41:53,404 - Classification Succeeds.
2024-01-26 15:41:53,404 - Link Generation Fails.
2024-01-26 15:41:54,270 - Victim node is 1318.
2024-01-26 15:41:54,270 - tensor([ 963, 1257, 2539], device='cuda:0')
2024-01-26 15:41:54,271 - Classification Succeeds.
2024-01-26 15:41:54,271 - Link Generation Fails.
2024-01-26 15:41:55,140 - Victim node is 1844.
2024-01-26 15:41:55,140 - tensor([ 306, 1358, 1986], device='cuda:0')
2024-01-26 15:41:55,140 - Classification Fails.
2024-01-26 15:41:55,140 - Link Generation Fails.
2024-01-26 15:41:55,998 - Victim node is 998.
2024-01-26 15:41:55,999 - tensor([ 306, 1358, 1986], device='cuda:0')
2024-01-26 15:41:55,999 - Classification Succeeds.
2024-01-26 15:41:55,999 - Link Generation Fails.
2024-01-26 15:41:56,877 - Victim node is 1484.
2024-01-26 15:41:56,877 - tensor([  12, 1318, 2661], device='cuda:0')
2024-01-26 15:41:56,878 - Classification Succeeds.
2024-01-26 15:41:56,878 - Link Generation Fails.
2024-01-26 15:41:57,745 - Victim node is 891.
2024-01-26 15:41:57,745 - tensor([ 306, 1358, 1986], device='cuda:0')
2024-01-26 15:41:57,745 - Classification Succeeds.
2024-01-26 15:41:57,745 - Link Generation Fails.
2024-01-26 15:41:58,613 - Victim node is 1172.
2024-01-26 15:41:58,613 - tensor([ 306, 1358, 1986], device='cuda:0')
2024-01-26 15:41:58,613 - Classification Fails.
2024-01-26 15:41:58,613 - Link Generation Fails.
2024-01-26 15:41:59,485 - Victim node is 473.
2024-01-26 15:41:59,485 - tensor([  12, 1257, 1318], device='cuda:0')
2024-01-26 15:41:59,485 - Classification Fails.
2024-01-26 15:41:59,485 - Link Generation Fails.
2024-01-26 15:42:00,355 - Victim node is 435.
2024-01-26 15:42:00,355 - tensor([ 306, 1358, 1986], device='cuda:0')
2024-01-26 15:42:00,355 - Classification Fails.
2024-01-26 15:42:00,356 - Link Generation Fails.
2024-01-26 15:42:01,219 - Victim node is 1354.
2024-01-26 15:42:01,219 - tensor([1162, 1257, 1966], device='cuda:0')
2024-01-26 15:42:01,220 - Classification Succeeds.
2024-01-26 15:42:01,220 - Link Generation Fails.
2024-01-26 15:42:02,104 - Victim node is 299.
2024-01-26 15:42:02,104 - tensor([  12, 2721, 2727], device='cuda:0')
2024-01-26 15:42:02,104 - Classification Succeeds.
2024-01-26 15:42:02,104 - Link Generation Succeeds.
2024-01-26 15:42:02,974 - Victim node is 1627.
2024-01-26 15:42:02,974 - tensor([ 306, 1358, 1986], device='cuda:0')
2024-01-26 15:42:02,975 - Classification Succeeds.
2024-01-26 15:42:02,975 - Link Generation Fails.
2024-01-26 15:42:03,847 - Victim node is 1323.
2024-01-26 15:42:03,847 - tensor([ 306, 1358, 1986], device='cuda:0')
2024-01-26 15:42:03,848 - Classification Fails.
2024-01-26 15:42:03,848 - Link Generation Fails.
2024-01-26 15:42:04,722 - Victim node is 1515.
2024-01-26 15:42:04,722 - tensor([ 306, 1358, 1986], device='cuda:0')
2024-01-26 15:42:04,722 - Classification Succeeds.
2024-01-26 15:42:04,722 - Link Generation Fails.
2024-01-26 15:42:05,594 - Victim node is 2342.
2024-01-26 15:42:05,594 - tensor([ 306, 1358, 1623], device='cuda:0')
2024-01-26 15:42:05,595 - Classification Fails.
2024-01-26 15:42:05,595 - Link Generation Fails.
2024-01-26 15:42:06,477 - Victim node is 1482.
2024-01-26 15:42:06,477 - tensor([ 306, 1358, 1986], device='cuda:0')
2024-01-26 15:42:06,477 - Classification Succeeds.
2024-01-26 15:42:06,477 - Link Generation Fails.
2024-01-26 15:42:07,357 - Victim node is 543.
2024-01-26 15:42:07,357 - tensor([2712, 2715, 2719], device='cuda:0')
2024-01-26 15:42:07,357 - Classification Succeeds.
2024-01-26 15:42:07,357 - Link Generation Succeeds.
2024-01-26 15:42:08,234 - Victim node is 12.
2024-01-26 15:42:08,234 - tensor([2708, 2709, 2710], device='cuda:0')
2024-01-26 15:42:08,234 - Classification Succeeds.
2024-01-26 15:42:08,234 - Link Generation Succeeds.
2024-01-26 15:42:09,093 - Victim node is 1025.
2024-01-26 15:42:09,093 - tensor([ 306, 1358, 1986], device='cuda:0')
2024-01-26 15:42:09,093 - Classification Succeeds.
2024-01-26 15:42:09,093 - Link Generation Fails.
2024-01-26 15:42:09,965 - Victim node is 2698.
2024-01-26 15:42:09,965 - tensor([2708, 2709, 2711], device='cuda:0')
2024-01-26 15:42:09,965 - Classification Fails.
2024-01-26 15:42:09,965 - Link Generation Succeeds.
2024-01-26 15:42:10,835 - Victim node is 236.
2024-01-26 15:42:10,836 - tensor([1358, 1701, 1986], device='cuda:0')
2024-01-26 15:42:10,836 - Classification Succeeds.
2024-01-26 15:42:10,836 - Link Generation Fails.
2024-01-26 15:42:11,699 - Victim node is 895.
2024-01-26 15:42:11,700 - tensor([ 306, 1358, 1986], device='cuda:0')
2024-01-26 15:42:11,700 - Classification Succeeds.
2024-01-26 15:42:11,700 - Link Generation Fails.
2024-01-26 15:42:12,570 - Victim node is 644.
2024-01-26 15:42:12,570 - tensor([ 306, 1358, 1986], device='cuda:0')
2024-01-26 15:42:12,570 - Classification Fails.
2024-01-26 15:42:12,571 - Link Generation Fails.
2024-01-26 15:42:13,443 - Victim node is 290.
2024-01-26 15:42:13,443 - tensor([ 306, 1358, 1986], device='cuda:0')
2024-01-26 15:42:13,444 - Classification Succeeds.
2024-01-26 15:42:13,444 - Link Generation Fails.
2024-01-26 15:42:14,319 - Victim node is 393.
2024-01-26 15:42:14,319 - tensor([  12, 1318, 2708], device='cuda:0')
2024-01-26 15:42:14,319 - Classification Fails.
2024-01-26 15:42:14,319 - Link Generation Succeeds.
2024-01-26 15:42:15,214 - Victim node is 2137.
2024-01-26 15:42:15,214 - tensor([ 306, 1358, 1986], device='cuda:0')
2024-01-26 15:42:15,215 - Classification Fails.
2024-01-26 15:42:15,215 - Link Generation Fails.
2024-01-26 15:42:16,092 - Victim node is 2168.
2024-01-26 15:42:16,092 - tensor([ 306, 1358, 1986], device='cuda:0')
2024-01-26 15:42:16,092 - Classification Fails.
2024-01-26 15:42:16,092 - Link Generation Fails.
2024-01-26 15:42:16,978 - Victim node is 344.
2024-01-26 15:42:16,978 - tensor([  12, 2716, 2730], device='cuda:0')
2024-01-26 15:42:16,978 - Classification Succeeds.
2024-01-26 15:42:16,978 - Link Generation Succeeds.
2024-01-26 15:42:17,862 - Victim node is 1611.
2024-01-26 15:42:17,862 - tensor([  12, 1318, 2662], device='cuda:0')
2024-01-26 15:42:17,862 - Classification Fails.
2024-01-26 15:42:17,862 - Link Generation Fails.
2024-01-26 15:42:18,760 - Victim node is 2450.
2024-01-26 15:42:18,760 - tensor([ 306, 1358, 1986], device='cuda:0')
2024-01-26 15:42:18,761 - Classification Succeeds.
2024-01-26 15:42:18,761 - Link Generation Fails.
2024-01-26 15:42:19,665 - Victim node is 41.
2024-01-26 15:42:19,665 - tensor([ 306, 1358, 1986], device='cuda:0')
2024-01-26 15:42:19,666 - Classification Succeeds.
2024-01-26 15:42:19,666 - Link Generation Fails.
2024-01-26 15:42:20,591 - Victim node is 1436.
2024-01-26 15:42:20,591 - tensor([  12, 2662, 2710], device='cuda:0')
2024-01-26 15:42:20,591 - Classification Fails.
2024-01-26 15:42:20,593 - Link Generation Succeeds.
2024-01-26 15:42:21,464 - Victim node is 1510.
2024-01-26 15:42:21,464 - tensor([2715, 2717, 2718], device='cuda:0')
2024-01-26 15:42:21,464 - Classification Succeeds.
2024-01-26 15:42:21,464 - Link Generation Succeeds.
2024-01-26 15:42:22,326 - Victim node is 2275.
2024-01-26 15:42:22,326 - tensor([  12, 1318, 2662], device='cuda:0')
2024-01-26 15:42:22,326 - Classification Fails.
2024-01-26 15:42:22,326 - Link Generation Fails.
2024-01-26 15:42:23,184 - Victim node is 217.
2024-01-26 15:42:23,184 - tensor([2708, 2710, 2714], device='cuda:0')
2024-01-26 15:42:23,184 - Classification Fails.
2024-01-26 15:42:23,185 - Link Generation Succeeds.
2024-01-26 15:42:24,089 - Victim node is 1332.
2024-01-26 15:42:24,089 - tensor([ 306, 1358, 1701], device='cuda:0')
2024-01-26 15:42:24,090 - Classification Fails.
2024-01-26 15:42:24,090 - Link Generation Fails.
2024-01-26 15:42:25,018 - Victim node is 1818.
2024-01-26 15:42:25,018 - tensor([2753, 2769, 2781], device='cuda:0')
2024-01-26 15:42:25,018 - Classification Fails.
2024-01-26 15:42:25,018 - Link Generation Succeeds.
2024-01-26 15:42:25,923 - Victim node is 976.
2024-01-26 15:42:25,923 - tensor([ 306, 1358, 1986], device='cuda:0')
2024-01-26 15:42:25,923 - Classification Succeeds.
2024-01-26 15:42:25,923 - Link Generation Fails.
2024-01-26 15:42:26,811 - Victim node is 2140.
2024-01-26 15:42:26,811 - tensor([  12, 1318, 2662], device='cuda:0')
2024-01-26 15:42:26,811 - Classification Succeeds.
2024-01-26 15:42:26,812 - Link Generation Fails.
2024-01-26 15:42:27,703 - Victim node is 446.
2024-01-26 15:42:27,704 - tensor([ 306, 1358, 1701], device='cuda:0')
2024-01-26 15:42:27,704 - Classification Fails.
2024-01-26 15:42:27,704 - Link Generation Fails.
2024-01-26 15:42:28,578 - Victim node is 705.
2024-01-26 15:42:28,578 - tensor([1701, 1986, 2034], device='cuda:0')
2024-01-26 15:42:28,578 - Classification Fails.
2024-01-26 15:42:28,579 - Link Generation Fails.
2024-01-26 15:42:29,462 - Victim node is 2127.
2024-01-26 15:42:29,462 - tensor([  12, 2711, 2712], device='cuda:0')
2024-01-26 15:42:29,464 - Classification Succeeds.
2024-01-26 15:42:29,464 - Link Generation Succeeds.
2024-01-26 15:42:30,330 - Victim node is 1832.
2024-01-26 15:42:30,330 - tensor([2709, 2710, 2713], device='cuda:0')
2024-01-26 15:42:30,330 - Classification Fails.
2024-01-26 15:42:30,330 - Link Generation Succeeds.
2024-01-26 15:42:31,204 - Victim node is 151.
2024-01-26 15:42:31,204 - tensor([  12, 1318, 2661], device='cuda:0')
2024-01-26 15:42:31,204 - Classification Succeeds.
2024-01-26 15:42:31,205 - Link Generation Fails.
2024-01-26 15:42:32,071 - Victim node is 523.
2024-01-26 15:42:32,071 - tensor([ 306, 1358, 1986], device='cuda:0')
2024-01-26 15:42:32,071 - Classification Succeeds.
2024-01-26 15:42:32,071 - Link Generation Fails.
2024-01-26 15:42:32,954 - Victim node is 2679.
2024-01-26 15:42:32,954 - tensor([2715, 2717, 2725], device='cuda:0')
2024-01-26 15:42:32,954 - Classification Succeeds.
2024-01-26 15:42:32,954 - Link Generation Succeeds.
2024-01-26 15:42:33,882 - Victim node is 395.
2024-01-26 15:42:33,882 - tensor([  12, 1318, 2662], device='cuda:0')
2024-01-26 15:42:33,882 - Classification Fails.
2024-01-26 15:42:33,882 - Link Generation Fails.
2024-01-26 15:42:34,807 - Victim node is 897.
2024-01-26 15:42:34,807 - tensor([ 306, 1358, 1986], device='cuda:0')
2024-01-26 15:42:34,807 - Classification Succeeds.
2024-01-26 15:42:34,807 - Link Generation Fails.
2024-01-26 15:42:35,689 - Victim node is 1622.
2024-01-26 15:42:35,689 - tensor([ 306, 1358, 1986], device='cuda:0')
2024-01-26 15:42:35,689 - Classification Fails.
2024-01-26 15:42:35,689 - Link Generation Fails.
2024-01-26 15:42:36,580 - Victim node is 9.
2024-01-26 15:42:36,580 - tensor([2708, 2710, 2712], device='cuda:0')
2024-01-26 15:42:36,580 - Classification Succeeds.
2024-01-26 15:42:36,580 - Link Generation Succeeds.
2024-01-26 15:42:37,475 - Victim node is 2269.
2024-01-26 15:42:37,475 - tensor([  12, 2662, 2717], device='cuda:0')
2024-01-26 15:42:37,475 - Classification Succeeds.
2024-01-26 15:42:37,475 - Link Generation Succeeds.
2024-01-26 15:42:38,363 - Victim node is 913.
2024-01-26 15:42:38,363 - tensor([ 306, 1358, 1701], device='cuda:0')
2024-01-26 15:42:38,363 - Classification Fails.
2024-01-26 15:42:38,364 - Link Generation Fails.
2024-01-26 15:42:39,244 - Victim node is 110.
2024-01-26 15:42:39,244 - tensor([ 306, 1358, 1986], device='cuda:0')
2024-01-26 15:42:39,244 - Classification Succeeds.
2024-01-26 15:42:39,245 - Link Generation Fails.
2024-01-26 15:42:40,113 - Victim node is 1027.
2024-01-26 15:42:40,113 - tensor([ 306, 1358, 1986], device='cuda:0')
2024-01-26 15:42:40,113 - Classification Fails.
2024-01-26 15:42:40,114 - Link Generation Fails.
2024-01-26 15:42:41,003 - Victim node is 1212.
2024-01-26 15:42:41,003 - tensor([ 306, 1358, 1986], device='cuda:0')
2024-01-26 15:42:41,003 - Classification Succeeds.
2024-01-26 15:42:41,003 - Link Generation Fails.
2024-01-26 15:42:41,870 - Victim node is 923.
2024-01-26 15:42:41,870 - tensor([  12, 2708, 2709], device='cuda:0')
2024-01-26 15:42:41,872 - Classification Fails.
2024-01-26 15:42:41,872 - Link Generation Succeeds.
2024-01-26 15:42:42,755 - Victim node is 578.
2024-01-26 15:42:42,755 - tensor([ 306, 1358, 1623], device='cuda:0')
2024-01-26 15:42:42,755 - Classification Fails.
2024-01-26 15:42:42,755 - Link Generation Fails.
2024-01-26 15:42:43,647 - Victim node is 1937.
2024-01-26 15:42:43,648 - tensor([1358, 1701, 1986], device='cuda:0')
2024-01-26 15:42:43,648 - Classification Succeeds.
2024-01-26 15:42:43,648 - Link Generation Fails.
2024-01-26 15:42:44,590 - Victim node is 2666.
2024-01-26 15:42:44,590 - tensor([ 307, 2708, 2709], device='cuda:0')
2024-01-26 15:42:44,591 - Classification Fails.
2024-01-26 15:42:44,591 - Link Generation Succeeds.
2024-01-26 15:42:45,541 - Victim node is 1463.
2024-01-26 15:42:45,541 - tensor([ 306, 1358, 1986], device='cuda:0')
2024-01-26 15:42:45,542 - Classification Fails.
2024-01-26 15:42:45,542 - Link Generation Fails.
2024-01-26 15:42:46,518 - Victim node is 271.
2024-01-26 15:42:46,518 - tensor([  12, 2712, 2726], device='cuda:0')
2024-01-26 15:42:46,518 - Classification Succeeds.
2024-01-26 15:42:46,518 - Link Generation Succeeds.
2024-01-26 15:42:47,446 - Victim node is 987.
2024-01-26 15:42:47,446 - tensor([  12, 1318, 2708], device='cuda:0')
2024-01-26 15:42:47,446 - Classification Fails.
2024-01-26 15:42:47,446 - Link Generation Succeeds.
2024-01-26 15:42:48,398 - Victim node is 244.
2024-01-26 15:42:48,398 - tensor([ 306, 1701, 1986], device='cuda:0')
2024-01-26 15:42:48,399 - Classification Succeeds.
2024-01-26 15:42:48,399 - Link Generation Fails.
2024-01-26 15:42:49,332 - Victim node is 1935.
2024-01-26 15:42:49,332 - tensor([ 306, 1358, 1986], device='cuda:0')
2024-01-26 15:42:49,332 - Classification Succeeds.
2024-01-26 15:42:49,332 - Link Generation Fails.
2024-01-26 15:42:50,261 - Victim node is 2226.
2024-01-26 15:42:50,262 - tensor([  12, 1318, 2662], device='cuda:0')
2024-01-26 15:42:50,262 - Classification Succeeds.
2024-01-26 15:42:50,262 - Link Generation Fails.
2024-01-26 15:42:51,218 - Victim node is 1623.
2024-01-26 15:42:51,218 - tensor([ 306, 1358, 1986], device='cuda:0')
2024-01-26 15:42:51,219 - Classification Succeeds.
2024-01-26 15:42:51,219 - Link Generation Fails.
2024-01-26 15:42:52,206 - Victim node is 2625.
2024-01-26 15:42:52,206 - tensor([  12, 1257, 2248], device='cuda:0')
2024-01-26 15:42:52,206 - Classification Fails.
2024-01-26 15:42:52,206 - Link Generation Fails.
2024-01-26 15:42:53,194 - Victim node is 1032.
2024-01-26 15:42:53,195 - tensor([  12, 2708, 2709], device='cuda:0')
2024-01-26 15:42:53,195 - Classification Succeeds.
2024-01-26 15:42:53,195 - Link Generation Succeeds.
2024-01-26 15:42:54,178 - Victim node is 278.
2024-01-26 15:42:54,178 - tensor([  12, 2714, 2715], device='cuda:0')
2024-01-26 15:42:54,179 - Classification Fails.
2024-01-26 15:42:54,179 - Link Generation Succeeds.
2024-01-26 15:42:55,126 - Victim node is 1455.
2024-01-26 15:42:55,126 - tensor([  12, 1257, 2248], device='cuda:0')
2024-01-26 15:42:55,128 - Classification Fails.
2024-01-26 15:42:55,128 - Link Generation Fails.
2024-01-26 15:42:56,070 - Victim node is 1922.
2024-01-26 15:42:56,070 - tensor([ 306, 1013, 1358], device='cuda:0')
2024-01-26 15:42:56,070 - Classification Succeeds.
2024-01-26 15:42:56,070 - Link Generation Fails.
2024-01-26 15:42:56,966 - Victim node is 1278.
2024-01-26 15:42:56,966 - tensor([  12, 1318, 2662], device='cuda:0')
2024-01-26 15:42:56,966 - Classification Fails.
2024-01-26 15:42:56,966 - Link Generation Fails.
2024-01-26 15:42:57,900 - Victim node is 1344.
2024-01-26 15:42:57,900 - tensor([1701, 1986, 2034], device='cuda:0')
2024-01-26 15:42:57,900 - Classification Succeeds.
2024-01-26 15:42:57,900 - Link Generation Fails.
2024-01-26 15:42:58,843 - Victim node is 1533.
2024-01-26 15:42:58,843 - tensor([  12, 1257, 1318], device='cuda:0')
2024-01-26 15:42:58,843 - Classification Succeeds.
2024-01-26 15:42:58,843 - Link Generation Fails.
2024-01-26 15:42:59,765 - Victim node is 1546.
2024-01-26 15:42:59,765 - tensor([ 306, 1701, 1986], device='cuda:0')
2024-01-26 15:42:59,766 - Classification Succeeds.
2024-01-26 15:42:59,766 - Link Generation Fails.
2024-01-26 15:43:00,735 - Victim node is 1563.
2024-01-26 15:43:00,735 - tensor([ 306, 1358, 1986], device='cuda:0')
2024-01-26 15:43:00,735 - Classification Succeeds.
2024-01-26 15:43:00,735 - Link Generation Fails.
2024-01-26 15:43:01,660 - Victim node is 1210.
2024-01-26 15:43:01,660 - tensor([  12, 2662, 2708], device='cuda:0')
2024-01-26 15:43:01,660 - Classification Fails.
2024-01-26 15:43:01,661 - Link Generation Succeeds.
2024-01-26 15:43:02,630 - Victim node is 247.
2024-01-26 15:43:02,630 - tensor([  12, 1257, 1290], device='cuda:0')
2024-01-26 15:43:02,630 - Classification Succeeds.
2024-01-26 15:43:02,630 - Link Generation Fails.
2024-01-26 15:43:03,606 - Victim node is 914.
2024-01-26 15:43:03,606 - tensor([ 306, 1358, 1986], device='cuda:0')
2024-01-26 15:43:03,606 - Classification Succeeds.
2024-01-26 15:43:03,606 - Link Generation Fails.
2024-01-26 15:43:04,555 - Victim node is 868.
2024-01-26 15:43:04,555 - tensor([ 306, 1358, 1986], device='cuda:0')
2024-01-26 15:43:04,555 - Classification Fails.
2024-01-26 15:43:04,555 - Link Generation Fails.
2024-01-26 15:43:05,506 - Victim node is 2399.
2024-01-26 15:43:05,507 - tensor([2714, 2716, 2727], device='cuda:0')
2024-01-26 15:43:05,507 - Classification Succeeds.
2024-01-26 15:43:05,507 - Link Generation Succeeds.
2024-01-26 15:43:06,452 - Victim node is 181.
2024-01-26 15:43:06,452 - tensor([ 306, 1358, 1986], device='cuda:0')
2024-01-26 15:43:06,452 - Classification Succeeds.
2024-01-26 15:43:06,453 - Link Generation Fails.
2024-01-26 15:43:07,405 - Victim node is 2314.
2024-01-26 15:43:07,405 - tensor([ 306, 1358, 1986], device='cuda:0')
2024-01-26 15:43:07,405 - Classification Fails.
2024-01-26 15:43:07,405 - Link Generation Fails.
2024-01-26 15:43:08,355 - Victim node is 685.
2024-01-26 15:43:08,355 - tensor([1358, 2709, 2711], device='cuda:0')
2024-01-26 15:43:08,355 - Classification Fails.
2024-01-26 15:43:08,355 - Link Generation Succeeds.
2024-01-26 15:43:09,233 - Victim node is 896.
2024-01-26 15:43:09,234 - tensor([1358, 1701, 1986], device='cuda:0')
2024-01-26 15:43:09,234 - Classification Fails.
2024-01-26 15:43:09,234 - Link Generation Fails.
2024-01-26 15:43:10,177 - Victim node is 1185.
2024-01-26 15:43:10,177 - tensor([  12, 1318, 2662], device='cuda:0')
2024-01-26 15:43:10,178 - Classification Fails.
2024-01-26 15:43:10,178 - Link Generation Fails.
2024-01-26 15:43:11,149 - Victim node is 245.
2024-01-26 15:43:11,149 - tensor([  12, 2662, 2711], device='cuda:0')
2024-01-26 15:43:11,149 - Classification Succeeds.
2024-01-26 15:43:11,149 - Link Generation Succeeds.
2024-01-26 15:43:12,128 - Victim node is 2668.
2024-01-26 15:43:12,128 - tensor([1701, 1810, 1986], device='cuda:0')
2024-01-26 15:43:12,129 - Classification Succeeds.
2024-01-26 15:43:12,129 - Link Generation Fails.
2024-01-26 15:43:13,093 - Victim node is 1035.
2024-01-26 15:43:13,093 - tensor([ 306, 1358, 1986], device='cuda:0')
2024-01-26 15:43:13,093 - Classification Succeeds.
2024-01-26 15:43:13,093 - Link Generation Fails.
2024-01-26 15:43:14,043 - Victim node is 2115.
2024-01-26 15:43:14,043 - tensor([1358, 1701, 1986], device='cuda:0')
2024-01-26 15:43:14,043 - Classification Succeeds.
2024-01-26 15:43:14,043 - Link Generation Fails.
2024-01-26 15:43:15,013 - Victim node is 150.
2024-01-26 15:43:15,013 - tensor([ 306, 1358, 1986], device='cuda:0')
2024-01-26 15:43:15,013 - Classification Succeeds.
2024-01-26 15:43:15,013 - Link Generation Fails.
2024-01-26 15:43:15,988 - Victim node is 1969.
2024-01-26 15:43:15,988 - tensor([  12, 2662, 2723], device='cuda:0')
2024-01-26 15:43:15,988 - Classification Succeeds.
2024-01-26 15:43:15,988 - Link Generation Succeeds.
2024-01-26 15:43:16,962 - Victim node is 1861.
2024-01-26 15:43:16,962 - tensor([2714, 2731, 2738], device='cuda:0')
2024-01-26 15:43:16,964 - Classification Fails.
2024-01-26 15:43:16,964 - Link Generation Succeeds.
2024-01-26 15:43:17,913 - Victim node is 1399.
2024-01-26 15:43:17,913 - tensor([ 306, 1358, 1986], device='cuda:0')
2024-01-26 15:43:17,914 - Classification Fails.
2024-01-26 15:43:17,914 - Link Generation Fails.
2024-01-26 15:43:18,855 - Victim node is 377.
2024-01-26 15:43:18,855 - tensor([2729, 2736, 2740], device='cuda:0')
2024-01-26 15:43:18,856 - Classification Fails.
2024-01-26 15:43:18,856 - Link Generation Succeeds.
2024-01-26 15:43:19,791 - Victim node is 732.
2024-01-26 15:43:19,792 - tensor([ 306, 1358, 1623], device='cuda:0')
2024-01-26 15:43:19,792 - Classification Succeeds.
2024-01-26 15:43:19,792 - Link Generation Fails.
2024-01-26 15:43:20,736 - Victim node is 860.
2024-01-26 15:43:20,737 - tensor([ 306, 1358, 1986], device='cuda:0')
2024-01-26 15:43:20,737 - Classification Succeeds.
2024-01-26 15:43:20,737 - Link Generation Fails.
2024-01-26 15:43:21,687 - Victim node is 1555.
2024-01-26 15:43:21,687 - tensor([2709, 2712, 2714], device='cuda:0')
2024-01-26 15:43:21,688 - Classification Succeeds.
2024-01-26 15:43:21,688 - Link Generation Succeeds.
2024-01-26 15:43:22,633 - Victim node is 261.
2024-01-26 15:43:22,633 - tensor([ 306, 1358, 1986], device='cuda:0')
2024-01-26 15:43:22,633 - Classification Succeeds.
2024-01-26 15:43:22,633 - Link Generation Fails.
2024-01-26 15:43:23,604 - Victim node is 2282.
2024-01-26 15:43:23,604 - tensor([ 306, 1358, 2752], device='cuda:0')
2024-01-26 15:43:23,605 - Classification Fails.
2024-01-26 15:43:23,605 - Link Generation Succeeds.
2024-01-26 15:43:24,557 - Victim node is 1421.
2024-01-26 15:43:24,557 - tensor([ 306, 1358, 1623], device='cuda:0')
2024-01-26 15:43:24,557 - Classification Succeeds.
2024-01-26 15:43:24,558 - Link Generation Fails.
2024-01-26 15:43:25,504 - Victim node is 2133.
2024-01-26 15:43:25,504 - tensor([ 306, 1358, 1986], device='cuda:0')
2024-01-26 15:43:25,504 - Classification Succeeds.
2024-01-26 15:43:25,504 - Link Generation Fails.
2024-01-26 15:43:26,423 - Victim node is 2514.
2024-01-26 15:43:26,423 - tensor([ 306, 1358, 1623], device='cuda:0')
2024-01-26 15:43:26,423 - Classification Succeeds.
2024-01-26 15:43:26,424 - Link Generation Fails.
2024-01-26 15:43:27,327 - Victim node is 1121.
2024-01-26 15:43:27,327 - tensor([ 306, 1358, 1986], device='cuda:0')
2024-01-26 15:43:27,327 - Classification Succeeds.
2024-01-26 15:43:27,327 - Link Generation Fails.
2024-01-26 15:43:28,259 - Victim node is 1993.
2024-01-26 15:43:28,259 - tensor([ 306, 1358, 1701], device='cuda:0')
2024-01-26 15:43:28,260 - Classification Succeeds.
2024-01-26 15:43:28,260 - Link Generation Fails.
2024-01-26 15:43:29,159 - Victim node is 1885.
2024-01-26 15:43:29,159 - tensor([  12, 2711, 2714], device='cuda:0')
2024-01-26 15:43:29,159 - Classification Fails.
2024-01-26 15:43:29,159 - Link Generation Succeeds.
2024-01-26 15:43:30,027 - Victim node is 2233.
2024-01-26 15:43:30,027 - tensor([ 306, 1358, 1986], device='cuda:0')
2024-01-26 15:43:30,028 - Classification Succeeds.
2024-01-26 15:43:30,028 - Link Generation Fails.
2024-01-26 15:43:30,943 - Victim node is 2313.
2024-01-26 15:43:30,944 - tensor([ 306, 1358, 1986], device='cuda:0')
2024-01-26 15:43:30,944 - Classification Succeeds.
2024-01-26 15:43:30,944 - Link Generation Fails.
2024-01-26 15:43:31,889 - Victim node is 1198.
2024-01-26 15:43:31,889 - tensor([ 306, 1358, 1986], device='cuda:0')
2024-01-26 15:43:31,889 - Classification Fails.
2024-01-26 15:43:31,889 - Link Generation Fails.
2024-01-26 15:43:32,868 - Victim node is 905.
2024-01-26 15:43:32,868 - tensor([ 306, 1358, 1986], device='cuda:0')
2024-01-26 15:43:32,869 - Classification Succeeds.
2024-01-26 15:43:32,869 - Link Generation Fails.
2024-01-26 15:43:33,853 - Victim node is 146.
2024-01-26 15:43:33,853 - tensor([ 306, 1358, 1986], device='cuda:0')
2024-01-26 15:43:33,854 - Classification Succeeds.
2024-01-26 15:43:33,854 - Link Generation Fails.
2024-01-26 15:43:34,808 - Victim node is 2586.
2024-01-26 15:43:34,808 - tensor([  12, 2662, 2709], device='cuda:0')
2024-01-26 15:43:34,809 - Classification Fails.
2024-01-26 15:43:34,809 - Link Generation Succeeds.
2024-01-26 15:43:35,754 - Victim node is 1311.
2024-01-26 15:43:35,755 - tensor([ 306, 1358, 1701], device='cuda:0')
2024-01-26 15:43:35,755 - Classification Fails.
2024-01-26 15:43:35,755 - Link Generation Fails.
2024-01-26 15:43:36,712 - Victim node is 2664.
2024-01-26 15:43:36,712 - tensor([  12, 2662, 2708], device='cuda:0')
2024-01-26 15:43:36,712 - Classification Succeeds.
2024-01-26 15:43:36,712 - Link Generation Succeeds.
2024-01-26 15:43:37,663 - Victim node is 218.
2024-01-26 15:43:37,663 - tensor([1358, 1701, 1986], device='cuda:0')
2024-01-26 15:43:37,663 - Classification Succeeds.
2024-01-26 15:43:37,663 - Link Generation Fails.
2024-01-26 15:43:38,605 - Victim node is 1457.
2024-01-26 15:43:38,605 - tensor([1257, 2711, 2712], device='cuda:0')
2024-01-26 15:43:38,606 - Classification Succeeds.
2024-01-26 15:43:38,606 - Link Generation Succeeds.
2024-01-26 15:43:39,558 - Victim node is 739.
2024-01-26 15:43:39,558 - tensor([  12, 2713, 2724], device='cuda:0')
2024-01-26 15:43:39,559 - Classification Succeeds.
2024-01-26 15:43:39,559 - Link Generation Succeeds.
2024-01-26 15:43:40,514 - Victim node is 1886.
2024-01-26 15:43:40,514 - tensor([1358, 1701, 1986], device='cuda:0')
2024-01-26 15:43:40,514 - Classification Succeeds.
2024-01-26 15:43:40,514 - Link Generation Fails.
2024-01-26 15:43:41,466 - Victim node is 1393.
2024-01-26 15:43:41,467 - tensor([  12, 2662, 2708], device='cuda:0')
2024-01-26 15:43:41,467 - Classification Fails.
2024-01-26 15:43:41,467 - Link Generation Succeeds.
2024-01-26 15:43:42,452 - Victim node is 1406.
2024-01-26 15:43:42,452 - tensor([2711, 2712, 2716], device='cuda:0')
2024-01-26 15:43:42,453 - Classification Fails.
2024-01-26 15:43:42,453 - Link Generation Succeeds.
2024-01-26 15:43:43,385 - Victim node is 130.
2024-01-26 15:43:43,386 - tensor([ 306, 1358, 1701], device='cuda:0')
2024-01-26 15:43:43,386 - Classification Succeeds.
2024-01-26 15:43:43,386 - Link Generation Fails.
2024-01-26 15:43:44,344 - Victim node is 2193.
2024-01-26 15:43:44,345 - tensor([1257, 2711, 2712], device='cuda:0')
2024-01-26 15:43:44,345 - Classification Fails.
2024-01-26 15:43:44,345 - Link Generation Succeeds.
2024-01-26 15:43:45,268 - Victim node is 47.
2024-01-26 15:43:45,268 - tensor([2708, 2709, 2711], device='cuda:0')
2024-01-26 15:43:45,268 - Classification Succeeds.
2024-01-26 15:43:45,268 - Link Generation Succeeds.
2024-01-26 15:43:46,210 - Victim node is 1554.
2024-01-26 15:43:46,210 - tensor([ 785, 1290, 1664], device='cuda:0')
2024-01-26 15:43:46,210 - Classification Succeeds.
2024-01-26 15:43:46,210 - Link Generation Fails.
2024-01-26 15:43:47,088 - Victim node is 102.
2024-01-26 15:43:47,088 - tensor([ 306, 1358, 1986], device='cuda:0')
2024-01-26 15:43:47,089 - Classification Succeeds.
2024-01-26 15:43:47,089 - Link Generation Fails.
2024-01-26 15:43:47,995 - Victim node is 2624.
2024-01-26 15:43:47,996 - tensor([  12, 1318, 2662], device='cuda:0')
2024-01-26 15:43:47,996 - Classification Fails.
2024-01-26 15:43:47,996 - Link Generation Fails.
2024-01-26 15:43:48,912 - Victim node is 737.
2024-01-26 15:43:48,912 - tensor([ 306, 1358, 1986], device='cuda:0')
2024-01-26 15:43:48,913 - Classification Succeeds.
2024-01-26 15:43:48,913 - Link Generation Fails.
2024-01-26 15:43:49,825 - Victim node is 2595.
2024-01-26 15:43:49,825 - tensor([  12, 2713, 2714], device='cuda:0')
2024-01-26 15:43:49,826 - Classification Fails.
2024-01-26 15:43:49,826 - Link Generation Succeeds.
2024-01-26 15:43:50,758 - Victim node is 549.
2024-01-26 15:43:50,758 - tensor([ 306, 1358, 1701], device='cuda:0')
2024-01-26 15:43:50,758 - Classification Succeeds.
2024-01-26 15:43:50,758 - Link Generation Fails.
2024-01-26 15:43:51,678 - Victim node is 1044.
2024-01-26 15:43:51,678 - tensor([  12, 1162, 1510], device='cuda:0')
2024-01-26 15:43:51,678 - Classification Fails.
2024-01-26 15:43:51,679 - Link Generation Fails.
2024-01-26 15:43:52,590 - Victim node is 100.
2024-01-26 15:43:52,590 - tensor([ 306, 1358, 1623], device='cuda:0')
2024-01-26 15:43:52,591 - Classification Fails.
2024-01-26 15:43:52,591 - Link Generation Fails.
2024-01-26 15:43:53,486 - Victim node is 2365.
2024-01-26 15:43:53,486 - tensor([ 306, 1358, 1986], device='cuda:0')
2024-01-26 15:43:53,486 - Classification Succeeds.
2024-01-26 15:43:53,486 - Link Generation Fails.
2024-01-26 15:43:54,364 - Victim node is 214.
2024-01-26 15:43:54,364 - tensor([ 306, 1358, 2713], device='cuda:0')
2024-01-26 15:43:54,364 - Classification Fails.
2024-01-26 15:43:54,364 - Link Generation Succeeds.
2024-01-26 15:43:55,246 - Victim node is 2486.
2024-01-26 15:43:55,246 - tensor([2710, 2711, 2715], device='cuda:0')
2024-01-26 15:43:55,246 - Classification Succeeds.
2024-01-26 15:43:55,246 - Link Generation Succeeds.
2024-01-26 15:43:56,146 - Victim node is 734.
2024-01-26 15:43:56,146 - tensor([ 306, 1358, 1623], device='cuda:0')
2024-01-26 15:43:56,146 - Classification Succeeds.
2024-01-26 15:43:56,147 - Link Generation Fails.
2024-01-26 15:43:57,066 - Victim node is 2234.
2024-01-26 15:43:57,066 - tensor([  12, 2708, 2710], device='cuda:0')
2024-01-26 15:43:57,066 - Classification Fails.
2024-01-26 15:43:57,066 - Link Generation Succeeds.
2024-01-26 15:43:57,994 - Victim node is 292.
2024-01-26 15:43:57,994 - tensor([  12, 1318, 2662], device='cuda:0')
2024-01-26 15:43:57,995 - Classification Fails.
2024-01-26 15:43:57,995 - Link Generation Fails.
2024-01-26 15:43:58,910 - Victim node is 301.
2024-01-26 15:43:58,910 - tensor([ 306, 1358, 1986], device='cuda:0')
2024-01-26 15:43:58,912 - Classification Succeeds.
2024-01-26 15:43:58,912 - Link Generation Fails.
2024-01-26 15:43:59,839 - Victim node is 861.
2024-01-26 15:43:59,839 - tensor([ 306, 1358, 1623], device='cuda:0')
2024-01-26 15:43:59,840 - Classification Succeeds.
2024-01-26 15:43:59,840 - Link Generation Fails.
2024-01-26 15:44:00,767 - Victim node is 636.
2024-01-26 15:44:00,767 - tensor([ 306, 1358, 1986], device='cuda:0')
2024-01-26 15:44:00,767 - Classification Fails.
2024-01-26 15:44:00,767 - Link Generation Fails.
2024-01-26 15:44:01,683 - Victim node is 1955.
2024-01-26 15:44:01,683 - tensor([1162, 1257, 1510], device='cuda:0')
2024-01-26 15:44:01,683 - Classification Succeeds.
2024-01-26 15:44:01,683 - Link Generation Fails.
2024-01-26 15:44:02,606 - Victim node is 1645.
2024-01-26 15:44:02,606 - tensor([ 306, 1358, 1986], device='cuda:0')
2024-01-26 15:44:02,606 - Classification Fails.
2024-01-26 15:44:02,606 - Link Generation Fails.
2024-01-26 15:44:03,543 - Victim node is 61.
2024-01-26 15:44:03,544 - tensor([ 306, 1358, 1623], device='cuda:0')
2024-01-26 15:44:03,544 - Classification Succeeds.
2024-01-26 15:44:03,544 - Link Generation Fails.
2024-01-26 15:44:04,494 - Victim node is 1821.
2024-01-26 15:44:04,494 - tensor([ 306, 1358, 1986], device='cuda:0')
2024-01-26 15:44:04,495 - Classification Succeeds.
2024-01-26 15:44:04,495 - Link Generation Fails.
2024-01-26 15:44:05,413 - Victim node is 810.
2024-01-26 15:44:05,413 - tensor([ 306, 1358, 1701], device='cuda:0')
2024-01-26 15:44:05,413 - Classification Fails.
2024-01-26 15:44:05,413 - Link Generation Fails.
2024-01-26 15:44:06,354 - Victim node is 2400.
2024-01-26 15:44:06,354 - tensor([2718, 2720, 2725], device='cuda:0')
2024-01-26 15:44:06,354 - Classification Succeeds.
2024-01-26 15:44:06,354 - Link Generation Succeeds.
2024-01-26 15:44:07,263 - Victim node is 202.
2024-01-26 15:44:07,263 - tensor([ 306, 1358, 1623], device='cuda:0')
2024-01-26 15:44:07,263 - Classification Succeeds.
2024-01-26 15:44:07,263 - Link Generation Fails.
2024-01-26 15:44:08,180 - Victim node is 718.
2024-01-26 15:44:08,180 - tensor([ 306, 1358, 1986], device='cuda:0')
2024-01-26 15:44:08,180 - Classification Succeeds.
2024-01-26 15:44:08,180 - Link Generation Fails.
2024-01-26 15:44:09,099 - Victim node is 2068.
2024-01-26 15:44:09,099 - tensor([ 306, 1358, 1986], device='cuda:0')
2024-01-26 15:44:09,099 - Classification Fails.
2024-01-26 15:44:09,100 - Link Generation Fails.
2024-01-26 15:44:10,027 - Victim node is 19.
2024-01-26 15:44:10,027 - tensor([  12, 1318, 2662], device='cuda:0')
2024-01-26 15:44:10,027 - Classification Fails.
2024-01-26 15:44:10,027 - Link Generation Fails.
2024-01-26 15:44:10,950 - Victim node is 2564.
2024-01-26 15:44:10,950 - tensor([2709, 2710, 2720], device='cuda:0')
2024-01-26 15:44:10,950 - Classification Fails.
2024-01-26 15:44:10,950 - Link Generation Succeeds.
2024-01-26 15:44:11,894 - Victim node is 977.
2024-01-26 15:44:11,894 - tensor([  12, 1318, 2709], device='cuda:0')
2024-01-26 15:44:11,894 - Classification Fails.
2024-01-26 15:44:11,894 - Link Generation Succeeds.
2024-01-26 15:44:12,815 - Victim node is 489.
2024-01-26 15:44:12,815 - tensor([ 306, 1701, 1986], device='cuda:0')
2024-01-26 15:44:12,816 - Classification Succeeds.
2024-01-26 15:44:12,816 - Link Generation Fails.
2024-01-26 15:44:13,754 - Victim node is 340.
2024-01-26 15:44:13,754 - tensor([  12, 2710, 2715], device='cuda:0')
2024-01-26 15:44:13,755 - Classification Succeeds.
2024-01-26 15:44:13,755 - Link Generation Succeeds.
2024-01-26 15:44:14,673 - Victim node is 1152.
2024-01-26 15:44:14,673 - tensor([ 306, 1358, 1986], device='cuda:0')
2024-01-26 15:44:14,675 - Classification Succeeds.
2024-01-26 15:44:14,675 - Link Generation Fails.
2024-01-26 15:44:15,607 - Victim node is 1796.
2024-01-26 15:44:15,607 - tensor([  12, 1318, 2662], device='cuda:0')
2024-01-26 15:44:15,607 - Classification Succeeds.
2024-01-26 15:44:15,607 - Link Generation Fails.
2024-01-26 15:44:16,525 - Victim node is 322.
2024-01-26 15:44:16,526 - tensor([ 306, 1358, 1623], device='cuda:0')
2024-01-26 15:44:16,526 - Classification Succeeds.
2024-01-26 15:44:16,526 - Link Generation Fails.
2024-01-26 15:44:17,456 - Victim node is 399.
2024-01-26 15:44:17,456 - tensor([ 306, 1358, 1986], device='cuda:0')
2024-01-26 15:44:17,456 - Classification Succeeds.
2024-01-26 15:44:17,456 - Link Generation Fails.
2024-01-26 15:44:18,398 - Victim node is 2373.
2024-01-26 15:44:18,399 - tensor([ 306, 1358, 1986], device='cuda:0')
2024-01-26 15:44:18,399 - Classification Fails.
2024-01-26 15:44:18,399 - Link Generation Fails.
2024-01-26 15:44:19,316 - Victim node is 1258.
2024-01-26 15:44:19,316 - tensor([ 306, 1358, 1623], device='cuda:0')
2024-01-26 15:44:19,317 - Classification Succeeds.
2024-01-26 15:44:19,317 - Link Generation Fails.
2024-01-26 15:44:20,318 - Victim node is 369.
2024-01-26 15:44:20,319 - tensor([2708, 2709, 2711], device='cuda:0')
2024-01-26 15:44:20,319 - Classification Succeeds.
2024-01-26 15:44:20,319 - Link Generation Succeeds.
2024-01-26 15:44:21,347 - Victim node is 2460.
2024-01-26 15:44:21,347 - tensor([ 306, 1358, 1623], device='cuda:0')
2024-01-26 15:44:21,348 - Classification Succeeds.
2024-01-26 15:44:21,348 - Link Generation Fails.
2024-01-26 15:44:22,367 - Victim node is 2211.
2024-01-26 15:44:22,367 - tensor([  12, 1257, 2662], device='cuda:0')
2024-01-26 15:44:22,367 - Classification Fails.
2024-01-26 15:44:22,367 - Link Generation Fails.
2024-01-26 15:44:23,357 - Victim node is 223.
2024-01-26 15:44:23,357 - tensor([ 306, 1358, 1986], device='cuda:0')
2024-01-26 15:44:23,357 - Classification Succeeds.
2024-01-26 15:44:23,357 - Link Generation Fails.
2024-01-26 15:44:24,290 - Victim node is 423.
2024-01-26 15:44:24,290 - tensor([ 306, 1358, 1986], device='cuda:0')
2024-01-26 15:44:24,292 - Classification Succeeds.
2024-01-26 15:44:24,292 - Link Generation Fails.
2024-01-26 15:44:25,247 - Victim node is 2176.
2024-01-26 15:44:25,247 - tensor([ 306, 1358, 1986], device='cuda:0')
2024-01-26 15:44:25,247 - Classification Succeeds.
2024-01-26 15:44:25,247 - Link Generation Fails.
2024-01-26 15:44:26,256 - Victim node is 2378.
2024-01-26 15:44:26,256 - tensor([  12, 2722, 2724], device='cuda:0')
2024-01-26 15:44:26,256 - Classification Succeeds.
2024-01-26 15:44:26,257 - Link Generation Succeeds.
2024-01-26 15:44:27,245 - Victim node is 285.
2024-01-26 15:44:27,245 - tensor([ 306, 1358, 1986], device='cuda:0')
2024-01-26 15:44:27,245 - Classification Succeeds.
2024-01-26 15:44:27,245 - Link Generation Fails.
2024-01-26 15:44:28,284 - Victim node is 563.
2024-01-26 15:44:28,284 - tensor([ 306, 1358, 1986], device='cuda:0')
2024-01-26 15:44:28,284 - Classification Succeeds.
2024-01-26 15:44:28,285 - Link Generation Fails.
2024-01-26 15:44:29,194 - Victim node is 49.
2024-01-26 15:44:29,194 - tensor([1358, 1701, 1986], device='cuda:0')
2024-01-26 15:44:29,194 - Classification Fails.
2024-01-26 15:44:29,194 - Link Generation Fails.
2024-01-26 15:44:30,105 - Victim node is 250.
2024-01-26 15:44:30,105 - tensor([  12, 2708, 2709], device='cuda:0')
2024-01-26 15:44:30,105 - Classification Succeeds.
2024-01-26 15:44:30,105 - Link Generation Succeeds.
2024-01-26 15:44:31,032 - Victim node is 931.
2024-01-26 15:44:31,032 - tensor([ 306, 1358, 1623], device='cuda:0')
2024-01-26 15:44:31,033 - Classification Fails.
2024-01-26 15:44:31,033 - Link Generation Fails.
2024-01-26 15:44:31,951 - Victim node is 1696.
2024-01-26 15:44:31,951 - tensor([ 306, 1358, 1986], device='cuda:0')
2024-01-26 15:44:31,953 - Classification Fails.
2024-01-26 15:44:31,953 - Link Generation Fails.
2024-01-26 15:44:32,882 - Victim node is 515.
2024-01-26 15:44:32,882 - tensor([  12, 2711, 2714], device='cuda:0')
2024-01-26 15:44:32,882 - Classification Succeeds.
2024-01-26 15:44:32,882 - Link Generation Succeeds.
2024-01-26 15:44:33,788 - Victim node is 935.
2024-01-26 15:44:33,788 - tensor([2710, 2746, 2753], device='cuda:0')
2024-01-26 15:44:33,790 - Classification Succeeds.
2024-01-26 15:44:33,790 - Link Generation Succeeds.
2024-01-26 15:44:34,707 - Victim node is 1369.
2024-01-26 15:44:34,707 - tensor([  12, 2539, 2712], device='cuda:0')
2024-01-26 15:44:34,707 - Classification Succeeds.
2024-01-26 15:44:34,707 - Link Generation Succeeds.
2024-01-26 15:44:35,617 - Victim node is 2002.
2024-01-26 15:44:35,617 - tensor([ 306, 1358, 1701], device='cuda:0')
2024-01-26 15:44:35,617 - Classification Fails.
2024-01-26 15:44:35,618 - Link Generation Fails.
2024-01-26 15:44:36,542 - Victim node is 1381.
2024-01-26 15:44:36,542 - tensor([2709, 2710, 2711], device='cuda:0')
2024-01-26 15:44:36,542 - Classification Succeeds.
2024-01-26 15:44:36,542 - Link Generation Succeeds.
2024-01-26 15:44:37,443 - Victim node is 1162.
2024-01-26 15:44:37,444 - tensor([2709, 2711, 2713], device='cuda:0')
2024-01-26 15:44:37,444 - Classification Succeeds.
2024-01-26 15:44:37,444 - Link Generation Succeeds.
2024-01-26 15:44:38,370 - Victim node is 362.
2024-01-26 15:44:38,371 - tensor([1257, 2712, 2715], device='cuda:0')
2024-01-26 15:44:38,371 - Classification Fails.
2024-01-26 15:44:38,371 - Link Generation Succeeds.
2024-01-26 15:44:39,298 - Victim node is 1026.
2024-01-26 15:44:39,298 - tensor([1358, 1701, 1986], device='cuda:0')
2024-01-26 15:44:39,299 - Classification Succeeds.
2024-01-26 15:44:39,299 - Link Generation Fails.
2024-01-26 15:44:40,209 - Victim node is 358.
2024-01-26 15:44:40,209 - tensor([ 306, 1358, 1986], device='cuda:0')
2024-01-26 15:44:40,209 - Classification Succeeds.
2024-01-26 15:44:40,209 - Link Generation Fails.
2024-01-26 15:44:41,126 - Victim node is 2248.
2024-01-26 15:44:41,126 - tensor([2731, 2734, 2740], device='cuda:0')
2024-01-26 15:44:41,126 - Classification Succeeds.
2024-01-26 15:44:41,126 - Link Generation Succeeds.
2024-01-26 15:44:42,046 - Victim node is 1668.
2024-01-26 15:44:42,046 - tensor([ 306, 1358, 1986], device='cuda:0')
2024-01-26 15:44:42,046 - Classification Succeeds.
2024-01-26 15:44:42,046 - Link Generation Fails.
2024-01-26 15:44:42,933 - Victim node is 255.
2024-01-26 15:44:42,933 - tensor([ 306, 1358, 1986], device='cuda:0')
2024-01-26 15:44:42,933 - Classification Fails.
2024-01-26 15:44:42,933 - Link Generation Fails.
2024-01-26 15:44:43,839 - Victim node is 623.
2024-01-26 15:44:43,840 - tensor([  12, 1318, 2662], device='cuda:0')
2024-01-26 15:44:43,840 - Classification Succeeds.
2024-01-26 15:44:43,840 - Link Generation Fails.
2024-01-26 15:44:44,756 - Victim node is 1620.
2024-01-26 15:44:44,756 - tensor([ 306, 1701, 1986], device='cuda:0')
2024-01-26 15:44:44,756 - Classification Fails.
2024-01-26 15:44:44,756 - Link Generation Fails.
2024-01-26 15:44:45,690 - Victim node is 1239.
2024-01-26 15:44:45,690 - tensor([ 306, 1358, 1986], device='cuda:0')
2024-01-26 15:44:45,690 - Classification Succeeds.
2024-01-26 15:44:45,692 - Link Generation Fails.
2024-01-26 15:44:46,614 - Victim node is 1478.
2024-01-26 15:44:46,614 - tensor([ 306, 1358, 1986], device='cuda:0')
2024-01-26 15:44:46,614 - Classification Succeeds.
2024-01-26 15:44:46,614 - Link Generation Fails.
2024-01-26 15:44:47,543 - Victim node is 119.
2024-01-26 15:44:47,543 - tensor([2714, 2715, 2721], device='cuda:0')
2024-01-26 15:44:47,544 - Classification Succeeds.
2024-01-26 15:44:47,544 - Link Generation Succeeds.
2024-01-26 15:44:48,484 - Victim node is 2223.
2024-01-26 15:44:48,485 - tensor([  12, 1318, 2662], device='cuda:0')
2024-01-26 15:44:48,485 - Classification Succeeds.
2024-01-26 15:44:48,485 - Link Generation Fails.
2024-01-26 15:44:49,438 - Victim node is 1502.
2024-01-26 15:44:49,438 - tensor([  12, 1257, 2248], device='cuda:0')
2024-01-26 15:44:49,439 - Classification Fails.
2024-01-26 15:44:49,439 - Link Generation Fails.
2024-01-26 15:44:50,376 - Victim node is 2182.
2024-01-26 15:44:50,376 - tensor([ 306, 1358, 1986], device='cuda:0')
2024-01-26 15:44:50,376 - Classification Succeeds.
2024-01-26 15:44:50,376 - Link Generation Fails.
2024-01-26 15:44:51,316 - Victim node is 676.
2024-01-26 15:44:51,316 - tensor([  12, 1257, 1318], device='cuda:0')
2024-01-26 15:44:51,316 - Classification Fails.
2024-01-26 15:44:51,316 - Link Generation Fails.
2024-01-26 15:44:52,223 - Victim node is 1621.
2024-01-26 15:44:52,224 - tensor([  12, 2662, 2710], device='cuda:0')
2024-01-26 15:44:52,224 - Classification Fails.
2024-01-26 15:44:52,224 - Link Generation Succeeds.
2024-01-26 15:44:53,139 - Victim node is 1972.
2024-01-26 15:44:53,139 - tensor([ 306, 1358, 1986], device='cuda:0')
2024-01-26 15:44:53,139 - Classification Succeeds.
2024-01-26 15:44:53,139 - Link Generation Fails.
2024-01-26 15:44:54,058 - Victim node is 453.
2024-01-26 15:44:54,058 - tensor([2708, 2711, 2713], device='cuda:0')
2024-01-26 15:44:54,059 - Classification Fails.
2024-01-26 15:44:54,059 - Link Generation Succeeds.
2024-01-26 15:44:54,988 - Victim node is 2565.
2024-01-26 15:44:54,988 - tensor([2708, 2709, 2711], device='cuda:0')
2024-01-26 15:44:54,988 - Classification Fails.
2024-01-26 15:44:54,988 - Link Generation Succeeds.
2024-01-26 15:44:55,888 - Victim node is 304.
2024-01-26 15:44:55,888 - tensor([ 306, 1358, 1986], device='cuda:0')
2024-01-26 15:44:55,889 - Classification Succeeds.
2024-01-26 15:44:55,889 - Link Generation Fails.
2024-01-26 15:44:56,816 - Victim node is 2531.
2024-01-26 15:44:56,816 - tensor([  12, 2708, 2710], device='cuda:0')
2024-01-26 15:44:56,816 - Classification Fails.
2024-01-26 15:44:56,816 - Link Generation Succeeds.
2024-01-26 15:44:57,730 - Victim node is 1688.
2024-01-26 15:44:57,731 - tensor([  12, 1318, 2661], device='cuda:0')
2024-01-26 15:44:57,731 - Classification Succeeds.
2024-01-26 15:44:57,731 - Link Generation Fails.
2024-01-26 15:44:58,675 - Victim node is 2087.
2024-01-26 15:44:58,675 - tensor([1358, 1701, 1986], device='cuda:0')
2024-01-26 15:44:58,676 - Classification Succeeds.
2024-01-26 15:44:58,676 - Link Generation Fails.
2024-01-26 15:44:59,576 - Victim node is 1306.
2024-01-26 15:44:59,576 - tensor([ 306, 1358, 1623], device='cuda:0')
2024-01-26 15:44:59,577 - Classification Succeeds.
2024-01-26 15:44:59,577 - Link Generation Fails.
2024-01-26 15:45:00,509 - Victim node is 1637.
2024-01-26 15:45:00,509 - tensor([ 306, 1358, 1623], device='cuda:0')
2024-01-26 15:45:00,510 - Classification Fails.
2024-01-26 15:45:00,510 - Link Generation Fails.
2024-01-26 15:45:01,452 - Victim node is 1476.
2024-01-26 15:45:01,453 - tensor([1119, 1358, 1701], device='cuda:0')
2024-01-26 15:45:01,453 - Classification Fails.
2024-01-26 15:45:01,453 - Link Generation Fails.
2024-01-26 15:45:02,396 - Victim node is 2236.
2024-01-26 15:45:02,396 - tensor([1257, 1510, 2720], device='cuda:0')
2024-01-26 15:45:02,396 - Classification Succeeds.
2024-01-26 15:45:02,396 - Link Generation Succeeds.
2024-01-26 15:45:03,328 - Victim node is 604.
2024-01-26 15:45:03,328 - tensor([ 306, 1358, 1623], device='cuda:0')
2024-01-26 15:45:03,328 - Classification Succeeds.
2024-01-26 15:45:03,328 - Link Generation Fails.
2024-01-26 15:45:04,264 - Victim node is 1452.
2024-01-26 15:45:04,264 - tensor([  12,  739, 1510], device='cuda:0')
2024-01-26 15:45:04,264 - Classification Succeeds.
2024-01-26 15:45:04,264 - Link Generation Fails.
2024-01-26 15:45:05,184 - Victim node is 1556.
2024-01-26 15:45:05,184 - tensor([  12, 2708, 2710], device='cuda:0')
2024-01-26 15:45:05,185 - Classification Fails.
2024-01-26 15:45:05,185 - Link Generation Succeeds.
2024-01-26 15:45:06,096 - Victim node is 1439.
2024-01-26 15:45:06,096 - tensor([2539, 2709, 2710], device='cuda:0')
2024-01-26 15:45:06,096 - Classification Fails.
2024-01-26 15:45:06,096 - Link Generation Succeeds.
2024-01-26 15:45:07,032 - Victim node is 2072.
2024-01-26 15:45:07,032 - tensor([ 306, 1358, 1986], device='cuda:0')
2024-01-26 15:45:07,032 - Classification Succeeds.
2024-01-26 15:45:07,032 - Link Generation Fails.
2024-01-26 15:45:07,969 - Victim node is 767.
2024-01-26 15:45:07,970 - tensor([ 306, 1358, 1986], device='cuda:0')
2024-01-26 15:45:07,970 - Classification Fails.
2024-01-26 15:45:07,970 - Link Generation Fails.
2024-01-26 15:45:08,939 - Victim node is 1814.
2024-01-26 15:45:08,939 - tensor([  12, 2539, 2747], device='cuda:0')
2024-01-26 15:45:08,939 - Classification Fails.
2024-01-26 15:45:08,940 - Link Generation Succeeds.
2024-01-26 15:45:09,875 - Victim node is 46.
2024-01-26 15:45:09,875 - tensor([ 306, 1358, 1623], device='cuda:0')
2024-01-26 15:45:09,876 - Classification Succeeds.
2024-01-26 15:45:09,876 - Link Generation Fails.
2024-01-26 15:45:10,803 - Victim node is 1018.
2024-01-26 15:45:10,803 - tensor([   7,   12, 2710], device='cuda:0')
2024-01-26 15:45:10,804 - Classification Succeeds.
2024-01-26 15:45:10,804 - Link Generation Succeeds.
2024-01-26 15:45:11,723 - Victim node is 2303.
2024-01-26 15:45:11,723 - tensor([1358, 1701, 1986], device='cuda:0')
2024-01-26 15:45:11,724 - Classification Succeeds.
2024-01-26 15:45:11,724 - Link Generation Fails.
2024-01-26 15:45:12,653 - Victim node is 740.
2024-01-26 15:45:12,653 - tensor([2708, 2711, 2713], device='cuda:0')
2024-01-26 15:45:12,654 - Classification Fails.
2024-01-26 15:45:12,654 - Link Generation Succeeds.
2024-01-26 15:45:13,573 - Victim node is 1520.
2024-01-26 15:45:13,573 - tensor([1358, 1701, 1986], device='cuda:0')
2024-01-26 15:45:13,573 - Classification Succeeds.
2024-01-26 15:45:13,573 - Link Generation Fails.
2024-01-26 15:45:14,511 - Victim node is 78.
2024-01-26 15:45:14,511 - tensor([ 222, 1050, 1966], device='cuda:0')
2024-01-26 15:45:14,512 - Classification Succeeds.
2024-01-26 15:45:14,512 - Link Generation Fails.
2024-01-26 15:45:15,426 - Victim node is 1926.
2024-01-26 15:45:15,426 - tensor([ 306, 1358, 1986], device='cuda:0')
2024-01-26 15:45:15,427 - Classification Succeeds.
2024-01-26 15:45:15,427 - Link Generation Fails.
2024-01-26 15:45:16,349 - Victim node is 2469.
2024-01-26 15:45:16,349 - tensor([2709, 2713, 2715], device='cuda:0')
2024-01-26 15:45:16,349 - Classification Succeeds.
2024-01-26 15:45:16,349 - Link Generation Succeeds.
2024-01-26 15:45:17,246 - Victim node is 1949.
2024-01-26 15:45:17,246 - tensor([1358, 1701, 1986], device='cuda:0')
2024-01-26 15:45:17,246 - Classification Succeeds.
2024-01-26 15:45:17,246 - Link Generation Fails.
2024-01-26 15:45:18,158 - Victim node is 980.
2024-01-26 15:45:18,159 - tensor([ 306, 1358, 1986], device='cuda:0')
2024-01-26 15:45:18,159 - Classification Succeeds.
2024-01-26 15:45:18,159 - Link Generation Fails.
2024-01-26 15:45:19,073 - Victim node is 1976.
2024-01-26 15:45:19,073 - tensor([ 306, 1358, 1623], device='cuda:0')
2024-01-26 15:45:19,073 - Classification Fails.
2024-01-26 15:45:19,073 - Link Generation Fails.
2024-01-26 15:45:19,990 - Victim node is 2580.
2024-01-26 15:45:19,990 - tensor([   7, 1257, 2712], device='cuda:0')
2024-01-26 15:45:19,990 - Classification Fails.
2024-01-26 15:45:19,991 - Link Generation Succeeds.
2024-01-26 15:45:20,939 - Victim node is 479.
2024-01-26 15:45:20,939 - tensor([ 306, 1358, 1623], device='cuda:0')
2024-01-26 15:45:20,940 - Classification Succeeds.
2024-01-26 15:45:20,940 - Link Generation Fails.
2024-01-26 15:45:21,872 - Victim node is 1366.
2024-01-26 15:45:21,872 - tensor([2715, 2717, 2718], device='cuda:0')
2024-01-26 15:45:21,873 - Classification Succeeds.
2024-01-26 15:45:21,873 - Link Generation Succeeds.
2024-01-26 15:45:22,817 - Victim node is 83.
2024-01-26 15:45:22,817 - tensor([ 306, 1358, 1986], device='cuda:0')
2024-01-26 15:45:22,817 - Classification Succeeds.
2024-01-26 15:45:22,817 - Link Generation Fails.
2024-01-26 15:45:23,737 - Victim node is 821.
2024-01-26 15:45:23,737 - tensor([  12, 2708, 2709], device='cuda:0')
2024-01-26 15:45:23,738 - Classification Fails.
2024-01-26 15:45:23,738 - Link Generation Succeeds.
2024-01-26 15:45:24,681 - Victim node is 2241.
2024-01-26 15:45:24,681 - tensor([ 735,  739, 2539], device='cuda:0')
2024-01-26 15:45:24,681 - Classification Succeeds.
2024-01-26 15:45:24,681 - Link Generation Fails.
2024-01-26 15:45:25,610 - Victim node is 966.
2024-01-26 15:45:25,610 - tensor([ 306, 1358, 1623], device='cuda:0')
2024-01-26 15:45:25,610 - Classification Fails.
2024-01-26 15:45:25,610 - Link Generation Fails.
2024-01-26 15:45:26,525 - Victim node is 2025.
2024-01-26 15:45:26,525 - tensor([ 306, 1358, 1986], device='cuda:0')
2024-01-26 15:45:26,526 - Classification Succeeds.
2024-01-26 15:45:26,526 - Link Generation Fails.
2024-01-26 15:45:27,452 - Victim node is 93.
2024-01-26 15:45:27,452 - tensor([  12, 1318, 2716], device='cuda:0')
2024-01-26 15:45:27,452 - Classification Succeeds.
2024-01-26 15:45:27,452 - Link Generation Succeeds.
2024-01-26 15:45:28,403 - Victim node is 389.
2024-01-26 15:45:28,403 - tensor([ 306, 1358, 1986], device='cuda:0')
2024-01-26 15:45:28,404 - Classification Succeeds.
2024-01-26 15:45:28,404 - Link Generation Fails.
2024-01-26 15:45:29,335 - Victim node is 1405.
2024-01-26 15:45:29,335 - tensor([ 306, 1358, 1986], device='cuda:0')
2024-01-26 15:45:29,335 - Classification Succeeds.
2024-01-26 15:45:29,335 - Link Generation Fails.
2024-01-26 15:45:30,257 - Victim node is 1833.
2024-01-26 15:45:30,257 - tensor([ 306, 1358, 1986], device='cuda:0')
2024-01-26 15:45:30,257 - Classification Succeeds.
2024-01-26 15:45:30,257 - Link Generation Fails.
2024-01-26 15:45:31,179 - Victim node is 1910.
2024-01-26 15:45:31,179 - tensor([2709, 2712, 2714], device='cuda:0')
2024-01-26 15:45:31,179 - Classification Fails.
2024-01-26 15:45:31,179 - Link Generation Succeeds.
2024-01-26 15:45:32,095 - Victim node is 2363.
2024-01-26 15:45:32,095 - tensor([2709, 2710, 2711], device='cuda:0')
2024-01-26 15:45:32,096 - Classification Succeeds.
2024-01-26 15:45:32,096 - Link Generation Succeeds.
2024-01-26 15:45:33,032 - Victim node is 794.
2024-01-26 15:45:33,032 - tensor([ 306, 1358, 1701], device='cuda:0')
2024-01-26 15:45:33,032 - Classification Fails.
2024-01-26 15:45:33,032 - Link Generation Fails.
2024-01-26 15:45:33,918 - Victim node is 772.
2024-01-26 15:45:33,918 - tensor([ 736, 1693, 1914], device='cuda:0')
2024-01-26 15:45:33,919 - Classification Fails.
2024-01-26 15:45:33,919 - Link Generation Fails.
2024-01-26 15:45:34,828 - Victim node is 1038.
2024-01-26 15:45:34,828 - tensor([ 306, 1701, 1986], device='cuda:0')
2024-01-26 15:45:34,828 - Classification Succeeds.
2024-01-26 15:45:34,828 - Link Generation Fails.
2024-01-26 15:45:35,722 - Victim node is 1286.
2024-01-26 15:45:35,722 - tensor([  12, 1318, 2662], device='cuda:0')
2024-01-26 15:45:35,722 - Classification Succeeds.
2024-01-26 15:45:35,722 - Link Generation Fails.
2024-01-26 15:45:36,631 - Victim node is 1217.
2024-01-26 15:45:36,631 - tensor([1358, 2539, 2708], device='cuda:0')
2024-01-26 15:45:36,631 - Classification Succeeds.
2024-01-26 15:45:36,631 - Link Generation Succeeds.
2024-01-26 15:45:37,522 - Victim node is 1756.
2024-01-26 15:45:37,522 - tensor([ 306, 1701, 1986], device='cuda:0')
2024-01-26 15:45:37,522 - Classification Succeeds.
2024-01-26 15:45:37,522 - Link Generation Fails.
2024-01-26 15:45:38,431 - Victim node is 610.
2024-01-26 15:45:38,431 - tensor([ 306, 1358, 1986], device='cuda:0')
2024-01-26 15:45:38,432 - Classification Succeeds.
2024-01-26 15:45:38,432 - Link Generation Fails.
2024-01-26 15:45:39,330 - Victim node is 1346.
2024-01-26 15:45:39,330 - tensor([1358, 1701, 1986], device='cuda:0')
2024-01-26 15:45:39,330 - Classification Succeeds.
2024-01-26 15:45:39,330 - Link Generation Fails.
2024-01-26 15:45:40,264 - Victim node is 1915.
2024-01-26 15:45:40,264 - tensor([ 306, 1358, 1986], device='cuda:0')
2024-01-26 15:45:40,265 - Classification Succeeds.
2024-01-26 15:45:40,265 - Link Generation Fails.
2024-01-26 15:45:41,189 - Victim node is 689.
2024-01-26 15:45:41,191 - tensor([ 306, 1701, 1986], device='cuda:0')
2024-01-26 15:45:41,191 - Classification Succeeds.
2024-01-26 15:45:41,191 - Link Generation Fails.
2024-01-26 15:45:42,111 - Victim node is 2255.
2024-01-26 15:45:42,111 - tensor([  12, 2662, 2708], device='cuda:0')
2024-01-26 15:45:42,111 - Classification Fails.
2024-01-26 15:45:42,111 - Link Generation Succeeds.
2024-01-26 15:45:43,012 - Victim node is 619.
2024-01-26 15:45:43,012 - tensor([ 306, 1358, 2725], device='cuda:0')
2024-01-26 15:45:43,012 - Classification Succeeds.
2024-01-26 15:45:43,012 - Link Generation Succeeds.
2024-01-26 15:45:43,924 - Victim node is 2040.
2024-01-26 15:45:43,924 - tensor([  12, 2539, 2724], device='cuda:0')
2024-01-26 15:45:43,924 - Classification Succeeds.
2024-01-26 15:45:43,924 - Link Generation Succeeds.
2024-01-26 15:45:44,823 - Victim node is 1596.
2024-01-26 15:45:44,823 - tensor([ 306, 1358, 1623], device='cuda:0')
2024-01-26 15:45:44,824 - Classification Succeeds.
2024-01-26 15:45:44,824 - Link Generation Fails.
2024-01-26 15:45:45,726 - Victim node is 1420.
2024-01-26 15:45:45,726 - tensor([ 306, 1358, 1986], device='cuda:0')
2024-01-26 15:45:45,726 - Classification Fails.
2024-01-26 15:45:45,727 - Link Generation Fails.
2024-01-26 15:45:46,647 - Victim node is 69.
2024-01-26 15:45:46,647 - tensor([ 306, 1358, 1986], device='cuda:0')
2024-01-26 15:45:46,647 - Classification Succeeds.
2024-01-26 15:45:46,647 - Link Generation Fails.
2024-01-26 15:45:47,578 - Victim node is 2098.
2024-01-26 15:45:47,578 - tensor([ 306, 1358, 1701], device='cuda:0')
2024-01-26 15:45:47,578 - Classification Fails.
2024-01-26 15:45:47,578 - Link Generation Fails.
2024-01-26 15:45:48,475 - Victim node is 2227.
2024-01-26 15:45:48,475 - tensor([ 306, 1358, 1701], device='cuda:0')
2024-01-26 15:45:48,475 - Classification Succeeds.
2024-01-26 15:45:48,475 - Link Generation Fails.
2024-01-26 15:45:49,402 - Victim node is 2033.
2024-01-26 15:45:49,402 - tensor([  12, 1318, 2662], device='cuda:0')
2024-01-26 15:45:49,403 - Classification Fails.
2024-01-26 15:45:49,403 - Link Generation Fails.
2024-01-26 15:45:50,317 - Victim node is 167.
2024-01-26 15:45:50,317 - tensor([  12, 1318, 2662], device='cuda:0')
2024-01-26 15:45:50,317 - Classification Fails.
2024-01-26 15:45:50,317 - Link Generation Fails.
2024-01-26 15:45:51,213 - Victim node is 1748.
2024-01-26 15:45:51,213 - tensor([ 306, 1623, 1986], device='cuda:0')
2024-01-26 15:45:51,213 - Classification Succeeds.
2024-01-26 15:45:51,213 - Link Generation Fails.
2024-01-26 15:45:52,117 - Victim node is 750.
2024-01-26 15:45:52,118 - tensor([2709, 2722, 2727], device='cuda:0')
2024-01-26 15:45:52,118 - Classification Fails.
2024-01-26 15:45:52,118 - Link Generation Succeeds.
2024-01-26 15:45:53,017 - Victim node is 680.
2024-01-26 15:45:53,018 - tensor([ 306, 1358, 1986], device='cuda:0')
2024-01-26 15:45:53,018 - Classification Fails.
2024-01-26 15:45:53,018 - Link Generation Fails.
2024-01-26 15:45:53,929 - Victim node is 2289.
2024-01-26 15:45:53,929 - tensor([2713, 2716, 2717], device='cuda:0')
2024-01-26 15:45:53,929 - Classification Fails.
2024-01-26 15:45:53,929 - Link Generation Succeeds.
2024-01-26 15:45:54,838 - Victim node is 258.
2024-01-26 15:45:54,839 - tensor([2715, 2720, 2721], device='cuda:0')
2024-01-26 15:45:54,839 - Classification Succeeds.
2024-01-26 15:45:54,839 - Link Generation Succeeds.
2024-01-26 15:45:55,743 - Victim node is 2010.
2024-01-26 15:45:55,743 - tensor([ 306, 1358, 1986], device='cuda:0')
2024-01-26 15:45:55,743 - Classification Fails.
2024-01-26 15:45:55,743 - Link Generation Fails.
2024-01-26 15:45:56,668 - Victim node is 2317.
2024-01-26 15:45:56,669 - tensor([ 306, 1358, 1701], device='cuda:0')
2024-01-26 15:45:56,669 - Classification Succeeds.
2024-01-26 15:45:56,669 - Link Generation Fails.
2024-01-26 15:45:57,603 - Victim node is 2163.
2024-01-26 15:45:57,603 - tensor([1701, 1986, 2034], device='cuda:0')
2024-01-26 15:45:57,604 - Classification Succeeds.
2024-01-26 15:45:57,604 - Link Generation Fails.
2024-01-26 15:45:58,532 - Victim node is 1656.
2024-01-26 15:45:58,532 - tensor([1358, 1623, 1986], device='cuda:0')
2024-01-26 15:45:58,532 - Classification Succeeds.
2024-01-26 15:45:58,533 - Link Generation Fails.
2024-01-26 15:45:59,450 - Victim node is 1730.
2024-01-26 15:45:59,450 - tensor([ 306, 1623, 1986], device='cuda:0')
2024-01-26 15:45:59,450 - Classification Succeeds.
2024-01-26 15:45:59,451 - Link Generation Fails.
2024-01-26 15:46:00,354 - Victim node is 1903.
2024-01-26 15:46:00,355 - tensor([2712, 2715, 2732], device='cuda:0')
2024-01-26 15:46:00,355 - Classification Succeeds.
2024-01-26 15:46:00,355 - Link Generation Succeeds.
2024-01-26 15:46:01,262 - Victim node is 968.
2024-01-26 15:46:01,262 - tensor([ 306, 1358, 1701], device='cuda:0')
2024-01-26 15:46:01,262 - Classification Fails.
2024-01-26 15:46:01,262 - Link Generation Fails.
2024-01-26 15:46:02,168 - Victim node is 818.
2024-01-26 15:46:02,168 - tensor([ 306, 1358, 1986], device='cuda:0')
2024-01-26 15:46:02,168 - Classification Fails.
2024-01-26 15:46:02,168 - Link Generation Fails.
2024-01-26 15:46:03,089 - Victim node is 755.
2024-01-26 15:46:03,089 - tensor([ 306, 1358, 1986], device='cuda:0')
2024-01-26 15:46:03,089 - Classification Fails.
2024-01-26 15:46:03,089 - Link Generation Fails.
2024-01-26 15:46:03,999 - Victim node is 529.
2024-01-26 15:46:03,999 - tensor([2709, 2710, 2711], device='cuda:0')
2024-01-26 15:46:03,999 - Classification Succeeds.
2024-01-26 15:46:03,999 - Link Generation Succeeds.
2024-01-26 15:46:04,918 - Victim node is 1873.
2024-01-26 15:46:04,918 - tensor([ 306, 1358, 1623], device='cuda:0')
2024-01-26 15:46:04,918 - Classification Succeeds.
2024-01-26 15:46:04,918 - Link Generation Fails.
2024-01-26 15:46:05,835 - Victim node is 1964.
2024-01-26 15:46:05,835 - tensor([2712, 2721, 2722], device='cuda:0')
2024-01-26 15:46:05,835 - Classification Succeeds.
2024-01-26 15:46:05,835 - Link Generation Succeeds.
2024-01-26 15:46:06,742 - Victim node is 2247.
2024-01-26 15:46:06,742 - tensor([  12, 1318, 2662], device='cuda:0')
2024-01-26 15:46:06,743 - Classification Fails.
2024-01-26 15:46:06,743 - Link Generation Fails.
2024-01-26 15:46:07,659 - Victim node is 1980.
2024-01-26 15:46:07,659 - tensor([ 306, 1358, 1623], device='cuda:0')
2024-01-26 15:46:07,659 - Classification Succeeds.
2024-01-26 15:46:07,659 - Link Generation Fails.
2024-01-26 15:46:08,605 - Victim node is 53.
2024-01-26 15:46:08,605 - tensor([ 306, 1701, 1986], device='cuda:0')
2024-01-26 15:46:08,605 - Classification Succeeds.
2024-01-26 15:46:08,605 - Link Generation Fails.
2024-01-26 15:46:09,542 - Victim node is 1149.
2024-01-26 15:46:09,542 - tensor([ 306, 1623, 1701], device='cuda:0')
2024-01-26 15:46:09,542 - Classification Succeeds.
2024-01-26 15:46:09,542 - Link Generation Fails.
2024-01-26 15:46:10,458 - Victim node is 303.
2024-01-26 15:46:10,458 - tensor([2710, 2715, 2719], device='cuda:0')
2024-01-26 15:46:10,458 - Classification Succeeds.
2024-01-26 15:46:10,458 - Link Generation Succeeds.
2024-01-26 15:46:11,373 - Victim node is 175.
2024-01-26 15:46:11,373 - tensor([ 306, 1358, 1623], device='cuda:0')
2024-01-26 15:46:11,374 - Classification Succeeds.
2024-01-26 15:46:11,374 - Link Generation Fails.
2024-01-26 15:46:12,280 - Victim node is 1109.
2024-01-26 15:46:12,281 - tensor([ 12, 422, 545], device='cuda:0')
2024-01-26 15:46:12,281 - Classification Succeeds.
2024-01-26 15:46:12,281 - Link Generation Fails.
2024-01-26 15:46:13,222 - Victim node is 953.
2024-01-26 15:46:13,222 - tensor([2708, 2710, 2711], device='cuda:0')
2024-01-26 15:46:13,222 - Classification Fails.
2024-01-26 15:46:13,223 - Link Generation Succeeds.
2024-01-26 15:46:14,143 - Victim node is 2608.
2024-01-26 15:46:14,143 - tensor([ 306, 1358, 1986], device='cuda:0')
2024-01-26 15:46:14,144 - Classification Succeeds.
2024-01-26 15:46:14,144 - Link Generation Fails.
2024-01-26 15:46:15,089 - Victim node is 1053.
2024-01-26 15:46:15,089 - tensor([ 306, 1358, 1623], device='cuda:0')
2024-01-26 15:46:15,089 - Classification Fails.
2024-01-26 15:46:15,089 - Link Generation Fails.
2024-01-26 15:46:16,015 - Victim node is 1608.
2024-01-26 15:46:16,016 - tensor([2710, 2714, 2720], device='cuda:0')
2024-01-26 15:46:16,016 - Classification Succeeds.
2024-01-26 15:46:16,016 - Link Generation Succeeds.
2024-01-26 15:46:16,985 - Victim node is 2165.
2024-01-26 15:46:16,985 - tensor([ 306, 1358, 1623], device='cuda:0')
2024-01-26 15:46:16,985 - Classification Succeeds.
2024-01-26 15:46:16,985 - Link Generation Fails.
2024-01-26 15:46:17,900 - Victim node is 917.
2024-01-26 15:46:17,900 - tensor([ 306, 1358, 1986], device='cuda:0')
2024-01-26 15:46:17,901 - Classification Fails.
2024-01-26 15:46:17,901 - Link Generation Fails.
2024-01-26 15:46:18,835 - Victim node is 918.
2024-01-26 15:46:18,835 - tensor([1358, 1701, 1986], device='cuda:0')
2024-01-26 15:46:18,836 - Classification Succeeds.
2024-01-26 15:46:18,836 - Link Generation Fails.
2024-01-26 15:46:19,781 - Victim node is 1714.
2024-01-26 15:46:19,782 - tensor([ 306, 1701, 1986], device='cuda:0')
2024-01-26 15:46:19,782 - Classification Succeeds.
2024-01-26 15:46:19,782 - Link Generation Fails.
2024-01-26 15:46:20,710 - Victim node is 2437.
2024-01-26 15:46:20,710 - tensor([1358, 1701, 1986], device='cuda:0')
2024-01-26 15:46:20,710 - Classification Succeeds.
2024-01-26 15:46:20,710 - Link Generation Fails.
2024-01-26 15:46:21,636 - Victim node is 1155.
2024-01-26 15:46:21,637 - tensor([ 306, 1358, 1986], device='cuda:0')
2024-01-26 15:46:21,637 - Classification Succeeds.
2024-01-26 15:46:21,637 - Link Generation Fails.
2024-01-26 15:46:22,547 - Victim node is 2005.
2024-01-26 15:46:22,547 - tensor([ 306, 1358, 1701], device='cuda:0')
2024-01-26 15:46:22,547 - Classification Fails.
2024-01-26 15:46:22,547 - Link Generation Fails.
2024-01-26 15:46:23,486 - Victim node is 593.
2024-01-26 15:46:23,486 - tensor([ 306, 1358, 1986], device='cuda:0')
2024-01-26 15:46:23,487 - Classification Fails.
2024-01-26 15:46:23,487 - Link Generation Fails.
2024-01-26 15:46:24,428 - Victim node is 1631.
2024-01-26 15:46:24,428 - tensor([ 306, 1013, 1358], device='cuda:0')
2024-01-26 15:46:24,429 - Classification Succeeds.
2024-01-26 15:46:24,429 - Link Generation Fails.
2024-01-26 15:46:25,360 - Victim node is 2296.
2024-01-26 15:46:25,360 - tensor([2708, 2714, 2715], device='cuda:0')
2024-01-26 15:46:25,361 - Classification Succeeds.
2024-01-26 15:46:25,361 - Link Generation Succeeds.
2024-01-26 15:46:26,342 - Victim node is 1741.
2024-01-26 15:46:26,342 - tensor([ 306, 1701, 1986], device='cuda:0')
2024-01-26 15:46:26,344 - Classification Succeeds.
2024-01-26 15:46:26,344 - Link Generation Fails.
2024-01-26 15:46:27,255 - Victim node is 992.
2024-01-26 15:46:27,255 - tensor([ 306, 1358, 1986], device='cuda:0')
2024-01-26 15:46:27,256 - Classification Succeeds.
2024-01-26 15:46:27,256 - Link Generation Fails.
2024-01-26 15:46:28,208 - Victim node is 1535.
2024-01-26 15:46:28,208 - tensor([ 306, 1358, 1986], device='cuda:0')
2024-01-26 15:46:28,208 - Classification Fails.
2024-01-26 15:46:28,209 - Link Generation Fails.
2024-01-26 15:46:29,137 - Victim node is 1899.
2024-01-26 15:46:29,137 - tensor([1358, 1701, 1986], device='cuda:0')
2024-01-26 15:46:29,138 - Classification Fails.
2024-01-26 15:46:29,138 - Link Generation Fails.
2024-01-26 15:46:30,071 - Victim node is 1297.
2024-01-26 15:46:30,071 - tensor([ 306, 1358, 1986], device='cuda:0')
2024-01-26 15:46:30,071 - Classification Succeeds.
2024-01-26 15:46:30,071 - Link Generation Fails.
2024-01-26 15:46:31,023 - Victim node is 1716.
2024-01-26 15:46:31,023 - tensor([ 306, 1701, 1986], device='cuda:0')
2024-01-26 15:46:31,023 - Classification Succeeds.
2024-01-26 15:46:31,023 - Link Generation Fails.
2024-01-26 15:46:31,961 - Victim node is 1331.
2024-01-26 15:46:31,961 - tensor([ 306, 1358, 1986], device='cuda:0')
2024-01-26 15:46:31,961 - Classification Succeeds.
2024-01-26 15:46:31,961 - Link Generation Fails.
2024-01-26 15:46:32,914 - Victim node is 765.
2024-01-26 15:46:32,914 - tensor([  12,  739, 1257], device='cuda:0')
2024-01-26 15:46:32,915 - Classification Fails.
2024-01-26 15:46:32,915 - Link Generation Fails.
2024-01-26 15:46:33,904 - Victim node is 193.
2024-01-26 15:46:33,904 - tensor([2715, 2719, 2724], device='cuda:0')
2024-01-26 15:46:33,904 - Classification Succeeds.
2024-01-26 15:46:33,905 - Link Generation Succeeds.
2024-01-26 15:46:34,849 - Victim node is 2224.
2024-01-26 15:46:34,850 - tensor([1162, 1257, 1510], device='cuda:0')
2024-01-26 15:46:34,850 - Classification Succeeds.
2024-01-26 15:46:34,850 - Link Generation Fails.
2024-01-26 15:46:35,791 - Victim node is 1946.
2024-01-26 15:46:35,791 - tensor([ 306, 1358, 1986], device='cuda:0')
2024-01-26 15:46:35,791 - Classification Succeeds.
2024-01-26 15:46:35,791 - Link Generation Fails.
2024-01-26 15:46:36,766 - Victim node is 806.
2024-01-26 15:46:36,766 - tensor([ 306, 1358, 1623], device='cuda:0')
2024-01-26 15:46:36,766 - Classification Succeeds.
2024-01-26 15:46:36,766 - Link Generation Fails.
2024-01-26 15:46:37,777 - Victim node is 2374.
2024-01-26 15:46:37,777 - tensor([2709, 2712, 2713], device='cuda:0')
2024-01-26 15:46:37,777 - Classification Succeeds.
2024-01-26 15:46:37,779 - Link Generation Succeeds.
2024-01-26 15:46:38,780 - Victim node is 419.
2024-01-26 15:46:38,780 - tensor([2539, 2710, 2711], device='cuda:0')
2024-01-26 15:46:38,780 - Classification Fails.
2024-01-26 15:46:38,781 - Link Generation Succeeds.
2024-01-26 15:46:39,713 - Victim node is 168.
2024-01-26 15:46:39,713 - tensor([1358, 1701, 1986], device='cuda:0')
2024-01-26 15:46:39,713 - Classification Succeeds.
2024-01-26 15:46:39,714 - Link Generation Fails.
2024-01-26 15:46:40,653 - Victim node is 2130.
2024-01-26 15:46:40,653 - tensor([  12, 1318, 2662], device='cuda:0')
2024-01-26 15:46:40,653 - Classification Succeeds.
2024-01-26 15:46:40,653 - Link Generation Fails.
2024-01-26 15:46:41,638 - Victim node is 1986.
2024-01-26 15:46:41,638 - tensor([ 306, 1358, 1701], device='cuda:0')
2024-01-26 15:46:41,640 - Classification Succeeds.
2024-01-26 15:46:41,640 - Link Generation Fails.
2024-01-26 15:46:42,563 - Victim node is 1129.
2024-01-26 15:46:42,564 - tensor([  12, 2662, 2711], device='cuda:0')
2024-01-26 15:46:42,564 - Classification Succeeds.
2024-01-26 15:46:42,564 - Link Generation Succeeds.
2024-01-26 15:46:43,440 - Victim node is 1619.
2024-01-26 15:46:43,440 - tensor([  12,  739, 2737], device='cuda:0')
2024-01-26 15:46:43,440 - Classification Succeeds.
2024-01-26 15:46:43,440 - Link Generation Succeeds.
2024-01-26 15:46:44,334 - Victim node is 544.
2024-01-26 15:46:44,335 - tensor([ 306, 1358, 1986], device='cuda:0')
2024-01-26 15:46:44,335 - Classification Succeeds.
2024-01-26 15:46:44,335 - Link Generation Fails.
2024-01-26 15:46:45,242 - Victim node is 1639.
2024-01-26 15:46:45,243 - tensor([  12, 1257, 2713], device='cuda:0')
2024-01-26 15:46:45,243 - Classification Succeeds.
2024-01-26 15:46:45,243 - Link Generation Succeeds.
2024-01-26 15:46:46,136 - Victim node is 2376.
2024-01-26 15:46:46,136 - tensor([  12, 2728, 2729], device='cuda:0')
2024-01-26 15:46:46,136 - Classification Succeeds.
2024-01-26 15:46:46,136 - Link Generation Succeeds.
2024-01-26 15:46:47,038 - Victim node is 2105.
2024-01-26 15:46:47,038 - tensor([ 306, 1358, 1701], device='cuda:0')
2024-01-26 15:46:47,038 - Classification Fails.
2024-01-26 15:46:47,038 - Link Generation Fails.
2024-01-26 15:46:47,950 - Victim node is 2139.
2024-01-26 15:46:47,950 - tensor([2711, 2716, 2719], device='cuda:0')
2024-01-26 15:46:47,952 - Classification Succeeds.
2024-01-26 15:46:47,952 - Link Generation Succeeds.
2024-01-26 15:46:48,849 - Victim node is 2568.
2024-01-26 15:46:48,849 - tensor([  12, 2539, 2709], device='cuda:0')
2024-01-26 15:46:48,849 - Classification Fails.
2024-01-26 15:46:48,849 - Link Generation Succeeds.
2024-01-26 15:46:49,745 - Victim node is 1869.
2024-01-26 15:46:49,745 - tensor([ 306, 1358, 1986], device='cuda:0')
2024-01-26 15:46:49,745 - Classification Fails.
2024-01-26 15:46:49,745 - Link Generation Fails.
2024-01-26 15:46:50,644 - Victim node is 849.
2024-01-26 15:46:50,644 - tensor([  12, 1257, 2248], device='cuda:0')
2024-01-26 15:46:50,645 - Classification Succeeds.
2024-01-26 15:46:50,645 - Link Generation Fails.
2024-01-26 15:46:51,532 - Victim node is 1409.
2024-01-26 15:46:51,532 - tensor([  12, 1162, 1257], device='cuda:0')
2024-01-26 15:46:51,532 - Classification Fails.
2024-01-26 15:46:51,532 - Link Generation Fails.
2024-01-26 15:46:52,407 - Victim node is 1379.
2024-01-26 15:46:52,407 - tensor([  12, 1318, 2662], device='cuda:0')
2024-01-26 15:46:52,408 - Classification Succeeds.
2024-01-26 15:46:52,408 - Link Generation Fails.
2024-01-26 15:46:53,296 - Victim node is 1706.
2024-01-26 15:46:53,296 - tensor([ 306, 1358, 1986], device='cuda:0')
2024-01-26 15:46:53,296 - Classification Succeeds.
2024-01-26 15:46:53,296 - Link Generation Fails.
2024-01-26 15:46:54,191 - Victim node is 2174.
2024-01-26 15:46:54,192 - tensor([  12, 2708, 2710], device='cuda:0')
2024-01-26 15:46:54,192 - Classification Fails.
2024-01-26 15:46:54,192 - Link Generation Succeeds.
2024-01-26 15:46:55,099 - Victim node is 2106.
2024-01-26 15:46:55,099 - tensor([ 306, 1358, 1986], device='cuda:0')
2024-01-26 15:46:55,099 - Classification Succeeds.
2024-01-26 15:46:55,099 - Link Generation Fails.
2024-01-26 15:46:55,994 - Victim node is 2639.
2024-01-26 15:46:55,994 - tensor([ 306, 1358, 1623], device='cuda:0')
2024-01-26 15:46:55,994 - Classification Fails.
2024-01-26 15:46:55,995 - Link Generation Fails.
2024-01-26 15:46:56,876 - Victim node is 2263.
2024-01-26 15:46:56,877 - tensor([2708, 2719, 2730], device='cuda:0')
2024-01-26 15:46:56,877 - Classification Fails.
2024-01-26 15:46:56,877 - Link Generation Succeeds.
2024-01-26 15:46:57,765 - Victim node is 418.
2024-01-26 15:46:57,765 - tensor([  12,  832, 1257], device='cuda:0')
2024-01-26 15:46:57,766 - Classification Fails.
2024-01-26 15:46:57,766 - Link Generation Fails.
2024-01-26 15:46:58,639 - Victim node is 2528.
2024-01-26 15:46:58,639 - tensor([  12, 1318, 2662], device='cuda:0')
2024-01-26 15:46:58,640 - Classification Fails.
2024-01-26 15:46:58,640 - Link Generation Fails.
2024-01-26 15:46:59,521 - Victim node is 2394.
2024-01-26 15:46:59,523 - tensor([ 306, 1358, 1986], device='cuda:0')
2024-01-26 15:46:59,523 - Classification Fails.
2024-01-26 15:46:59,523 - Link Generation Fails.
2024-01-26 15:47:00,414 - Victim node is 1888.
2024-01-26 15:47:00,414 - tensor([ 306, 1358, 1986], device='cuda:0')
2024-01-26 15:47:00,414 - Classification Succeeds.
2024-01-26 15:47:00,414 - Link Generation Fails.
2024-01-26 15:47:01,303 - Victim node is 2297.
2024-01-26 15:47:01,303 - tensor([ 963, 1257, 1510], device='cuda:0')
2024-01-26 15:47:01,303 - Classification Succeeds.
2024-01-26 15:47:01,304 - Link Generation Fails.
2024-01-26 15:47:02,182 - Victim node is 2491.
2024-01-26 15:47:02,183 - tensor([2711, 2712, 2716], device='cuda:0')
2024-01-26 15:47:02,183 - Classification Succeeds.
2024-01-26 15:47:02,183 - Link Generation Succeeds.
2024-01-26 15:47:03,077 - Victim node is 2704.
2024-01-26 15:47:03,077 - tensor([  12, 2708, 2709], device='cuda:0')
2024-01-26 15:47:03,078 - Classification Fails.
2024-01-26 15:47:03,078 - Link Generation Succeeds.
2024-01-26 15:47:03,986 - Victim node is 259.
2024-01-26 15:47:03,986 - tensor([  12, 2708, 2709], device='cuda:0')
2024-01-26 15:47:03,986 - Classification Succeeds.
2024-01-26 15:47:03,986 - Link Generation Succeeds.
2024-01-26 15:47:04,886 - Victim node is 212.
2024-01-26 15:47:04,886 - tensor([  12, 1318, 2662], device='cuda:0')
2024-01-26 15:47:04,887 - Classification Fails.
2024-01-26 15:47:04,887 - Link Generation Fails.
2024-01-26 15:47:05,780 - Victim node is 364.
2024-01-26 15:47:05,780 - tensor([ 306, 1701, 1986], device='cuda:0')
2024-01-26 15:47:05,781 - Classification Succeeds.
2024-01-26 15:47:05,781 - Link Generation Fails.
2024-01-26 15:47:06,669 - Victim node is 1128.
2024-01-26 15:47:06,669 - tensor([  12, 1257, 2712], device='cuda:0')
2024-01-26 15:47:06,669 - Classification Succeeds.
2024-01-26 15:47:06,669 - Link Generation Succeeds.
2024-01-26 15:47:07,549 - Victim node is 2031.
2024-01-26 15:47:07,549 - tensor([ 306, 1358, 1701], device='cuda:0')
2024-01-26 15:47:07,549 - Classification Fails.
2024-01-26 15:47:07,549 - Link Generation Fails.
2024-01-26 15:47:08,427 - Victim node is 1262.
2024-01-26 15:47:08,427 - tensor([ 306, 1358, 1986], device='cuda:0')
2024-01-26 15:47:08,428 - Classification Succeeds.
2024-01-26 15:47:08,428 - Link Generation Fails.
2024-01-26 15:47:09,334 - Victim node is 1429.
2024-01-26 15:47:09,335 - tensor([1257, 2710, 2713], device='cuda:0')
2024-01-26 15:47:09,335 - Classification Succeeds.
2024-01-26 15:47:09,335 - Link Generation Succeeds.
2024-01-26 15:47:10,223 - Victim node is 2379.
2024-01-26 15:47:10,223 - tensor([ 306, 1358, 1986], device='cuda:0')
2024-01-26 15:47:10,223 - Classification Succeeds.
2024-01-26 15:47:10,223 - Link Generation Fails.
2024-01-26 15:47:11,108 - Victim node is 719.
2024-01-26 15:47:11,108 - tensor([1358, 1701, 1986], device='cuda:0')
2024-01-26 15:47:11,108 - Classification Succeeds.
2024-01-26 15:47:11,109 - Link Generation Fails.
2024-01-26 15:47:11,998 - Victim node is 2250.
2024-01-26 15:47:11,998 - tensor([2708, 2713, 2714], device='cuda:0')
2024-01-26 15:47:11,999 - Classification Fails.
2024-01-26 15:47:11,999 - Link Generation Succeeds.
2024-01-26 15:47:12,883 - Victim node is 2377.
2024-01-26 15:47:12,883 - tensor([ 306, 1358, 1623], device='cuda:0')
2024-01-26 15:47:12,883 - Classification Succeeds.
2024-01-26 15:47:12,883 - Link Generation Fails.
2024-01-26 15:47:13,763 - Victim node is 352.
2024-01-26 15:47:13,763 - tensor([1257, 2248, 2722], device='cuda:0')
2024-01-26 15:47:13,764 - Classification Succeeds.
2024-01-26 15:47:13,764 - Link Generation Succeeds.
2024-01-26 15:47:14,628 - Victim node is 2370.
2024-01-26 15:47:14,628 - tensor([1257, 2539, 2718], device='cuda:0')
2024-01-26 15:47:14,628 - Classification Fails.
2024-01-26 15:47:14,628 - Link Generation Succeeds.
2024-01-26 15:47:15,493 - Victim node is 1464.
2024-01-26 15:47:15,493 - tensor([ 306, 1358, 1986], device='cuda:0')
2024-01-26 15:47:15,493 - Classification Succeeds.
2024-01-26 15:47:15,493 - Link Generation Fails.
2024-01-26 15:47:16,369 - Victim node is 2075.
2024-01-26 15:47:16,369 - tensor([ 306, 1358, 1986], device='cuda:0')
2024-01-26 15:47:16,369 - Classification Succeeds.
2024-01-26 15:47:16,370 - Link Generation Fails.
2024-01-26 15:47:17,271 - Victim node is 621.
2024-01-26 15:47:17,271 - tensor([ 306, 1358, 1986], device='cuda:0')
2024-01-26 15:47:17,272 - Classification Succeeds.
2024-01-26 15:47:17,272 - Link Generation Fails.
2024-01-26 15:47:18,145 - Victim node is 970.
2024-01-26 15:47:18,145 - tensor([ 306, 1701, 1986], device='cuda:0')
2024-01-26 15:47:18,147 - Classification Succeeds.
2024-01-26 15:47:18,147 - Link Generation Fails.
2024-01-26 15:47:19,005 - Victim node is 541.
2024-01-26 15:47:19,005 - tensor([2714, 2725, 2726], device='cuda:0')
2024-01-26 15:47:19,006 - Classification Succeeds.
2024-01-26 15:47:19,006 - Link Generation Succeeds.
2024-01-26 15:47:19,909 - Victim node is 341.
2024-01-26 15:47:19,909 - tensor([ 306, 1701, 1986], device='cuda:0')
2024-01-26 15:47:19,909 - Classification Succeeds.
2024-01-26 15:47:19,910 - Link Generation Fails.
2024-01-26 15:47:20,768 - Victim node is 1884.
2024-01-26 15:47:20,768 - tensor([2712, 2713, 2714], device='cuda:0')
2024-01-26 15:47:20,768 - Classification Succeeds.
2024-01-26 15:47:20,768 - Link Generation Succeeds.
2024-01-26 15:47:21,631 - Victim node is 2192.
2024-01-26 15:47:21,631 - tensor([  12,  307, 1257], device='cuda:0')
2024-01-26 15:47:21,631 - Classification Succeeds.
2024-01-26 15:47:21,632 - Link Generation Fails.
2024-01-26 15:47:22,493 - Victim node is 1916.
2024-01-26 15:47:22,493 - tensor([ 306, 1358, 1623], device='cuda:0')
2024-01-26 15:47:22,493 - Classification Fails.
2024-01-26 15:47:22,493 - Link Generation Fails.
2024-01-26 15:47:23,353 - Victim node is 133.
2024-01-26 15:47:23,353 - tensor([ 306, 1358, 1986], device='cuda:0')
2024-01-26 15:47:23,354 - Classification Succeeds.
2024-01-26 15:47:23,354 - Link Generation Fails.
2024-01-26 15:47:24,226 - Victim node is 1810.
2024-01-26 15:47:24,226 - tensor([ 306, 1358, 1986], device='cuda:0')
2024-01-26 15:47:24,226 - Classification Succeeds.
2024-01-26 15:47:24,226 - Link Generation Fails.
2024-01-26 15:47:25,093 - Victim node is 1902.
2024-01-26 15:47:25,093 - tensor([  12,  739, 1257], device='cuda:0')
2024-01-26 15:47:25,093 - Classification Succeeds.
2024-01-26 15:47:25,093 - Link Generation Fails.
2024-01-26 15:47:25,961 - Victim node is 825.
2024-01-26 15:47:25,961 - tensor([ 306, 1358, 1986], device='cuda:0')
2024-01-26 15:47:25,961 - Classification Succeeds.
2024-01-26 15:47:25,961 - Link Generation Fails.
2024-01-26 15:47:26,820 - Victim node is 2071.
2024-01-26 15:47:26,820 - tensor([ 306, 1358, 1623], device='cuda:0')
2024-01-26 15:47:26,820 - Classification Fails.
2024-01-26 15:47:26,821 - Link Generation Fails.
2024-01-26 15:47:27,686 - Victim node is 1804.
2024-01-26 15:47:27,686 - tensor([1358, 1701, 1986], device='cuda:0')
2024-01-26 15:47:27,687 - Classification Succeeds.
2024-01-26 15:47:27,687 - Link Generation Fails.
2024-01-26 15:47:28,541 - Victim node is 573.
2024-01-26 15:47:28,542 - tensor([1358, 1623, 1986], device='cuda:0')
2024-01-26 15:47:28,542 - Classification Fails.
2024-01-26 15:47:28,542 - Link Generation Fails.
2024-01-26 15:47:29,407 - Victim node is 1612.
2024-01-26 15:47:29,408 - tensor([ 306, 1358, 1623], device='cuda:0')
2024-01-26 15:47:29,408 - Classification Succeeds.
2024-01-26 15:47:29,408 - Link Generation Fails.
2024-01-26 15:47:30,266 - Victim node is 1236.
2024-01-26 15:47:30,267 - tensor([  12, 1318, 2662], device='cuda:0')
2024-01-26 15:47:30,267 - Classification Fails.
2024-01-26 15:47:30,267 - Link Generation Fails.
2024-01-26 15:47:31,137 - Victim node is 2067.
2024-01-26 15:47:31,137 - tensor([ 306, 1358, 1986], device='cuda:0')
2024-01-26 15:47:31,137 - Classification Succeeds.
2024-01-26 15:47:31,137 - Link Generation Fails.
2024-01-26 15:47:31,993 - Victim node is 527.
2024-01-26 15:47:31,993 - tensor([ 306, 1358, 1986], device='cuda:0')
2024-01-26 15:47:31,994 - Classification Succeeds.
2024-01-26 15:47:31,994 - Link Generation Fails.
2024-01-26 15:47:32,861 - Victim node is 2623.
2024-01-26 15:47:32,861 - tensor([1290, 2708, 2709], device='cuda:0')
2024-01-26 15:47:32,861 - Classification Succeeds.
2024-01-26 15:47:32,861 - Link Generation Succeeds.
2024-01-26 15:47:33,727 - Victim node is 186.
2024-01-26 15:47:33,728 - tensor([  12, 1257, 2539], device='cuda:0')
2024-01-26 15:47:33,728 - Classification Fails.
2024-01-26 15:47:33,728 - Link Generation Fails.
2024-01-26 15:47:34,601 - Victim node is 1187.
2024-01-26 15:47:34,601 - tensor([ 306, 1358, 1986], device='cuda:0')
2024-01-26 15:47:34,602 - Classification Succeeds.
2024-01-26 15:47:34,602 - Link Generation Fails.
2024-01-26 15:47:35,465 - Victim node is 1990.
2024-01-26 15:47:35,466 - tensor([ 306, 1358, 1701], device='cuda:0')
2024-01-26 15:47:35,466 - Classification Fails.
2024-01-26 15:47:35,466 - Link Generation Fails.
2024-01-26 15:47:36,338 - Victim node is 1566.
2024-01-26 15:47:36,338 - tensor([ 306, 1358, 1986], device='cuda:0')
2024-01-26 15:47:36,338 - Classification Succeeds.
2024-01-26 15:47:36,338 - Link Generation Fails.
2024-01-26 15:47:37,204 - Victim node is 1310.
2024-01-26 15:47:37,204 - tensor([  12, 2662, 2708], device='cuda:0')
2024-01-26 15:47:37,204 - Classification Fails.
2024-01-26 15:47:37,205 - Link Generation Succeeds.
2024-01-26 15:47:38,080 - Victim node is 1559.
2024-01-26 15:47:38,080 - tensor([  12, 1257, 2662], device='cuda:0')
2024-01-26 15:47:38,081 - Classification Succeeds.
2024-01-26 15:47:38,081 - Link Generation Fails.
2024-01-26 15:47:38,940 - Victim node is 1681.
2024-01-26 15:47:38,940 - tensor([ 306, 1358, 1986], device='cuda:0')
2024-01-26 15:47:38,940 - Classification Fails.
2024-01-26 15:47:38,940 - Link Generation Fails.
2024-01-26 15:47:39,810 - Victim node is 2607.
2024-01-26 15:47:39,810 - tensor([  12, 1318, 2662], device='cuda:0')
2024-01-26 15:47:39,810 - Classification Fails.
2024-01-26 15:47:39,810 - Link Generation Fails.
2024-01-26 15:47:40,688 - Victim node is 1647.
2024-01-26 15:47:40,688 - tensor([2710, 2712, 2714], device='cuda:0')
2024-01-26 15:47:40,688 - Classification Succeeds.
2024-01-26 15:47:40,688 - Link Generation Succeeds.
2024-01-26 15:47:41,552 - Victim node is 2210.
2024-01-26 15:47:41,552 - tensor([ 306, 1358, 1623], device='cuda:0')
2024-01-26 15:47:41,552 - Classification Succeeds.
2024-01-26 15:47:41,552 - Link Generation Fails.
2024-01-26 15:47:42,428 - Victim node is 716.
2024-01-26 15:47:42,428 - tensor([ 306, 1358, 1986], device='cuda:0')
2024-01-26 15:47:42,428 - Classification Succeeds.
2024-01-26 15:47:42,428 - Link Generation Fails.
2024-01-26 15:47:43,300 - Victim node is 738.
2024-01-26 15:47:43,300 - tensor([ 306, 1358, 1986], device='cuda:0')
2024-01-26 15:47:43,300 - Classification Fails.
2024-01-26 15:47:43,300 - Link Generation Fails.
2024-01-26 15:47:44,166 - Victim node is 1764.
2024-01-26 15:47:44,166 - tensor([ 306, 1701, 1986], device='cuda:0')
2024-01-26 15:47:44,167 - Classification Fails.
2024-01-26 15:47:44,167 - Link Generation Fails.
2024-01-26 15:47:45,030 - Victim node is 2198.
2024-01-26 15:47:45,030 - tensor([ 306, 1358, 1986], device='cuda:0')
2024-01-26 15:47:45,030 - Classification Succeeds.
2024-01-26 15:47:45,030 - Link Generation Fails.
2024-01-26 15:47:45,899 - Victim node is 1320.
2024-01-26 15:47:45,899 - tensor([  12, 1318, 2662], device='cuda:0')
2024-01-26 15:47:45,899 - Classification Succeeds.
2024-01-26 15:47:45,899 - Link Generation Fails.
2024-01-26 15:47:46,779 - Victim node is 1655.
2024-01-26 15:47:46,779 - tensor([ 306, 1358, 1623], device='cuda:0')
2024-01-26 15:47:46,780 - Classification Succeeds.
2024-01-26 15:47:46,780 - Link Generation Fails.
2024-01-26 15:47:47,647 - Victim node is 1658.
2024-01-26 15:47:47,647 - tensor([ 306, 1358, 1986], device='cuda:0')
2024-01-26 15:47:47,647 - Classification Fails.
2024-01-26 15:47:47,647 - Link Generation Fails.
2024-01-26 15:47:48,510 - Victim node is 17.
2024-01-26 15:47:48,510 - tensor([ 739, 1257, 2539], device='cuda:0')
2024-01-26 15:47:48,511 - Classification Succeeds.
2024-01-26 15:47:48,511 - Link Generation Fails.
2024-01-26 15:47:49,384 - Victim node is 481.
2024-01-26 15:47:49,384 - tensor([ 306, 1358, 1986], device='cuda:0')
2024-01-26 15:47:49,384 - Classification Succeeds.
2024-01-26 15:47:49,384 - Link Generation Fails.
2024-01-26 15:47:50,266 - Victim node is 1609.
2024-01-26 15:47:50,266 - tensor([ 306, 1358, 1986], device='cuda:0')
2024-01-26 15:47:50,267 - Classification Fails.
2024-01-26 15:47:50,267 - Link Generation Fails.
2024-01-26 15:47:51,139 - Victim node is 1862.
2024-01-26 15:47:51,139 - tensor([  12, 2714, 2770], device='cuda:0')
2024-01-26 15:47:51,139 - Classification Succeeds.
2024-01-26 15:47:51,139 - Link Generation Succeeds.
2024-01-26 15:47:52,002 - Victim node is 2538.
2024-01-26 15:47:52,002 - tensor([2710, 2713, 2717], device='cuda:0')
2024-01-26 15:47:52,003 - Classification Fails.
2024-01-26 15:47:52,003 - Link Generation Succeeds.
2024-01-26 15:47:52,877 - Victim node is 775.
2024-01-26 15:47:52,878 - tensor([1358, 1701, 2715], device='cuda:0')
2024-01-26 15:47:52,878 - Classification Succeeds.
2024-01-26 15:47:52,878 - Link Generation Succeeds.
2024-01-26 15:47:53,746 - Victim node is 855.
2024-01-26 15:47:53,746 - tensor([2708, 2711, 2712], device='cuda:0')
2024-01-26 15:47:53,746 - Classification Fails.
2024-01-26 15:47:53,746 - Link Generation Succeeds.
2024-01-26 15:47:54,630 - Victim node is 447.
2024-01-26 15:47:54,631 - tensor([ 306, 1358, 1623], device='cuda:0')
2024-01-26 15:47:54,631 - Classification Succeeds.
2024-01-26 15:47:54,631 - Link Generation Fails.
2024-01-26 15:47:55,507 - Victim node is 2074.
2024-01-26 15:47:55,507 - tensor([ 306, 1358, 1986], device='cuda:0')
2024-01-26 15:47:55,508 - Classification Succeeds.
2024-01-26 15:47:55,508 - Link Generation Fails.
2024-01-26 15:47:56,400 - Victim node is 546.
2024-01-26 15:47:56,400 - tensor([ 963, 1257, 1966], device='cuda:0')
2024-01-26 15:47:56,402 - Classification Fails.
2024-01-26 15:47:56,402 - Link Generation Fails.
2024-01-26 15:47:57,289 - Victim node is 1793.
2024-01-26 15:47:57,289 - tensor([  12, 2662, 2708], device='cuda:0')
2024-01-26 15:47:57,289 - Classification Succeeds.
2024-01-26 15:47:57,289 - Link Generation Succeeds.
2024-01-26 15:47:58,168 - Victim node is 241.
2024-01-26 15:47:58,168 - tensor([2708, 2713, 2714], device='cuda:0')
2024-01-26 15:47:58,168 - Classification Fails.
2024-01-26 15:47:58,169 - Link Generation Succeeds.
2024-01-26 15:47:59,060 - Victim node is 1460.
2024-01-26 15:47:59,060 - tensor([  7, 208, 307], device='cuda:0')
2024-01-26 15:47:59,061 - Classification Succeeds.
2024-01-26 15:47:59,061 - Link Generation Fails.
2024-01-26 15:47:59,937 - Victim node is 147.
2024-01-26 15:47:59,937 - tensor([2710, 2711, 2718], device='cuda:0')
2024-01-26 15:47:59,938 - Classification Fails.
2024-01-26 15:47:59,938 - Link Generation Succeeds.
2024-01-26 15:48:00,810 - Victim node is 1454.
2024-01-26 15:48:00,810 - tensor([1358, 1701, 1986], device='cuda:0')
2024-01-26 15:48:00,810 - Classification Fails.
2024-01-26 15:48:00,810 - Link Generation Fails.
2024-01-26 15:48:01,681 - Victim node is 2673.
2024-01-26 15:48:01,681 - tensor([  12, 2716, 2724], device='cuda:0')
2024-01-26 15:48:01,681 - Classification Succeeds.
2024-01-26 15:48:01,681 - Link Generation Succeeds.
2024-01-26 15:48:02,558 - Victim node is 2099.
2024-01-26 15:48:02,558 - tensor([ 306, 1358, 1986], device='cuda:0')
2024-01-26 15:48:02,558 - Classification Succeeds.
2024-01-26 15:48:02,558 - Link Generation Fails.
2024-01-26 15:48:03,437 - Victim node is 2041.
2024-01-26 15:48:03,437 - tensor([  12, 1318, 2765], device='cuda:0')
2024-01-26 15:48:03,437 - Classification Fails.
2024-01-26 15:48:03,437 - Link Generation Succeeds.
2024-01-26 15:48:04,313 - Victim node is 1760.
2024-01-26 15:48:04,314 - tensor([ 306, 1701, 1986], device='cuda:0')
2024-01-26 15:48:04,314 - Classification Succeeds.
2024-01-26 15:48:04,314 - Link Generation Fails.
2024-01-26 15:48:05,194 - Victim node is 2603.
2024-01-26 15:48:05,194 - tensor([1358, 1701, 2708], device='cuda:0')
2024-01-26 15:48:05,194 - Classification Fails.
2024-01-26 15:48:05,194 - Link Generation Succeeds.
2024-01-26 15:48:06,079 - Victim node is 1465.
2024-01-26 15:48:06,079 - tensor([ 422,  963, 2539], device='cuda:0')
2024-01-26 15:48:06,079 - Classification Succeeds.
2024-01-26 15:48:06,079 - Link Generation Fails.
2024-01-26 15:48:06,954 - Victim node is 2487.
2024-01-26 15:48:06,954 - tensor([ 306, 1358, 1623], device='cuda:0')
2024-01-26 15:48:06,954 - Classification Succeeds.
2024-01-26 15:48:06,954 - Link Generation Fails.
2024-01-26 15:48:07,816 - Victim node is 2631.
2024-01-26 15:48:07,816 - tensor([  12, 1318, 2662], device='cuda:0')
2024-01-26 15:48:07,817 - Classification Succeeds.
2024-01-26 15:48:07,817 - Link Generation Fails.
2024-01-26 15:48:08,693 - Victim node is 1536.
2024-01-26 15:48:08,693 - tensor([2539, 2712, 2715], device='cuda:0')
2024-01-26 15:48:08,693 - Classification Fails.
2024-01-26 15:48:08,694 - Link Generation Succeeds.
2024-01-26 15:48:09,592 - Victim node is 2396.
2024-01-26 15:48:09,592 - tensor([ 306, 1358, 1986], device='cuda:0')
2024-01-26 15:48:09,592 - Classification Fails.
2024-01-26 15:48:09,592 - Link Generation Fails.
2024-01-26 15:48:10,463 - Victim node is 974.
2024-01-26 15:48:10,463 - tensor([  12, 1701, 2709], device='cuda:0')
2024-01-26 15:48:10,463 - Classification Fails.
2024-01-26 15:48:10,464 - Link Generation Succeeds.
2024-01-26 15:48:11,394 - Victim node is 1255.
2024-01-26 15:48:11,395 - tensor([  12, 2710, 2715], device='cuda:0')
2024-01-26 15:48:11,395 - Classification Succeeds.
2024-01-26 15:48:11,395 - Link Generation Succeeds.
2024-01-26 15:48:12,346 - Victim node is 2408.
2024-01-26 15:48:12,346 - tensor([ 306, 1358, 1986], device='cuda:0')
2024-01-26 15:48:12,346 - Classification Succeeds.
2024-01-26 15:48:12,346 - Link Generation Fails.
2024-01-26 15:48:13,223 - Victim node is 1530.
2024-01-26 15:48:13,223 - tensor([  12, 1318, 2662], device='cuda:0')
2024-01-26 15:48:13,223 - Classification Succeeds.
2024-01-26 15:48:13,224 - Link Generation Fails.
2024-01-26 15:48:14,148 - Victim node is 1806.
2024-01-26 15:48:14,148 - tensor([2539, 2711, 2712], device='cuda:0')
2024-01-26 15:48:14,148 - Classification Fails.
2024-01-26 15:48:14,148 - Link Generation Succeeds.
2024-01-26 15:48:15,104 - Victim node is 2335.
2024-01-26 15:48:15,104 - tensor([1257, 2473, 2726], device='cuda:0')
2024-01-26 15:48:15,104 - Classification Succeeds.
2024-01-26 15:48:15,104 - Link Generation Succeeds.
2024-01-26 15:48:16,044 - Victim node is 1800.
2024-01-26 15:48:16,044 - tensor([ 306, 1358, 1986], device='cuda:0')
2024-01-26 15:48:16,045 - Classification Succeeds.
2024-01-26 15:48:16,045 - Link Generation Fails.
2024-01-26 15:48:16,984 - Victim node is 1526.
2024-01-26 15:48:16,984 - tensor([ 306, 1358, 1986], device='cuda:0')
2024-01-26 15:48:16,985 - Classification Succeeds.
2024-01-26 15:48:16,985 - Link Generation Fails.
2024-01-26 15:48:17,899 - Victim node is 1882.
2024-01-26 15:48:17,899 - tensor([ 306, 1358, 1986], device='cuda:0')
2024-01-26 15:48:17,899 - Classification Succeeds.
2024-01-26 15:48:17,899 - Link Generation Fails.
2024-01-26 15:48:18,806 - Victim node is 1295.
2024-01-26 15:48:18,806 - tensor([1358, 1701, 1986], device='cuda:0')
2024-01-26 15:48:18,807 - Classification Succeeds.
2024-01-26 15:48:18,807 - Link Generation Fails.
2024-01-26 15:48:19,732 - Victim node is 721.
2024-01-26 15:48:19,733 - tensor([  12, 1318, 2662], device='cuda:0')
2024-01-26 15:48:19,733 - Classification Fails.
2024-01-26 15:48:19,733 - Link Generation Fails.
2024-01-26 15:48:20,643 - Victim node is 103.
2024-01-26 15:48:20,643 - tensor([1358, 1623, 1986], device='cuda:0')
2024-01-26 15:48:20,644 - Classification Succeeds.
2024-01-26 15:48:20,644 - Link Generation Fails.
2024-01-26 15:48:21,582 - Victim node is 2521.
2024-01-26 15:48:21,582 - tensor([  12,  307, 2710], device='cuda:0')
2024-01-26 15:48:21,582 - Classification Fails.
2024-01-26 15:48:21,583 - Link Generation Succeeds.
2024-01-26 15:48:22,542 - Victim node is 2612.
2024-01-26 15:48:22,542 - tensor([ 306, 1358, 1623], device='cuda:0')
2024-01-26 15:48:22,542 - Classification Succeeds.
2024-01-26 15:48:22,543 - Link Generation Fails.
2024-01-26 15:48:23,464 - Victim node is 490.
2024-01-26 15:48:23,464 - tensor([ 306, 1358, 1986], device='cuda:0')
2024-01-26 15:48:23,464 - Classification Fails.
2024-01-26 15:48:23,464 - Link Generation Fails.
2024-01-26 15:48:24,405 - Victim node is 231.
2024-01-26 15:48:24,405 - tensor([ 306, 1358, 1986], device='cuda:0')
2024-01-26 15:48:24,406 - Classification Succeeds.
2024-01-26 15:48:24,406 - Link Generation Fails.
2024-01-26 15:48:25,330 - Victim node is 288.
2024-01-26 15:48:25,330 - tensor([ 306, 1358, 1986], device='cuda:0')
2024-01-26 15:48:25,330 - Classification Succeeds.
2024-01-26 15:48:25,330 - Link Generation Fails.
2024-01-26 15:48:26,241 - Victim node is 833.
2024-01-26 15:48:26,241 - tensor([1358, 1701, 1986], device='cuda:0')
2024-01-26 15:48:26,242 - Classification Fails.
2024-01-26 15:48:26,242 - Link Generation Fails.
2024-01-26 15:48:27,210 - Victim node is 1284.
2024-01-26 15:48:27,210 - tensor([ 306, 1701, 1986], device='cuda:0')
2024-01-26 15:48:27,210 - Classification Succeeds.
2024-01-26 15:48:27,210 - Link Generation Fails.
2024-01-26 15:48:28,166 - Victim node is 1675.
2024-01-26 15:48:28,166 - tensor([ 306, 1358, 1986], device='cuda:0')
2024-01-26 15:48:28,166 - Classification Succeeds.
2024-01-26 15:48:28,166 - Link Generation Fails.
2024-01-26 15:48:29,059 - Victim node is 2049.
2024-01-26 15:48:29,059 - tensor([ 306, 1358, 1623], device='cuda:0')
2024-01-26 15:48:29,059 - Classification Succeeds.
2024-01-26 15:48:29,060 - Link Generation Fails.
2024-01-26 15:48:29,972 - Victim node is 1975.
2024-01-26 15:48:29,972 - tensor([ 306, 1358, 1986], device='cuda:0')
2024-01-26 15:48:29,972 - Classification Succeeds.
2024-01-26 15:48:29,972 - Link Generation Fails.
2024-01-26 15:48:30,926 - Victim node is 437.
2024-01-26 15:48:30,926 - tensor([ 306, 1013, 1358], device='cuda:0')
2024-01-26 15:48:30,926 - Classification Succeeds.
2024-01-26 15:48:30,926 - Link Generation Fails.
2024-01-26 15:48:31,851 - Victim node is 936.
2024-01-26 15:48:31,851 - tensor([ 306, 1358, 1986], device='cuda:0')
2024-01-26 15:48:31,852 - Classification Succeeds.
2024-01-26 15:48:31,852 - Link Generation Fails.
2024-01-26 15:48:32,792 - Victim node is 1659.
2024-01-26 15:48:32,792 - tensor([ 306, 1358, 1623], device='cuda:0')
2024-01-26 15:48:32,794 - Classification Succeeds.
2024-01-26 15:48:32,794 - Link Generation Fails.
2024-01-26 15:48:33,712 - Victim node is 228.
2024-01-26 15:48:33,712 - tensor([ 306, 1701, 1986], device='cuda:0')
2024-01-26 15:48:33,713 - Classification Succeeds.
2024-01-26 15:48:33,713 - Link Generation Fails.
2024-01-26 15:48:34,655 - Victim node is 1164.
2024-01-26 15:48:34,655 - tensor([1358, 2709, 2711], device='cuda:0')
2024-01-26 15:48:34,656 - Classification Succeeds.
2024-01-26 15:48:34,656 - Link Generation Succeeds.
2024-01-26 15:48:35,670 - Victim node is 2509.
2024-01-26 15:48:35,670 - tensor([1257, 2248, 2725], device='cuda:0')
2024-01-26 15:48:35,671 - Classification Fails.
2024-01-26 15:48:35,671 - Link Generation Succeeds.
2024-01-26 15:48:36,606 - Victim node is 2085.
2024-01-26 15:48:36,606 - tensor([1358, 1701, 1986], device='cuda:0')
2024-01-26 15:48:36,606 - Classification Succeeds.
2024-01-26 15:48:36,606 - Link Generation Fails.
2024-01-26 15:48:37,527 - Victim node is 227.
2024-01-26 15:48:37,527 - tensor([ 306, 1358, 1623], device='cuda:0')
2024-01-26 15:48:37,528 - Classification Succeeds.
2024-01-26 15:48:37,528 - Link Generation Fails.
2024-01-26 15:48:38,433 - Victim node is 2172.
2024-01-26 15:48:38,433 - tensor([ 306, 1358, 1986], device='cuda:0')
2024-01-26 15:48:38,433 - Classification Succeeds.
2024-01-26 15:48:38,433 - Link Generation Fails.
2024-01-26 15:48:39,346 - Victim node is 99.
2024-01-26 15:48:39,346 - tensor([  12, 2662, 2715], device='cuda:0')
2024-01-26 15:48:39,346 - Classification Succeeds.
2024-01-26 15:48:39,346 - Link Generation Succeeds.
2024-01-26 15:48:40,266 - Victim node is 229.
2024-01-26 15:48:40,266 - tensor([ 306, 1358, 1701], device='cuda:0')
2024-01-26 15:48:40,266 - Classification Succeeds.
2024-01-26 15:48:40,266 - Link Generation Fails.
2024-01-26 15:48:41,242 - Victim node is 1528.
2024-01-26 15:48:41,242 - tensor([ 306, 1358, 1986], device='cuda:0')
2024-01-26 15:48:41,242 - Classification Succeeds.
2024-01-26 15:48:41,242 - Link Generation Fails.
2024-01-26 15:48:42,189 - Victim node is 1982.
2024-01-26 15:48:42,189 - tensor([ 306, 1358, 1986], device='cuda:0')
2024-01-26 15:48:42,189 - Classification Succeeds.
2024-01-26 15:48:42,189 - Link Generation Fails.
2024-01-26 15:48:43,089 - Victim node is 2073.
2024-01-26 15:48:43,089 - tensor([ 306, 1358, 1986], device='cuda:0')
2024-01-26 15:48:43,089 - Classification Succeeds.
2024-01-26 15:48:43,090 - Link Generation Fails.
2024-01-26 15:48:44,016 - Victim node is 266.
2024-01-26 15:48:44,016 - tensor([ 306, 1013, 1358], device='cuda:0')
2024-01-26 15:48:44,017 - Classification Succeeds.
2024-01-26 15:48:44,017 - Link Generation Fails.
2024-01-26 15:48:44,970 - Victim node is 373.
2024-01-26 15:48:44,970 - tensor([ 306, 1358, 1701], device='cuda:0')
2024-01-26 15:48:44,970 - Classification Succeeds.
2024-01-26 15:48:44,971 - Link Generation Fails.
2024-01-26 15:48:45,938 - Victim node is 1726.
2024-01-26 15:48:45,938 - tensor([ 306, 1701, 1986], device='cuda:0')
2024-01-26 15:48:45,938 - Classification Succeeds.
2024-01-26 15:48:45,938 - Link Generation Fails.
2024-01-26 15:48:46,887 - Victim node is 1506.
2024-01-26 15:48:46,887 - tensor([ 306, 1358, 1623], device='cuda:0')
2024-01-26 15:48:46,887 - Classification Fails.
2024-01-26 15:48:46,887 - Link Generation Fails.
2024-01-26 15:48:47,811 - Victim node is 2322.
2024-01-26 15:48:47,811 - tensor([ 306, 1358, 1986], device='cuda:0')
2024-01-26 15:48:47,812 - Classification Succeeds.
2024-01-26 15:48:47,812 - Link Generation Fails.
2024-01-26 15:48:48,762 - Victim node is 727.
2024-01-26 15:48:48,762 - tensor([  12, 2709, 2712], device='cuda:0')
2024-01-26 15:48:48,762 - Classification Fails.
2024-01-26 15:48:48,762 - Link Generation Succeeds.
2024-01-26 15:48:49,735 - Victim node is 2562.
2024-01-26 15:48:49,735 - tensor([1701, 2709, 2710], device='cuda:0')
2024-01-26 15:48:49,735 - Classification Fails.
2024-01-26 15:48:49,736 - Link Generation Succeeds.
2024-01-26 15:48:50,656 - Victim node is 1196.
2024-01-26 15:48:50,656 - tensor([ 306, 1358, 1701], device='cuda:0')
2024-01-26 15:48:50,657 - Classification Fails.
2024-01-26 15:48:50,657 - Link Generation Fails.
2024-01-26 15:48:51,596 - Victim node is 2023.
2024-01-26 15:48:51,596 - tensor([ 306, 1358, 1701], device='cuda:0')
2024-01-26 15:48:51,597 - Classification Succeeds.
2024-01-26 15:48:51,597 - Link Generation Fails.
2024-01-26 15:48:52,569 - Victim node is 2112.
2024-01-26 15:48:52,569 - tensor([ 306, 1358, 1986], device='cuda:0')
2024-01-26 15:48:52,570 - Classification Succeeds.
2024-01-26 15:48:52,570 - Link Generation Fails.
2024-01-26 15:48:53,491 - Victim node is 2265.
2024-01-26 15:48:53,625 - tensor([  12, 1318, 2662], device='cuda:0')
2024-01-26 15:48:53,626 - Classification Succeeds.
2024-01-26 15:48:53,627 - Link Generation Fails.
2024-01-26 15:48:54,547 - Victim node is 879.
2024-01-26 15:48:54,547 - tensor([ 733, 1119, 2034], device='cuda:0')
2024-01-26 15:48:54,547 - Classification Succeeds.
2024-01-26 15:48:54,547 - Link Generation Fails.
2024-01-26 15:48:55,441 - Victim node is 2697.
2024-01-26 15:48:55,442 - tensor([1290, 2539, 2708], device='cuda:0')
2024-01-26 15:48:55,442 - Classification Succeeds.
2024-01-26 15:48:55,442 - Link Generation Succeeds.
2024-01-26 15:48:56,357 - Victim node is 2372.
2024-01-26 15:48:56,357 - tensor([ 306, 1358, 1986], device='cuda:0')
2024-01-26 15:48:56,357 - Classification Succeeds.
2024-01-26 15:48:56,357 - Link Generation Fails.
2024-01-26 15:48:57,285 - Victim node is 2581.
2024-01-26 15:48:57,285 - tensor([1358, 1441, 2713], device='cuda:0')
2024-01-26 15:48:57,285 - Classification Succeeds.
2024-01-26 15:48:57,285 - Link Generation Succeeds.
2024-01-26 15:48:58,165 - Victim node is 1984.
2024-01-26 15:48:58,165 - tensor([ 306, 1358, 1986], device='cuda:0')
2024-01-26 15:48:58,165 - Classification Fails.
2024-01-26 15:48:58,165 - Link Generation Fails.
2024-01-26 15:48:59,115 - Victim node is 1080.
2024-01-26 15:48:59,115 - tensor([ 306, 1358, 1986], device='cuda:0')
2024-01-26 15:48:59,116 - Classification Succeeds.
2024-01-26 15:48:59,116 - Link Generation Fails.
2024-01-26 15:49:00,073 - Victim node is 1120.
2024-01-26 15:49:00,073 - tensor([ 306, 1358, 1986], device='cuda:0')
2024-01-26 15:49:00,073 - Classification Succeeds.
2024-01-26 15:49:00,074 - Link Generation Fails.
2024-01-26 15:49:01,036 - Victim node is 1085.
2024-01-26 15:49:01,037 - tensor([ 306, 1358, 1986], device='cuda:0')
2024-01-26 15:49:01,037 - Classification Fails.
2024-01-26 15:49:01,037 - Link Generation Fails.
2024-01-26 15:49:02,013 - Victim node is 1824.
2024-01-26 15:49:02,013 - tensor([  12, 1318, 2662], device='cuda:0')
2024-01-26 15:49:02,014 - Classification Fails.
2024-01-26 15:49:02,014 - Link Generation Fails.
2024-01-26 15:49:02,963 - Victim node is 1586.
2024-01-26 15:49:02,963 - tensor([ 306, 1358, 1623], device='cuda:0')
2024-01-26 15:49:02,963 - Classification Succeeds.
2024-01-26 15:49:02,963 - Link Generation Fails.
2024-01-26 15:49:03,887 - Victim node is 1699.
2024-01-26 15:49:03,887 - tensor([ 306, 1358, 1986], device='cuda:0')
2024-01-26 15:49:03,888 - Classification Succeeds.
2024-01-26 15:49:03,888 - Link Generation Fails.
2024-01-26 15:49:04,803 - Victim node is 1408.
2024-01-26 15:49:04,803 - tensor([  12, 1318, 2539], device='cuda:0')
2024-01-26 15:49:04,803 - Classification Fails.
2024-01-26 15:49:04,803 - Link Generation Fails.
2024-01-26 15:49:05,783 - Victim node is 1735.
2024-01-26 15:49:05,783 - tensor([ 306, 1701, 1986], device='cuda:0')
2024-01-26 15:49:05,783 - Classification Fails.
2024-01-26 15:49:05,783 - Link Generation Fails.
2024-01-26 15:49:06,720 - Victim node is 629.
2024-01-26 15:49:06,720 - tensor([ 306, 1358, 1623], device='cuda:0')
2024-01-26 15:49:06,720 - Classification Succeeds.
2024-01-26 15:49:06,720 - Link Generation Fails.
2024-01-26 15:49:07,655 - Victim node is 805.
2024-01-26 15:49:07,655 - tensor([  12, 1257, 2731], device='cuda:0')
2024-01-26 15:49:07,655 - Classification Succeeds.
2024-01-26 15:49:07,655 - Link Generation Succeeds.
2024-01-26 15:49:08,606 - Victim node is 651.
2024-01-26 15:49:08,606 - tensor([ 306, 1358, 1986], device='cuda:0')
2024-01-26 15:49:08,606 - Classification Succeeds.
2024-01-26 15:49:08,606 - Link Generation Fails.
2024-01-26 15:49:09,541 - Victim node is 477.
2024-01-26 15:49:09,541 - tensor([  12, 2709, 2710], device='cuda:0')
2024-01-26 15:49:09,542 - Classification Fails.
2024-01-26 15:49:09,542 - Link Generation Succeeds.
2024-01-26 15:49:10,517 - Victim node is 2420.
2024-01-26 15:49:10,517 - tensor([  12, 1318, 2712], device='cuda:0')
2024-01-26 15:49:10,518 - Classification Fails.
2024-01-26 15:49:10,518 - Link Generation Succeeds.
2024-01-26 15:49:11,470 - Victim node is 2149.
2024-01-26 15:49:11,470 - tensor([  12, 2711, 2715], device='cuda:0')
2024-01-26 15:49:11,470 - Classification Fails.
2024-01-26 15:49:11,470 - Link Generation Succeeds.
2024-01-26 15:49:12,390 - Victim node is 1542.
2024-01-26 15:49:12,390 - tensor([ 306, 1358, 1986], device='cuda:0')
2024-01-26 15:49:12,390 - Classification Succeeds.
2024-01-26 15:49:12,390 - Link Generation Fails.
2024-01-26 15:49:13,275 - Victim node is 2057.
2024-01-26 15:49:13,275 - tensor([ 306, 1358, 1986], device='cuda:0')
2024-01-26 15:49:13,275 - Classification Succeeds.
2024-01-26 15:49:13,275 - Link Generation Fails.
2024-01-26 15:49:14,142 - Victim node is 2245.
2024-01-26 15:49:14,142 - tensor([  12, 2712, 2714], device='cuda:0')
2024-01-26 15:49:14,142 - Classification Fails.
2024-01-26 15:49:14,142 - Link Generation Succeeds.
2024-01-26 15:49:15,086 - Victim node is 1693.
2024-01-26 15:49:15,086 - tensor([ 306, 1358, 1986], device='cuda:0')
2024-01-26 15:49:15,087 - Classification Succeeds.
2024-01-26 15:49:15,087 - Link Generation Fails.
2024-01-26 15:49:16,047 - Victim node is 869.
2024-01-26 15:49:16,047 - tensor([ 306, 1358, 1986], device='cuda:0')
2024-01-26 15:49:16,047 - Classification Succeeds.
2024-01-26 15:49:16,047 - Link Generation Fails.
2024-01-26 15:49:17,008 - Victim node is 1598.
2024-01-26 15:49:17,008 - tensor([2715, 2716, 2717], device='cuda:0')
2024-01-26 15:49:17,009 - Classification Fails.
2024-01-26 15:49:17,009 - Link Generation Succeeds.
2024-01-26 15:49:17,944 - Victim node is 1060.
2024-01-26 15:49:17,944 - tensor([2713, 2727, 2731], device='cuda:0')
2024-01-26 15:49:17,944 - Classification Fails.
2024-01-26 15:49:17,944 - Link Generation Succeeds.
2024-01-26 15:49:18,894 - Victim node is 2384.
2024-01-26 15:49:18,894 - tensor([ 306, 1358, 1986], device='cuda:0')
2024-01-26 15:49:18,894 - Classification Fails.
2024-01-26 15:49:18,894 - Link Generation Fails.
2024-01-26 15:49:19,842 - Victim node is 1003.
2024-01-26 15:49:19,843 - tensor([  12, 1318, 2662], device='cuda:0')
2024-01-26 15:49:19,843 - Classification Fails.
2024-01-26 15:49:19,843 - Link Generation Fails.
2024-01-26 15:49:20,800 - Victim node is 1063.
2024-01-26 15:49:20,802 - tensor([  12, 1257, 2248], device='cuda:0')
2024-01-26 15:49:20,802 - Classification Succeeds.
2024-01-26 15:49:20,802 - Link Generation Fails.
2024-01-26 15:49:21,736 - Victim node is 520.
2024-01-26 15:49:21,736 - tensor([ 306, 1358, 1623], device='cuda:0')
2024-01-26 15:49:21,736 - Classification Fails.
2024-01-26 15:49:21,736 - Link Generation Fails.
2024-01-26 15:49:22,642 - Victim node is 2605.
2024-01-26 15:49:22,642 - tensor([ 306, 1358, 1701], device='cuda:0')
2024-01-26 15:49:22,643 - Classification Succeeds.
2024-01-26 15:49:22,643 - Link Generation Fails.
2024-01-26 15:49:23,578 - Victim node is 1211.
2024-01-26 15:49:23,578 - tensor([ 306, 1358, 1986], device='cuda:0')
2024-01-26 15:49:23,579 - Classification Fails.
2024-01-26 15:49:23,579 - Link Generation Fails.
2024-01-26 15:49:24,485 - Victim node is 2324.
2024-01-26 15:49:24,485 - tensor([ 306, 1358, 1986], device='cuda:0')
2024-01-26 15:49:24,486 - Classification Succeeds.
2024-01-26 15:49:24,486 - Link Generation Fails.
2024-01-26 15:49:25,434 - Victim node is 607.
2024-01-26 15:49:25,435 - tensor([  12, 2662, 2716], device='cuda:0')
2024-01-26 15:49:25,435 - Classification Fails.
2024-01-26 15:49:25,435 - Link Generation Succeeds.
2024-01-26 15:49:26,390 - Victim node is 1578.
2024-01-26 15:49:26,390 - tensor([2708, 2709, 2711], device='cuda:0')
2024-01-26 15:49:26,391 - Classification Fails.
2024-01-26 15:49:26,391 - Link Generation Succeeds.
2024-01-26 15:49:27,329 - Victim node is 2549.
2024-01-26 15:49:27,329 - tensor([2708, 2710, 2711], device='cuda:0')
2024-01-26 15:49:27,329 - Classification Fails.
2024-01-26 15:49:27,331 - Link Generation Succeeds.
2024-01-26 15:49:28,272 - Victim node is 814.
2024-01-26 15:49:28,272 - tensor([2717, 2722, 2728], device='cuda:0')
2024-01-26 15:49:28,272 - Classification Fails.
2024-01-26 15:49:28,273 - Link Generation Succeeds.
2024-01-26 15:49:29,216 - Victim node is 1529.
2024-01-26 15:49:29,216 - tensor([ 306, 1358, 1986], device='cuda:0')
2024-01-26 15:49:29,216 - Classification Succeeds.
2024-01-26 15:49:29,216 - Link Generation Fails.
2024-01-26 15:49:30,153 - Victim node is 2620.
2024-01-26 15:49:30,153 - tensor([1257, 2248, 2671], device='cuda:0')
2024-01-26 15:49:30,153 - Classification Fails.
2024-01-26 15:49:30,153 - Link Generation Fails.
2024-01-26 15:49:31,126 - Victim node is 1871.
2024-01-26 15:49:31,126 - tensor([ 306, 1358, 1623], device='cuda:0')
2024-01-26 15:49:31,126 - Classification Fails.
2024-01-26 15:49:31,127 - Link Generation Fails.
2024-01-26 15:49:32,100 - Victim node is 1632.
2024-01-26 15:49:32,100 - tensor([ 306, 1358, 1986], device='cuda:0')
2024-01-26 15:49:32,100 - Classification Succeeds.
2024-01-26 15:49:32,100 - Link Generation Fails.
2024-01-26 15:49:33,079 - Victim node is 714.
2024-01-26 15:49:33,079 - tensor([2709, 2713, 2724], device='cuda:0')
2024-01-26 15:49:33,080 - Classification Fails.
2024-01-26 15:49:33,080 - Link Generation Succeeds.
2024-01-26 15:49:34,039 - Victim node is 1943.
2024-01-26 15:49:34,039 - tensor([ 306, 1358, 1986], device='cuda:0')
2024-01-26 15:49:34,039 - Classification Succeeds.
2024-01-26 15:49:34,039 - Link Generation Fails.
2024-01-26 15:49:35,023 - Victim node is 1301.
2024-01-26 15:49:35,024 - tensor([  12, 1318, 2662], device='cuda:0')
2024-01-26 15:49:35,024 - Classification Fails.
2024-01-26 15:49:35,024 - Link Generation Fails.
2024-01-26 15:49:35,939 - Victim node is 1367.
2024-01-26 15:49:35,939 - tensor([1358, 1701, 1986], device='cuda:0')
2024-01-26 15:49:35,940 - Classification Succeeds.
2024-01-26 15:49:35,940 - Link Generation Fails.
2024-01-26 15:49:36,867 - Victim node is 1414.
2024-01-26 15:49:36,867 - tensor([  12, 1318, 2662], device='cuda:0')
2024-01-26 15:49:36,867 - Classification Fails.
2024-01-26 15:49:36,868 - Link Generation Fails.
2024-01-26 15:49:37,753 - Victim node is 1434.
2024-01-26 15:49:37,753 - tensor([ 306, 1358, 1701], device='cuda:0')
2024-01-26 15:49:37,753 - Classification Succeeds.
2024-01-26 15:49:37,753 - Link Generation Fails.
2024-01-26 15:49:38,646 - Victim node is 2021.
2024-01-26 15:49:38,647 - tensor([ 306, 1358, 1986], device='cuda:0')
2024-01-26 15:49:38,647 - Classification Succeeds.
2024-01-26 15:49:38,647 - Link Generation Fails.
2024-01-26 15:49:39,609 - Victim node is 959.
2024-01-26 15:49:39,609 - tensor([  12, 2662, 2708], device='cuda:0')
2024-01-26 15:49:39,609 - Classification Fails.
2024-01-26 15:49:39,609 - Link Generation Succeeds.
2024-01-26 15:49:40,573 - Victim node is 1537.
2024-01-26 15:49:40,574 - tensor([  12, 2711, 2722], device='cuda:0')
2024-01-26 15:49:40,574 - Classification Succeeds.
2024-01-26 15:49:40,574 - Link Generation Succeeds.
2024-01-26 15:49:41,553 - Victim node is 2432.
2024-01-26 15:49:41,553 - tensor([  12, 1257, 2708], device='cuda:0')
2024-01-26 15:49:41,553 - Classification Succeeds.
2024-01-26 15:49:41,554 - Link Generation Succeeds.
2024-01-26 15:49:42,523 - Victim node is 1493.
2024-01-26 15:49:42,523 - tensor([ 306, 1358, 1986], device='cuda:0')
2024-01-26 15:49:42,523 - Classification Fails.
2024-01-26 15:49:42,523 - Link Generation Fails.
2024-01-26 15:49:43,495 - Victim node is 269.
2024-01-26 15:49:43,495 - tensor([  12, 1257, 2248], device='cuda:0')
2024-01-26 15:49:43,496 - Classification Succeeds.
2024-01-26 15:49:43,496 - Link Generation Fails.
2024-01-26 15:49:44,417 - Victim node is 403.
2024-01-26 15:49:44,417 - tensor([ 306, 1358, 1986], device='cuda:0')
2024-01-26 15:49:44,417 - Classification Succeeds.
2024-01-26 15:49:44,417 - Link Generation Fails.
2024-01-26 15:49:45,351 - Victim node is 747.
2024-01-26 15:49:45,351 - tensor([  12, 1257, 1318], device='cuda:0')
2024-01-26 15:49:45,352 - Classification Fails.
2024-01-26 15:49:45,352 - Link Generation Fails.
2024-01-26 15:49:46,298 - Victim node is 1106.
2024-01-26 15:49:46,298 - tensor([  12, 1318, 2662], device='cuda:0')
2024-01-26 15:49:46,298 - Classification Fails.
2024-01-26 15:49:46,298 - Link Generation Fails.
2024-01-26 15:49:47,225 - Victim node is 865.
2024-01-26 15:49:47,225 - tensor([  12, 1257, 2709], device='cuda:0')
2024-01-26 15:49:47,226 - Classification Fails.
2024-01-26 15:49:47,226 - Link Generation Succeeds.
2024-01-26 15:49:48,157 - Victim node is 111.
2024-01-26 15:49:48,157 - tensor([ 306, 1701, 1986], device='cuda:0')
2024-01-26 15:49:48,157 - Classification Succeeds.
2024-01-26 15:49:48,157 - Link Generation Fails.
2024-01-26 15:49:49,026 - Victim node is 2616.
2024-01-26 15:49:49,026 - tensor([1358, 2711, 2712], device='cuda:0')
2024-01-26 15:49:49,026 - Classification Succeeds.
2024-01-26 15:49:49,026 - Link Generation Succeeds.
2024-01-26 15:49:49,922 - Victim node is 1419.
2024-01-26 15:49:49,922 - tensor([2708, 2712, 2713], device='cuda:0')
2024-01-26 15:49:49,922 - Classification Fails.
2024-01-26 15:49:49,922 - Link Generation Succeeds.
2024-01-26 15:49:50,829 - Victim node is 2293.
2024-01-26 15:49:50,829 - tensor([ 306, 1358, 1986], device='cuda:0')
2024-01-26 15:49:50,829 - Classification Succeeds.
2024-01-26 15:49:50,829 - Link Generation Fails.
2024-01-26 15:49:51,722 - Victim node is 1698.
2024-01-26 15:49:51,722 - tensor([2713, 2715, 2720], device='cuda:0')
2024-01-26 15:49:51,722 - Classification Fails.
2024-01-26 15:49:51,722 - Link Generation Succeeds.
2024-01-26 15:49:52,630 - Victim node is 2038.
2024-01-26 15:49:52,630 - tensor([1358, 1701, 1986], device='cuda:0')
2024-01-26 15:49:52,630 - Classification Succeeds.
2024-01-26 15:49:52,631 - Link Generation Fails.
2024-01-26 15:49:53,513 - Victim node is 1491.
2024-01-26 15:49:53,513 - tensor([  12, 1257, 2248], device='cuda:0')
2024-01-26 15:49:53,513 - Classification Succeeds.
2024-01-26 15:49:53,513 - Link Generation Fails.
2024-01-26 15:49:54,406 - Victim node is 2606.
2024-01-26 15:49:54,407 - tensor([  12, 2539, 2708], device='cuda:0')
2024-01-26 15:49:54,407 - Classification Fails.
2024-01-26 15:49:54,407 - Link Generation Succeeds.
2024-01-26 15:49:55,312 - Victim node is 1330.
2024-01-26 15:49:55,312 - tensor([ 306, 1358, 1986], device='cuda:0')
2024-01-26 15:49:55,313 - Classification Fails.
2024-01-26 15:49:55,313 - Link Generation Fails.
2024-01-26 15:49:56,286 - Victim node is 2125.
2024-01-26 15:49:56,286 - tensor([2711, 2713, 2714], device='cuda:0')
2024-01-26 15:49:56,287 - Classification Fails.
2024-01-26 15:49:56,287 - Link Generation Succeeds.
2024-01-26 15:49:57,263 - Victim node is 542.
2024-01-26 15:49:57,263 - tensor([1358, 1701, 1986], device='cuda:0')
2024-01-26 15:49:57,263 - Classification Succeeds.
2024-01-26 15:49:57,263 - Link Generation Fails.
2024-01-26 15:49:58,170 - Victim node is 2587.
2024-01-26 15:49:58,170 - tensor([  12, 1318, 2662], device='cuda:0')
2024-01-26 15:49:58,170 - Classification Succeeds.
2024-01-26 15:49:58,170 - Link Generation Fails.
2024-01-26 15:49:59,095 - Victim node is 883.
2024-01-26 15:49:59,095 - tensor([ 306, 1358, 1986], device='cuda:0')
2024-01-26 15:49:59,095 - Classification Succeeds.
2024-01-26 15:49:59,095 - Link Generation Fails.
2024-01-26 15:49:59,994 - Victim node is 2088.
2024-01-26 15:49:59,994 - tensor([1358, 1701, 1986], device='cuda:0')
2024-01-26 15:49:59,995 - Classification Succeeds.
2024-01-26 15:49:59,995 - Link Generation Fails.
2024-01-26 15:50:00,910 - Victim node is 1543.
2024-01-26 15:50:00,910 - tensor([2714, 2715, 2717], device='cuda:0')
2024-01-26 15:50:00,911 - Classification Succeeds.
2024-01-26 15:50:00,911 - Link Generation Succeeds.
2024-01-26 15:50:01,842 - Victim node is 1931.
2024-01-26 15:50:01,842 - tensor([ 306, 1358, 1986], device='cuda:0')
2024-01-26 15:50:01,843 - Classification Succeeds.
2024-01-26 15:50:01,843 - Link Generation Fails.
2024-01-26 15:50:02,769 - Victim node is 1576.
2024-01-26 15:50:02,769 - tensor([2709, 2713, 2735], device='cuda:0')
2024-01-26 15:50:02,769 - Classification Fails.
2024-01-26 15:50:02,769 - Link Generation Succeeds.
2024-01-26 15:50:03,703 - Victim node is 1991.
2024-01-26 15:50:03,703 - tensor([ 306, 1358, 1623], device='cuda:0')
2024-01-26 15:50:03,704 - Classification Succeeds.
2024-01-26 15:50:03,704 - Link Generation Fails.
2024-01-26 15:50:04,589 - Victim node is 472.
2024-01-26 15:50:04,589 - tensor([2716, 2720, 2723], device='cuda:0')
2024-01-26 15:50:04,590 - Classification Succeeds.
2024-01-26 15:50:04,590 - Link Generation Succeeds.
2024-01-26 15:50:05,481 - Victim node is 1768.
2024-01-26 15:50:05,481 - tensor([ 306, 1358, 1986], device='cuda:0')
2024-01-26 15:50:05,481 - Classification Succeeds.
2024-01-26 15:50:05,481 - Link Generation Fails.
2024-01-26 15:50:06,418 - Victim node is 105.
2024-01-26 15:50:06,419 - tensor([ 306, 1358, 1986], device='cuda:0')
2024-01-26 15:50:06,419 - Classification Succeeds.
2024-01-26 15:50:06,419 - Link Generation Fails.
2024-01-26 15:50:07,390 - Victim node is 2409.
2024-01-26 15:50:07,390 - tensor([ 306, 1358, 1623], device='cuda:0')
2024-01-26 15:50:07,392 - Classification Fails.
2024-01-26 15:50:07,392 - Link Generation Fails.
2024-01-26 15:50:08,284 - Victim node is 2649.
2024-01-26 15:50:08,284 - tensor([ 306, 1358, 1701], device='cuda:0')
2024-01-26 15:50:08,285 - Classification Succeeds.
2024-01-26 15:50:08,285 - Link Generation Fails.
2024-01-26 15:50:09,204 - Victim node is 331.
2024-01-26 15:50:09,204 - tensor([ 306, 1358, 1986], device='cuda:0')
2024-01-26 15:50:09,204 - Classification Fails.
2024-01-26 15:50:09,204 - Link Generation Fails.
2024-01-26 15:50:10,091 - Victim node is 115.
2024-01-26 15:50:10,091 - tensor([2714, 2717, 2724], device='cuda:0')
2024-01-26 15:50:10,093 - Classification Succeeds.
2024-01-26 15:50:10,093 - Link Generation Succeeds.
2024-01-26 15:50:11,000 - Victim node is 996.
2024-01-26 15:50:11,000 - tensor([  12, 2710, 2723], device='cuda:0')
2024-01-26 15:50:11,000 - Classification Succeeds.
2024-01-26 15:50:11,000 - Link Generation Succeeds.
2024-01-26 15:50:11,920 - Victim node is 430.
2024-01-26 15:50:11,920 - tensor([2708, 2716, 2720], device='cuda:0')
2024-01-26 15:50:11,921 - Classification Fails.
2024-01-26 15:50:11,921 - Link Generation Succeeds.
2024-01-26 15:50:12,859 - Victim node is 1878.
2024-01-26 15:50:12,859 - tensor([ 306, 1358, 1986], device='cuda:0')
2024-01-26 15:50:12,859 - Classification Succeeds.
2024-01-26 15:50:12,859 - Link Generation Fails.
2024-01-26 15:50:13,829 - Victim node is 688.
2024-01-26 15:50:13,830 - tensor([  12, 1318, 2662], device='cuda:0')
2024-01-26 15:50:13,830 - Classification Succeeds.
2024-01-26 15:50:13,830 - Link Generation Fails.
2024-01-26 15:50:14,720 - Victim node is 508.
2024-01-26 15:50:14,720 - tensor([ 306, 1358, 2709], device='cuda:0')
2024-01-26 15:50:14,720 - Classification Fails.
2024-01-26 15:50:14,720 - Link Generation Succeeds.
2024-01-26 15:50:15,610 - Victim node is 1282.
2024-01-26 15:50:15,610 - tensor([ 306, 1358, 1986], device='cuda:0')
2024-01-26 15:50:15,610 - Classification Fails.
2024-01-26 15:50:15,611 - Link Generation Fails.
2024-01-26 15:50:16,482 - Victim node is 2252.
2024-01-26 15:50:16,482 - tensor([  12, 2714, 2715], device='cuda:0')
2024-01-26 15:50:16,482 - Classification Succeeds.
2024-01-26 15:50:16,483 - Link Generation Succeeds.
2024-01-26 15:50:17,361 - Victim node is 1327.
2024-01-26 15:50:17,361 - tensor([  12, 1318, 2713], device='cuda:0')
2024-01-26 15:50:17,361 - Classification Succeeds.
2024-01-26 15:50:17,362 - Link Generation Succeeds.
2024-01-26 15:50:18,228 - Victim node is 1557.
2024-01-26 15:50:18,228 - tensor([ 306, 1358, 1986], device='cuda:0')
2024-01-26 15:50:18,229 - Classification Succeeds.
2024-01-26 15:50:18,229 - Link Generation Fails.
2024-01-26 15:50:19,099 - Victim node is 2254.
2024-01-26 15:50:19,099 - tensor([ 306, 1358, 1623], device='cuda:0')
2024-01-26 15:50:19,100 - Classification Succeeds.
2024-01-26 15:50:19,100 - Link Generation Fails.
2024-01-26 15:50:19,970 - Victim node is 856.
2024-01-26 15:50:19,970 - tensor([2709, 2710, 2724], device='cuda:0')
2024-01-26 15:50:19,970 - Classification Succeeds.
2024-01-26 15:50:19,970 - Link Generation Succeeds.
2024-01-26 15:50:20,841 - Victim node is 379.
2024-01-26 15:50:20,841 - tensor([2714, 2724, 2729], device='cuda:0')
2024-01-26 15:50:20,841 - Classification Succeeds.
2024-01-26 15:50:20,841 - Link Generation Succeeds.
2024-01-26 15:50:21,718 - Victim node is 2364.
2024-01-26 15:50:21,718 - tensor([ 306, 1013, 1358], device='cuda:0')
2024-01-26 15:50:21,718 - Classification Succeeds.
2024-01-26 15:50:21,718 - Link Generation Fails.
2024-01-26 15:50:22,609 - Victim node is 249.
2024-01-26 15:50:22,609 - tensor([2709, 2718, 2721], device='cuda:0')
2024-01-26 15:50:22,609 - Classification Succeeds.
2024-01-26 15:50:22,609 - Link Generation Succeeds.
2024-01-26 15:50:23,468 - Victim node is 2647.
2024-01-26 15:50:23,468 - tensor([2710, 2713, 2716], device='cuda:0')
2024-01-26 15:50:23,469 - Classification Fails.
2024-01-26 15:50:23,469 - Link Generation Succeeds.
2024-01-26 15:50:24,347 - Victim node is 21.
2024-01-26 15:50:24,347 - tensor([ 306, 1358, 1701], device='cuda:0')
2024-01-26 15:50:24,347 - Classification Succeeds.
2024-01-26 15:50:24,347 - Link Generation Fails.
2024-01-26 15:50:25,203 - Victim node is 1036.
2024-01-26 15:50:25,203 - tensor([ 306, 1358, 2710], device='cuda:0')
2024-01-26 15:50:25,204 - Classification Succeeds.
2024-01-26 15:50:25,204 - Link Generation Succeeds.
2024-01-26 15:50:26,079 - Victim node is 696.
2024-01-26 15:50:26,079 - tensor([ 306, 1358, 1623], device='cuda:0')
2024-01-26 15:50:26,080 - Classification Fails.
2024-01-26 15:50:26,080 - Link Generation Fails.
2024-01-26 15:50:26,947 - Victim node is 1863.
2024-01-26 15:50:26,949 - tensor([2729, 2749, 2773], device='cuda:0')
2024-01-26 15:50:26,949 - Classification Succeeds.
2024-01-26 15:50:26,949 - Link Generation Succeeds.
2024-01-26 15:50:27,837 - Victim node is 2499.
2024-01-26 15:50:27,837 - tensor([ 306, 1358, 1986], device='cuda:0')
2024-01-26 15:50:27,838 - Classification Succeeds.
2024-01-26 15:50:27,838 - Link Generation Fails.
2024-01-26 15:50:28,717 - Victim node is 1227.
2024-01-26 15:50:28,717 - tensor([2708, 2711, 2712], device='cuda:0')
2024-01-26 15:50:28,717 - Classification Fails.
2024-01-26 15:50:28,718 - Link Generation Succeeds.
2024-01-26 15:50:29,575 - Victim node is 1795.
2024-01-26 15:50:29,575 - tensor([  12, 2709, 2716], device='cuda:0')
2024-01-26 15:50:29,576 - Classification Succeeds.
2024-01-26 15:50:29,576 - Link Generation Succeeds.
2024-01-26 15:50:30,458 - Victim node is 663.
2024-01-26 15:50:30,459 - tensor([ 306, 1358, 1986], device='cuda:0')
2024-01-26 15:50:30,459 - Classification Fails.
2024-01-26 15:50:30,459 - Link Generation Fails.
2024-01-26 15:50:31,362 - Victim node is 1725.
2024-01-26 15:50:31,362 - tensor([ 306, 1701, 1986], device='cuda:0')
2024-01-26 15:50:31,362 - Classification Succeeds.
2024-01-26 15:50:31,362 - Link Generation Fails.
2024-01-26 15:50:32,225 - Victim node is 537.
2024-01-26 15:50:32,225 - tensor([  12, 2711, 2712], device='cuda:0')
2024-01-26 15:50:32,226 - Classification Fails.
2024-01-26 15:50:32,226 - Link Generation Succeeds.
2024-01-26 15:50:33,099 - Victim node is 2292.
2024-01-26 15:50:33,099 - tensor([2711, 2715, 2719], device='cuda:0')
2024-01-26 15:50:33,099 - Classification Succeeds.
2024-01-26 15:50:33,100 - Link Generation Succeeds.
2024-01-26 15:50:33,983 - Victim node is 2401.
2024-01-26 15:50:33,983 - tensor([1257, 1702, 1966], device='cuda:0')
2024-01-26 15:50:33,983 - Classification Succeeds.
2024-01-26 15:50:33,983 - Link Generation Fails.
2024-01-26 15:50:34,844 - Victim node is 135.
2024-01-26 15:50:34,845 - tensor([ 306, 1358, 1623], device='cuda:0')
2024-01-26 15:50:34,845 - Classification Succeeds.
2024-01-26 15:50:34,845 - Link Generation Fails.
2024-01-26 15:50:35,730 - Victim node is 2022.
2024-01-26 15:50:35,731 - tensor([ 306, 1358, 2724], device='cuda:0')
2024-01-26 15:50:35,731 - Classification Fails.
2024-01-26 15:50:35,731 - Link Generation Succeeds.
2024-01-26 15:50:36,602 - Victim node is 2572.
2024-01-26 15:50:36,602 - tensor([2709, 2711, 2712], device='cuda:0')
2024-01-26 15:50:36,603 - Classification Succeeds.
2024-01-26 15:50:36,603 - Link Generation Succeeds.
2024-01-26 15:50:37,484 - Victim node is 617.
2024-01-26 15:50:37,484 - tensor([ 306, 1358, 1986], device='cuda:0')
2024-01-26 15:50:37,486 - Classification Succeeds.
2024-01-26 15:50:37,486 - Link Generation Fails.
2024-01-26 15:50:38,359 - Victim node is 2512.
2024-01-26 15:50:38,359 - tensor([  12, 2662, 2708], device='cuda:0')
2024-01-26 15:50:38,360 - Classification Fails.
2024-01-26 15:50:38,360 - Link Generation Succeeds.
2024-01-26 15:50:39,228 - Victim node is 216.
2024-01-26 15:50:39,228 - tensor([ 306, 1358, 1986], device='cuda:0')
2024-01-26 15:50:39,228 - Classification Succeeds.
2024-01-26 15:50:39,229 - Link Generation Fails.
2024-01-26 15:50:40,098 - Victim node is 2485.
2024-01-26 15:50:40,099 - tensor([ 306, 1358, 1986], device='cuda:0')
2024-01-26 15:50:40,099 - Classification Fails.
2024-01-26 15:50:40,099 - Link Generation Fails.
2024-01-26 15:50:40,965 - Victim node is 2563.
2024-01-26 15:50:40,965 - tensor([2708, 2711, 2717], device='cuda:0')
2024-01-26 15:50:40,966 - Classification Succeeds.
2024-01-26 15:50:40,966 - Link Generation Succeeds.
2024-01-26 15:50:40,966 - Misclassification Rate: 0.3680
2024-01-26 15:50:40,966 - Link Generation Rate: 0.2990
