2024-02-03 18:00:03,602 - Victim node is 129.
2024-02-03 18:00:03,602 - tensor([19759, 19810, 19816], device='mps:0')
2024-02-03 18:00:03,604 - Classification Succeeds.
2024-02-03 18:00:03,608 - Link Generation Succeeds.
2024-02-03 18:00:35,252 - Victim node is 13498.
2024-02-03 18:00:35,252 - tensor([ 1205, 12019, 13940], device='mps:0')
2024-02-03 18:00:35,254 - Classification Succeeds.
2024-02-03 18:00:35,254 - Link Generation Fails.
2024-02-03 18:01:04,232 - Victim node is 11082.
2024-02-03 18:01:04,232 - tensor([ 1205, 11816, 13940], device='mps:0')
2024-02-03 18:01:04,234 - Classification Succeeds.
2024-02-03 18:01:04,234 - Link Generation Fails.
2024-02-03 18:01:39,156 - Victim node is 12083.
2024-02-03 18:01:39,156 - tensor([19718, 19723, 19745], device='mps:0')
2024-02-03 18:01:39,158 - Classification Fails.
2024-02-03 18:01:39,158 - Link Generation Succeeds.
2024-02-03 18:02:07,346 - Victim node is 15400.
2024-02-03 18:02:07,346 - tensor([ 1205, 11816, 13940], device='mps:0')
2024-02-03 18:02:07,348 - Classification Succeeds.
2024-02-03 18:02:07,348 - Link Generation Fails.
2024-02-03 18:02:34,194 - Victim node is 12839.
2024-02-03 18:02:34,194 - tensor([ 1920,  5375, 12019], device='mps:0')
2024-02-03 18:02:34,195 - Classification Succeeds.
2024-02-03 18:02:34,196 - Link Generation Fails.
2024-02-03 18:03:00,946 - Victim node is 15222.
2024-02-03 18:03:00,946 - tensor([19741, 19762, 19764], device='mps:0')
2024-02-03 18:03:00,948 - Classification Succeeds.
2024-02-03 18:03:00,948 - Link Generation Succeeds.
2024-02-03 18:03:32,130 - Victim node is 9082.
2024-02-03 18:03:32,130 - tensor([ 1205, 12019, 13940], device='mps:0')
2024-02-03 18:03:32,132 - Classification Succeeds.
2024-02-03 18:03:32,133 - Link Generation Fails.
2024-02-03 18:04:00,971 - Victim node is 18542.
2024-02-03 18:04:00,971 - tensor([ 1205, 13940, 19733], device='mps:0')
2024-02-03 18:04:00,973 - Classification Succeeds.
2024-02-03 18:04:00,973 - Link Generation Succeeds.
2024-02-03 18:04:38,509 - Victim node is 3835.
2024-02-03 18:04:38,509 - tensor([ 1920,  7056, 19718], device='mps:0')
2024-02-03 18:04:38,510 - Classification Succeeds.
2024-02-03 18:04:38,511 - Link Generation Succeeds.
2024-02-03 18:05:11,909 - Victim node is 8428.
2024-02-03 18:05:11,909 - tensor([ 7056, 19738, 19743], device='mps:0')
2024-02-03 18:05:11,910 - Classification Fails.
2024-02-03 18:05:11,911 - Link Generation Succeeds.
2024-02-03 18:05:48,168 - Victim node is 15973.
2024-02-03 18:05:48,169 - tensor([ 7056, 17194, 19766], device='mps:0')
2024-02-03 18:05:48,170 - Classification Fails.
2024-02-03 18:05:48,171 - Link Generation Succeeds.
2024-02-03 18:06:23,763 - Victim node is 8755.
2024-02-03 18:06:23,764 - tensor([ 7056, 19726, 19753], device='mps:0')
2024-02-03 18:06:23,765 - Classification Fails.
2024-02-03 18:06:23,766 - Link Generation Succeeds.
2024-02-03 18:06:57,250 - Victim node is 18994.
2024-02-03 18:06:57,251 - tensor([  903, 11894, 12019], device='mps:0')
2024-02-03 18:06:57,252 - Classification Succeeds.
2024-02-03 18:06:57,253 - Link Generation Fails.
2024-02-03 18:07:41,793 - Victim node is 7783.
2024-02-03 18:07:41,793 - tensor([19721, 19722, 19723], device='mps:0')
2024-02-03 18:07:41,795 - Classification Fails.
2024-02-03 18:07:41,795 - Link Generation Succeeds.
2024-02-03 18:08:16,762 - Victim node is 2186.
2024-02-03 18:08:16,762 - tensor([ 7056, 14044, 19718], device='mps:0')
2024-02-03 18:08:16,763 - Classification Fails.
2024-02-03 18:08:16,764 - Link Generation Succeeds.
2024-02-03 18:08:59,611 - Victim node is 8066.
2024-02-03 18:08:59,611 - tensor([19717, 19727, 19737], device='mps:0')
2024-02-03 18:08:59,613 - Classification Succeeds.
2024-02-03 18:08:59,613 - Link Generation Succeeds.
2024-02-03 18:09:42,332 - Victim node is 19682.
2024-02-03 18:09:42,333 - tensor([19718, 19725, 19732], device='mps:0')
2024-02-03 18:09:42,334 - Classification Succeeds.
2024-02-03 18:09:42,335 - Link Generation Succeeds.
2024-02-03 18:10:16,222 - Victim node is 11285.
2024-02-03 18:10:16,223 - tensor([19717, 19719, 19723], device='mps:0')
2024-02-03 18:10:16,224 - Classification Fails.
2024-02-03 18:10:16,225 - Link Generation Succeeds.
2024-02-03 18:10:57,203 - Victim node is 9344.
2024-02-03 18:10:57,203 - tensor([ 1205, 19720, 19723], device='mps:0')
2024-02-03 18:10:57,205 - Classification Succeeds.
2024-02-03 18:10:57,205 - Link Generation Succeeds.
2024-02-03 18:11:28,827 - Victim node is 902.
2024-02-03 18:11:28,827 - tensor([ 1205, 19816, 19827], device='mps:0')
2024-02-03 18:11:28,829 - Classification Fails.
2024-02-03 18:11:28,829 - Link Generation Succeeds.
2024-02-03 18:12:02,214 - Victim node is 10999.
2024-02-03 18:12:02,214 - tensor([19726, 19737, 19738], device='mps:0')
2024-02-03 18:12:02,215 - Classification Fails.
2024-02-03 18:12:02,216 - Link Generation Succeeds.
2024-02-03 18:12:42,996 - Victim node is 4547.
2024-02-03 18:12:42,996 - tensor([19726, 19730, 19732], device='mps:0')
2024-02-03 18:12:42,998 - Classification Fails.
2024-02-03 18:12:42,998 - Link Generation Succeeds.
2024-02-03 18:13:16,690 - Victim node is 14205.
2024-02-03 18:13:16,690 - tensor([19720, 19721, 19723], device='mps:0')
2024-02-03 18:13:16,692 - Classification Fails.
2024-02-03 18:13:16,692 - Link Generation Succeeds.
2024-02-03 18:13:49,862 - Victim node is 5280.
2024-02-03 18:13:49,862 - tensor([ 7056, 19719, 19726], device='mps:0')
2024-02-03 18:13:49,864 - Classification Succeeds.
2024-02-03 18:13:49,865 - Link Generation Succeeds.
2024-02-03 18:14:24,362 - Victim node is 4897.
2024-02-03 18:14:24,362 - tensor([ 7056, 15841, 19718], device='mps:0')
2024-02-03 18:14:24,364 - Classification Succeeds.
2024-02-03 18:14:24,365 - Link Generation Succeeds.
2024-02-03 18:15:03,626 - Victim node is 11199.
2024-02-03 18:15:03,626 - tensor([ 7056, 14044, 19718], device='mps:0')
2024-02-03 18:15:03,628 - Classification Succeeds.
2024-02-03 18:15:03,628 - Link Generation Succeeds.
2024-02-03 18:15:43,875 - Victim node is 2314.
2024-02-03 18:15:43,875 - tensor([ 7056, 19720, 19723], device='mps:0')
2024-02-03 18:15:43,877 - Classification Fails.
2024-02-03 18:15:43,878 - Link Generation Succeeds.
2024-02-03 18:16:25,550 - Victim node is 3994.
2024-02-03 18:16:25,550 - tensor([ 7056, 14044, 15841], device='mps:0')
2024-02-03 18:16:25,552 - Classification Fails.
2024-02-03 18:16:25,552 - Link Generation Fails.
2024-02-03 18:16:58,828 - Victim node is 8100.
2024-02-03 18:16:58,828 - tensor([ 1205, 12019, 13940], device='mps:0')
2024-02-03 18:16:58,830 - Classification Succeeds.
2024-02-03 18:16:58,831 - Link Generation Fails.
2024-02-03 18:17:32,213 - Victim node is 18311.
2024-02-03 18:17:32,213 - tensor([19722, 19736, 19741], device='mps:0')
2024-02-03 18:17:32,214 - Classification Fails.
2024-02-03 18:17:32,215 - Link Generation Succeeds.
2024-02-03 18:18:12,496 - Victim node is 8853.
2024-02-03 18:18:12,496 - tensor([19720, 19723, 19734], device='mps:0')
2024-02-03 18:18:12,498 - Classification Fails.
2024-02-03 18:18:12,498 - Link Generation Succeeds.
2024-02-03 18:18:45,870 - Victim node is 10189.
2024-02-03 18:18:45,870 - tensor([ 7056, 19718, 19720], device='mps:0')
2024-02-03 18:18:45,871 - Classification Succeeds.
2024-02-03 18:18:45,872 - Link Generation Succeeds.
2024-02-03 18:19:21,837 - Victim node is 6684.
2024-02-03 18:19:21,838 - tensor([  903,  2361, 12019], device='mps:0')
2024-02-03 18:19:21,839 - Classification Succeeds.
2024-02-03 18:19:21,840 - Link Generation Fails.
2024-02-03 18:20:01,757 - Victim node is 10951.
2024-02-03 18:20:01,757 - tensor([ 1920,  5375, 19730], device='mps:0')
2024-02-03 18:20:01,759 - Classification Succeeds.
2024-02-03 18:20:01,760 - Link Generation Succeeds.
2024-02-03 18:20:41,166 - Victim node is 12056.
2024-02-03 18:20:41,166 - tensor([ 1920, 19718, 19724], device='mps:0')
2024-02-03 18:20:41,168 - Classification Succeeds.
2024-02-03 18:20:41,169 - Link Generation Succeeds.
2024-02-03 18:21:15,684 - Victim node is 8967.
2024-02-03 18:21:15,684 - tensor([  903,  4058, 11450], device='mps:0')
2024-02-03 18:21:15,686 - Classification Succeeds.
2024-02-03 18:21:15,687 - Link Generation Fails.
2024-02-03 18:21:56,054 - Victim node is 16611.
2024-02-03 18:21:56,054 - tensor([19722, 19734, 19735], device='mps:0')
2024-02-03 18:21:56,056 - Classification Fails.
2024-02-03 18:21:56,057 - Link Generation Succeeds.
2024-02-03 18:22:26,409 - Victim node is 5056.
2024-02-03 18:22:26,409 - tensor([ 1205, 12019, 19738], device='mps:0')
2024-02-03 18:22:26,411 - Classification Succeeds.
2024-02-03 18:22:26,411 - Link Generation Succeeds.
2024-02-03 18:22:59,293 - Victim node is 8480.
2024-02-03 18:22:59,293 - tensor([ 1920,  5375, 17194], device='mps:0')
2024-02-03 18:22:59,295 - Classification Succeeds.
2024-02-03 18:22:59,296 - Link Generation Fails.
2024-02-03 18:23:37,571 - Victim node is 8899.
2024-02-03 18:23:37,572 - tensor([ 1920,  5375, 15841], device='mps:0')
2024-02-03 18:23:37,573 - Classification Succeeds.
2024-02-03 18:23:37,574 - Link Generation Fails.
2024-02-03 18:24:09,867 - Victim node is 137.
2024-02-03 18:24:09,868 - tensor([19732, 19750, 19757], device='mps:0')
2024-02-03 18:24:09,869 - Classification Fails.
2024-02-03 18:24:09,870 - Link Generation Succeeds.
2024-02-03 18:24:52,304 - Victim node is 11394.
2024-02-03 18:24:52,305 - tensor([19735, 19740, 19838], device='mps:0')
2024-02-03 18:24:52,306 - Classification Fails.
2024-02-03 18:24:52,307 - Link Generation Succeeds.
2024-02-03 18:25:33,299 - Victim node is 4287.
2024-02-03 18:25:33,299 - tensor([15841, 19719, 19725], device='mps:0')
2024-02-03 18:25:33,301 - Classification Fails.
2024-02-03 18:25:33,301 - Link Generation Succeeds.
2024-02-03 18:26:13,782 - Victim node is 11630.
2024-02-03 18:26:13,782 - tensor([ 1205, 12019, 17019], device='mps:0')
2024-02-03 18:26:13,784 - Classification Succeeds.
2024-02-03 18:26:13,784 - Link Generation Fails.
2024-02-03 18:26:47,699 - Victim node is 1987.
2024-02-03 18:26:47,699 - tensor([ 1920,  8626, 12019], device='mps:0')
2024-02-03 18:26:47,700 - Classification Succeeds.
2024-02-03 18:26:47,701 - Link Generation Fails.
2024-02-03 18:27:21,851 - Victim node is 19097.
2024-02-03 18:27:21,851 - tensor([  903, 12019, 19818], device='mps:0')
2024-02-03 18:27:21,852 - Classification Succeeds.
2024-02-03 18:27:21,853 - Link Generation Succeeds.
2024-02-03 18:27:55,115 - Victim node is 19635.
2024-02-03 18:27:55,115 - tensor([19720, 19722, 19749], device='mps:0')
2024-02-03 18:27:55,117 - Classification Fails.
2024-02-03 18:27:55,117 - Link Generation Succeeds.
2024-02-03 18:28:35,980 - Victim node is 19061.
2024-02-03 18:28:35,980 - tensor([ 1205,  5467, 13940], device='mps:0')
2024-02-03 18:28:35,982 - Classification Succeeds.
2024-02-03 18:28:35,983 - Link Generation Fails.
2024-02-03 18:29:10,214 - Victim node is 8462.
2024-02-03 18:29:10,214 - tensor([ 1920, 12019, 19751], device='mps:0')
2024-02-03 18:29:10,216 - Classification Fails.
2024-02-03 18:29:10,216 - Link Generation Succeeds.
2024-02-03 18:29:50,718 - Victim node is 11473.
2024-02-03 18:29:50,718 - tensor([  903, 11894, 12019], device='mps:0')
2024-02-03 18:29:50,720 - Classification Succeeds.
2024-02-03 18:29:50,721 - Link Generation Fails.
2024-02-03 18:30:30,905 - Victim node is 8411.
2024-02-03 18:30:30,906 - tensor([ 7056, 19719, 19724], device='mps:0')
2024-02-03 18:30:30,907 - Classification Succeeds.
2024-02-03 18:30:30,908 - Link Generation Succeeds.
2024-02-03 18:31:11,816 - Victim node is 14670.
2024-02-03 18:31:11,816 - tensor([ 1205, 12019, 13940], device='mps:0')
2024-02-03 18:31:11,818 - Classification Fails.
2024-02-03 18:31:11,819 - Link Generation Fails.
2024-02-03 18:31:52,584 - Victim node is 3045.
2024-02-03 18:31:52,584 - tensor([ 1920,  7056, 14044], device='mps:0')
2024-02-03 18:31:52,586 - Classification Fails.
2024-02-03 18:31:52,587 - Link Generation Fails.
2024-02-03 18:32:32,822 - Victim node is 3608.
2024-02-03 18:32:32,822 - tensor([ 1920,  5375, 19728], device='mps:0')
2024-02-03 18:32:32,824 - Classification Fails.
2024-02-03 18:32:32,825 - Link Generation Succeeds.
2024-02-03 18:33:14,609 - Victim node is 15829.
2024-02-03 18:33:14,609 - tensor([19719, 19730, 19758], device='mps:0')
2024-02-03 18:33:14,611 - Classification Succeeds.
2024-02-03 18:33:14,611 - Link Generation Succeeds.
2024-02-03 18:33:48,311 - Victim node is 9764.
2024-02-03 18:33:48,311 - tensor([19737, 19738, 19753], device='mps:0')
2024-02-03 18:33:48,313 - Classification Succeeds.
2024-02-03 18:33:48,314 - Link Generation Succeeds.
2024-02-03 18:34:22,755 - Victim node is 16570.
2024-02-03 18:34:22,755 - tensor([ 1205, 13940, 14742], device='mps:0')
2024-02-03 18:34:22,757 - Classification Fails.
2024-02-03 18:34:22,757 - Link Generation Fails.
2024-02-03 18:35:03,192 - Victim node is 9899.
2024-02-03 18:35:03,192 - tensor([ 1920,  7056, 19733], device='mps:0')
2024-02-03 18:35:03,193 - Classification Fails.
2024-02-03 18:35:03,194 - Link Generation Succeeds.
2024-02-03 18:35:37,954 - Victim node is 5816.
2024-02-03 18:35:37,954 - tensor([19733, 19746, 19765], device='mps:0')
2024-02-03 18:35:37,955 - Classification Succeeds.
2024-02-03 18:35:37,956 - Link Generation Succeeds.
2024-02-03 18:36:17,461 - Victim node is 6935.
2024-02-03 18:36:17,462 - tensor([ 1920, 19726, 19733], device='mps:0')
2024-02-03 18:36:17,463 - Classification Succeeds.
2024-02-03 18:36:17,464 - Link Generation Succeeds.
2024-02-03 18:36:51,495 - Victim node is 14359.
2024-02-03 18:36:51,495 - tensor([19733, 19751, 19756], device='mps:0')
2024-02-03 18:36:51,497 - Classification Succeeds.
2024-02-03 18:36:51,498 - Link Generation Succeeds.
2024-02-03 18:37:25,428 - Victim node is 16414.
2024-02-03 18:37:25,428 - tensor([ 1920,  5375, 14893], device='mps:0')
2024-02-03 18:37:25,430 - Classification Fails.
2024-02-03 18:37:25,431 - Link Generation Fails.
2024-02-03 18:37:58,994 - Victim node is 3661.
2024-02-03 18:37:58,994 - tensor([19717, 19722, 19735], device='mps:0')
2024-02-03 18:37:58,996 - Classification Succeeds.
2024-02-03 18:37:58,996 - Link Generation Succeeds.
2024-02-03 18:38:40,086 - Victim node is 8064.
2024-02-03 18:38:40,086 - tensor([19724, 19732, 19738], device='mps:0')
2024-02-03 18:38:40,088 - Classification Fails.
2024-02-03 18:38:40,088 - Link Generation Succeeds.
2024-02-03 18:39:20,490 - Victim node is 13936.
2024-02-03 18:39:20,490 - tensor([19717, 19719, 19724], device='mps:0')
2024-02-03 18:39:20,492 - Classification Succeeds.
2024-02-03 18:39:20,492 - Link Generation Succeeds.
2024-02-03 18:39:56,675 - Victim node is 13549.
2024-02-03 18:39:56,675 - tensor([ 1205, 13940, 20024], device='mps:0')
2024-02-03 18:39:56,677 - Classification Succeeds.
2024-02-03 18:39:56,678 - Link Generation Succeeds.
2024-02-03 18:40:30,538 - Victim node is 13196.
2024-02-03 18:40:30,538 - tensor([ 1920, 19720, 19721], device='mps:0')
2024-02-03 18:40:30,540 - Classification Fails.
2024-02-03 18:40:30,541 - Link Generation Succeeds.
2024-02-03 18:41:10,604 - Victim node is 6839.
2024-02-03 18:41:10,604 - tensor([ 1205, 19719, 19725], device='mps:0')
2024-02-03 18:41:10,606 - Classification Fails.
2024-02-03 18:41:10,607 - Link Generation Succeeds.
2024-02-03 18:41:50,384 - Victim node is 8796.
2024-02-03 18:41:50,384 - tensor([19717, 19727, 19730], device='mps:0')
2024-02-03 18:41:50,385 - Classification Succeeds.
2024-02-03 18:41:50,386 - Link Generation Succeeds.
2024-02-03 18:42:30,421 - Victim node is 2609.
2024-02-03 18:42:30,421 - tensor([  903, 12019, 19740], device='mps:0')
2024-02-03 18:42:30,423 - Classification Fails.
2024-02-03 18:42:30,423 - Link Generation Succeeds.
2024-02-03 18:43:03,935 - Victim node is 18946.
2024-02-03 18:43:03,935 - tensor([  903,  1205, 12019], device='mps:0')
2024-02-03 18:43:03,937 - Classification Succeeds.
2024-02-03 18:43:03,937 - Link Generation Fails.
2024-02-03 18:43:43,915 - Victim node is 693.
2024-02-03 18:43:43,915 - tensor([ 1920, 19719, 19725], device='mps:0')
2024-02-03 18:43:43,917 - Classification Succeeds.
2024-02-03 18:43:43,917 - Link Generation Succeeds.
2024-02-03 18:44:23,833 - Victim node is 16708.
2024-02-03 18:44:23,833 - tensor([ 1205, 12019, 13940], device='mps:0')
2024-02-03 18:44:23,834 - Classification Succeeds.
2024-02-03 18:44:23,835 - Link Generation Fails.
2024-02-03 18:45:03,799 - Victim node is 13521.
2024-02-03 18:45:03,800 - tensor([19722, 19723, 19726], device='mps:0')
2024-02-03 18:45:03,801 - Classification Fails.
2024-02-03 18:45:03,802 - Link Generation Succeeds.
2024-02-03 18:45:37,593 - Victim node is 16071.
2024-02-03 18:45:37,593 - tensor([ 1205, 11816, 13940], device='mps:0')
2024-02-03 18:45:37,595 - Classification Fails.
2024-02-03 18:45:37,595 - Link Generation Fails.
2024-02-03 18:46:18,303 - Victim node is 18300.
2024-02-03 18:46:18,303 - tensor([19723, 19735, 19781], device='mps:0')
2024-02-03 18:46:18,304 - Classification Fails.
2024-02-03 18:46:18,305 - Link Generation Succeeds.
2024-02-03 18:46:52,366 - Victim node is 18416.
2024-02-03 18:46:52,366 - tensor([ 1205, 11816, 13940], device='mps:0')
2024-02-03 18:46:52,368 - Classification Fails.
2024-02-03 18:46:52,369 - Link Generation Fails.
2024-02-03 18:47:32,409 - Victim node is 4169.
2024-02-03 18:47:32,409 - tensor([ 1920, 14893, 19722], device='mps:0')
2024-02-03 18:47:32,411 - Classification Fails.
2024-02-03 18:47:32,411 - Link Generation Succeeds.
2024-02-03 18:48:05,756 - Victim node is 13801.
2024-02-03 18:48:05,756 - tensor([ 1205, 13940, 19812], device='mps:0')
2024-02-03 18:48:05,758 - Classification Succeeds.
2024-02-03 18:48:05,758 - Link Generation Succeeds.
2024-02-03 18:48:39,900 - Victim node is 17074.
2024-02-03 18:48:39,900 - tensor([19723, 19732, 19748], device='mps:0')
2024-02-03 18:48:39,902 - Classification Fails.
2024-02-03 18:48:39,902 - Link Generation Succeeds.
2024-02-03 18:49:15,558 - Victim node is 14431.
2024-02-03 18:49:15,559 - tensor([ 1920, 11024, 12019], device='mps:0')
2024-02-03 18:49:15,560 - Classification Succeeds.
2024-02-03 18:49:15,561 - Link Generation Fails.
2024-02-03 18:49:47,956 - Victim node is 10978.
2024-02-03 18:49:47,956 - tensor([19722, 19741, 19748], device='mps:0')
2024-02-03 18:49:47,958 - Classification Fails.
2024-02-03 18:49:47,958 - Link Generation Succeeds.
2024-02-03 18:50:20,026 - Victim node is 11455.
2024-02-03 18:50:20,026 - tensor([ 1205, 19728, 19743], device='mps:0')
2024-02-03 18:50:20,028 - Classification Fails.
2024-02-03 18:50:20,029 - Link Generation Succeeds.
2024-02-03 18:51:01,515 - Victim node is 12613.
2024-02-03 18:51:01,515 - tensor([19720, 19762, 19771], device='mps:0')
2024-02-03 18:51:01,517 - Classification Fails.
2024-02-03 18:51:01,517 - Link Generation Succeeds.
2024-02-03 18:51:38,968 - Victim node is 16966.
2024-02-03 18:51:38,968 - tensor([ 1205, 11816, 13940], device='mps:0')
2024-02-03 18:51:38,969 - Classification Succeeds.
2024-02-03 18:51:38,970 - Link Generation Fails.
2024-02-03 18:52:21,601 - Victim node is 3077.
2024-02-03 18:52:21,601 - tensor([ 7056, 19730, 19735], device='mps:0')
2024-02-03 18:52:21,602 - Classification Fails.
2024-02-03 18:52:21,603 - Link Generation Succeeds.
2024-02-03 18:52:54,405 - Victim node is 1238.
2024-02-03 18:52:54,405 - tensor([ 1920,  5375, 19722], device='mps:0')
2024-02-03 18:52:54,407 - Classification Fails.
2024-02-03 18:52:54,408 - Link Generation Succeeds.
2024-02-03 18:53:28,132 - Victim node is 15827.
2024-02-03 18:53:28,133 - tensor([ 1920,  5375, 14893], device='mps:0')
2024-02-03 18:53:28,134 - Classification Fails.
2024-02-03 18:53:28,135 - Link Generation Fails.
2024-02-03 18:54:09,116 - Victim node is 18229.
2024-02-03 18:54:09,117 - tensor([ 4058, 11450, 12019], device='mps:0')
2024-02-03 18:54:09,118 - Classification Succeeds.
2024-02-03 18:54:09,119 - Link Generation Fails.
2024-02-03 18:54:49,983 - Victim node is 3877.
2024-02-03 18:54:49,983 - tensor([ 7056, 19728, 19729], device='mps:0')
2024-02-03 18:54:49,985 - Classification Fails.
2024-02-03 18:54:49,985 - Link Generation Succeeds.
2024-02-03 18:55:23,909 - Victim node is 10492.
2024-02-03 18:55:23,909 - tensor([ 7056, 14044, 19726], device='mps:0')
2024-02-03 18:55:23,911 - Classification Fails.
2024-02-03 18:55:23,911 - Link Generation Succeeds.
2024-02-03 18:55:58,766 - Victim node is 6463.
2024-02-03 18:55:58,766 - tensor([ 1205, 19731, 19751], device='mps:0')
2024-02-03 18:55:58,768 - Classification Succeeds.
2024-02-03 18:55:58,769 - Link Generation Succeeds.
2024-02-03 18:56:39,856 - Victim node is 3298.
2024-02-03 18:56:39,856 - tensor([10857, 19748, 19776], device='mps:0')
2024-02-03 18:56:39,858 - Classification Fails.
2024-02-03 18:56:39,859 - Link Generation Succeeds.
2024-02-03 18:57:20,432 - Victim node is 14489.
2024-02-03 18:57:20,432 - tensor([19718, 19724, 19726], device='mps:0')
2024-02-03 18:57:20,433 - Classification Fails.
2024-02-03 18:57:20,434 - Link Generation Succeeds.
2024-02-03 18:57:54,262 - Victim node is 8718.
2024-02-03 18:57:54,263 - tensor([ 1920,  7056, 19724], device='mps:0')
2024-02-03 18:57:54,264 - Classification Succeeds.
2024-02-03 18:57:54,265 - Link Generation Succeeds.
2024-02-03 18:58:29,348 - Victim node is 8198.
2024-02-03 18:58:29,348 - tensor([19723, 19750, 19810], device='mps:0')
2024-02-03 18:58:29,350 - Classification Fails.
2024-02-03 18:58:29,350 - Link Generation Succeeds.
2024-02-03 18:59:10,378 - Victim node is 10661.
2024-02-03 18:59:10,378 - tensor([  903, 12019, 19768], device='mps:0')
2024-02-03 18:59:10,379 - Classification Succeeds.
2024-02-03 18:59:10,380 - Link Generation Succeeds.
2024-02-03 18:59:44,342 - Victim node is 8242.
2024-02-03 18:59:44,342 - tensor([ 7056, 15841, 19724], device='mps:0')
2024-02-03 18:59:44,344 - Classification Succeeds.
2024-02-03 18:59:44,345 - Link Generation Succeeds.
2024-02-03 19:00:25,203 - Victim node is 17093.
2024-02-03 19:00:25,203 - tensor([ 1205,  9471, 13940], device='mps:0')
2024-02-03 19:00:25,204 - Classification Fails.
2024-02-03 19:00:25,205 - Link Generation Fails.
2024-02-03 19:01:07,706 - Victim node is 3983.
2024-02-03 19:01:07,707 - tensor([  903,  8626, 12019], device='mps:0')
2024-02-03 19:01:07,708 - Classification Succeeds.
2024-02-03 19:01:07,709 - Link Generation Fails.
2024-02-03 19:01:41,352 - Victim node is 13432.
2024-02-03 19:01:41,352 - tensor([ 1205, 13940, 19723], device='mps:0')
2024-02-03 19:01:41,354 - Classification Succeeds.
2024-02-03 19:01:41,355 - Link Generation Succeeds.
2024-02-03 19:02:14,760 - Victim node is 8291.
2024-02-03 19:02:14,761 - tensor([ 1205, 12019, 13940], device='mps:0')
2024-02-03 19:02:14,762 - Classification Succeeds.
2024-02-03 19:02:14,763 - Link Generation Fails.
2024-02-03 19:02:49,305 - Victim node is 14527.
2024-02-03 19:02:49,305 - tensor([19717, 19722, 19723], device='mps:0')
2024-02-03 19:02:49,307 - Classification Fails.
2024-02-03 19:02:49,307 - Link Generation Succeeds.
2024-02-03 19:03:29,980 - Victim node is 14416.
2024-02-03 19:03:29,980 - tensor([19720, 19725, 19726], device='mps:0')
2024-02-03 19:03:29,982 - Classification Fails.
2024-02-03 19:03:29,982 - Link Generation Succeeds.
2024-02-03 19:04:04,861 - Victim node is 18071.
2024-02-03 19:04:04,861 - tensor([19718, 19729, 19755], device='mps:0')
2024-02-03 19:04:04,863 - Classification Succeeds.
2024-02-03 19:04:04,863 - Link Generation Succeeds.
2024-02-03 19:04:46,031 - Victim node is 9379.
2024-02-03 19:04:46,031 - tensor([19717, 19722, 19726], device='mps:0')
2024-02-03 19:04:46,032 - Classification Succeeds.
2024-02-03 19:04:46,033 - Link Generation Succeeds.
2024-02-03 19:05:20,521 - Victim node is 17417.
2024-02-03 19:05:20,521 - tensor([19717, 19722, 19725], device='mps:0')
2024-02-03 19:05:20,523 - Classification Fails.
2024-02-03 19:05:20,523 - Link Generation Succeeds.
2024-02-03 19:05:57,664 - Victim node is 8715.
2024-02-03 19:05:57,665 - tensor([11024, 19779, 19931], device='mps:0')
2024-02-03 19:05:57,666 - Classification Fails.
2024-02-03 19:05:57,667 - Link Generation Succeeds.
2024-02-03 19:06:32,424 - Victim node is 18283.
2024-02-03 19:06:32,424 - tensor([19723, 19725, 19743], device='mps:0')
2024-02-03 19:06:32,426 - Classification Succeeds.
2024-02-03 19:06:32,426 - Link Generation Succeeds.
2024-02-03 19:07:07,546 - Victim node is 6293.
2024-02-03 19:07:07,547 - tensor([11024, 11450, 12019], device='mps:0')
2024-02-03 19:07:07,548 - Classification Fails.
2024-02-03 19:07:07,549 - Link Generation Fails.
2024-02-03 19:07:49,309 - Victim node is 2988.
2024-02-03 19:07:49,309 - tensor([ 1205, 19729, 19768], device='mps:0')
2024-02-03 19:07:49,311 - Classification Succeeds.
2024-02-03 19:07:49,311 - Link Generation Succeeds.
2024-02-03 19:08:31,843 - Victim node is 10603.
2024-02-03 19:08:31,843 - tensor([19805, 19824, 19916], device='mps:0')
2024-02-03 19:08:31,845 - Classification Fails.
2024-02-03 19:08:31,845 - Link Generation Succeeds.
2024-02-03 19:09:07,671 - Victim node is 13525.
2024-02-03 19:09:07,672 - tensor([  903,  4058, 11894], device='mps:0')
2024-02-03 19:09:07,673 - Classification Fails.
2024-02-03 19:09:07,674 - Link Generation Fails.
2024-02-03 19:09:43,549 - Victim node is 11451.
2024-02-03 19:09:43,549 - tensor([19739, 19787, 19809], device='mps:0')
2024-02-03 19:09:43,551 - Classification Fails.
2024-02-03 19:09:43,551 - Link Generation Succeeds.
2024-02-03 19:10:17,469 - Victim node is 15863.
2024-02-03 19:10:17,470 - tensor([ 1920, 11024, 11450], device='mps:0')
2024-02-03 19:10:17,471 - Classification Succeeds.
2024-02-03 19:10:17,472 - Link Generation Fails.
2024-02-03 19:10:57,068 - Victim node is 7872.
2024-02-03 19:10:57,068 - tensor([19719, 19720, 19724], device='mps:0')
2024-02-03 19:10:57,071 - Classification Fails.
2024-02-03 19:10:57,071 - Link Generation Succeeds.
2024-02-03 19:11:30,545 - Victim node is 8836.
2024-02-03 19:11:30,545 - tensor([ 6794, 12019, 16214], device='mps:0')
2024-02-03 19:11:30,546 - Classification Succeeds.
2024-02-03 19:11:30,547 - Link Generation Fails.
2024-02-03 19:12:02,290 - Victim node is 4301.
2024-02-03 19:12:02,290 - tensor([ 7056, 19718, 19723], device='mps:0')
2024-02-03 19:12:02,292 - Classification Fails.
2024-02-03 19:12:02,293 - Link Generation Succeeds.
2024-02-03 19:12:36,744 - Victim node is 3413.
2024-02-03 19:12:36,744 - tensor([ 1205,  2361, 13940], device='mps:0')
2024-02-03 19:12:36,746 - Classification Fails.
2024-02-03 19:12:36,747 - Link Generation Fails.
2024-02-03 19:13:09,374 - Victim node is 5781.
2024-02-03 19:13:09,374 - tensor([19736, 19738, 19742], device='mps:0')
2024-02-03 19:13:09,376 - Classification Fails.
2024-02-03 19:13:09,376 - Link Generation Succeeds.
2024-02-03 19:13:49,259 - Victim node is 2024.
2024-02-03 19:13:49,260 - tensor([ 8626, 11024, 12019], device='mps:0')
2024-02-03 19:13:49,261 - Classification Succeeds.
2024-02-03 19:13:49,262 - Link Generation Fails.
2024-02-03 19:14:28,695 - Victim node is 3514.
2024-02-03 19:14:28,695 - tensor([ 1205, 19717, 19718], device='mps:0')
2024-02-03 19:14:28,697 - Classification Succeeds.
2024-02-03 19:14:28,697 - Link Generation Succeeds.
2024-02-03 19:15:12,155 - Victim node is 242.
2024-02-03 19:15:12,155 - tensor([ 1205,  5440, 13940], device='mps:0')
2024-02-03 19:15:12,157 - Classification Succeeds.
2024-02-03 19:15:12,157 - Link Generation Fails.
2024-02-03 19:15:52,660 - Victim node is 3650.
2024-02-03 19:15:52,661 - tensor([19725, 19726, 19727], device='mps:0')
2024-02-03 19:15:52,663 - Classification Succeeds.
2024-02-03 19:15:52,663 - Link Generation Succeeds.
2024-02-03 19:16:33,155 - Victim node is 13030.
2024-02-03 19:16:33,155 - tensor([ 1205, 12019, 13940], device='mps:0')
2024-02-03 19:16:33,157 - Classification Succeeds.
2024-02-03 19:16:33,158 - Link Generation Fails.
2024-02-03 19:17:03,995 - Victim node is 8264.
2024-02-03 19:17:03,995 - tensor([ 5375, 11024, 14893], device='mps:0')
2024-02-03 19:17:03,997 - Classification Succeeds.
2024-02-03 19:17:03,997 - Link Generation Fails.
2024-02-03 19:17:41,445 - Victim node is 6551.
2024-02-03 19:17:41,446 - tensor([ 1205, 13940, 19728], device='mps:0')
2024-02-03 19:17:41,447 - Classification Succeeds.
2024-02-03 19:17:41,448 - Link Generation Succeeds.
2024-02-03 19:18:13,951 - Victim node is 14836.
2024-02-03 19:18:13,951 - tensor([ 7056, 14044, 19726], device='mps:0')
2024-02-03 19:18:13,953 - Classification Fails.
2024-02-03 19:18:13,953 - Link Generation Succeeds.
2024-02-03 19:18:54,153 - Victim node is 11105.
2024-02-03 19:18:54,153 - tensor([ 1920,  5375, 14893], device='mps:0')
2024-02-03 19:18:54,155 - Classification Succeeds.
2024-02-03 19:18:54,156 - Link Generation Fails.
2024-02-03 19:19:34,143 - Victim node is 11643.
2024-02-03 19:19:34,143 - tensor([ 7056, 10857, 19728], device='mps:0')
2024-02-03 19:19:34,145 - Classification Fails.
2024-02-03 19:19:34,146 - Link Generation Succeeds.
2024-02-03 19:20:07,664 - Victim node is 19111.
2024-02-03 19:20:07,664 - tensor([ 1205,  6794, 12019], device='mps:0')
2024-02-03 19:20:07,665 - Classification Succeeds.
2024-02-03 19:20:07,666 - Link Generation Fails.
2024-02-03 19:20:47,072 - Victim node is 15916.
2024-02-03 19:20:47,072 - tensor([  903, 12019, 16214], device='mps:0')
2024-02-03 19:20:47,074 - Classification Succeeds.
2024-02-03 19:20:47,075 - Link Generation Fails.
2024-02-03 19:21:28,714 - Victim node is 18909.
2024-02-03 19:21:28,715 - tensor([  357,  1205, 13940], device='mps:0')
2024-02-03 19:21:28,716 - Classification Succeeds.
2024-02-03 19:21:28,717 - Link Generation Fails.
2024-02-03 19:22:03,061 - Victim node is 6116.
2024-02-03 19:22:03,061 - tensor([ 1205, 12019, 13940], device='mps:0')
2024-02-03 19:22:03,062 - Classification Succeeds.
2024-02-03 19:22:03,063 - Link Generation Fails.
2024-02-03 19:22:37,500 - Victim node is 15250.
2024-02-03 19:22:37,500 - tensor([ 1205, 13940, 19849], device='mps:0')
2024-02-03 19:22:37,501 - Classification Succeeds.
2024-02-03 19:22:37,502 - Link Generation Succeeds.
2024-02-03 19:23:12,465 - Victim node is 16538.
2024-02-03 19:23:12,465 - tensor([19743, 19778, 19781], device='mps:0')
2024-02-03 19:23:12,467 - Classification Fails.
2024-02-03 19:23:12,467 - Link Generation Succeeds.
2024-02-03 19:23:53,120 - Victim node is 14611.
2024-02-03 19:23:53,120 - tensor([16783, 19717, 19729], device='mps:0')
2024-02-03 19:23:53,122 - Classification Fails.
2024-02-03 19:23:53,122 - Link Generation Succeeds.
2024-02-03 19:24:27,542 - Victim node is 18332.
2024-02-03 19:24:27,542 - tensor([ 1920, 15841, 19717], device='mps:0')
2024-02-03 19:24:27,543 - Classification Succeeds.
2024-02-03 19:24:27,544 - Link Generation Succeeds.
2024-02-03 19:25:02,212 - Victim node is 5320.
2024-02-03 19:25:02,212 - tensor([  903, 12019, 19735], device='mps:0')
2024-02-03 19:25:02,214 - Classification Fails.
2024-02-03 19:25:02,215 - Link Generation Succeeds.
2024-02-03 19:25:43,603 - Victim node is 8673.
2024-02-03 19:25:43,603 - tensor([ 1205, 11816, 13940], device='mps:0')
2024-02-03 19:25:43,605 - Classification Fails.
2024-02-03 19:25:43,606 - Link Generation Fails.
2024-02-03 19:26:18,031 - Victim node is 9164.
2024-02-03 19:26:18,031 - tensor([ 5375,  7056, 19717], device='mps:0')
2024-02-03 19:26:18,032 - Classification Fails.
2024-02-03 19:26:18,033 - Link Generation Succeeds.
2024-02-03 19:27:00,616 - Victim node is 2209.
2024-02-03 19:27:00,616 - tensor([19726, 19727, 19731], device='mps:0')
2024-02-03 19:27:00,618 - Classification Fails.
2024-02-03 19:27:00,619 - Link Generation Succeeds.
2024-02-03 19:27:42,059 - Victim node is 4816.
2024-02-03 19:27:42,059 - tensor([19720, 19725, 19727], device='mps:0')
2024-02-03 19:27:42,061 - Classification Fails.
2024-02-03 19:27:42,061 - Link Generation Succeeds.
2024-02-03 19:28:24,228 - Victim node is 13709.
2024-02-03 19:28:24,228 - tensor([ 1205, 13940, 19723], device='mps:0')
2024-02-03 19:28:24,230 - Classification Succeeds.
2024-02-03 19:28:24,231 - Link Generation Succeeds.
2024-02-03 19:29:07,244 - Victim node is 13839.
2024-02-03 19:29:07,244 - tensor([ 1920,  7056, 18735], device='mps:0')
2024-02-03 19:29:07,246 - Classification Succeeds.
2024-02-03 19:29:07,246 - Link Generation Fails.
2024-02-03 19:29:49,064 - Victim node is 17345.
2024-02-03 19:29:49,065 - tensor([ 1205,  1920, 12019], device='mps:0')
2024-02-03 19:29:49,066 - Classification Succeeds.
2024-02-03 19:29:49,067 - Link Generation Fails.
2024-02-03 19:30:30,837 - Victim node is 9445.
2024-02-03 19:30:30,837 - tensor([ 1205, 11816, 13940], device='mps:0')
2024-02-03 19:30:30,838 - Classification Succeeds.
2024-02-03 19:30:30,839 - Link Generation Fails.
2024-02-03 19:31:05,325 - Victim node is 12567.
2024-02-03 19:31:05,325 - tensor([19724, 19729, 19749], device='mps:0')
2024-02-03 19:31:05,327 - Classification Succeeds.
2024-02-03 19:31:05,327 - Link Generation Succeeds.
2024-02-03 19:31:38,827 - Victim node is 5813.
2024-02-03 19:31:38,827 - tensor([19725, 19823, 19866], device='mps:0')
2024-02-03 19:31:38,829 - Classification Fails.
2024-02-03 19:31:38,829 - Link Generation Succeeds.
2024-02-03 19:32:20,415 - Victim node is 7145.
2024-02-03 19:32:20,415 - tensor([19718, 19722, 19728], device='mps:0')
2024-02-03 19:32:20,417 - Classification Succeeds.
2024-02-03 19:32:20,417 - Link Generation Succeeds.
2024-02-03 19:32:54,821 - Victim node is 7679.
2024-02-03 19:32:54,822 - tensor([ 1205, 11816, 13940], device='mps:0')
2024-02-03 19:32:54,823 - Classification Succeeds.
2024-02-03 19:32:54,824 - Link Generation Fails.
2024-02-03 19:33:29,506 - Victim node is 13698.
2024-02-03 19:33:29,506 - tensor([ 1205, 13940, 19732], device='mps:0')
2024-02-03 19:33:29,508 - Classification Succeeds.
2024-02-03 19:33:29,509 - Link Generation Succeeds.
2024-02-03 19:34:02,916 - Victim node is 17015.
2024-02-03 19:34:02,916 - tensor([  357,   903, 12019], device='mps:0')
2024-02-03 19:34:02,918 - Classification Succeeds.
2024-02-03 19:34:02,919 - Link Generation Fails.
2024-02-03 19:34:43,762 - Victim node is 15808.
2024-02-03 19:34:43,763 - tensor([  903,  4058, 12019], device='mps:0')
2024-02-03 19:34:43,765 - Classification Fails.
2024-02-03 19:34:43,765 - Link Generation Fails.
2024-02-03 19:35:15,489 - Victim node is 1703.
2024-02-03 19:35:15,489 - tensor([19717, 19718, 19720], device='mps:0')
2024-02-03 19:35:15,491 - Classification Succeeds.
2024-02-03 19:35:15,491 - Link Generation Succeeds.
2024-02-03 19:35:47,501 - Victim node is 1643.
2024-02-03 19:35:47,501 - tensor([  357,  1205, 12019], device='mps:0')
2024-02-03 19:35:47,503 - Classification Fails.
2024-02-03 19:35:47,504 - Link Generation Fails.
2024-02-03 19:36:21,456 - Victim node is 9859.
2024-02-03 19:36:21,457 - tensor([19718, 19723, 19733], device='mps:0')
2024-02-03 19:36:21,458 - Classification Fails.
2024-02-03 19:36:21,459 - Link Generation Succeeds.
2024-02-03 19:36:56,780 - Victim node is 10065.
2024-02-03 19:36:56,781 - tensor([ 5375, 11450, 12019], device='mps:0')
2024-02-03 19:36:56,783 - Classification Succeeds.
2024-02-03 19:36:56,784 - Link Generation Fails.
2024-02-03 19:37:28,672 - Victim node is 19173.
2024-02-03 19:37:28,673 - tensor([ 1205, 12019, 13940], device='mps:0')
2024-02-03 19:37:28,674 - Classification Succeeds.
2024-02-03 19:37:28,675 - Link Generation Fails.
2024-02-03 19:38:06,486 - Victim node is 11510.
2024-02-03 19:38:06,486 - tensor([ 7056, 19724, 19733], device='mps:0')
2024-02-03 19:38:06,488 - Classification Fails.
2024-02-03 19:38:06,489 - Link Generation Succeeds.
2024-02-03 19:38:44,161 - Victim node is 15396.
2024-02-03 19:38:44,161 - tensor([19725, 19732, 19733], device='mps:0')
2024-02-03 19:38:44,163 - Classification Succeeds.
2024-02-03 19:38:44,163 - Link Generation Succeeds.
2024-02-03 19:39:22,482 - Victim node is 6890.
2024-02-03 19:39:22,482 - tensor([ 1920, 19719, 19726], device='mps:0')
2024-02-03 19:39:22,484 - Classification Fails.
2024-02-03 19:39:22,484 - Link Generation Succeeds.
2024-02-03 19:40:01,114 - Victim node is 14533.
2024-02-03 19:40:01,114 - tensor([ 7056, 14044, 19723], device='mps:0')
2024-02-03 19:40:01,115 - Classification Succeeds.
2024-02-03 19:40:01,116 - Link Generation Succeeds.
2024-02-03 19:40:38,204 - Victim node is 12788.
2024-02-03 19:40:38,205 - tensor([ 1050, 15841, 19717], device='mps:0')
2024-02-03 19:40:38,206 - Classification Fails.
2024-02-03 19:40:38,207 - Link Generation Succeeds.
2024-02-03 19:41:08,948 - Victim node is 6096.
2024-02-03 19:41:08,948 - tensor([ 1920,  7056, 15841], device='mps:0')
2024-02-03 19:41:08,950 - Classification Fails.
2024-02-03 19:41:08,950 - Link Generation Fails.
2024-02-03 19:41:39,064 - Victim node is 1760.
2024-02-03 19:41:39,064 - tensor([ 1205, 11816, 13940], device='mps:0')
2024-02-03 19:41:39,066 - Classification Fails.
2024-02-03 19:41:39,066 - Link Generation Fails.
2024-02-03 19:42:20,073 - Victim node is 15620.
2024-02-03 19:42:20,073 - tensor([ 1205, 13940, 19925], device='mps:0')
2024-02-03 19:42:20,074 - Classification Succeeds.
2024-02-03 19:42:20,075 - Link Generation Succeeds.
2024-02-03 19:42:59,164 - Victim node is 9262.
2024-02-03 19:42:59,165 - tensor([ 5375, 11024, 12019], device='mps:0')
2024-02-03 19:42:59,167 - Classification Fails.
2024-02-03 19:42:59,167 - Link Generation Fails.
2024-02-03 19:43:36,967 - Victim node is 15179.
2024-02-03 19:43:36,967 - tensor([19730, 19735, 19739], device='mps:0')
2024-02-03 19:43:36,969 - Classification Fails.
2024-02-03 19:43:36,969 - Link Generation Succeeds.
2024-02-03 19:44:09,291 - Victim node is 11876.
2024-02-03 19:44:09,292 - tensor([19718, 19735, 19740], device='mps:0')
2024-02-03 19:44:09,294 - Classification Succeeds.
2024-02-03 19:44:09,295 - Link Generation Succeeds.
2024-02-03 19:44:40,118 - Victim node is 2713.
2024-02-03 19:44:40,119 - tensor([15841, 19717, 19718], device='mps:0')
2024-02-03 19:44:40,120 - Classification Fails.
2024-02-03 19:44:40,121 - Link Generation Succeeds.
2024-02-03 19:45:18,199 - Victim node is 10067.
2024-02-03 19:45:18,199 - tensor([  903,  4058, 12019], device='mps:0')
2024-02-03 19:45:18,201 - Classification Succeeds.
2024-02-03 19:45:18,202 - Link Generation Fails.
2024-02-03 19:45:58,059 - Victim node is 3907.
2024-02-03 19:45:58,059 - tensor([19730, 19771, 19779], device='mps:0')
2024-02-03 19:45:58,060 - Classification Succeeds.
2024-02-03 19:45:58,061 - Link Generation Succeeds.
2024-02-03 19:46:28,704 - Victim node is 8184.
2024-02-03 19:46:28,704 - tensor([  903, 12019, 19727], device='mps:0')
2024-02-03 19:46:28,706 - Classification Fails.
2024-02-03 19:46:28,707 - Link Generation Succeeds.
2024-02-03 19:47:00,741 - Victim node is 11878.
2024-02-03 19:47:00,741 - tensor([ 1205, 19727, 19730], device='mps:0')
2024-02-03 19:47:00,743 - Classification Succeeds.
2024-02-03 19:47:00,744 - Link Generation Succeeds.
2024-02-03 19:47:32,646 - Victim node is 6447.
2024-02-03 19:47:32,646 - tensor([19735, 19762, 19767], device='mps:0')
2024-02-03 19:47:32,648 - Classification Fails.
2024-02-03 19:47:32,648 - Link Generation Succeeds.
2024-02-03 19:48:04,288 - Victim node is 10758.
2024-02-03 19:48:04,288 - tensor([ 1205,  5440, 13940], device='mps:0')
2024-02-03 19:48:04,290 - Classification Succeeds.
2024-02-03 19:48:04,290 - Link Generation Fails.
2024-02-03 19:48:35,769 - Victim node is 18149.
2024-02-03 19:48:35,769 - tensor([  357,  1205, 13940], device='mps:0')
2024-02-03 19:48:35,771 - Classification Succeeds.
2024-02-03 19:48:35,771 - Link Generation Fails.
2024-02-03 19:49:07,985 - Victim node is 14879.
2024-02-03 19:49:07,985 - tensor([ 4058, 11450, 12019], device='mps:0')
2024-02-03 19:49:07,987 - Classification Fails.
2024-02-03 19:49:07,987 - Link Generation Fails.
2024-02-03 19:49:40,541 - Victim node is 1048.
2024-02-03 19:49:40,541 - tensor([19731, 19745, 19755], device='mps:0')
2024-02-03 19:49:40,543 - Classification Succeeds.
2024-02-03 19:49:40,543 - Link Generation Succeeds.
2024-02-03 19:50:18,866 - Victim node is 13112.
2024-02-03 19:50:18,866 - tensor([11024, 11450, 12019], device='mps:0')
2024-02-03 19:50:18,868 - Classification Fails.
2024-02-03 19:50:18,868 - Link Generation Fails.
2024-02-03 19:50:51,079 - Victim node is 17724.
2024-02-03 19:50:51,079 - tensor([  903,  8626, 12019], device='mps:0')
2024-02-03 19:50:51,081 - Classification Fails.
2024-02-03 19:50:51,082 - Link Generation Fails.
2024-02-03 19:51:22,150 - Victim node is 1392.
2024-02-03 19:51:22,150 - tensor([ 1205, 12019, 13940], device='mps:0')
2024-02-03 19:51:22,151 - Classification Succeeds.
2024-02-03 19:51:22,152 - Link Generation Fails.
2024-02-03 19:51:56,182 - Victim node is 12001.
2024-02-03 19:51:56,182 - tensor([19814, 19857, 19864], device='mps:0')
2024-02-03 19:51:56,184 - Classification Fails.
2024-02-03 19:51:56,184 - Link Generation Succeeds.
2024-02-03 19:52:25,911 - Victim node is 7895.
2024-02-03 19:52:25,911 - tensor([  903, 11894, 12019], device='mps:0')
2024-02-03 19:52:25,913 - Classification Succeeds.
2024-02-03 19:52:25,913 - Link Generation Fails.
2024-02-03 19:53:03,277 - Victim node is 3393.
2024-02-03 19:53:03,278 - tensor([ 1920, 19723, 19732], device='mps:0')
2024-02-03 19:53:03,280 - Classification Fails.
2024-02-03 19:53:03,280 - Link Generation Succeeds.
2024-02-03 19:53:40,947 - Victim node is 13880.
2024-02-03 19:53:40,947 - tensor([19719, 19725, 19729], device='mps:0')
2024-02-03 19:53:40,949 - Classification Fails.
2024-02-03 19:53:40,949 - Link Generation Succeeds.
2024-02-03 19:54:11,956 - Victim node is 9388.
2024-02-03 19:54:11,956 - tensor([ 1205, 11816, 13940], device='mps:0')
2024-02-03 19:54:11,958 - Classification Succeeds.
2024-02-03 19:54:11,959 - Link Generation Fails.
2024-02-03 19:54:43,719 - Victim node is 513.
2024-02-03 19:54:43,719 - tensor([ 1920, 15841, 19719], device='mps:0')
2024-02-03 19:54:43,721 - Classification Succeeds.
2024-02-03 19:54:43,721 - Link Generation Succeeds.
2024-02-03 19:55:20,598 - Victim node is 5244.
2024-02-03 19:55:20,598 - tensor([19724, 19728, 19734], device='mps:0')
2024-02-03 19:55:20,600 - Classification Fails.
2024-02-03 19:55:20,600 - Link Generation Succeeds.
2024-02-03 19:55:53,341 - Victim node is 3480.
2024-02-03 19:55:53,341 - tensor([  903,  4058, 11894], device='mps:0')
2024-02-03 19:55:53,343 - Classification Succeeds.
2024-02-03 19:55:53,343 - Link Generation Fails.
2024-02-03 19:56:30,619 - Victim node is 2698.
2024-02-03 19:56:30,619 - tensor([ 1205, 12019, 13940], device='mps:0')
2024-02-03 19:56:30,621 - Classification Fails.
2024-02-03 19:56:30,621 - Link Generation Fails.
2024-02-03 19:57:09,246 - Victim node is 16899.
2024-02-03 19:57:09,247 - tensor([  903, 11894, 12019], device='mps:0')
2024-02-03 19:57:09,248 - Classification Succeeds.
2024-02-03 19:57:09,249 - Link Generation Fails.
2024-02-03 19:57:44,787 - Victim node is 3046.
2024-02-03 19:57:44,787 - tensor([19719, 19721, 19739], device='mps:0')
2024-02-03 19:57:44,789 - Classification Fails.
2024-02-03 19:57:44,789 - Link Generation Succeeds.
2024-02-03 19:58:22,088 - Victim node is 13896.
2024-02-03 19:58:22,088 - tensor([ 1920,  7056, 14893], device='mps:0')
2024-02-03 19:58:22,090 - Classification Succeeds.
2024-02-03 19:58:22,091 - Link Generation Fails.
2024-02-03 19:58:58,476 - Victim node is 12074.
2024-02-03 19:58:58,477 - tensor([19752, 19772, 19774], device='mps:0')
2024-02-03 19:58:58,478 - Classification Succeeds.
2024-02-03 19:58:58,479 - Link Generation Succeeds.
2024-02-03 19:59:29,135 - Victim node is 13092.
2024-02-03 19:59:29,135 - tensor([ 1205,  5467, 13940], device='mps:0')
2024-02-03 19:59:29,136 - Classification Succeeds.
2024-02-03 19:59:29,137 - Link Generation Fails.
2024-02-03 20:00:03,735 - Victim node is 17487.
2024-02-03 20:00:03,735 - tensor([  903, 11894, 12019], device='mps:0')
2024-02-03 20:00:03,737 - Classification Succeeds.
2024-02-03 20:00:03,738 - Link Generation Fails.
2024-02-03 20:00:34,774 - Victim node is 18388.
2024-02-03 20:00:34,775 - tensor([  903,  1205, 12019], device='mps:0')
2024-02-03 20:00:34,776 - Classification Succeeds.
2024-02-03 20:00:34,777 - Link Generation Fails.
2024-02-03 20:01:06,891 - Victim node is 5408.
2024-02-03 20:01:06,892 - tensor([ 5375, 11024, 11450], device='mps:0')
2024-02-03 20:01:06,893 - Classification Succeeds.
2024-02-03 20:01:06,894 - Link Generation Fails.
2024-02-03 20:01:40,264 - Victim node is 10105.
2024-02-03 20:01:40,264 - tensor([  903, 11894, 12019], device='mps:0')
2024-02-03 20:01:40,266 - Classification Succeeds.
2024-02-03 20:01:40,267 - Link Generation Fails.
2024-02-03 20:02:13,784 - Victim node is 3169.
2024-02-03 20:02:13,785 - tensor([ 1920,  7056, 19720], device='mps:0')
2024-02-03 20:02:13,786 - Classification Succeeds.
2024-02-03 20:02:13,787 - Link Generation Succeeds.
2024-02-03 20:02:52,412 - Victim node is 2026.
2024-02-03 20:02:52,412 - tensor([ 1920,  7056, 19728], device='mps:0')
2024-02-03 20:02:52,414 - Classification Fails.
2024-02-03 20:02:52,415 - Link Generation Succeeds.
2024-02-03 20:03:22,784 - Victim node is 9619.
2024-02-03 20:03:22,784 - tensor([ 1920,  2361, 12019], device='mps:0')
2024-02-03 20:03:22,786 - Classification Succeeds.
2024-02-03 20:03:22,786 - Link Generation Fails.
2024-02-03 20:03:53,213 - Victim node is 19440.
2024-02-03 20:03:53,213 - tensor([ 1920, 19720, 19721], device='mps:0')
2024-02-03 20:03:53,215 - Classification Succeeds.
2024-02-03 20:03:53,215 - Link Generation Succeeds.
2024-02-03 20:04:22,862 - Victim node is 12835.
2024-02-03 20:04:22,862 - tensor([ 7056, 15841, 19727], device='mps:0')
2024-02-03 20:04:22,864 - Classification Fails.
2024-02-03 20:04:22,864 - Link Generation Succeeds.
2024-02-03 20:04:56,105 - Victim node is 7889.
2024-02-03 20:04:56,105 - tensor([19740, 19741, 19749], device='mps:0')
2024-02-03 20:04:56,107 - Classification Fails.
2024-02-03 20:04:56,107 - Link Generation Succeeds.
2024-02-03 20:05:29,163 - Victim node is 8857.
2024-02-03 20:05:29,164 - tensor([  903, 11894, 12019], device='mps:0')
2024-02-03 20:05:29,165 - Classification Fails.
2024-02-03 20:05:29,166 - Link Generation Fails.
2024-02-03 20:06:03,493 - Victim node is 2645.
2024-02-03 20:06:03,493 - tensor([ 1205, 19732, 19911], device='mps:0')
2024-02-03 20:06:03,495 - Classification Fails.
2024-02-03 20:06:03,496 - Link Generation Succeeds.
2024-02-03 20:06:43,603 - Victim node is 1607.
2024-02-03 20:06:43,603 - tensor([19725, 19755, 19784], device='mps:0')
2024-02-03 20:06:43,604 - Classification Fails.
2024-02-03 20:06:43,605 - Link Generation Succeeds.
2024-02-03 20:07:19,777 - Victim node is 17160.
2024-02-03 20:07:19,777 - tensor([ 7056, 19739, 19743], device='mps:0')
2024-02-03 20:07:19,779 - Classification Succeeds.
2024-02-03 20:07:19,779 - Link Generation Succeeds.
2024-02-03 20:07:52,400 - Victim node is 9993.
2024-02-03 20:07:52,400 - tensor([ 5375, 11024, 12019], device='mps:0')
2024-02-03 20:07:52,402 - Classification Fails.
2024-02-03 20:07:52,402 - Link Generation Fails.
2024-02-03 20:08:31,419 - Victim node is 9437.
2024-02-03 20:08:31,419 - tensor([ 1205, 19734, 19758], device='mps:0')
2024-02-03 20:08:31,420 - Classification Succeeds.
2024-02-03 20:08:31,421 - Link Generation Succeeds.
2024-02-03 20:09:11,267 - Victim node is 9875.
2024-02-03 20:09:11,267 - tensor([ 7056, 19722, 19727], device='mps:0')
2024-02-03 20:09:11,269 - Classification Succeeds.
2024-02-03 20:09:11,269 - Link Generation Succeeds.
2024-02-03 20:09:48,552 - Victim node is 906.
2024-02-03 20:09:48,552 - tensor([  357,  1205, 12019], device='mps:0')
2024-02-03 20:09:48,554 - Classification Fails.
2024-02-03 20:09:48,555 - Link Generation Fails.
2024-02-03 20:10:21,120 - Victim node is 9275.
2024-02-03 20:10:21,120 - tensor([ 1205, 11816, 13940], device='mps:0')
2024-02-03 20:10:21,122 - Classification Succeeds.
2024-02-03 20:10:21,122 - Link Generation Fails.
2024-02-03 20:10:58,968 - Victim node is 13847.
2024-02-03 20:10:58,968 - tensor([ 1205, 19719, 19725], device='mps:0')
2024-02-03 20:10:58,970 - Classification Fails.
2024-02-03 20:10:58,970 - Link Generation Succeeds.
2024-02-03 20:11:31,490 - Victim node is 12159.
2024-02-03 20:11:31,490 - tensor([ 1205,  9471, 13940], device='mps:0')
2024-02-03 20:11:31,492 - Classification Succeeds.
2024-02-03 20:11:31,493 - Link Generation Fails.
2024-02-03 20:12:02,763 - Victim node is 4629.
2024-02-03 20:12:02,763 - tensor([19717, 19731, 19741], device='mps:0')
2024-02-03 20:12:02,765 - Classification Succeeds.
2024-02-03 20:12:02,765 - Link Generation Succeeds.
2024-02-03 20:12:34,079 - Victim node is 18686.
2024-02-03 20:12:34,080 - tensor([19720, 19722, 19723], device='mps:0')
2024-02-03 20:12:34,081 - Classification Fails.
2024-02-03 20:12:34,082 - Link Generation Succeeds.
2024-02-03 20:13:14,224 - Victim node is 6470.
2024-02-03 20:13:14,224 - tensor([ 1205, 19754, 19755], device='mps:0')
2024-02-03 20:13:14,226 - Classification Fails.
2024-02-03 20:13:14,226 - Link Generation Succeeds.
2024-02-03 20:13:46,215 - Victim node is 7500.
2024-02-03 20:13:46,215 - tensor([  903,  1205, 12019], device='mps:0')
2024-02-03 20:13:46,217 - Classification Succeeds.
2024-02-03 20:13:46,218 - Link Generation Fails.
2024-02-03 20:14:19,739 - Victim node is 4329.
2024-02-03 20:14:19,739 - tensor([ 7056, 19722, 19732], device='mps:0')
2024-02-03 20:14:19,741 - Classification Succeeds.
2024-02-03 20:14:19,741 - Link Generation Succeeds.
2024-02-03 20:14:52,157 - Victim node is 4738.
2024-02-03 20:14:52,157 - tensor([ 1920,  5375, 15841], device='mps:0')
2024-02-03 20:14:52,158 - Classification Succeeds.
2024-02-03 20:14:52,159 - Link Generation Fails.
2024-02-03 20:15:31,845 - Victim node is 565.
2024-02-03 20:15:31,845 - tensor([19719, 19724, 19726], device='mps:0')
2024-02-03 20:15:31,847 - Classification Fails.
2024-02-03 20:15:31,847 - Link Generation Succeeds.
2024-02-03 20:16:03,054 - Victim node is 1834.
2024-02-03 20:16:03,054 - tensor([ 1920, 15841, 19721], device='mps:0')
2024-02-03 20:16:03,056 - Classification Succeeds.
2024-02-03 20:16:03,056 - Link Generation Succeeds.
2024-02-03 20:16:37,600 - Victim node is 10992.
2024-02-03 20:16:37,601 - tensor([  357,  1205, 13940], device='mps:0')
2024-02-03 20:16:37,602 - Classification Succeeds.
2024-02-03 20:16:37,603 - Link Generation Fails.
2024-02-03 20:17:10,303 - Victim node is 6213.
2024-02-03 20:17:10,303 - tensor([  903, 12019, 19743], device='mps:0')
2024-02-03 20:17:10,304 - Classification Fails.
2024-02-03 20:17:10,305 - Link Generation Succeeds.
2024-02-03 20:17:41,299 - Victim node is 17173.
2024-02-03 20:17:41,300 - tensor([19731, 19733, 19757], device='mps:0')
2024-02-03 20:17:41,302 - Classification Fails.
2024-02-03 20:17:41,302 - Link Generation Succeeds.
2024-02-03 20:18:15,071 - Victim node is 787.
2024-02-03 20:18:15,071 - tensor([ 1205, 11816, 13940], device='mps:0')
2024-02-03 20:18:15,074 - Classification Fails.
2024-02-03 20:18:15,074 - Link Generation Fails.
2024-02-03 20:18:46,896 - Victim node is 13141.
2024-02-03 20:18:46,896 - tensor([19736, 19747, 19754], device='mps:0')
2024-02-03 20:18:46,898 - Classification Succeeds.
2024-02-03 20:18:46,898 - Link Generation Succeeds.
2024-02-03 20:19:17,318 - Victim node is 18536.
2024-02-03 20:19:17,318 - tensor([ 7056, 19718, 19722], device='mps:0')
2024-02-03 20:19:17,319 - Classification Succeeds.
2024-02-03 20:19:17,320 - Link Generation Succeeds.
2024-02-03 20:19:48,222 - Victim node is 3428.
2024-02-03 20:19:48,222 - tensor([19729, 19736, 19751], device='mps:0')
2024-02-03 20:19:48,223 - Classification Succeeds.
2024-02-03 20:19:48,224 - Link Generation Succeeds.
2024-02-03 20:20:27,596 - Victim node is 11127.
2024-02-03 20:20:27,597 - tensor([19717, 19727, 19729], device='mps:0')
2024-02-03 20:20:27,598 - Classification Succeeds.
2024-02-03 20:20:27,599 - Link Generation Succeeds.
2024-02-03 20:21:04,704 - Victim node is 13648.
2024-02-03 20:21:04,704 - tensor([ 1920, 11450, 12019], device='mps:0')
2024-02-03 20:21:04,706 - Classification Succeeds.
2024-02-03 20:21:04,706 - Link Generation Fails.
2024-02-03 20:21:42,857 - Victim node is 8101.
2024-02-03 20:21:42,857 - tensor([19725, 19737, 19741], device='mps:0')
2024-02-03 20:21:42,859 - Classification Fails.
2024-02-03 20:21:42,859 - Link Generation Succeeds.
2024-02-03 20:22:15,354 - Victim node is 9382.
2024-02-03 20:22:15,354 - tensor([19718, 19740, 19746], device='mps:0')
2024-02-03 20:22:15,356 - Classification Succeeds.
2024-02-03 20:22:15,356 - Link Generation Succeeds.
2024-02-03 20:22:55,037 - Victim node is 6994.
2024-02-03 20:22:55,037 - tensor([  903,  1205, 12019], device='mps:0')
2024-02-03 20:22:55,039 - Classification Succeeds.
2024-02-03 20:22:55,040 - Link Generation Fails.
2024-02-03 20:23:26,965 - Victim node is 676.
2024-02-03 20:23:26,965 - tensor([19719, 19723, 19725], device='mps:0')
2024-02-03 20:23:26,966 - Classification Fails.
2024-02-03 20:23:26,967 - Link Generation Succeeds.
2024-02-03 20:23:59,298 - Victim node is 9803.
2024-02-03 20:23:59,298 - tensor([11450, 12019, 19726], device='mps:0')
2024-02-03 20:23:59,300 - Classification Fails.
2024-02-03 20:23:59,301 - Link Generation Succeeds.
2024-02-03 20:24:29,614 - Victim node is 6259.
2024-02-03 20:24:29,614 - tensor([11024, 19764, 19790], device='mps:0')
2024-02-03 20:24:29,616 - Classification Succeeds.
2024-02-03 20:24:29,616 - Link Generation Succeeds.
2024-02-03 20:25:01,728 - Victim node is 17685.
2024-02-03 20:25:01,728 - tensor([ 1205, 11816, 19750], device='mps:0')
2024-02-03 20:25:01,730 - Classification Fails.
2024-02-03 20:25:01,731 - Link Generation Succeeds.
2024-02-03 20:25:33,763 - Victim node is 4378.
2024-02-03 20:25:33,763 - tensor([19723, 19742, 19748], device='mps:0')
2024-02-03 20:25:33,765 - Classification Fails.
2024-02-03 20:25:33,765 - Link Generation Succeeds.
2024-02-03 20:26:06,779 - Victim node is 13071.
2024-02-03 20:26:06,779 - tensor([ 1920,  5375, 15841], device='mps:0')
2024-02-03 20:26:06,780 - Classification Fails.
2024-02-03 20:26:06,781 - Link Generation Fails.
2024-02-03 20:26:38,135 - Victim node is 6867.
2024-02-03 20:26:38,135 - tensor([  357,  1205, 13940], device='mps:0')
2024-02-03 20:26:38,137 - Classification Fails.
2024-02-03 20:26:38,137 - Link Generation Fails.
2024-02-03 20:27:09,787 - Victim node is 13764.
2024-02-03 20:27:09,787 - tensor([  903, 11450, 12019], device='mps:0')
2024-02-03 20:27:09,788 - Classification Succeeds.
2024-02-03 20:27:09,789 - Link Generation Fails.
2024-02-03 20:27:47,322 - Victim node is 9697.
2024-02-03 20:27:47,322 - tensor([ 1205, 11816, 13940], device='mps:0')
2024-02-03 20:27:47,324 - Classification Fails.
2024-02-03 20:27:47,324 - Link Generation Fails.
2024-02-03 20:28:19,291 - Victim node is 10644.
2024-02-03 20:28:19,291 - tensor([ 1920, 15841, 19723], device='mps:0')
2024-02-03 20:28:19,292 - Classification Fails.
2024-02-03 20:28:19,293 - Link Generation Succeeds.
2024-02-03 20:28:49,890 - Victim node is 4864.
2024-02-03 20:28:49,890 - tensor([19725, 19733, 19755], device='mps:0')
2024-02-03 20:28:49,891 - Classification Succeeds.
2024-02-03 20:28:49,892 - Link Generation Succeeds.
2024-02-03 20:29:20,504 - Victim node is 6432.
2024-02-03 20:29:20,504 - tensor([19718, 19719, 19727], device='mps:0')
2024-02-03 20:29:20,506 - Classification Fails.
2024-02-03 20:29:20,506 - Link Generation Succeeds.
2024-02-03 20:29:57,791 - Victim node is 5635.
2024-02-03 20:29:57,791 - tensor([ 1920,  7056, 14893], device='mps:0')
2024-02-03 20:29:57,793 - Classification Fails.
2024-02-03 20:29:57,794 - Link Generation Fails.
2024-02-03 20:30:37,801 - Victim node is 7418.
2024-02-03 20:30:37,801 - tensor([  903,  1205, 12019], device='mps:0')
2024-02-03 20:30:37,803 - Classification Succeeds.
2024-02-03 20:30:37,804 - Link Generation Fails.
2024-02-03 20:31:14,127 - Victim node is 4548.
2024-02-03 20:31:14,127 - tensor([ 1920,  7056, 14044], device='mps:0')
2024-02-03 20:31:14,128 - Classification Fails.
2024-02-03 20:31:14,129 - Link Generation Fails.
2024-02-03 20:31:47,615 - Victim node is 18443.
2024-02-03 20:31:47,616 - tensor([ 7056, 19721, 19725], device='mps:0')
2024-02-03 20:31:47,617 - Classification Fails.
2024-02-03 20:31:47,618 - Link Generation Succeeds.
2024-02-03 20:32:27,192 - Victim node is 3468.
2024-02-03 20:32:27,192 - tensor([ 1920, 19737, 19748], device='mps:0')
2024-02-03 20:32:27,194 - Classification Succeeds.
2024-02-03 20:32:27,194 - Link Generation Succeeds.
2024-02-03 20:32:58,444 - Victim node is 10358.
2024-02-03 20:32:58,444 - tensor([19733, 19738, 19742], device='mps:0')
2024-02-03 20:32:58,445 - Classification Succeeds.
2024-02-03 20:32:58,446 - Link Generation Succeeds.
2024-02-03 20:33:29,553 - Victim node is 18197.
2024-02-03 20:33:29,553 - tensor([ 1205, 19722, 19743], device='mps:0')
2024-02-03 20:33:29,555 - Classification Fails.
2024-02-03 20:33:29,555 - Link Generation Succeeds.
2024-02-03 20:34:06,216 - Victim node is 18007.
2024-02-03 20:34:06,216 - tensor([19717, 19719, 19723], device='mps:0')
2024-02-03 20:34:06,218 - Classification Fails.
2024-02-03 20:34:06,218 - Link Generation Succeeds.
2024-02-03 20:34:36,652 - Victim node is 6682.
2024-02-03 20:34:36,652 - tensor([ 7056, 19722, 19723], device='mps:0')
2024-02-03 20:34:36,653 - Classification Fails.
2024-02-03 20:34:36,654 - Link Generation Succeeds.
2024-02-03 20:35:06,598 - Victim node is 9761.
2024-02-03 20:35:06,598 - tensor([ 1920, 19720, 19724], device='mps:0')
2024-02-03 20:35:06,600 - Classification Succeeds.
2024-02-03 20:35:06,600 - Link Generation Succeeds.
2024-02-03 20:35:37,577 - Victim node is 13969.
2024-02-03 20:35:37,578 - tensor([ 1205, 13940, 19751], device='mps:0')
2024-02-03 20:35:37,579 - Classification Succeeds.
2024-02-03 20:35:37,580 - Link Generation Succeeds.
2024-02-03 20:36:07,902 - Victim node is 19238.
2024-02-03 20:36:07,902 - tensor([ 5467, 13940, 19728], device='mps:0')
2024-02-03 20:36:07,903 - Classification Fails.
2024-02-03 20:36:07,904 - Link Generation Succeeds.
2024-02-03 20:36:44,447 - Victim node is 18764.
2024-02-03 20:36:44,447 - tensor([ 357,  903, 1205], device='mps:0')
2024-02-03 20:36:44,448 - Classification Succeeds.
2024-02-03 20:36:44,449 - Link Generation Fails.
2024-02-03 20:37:15,030 - Victim node is 11708.
2024-02-03 20:37:15,030 - tensor([ 1920,  5375, 17194], device='mps:0')
2024-02-03 20:37:15,032 - Classification Fails.
2024-02-03 20:37:15,033 - Link Generation Fails.
2024-02-03 20:37:45,182 - Victim node is 12665.
2024-02-03 20:37:45,182 - tensor([19719, 19720, 19724], device='mps:0')
2024-02-03 20:37:45,183 - Classification Succeeds.
2024-02-03 20:37:45,184 - Link Generation Succeeds.
2024-02-03 20:38:25,167 - Victim node is 11013.
2024-02-03 20:38:25,167 - tensor([12019, 13940, 19930], device='mps:0')
2024-02-03 20:38:25,169 - Classification Succeeds.
2024-02-03 20:38:25,169 - Link Generation Succeeds.
2024-02-03 20:38:55,178 - Victim node is 2822.
2024-02-03 20:38:55,178 - tensor([ 1205, 13940, 19724], device='mps:0')
2024-02-03 20:38:55,180 - Classification Succeeds.
2024-02-03 20:38:55,181 - Link Generation Succeeds.
2024-02-03 20:39:32,749 - Victim node is 6331.
2024-02-03 20:39:32,749 - tensor([19724, 19741, 19764], device='mps:0')
2024-02-03 20:39:32,750 - Classification Succeeds.
2024-02-03 20:39:32,751 - Link Generation Succeeds.
2024-02-03 20:40:04,352 - Victim node is 3665.
2024-02-03 20:40:04,352 - tensor([19759, 19772, 19807], device='mps:0')
2024-02-03 20:40:04,354 - Classification Succeeds.
2024-02-03 20:40:04,354 - Link Generation Succeeds.
2024-02-03 20:40:35,305 - Victim node is 33.
2024-02-03 20:40:35,305 - tensor([ 1205,  2361, 12019], device='mps:0')
2024-02-03 20:40:35,307 - Classification Succeeds.
2024-02-03 20:40:35,308 - Link Generation Fails.
2024-02-03 20:41:11,899 - Victim node is 19362.
2024-02-03 20:41:11,899 - tensor([  903,  1683, 12019], device='mps:0')
2024-02-03 20:41:11,901 - Classification Fails.
2024-02-03 20:41:11,901 - Link Generation Fails.
2024-02-03 20:41:41,910 - Victim node is 3221.
2024-02-03 20:41:41,910 - tensor([  357,  1205, 12019], device='mps:0')
2024-02-03 20:41:41,912 - Classification Succeeds.
2024-02-03 20:41:41,912 - Link Generation Fails.
2024-02-03 20:42:12,182 - Victim node is 15310.
2024-02-03 20:42:12,182 - tensor([ 1205, 13940, 19726], device='mps:0')
2024-02-03 20:42:12,183 - Classification Succeeds.
2024-02-03 20:42:12,184 - Link Generation Succeeds.
2024-02-03 20:42:50,464 - Victim node is 13350.
2024-02-03 20:42:50,464 - tensor([ 7056, 19717, 19719], device='mps:0')
2024-02-03 20:42:50,466 - Classification Fails.
2024-02-03 20:42:50,466 - Link Generation Succeeds.
2024-02-03 20:43:20,634 - Victim node is 11325.
2024-02-03 20:43:20,634 - tensor([19718, 19720, 19724], device='mps:0')
2024-02-03 20:43:20,636 - Classification Fails.
2024-02-03 20:43:20,636 - Link Generation Succeeds.
2024-02-03 20:43:50,493 - Victim node is 1393.
2024-02-03 20:43:50,493 - tensor([19718, 19719, 19726], device='mps:0')
2024-02-03 20:43:50,495 - Classification Fails.
2024-02-03 20:43:50,495 - Link Generation Succeeds.
2024-02-03 20:44:21,039 - Victim node is 15349.
2024-02-03 20:44:21,039 - tensor([ 1920, 19733, 19740], device='mps:0')
2024-02-03 20:44:21,041 - Classification Succeeds.
2024-02-03 20:44:21,041 - Link Generation Succeeds.
2024-02-03 20:44:51,638 - Victim node is 5551.
2024-02-03 20:44:51,638 - tensor([ 1920, 19718, 19720], device='mps:0')
2024-02-03 20:44:51,640 - Classification Succeeds.
2024-02-03 20:44:51,641 - Link Generation Succeeds.
2024-02-03 20:45:22,588 - Victim node is 8177.
2024-02-03 20:45:22,589 - tensor([ 7056, 19722, 19742], device='mps:0')
2024-02-03 20:45:22,590 - Classification Fails.
2024-02-03 20:45:22,591 - Link Generation Succeeds.
2024-02-03 20:46:00,198 - Victim node is 17530.
2024-02-03 20:46:00,198 - tensor([19726, 19759, 19760], device='mps:0')
2024-02-03 20:46:00,200 - Classification Fails.
2024-02-03 20:46:00,200 - Link Generation Succeeds.
2024-02-03 20:46:30,596 - Victim node is 17108.
2024-02-03 20:46:30,596 - tensor([ 1920, 19723, 19725], device='mps:0')
2024-02-03 20:46:30,598 - Classification Succeeds.
2024-02-03 20:46:30,599 - Link Generation Succeeds.
2024-02-03 20:47:08,322 - Victim node is 17220.
2024-02-03 20:47:08,322 - tensor([ 7056,  7666, 10857], device='mps:0')
2024-02-03 20:47:08,324 - Classification Fails.
2024-02-03 20:47:08,325 - Link Generation Fails.
2024-02-03 20:47:42,636 - Victim node is 8822.
2024-02-03 20:47:42,636 - tensor([ 1205,  5467, 13940], device='mps:0')
2024-02-03 20:47:42,637 - Classification Succeeds.
2024-02-03 20:47:42,638 - Link Generation Fails.
2024-02-03 20:48:14,875 - Victim node is 6157.
2024-02-03 20:48:14,875 - tensor([19726, 19727, 19760], device='mps:0')
2024-02-03 20:48:14,877 - Classification Fails.
2024-02-03 20:48:14,877 - Link Generation Succeeds.
2024-02-03 20:48:47,543 - Victim node is 9601.
2024-02-03 20:48:47,544 - tensor([19719, 19720, 19722], device='mps:0')
2024-02-03 20:48:47,545 - Classification Fails.
2024-02-03 20:48:47,546 - Link Generation Succeeds.
2024-02-03 20:49:26,066 - Victim node is 17973.
2024-02-03 20:49:26,066 - tensor([19717, 19726, 19730], device='mps:0')
2024-02-03 20:49:26,068 - Classification Fails.
2024-02-03 20:49:26,069 - Link Generation Succeeds.
2024-02-03 20:49:58,876 - Victim node is 10322.
2024-02-03 20:49:58,876 - tensor([  903, 11894, 12019], device='mps:0')
2024-02-03 20:49:58,878 - Classification Succeeds.
2024-02-03 20:49:58,879 - Link Generation Fails.
2024-02-03 20:50:30,854 - Victim node is 8018.
2024-02-03 20:50:30,854 - tensor([19718, 19720, 19722], device='mps:0')
2024-02-03 20:50:30,855 - Classification Fails.
2024-02-03 20:50:30,856 - Link Generation Succeeds.
2024-02-03 20:51:03,767 - Victim node is 2051.
2024-02-03 20:51:03,767 - tensor([ 1920, 11024, 19757], device='mps:0')
2024-02-03 20:51:03,769 - Classification Fails.
2024-02-03 20:51:03,770 - Link Generation Succeeds.
2024-02-03 20:51:42,808 - Victim node is 2550.
2024-02-03 20:51:42,808 - tensor([ 4058, 11450, 12019], device='mps:0')
2024-02-03 20:51:42,810 - Classification Succeeds.
2024-02-03 20:51:42,810 - Link Generation Fails.
2024-02-03 20:52:15,559 - Victim node is 12458.
2024-02-03 20:52:15,560 - tensor([ 1920,  7056, 17194], device='mps:0')
2024-02-03 20:52:15,561 - Classification Succeeds.
2024-02-03 20:52:15,562 - Link Generation Fails.
2024-02-03 20:52:55,310 - Victim node is 9468.
2024-02-03 20:52:55,310 - tensor([19729, 19735, 19738], device='mps:0')
2024-02-03 20:52:55,312 - Classification Succeeds.
2024-02-03 20:52:55,312 - Link Generation Succeeds.
2024-02-03 20:53:28,297 - Victim node is 2903.
2024-02-03 20:53:28,297 - tensor([ 1205, 19727, 19734], device='mps:0')
2024-02-03 20:53:28,298 - Classification Succeeds.
2024-02-03 20:53:28,299 - Link Generation Succeeds.
2024-02-03 20:53:59,371 - Victim node is 4962.
2024-02-03 20:53:59,371 - tensor([19742, 19772, 19797], device='mps:0')
2024-02-03 20:53:59,373 - Classification Fails.
2024-02-03 20:53:59,374 - Link Generation Succeeds.
2024-02-03 20:54:32,551 - Victim node is 13761.
2024-02-03 20:54:32,551 - tensor([19748, 19813, 19853], device='mps:0')
2024-02-03 20:54:32,553 - Classification Succeeds.
2024-02-03 20:54:32,553 - Link Generation Succeeds.
2024-02-03 20:55:04,453 - Victim node is 14315.
2024-02-03 20:55:04,453 - tensor([  357,  1205, 13940], device='mps:0')
2024-02-03 20:55:04,455 - Classification Succeeds.
2024-02-03 20:55:04,455 - Link Generation Fails.
2024-02-03 20:55:35,978 - Victim node is 6597.
2024-02-03 20:55:35,978 - tensor([19717, 19719, 19720], device='mps:0')
2024-02-03 20:55:35,979 - Classification Fails.
2024-02-03 20:55:35,980 - Link Generation Succeeds.
2024-02-03 20:56:07,740 - Victim node is 19271.
2024-02-03 20:56:07,740 - tensor([ 7056, 14044, 16783], device='mps:0')
2024-02-03 20:56:07,742 - Classification Fails.
2024-02-03 20:56:07,743 - Link Generation Fails.
2024-02-03 20:56:44,296 - Victim node is 2425.
2024-02-03 20:56:44,297 - tensor([ 1205, 13940, 14742], device='mps:0')
2024-02-03 20:56:44,298 - Classification Fails.
2024-02-03 20:56:44,299 - Link Generation Fails.
2024-02-03 20:57:22,274 - Victim node is 10679.
2024-02-03 20:57:22,274 - tensor([  903,  1205, 12019], device='mps:0')
2024-02-03 20:57:22,276 - Classification Succeeds.
2024-02-03 20:57:22,277 - Link Generation Fails.
2024-02-03 20:58:02,929 - Victim node is 9065.
2024-02-03 20:58:02,929 - tensor([19744, 19757, 19783], device='mps:0')
2024-02-03 20:58:02,930 - Classification Succeeds.
2024-02-03 20:58:02,931 - Link Generation Succeeds.
2024-02-03 20:58:33,781 - Victim node is 2417.
2024-02-03 20:58:33,781 - tensor([ 1205,  2361, 12019], device='mps:0')
2024-02-03 20:58:33,782 - Classification Succeeds.
2024-02-03 20:58:33,783 - Link Generation Fails.
2024-02-03 20:59:04,445 - Victim node is 18940.
2024-02-03 20:59:04,445 - tensor([ 1205, 13940, 19728], device='mps:0')
2024-02-03 20:59:04,447 - Classification Succeeds.
2024-02-03 20:59:04,447 - Link Generation Succeeds.
2024-02-03 20:59:35,753 - Victim node is 187.
2024-02-03 20:59:35,753 - tensor([19737, 19742, 19743], device='mps:0')
2024-02-03 20:59:35,755 - Classification Succeeds.
2024-02-03 20:59:35,755 - Link Generation Succeeds.
2024-02-03 21:00:06,817 - Victim node is 14082.
2024-02-03 21:00:06,817 - tensor([ 1920, 15841, 17194], device='mps:0')
2024-02-03 21:00:06,819 - Classification Fails.
2024-02-03 21:00:06,819 - Link Generation Fails.
2024-02-03 21:00:45,552 - Victim node is 3415.
2024-02-03 21:00:45,552 - tensor([ 1205, 19728, 19779], device='mps:0')
2024-02-03 21:00:45,553 - Classification Succeeds.
2024-02-03 21:00:45,554 - Link Generation Succeeds.
2024-02-03 21:01:15,959 - Victim node is 16085.
2024-02-03 21:01:15,959 - tensor([19718, 19721, 19755], device='mps:0')
2024-02-03 21:01:15,961 - Classification Succeeds.
2024-02-03 21:01:15,961 - Link Generation Succeeds.
2024-02-03 21:01:52,884 - Victim node is 8805.
2024-02-03 21:01:52,884 - tensor([ 7056, 19722, 19728], device='mps:0')
2024-02-03 21:01:52,885 - Classification Fails.
2024-02-03 21:01:52,886 - Link Generation Succeeds.
2024-02-03 21:02:31,014 - Victim node is 4341.
2024-02-03 21:02:31,014 - tensor([ 1205, 12019, 16214], device='mps:0')
2024-02-03 21:02:31,016 - Classification Succeeds.
2024-02-03 21:02:31,016 - Link Generation Fails.
2024-02-03 21:03:02,105 - Victim node is 1749.
2024-02-03 21:03:02,105 - tensor([ 1205, 11816, 13940], device='mps:0')
2024-02-03 21:03:02,106 - Classification Fails.
2024-02-03 21:03:02,107 - Link Generation Fails.
2024-02-03 21:03:32,629 - Victim node is 12227.
2024-02-03 21:03:32,629 - tensor([ 1205, 11816, 13940], device='mps:0')
2024-02-03 21:03:32,631 - Classification Fails.
2024-02-03 21:03:32,632 - Link Generation Fails.
2024-02-03 21:04:10,614 - Victim node is 10519.
2024-02-03 21:04:10,615 - tensor([19717, 19726, 19728], device='mps:0')
2024-02-03 21:04:10,617 - Classification Fails.
2024-02-03 21:04:10,617 - Link Generation Succeeds.
2024-02-03 21:04:41,621 - Victim node is 16593.
2024-02-03 21:04:41,621 - tensor([ 1920, 19741, 19812], device='mps:0')
2024-02-03 21:04:41,623 - Classification Succeeds.
2024-02-03 21:04:41,624 - Link Generation Succeeds.
2024-02-03 21:05:20,913 - Victim node is 16315.
2024-02-03 21:05:20,913 - tensor([19747, 19774, 19779], device='mps:0')
2024-02-03 21:05:20,915 - Classification Fails.
2024-02-03 21:05:20,915 - Link Generation Succeeds.
2024-02-03 21:06:00,682 - Victim node is 13850.
2024-02-03 21:06:00,682 - tensor([19717, 19718, 19731], device='mps:0')
2024-02-03 21:06:00,683 - Classification Succeeds.
2024-02-03 21:06:00,684 - Link Generation Succeeds.
2024-02-03 21:06:38,126 - Victim node is 10299.
2024-02-03 21:06:38,126 - tensor([ 1920, 19724, 19733], device='mps:0')
2024-02-03 21:06:38,128 - Classification Fails.
2024-02-03 21:06:38,128 - Link Generation Succeeds.
2024-02-03 21:07:09,703 - Victim node is 13874.
2024-02-03 21:07:09,703 - tensor([19735, 19794, 19795], device='mps:0')
2024-02-03 21:07:09,705 - Classification Succeeds.
2024-02-03 21:07:09,705 - Link Generation Succeeds.
2024-02-03 21:07:41,357 - Victim node is 14932.
2024-02-03 21:07:41,357 - tensor([ 1205, 19720, 19757], device='mps:0')
2024-02-03 21:07:41,358 - Classification Fails.
2024-02-03 21:07:41,359 - Link Generation Succeeds.
2024-02-03 21:08:18,651 - Victim node is 6648.
2024-02-03 21:08:18,651 - tensor([  903, 11894, 12019], device='mps:0')
2024-02-03 21:08:18,653 - Classification Succeeds.
2024-02-03 21:08:18,653 - Link Generation Fails.
2024-02-03 21:08:57,474 - Victim node is 19056.
2024-02-03 21:08:57,474 - tensor([ 1205, 13940, 19750], device='mps:0')
2024-02-03 21:08:57,476 - Classification Succeeds.
2024-02-03 21:08:57,476 - Link Generation Succeeds.
2024-02-03 21:09:28,468 - Victim node is 6958.
2024-02-03 21:09:28,468 - tensor([  903, 12019, 19743], device='mps:0')
2024-02-03 21:09:28,470 - Classification Succeeds.
2024-02-03 21:09:28,471 - Link Generation Succeeds.
2024-02-03 21:09:59,802 - Victim node is 12483.
2024-02-03 21:09:59,802 - tensor([ 1920,  7056, 18735], device='mps:0')
2024-02-03 21:09:59,804 - Classification Succeeds.
2024-02-03 21:09:59,804 - Link Generation Fails.
2024-02-03 21:10:31,383 - Victim node is 19645.
2024-02-03 21:10:31,383 - tensor([19718, 19719, 19720], device='mps:0')
2024-02-03 21:10:31,385 - Classification Succeeds.
2024-02-03 21:10:31,385 - Link Generation Succeeds.
2024-02-03 21:11:01,612 - Victim node is 7915.
2024-02-03 21:11:01,612 - tensor([  903, 11450, 12019], device='mps:0')
2024-02-03 21:11:01,614 - Classification Succeeds.
2024-02-03 21:11:01,614 - Link Generation Fails.
2024-02-03 21:11:33,316 - Victim node is 14318.
2024-02-03 21:11:33,316 - tensor([ 1920, 17194, 19738], device='mps:0')
2024-02-03 21:11:33,318 - Classification Succeeds.
2024-02-03 21:11:33,319 - Link Generation Succeeds.
2024-02-03 21:12:12,092 - Victim node is 7857.
2024-02-03 21:12:12,092 - tensor([ 1205,  9471, 19719], device='mps:0')
2024-02-03 21:12:12,093 - Classification Succeeds.
2024-02-03 21:12:12,094 - Link Generation Succeeds.
2024-02-03 21:12:49,924 - Victim node is 14033.
2024-02-03 21:12:49,924 - tensor([ 1920, 12019, 19730], device='mps:0')
2024-02-03 21:12:49,925 - Classification Succeeds.
2024-02-03 21:12:49,926 - Link Generation Succeeds.
2024-02-03 21:13:21,815 - Victim node is 12604.
2024-02-03 21:13:21,815 - tensor([  903, 12019, 16214], device='mps:0')
2024-02-03 21:13:21,817 - Classification Succeeds.
2024-02-03 21:13:21,818 - Link Generation Fails.
2024-02-03 21:13:59,255 - Victim node is 15959.
2024-02-03 21:13:59,255 - tensor([19721, 19722, 19723], device='mps:0')
2024-02-03 21:13:59,257 - Classification Fails.
2024-02-03 21:13:59,257 - Link Generation Succeeds.
2024-02-03 21:14:37,411 - Victim node is 11704.
2024-02-03 21:14:37,412 - tensor([19723, 19724, 19728], device='mps:0')
2024-02-03 21:14:37,413 - Classification Succeeds.
2024-02-03 21:14:37,413 - Link Generation Succeeds.
2024-02-03 21:15:15,747 - Victim node is 11237.
2024-02-03 21:15:15,747 - tensor([  357,  1205, 12019], device='mps:0')
2024-02-03 21:15:15,749 - Classification Succeeds.
2024-02-03 21:15:15,750 - Link Generation Fails.
2024-02-03 21:15:54,642 - Victim node is 2357.
2024-02-03 21:15:54,643 - tensor([ 1205, 13940, 19722], device='mps:0')
2024-02-03 21:15:54,645 - Classification Succeeds.
2024-02-03 21:15:54,646 - Link Generation Succeeds.
2024-02-03 21:16:33,942 - Victim node is 12512.
2024-02-03 21:16:33,942 - tensor([ 4058, 11450, 12019], device='mps:0')
2024-02-03 21:16:33,944 - Classification Succeeds.
2024-02-03 21:16:33,944 - Link Generation Fails.
2024-02-03 21:17:05,437 - Victim node is 9325.
2024-02-03 21:17:05,437 - tensor([ 1205, 11816, 13940], device='mps:0')
2024-02-03 21:17:05,439 - Classification Succeeds.
2024-02-03 21:17:05,439 - Link Generation Fails.
2024-02-03 21:17:43,523 - Victim node is 8918.
2024-02-03 21:17:43,523 - tensor([ 1920,  7056, 19738], device='mps:0')
2024-02-03 21:17:43,525 - Classification Fails.
2024-02-03 21:17:43,526 - Link Generation Succeeds.
2024-02-03 21:18:21,516 - Victim node is 9906.
2024-02-03 21:18:21,516 - tensor([ 1205,  9471, 19751], device='mps:0')
2024-02-03 21:18:21,518 - Classification Fails.
2024-02-03 21:18:21,519 - Link Generation Succeeds.
2024-02-03 21:18:59,042 - Victim node is 10493.
2024-02-03 21:18:59,042 - tensor([12019, 19727, 19732], device='mps:0')
2024-02-03 21:18:59,043 - Classification Fails.
2024-02-03 21:18:59,044 - Link Generation Succeeds.
2024-02-03 21:19:36,613 - Victim node is 2968.
2024-02-03 21:19:36,613 - tensor([  903,  4058, 12019], device='mps:0')
2024-02-03 21:19:36,615 - Classification Fails.
2024-02-03 21:19:36,615 - Link Generation Fails.
2024-02-03 21:20:15,741 - Victim node is 6322.
2024-02-03 21:20:15,741 - tensor([ 1205, 13940, 19738], device='mps:0')
2024-02-03 21:20:15,743 - Classification Fails.
2024-02-03 21:20:15,743 - Link Generation Succeeds.
2024-02-03 21:20:47,342 - Victim node is 738.
2024-02-03 21:20:47,342 - tensor([ 1920, 12019, 15841], device='mps:0')
2024-02-03 21:20:47,344 - Classification Fails.
2024-02-03 21:20:47,344 - Link Generation Fails.
2024-02-03 21:21:25,727 - Victim node is 15113.
2024-02-03 21:21:25,727 - tensor([ 1205, 19741, 19766], device='mps:0')
2024-02-03 21:21:25,729 - Classification Succeeds.
2024-02-03 21:21:25,729 - Link Generation Succeeds.
2024-02-03 21:21:56,320 - Victim node is 8063.
2024-02-03 21:21:56,320 - tensor([ 7056, 19722, 19746], device='mps:0')
2024-02-03 21:21:56,322 - Classification Succeeds.
2024-02-03 21:21:56,322 - Link Generation Succeeds.
2024-02-03 21:22:33,448 - Victim node is 16834.
2024-02-03 21:22:33,449 - tensor([19719, 19722, 19723], device='mps:0')
2024-02-03 21:22:33,450 - Classification Fails.
2024-02-03 21:22:33,451 - Link Generation Succeeds.
2024-02-03 21:23:11,668 - Victim node is 2936.
2024-02-03 21:23:11,668 - tensor([19721, 19746, 19773], device='mps:0')
2024-02-03 21:23:11,670 - Classification Fails.
2024-02-03 21:23:11,671 - Link Generation Succeeds.
2024-02-03 21:23:42,336 - Victim node is 17582.
2024-02-03 21:23:42,336 - tensor([  903,  1920, 12019], device='mps:0')
2024-02-03 21:23:42,338 - Classification Succeeds.
2024-02-03 21:23:42,339 - Link Generation Fails.
2024-02-03 21:24:14,809 - Victim node is 15044.
2024-02-03 21:24:14,810 - tensor([ 1205, 13940, 19947], device='mps:0')
2024-02-03 21:24:14,811 - Classification Succeeds.
2024-02-03 21:24:14,812 - Link Generation Succeeds.
2024-02-03 21:24:51,885 - Victim node is 18541.
2024-02-03 21:24:51,885 - tensor([ 7056, 19720, 19739], device='mps:0')
2024-02-03 21:24:51,887 - Classification Fails.
2024-02-03 21:24:51,888 - Link Generation Succeeds.
2024-02-03 21:25:22,386 - Victim node is 491.
2024-02-03 21:25:22,387 - tensor([ 1920, 19737, 19742], device='mps:0')
2024-02-03 21:25:22,388 - Classification Fails.
2024-02-03 21:25:22,389 - Link Generation Succeeds.
2024-02-03 21:25:59,366 - Victim node is 771.
2024-02-03 21:25:59,366 - tensor([  903,  8626, 12019], device='mps:0')
2024-02-03 21:25:59,368 - Classification Succeeds.
2024-02-03 21:25:59,368 - Link Generation Fails.
2024-02-03 21:26:35,887 - Victim node is 9691.
2024-02-03 21:26:35,887 - tensor([19724, 19725, 19727], device='mps:0')
2024-02-03 21:26:35,888 - Classification Succeeds.
2024-02-03 21:26:35,889 - Link Generation Succeeds.
2024-02-03 21:27:13,299 - Victim node is 4755.
2024-02-03 21:27:13,299 - tensor([ 1205,  5467, 13940], device='mps:0')
2024-02-03 21:27:13,300 - Classification Fails.
2024-02-03 21:27:13,301 - Link Generation Fails.
2024-02-03 21:27:50,531 - Victim node is 7443.
2024-02-03 21:27:50,531 - tensor([19751, 19762, 19778], device='mps:0')
2024-02-03 21:27:50,533 - Classification Succeeds.
2024-02-03 21:27:50,534 - Link Generation Succeeds.
2024-02-03 21:28:27,695 - Victim node is 4002.
2024-02-03 21:28:27,695 - tensor([ 7056, 19731, 19735], device='mps:0')
2024-02-03 21:28:27,696 - Classification Succeeds.
2024-02-03 21:28:27,697 - Link Generation Succeeds.
2024-02-03 21:29:04,566 - Victim node is 19697.
2024-02-03 21:29:04,566 - tensor([ 1920, 15841, 19726], device='mps:0')
2024-02-03 21:29:04,568 - Classification Fails.
2024-02-03 21:29:04,568 - Link Generation Succeeds.
2024-02-03 21:29:36,119 - Victim node is 9173.
2024-02-03 21:29:36,119 - tensor([  903,  1205, 12019], device='mps:0')
2024-02-03 21:29:36,121 - Classification Fails.
2024-02-03 21:29:36,122 - Link Generation Fails.
2024-02-03 21:30:08,931 - Victim node is 12983.
2024-02-03 21:30:08,931 - tensor([19722, 19741, 19748], device='mps:0')
2024-02-03 21:30:08,933 - Classification Fails.
2024-02-03 21:30:08,933 - Link Generation Succeeds.
2024-02-03 21:30:39,199 - Victim node is 16434.
2024-02-03 21:30:39,199 - tensor([ 1205, 13940, 19727], device='mps:0')
2024-02-03 21:30:39,200 - Classification Fails.
2024-02-03 21:30:39,201 - Link Generation Succeeds.
2024-02-03 21:31:10,286 - Victim node is 18883.
2024-02-03 21:31:10,287 - tensor([  903, 11894, 12019], device='mps:0')
2024-02-03 21:31:10,289 - Classification Succeeds.
2024-02-03 21:31:10,289 - Link Generation Fails.
2024-02-03 21:31:46,720 - Victim node is 11448.
2024-02-03 21:31:46,720 - tensor([19718, 19725, 19730], device='mps:0')
2024-02-03 21:31:46,722 - Classification Succeeds.
2024-02-03 21:31:46,722 - Link Generation Succeeds.
2024-02-03 21:32:23,666 - Victim node is 1810.
2024-02-03 21:32:23,666 - tensor([ 1920, 19721, 19732], device='mps:0')
2024-02-03 21:32:23,668 - Classification Succeeds.
2024-02-03 21:32:23,668 - Link Generation Succeeds.
2024-02-03 21:32:53,939 - Victim node is 8360.
2024-02-03 21:32:53,939 - tensor([  903,  1205, 12019], device='mps:0')
2024-02-03 21:32:53,941 - Classification Succeeds.
2024-02-03 21:32:53,941 - Link Generation Fails.
2024-02-03 21:33:30,302 - Victim node is 9140.
2024-02-03 21:33:30,302 - tensor([ 1205, 13940, 19722], device='mps:0')
2024-02-03 21:33:30,304 - Classification Fails.
2024-02-03 21:33:30,305 - Link Generation Succeeds.
2024-02-03 21:34:09,403 - Victim node is 18854.
2024-02-03 21:34:09,403 - tensor([ 1205, 19723, 19727], device='mps:0')
2024-02-03 21:34:09,404 - Classification Fails.
2024-02-03 21:34:09,405 - Link Generation Succeeds.
2024-02-03 21:34:48,394 - Victim node is 6505.
2024-02-03 21:34:48,394 - tensor([19728, 19755, 19774], device='mps:0')
2024-02-03 21:34:48,396 - Classification Succeeds.
2024-02-03 21:34:48,396 - Link Generation Succeeds.
2024-02-03 21:35:21,656 - Victim node is 9184.
2024-02-03 21:35:21,656 - tensor([19732, 19758, 19778], device='mps:0')
2024-02-03 21:35:21,658 - Classification Fails.
2024-02-03 21:35:21,658 - Link Generation Succeeds.
2024-02-03 21:36:00,911 - Victim node is 2897.
2024-02-03 21:36:00,911 - tensor([ 5375,  7056, 14893], device='mps:0')
2024-02-03 21:36:00,913 - Classification Fails.
2024-02-03 21:36:00,914 - Link Generation Fails.
2024-02-03 21:36:39,484 - Victim node is 10382.
2024-02-03 21:36:39,484 - tensor([19726, 19731, 19739], device='mps:0')
2024-02-03 21:36:39,486 - Classification Succeeds.
2024-02-03 21:36:39,486 - Link Generation Succeeds.
2024-02-03 21:37:18,371 - Victim node is 6267.
2024-02-03 21:37:18,371 - tensor([19719, 19727, 19736], device='mps:0')
2024-02-03 21:37:18,373 - Classification Fails.
2024-02-03 21:37:18,373 - Link Generation Succeeds.
2024-02-03 21:37:51,185 - Victim node is 18669.
2024-02-03 21:37:51,185 - tensor([ 1920, 19718, 19722], device='mps:0')
2024-02-03 21:37:51,187 - Classification Succeeds.
2024-02-03 21:37:51,188 - Link Generation Succeeds.
2024-02-03 21:38:31,983 - Victim node is 5469.
2024-02-03 21:38:31,983 - tensor([19722, 19724, 19728], device='mps:0')
2024-02-03 21:38:31,985 - Classification Fails.
2024-02-03 21:38:31,985 - Link Generation Succeeds.
2024-02-03 21:39:04,750 - Victim node is 14343.
2024-02-03 21:39:04,750 - tensor([19718, 19719, 19723], device='mps:0')
2024-02-03 21:39:04,752 - Classification Fails.
2024-02-03 21:39:04,752 - Link Generation Succeeds.
2024-02-03 21:39:36,466 - Victim node is 17889.
2024-02-03 21:39:36,466 - tensor([ 1920,  5375, 14893], device='mps:0')
2024-02-03 21:39:36,467 - Classification Succeeds.
2024-02-03 21:39:36,468 - Link Generation Fails.
2024-02-03 21:40:09,117 - Victim node is 19016.
2024-02-03 21:40:09,117 - tensor([12019, 19725, 19731], device='mps:0')
2024-02-03 21:40:09,118 - Classification Succeeds.
2024-02-03 21:40:09,119 - Link Generation Succeeds.
2024-02-03 21:40:42,226 - Victim node is 3944.
2024-02-03 21:40:42,226 - tensor([  903,  1205, 12019], device='mps:0')
2024-02-03 21:40:42,228 - Classification Succeeds.
2024-02-03 21:40:42,228 - Link Generation Fails.
2024-02-03 21:41:17,147 - Victim node is 11009.
2024-02-03 21:41:17,148 - tensor([19791, 19808, 19864], device='mps:0')
2024-02-03 21:41:17,149 - Classification Fails.
2024-02-03 21:41:17,150 - Link Generation Succeeds.
2024-02-03 21:41:48,088 - Victim node is 2422.
2024-02-03 21:41:48,089 - tensor([ 1920,  5375, 19721], device='mps:0')
2024-02-03 21:41:48,090 - Classification Succeeds.
2024-02-03 21:41:48,091 - Link Generation Succeeds.
2024-02-03 21:42:21,005 - Victim node is 6466.
2024-02-03 21:42:21,006 - tensor([ 1920,  5375, 12019], device='mps:0')
2024-02-03 21:42:21,008 - Classification Succeeds.
2024-02-03 21:42:21,009 - Link Generation Fails.
2024-02-03 21:42:57,594 - Victim node is 3629.
2024-02-03 21:42:57,595 - tensor([19722, 19745, 19825], device='mps:0')
2024-02-03 21:42:57,597 - Classification Fails.
2024-02-03 21:42:57,597 - Link Generation Succeeds.
2024-02-03 21:43:36,708 - Victim node is 6052.
2024-02-03 21:43:36,708 - tensor([  903,  1205, 12019], device='mps:0')
2024-02-03 21:43:36,710 - Classification Succeeds.
2024-02-03 21:43:36,711 - Link Generation Fails.
2024-02-03 21:44:15,365 - Victim node is 1684.
2024-02-03 21:44:15,366 - tensor([19724, 19730, 19736], device='mps:0')
2024-02-03 21:44:15,367 - Classification Fails.
2024-02-03 21:44:15,368 - Link Generation Succeeds.
2024-02-03 21:44:48,297 - Victim node is 18529.
2024-02-03 21:44:48,297 - tensor([19726, 19739, 19746], device='mps:0')
2024-02-03 21:44:48,299 - Classification Fails.
2024-02-03 21:44:48,299 - Link Generation Succeeds.
2024-02-03 21:45:20,281 - Victim node is 4874.
2024-02-03 21:45:20,281 - tensor([ 1205, 11816, 13940], device='mps:0')
2024-02-03 21:45:20,282 - Classification Succeeds.
2024-02-03 21:45:20,283 - Link Generation Fails.
2024-02-03 21:46:00,880 - Victim node is 10059.
2024-02-03 21:46:00,880 - tensor([ 7056, 19730, 19770], device='mps:0')
2024-02-03 21:46:00,882 - Classification Succeeds.
2024-02-03 21:46:00,883 - Link Generation Succeeds.
2024-02-03 21:46:41,386 - Victim node is 17473.
2024-02-03 21:46:41,386 - tensor([ 7056, 19719, 19720], device='mps:0')
2024-02-03 21:46:41,388 - Classification Fails.
2024-02-03 21:46:41,388 - Link Generation Succeeds.
2024-02-03 21:47:14,427 - Victim node is 11140.
2024-02-03 21:47:14,427 - tensor([ 1920, 14893, 15841], device='mps:0')
2024-02-03 21:47:14,428 - Classification Succeeds.
2024-02-03 21:47:14,429 - Link Generation Fails.
2024-02-03 21:47:54,276 - Victim node is 12121.
2024-02-03 21:47:54,276 - tensor([ 1920,  7056, 18735], device='mps:0')
2024-02-03 21:47:54,278 - Classification Succeeds.
2024-02-03 21:47:54,279 - Link Generation Fails.
2024-02-03 21:48:32,200 - Victim node is 987.
2024-02-03 21:48:32,200 - tensor([ 1205, 11816, 13940], device='mps:0')
2024-02-03 21:48:32,202 - Classification Fails.
2024-02-03 21:48:32,203 - Link Generation Fails.
2024-02-03 21:49:05,297 - Victim node is 3561.
2024-02-03 21:49:05,297 - tensor([ 1205, 19723, 19726], device='mps:0')
2024-02-03 21:49:05,298 - Classification Fails.
2024-02-03 21:49:05,299 - Link Generation Succeeds.
2024-02-03 21:49:48,111 - Victim node is 11106.
2024-02-03 21:49:48,111 - tensor([19794, 19813, 19835], device='mps:0')
2024-02-03 21:49:48,113 - Classification Succeeds.
2024-02-03 21:49:48,113 - Link Generation Succeeds.
2024-02-03 21:50:21,548 - Victim node is 11093.
2024-02-03 21:50:21,548 - tensor([  903, 12019, 19754], device='mps:0')
2024-02-03 21:50:21,550 - Classification Succeeds.
2024-02-03 21:50:21,550 - Link Generation Succeeds.
2024-02-03 21:51:00,078 - Victim node is 8130.
2024-02-03 21:51:00,078 - tensor([ 1920, 19717, 19719], device='mps:0')
2024-02-03 21:51:00,080 - Classification Succeeds.
2024-02-03 21:51:00,080 - Link Generation Succeeds.
2024-02-03 21:51:33,651 - Victim node is 17008.
2024-02-03 21:51:33,651 - tensor([  903,  1205, 12019], device='mps:0')
2024-02-03 21:51:33,653 - Classification Succeeds.
2024-02-03 21:51:33,654 - Link Generation Fails.
2024-02-03 21:52:16,280 - Victim node is 9192.
2024-02-03 21:52:16,281 - tensor([ 1205,  2361, 13940], device='mps:0')
2024-02-03 21:52:16,282 - Classification Succeeds.
2024-02-03 21:52:16,283 - Link Generation Fails.
2024-02-03 21:52:52,304 - Victim node is 6560.
2024-02-03 21:52:52,304 - tensor([ 1205, 19757, 19762], device='mps:0')
2024-02-03 21:52:52,306 - Classification Succeeds.
2024-02-03 21:52:52,307 - Link Generation Succeeds.
2024-02-03 21:53:33,837 - Victim node is 508.
2024-02-03 21:53:33,838 - tensor([ 1205, 19723, 19728], device='mps:0')
2024-02-03 21:53:33,839 - Classification Fails.
2024-02-03 21:53:33,840 - Link Generation Succeeds.
2024-02-03 21:54:06,402 - Victim node is 17458.
2024-02-03 21:54:06,402 - tensor([19721, 19722, 19723], device='mps:0')
2024-02-03 21:54:06,404 - Classification Fails.
2024-02-03 21:54:06,404 - Link Generation Succeeds.
2024-02-03 21:54:46,939 - Victim node is 6646.
2024-02-03 21:54:46,940 - tensor([ 1920,  5375, 19718], device='mps:0')
2024-02-03 21:54:46,941 - Classification Fails.
2024-02-03 21:54:46,942 - Link Generation Succeeds.
2024-02-03 21:55:28,199 - Victim node is 14253.
2024-02-03 21:55:28,200 - tensor([  903, 11450, 12019], device='mps:0')
2024-02-03 21:55:28,201 - Classification Succeeds.
2024-02-03 21:55:28,202 - Link Generation Fails.
2024-02-03 21:56:01,349 - Victim node is 7906.
2024-02-03 21:56:01,349 - tensor([ 1205, 12019, 19738], device='mps:0')
2024-02-03 21:56:01,351 - Classification Fails.
2024-02-03 21:56:01,352 - Link Generation Succeeds.
2024-02-03 21:56:34,727 - Victim node is 885.
2024-02-03 21:56:34,727 - tensor([ 1205, 11816, 13940], device='mps:0')
2024-02-03 21:56:34,729 - Classification Fails.
2024-02-03 21:56:34,730 - Link Generation Fails.
2024-02-03 21:57:08,292 - Victim node is 2187.
2024-02-03 21:57:08,292 - tensor([ 1920,  5375, 15841], device='mps:0')
2024-02-03 21:57:08,294 - Classification Succeeds.
2024-02-03 21:57:08,295 - Link Generation Fails.
2024-02-03 21:57:41,579 - Victim node is 16995.
2024-02-03 21:57:41,579 - tensor([ 7056, 14893, 15841], device='mps:0')
2024-02-03 21:57:41,580 - Classification Succeeds.
2024-02-03 21:57:41,581 - Link Generation Fails.
2024-02-03 21:58:21,613 - Victim node is 19546.
2024-02-03 21:58:21,613 - tensor([ 1205, 13940, 19725], device='mps:0')
2024-02-03 21:58:21,615 - Classification Fails.
2024-02-03 21:58:21,616 - Link Generation Succeeds.
2024-02-03 21:59:02,214 - Victim node is 10278.
2024-02-03 21:59:02,214 - tensor([ 1205, 13940, 17819], device='mps:0')
2024-02-03 21:59:02,216 - Classification Fails.
2024-02-03 21:59:02,216 - Link Generation Fails.
2024-02-03 21:59:41,787 - Victim node is 14853.
2024-02-03 21:59:41,787 - tensor([19718, 19719, 19721], device='mps:0')
2024-02-03 21:59:41,788 - Classification Succeeds.
2024-02-03 21:59:41,789 - Link Generation Succeeds.
2024-02-03 22:00:14,198 - Victim node is 5817.
2024-02-03 22:00:14,198 - tensor([ 1205, 13940, 19717], device='mps:0')
2024-02-03 22:00:14,199 - Classification Fails.
2024-02-03 22:00:14,200 - Link Generation Succeeds.
2024-02-03 22:00:47,555 - Victim node is 5475.
2024-02-03 22:00:47,555 - tensor([19723, 19750, 19763], device='mps:0')
2024-02-03 22:00:47,557 - Classification Fails.
2024-02-03 22:00:47,557 - Link Generation Succeeds.
2024-02-03 22:01:21,000 - Victim node is 15624.
2024-02-03 22:01:21,001 - tensor([19718, 19719, 19720], device='mps:0')
2024-02-03 22:01:21,003 - Classification Fails.
2024-02-03 22:01:21,003 - Link Generation Succeeds.
2024-02-03 22:02:02,948 - Victim node is 16928.
2024-02-03 22:02:02,949 - tensor([1205, 5467, 9471], device='mps:0')
2024-02-03 22:02:02,950 - Classification Succeeds.
2024-02-03 22:02:02,951 - Link Generation Fails.
2024-02-03 22:02:35,926 - Victim node is 624.
2024-02-03 22:02:35,926 - tensor([ 1920,  7056, 19720], device='mps:0')
2024-02-03 22:02:35,928 - Classification Succeeds.
2024-02-03 22:02:35,928 - Link Generation Succeeds.
2024-02-03 22:03:16,885 - Victim node is 1251.
2024-02-03 22:03:16,885 - tensor([ 7056, 10857, 19731], device='mps:0')
2024-02-03 22:03:16,887 - Classification Fails.
2024-02-03 22:03:16,888 - Link Generation Succeeds.
2024-02-03 22:03:56,858 - Victim node is 8890.
2024-02-03 22:03:56,858 - tensor([  357,  1205, 12019], device='mps:0')
2024-02-03 22:03:56,860 - Classification Succeeds.
2024-02-03 22:03:56,861 - Link Generation Fails.
2024-02-03 22:04:32,897 - Victim node is 11389.
2024-02-03 22:04:32,897 - tensor([19719, 19727, 19732], device='mps:0')
2024-02-03 22:04:32,899 - Classification Fails.
2024-02-03 22:04:32,899 - Link Generation Succeeds.
2024-02-03 22:05:06,698 - Victim node is 3508.
2024-02-03 22:05:06,698 - tensor([ 1920,  7056, 19718], device='mps:0')
2024-02-03 22:05:06,700 - Classification Fails.
2024-02-03 22:05:06,701 - Link Generation Succeeds.
2024-02-03 22:05:39,668 - Victim node is 12529.
2024-02-03 22:05:39,668 - tensor([  903,  4058, 12019], device='mps:0')
2024-02-03 22:05:39,670 - Classification Succeeds.
2024-02-03 22:05:39,670 - Link Generation Fails.
2024-02-03 22:06:12,158 - Victim node is 13174.
2024-02-03 22:06:12,158 - tensor([ 1920, 11450, 12019], device='mps:0')
2024-02-03 22:06:12,160 - Classification Succeeds.
2024-02-03 22:06:12,161 - Link Generation Fails.
2024-02-03 22:06:45,947 - Victim node is 8126.
2024-02-03 22:06:45,947 - tensor([19728, 19734, 19736], device='mps:0')
2024-02-03 22:06:45,949 - Classification Fails.
2024-02-03 22:06:45,949 - Link Generation Succeeds.
2024-02-03 22:07:18,859 - Victim node is 15031.
2024-02-03 22:07:18,859 - tensor([19763, 19765, 19799], device='mps:0')
2024-02-03 22:07:18,861 - Classification Fails.
2024-02-03 22:07:18,861 - Link Generation Succeeds.
2024-02-03 22:07:57,571 - Victim node is 1596.
2024-02-03 22:07:57,571 - tensor([  903, 11894, 12019], device='mps:0')
2024-02-03 22:07:57,573 - Classification Succeeds.
2024-02-03 22:07:57,574 - Link Generation Fails.
2024-02-03 22:08:30,520 - Victim node is 1932.
2024-02-03 22:08:30,520 - tensor([ 7056, 19719, 19726], device='mps:0')
2024-02-03 22:08:30,522 - Classification Succeeds.
2024-02-03 22:08:30,522 - Link Generation Succeeds.
2024-02-03 22:09:02,449 - Victim node is 7785.
2024-02-03 22:09:02,449 - tensor([ 1205, 11816, 13940], device='mps:0')
2024-02-03 22:09:02,451 - Classification Succeeds.
2024-02-03 22:09:02,451 - Link Generation Fails.
2024-02-03 22:09:33,835 - Victim node is 18639.
2024-02-03 22:09:33,835 - tensor([19749, 19787, 19858], device='mps:0')
2024-02-03 22:09:33,837 - Classification Fails.
2024-02-03 22:09:33,837 - Link Generation Succeeds.
2024-02-03 22:10:13,248 - Victim node is 18371.
2024-02-03 22:10:13,248 - tensor([19718, 19724, 19732], device='mps:0')
2024-02-03 22:10:13,249 - Classification Succeeds.
2024-02-03 22:10:13,250 - Link Generation Succeeds.
2024-02-03 22:10:52,524 - Victim node is 14852.
2024-02-03 22:10:52,525 - tensor([ 1920, 19723, 19728], device='mps:0')
2024-02-03 22:10:52,526 - Classification Fails.
2024-02-03 22:10:52,527 - Link Generation Succeeds.
2024-02-03 22:11:26,214 - Victim node is 10364.
2024-02-03 22:11:26,214 - tensor([ 1205, 13940, 19744], device='mps:0')
2024-02-03 22:11:26,215 - Classification Fails.
2024-02-03 22:11:26,216 - Link Generation Succeeds.
2024-02-03 22:11:57,961 - Victim node is 9606.
2024-02-03 22:11:57,961 - tensor([ 1920,  7056, 14044], device='mps:0')
2024-02-03 22:11:57,963 - Classification Fails.
2024-02-03 22:11:57,963 - Link Generation Fails.
2024-02-03 22:12:30,279 - Victim node is 14178.
2024-02-03 22:12:30,279 - tensor([ 1920, 19717, 19720], device='mps:0')
2024-02-03 22:12:30,281 - Classification Succeeds.
2024-02-03 22:12:30,281 - Link Generation Succeeds.
2024-02-03 22:13:09,442 - Victim node is 8065.
2024-02-03 22:13:09,443 - tensor([ 1920,  7056, 19720], device='mps:0')
2024-02-03 22:13:09,444 - Classification Fails.
2024-02-03 22:13:09,445 - Link Generation Succeeds.
2024-02-03 22:13:48,702 - Victim node is 1517.
2024-02-03 22:13:48,702 - tensor([19727, 19728, 19734], device='mps:0')
2024-02-03 22:13:48,704 - Classification Succeeds.
2024-02-03 22:13:48,704 - Link Generation Succeeds.
2024-02-03 22:14:21,017 - Victim node is 9158.
2024-02-03 22:14:21,017 - tensor([ 1920,  5375, 15841], device='mps:0')
2024-02-03 22:14:21,018 - Classification Succeeds.
2024-02-03 22:14:21,019 - Link Generation Fails.
2024-02-03 22:14:55,320 - Victim node is 5249.
2024-02-03 22:14:55,320 - tensor([19736, 19750, 19772], device='mps:0')
2024-02-03 22:14:55,322 - Classification Succeeds.
2024-02-03 22:14:55,322 - Link Generation Succeeds.
2024-02-03 22:15:27,591 - Victim node is 9515.
2024-02-03 22:15:27,591 - tensor([ 1205, 13940, 19756], device='mps:0')
2024-02-03 22:15:27,593 - Classification Succeeds.
2024-02-03 22:15:27,594 - Link Generation Succeeds.
2024-02-03 22:16:00,225 - Victim node is 4922.
2024-02-03 22:16:00,225 - tensor([ 1920,  7056, 14044], device='mps:0')
2024-02-03 22:16:00,227 - Classification Fails.
2024-02-03 22:16:00,228 - Link Generation Fails.
2024-02-03 22:16:38,901 - Victim node is 14202.
2024-02-03 22:16:38,901 - tensor([19735, 19740, 19741], device='mps:0')
2024-02-03 22:16:38,902 - Classification Succeeds.
2024-02-03 22:16:38,903 - Link Generation Succeeds.
2024-02-03 22:17:18,842 - Victim node is 18588.
2024-02-03 22:17:18,843 - tensor([ 1205, 11816, 19729], device='mps:0')
2024-02-03 22:17:18,844 - Classification Fails.
2024-02-03 22:17:18,845 - Link Generation Succeeds.
2024-02-03 22:17:57,441 - Victim node is 9107.
2024-02-03 22:17:57,441 - tensor([  903, 11894, 12019], device='mps:0')
2024-02-03 22:17:57,443 - Classification Succeeds.
2024-02-03 22:17:57,444 - Link Generation Fails.
2024-02-03 22:18:37,764 - Victim node is 2608.
2024-02-03 22:18:37,764 - tensor([19749, 19756, 19764], device='mps:0')
2024-02-03 22:18:37,766 - Classification Fails.
2024-02-03 22:18:37,766 - Link Generation Succeeds.
2024-02-03 22:19:16,417 - Victim node is 7606.
2024-02-03 22:19:16,417 - tensor([ 1205,  9471, 13940], device='mps:0')
2024-02-03 22:19:16,419 - Classification Fails.
2024-02-03 22:19:16,419 - Link Generation Fails.
2024-02-03 22:19:55,092 - Victim node is 13517.
2024-02-03 22:19:55,092 - tensor([19718, 19719, 19726], device='mps:0')
2024-02-03 22:19:55,094 - Classification Succeeds.
2024-02-03 22:19:55,094 - Link Generation Succeeds.
2024-02-03 22:20:29,927 - Victim node is 150.
2024-02-03 22:20:29,927 - tensor([12019, 19747, 19835], device='mps:0')
2024-02-03 22:20:29,929 - Classification Succeeds.
2024-02-03 22:20:29,930 - Link Generation Succeeds.
2024-02-03 22:21:03,005 - Victim node is 6188.
2024-02-03 22:21:03,005 - tensor([ 1205, 13940, 19717], device='mps:0')
2024-02-03 22:21:03,007 - Classification Succeeds.
2024-02-03 22:21:03,007 - Link Generation Succeeds.
2024-02-03 22:21:45,247 - Victim node is 5738.
2024-02-03 22:21:45,247 - tensor([19724, 19727, 19730], device='mps:0')
2024-02-03 22:21:45,249 - Classification Fails.
2024-02-03 22:21:45,249 - Link Generation Succeeds.
2024-02-03 22:22:24,803 - Victim node is 1879.
2024-02-03 22:22:24,803 - tensor([ 1920,  5375, 15841], device='mps:0')
2024-02-03 22:22:24,805 - Classification Fails.
2024-02-03 22:22:24,805 - Link Generation Fails.
2024-02-03 22:22:56,871 - Victim node is 17892.
2024-02-03 22:22:56,872 - tensor([  903,  1205, 12019], device='mps:0')
2024-02-03 22:22:56,873 - Classification Succeeds.
2024-02-03 22:22:56,874 - Link Generation Fails.
2024-02-03 22:23:36,337 - Victim node is 8965.
2024-02-03 22:23:36,337 - tensor([ 1920,  7056, 14044], device='mps:0')
2024-02-03 22:23:36,338 - Classification Succeeds.
2024-02-03 22:23:36,339 - Link Generation Fails.
2024-02-03 22:24:12,906 - Victim node is 2121.
2024-02-03 22:24:12,906 - tensor([ 1205, 11816, 13940], device='mps:0')
2024-02-03 22:24:12,908 - Classification Succeeds.
2024-02-03 22:24:12,908 - Link Generation Fails.
2024-02-03 22:24:52,306 - Victim node is 12651.
2024-02-03 22:24:52,306 - tensor([ 1205, 12019, 13940], device='mps:0')
2024-02-03 22:24:52,307 - Classification Fails.
2024-02-03 22:24:52,308 - Link Generation Fails.
2024-02-03 22:25:24,134 - Victim node is 10984.
2024-02-03 22:25:24,134 - tensor([19719, 19721, 19726], device='mps:0')
2024-02-03 22:25:24,136 - Classification Fails.
2024-02-03 22:25:24,136 - Link Generation Succeeds.
2024-02-03 22:26:04,725 - Victim node is 13087.
2024-02-03 22:26:04,725 - tensor([ 1205, 12019, 13940], device='mps:0')
2024-02-03 22:26:04,726 - Classification Succeeds.
2024-02-03 22:26:04,727 - Link Generation Fails.
2024-02-03 22:26:46,494 - Victim node is 10585.
2024-02-03 22:26:46,495 - tensor([19726, 19732, 19737], device='mps:0')
2024-02-03 22:26:46,497 - Classification Fails.
2024-02-03 22:26:46,497 - Link Generation Succeeds.
2024-02-03 22:27:19,868 - Victim node is 12477.
2024-02-03 22:27:19,868 - tensor([  903, 12019, 16214], device='mps:0')
2024-02-03 22:27:19,870 - Classification Succeeds.
2024-02-03 22:27:19,870 - Link Generation Fails.
2024-02-03 22:27:52,619 - Victim node is 16375.
2024-02-03 22:27:52,619 - tensor([19718, 19723, 19739], device='mps:0')
2024-02-03 22:27:52,621 - Classification Fails.
2024-02-03 22:27:52,621 - Link Generation Succeeds.
2024-02-03 22:28:34,444 - Victim node is 8909.
2024-02-03 22:28:34,444 - tensor([ 1050, 14044, 19732], device='mps:0')
2024-02-03 22:28:34,446 - Classification Fails.
2024-02-03 22:28:34,447 - Link Generation Succeeds.
2024-02-03 22:29:14,518 - Victim node is 3700.
2024-02-03 22:29:14,518 - tensor([19721, 19732, 19734], device='mps:0')
2024-02-03 22:29:14,519 - Classification Succeeds.
2024-02-03 22:29:14,520 - Link Generation Succeeds.
2024-02-03 22:29:55,206 - Victim node is 13465.
2024-02-03 22:29:55,206 - tensor([ 1205, 11816, 13940], device='mps:0')
2024-02-03 22:29:55,208 - Classification Succeeds.
2024-02-03 22:29:55,209 - Link Generation Fails.
2024-02-03 22:30:28,070 - Victim node is 14020.
2024-02-03 22:30:28,070 - tensor([ 1205, 12019, 13940], device='mps:0')
2024-02-03 22:30:28,072 - Classification Fails.
2024-02-03 22:30:28,073 - Link Generation Fails.
2024-02-03 22:31:01,185 - Victim node is 5532.
2024-02-03 22:31:01,185 - tensor([ 1920, 11024, 19746], device='mps:0')
2024-02-03 22:31:01,186 - Classification Fails.
2024-02-03 22:31:01,187 - Link Generation Succeeds.
2024-02-03 22:31:40,791 - Victim node is 19318.
2024-02-03 22:31:40,791 - tensor([19720, 19727, 19733], device='mps:0')
2024-02-03 22:31:40,793 - Classification Succeeds.
2024-02-03 22:31:40,793 - Link Generation Succeeds.
2024-02-03 22:32:16,119 - Victim node is 5078.
2024-02-03 22:32:16,119 - tensor([19727, 19743, 19765], device='mps:0')
2024-02-03 22:32:16,121 - Classification Fails.
2024-02-03 22:32:16,121 - Link Generation Succeeds.
2024-02-03 22:32:57,694 - Victim node is 19668.
2024-02-03 22:32:57,694 - tensor([ 1920, 19726, 19728], device='mps:0')
2024-02-03 22:32:57,696 - Classification Succeeds.
2024-02-03 22:32:57,696 - Link Generation Succeeds.
2024-02-03 22:33:29,810 - Victim node is 575.
2024-02-03 22:33:29,810 - tensor([19720, 19723, 19724], device='mps:0')
2024-02-03 22:33:29,812 - Classification Fails.
2024-02-03 22:33:29,812 - Link Generation Succeeds.
2024-02-03 22:34:07,599 - Victim node is 18583.
2024-02-03 22:34:07,599 - tensor([19731, 19733, 19743], device='mps:0')
2024-02-03 22:34:07,601 - Classification Fails.
2024-02-03 22:34:07,601 - Link Generation Succeeds.
2024-02-03 22:34:39,773 - Victim node is 9537.
2024-02-03 22:34:39,773 - tensor([ 7056, 10857, 14044], device='mps:0')
2024-02-03 22:34:39,775 - Classification Succeeds.
2024-02-03 22:34:39,776 - Link Generation Fails.
2024-02-03 22:35:16,763 - Victim node is 1818.
2024-02-03 22:35:16,763 - tensor([ 1205, 19734, 19830], device='mps:0')
2024-02-03 22:35:16,765 - Classification Succeeds.
2024-02-03 22:35:16,765 - Link Generation Succeeds.
2024-02-03 22:35:56,504 - Victim node is 9252.
2024-02-03 22:35:56,504 - tensor([ 1205, 11816, 13940], device='mps:0')
2024-02-03 22:35:56,506 - Classification Fails.
2024-02-03 22:35:56,506 - Link Generation Fails.
2024-02-03 22:36:35,979 - Victim node is 6976.
2024-02-03 22:36:35,979 - tensor([ 1205,  2361, 12019], device='mps:0')
2024-02-03 22:36:35,981 - Classification Fails.
2024-02-03 22:36:35,982 - Link Generation Fails.
2024-02-03 22:37:08,721 - Victim node is 18285.
2024-02-03 22:37:08,721 - tensor([ 7056, 14044, 18735], device='mps:0')
2024-02-03 22:37:08,723 - Classification Succeeds.
2024-02-03 22:37:08,723 - Link Generation Fails.
2024-02-03 22:37:48,811 - Victim node is 7918.
2024-02-03 22:37:48,811 - tensor([19717, 19731, 19738], device='mps:0')
2024-02-03 22:37:48,813 - Classification Fails.
2024-02-03 22:37:48,813 - Link Generation Succeeds.
2024-02-03 22:38:29,977 - Victim node is 18724.
2024-02-03 22:38:29,977 - tensor([  903,  1205, 12019], device='mps:0')
2024-02-03 22:38:29,979 - Classification Fails.
2024-02-03 22:38:29,980 - Link Generation Fails.
2024-02-03 22:39:10,787 - Victim node is 19169.
2024-02-03 22:39:10,787 - tensor([19718, 19719, 19725], device='mps:0')
2024-02-03 22:39:10,789 - Classification Fails.
2024-02-03 22:39:10,790 - Link Generation Succeeds.
2024-02-03 22:39:45,610 - Victim node is 574.
2024-02-03 22:39:45,610 - tensor([  903, 12019, 16214], device='mps:0')
2024-02-03 22:39:45,612 - Classification Succeeds.
2024-02-03 22:39:45,613 - Link Generation Fails.
2024-02-03 22:40:26,481 - Victim node is 4641.
2024-02-03 22:40:26,481 - tensor([19725, 19753, 19756], device='mps:0')
2024-02-03 22:40:26,484 - Classification Succeeds.
2024-02-03 22:40:26,484 - Link Generation Succeeds.
2024-02-03 22:40:59,453 - Victim node is 3857.
2024-02-03 22:40:59,453 - tensor([ 1205,  9471, 13940], device='mps:0')
2024-02-03 22:40:59,454 - Classification Succeeds.
2024-02-03 22:40:59,455 - Link Generation Fails.
2024-02-03 22:41:33,047 - Victim node is 15967.
2024-02-03 22:41:33,048 - tensor([19722, 19723, 19751], device='mps:0')
2024-02-03 22:41:33,049 - Classification Fails.
2024-02-03 22:41:33,050 - Link Generation Succeeds.
2024-02-03 22:42:12,982 - Victim node is 447.
2024-02-03 22:42:12,982 - tensor([ 7056, 19718, 19727], device='mps:0')
2024-02-03 22:42:12,984 - Classification Succeeds.
2024-02-03 22:42:12,984 - Link Generation Succeeds.
2024-02-03 22:42:52,814 - Victim node is 4352.
2024-02-03 22:42:52,814 - tensor([19720, 19725, 19729], device='mps:0')
2024-02-03 22:42:52,816 - Classification Fails.
2024-02-03 22:42:52,817 - Link Generation Succeeds.
2024-02-03 22:43:26,772 - Victim node is 17480.
2024-02-03 22:43:26,772 - tensor([ 1205,  9471, 13940], device='mps:0')
2024-02-03 22:43:26,774 - Classification Succeeds.
2024-02-03 22:43:26,775 - Link Generation Fails.
2024-02-03 22:44:07,807 - Victim node is 1898.
2024-02-03 22:44:07,807 - tensor([19724, 19726, 19730], device='mps:0')
2024-02-03 22:44:07,808 - Classification Succeeds.
2024-02-03 22:44:07,809 - Link Generation Succeeds.
2024-02-03 22:44:49,833 - Victim node is 644.
2024-02-03 22:44:49,833 - tensor([ 1205, 19726, 19731], device='mps:0')
2024-02-03 22:44:49,835 - Classification Fails.
2024-02-03 22:44:49,835 - Link Generation Succeeds.
2024-02-03 22:45:24,116 - Victim node is 11337.
2024-02-03 22:45:24,116 - tensor([19717, 19720, 19724], device='mps:0')
2024-02-03 22:45:24,118 - Classification Fails.
2024-02-03 22:45:24,118 - Link Generation Succeeds.
2024-02-03 22:45:56,381 - Victim node is 9749.
2024-02-03 22:45:56,381 - tensor([ 1205, 12019, 13940], device='mps:0')
2024-02-03 22:45:56,382 - Classification Succeeds.
2024-02-03 22:45:56,383 - Link Generation Fails.
2024-02-03 22:46:36,595 - Victim node is 6662.
2024-02-03 22:46:36,595 - tensor([ 1205, 12019, 19740], device='mps:0')
2024-02-03 22:46:36,597 - Classification Fails.
2024-02-03 22:46:36,598 - Link Generation Succeeds.
2024-02-03 22:47:16,555 - Victim node is 16799.
2024-02-03 22:47:16,555 - tensor([19726, 19731, 19736], device='mps:0')
2024-02-03 22:47:16,557 - Classification Fails.
2024-02-03 22:47:16,557 - Link Generation Succeeds.
2024-02-03 22:47:50,601 - Victim node is 4957.
2024-02-03 22:47:50,602 - tensor([ 5375,  7056, 19722], device='mps:0')
2024-02-03 22:47:50,603 - Classification Succeeds.
2024-02-03 22:47:50,604 - Link Generation Succeeds.
2024-02-03 22:48:24,273 - Victim node is 15888.
2024-02-03 22:48:24,274 - tensor([  903,  4058, 12019], device='mps:0')
2024-02-03 22:48:24,275 - Classification Fails.
2024-02-03 22:48:24,276 - Link Generation Fails.
2024-02-03 22:49:08,259 - Victim node is 16843.
2024-02-03 22:49:08,259 - tensor([ 1205, 11816, 13940], device='mps:0')
2024-02-03 22:49:08,261 - Classification Succeeds.
2024-02-03 22:49:08,262 - Link Generation Fails.
2024-02-03 22:49:43,415 - Victim node is 17338.
2024-02-03 22:49:43,415 - tensor([19718, 19720, 19721], device='mps:0')
2024-02-03 22:49:43,417 - Classification Succeeds.
2024-02-03 22:49:43,418 - Link Generation Succeeds.
2024-02-03 22:50:15,594 - Victim node is 11273.
2024-02-03 22:50:15,594 - tensor([ 1920, 19723, 19741], device='mps:0')
2024-02-03 22:50:15,595 - Classification Succeeds.
2024-02-03 22:50:15,596 - Link Generation Succeeds.
2024-02-03 22:50:47,921 - Victim node is 5315.
2024-02-03 22:50:47,921 - tensor([19725, 19730, 19736], device='mps:0')
2024-02-03 22:50:47,923 - Classification Fails.
2024-02-03 22:50:47,923 - Link Generation Succeeds.
2024-02-03 22:51:25,174 - Victim node is 17899.
2024-02-03 22:51:25,174 - tensor([ 1205,  9471, 14742], device='mps:0')
2024-02-03 22:51:25,176 - Classification Succeeds.
2024-02-03 22:51:25,177 - Link Generation Fails.
2024-02-03 22:52:01,660 - Victim node is 4112.
2024-02-03 22:52:01,661 - tensor([ 8058, 11024, 11450], device='mps:0')
2024-02-03 22:52:01,663 - Classification Succeeds.
2024-02-03 22:52:01,663 - Link Generation Fails.
2024-02-03 22:52:36,751 - Victim node is 18411.
2024-02-03 22:52:36,751 - tensor([19824, 19860, 19874], device='mps:0')
2024-02-03 22:52:36,753 - Classification Succeeds.
2024-02-03 22:52:36,753 - Link Generation Succeeds.
2024-02-03 22:53:18,422 - Victim node is 15412.
2024-02-03 22:53:18,422 - tensor([ 1920,  4938, 11024], device='mps:0')
2024-02-03 22:53:18,424 - Classification Succeeds.
2024-02-03 22:53:18,424 - Link Generation Fails.
2024-02-03 22:53:59,726 - Victim node is 11726.
2024-02-03 22:53:59,726 - tensor([ 1920,  7056, 19725], device='mps:0')
2024-02-03 22:53:59,728 - Classification Succeeds.
2024-02-03 22:53:59,728 - Link Generation Succeeds.
2024-02-03 22:54:47,976 - Victim node is 10265.
2024-02-03 22:54:47,977 - tensor([ 1205, 13940, 20108], device='mps:0')
2024-02-03 22:54:47,978 - Classification Fails.
2024-02-03 22:54:47,979 - Link Generation Succeeds.
2024-02-03 22:55:20,895 - Victim node is 8742.
2024-02-03 22:55:20,895 - tensor([19721, 19724, 19725], device='mps:0')
2024-02-03 22:55:20,896 - Classification Fails.
2024-02-03 22:55:20,897 - Link Generation Succeeds.
2024-02-03 22:56:01,367 - Victim node is 10308.
2024-02-03 22:56:01,367 - tensor([ 1205, 13940, 20174], device='mps:0')
2024-02-03 22:56:01,369 - Classification Succeeds.
2024-02-03 22:56:01,370 - Link Generation Succeeds.
2024-02-03 22:56:35,893 - Victim node is 15289.
2024-02-03 22:56:35,893 - tensor([  357,  1205, 12019], device='mps:0')
2024-02-03 22:56:35,895 - Classification Succeeds.
2024-02-03 22:56:35,895 - Link Generation Fails.
2024-02-03 22:57:10,980 - Victim node is 7137.
2024-02-03 22:57:10,980 - tensor([ 7056, 19726, 19733], device='mps:0')
2024-02-03 22:57:10,982 - Classification Succeeds.
2024-02-03 22:57:10,983 - Link Generation Succeeds.
2024-02-03 22:57:44,116 - Victim node is 439.
2024-02-03 22:57:44,116 - tensor([ 1920,  5375, 19738], device='mps:0')
2024-02-03 22:57:44,118 - Classification Succeeds.
2024-02-03 22:57:44,118 - Link Generation Succeeds.
2024-02-03 22:58:18,918 - Victim node is 17475.
2024-02-03 22:58:18,918 - tensor([ 1205,  2361, 12019], device='mps:0')
2024-02-03 22:58:18,920 - Classification Succeeds.
2024-02-03 22:58:18,920 - Link Generation Fails.
2024-02-03 22:58:54,669 - Victim node is 15299.
2024-02-03 22:58:54,669 - tensor([19764, 19802, 19819], device='mps:0')
2024-02-03 22:58:54,671 - Classification Succeeds.
2024-02-03 22:58:54,671 - Link Generation Succeeds.
2024-02-03 22:59:34,026 - Victim node is 409.
2024-02-03 22:59:34,026 - tensor([ 1920,  7056, 19720], device='mps:0')
2024-02-03 22:59:34,028 - Classification Succeeds.
2024-02-03 22:59:34,029 - Link Generation Succeeds.
2024-02-03 23:00:09,873 - Victim node is 15583.
2024-02-03 23:00:09,873 - tensor([ 1205, 13940, 19770], device='mps:0')
2024-02-03 23:00:09,875 - Classification Succeeds.
2024-02-03 23:00:09,876 - Link Generation Succeeds.
2024-02-03 23:00:44,131 - Victim node is 264.
2024-02-03 23:00:44,131 - tensor([19726, 19736, 19742], device='mps:0')
2024-02-03 23:00:44,132 - Classification Succeeds.
2024-02-03 23:00:44,133 - Link Generation Succeeds.
2024-02-03 23:01:24,764 - Victim node is 18690.
2024-02-03 23:01:24,765 - tensor([  903,  1205, 12019], device='mps:0')
2024-02-03 23:01:24,766 - Classification Succeeds.
2024-02-03 23:01:24,767 - Link Generation Fails.
2024-02-03 23:01:59,457 - Victim node is 3707.
2024-02-03 23:01:59,458 - tensor([  903,  1205, 12019], device='mps:0')
2024-02-03 23:01:59,459 - Classification Succeeds.
2024-02-03 23:01:59,460 - Link Generation Fails.
2024-02-03 23:02:32,837 - Victim node is 1785.
2024-02-03 23:02:32,837 - tensor([ 1205, 13940, 19743], device='mps:0')
2024-02-03 23:02:32,839 - Classification Succeeds.
2024-02-03 23:02:32,839 - Link Generation Succeeds.
2024-02-03 23:03:08,662 - Victim node is 11095.
2024-02-03 23:03:08,662 - tensor([ 1205, 13940, 19871], device='mps:0')
2024-02-03 23:03:08,663 - Classification Succeeds.
2024-02-03 23:03:08,664 - Link Generation Succeeds.
2024-02-03 23:03:51,474 - Victim node is 18227.
2024-02-03 23:03:51,474 - tensor([ 1205, 12019, 13940], device='mps:0')
2024-02-03 23:03:51,476 - Classification Succeeds.
2024-02-03 23:03:51,477 - Link Generation Fails.
2024-02-03 23:04:32,851 - Victim node is 18976.
2024-02-03 23:04:32,851 - tensor([ 1920, 14893, 19720], device='mps:0')
2024-02-03 23:04:32,853 - Classification Succeeds.
2024-02-03 23:04:32,854 - Link Generation Succeeds.
2024-02-03 23:05:11,754 - Victim node is 16159.
2024-02-03 23:05:11,754 - tensor([19719, 19727, 19732], device='mps:0')
2024-02-03 23:05:11,756 - Classification Fails.
2024-02-03 23:05:11,756 - Link Generation Succeeds.
2024-02-03 23:05:44,575 - Victim node is 13723.
2024-02-03 23:05:44,575 - tensor([ 1205, 13940, 19751], device='mps:0')
2024-02-03 23:05:44,577 - Classification Succeeds.
2024-02-03 23:05:44,577 - Link Generation Succeeds.
2024-02-03 23:06:18,523 - Victim node is 10274.
2024-02-03 23:06:18,523 - tensor([ 1205, 13940, 19751], device='mps:0')
2024-02-03 23:06:18,525 - Classification Fails.
2024-02-03 23:06:18,525 - Link Generation Succeeds.
2024-02-03 23:06:50,187 - Victim node is 7603.
2024-02-03 23:06:50,187 - tensor([ 7056, 14044, 18735], device='mps:0')
2024-02-03 23:06:50,189 - Classification Succeeds.
2024-02-03 23:06:50,189 - Link Generation Fails.
2024-02-03 23:07:22,354 - Victim node is 9257.
2024-02-03 23:07:22,354 - tensor([  903, 12019, 16214], device='mps:0')
2024-02-03 23:07:22,356 - Classification Succeeds.
2024-02-03 23:07:22,357 - Link Generation Fails.
2024-02-03 23:07:54,395 - Victim node is 15831.
2024-02-03 23:07:54,396 - tensor([ 7056, 19737, 19742], device='mps:0')
2024-02-03 23:07:54,397 - Classification Fails.
2024-02-03 23:07:54,398 - Link Generation Succeeds.
2024-02-03 23:08:32,429 - Victim node is 11205.
2024-02-03 23:08:32,429 - tensor([12019, 19731, 19735], device='mps:0')
2024-02-03 23:08:32,430 - Classification Succeeds.
2024-02-03 23:08:32,431 - Link Generation Succeeds.
2024-02-03 23:09:05,307 - Victim node is 8156.
2024-02-03 23:09:05,307 - tensor([ 1920, 19718, 19727], device='mps:0')
2024-02-03 23:09:05,308 - Classification Fails.
2024-02-03 23:09:05,309 - Link Generation Succeeds.
2024-02-03 23:09:46,235 - Victim node is 4944.
2024-02-03 23:09:46,235 - tensor([19725, 19730, 19731], device='mps:0')
2024-02-03 23:09:46,237 - Classification Succeeds.
2024-02-03 23:09:46,237 - Link Generation Succeeds.
2024-02-03 23:10:18,796 - Victim node is 5795.
2024-02-03 23:10:18,796 - tensor([19732, 19752, 19756], device='mps:0')
2024-02-03 23:10:18,798 - Classification Fails.
2024-02-03 23:10:18,798 - Link Generation Succeeds.
2024-02-03 23:10:56,875 - Victim node is 5912.
2024-02-03 23:10:56,875 - tensor([19719, 19724, 19728], device='mps:0')
2024-02-03 23:10:56,877 - Classification Succeeds.
2024-02-03 23:10:56,877 - Link Generation Succeeds.
2024-02-03 23:11:29,266 - Victim node is 16056.
2024-02-03 23:11:29,266 - tensor([ 1205, 12019, 13940], device='mps:0')
2024-02-03 23:11:29,268 - Classification Succeeds.
2024-02-03 23:11:29,268 - Link Generation Fails.
2024-02-03 23:12:07,869 - Victim node is 9801.
2024-02-03 23:12:07,869 - tensor([ 1205, 19734, 19759], device='mps:0')
2024-02-03 23:12:07,871 - Classification Succeeds.
2024-02-03 23:12:07,871 - Link Generation Succeeds.
2024-02-03 23:12:45,701 - Victim node is 2961.
2024-02-03 23:12:45,701 - tensor([ 7056, 19723, 19727], device='mps:0')
2024-02-03 23:12:45,702 - Classification Fails.
2024-02-03 23:12:45,703 - Link Generation Succeeds.
2024-02-03 23:13:15,433 - Victim node is 1233.
2024-02-03 23:13:15,434 - tensor([ 1205, 13940, 19837], device='mps:0')
2024-02-03 23:13:15,436 - Classification Fails.
2024-02-03 23:13:15,437 - Link Generation Succeeds.
2024-02-03 23:13:47,363 - Victim node is 6709.
2024-02-03 23:13:47,363 - tensor([ 1205, 19726, 19744], device='mps:0')
2024-02-03 23:13:47,365 - Classification Succeeds.
2024-02-03 23:13:47,365 - Link Generation Succeeds.
2024-02-03 23:14:26,133 - Victim node is 6990.
2024-02-03 23:14:26,134 - tensor([19719, 19723, 19724], device='mps:0')
2024-02-03 23:14:26,136 - Classification Fails.
2024-02-03 23:14:26,136 - Link Generation Succeeds.
2024-02-03 23:14:57,713 - Victim node is 16710.
2024-02-03 23:14:57,713 - tensor([19722, 19735, 19748], device='mps:0')
2024-02-03 23:14:57,715 - Classification Fails.
2024-02-03 23:14:57,715 - Link Generation Succeeds.
2024-02-03 23:15:29,594 - Victim node is 17706.
2024-02-03 23:15:29,594 - tensor([19718, 19721, 19723], device='mps:0')
2024-02-03 23:15:29,595 - Classification Succeeds.
2024-02-03 23:15:29,596 - Link Generation Succeeds.
2024-02-03 23:16:08,605 - Victim node is 15359.
2024-02-03 23:16:08,606 - tensor([ 4058, 11450, 12019], device='mps:0')
2024-02-03 23:16:08,607 - Classification Succeeds.
2024-02-03 23:16:08,608 - Link Generation Fails.
2024-02-03 23:16:48,523 - Victim node is 17403.
2024-02-03 23:16:48,523 - tensor([19725, 19726, 19737], device='mps:0')
2024-02-03 23:16:48,525 - Classification Succeeds.
2024-02-03 23:16:48,525 - Link Generation Succeeds.
2024-02-03 23:17:27,215 - Victim node is 1792.
2024-02-03 23:17:27,215 - tensor([1920, 5375, 7056], device='mps:0')
2024-02-03 23:17:27,217 - Classification Succeeds.
2024-02-03 23:17:27,218 - Link Generation Fails.
2024-02-03 23:17:58,170 - Victim node is 18797.
2024-02-03 23:17:58,171 - tensor([ 1205, 19788, 19806], device='mps:0')
2024-02-03 23:17:58,173 - Classification Succeeds.
2024-02-03 23:17:58,173 - Link Generation Succeeds.
2024-02-03 23:18:30,251 - Victim node is 15350.
2024-02-03 23:18:30,251 - tensor([ 1920,  5375, 15841], device='mps:0')
2024-02-03 23:18:30,252 - Classification Succeeds.
2024-02-03 23:18:30,253 - Link Generation Fails.
2024-02-03 23:19:08,693 - Victim node is 6071.
2024-02-03 23:19:08,694 - tensor([ 7056, 19718, 19719], device='mps:0')
2024-02-03 23:19:08,696 - Classification Succeeds.
2024-02-03 23:19:08,697 - Link Generation Succeeds.
2024-02-03 23:19:39,313 - Victim node is 4094.
2024-02-03 23:19:39,313 - tensor([ 1205, 19750, 19774], device='mps:0')
2024-02-03 23:19:39,315 - Classification Fails.
2024-02-03 23:19:39,315 - Link Generation Succeeds.
2024-02-03 23:20:13,480 - Victim node is 9475.
2024-02-03 23:20:13,480 - tensor([  903,  4058, 12019], device='mps:0')
2024-02-03 23:20:13,482 - Classification Succeeds.
2024-02-03 23:20:13,483 - Link Generation Fails.
2024-02-03 23:20:52,196 - Victim node is 7172.
2024-02-03 23:20:52,197 - tensor([19717, 19720, 19725], device='mps:0')
2024-02-03 23:20:52,198 - Classification Fails.
2024-02-03 23:20:52,199 - Link Generation Succeeds.
2024-02-03 23:21:29,739 - Victim node is 15800.
2024-02-03 23:21:29,740 - tensor([19722, 19723, 19728], device='mps:0')
2024-02-03 23:21:29,741 - Classification Succeeds.
2024-02-03 23:21:29,742 - Link Generation Succeeds.
2024-02-03 23:22:01,315 - Victim node is 15017.
2024-02-03 23:22:01,315 - tensor([ 7056, 10857, 19722], device='mps:0')
2024-02-03 23:22:01,317 - Classification Fails.
2024-02-03 23:22:01,318 - Link Generation Succeeds.
2024-02-03 23:22:37,389 - Victim node is 10087.
2024-02-03 23:22:37,390 - tensor([ 1205,  2361, 12019], device='mps:0')
2024-02-03 23:22:37,391 - Classification Succeeds.
2024-02-03 23:22:37,392 - Link Generation Fails.
2024-02-03 23:23:09,108 - Victim node is 12475.
2024-02-03 23:23:09,109 - tensor([19731, 19751, 19807], device='mps:0')
2024-02-03 23:23:09,110 - Classification Succeeds.
2024-02-03 23:23:09,111 - Link Generation Succeeds.
2024-02-03 23:23:42,583 - Victim node is 1666.
2024-02-03 23:23:42,583 - tensor([19741, 19750, 19752], device='mps:0')
2024-02-03 23:23:42,585 - Classification Fails.
2024-02-03 23:23:42,585 - Link Generation Succeeds.
2024-02-03 23:24:14,341 - Victim node is 10563.
2024-02-03 23:24:14,342 - tensor([19717, 19721, 19723], device='mps:0')
2024-02-03 23:24:14,343 - Classification Fails.
2024-02-03 23:24:14,344 - Link Generation Succeeds.
2024-02-03 23:24:46,106 - Victim node is 4290.
2024-02-03 23:24:46,106 - tensor([19736, 19746, 19760], device='mps:0')
2024-02-03 23:24:46,108 - Classification Succeeds.
2024-02-03 23:24:46,108 - Link Generation Succeeds.
2024-02-03 23:25:16,741 - Victim node is 9320.
2024-02-03 23:25:16,742 - tensor([ 7056, 19717, 19722], device='mps:0')
2024-02-03 23:25:16,743 - Classification Succeeds.
2024-02-03 23:25:16,744 - Link Generation Succeeds.
2024-02-03 23:25:56,745 - Victim node is 407.
2024-02-03 23:25:56,745 - tensor([  357,   903, 12019], device='mps:0')
2024-02-03 23:25:56,746 - Classification Succeeds.
2024-02-03 23:25:56,747 - Link Generation Fails.
2024-02-03 23:26:28,123 - Victim node is 13123.
2024-02-03 23:26:28,124 - tensor([ 1920,  5375, 11024], device='mps:0')
2024-02-03 23:26:28,125 - Classification Succeeds.
2024-02-03 23:26:28,126 - Link Generation Fails.
2024-02-03 23:27:00,981 - Victim node is 18361.
2024-02-03 23:27:00,981 - tensor([19719, 19722, 19723], device='mps:0')
2024-02-03 23:27:00,983 - Classification Succeeds.
2024-02-03 23:27:00,983 - Link Generation Succeeds.
2024-02-03 23:27:39,766 - Victim node is 1138.
2024-02-03 23:27:39,766 - tensor([ 1205, 11816, 13940], device='mps:0')
2024-02-03 23:27:39,768 - Classification Succeeds.
2024-02-03 23:27:39,769 - Link Generation Fails.
2024-02-03 23:28:11,555 - Victim node is 19475.
2024-02-03 23:28:11,555 - tensor([ 1920, 19726, 19751], device='mps:0')
2024-02-03 23:28:11,557 - Classification Fails.
2024-02-03 23:28:11,558 - Link Generation Succeeds.
2024-02-03 23:28:50,305 - Victim node is 2938.
2024-02-03 23:28:50,305 - tensor([ 1920,  4938, 10857], device='mps:0')
2024-02-03 23:28:50,307 - Classification Succeeds.
2024-02-03 23:28:50,308 - Link Generation Fails.
2024-02-03 23:29:29,731 - Victim node is 12614.
2024-02-03 23:29:29,731 - tensor([ 1205, 12019, 13940], device='mps:0')
2024-02-03 23:29:29,733 - Classification Succeeds.
2024-02-03 23:29:29,733 - Link Generation Fails.
2024-02-03 23:30:00,182 - Victim node is 16901.
2024-02-03 23:30:00,182 - tensor([  357,   903, 12019], device='mps:0')
2024-02-03 23:30:00,184 - Classification Succeeds.
2024-02-03 23:30:00,184 - Link Generation Fails.
2024-02-03 23:30:37,336 - Victim node is 14293.
2024-02-03 23:30:37,336 - tensor([ 1920, 19722, 19728], device='mps:0')
2024-02-03 23:30:37,338 - Classification Succeeds.
2024-02-03 23:30:37,339 - Link Generation Succeeds.
2024-02-03 23:31:14,108 - Victim node is 19005.
2024-02-03 23:31:14,108 - tensor([  903,  4058, 12019], device='mps:0')
2024-02-03 23:31:14,111 - Classification Succeeds.
2024-02-03 23:31:14,111 - Link Generation Fails.
2024-02-03 23:31:45,879 - Victim node is 286.
2024-02-03 23:31:45,879 - tensor([ 1205, 19750, 19754], device='mps:0')
2024-02-03 23:31:45,881 - Classification Fails.
2024-02-03 23:31:45,882 - Link Generation Succeeds.
2024-02-03 23:32:17,499 - Victim node is 3236.
2024-02-03 23:32:17,499 - tensor([  357,   903, 12019], device='mps:0')
2024-02-03 23:32:17,501 - Classification Succeeds.
2024-02-03 23:32:17,502 - Link Generation Fails.
2024-02-03 23:32:48,619 - Victim node is 19713.
2024-02-03 23:32:48,619 - tensor([ 5375, 15841, 19723], device='mps:0')
2024-02-03 23:32:48,621 - Classification Succeeds.
2024-02-03 23:32:48,622 - Link Generation Succeeds.
2024-02-03 23:33:20,411 - Victim node is 138.
2024-02-03 23:33:20,411 - tensor([ 7056, 14044, 19720], device='mps:0')
2024-02-03 23:33:20,413 - Classification Succeeds.
2024-02-03 23:33:20,413 - Link Generation Succeeds.
2024-02-03 23:33:59,942 - Victim node is 12646.
2024-02-03 23:33:59,942 - tensor([19723, 19738, 19770], device='mps:0')
2024-02-03 23:33:59,944 - Classification Fails.
2024-02-03 23:33:59,945 - Link Generation Succeeds.
2024-02-03 23:34:38,259 - Victim node is 7160.
2024-02-03 23:34:38,259 - tensor([ 7056, 10857, 19717], device='mps:0')
2024-02-03 23:34:38,261 - Classification Succeeds.
2024-02-03 23:34:38,262 - Link Generation Succeeds.
2024-02-03 23:35:11,232 - Victim node is 15455.
2024-02-03 23:35:11,232 - tensor([19725, 19758, 19876], device='mps:0')
2024-02-03 23:35:11,234 - Classification Succeeds.
2024-02-03 23:35:11,234 - Link Generation Succeeds.
2024-02-03 23:35:51,036 - Victim node is 2664.
2024-02-03 23:35:51,036 - tensor([19725, 19731, 19739], device='mps:0')
2024-02-03 23:35:51,038 - Classification Fails.
2024-02-03 23:35:51,038 - Link Generation Succeeds.
2024-02-03 23:36:28,934 - Victim node is 12588.
2024-02-03 23:36:28,934 - tensor([19719, 19722, 19724], device='mps:0')
2024-02-03 23:36:28,936 - Classification Succeeds.
2024-02-03 23:36:28,936 - Link Generation Succeeds.
2024-02-03 23:37:06,732 - Victim node is 12431.
2024-02-03 23:37:06,732 - tensor([ 4058, 11894, 12019], device='mps:0')
2024-02-03 23:37:06,734 - Classification Succeeds.
2024-02-03 23:37:06,735 - Link Generation Fails.
2024-02-03 23:37:40,724 - Victim node is 17670.
2024-02-03 23:37:40,724 - tensor([ 1920,  5375, 15841], device='mps:0')
2024-02-03 23:37:40,726 - Classification Fails.
2024-02-03 23:37:40,727 - Link Generation Fails.
2024-02-03 23:38:18,216 - Victim node is 18773.
2024-02-03 23:38:18,216 - tensor([  903,  4058, 12019], device='mps:0')
2024-02-03 23:38:18,218 - Classification Succeeds.
2024-02-03 23:38:18,219 - Link Generation Fails.
2024-02-03 23:38:53,540 - Victim node is 6557.
2024-02-03 23:38:53,540 - tensor([ 1205, 13940, 19752], device='mps:0')
2024-02-03 23:38:53,542 - Classification Succeeds.
2024-02-03 23:38:53,543 - Link Generation Succeeds.
2024-02-03 23:39:33,723 - Victim node is 5260.
2024-02-03 23:39:33,723 - tensor([19720, 19723, 19729], device='mps:0')
2024-02-03 23:39:33,725 - Classification Fails.
2024-02-03 23:39:33,725 - Link Generation Succeeds.
2024-02-03 23:40:14,031 - Victim node is 17348.
2024-02-03 23:40:14,031 - tensor([19719, 19720, 19721], device='mps:0')
2024-02-03 23:40:14,033 - Classification Fails.
2024-02-03 23:40:14,034 - Link Generation Succeeds.
2024-02-03 23:40:47,061 - Victim node is 3312.
2024-02-03 23:40:47,062 - tensor([19717, 19718, 19720], device='mps:0')
2024-02-03 23:40:47,064 - Classification Fails.
2024-02-03 23:40:47,064 - Link Generation Succeeds.
2024-02-03 23:41:19,134 - Victim node is 13889.
2024-02-03 23:41:19,134 - tensor([ 1920,  7056, 19722], device='mps:0')
2024-02-03 23:41:19,136 - Classification Fails.
2024-02-03 23:41:19,137 - Link Generation Succeeds.
2024-02-03 23:41:58,072 - Victim node is 7809.
2024-02-03 23:41:58,072 - tensor([ 1920,  7056, 19727], device='mps:0')
2024-02-03 23:41:58,074 - Classification Succeeds.
2024-02-03 23:41:58,075 - Link Generation Succeeds.
2024-02-03 23:42:30,540 - Victim node is 5082.
2024-02-03 23:42:30,540 - tensor([ 1205,  2361, 12019], device='mps:0')
2024-02-03 23:42:30,542 - Classification Succeeds.
2024-02-03 23:42:30,542 - Link Generation Fails.
2024-02-03 23:43:11,017 - Victim node is 17665.
2024-02-03 23:43:11,017 - tensor([19735, 19746, 19762], device='mps:0')
2024-02-03 23:43:11,019 - Classification Fails.
2024-02-03 23:43:11,019 - Link Generation Succeeds.
2024-02-03 23:43:44,178 - Victim node is 9757.
2024-02-03 23:43:44,178 - tensor([ 1205, 13940, 19745], device='mps:0')
2024-02-03 23:43:44,180 - Classification Succeeds.
2024-02-03 23:43:44,180 - Link Generation Succeeds.
2024-02-03 23:44:17,367 - Victim node is 12602.
2024-02-03 23:44:17,367 - tensor([19730, 19734, 19736], device='mps:0')
2024-02-03 23:44:17,368 - Classification Succeeds.
2024-02-03 23:44:17,369 - Link Generation Succeeds.
2024-02-03 23:44:56,372 - Victim node is 7437.
2024-02-03 23:44:56,372 - tensor([ 7056, 19718, 19726], device='mps:0')
2024-02-03 23:44:56,374 - Classification Fails.
2024-02-03 23:44:56,374 - Link Generation Succeeds.
2024-02-03 23:45:36,656 - Victim node is 391.
2024-02-03 23:45:36,656 - tensor([  357,  1205, 12019], device='mps:0')
2024-02-03 23:45:36,658 - Classification Succeeds.
2024-02-03 23:45:36,659 - Link Generation Fails.
2024-02-03 23:46:20,927 - Victim node is 8509.
2024-02-03 23:46:20,928 - tensor([11024, 11450, 12019], device='mps:0')
2024-02-03 23:46:20,929 - Classification Succeeds.
2024-02-03 23:46:20,930 - Link Generation Fails.
2024-02-03 23:46:53,584 - Victim node is 12586.
2024-02-03 23:46:53,584 - tensor([19726, 19762, 19770], device='mps:0')
2024-02-03 23:46:53,586 - Classification Fails.
2024-02-03 23:46:53,587 - Link Generation Succeeds.
2024-02-03 23:47:31,791 - Victim node is 18042.
2024-02-03 23:47:31,791 - tensor([19724, 19725, 19726], device='mps:0')
2024-02-03 23:47:31,792 - Classification Fails.
2024-02-03 23:47:31,793 - Link Generation Succeeds.
2024-02-03 23:48:03,851 - Victim node is 18873.
2024-02-03 23:48:03,851 - tensor([ 1205, 11816, 13940], device='mps:0')
2024-02-03 23:48:03,853 - Classification Succeeds.
2024-02-03 23:48:03,853 - Link Generation Fails.
2024-02-03 23:48:42,501 - Victim node is 13048.
2024-02-03 23:48:42,501 - tensor([19717, 19724, 19726], device='mps:0')
2024-02-03 23:48:42,503 - Classification Fails.
2024-02-03 23:48:42,504 - Link Generation Succeeds.
2024-02-03 23:49:21,242 - Victim node is 6875.
2024-02-03 23:49:21,242 - tensor([19720, 19733, 19734], device='mps:0')
2024-02-03 23:49:21,243 - Classification Fails.
2024-02-03 23:49:21,244 - Link Generation Succeeds.
2024-02-03 23:49:59,787 - Victim node is 1442.
2024-02-03 23:49:59,788 - tensor([19726, 19730, 19734], device='mps:0')
2024-02-03 23:49:59,789 - Classification Fails.
2024-02-03 23:49:59,790 - Link Generation Succeeds.
2024-02-03 23:50:31,484 - Victim node is 4880.
2024-02-03 23:50:31,484 - tensor([ 1205, 11816, 13940], device='mps:0')
2024-02-03 23:50:31,486 - Classification Succeeds.
2024-02-03 23:50:31,486 - Link Generation Fails.
2024-02-03 23:51:03,743 - Victim node is 19253.
2024-02-03 23:51:03,743 - tensor([ 7056, 10857, 19734], device='mps:0')
2024-02-03 23:51:03,744 - Classification Succeeds.
2024-02-03 23:51:03,745 - Link Generation Succeeds.
2024-02-03 23:51:36,467 - Victim node is 10705.
2024-02-03 23:51:36,467 - tensor([  903,  4058, 12019], device='mps:0')
2024-02-03 23:51:36,469 - Classification Succeeds.
2024-02-03 23:51:36,469 - Link Generation Fails.
2024-02-03 23:52:12,525 - Victim node is 5618.
2024-02-03 23:52:12,525 - tensor([19740, 19816, 19888], device='mps:0')
2024-02-03 23:52:12,527 - Classification Fails.
2024-02-03 23:52:12,527 - Link Generation Succeeds.
2024-02-03 23:52:45,289 - Victim node is 5703.
2024-02-03 23:52:45,289 - tensor([19718, 19727, 19748], device='mps:0')
2024-02-03 23:52:45,291 - Classification Fails.
2024-02-03 23:52:45,291 - Link Generation Succeeds.
2024-02-03 23:53:24,762 - Victim node is 3250.
2024-02-03 23:53:24,762 - tensor([ 1920,  2361, 12019], device='mps:0')
2024-02-03 23:53:24,764 - Classification Fails.
2024-02-03 23:53:24,764 - Link Generation Fails.
2024-02-03 23:54:03,774 - Victim node is 12554.
2024-02-03 23:54:03,774 - tensor([ 1920,  7056, 19717], device='mps:0')
2024-02-03 23:54:03,776 - Classification Fails.
2024-02-03 23:54:03,777 - Link Generation Succeeds.
2024-02-03 23:54:36,325 - Victim node is 9300.
2024-02-03 23:54:36,325 - tensor([ 1205, 12019, 13940], device='mps:0')
2024-02-03 23:54:36,327 - Classification Succeeds.
2024-02-03 23:54:36,328 - Link Generation Fails.
2024-02-03 23:55:09,061 - Victim node is 11798.
2024-02-03 23:55:09,061 - tensor([ 8626, 12019, 15841], device='mps:0')
2024-02-03 23:55:09,062 - Classification Succeeds.
2024-02-03 23:55:09,063 - Link Generation Fails.
2024-02-03 23:55:49,302 - Victim node is 18409.
2024-02-03 23:55:49,302 - tensor([19718, 19723, 19730], device='mps:0')
2024-02-03 23:55:49,304 - Classification Fails.
2024-02-03 23:55:49,304 - Link Generation Succeeds.
2024-02-03 23:56:21,347 - Victim node is 8021.
2024-02-03 23:56:21,348 - tensor([ 1205, 12019, 16214], device='mps:0')
2024-02-03 23:56:21,349 - Classification Succeeds.
2024-02-03 23:56:21,350 - Link Generation Fails.
2024-02-03 23:57:02,118 - Victim node is 1415.
2024-02-03 23:57:02,118 - tensor([19720, 19772, 19773], device='mps:0')
2024-02-03 23:57:02,119 - Classification Succeeds.
2024-02-03 23:57:02,120 - Link Generation Succeeds.
2024-02-03 23:57:34,307 - Victim node is 5179.
2024-02-03 23:57:34,307 - tensor([19718, 19734, 19750], device='mps:0')
2024-02-03 23:57:34,309 - Classification Fails.
2024-02-03 23:57:34,309 - Link Generation Succeeds.
2024-02-03 23:58:14,951 - Victim node is 9043.
2024-02-03 23:58:14,951 - tensor([19724, 19743, 19770], device='mps:0')
2024-02-03 23:58:14,953 - Classification Fails.
2024-02-03 23:58:14,953 - Link Generation Succeeds.
2024-02-03 23:58:54,644 - Victim node is 18893.
2024-02-03 23:58:54,644 - tensor([ 1920, 19743, 19766], device='mps:0')
2024-02-03 23:58:54,646 - Classification Succeeds.
2024-02-03 23:58:54,647 - Link Generation Succeeds.
2024-02-03 23:59:27,174 - Victim node is 5694.
2024-02-03 23:59:27,174 - tensor([ 1920,  2361, 19717], device='mps:0')
2024-02-03 23:59:27,176 - Classification Fails.
2024-02-03 23:59:27,177 - Link Generation Succeeds.
2024-02-04 00:00:07,133 - Victim node is 16432.
2024-02-04 00:00:07,133 - tensor([19719, 19720, 19730], device='mps:0')
2024-02-04 00:00:07,135 - Classification Succeeds.
2024-02-04 00:00:07,135 - Link Generation Succeeds.
2024-02-04 00:00:46,777 - Victim node is 12311.
2024-02-04 00:00:46,778 - tensor([ 1205,  9471, 19763], device='mps:0')
2024-02-04 00:00:46,780 - Classification Fails.
2024-02-04 00:00:46,780 - Link Generation Succeeds.
2024-02-04 00:01:25,076 - Victim node is 2675.
2024-02-04 00:01:25,076 - tensor([ 1205, 11816, 13940], device='mps:0')
2024-02-04 00:01:25,078 - Classification Succeeds.
2024-02-04 00:01:25,078 - Link Generation Fails.
2024-02-04 00:02:03,716 - Victim node is 11910.
2024-02-04 00:02:03,716 - tensor([ 1205, 13940, 14742], device='mps:0')
2024-02-04 00:02:03,718 - Classification Succeeds.
2024-02-04 00:02:03,719 - Link Generation Fails.
2024-02-04 00:02:42,129 - Victim node is 7608.
2024-02-04 00:02:42,129 - tensor([ 5375, 15841, 19730], device='mps:0')
2024-02-04 00:02:42,131 - Classification Fails.
2024-02-04 00:02:42,131 - Link Generation Succeeds.
2024-02-04 00:03:23,127 - Victim node is 10873.
2024-02-04 00:03:23,128 - tensor([ 1205, 13940, 19718], device='mps:0')
2024-02-04 00:03:23,129 - Classification Succeeds.
2024-02-04 00:03:23,130 - Link Generation Succeeds.
2024-02-04 00:03:56,999 - Victim node is 11561.
2024-02-04 00:03:56,999 - tensor([ 1920, 19719, 19722], device='mps:0')
2024-02-04 00:03:57,001 - Classification Succeeds.
2024-02-04 00:03:57,002 - Link Generation Succeeds.
2024-02-04 00:04:29,149 - Victim node is 7935.
2024-02-04 00:04:29,150 - tensor([ 1205, 11816, 13940], device='mps:0')
2024-02-04 00:04:29,152 - Classification Fails.
2024-02-04 00:04:29,152 - Link Generation Fails.
2024-02-04 00:05:10,365 - Victim node is 8835.
2024-02-04 00:05:10,365 - tensor([19726, 19729, 19732], device='mps:0')
2024-02-04 00:05:10,367 - Classification Fails.
2024-02-04 00:05:10,367 - Link Generation Succeeds.
2024-02-04 00:05:42,828 - Victim node is 19402.
2024-02-04 00:05:42,829 - tensor([ 1920, 19771, 19867], device='mps:0')
2024-02-04 00:05:42,831 - Classification Succeeds.
2024-02-04 00:05:42,831 - Link Generation Succeeds.
2024-02-04 00:06:20,951 - Victim node is 17352.
2024-02-04 00:06:20,951 - tensor([19719, 19721, 19727], device='mps:0')
2024-02-04 00:06:20,952 - Classification Fails.
2024-02-04 00:06:20,953 - Link Generation Succeeds.
2024-02-04 00:06:52,642 - Victim node is 1189.
2024-02-04 00:06:52,642 - tensor([  903,  1205, 12019], device='mps:0')
2024-02-04 00:06:52,644 - Classification Fails.
2024-02-04 00:06:52,645 - Link Generation Fails.
2024-02-04 00:07:30,624 - Victim node is 14402.
2024-02-04 00:07:30,624 - tensor([ 1920, 19719, 19728], device='mps:0')
2024-02-04 00:07:30,625 - Classification Succeeds.
2024-02-04 00:07:30,626 - Link Generation Succeeds.
2024-02-04 00:08:10,612 - Victim node is 12955.
2024-02-04 00:08:10,612 - tensor([ 5375, 11024, 14893], device='mps:0')
2024-02-04 00:08:10,614 - Classification Succeeds.
2024-02-04 00:08:10,615 - Link Generation Fails.
2024-02-04 00:08:43,115 - Victim node is 7194.
2024-02-04 00:08:43,115 - tensor([ 1920,  5375, 17194], device='mps:0')
2024-02-04 00:08:43,117 - Classification Succeeds.
2024-02-04 00:08:43,118 - Link Generation Fails.
2024-02-04 00:09:21,280 - Victim node is 13527.
2024-02-04 00:09:21,280 - tensor([  903,  1920, 12019], device='mps:0')
2024-02-04 00:09:21,282 - Classification Fails.
2024-02-04 00:09:21,283 - Link Generation Fails.
2024-02-04 00:09:53,075 - Victim node is 1078.
2024-02-04 00:09:53,075 - tensor([ 1920, 15841, 19717], device='mps:0')
2024-02-04 00:09:53,077 - Classification Fails.
2024-02-04 00:09:53,077 - Link Generation Succeeds.
2024-02-04 00:10:24,874 - Victim node is 16458.
2024-02-04 00:10:24,874 - tensor([19720, 19723, 19749], device='mps:0')
2024-02-04 00:10:24,875 - Classification Succeeds.
2024-02-04 00:10:24,876 - Link Generation Succeeds.
2024-02-04 00:11:02,981 - Victim node is 5625.
2024-02-04 00:11:02,981 - tensor([19718, 19727, 19730], device='mps:0')
2024-02-04 00:11:02,983 - Classification Succeeds.
2024-02-04 00:11:02,983 - Link Generation Succeeds.
2024-02-04 00:11:32,447 - Victim node is 14285.
2024-02-04 00:11:32,447 - tensor([19742, 19752, 19823], device='mps:0')
2024-02-04 00:11:32,449 - Classification Succeeds.
2024-02-04 00:11:32,449 - Link Generation Succeeds.
2024-02-04 00:12:04,269 - Victim node is 15084.
2024-02-04 00:12:04,269 - tensor([ 7056, 19736, 19751], device='mps:0')
2024-02-04 00:12:04,271 - Classification Succeeds.
2024-02-04 00:12:04,271 - Link Generation Succeeds.
2024-02-04 00:12:42,532 - Victim node is 6218.
2024-02-04 00:12:42,533 - tensor([19724, 19726, 19732], device='mps:0')
2024-02-04 00:12:42,535 - Classification Succeeds.
2024-02-04 00:12:42,535 - Link Generation Succeeds.
2024-02-04 00:13:14,214 - Victim node is 7424.
2024-02-04 00:13:14,214 - tensor([ 1920,  5375, 14893], device='mps:0')
2024-02-04 00:13:14,216 - Classification Succeeds.
2024-02-04 00:13:14,216 - Link Generation Fails.
2024-02-04 00:13:46,316 - Victim node is 17190.
2024-02-04 00:13:46,316 - tensor([  903,  4058, 12019], device='mps:0')
2024-02-04 00:13:46,318 - Classification Succeeds.
2024-02-04 00:13:46,318 - Link Generation Fails.
2024-02-04 00:14:18,831 - Victim node is 8117.
2024-02-04 00:14:18,831 - tensor([ 1205, 11816, 13940], device='mps:0')
2024-02-04 00:14:18,833 - Classification Fails.
2024-02-04 00:14:18,834 - Link Generation Fails.
2024-02-04 00:14:57,015 - Victim node is 4303.
2024-02-04 00:14:57,015 - tensor([ 5375, 15841, 19724], device='mps:0')
2024-02-04 00:14:57,016 - Classification Succeeds.
2024-02-04 00:14:57,017 - Link Generation Succeeds.
2024-02-04 00:15:29,267 - Victim node is 18964.
2024-02-04 00:15:29,268 - tensor([  903,  8626, 12019], device='mps:0')
2024-02-04 00:15:29,269 - Classification Fails.
2024-02-04 00:15:29,270 - Link Generation Fails.
2024-02-04 00:16:02,198 - Victim node is 13731.
2024-02-04 00:16:02,198 - tensor([ 4058, 11450, 12019], device='mps:0')
2024-02-04 00:16:02,200 - Classification Succeeds.
2024-02-04 00:16:02,201 - Link Generation Fails.
2024-02-04 00:16:33,887 - Victim node is 16900.
2024-02-04 00:16:33,887 - tensor([ 1205, 13940, 19733], device='mps:0')
2024-02-04 00:16:33,889 - Classification Succeeds.
2024-02-04 00:16:33,890 - Link Generation Succeeds.
2024-02-04 00:17:06,048 - Victim node is 14623.
2024-02-04 00:17:06,048 - tensor([ 1205, 19722, 19752], device='mps:0')
2024-02-04 00:17:06,050 - Classification Fails.
2024-02-04 00:17:06,051 - Link Generation Succeeds.
2024-02-04 00:17:37,876 - Victim node is 3559.
2024-02-04 00:17:37,876 - tensor([ 1920, 14044, 19717], device='mps:0')
2024-02-04 00:17:37,878 - Classification Fails.
2024-02-04 00:17:37,879 - Link Generation Succeeds.
2024-02-04 00:18:16,519 - Victim node is 12057.
2024-02-04 00:18:16,519 - tensor([19719, 19722, 19730], device='mps:0')
2024-02-04 00:18:16,521 - Classification Fails.
2024-02-04 00:18:16,521 - Link Generation Succeeds.
2024-02-04 00:18:47,771 - Victim node is 12764.
2024-02-04 00:18:47,771 - tensor([19727, 19739, 19740], device='mps:0')
2024-02-04 00:18:47,772 - Classification Succeeds.
2024-02-04 00:18:47,773 - Link Generation Succeeds.
2024-02-04 00:19:25,007 - Victim node is 3922.
2024-02-04 00:19:25,008 - tensor([ 1205, 19876, 19887], device='mps:0')
2024-02-04 00:19:25,010 - Classification Fails.
2024-02-04 00:19:25,011 - Link Generation Succeeds.
2024-02-04 00:19:57,215 - Victim node is 17722.
2024-02-04 00:19:57,215 - tensor([19724, 19731, 19740], device='mps:0')
2024-02-04 00:19:57,217 - Classification Succeeds.
2024-02-04 00:19:57,217 - Link Generation Succeeds.
2024-02-04 00:20:34,216 - Victim node is 5104.
2024-02-04 00:20:34,217 - tensor([ 1205, 11816, 13940], device='mps:0')
2024-02-04 00:20:34,219 - Classification Fails.
2024-02-04 00:20:34,219 - Link Generation Fails.
2024-02-04 00:21:06,585 - Victim node is 10108.
2024-02-04 00:21:06,585 - tensor([ 1205, 19743, 19744], device='mps:0')
2024-02-04 00:21:06,586 - Classification Succeeds.
2024-02-04 00:21:06,587 - Link Generation Succeeds.
2024-02-04 00:21:39,202 - Victim node is 7324.
2024-02-04 00:21:39,202 - tensor([ 1205, 13940, 19758], device='mps:0')
2024-02-04 00:21:39,204 - Classification Succeeds.
2024-02-04 00:21:39,204 - Link Generation Succeeds.
2024-02-04 00:22:17,382 - Victim node is 1566.
2024-02-04 00:22:17,382 - tensor([19724, 19726, 19730], device='mps:0')
2024-02-04 00:22:17,384 - Classification Succeeds.
2024-02-04 00:22:17,384 - Link Generation Succeeds.
2024-02-04 00:22:49,303 - Victim node is 7224.
2024-02-04 00:22:49,303 - tensor([19721, 19722, 19723], device='mps:0')
2024-02-04 00:22:49,305 - Classification Succeeds.
2024-02-04 00:22:49,305 - Link Generation Succeeds.
2024-02-04 00:23:27,883 - Victim node is 5945.
2024-02-04 00:23:27,883 - tensor([11024, 19718, 19723], device='mps:0')
2024-02-04 00:23:27,885 - Classification Fails.
2024-02-04 00:23:27,885 - Link Generation Succeeds.
2024-02-04 00:24:05,935 - Victim node is 7049.
2024-02-04 00:24:05,935 - tensor([ 1205, 12019, 19734], device='mps:0')
2024-02-04 00:24:05,937 - Classification Succeeds.
2024-02-04 00:24:05,937 - Link Generation Succeeds.
2024-02-04 00:24:45,421 - Victim node is 2525.
2024-02-04 00:24:45,422 - tensor([ 1205, 19725, 19739], device='mps:0')
2024-02-04 00:24:45,424 - Classification Fails.
2024-02-04 00:24:45,424 - Link Generation Succeeds.
2024-02-04 00:25:19,904 - Victim node is 19125.
2024-02-04 00:25:19,905 - tensor([ 1205, 19870, 19906], device='mps:0')
2024-02-04 00:25:19,906 - Classification Succeeds.
2024-02-04 00:25:19,907 - Link Generation Succeeds.
2024-02-04 00:25:58,622 - Victim node is 6374.
2024-02-04 00:25:58,622 - tensor([19736, 19755, 19764], device='mps:0')
2024-02-04 00:25:58,623 - Classification Succeeds.
2024-02-04 00:25:58,624 - Link Generation Succeeds.
2024-02-04 00:26:37,284 - Victim node is 14344.
2024-02-04 00:26:37,284 - tensor([19722, 19725, 19771], device='mps:0')
2024-02-04 00:26:37,286 - Classification Fails.
2024-02-04 00:26:37,286 - Link Generation Succeeds.
2024-02-04 00:27:09,196 - Victim node is 13670.
2024-02-04 00:27:09,197 - tensor([ 1205,  2361, 13940], device='mps:0')
2024-02-04 00:27:09,198 - Classification Fails.
2024-02-04 00:27:09,199 - Link Generation Fails.
2024-02-04 00:27:51,550 - Victim node is 6899.
2024-02-04 00:27:51,550 - tensor([ 1205, 13940, 19783], device='mps:0')
2024-02-04 00:27:51,552 - Classification Succeeds.
2024-02-04 00:27:51,553 - Link Generation Succeeds.
2024-02-04 00:28:29,923 - Victim node is 5186.
2024-02-04 00:28:29,923 - tensor([ 7056, 19724, 19734], device='mps:0')
2024-02-04 00:28:29,925 - Classification Succeeds.
2024-02-04 00:28:29,925 - Link Generation Succeeds.
2024-02-04 00:29:01,436 - Victim node is 4245.
2024-02-04 00:29:01,436 - tensor([ 1205, 12019, 13940], device='mps:0')
2024-02-04 00:29:01,438 - Classification Fails.
2024-02-04 00:29:01,439 - Link Generation Fails.
2024-02-04 00:29:39,038 - Victim node is 17679.
2024-02-04 00:29:39,038 - tensor([19718, 19723, 19728], device='mps:0')
2024-02-04 00:29:39,040 - Classification Succeeds.
2024-02-04 00:29:39,040 - Link Generation Succeeds.
2024-02-04 00:30:16,221 - Victim node is 13686.
2024-02-04 00:30:16,221 - tensor([ 1205, 19720, 19732], device='mps:0')
2024-02-04 00:30:16,223 - Classification Succeeds.
2024-02-04 00:30:16,224 - Link Generation Succeeds.
2024-02-04 00:30:54,140 - Victim node is 11256.
2024-02-04 00:30:54,141 - tensor([19754, 19755, 19796], device='mps:0')
2024-02-04 00:30:54,143 - Classification Fails.
2024-02-04 00:30:54,143 - Link Generation Succeeds.
2024-02-04 00:31:31,520 - Victim node is 16369.
2024-02-04 00:31:31,520 - tensor([19717, 19723, 19727], device='mps:0')
2024-02-04 00:31:31,522 - Classification Fails.
2024-02-04 00:31:31,522 - Link Generation Succeeds.
2024-02-04 00:32:10,674 - Victim node is 3801.
2024-02-04 00:32:10,674 - tensor([  903,  1205, 12019], device='mps:0')
2024-02-04 00:32:10,676 - Classification Succeeds.
2024-02-04 00:32:10,677 - Link Generation Fails.
2024-02-04 00:32:41,526 - Victim node is 16444.
2024-02-04 00:32:41,526 - tensor([19733, 19734, 19754], device='mps:0')
2024-02-04 00:32:41,528 - Classification Succeeds.
2024-02-04 00:32:41,528 - Link Generation Succeeds.
2024-02-04 00:33:12,545 - Victim node is 14971.
2024-02-04 00:33:12,545 - tensor([ 1050,  7056, 14044], device='mps:0')
2024-02-04 00:33:12,547 - Classification Succeeds.
2024-02-04 00:33:12,548 - Link Generation Fails.
2024-02-04 00:33:50,386 - Victim node is 928.
2024-02-04 00:33:50,386 - tensor([  357,  1205, 12019], device='mps:0')
2024-02-04 00:33:50,388 - Classification Succeeds.
2024-02-04 00:33:50,388 - Link Generation Fails.
2024-02-04 00:34:21,636 - Victim node is 11135.
2024-02-04 00:34:21,637 - tensor([19718, 19719, 19733], device='mps:0')
2024-02-04 00:34:21,638 - Classification Fails.
2024-02-04 00:34:21,639 - Link Generation Succeeds.
2024-02-04 00:34:59,094 - Victim node is 3039.
2024-02-04 00:34:59,094 - tensor([19721, 19722, 19727], device='mps:0')
2024-02-04 00:34:59,096 - Classification Fails.
2024-02-04 00:34:59,097 - Link Generation Succeeds.
2024-02-04 00:35:37,813 - Victim node is 6580.
2024-02-04 00:35:37,813 - tensor([ 1920, 12019, 19728], device='mps:0')
2024-02-04 00:35:37,815 - Classification Succeeds.
2024-02-04 00:35:37,816 - Link Generation Succeeds.
2024-02-04 00:36:15,306 - Victim node is 15255.
2024-02-04 00:36:15,306 - tensor([19722, 19727, 19728], device='mps:0')
2024-02-04 00:36:15,307 - Classification Succeeds.
2024-02-04 00:36:15,308 - Link Generation Succeeds.
2024-02-04 00:36:46,889 - Victim node is 11811.
2024-02-04 00:36:46,889 - tensor([ 1205, 13940, 19728], device='mps:0')
2024-02-04 00:36:46,891 - Classification Succeeds.
2024-02-04 00:36:46,891 - Link Generation Succeeds.
2024-02-04 00:37:27,247 - Victim node is 786.
2024-02-04 00:37:27,247 - tensor([19738, 19778, 19896], device='mps:0')
2024-02-04 00:37:27,249 - Classification Fails.
2024-02-04 00:37:27,249 - Link Generation Succeeds.
2024-02-04 00:37:58,832 - Victim node is 10474.
2024-02-04 00:37:58,832 - tensor([  903,  4058, 12019], device='mps:0')
2024-02-04 00:37:58,834 - Classification Succeeds.
2024-02-04 00:37:58,835 - Link Generation Fails.
2024-02-04 00:38:36,615 - Victim node is 11003.
2024-02-04 00:38:36,615 - tensor([19728, 19732, 19797], device='mps:0')
2024-02-04 00:38:36,617 - Classification Fails.
2024-02-04 00:38:36,617 - Link Generation Succeeds.
2024-02-04 00:39:16,558 - Victim node is 9989.
2024-02-04 00:39:16,558 - tensor([ 1205, 12019, 13940], device='mps:0')
2024-02-04 00:39:16,560 - Classification Succeeds.
2024-02-04 00:39:16,561 - Link Generation Fails.
2024-02-04 00:39:54,061 - Victim node is 3838.
2024-02-04 00:39:54,061 - tensor([19717, 19724, 19735], device='mps:0')
2024-02-04 00:39:54,063 - Classification Succeeds.
2024-02-04 00:39:54,063 - Link Generation Succeeds.
2024-02-04 00:40:26,517 - Victim node is 14492.
2024-02-04 00:40:26,517 - tensor([19743, 19752, 19758], device='mps:0')
2024-02-04 00:40:26,518 - Classification Fails.
2024-02-04 00:40:26,519 - Link Generation Succeeds.
2024-02-04 00:40:59,490 - Victim node is 12927.
2024-02-04 00:40:59,490 - tensor([19734, 19744, 19750], device='mps:0')
2024-02-04 00:40:59,492 - Classification Succeeds.
2024-02-04 00:40:59,492 - Link Generation Succeeds.
2024-02-04 00:41:32,624 - Victim node is 19294.
2024-02-04 00:41:32,624 - tensor([  357,  6794, 12019], device='mps:0')
2024-02-04 00:41:32,626 - Classification Succeeds.
2024-02-04 00:41:32,627 - Link Generation Fails.
2024-02-04 00:42:04,483 - Victim node is 18323.
2024-02-04 00:42:04,483 - tensor([ 1205,  5467, 19758], device='mps:0')
2024-02-04 00:42:04,485 - Classification Succeeds.
2024-02-04 00:42:04,485 - Link Generation Succeeds.
2024-02-04 00:42:47,611 - Victim node is 589.
2024-02-04 00:42:47,611 - tensor([ 1920,  7056, 19727], device='mps:0')
2024-02-04 00:42:47,613 - Classification Fails.
2024-02-04 00:42:47,613 - Link Generation Succeeds.
2024-02-04 00:43:27,933 - Victim node is 10514.
2024-02-04 00:43:27,934 - tensor([ 1205, 12019, 13940], device='mps:0')
2024-02-04 00:43:27,935 - Classification Succeeds.
2024-02-04 00:43:27,936 - Link Generation Fails.
2024-02-04 00:44:08,825 - Victim node is 17051.
2024-02-04 00:44:08,825 - tensor([ 1920,  7056, 19719], device='mps:0')
2024-02-04 00:44:08,827 - Classification Fails.
2024-02-04 00:44:08,827 - Link Generation Succeeds.
2024-02-04 00:44:50,932 - Victim node is 3647.
2024-02-04 00:44:50,932 - tensor([19727, 19759, 19760], device='mps:0')
2024-02-04 00:44:50,934 - Classification Succeeds.
2024-02-04 00:44:50,934 - Link Generation Succeeds.
2024-02-04 00:45:30,163 - Victim node is 6759.
2024-02-04 00:45:30,163 - tensor([ 7056, 19720, 19724], device='mps:0')
2024-02-04 00:45:30,165 - Classification Succeeds.
2024-02-04 00:45:30,165 - Link Generation Succeeds.
2024-02-04 00:46:06,150 - Victim node is 15239.
2024-02-04 00:46:06,150 - tensor([  903, 11450, 12019], device='mps:0')
2024-02-04 00:46:06,152 - Classification Succeeds.
2024-02-04 00:46:06,153 - Link Generation Fails.
2024-02-04 00:46:39,436 - Victim node is 3599.
2024-02-04 00:46:39,437 - tensor([ 1205, 11816, 13940], device='mps:0')
2024-02-04 00:46:39,438 - Classification Fails.
2024-02-04 00:46:39,439 - Link Generation Fails.
2024-02-04 00:47:19,095 - Victim node is 19126.
2024-02-04 00:47:19,095 - tensor([ 1205, 11816, 13940], device='mps:0')
2024-02-04 00:47:19,097 - Classification Fails.
2024-02-04 00:47:19,097 - Link Generation Fails.
2024-02-04 00:48:00,361 - Victim node is 572.
2024-02-04 00:48:00,361 - tensor([19725, 19733, 19799], device='mps:0')
2024-02-04 00:48:00,363 - Classification Succeeds.
2024-02-04 00:48:00,363 - Link Generation Succeeds.
2024-02-04 00:48:40,564 - Victim node is 4884.
2024-02-04 00:48:40,564 - tensor([ 1205, 11816, 13940], device='mps:0')
2024-02-04 00:48:40,566 - Classification Succeeds.
2024-02-04 00:48:40,566 - Link Generation Fails.
2024-02-04 00:49:18,834 - Victim node is 8893.
2024-02-04 00:49:18,834 - tensor([ 1920,  5375, 19756], device='mps:0')
2024-02-04 00:49:18,836 - Classification Succeeds.
2024-02-04 00:49:18,837 - Link Generation Succeeds.
2024-02-04 00:50:00,557 - Victim node is 3322.
2024-02-04 00:50:00,557 - tensor([ 1920,  7056, 19731], device='mps:0')
2024-02-04 00:50:00,559 - Classification Succeeds.
2024-02-04 00:50:00,560 - Link Generation Succeeds.
2024-02-04 00:50:35,389 - Victim node is 7169.
2024-02-04 00:50:35,390 - tensor([ 1205, 19720, 19725], device='mps:0')
2024-02-04 00:50:35,391 - Classification Fails.
2024-02-04 00:50:35,392 - Link Generation Succeeds.
2024-02-04 00:51:17,450 - Victim node is 2955.
2024-02-04 00:51:17,451 - tensor([ 5375, 11450, 12019], device='mps:0')
2024-02-04 00:51:17,452 - Classification Succeeds.
2024-02-04 00:51:17,453 - Link Generation Fails.
2024-02-04 00:51:58,463 - Victim node is 4488.
2024-02-04 00:51:58,463 - tensor([19732, 19738, 19740], device='mps:0')
2024-02-04 00:51:58,464 - Classification Succeeds.
2024-02-04 00:51:58,465 - Link Generation Succeeds.
2024-02-04 00:52:42,083 - Victim node is 3837.
2024-02-04 00:52:42,083 - tensor([19717, 19719, 19733], device='mps:0')
2024-02-04 00:52:42,085 - Classification Fails.
2024-02-04 00:52:42,085 - Link Generation Succeeds.
2024-02-04 00:53:18,096 - Victim node is 13688.
2024-02-04 00:53:18,096 - tensor([ 1205, 11816, 13940], device='mps:0')
2024-02-04 00:53:18,098 - Classification Fails.
2024-02-04 00:53:18,099 - Link Generation Fails.
2024-02-04 00:53:52,179 - Victim node is 14151.
2024-02-04 00:53:52,180 - tensor([ 1205, 12019, 13940], device='mps:0')
2024-02-04 00:53:52,182 - Classification Succeeds.
2024-02-04 00:53:52,183 - Link Generation Fails.
2024-02-04 00:54:36,324 - Victim node is 3729.
2024-02-04 00:54:36,324 - tensor([19722, 19723, 19732], device='mps:0')
2024-02-04 00:54:36,325 - Classification Succeeds.
2024-02-04 00:54:36,326 - Link Generation Succeeds.
2024-02-04 00:55:10,414 - Victim node is 5353.
2024-02-04 00:55:10,414 - tensor([ 5375,  5899, 14893], device='mps:0')
2024-02-04 00:55:10,416 - Classification Fails.
2024-02-04 00:55:10,416 - Link Generation Fails.
2024-02-04 00:55:44,655 - Victim node is 1336.
2024-02-04 00:55:44,656 - tensor([ 1205,  2361, 12019], device='mps:0')
2024-02-04 00:55:44,658 - Classification Succeeds.
2024-02-04 00:55:44,659 - Link Generation Fails.
2024-02-04 00:56:21,505 - Victim node is 6760.
2024-02-04 00:56:21,506 - tensor([19719, 19727, 19732], device='mps:0')
2024-02-04 00:56:21,508 - Classification Succeeds.
2024-02-04 00:56:21,508 - Link Generation Succeeds.
2024-02-04 00:57:02,740 - Victim node is 4046.
2024-02-04 00:57:02,740 - tensor([ 1205,  9471, 13940], device='mps:0')
2024-02-04 00:57:02,742 - Classification Succeeds.
2024-02-04 00:57:02,742 - Link Generation Fails.
2024-02-04 00:57:36,655 - Victim node is 9670.
2024-02-04 00:57:36,656 - tensor([ 1205, 12019, 13940], device='mps:0')
2024-02-04 00:57:36,657 - Classification Fails.
2024-02-04 00:57:36,658 - Link Generation Fails.
2024-02-04 00:58:11,171 - Victim node is 18776.
2024-02-04 00:58:11,171 - tensor([ 1920,  7056, 14893], device='mps:0')
2024-02-04 00:58:11,173 - Classification Succeeds.
2024-02-04 00:58:11,174 - Link Generation Fails.
2024-02-04 00:58:44,997 - Victim node is 12127.
2024-02-04 00:58:44,998 - tensor([19724, 19730, 19738], device='mps:0')
2024-02-04 00:58:45,000 - Classification Succeeds.
2024-02-04 00:58:45,000 - Link Generation Succeeds.
2024-02-04 00:59:26,779 - Victim node is 5771.
2024-02-04 00:59:26,779 - tensor([  903,  1205, 12019], device='mps:0')
2024-02-04 00:59:26,780 - Classification Fails.
2024-02-04 00:59:26,781 - Link Generation Fails.
2024-02-04 01:00:07,578 - Victim node is 15394.
2024-02-04 01:00:07,578 - tensor([19718, 19728, 19736], device='mps:0')
2024-02-04 01:00:07,580 - Classification Fails.
2024-02-04 01:00:07,580 - Link Generation Succeeds.
2024-02-04 01:00:41,494 - Victim node is 2953.
2024-02-04 01:00:41,494 - tensor([ 1205, 19723, 19740], device='mps:0')
2024-02-04 01:00:41,496 - Classification Fails.
2024-02-04 01:00:41,497 - Link Generation Succeeds.
2024-02-04 01:01:22,921 - Victim node is 13504.
2024-02-04 01:01:22,921 - tensor([19717, 19725, 19732], device='mps:0')
2024-02-04 01:01:22,922 - Classification Succeeds.
2024-02-04 01:01:22,923 - Link Generation Succeeds.
2024-02-04 01:01:56,847 - Victim node is 1652.
2024-02-04 01:01:56,847 - tensor([ 1920, 15841, 19749], device='mps:0')
2024-02-04 01:01:56,849 - Classification Fails.
2024-02-04 01:01:56,850 - Link Generation Succeeds.
2024-02-04 01:02:30,095 - Victim node is 2016.
2024-02-04 01:02:30,095 - tensor([19723, 19739, 19743], device='mps:0')
2024-02-04 01:02:30,097 - Classification Fails.
2024-02-04 01:02:30,097 - Link Generation Succeeds.
2024-02-04 01:03:03,496 - Victim node is 16800.
2024-02-04 01:03:03,496 - tensor([  903,  1920, 12019], device='mps:0')
2024-02-04 01:03:03,498 - Classification Fails.
2024-02-04 01:03:03,499 - Link Generation Fails.
2024-02-04 01:03:39,969 - Victim node is 7219.
2024-02-04 01:03:39,969 - tensor([  357,  1205, 12019], device='mps:0')
2024-02-04 01:03:39,971 - Classification Succeeds.
2024-02-04 01:03:39,972 - Link Generation Fails.
2024-02-04 01:04:20,952 - Victim node is 7166.
2024-02-04 01:04:20,953 - tensor([ 1205, 11816, 19738], device='mps:0')
2024-02-04 01:04:20,955 - Classification Succeeds.
2024-02-04 01:04:20,955 - Link Generation Succeeds.
2024-02-04 01:04:54,861 - Victim node is 5899.
2024-02-04 01:04:54,862 - tensor([ 7056, 19729, 19767], device='mps:0')
2024-02-04 01:04:54,863 - Classification Fails.
2024-02-04 01:04:54,864 - Link Generation Succeeds.
2024-02-04 01:05:36,156 - Victim node is 7415.
2024-02-04 01:05:36,156 - tensor([19747, 19768, 19784], device='mps:0')
2024-02-04 01:05:36,158 - Classification Succeeds.
2024-02-04 01:05:36,158 - Link Generation Succeeds.
2024-02-04 01:06:10,229 - Victim node is 8445.
2024-02-04 01:06:10,229 - tensor([ 4058, 11450, 12019], device='mps:0')
2024-02-04 01:06:10,231 - Classification Succeeds.
2024-02-04 01:06:10,231 - Link Generation Fails.
2024-02-04 01:06:45,707 - Victim node is 17771.
2024-02-04 01:06:45,707 - tensor([  903,  4058, 12019], device='mps:0')
2024-02-04 01:06:45,709 - Classification Succeeds.
2024-02-04 01:06:45,710 - Link Generation Fails.
2024-02-04 01:07:19,907 - Victim node is 13362.
2024-02-04 01:07:19,907 - tensor([ 1205, 13940, 19721], device='mps:0')
2024-02-04 01:07:19,909 - Classification Succeeds.
2024-02-04 01:07:19,910 - Link Generation Succeeds.
2024-02-04 01:07:53,982 - Victim node is 11279.
2024-02-04 01:07:53,983 - tensor([  357,  1205, 12019], device='mps:0')
2024-02-04 01:07:53,984 - Classification Fails.
2024-02-04 01:07:53,985 - Link Generation Fails.
2024-02-04 01:08:27,959 - Victim node is 15560.
2024-02-04 01:08:27,959 - tensor([19731, 19742, 19743], device='mps:0')
2024-02-04 01:08:27,961 - Classification Succeeds.
2024-02-04 01:08:27,961 - Link Generation Succeeds.
2024-02-04 01:09:01,959 - Victim node is 855.
2024-02-04 01:09:01,959 - tensor([ 1920,  5375, 14893], device='mps:0')
2024-02-04 01:09:01,961 - Classification Succeeds.
2024-02-04 01:09:01,962 - Link Generation Fails.
2024-02-04 01:09:35,955 - Victim node is 6265.
2024-02-04 01:09:35,955 - tensor([  903, 12019, 19723], device='mps:0')
2024-02-04 01:09:35,957 - Classification Succeeds.
2024-02-04 01:09:35,958 - Link Generation Succeeds.
2024-02-04 01:10:19,084 - Victim node is 14259.
2024-02-04 01:10:19,085 - tensor([ 1205,  5440, 11816], device='mps:0')
2024-02-04 01:10:19,086 - Classification Succeeds.
2024-02-04 01:10:19,087 - Link Generation Fails.
2024-02-04 01:10:55,226 - Victim node is 2353.
2024-02-04 01:10:55,226 - tensor([  357,   903, 12019], device='mps:0')
2024-02-04 01:10:55,228 - Classification Succeeds.
2024-02-04 01:10:55,228 - Link Generation Fails.
2024-02-04 01:11:36,081 - Victim node is 4009.
2024-02-04 01:11:36,081 - tensor([  903, 12019, 16214], device='mps:0')
2024-02-04 01:11:36,083 - Classification Fails.
2024-02-04 01:11:36,084 - Link Generation Fails.
2024-02-04 01:12:18,636 - Victim node is 16893.
2024-02-04 01:12:18,637 - tensor([ 1205, 13940, 19723], device='mps:0')
2024-02-04 01:12:18,638 - Classification Succeeds.
2024-02-04 01:12:18,639 - Link Generation Succeeds.
2024-02-04 01:12:52,577 - Victim node is 11182.
2024-02-04 01:12:52,577 - tensor([ 7056, 14044, 14893], device='mps:0')
2024-02-04 01:12:52,579 - Classification Fails.
2024-02-04 01:12:52,580 - Link Generation Fails.
2024-02-04 01:13:26,543 - Victim node is 19610.
2024-02-04 01:13:26,543 - tensor([ 1205, 13940, 19732], device='mps:0')
2024-02-04 01:13:26,545 - Classification Fails.
2024-02-04 01:13:26,545 - Link Generation Succeeds.
2024-02-04 01:14:07,829 - Victim node is 12061.
2024-02-04 01:14:07,829 - tensor([ 1205, 13940, 19720], device='mps:0')
2024-02-04 01:14:07,831 - Classification Fails.
2024-02-04 01:14:07,832 - Link Generation Succeeds.
2024-02-04 01:14:44,489 - Victim node is 14183.
2024-02-04 01:14:44,490 - tensor([ 1205, 19752, 19810], device='mps:0')
2024-02-04 01:14:44,492 - Classification Succeeds.
2024-02-04 01:14:44,493 - Link Generation Succeeds.
2024-02-04 01:15:25,082 - Victim node is 16680.
2024-02-04 01:15:25,082 - tensor([19727, 19736, 19737], device='mps:0')
2024-02-04 01:15:25,084 - Classification Succeeds.
2024-02-04 01:15:25,084 - Link Generation Succeeds.
2024-02-04 01:16:07,796 - Victim node is 10056.
2024-02-04 01:16:07,797 - tensor([ 1205, 11816, 13940], device='mps:0')
2024-02-04 01:16:07,798 - Classification Fails.
2024-02-04 01:16:07,799 - Link Generation Fails.
2024-02-04 01:16:40,563 - Victim node is 2408.
2024-02-04 01:16:40,564 - tensor([ 1205, 13940, 19800], device='mps:0')
2024-02-04 01:16:40,566 - Classification Succeeds.
2024-02-04 01:16:40,567 - Link Generation Succeeds.
2024-02-04 01:17:20,381 - Victim node is 18743.
2024-02-04 01:17:20,382 - tensor([ 5375, 19819, 19946], device='mps:0')
2024-02-04 01:17:20,384 - Classification Succeeds.
2024-02-04 01:17:20,384 - Link Generation Succeeds.
2024-02-04 01:17:56,286 - Victim node is 2401.
2024-02-04 01:17:56,287 - tensor([ 1205, 12019, 19718], device='mps:0')
2024-02-04 01:17:56,289 - Classification Succeeds.
2024-02-04 01:17:56,289 - Link Generation Succeeds.
2024-02-04 01:18:31,353 - Victim node is 17531.
2024-02-04 01:18:31,354 - tensor([19724, 19727, 19739], device='mps:0')
2024-02-04 01:18:31,356 - Classification Succeeds.
2024-02-04 01:18:31,356 - Link Generation Succeeds.
2024-02-04 01:19:12,268 - Victim node is 16763.
2024-02-04 01:19:12,268 - tensor([  903,  1205, 12019], device='mps:0')
2024-02-04 01:19:12,270 - Classification Fails.
2024-02-04 01:19:12,270 - Link Generation Fails.
2024-02-04 01:19:54,885 - Victim node is 11757.
2024-02-04 01:19:54,885 - tensor([ 1205, 19721, 19795], device='mps:0')
2024-02-04 01:19:54,887 - Classification Succeeds.
2024-02-04 01:19:54,888 - Link Generation Succeeds.
2024-02-04 01:20:27,573 - Victim node is 4246.
2024-02-04 01:20:27,573 - tensor([  357,  1205, 13940], device='mps:0')
2024-02-04 01:20:27,575 - Classification Succeeds.
2024-02-04 01:20:27,575 - Link Generation Fails.
2024-02-04 01:21:02,164 - Victim node is 12316.
2024-02-04 01:21:02,165 - tensor([ 1920,  5375, 12019], device='mps:0')
2024-02-04 01:21:02,167 - Classification Fails.
2024-02-04 01:21:02,167 - Link Generation Fails.
2024-02-04 01:21:45,631 - Victim node is 10122.
2024-02-04 01:21:45,631 - tensor([ 1920,  5375, 19728], device='mps:0')
2024-02-04 01:21:45,633 - Classification Succeeds.
2024-02-04 01:21:45,634 - Link Generation Succeeds.
2024-02-04 01:22:19,976 - Victim node is 7882.
2024-02-04 01:22:19,976 - tensor([  903, 12019, 16214], device='mps:0')
2024-02-04 01:22:19,978 - Classification Succeeds.
2024-02-04 01:22:19,979 - Link Generation Fails.
2024-02-04 01:22:52,914 - Victim node is 10395.
2024-02-04 01:22:52,914 - tensor([ 1205,  6794, 13940], device='mps:0')
2024-02-04 01:22:52,916 - Classification Fails.
2024-02-04 01:22:52,917 - Link Generation Fails.
2024-02-04 01:23:27,025 - Victim node is 19193.
2024-02-04 01:23:27,025 - tensor([ 7056, 19723, 19751], device='mps:0')
2024-02-04 01:23:27,027 - Classification Succeeds.
2024-02-04 01:23:27,028 - Link Generation Succeeds.
2024-02-04 01:24:08,599 - Victim node is 12849.
2024-02-04 01:24:08,599 - tensor([ 1205, 13940, 19771], device='mps:0')
2024-02-04 01:24:08,600 - Classification Succeeds.
2024-02-04 01:24:08,601 - Link Generation Succeeds.
2024-02-04 01:24:50,069 - Victim node is 11919.
2024-02-04 01:24:50,070 - tensor([ 1920,  5375, 12019], device='mps:0')
2024-02-04 01:24:50,071 - Classification Succeeds.
2024-02-04 01:24:50,072 - Link Generation Fails.
2024-02-04 01:25:30,500 - Victim node is 6306.
2024-02-04 01:25:30,500 - tensor([19718, 19724, 19728], device='mps:0')
2024-02-04 01:25:30,502 - Classification Fails.
2024-02-04 01:25:30,502 - Link Generation Succeeds.
2024-02-04 01:26:03,422 - Victim node is 3366.
2024-02-04 01:26:03,422 - tensor([19735, 19737, 19750], device='mps:0')
2024-02-04 01:26:03,423 - Classification Succeeds.
2024-02-04 01:26:03,424 - Link Generation Succeeds.
2024-02-04 01:26:36,806 - Victim node is 8943.
2024-02-04 01:26:36,806 - tensor([ 1920,  7056, 15841], device='mps:0')
2024-02-04 01:26:36,808 - Classification Fails.
2024-02-04 01:26:36,809 - Link Generation Fails.
2024-02-04 01:27:17,451 - Victim node is 564.
2024-02-04 01:27:17,451 - tensor([ 1205,  9471, 13940], device='mps:0')
2024-02-04 01:27:17,452 - Classification Succeeds.
2024-02-04 01:27:17,453 - Link Generation Fails.
2024-02-04 01:27:50,911 - Victim node is 649.
2024-02-04 01:27:50,911 - tensor([1920, 5375, 7056], device='mps:0')
2024-02-04 01:27:50,913 - Classification Fails.
2024-02-04 01:27:50,914 - Link Generation Fails.
2024-02-04 01:28:31,532 - Victim node is 13119.
2024-02-04 01:28:31,532 - tensor([ 1920, 19722, 19730], device='mps:0')
2024-02-04 01:28:31,533 - Classification Fails.
2024-02-04 01:28:31,534 - Link Generation Succeeds.
2024-02-04 01:29:12,935 - Victim node is 15724.
2024-02-04 01:29:12,936 - tensor([ 1205,  6794, 12019], device='mps:0')
2024-02-04 01:29:12,937 - Classification Succeeds.
2024-02-04 01:29:12,938 - Link Generation Fails.
2024-02-04 01:29:47,337 - Victim node is 11701.
2024-02-04 01:29:47,338 - tensor([ 1920,  5375, 11024], device='mps:0')
2024-02-04 01:29:47,339 - Classification Fails.
2024-02-04 01:29:47,340 - Link Generation Fails.
2024-02-04 01:30:21,358 - Victim node is 8929.
2024-02-04 01:30:21,358 - tensor([19717, 19722, 19723], device='mps:0')
2024-02-04 01:30:21,359 - Classification Fails.
2024-02-04 01:30:21,360 - Link Generation Succeeds.
2024-02-04 01:30:55,169 - Victim node is 6229.
2024-02-04 01:30:55,169 - tensor([19720, 19721, 19722], device='mps:0')
2024-02-04 01:30:55,171 - Classification Succeeds.
2024-02-04 01:30:55,171 - Link Generation Succeeds.
2024-02-04 01:31:36,970 - Victim node is 8102.
2024-02-04 01:31:36,970 - tensor([ 1205, 12019, 19724], device='mps:0')
2024-02-04 01:31:36,972 - Classification Succeeds.
2024-02-04 01:31:36,972 - Link Generation Succeeds.
2024-02-04 01:32:18,142 - Victim node is 12743.
2024-02-04 01:32:18,143 - tensor([19717, 19733, 19734], device='mps:0')
2024-02-04 01:32:18,145 - Classification Fails.
2024-02-04 01:32:18,145 - Link Generation Succeeds.
2024-02-04 01:32:52,451 - Victim node is 7686.
2024-02-04 01:32:52,451 - tensor([ 7056, 10857, 14044], device='mps:0')
2024-02-04 01:32:52,453 - Classification Succeeds.
2024-02-04 01:32:52,453 - Link Generation Fails.
2024-02-04 01:33:28,076 - Victim node is 2554.
2024-02-04 01:33:28,077 - tensor([ 1205, 11816, 13940], device='mps:0')
2024-02-04 01:33:28,079 - Classification Succeeds.
2024-02-04 01:33:28,080 - Link Generation Fails.
2024-02-04 01:34:02,346 - Victim node is 9932.
2024-02-04 01:34:02,347 - tensor([ 1920,  5375, 12019], device='mps:0')
2024-02-04 01:34:02,348 - Classification Fails.
2024-02-04 01:34:02,349 - Link Generation Fails.
2024-02-04 01:34:44,199 - Victim node is 14413.
2024-02-04 01:34:44,199 - tensor([ 7056, 15841, 19725], device='mps:0')
2024-02-04 01:34:44,201 - Classification Succeeds.
2024-02-04 01:34:44,202 - Link Generation Succeeds.
2024-02-04 01:35:17,921 - Victim node is 16450.
2024-02-04 01:35:17,922 - tensor([ 5899, 15841, 19725], device='mps:0')
2024-02-04 01:35:17,923 - Classification Succeeds.
2024-02-04 01:35:17,924 - Link Generation Succeeds.
2024-02-04 01:35:51,668 - Victim node is 10598.
2024-02-04 01:35:51,668 - tensor([ 7056, 19718, 19720], device='mps:0')
2024-02-04 01:35:51,669 - Classification Fails.
2024-02-04 01:35:51,670 - Link Generation Succeeds.
2024-02-04 01:36:32,354 - Victim node is 3179.
2024-02-04 01:36:32,354 - tensor([  903,  4058, 12019], device='mps:0')
2024-02-04 01:36:32,356 - Classification Succeeds.
2024-02-04 01:36:32,357 - Link Generation Fails.
2024-02-04 01:37:05,996 - Victim node is 2637.
2024-02-04 01:37:05,996 - tensor([19724, 19743, 19746], device='mps:0')
2024-02-04 01:37:05,998 - Classification Succeeds.
2024-02-04 01:37:05,998 - Link Generation Succeeds.
2024-02-04 01:37:46,823 - Victim node is 1386.
2024-02-04 01:37:46,823 - tensor([ 1920,  7056, 19740], device='mps:0')
2024-02-04 01:37:46,825 - Classification Succeeds.
2024-02-04 01:37:46,825 - Link Generation Succeeds.
2024-02-04 01:38:27,488 - Victim node is 19582.
2024-02-04 01:38:27,488 - tensor([ 1920,  5375, 19717], device='mps:0')
2024-02-04 01:38:27,490 - Classification Succeeds.
2024-02-04 01:38:27,490 - Link Generation Succeeds.
2024-02-04 01:39:09,661 - Victim node is 1689.
2024-02-04 01:39:09,661 - tensor([  903, 12019, 19718], device='mps:0')
2024-02-04 01:39:09,663 - Classification Succeeds.
2024-02-04 01:39:09,663 - Link Generation Succeeds.
2024-02-04 01:39:43,034 - Victim node is 9958.
2024-02-04 01:39:43,034 - tensor([ 1920,  5375, 12019], device='mps:0')
2024-02-04 01:39:43,036 - Classification Succeeds.
2024-02-04 01:39:43,036 - Link Generation Fails.
2024-02-04 01:40:20,437 - Victim node is 6812.
2024-02-04 01:40:20,438 - tensor([  903,  1205, 16214], device='mps:0')
2024-02-04 01:40:20,440 - Classification Succeeds.
2024-02-04 01:40:20,441 - Link Generation Fails.
2024-02-04 01:40:53,133 - Victim node is 3491.
2024-02-04 01:40:53,133 - tensor([19735, 19755, 19821], device='mps:0')
2024-02-04 01:40:53,135 - Classification Succeeds.
2024-02-04 01:40:53,135 - Link Generation Succeeds.
2024-02-04 01:41:34,628 - Victim node is 8003.
2024-02-04 01:41:34,628 - tensor([ 1205, 16214, 19755], device='mps:0')
2024-02-04 01:41:34,630 - Classification Succeeds.
2024-02-04 01:41:34,631 - Link Generation Succeeds.
2024-02-04 01:42:16,062 - Victim node is 5164.
2024-02-04 01:42:16,062 - tensor([ 1920,  5375, 19728], device='mps:0')
2024-02-04 01:42:16,064 - Classification Fails.
2024-02-04 01:42:16,065 - Link Generation Succeeds.
2024-02-04 01:42:50,107 - Victim node is 13645.
2024-02-04 01:42:50,107 - tensor([1920, 5375, 8626], device='mps:0')
2024-02-04 01:42:50,108 - Classification Succeeds.
2024-02-04 01:42:50,109 - Link Generation Fails.
2024-02-04 01:43:23,072 - Victim node is 2494.
2024-02-04 01:43:23,073 - tensor([19738, 19744, 19745], device='mps:0')
2024-02-04 01:43:23,074 - Classification Fails.
2024-02-04 01:43:23,075 - Link Generation Succeeds.
2024-02-04 01:43:56,915 - Victim node is 19054.
2024-02-04 01:43:56,915 - tensor([  903,  2361, 12019], device='mps:0')
2024-02-04 01:43:56,917 - Classification Succeeds.
2024-02-04 01:43:56,917 - Link Generation Fails.
2024-02-04 01:44:31,307 - Victim node is 5506.
2024-02-04 01:44:31,307 - tensor([ 1205, 11816, 13940], device='mps:0')
2024-02-04 01:44:31,309 - Classification Succeeds.
2024-02-04 01:44:31,310 - Link Generation Fails.
2024-02-04 01:45:07,485 - Victim node is 7518.
2024-02-04 01:45:07,485 - tensor([  903,  2361, 12019], device='mps:0')
2024-02-04 01:45:07,486 - Classification Succeeds.
2024-02-04 01:45:07,487 - Link Generation Fails.
2024-02-04 01:45:49,698 - Victim node is 1804.
2024-02-04 01:45:49,699 - tensor([ 1205, 19722, 19730], device='mps:0')
2024-02-04 01:45:49,701 - Classification Fails.
2024-02-04 01:45:49,702 - Link Generation Succeeds.
2024-02-04 01:46:26,753 - Victim node is 14750.
2024-02-04 01:46:26,753 - tensor([ 903, 1205, 2361], device='mps:0')
2024-02-04 01:46:26,755 - Classification Succeeds.
2024-02-04 01:46:26,756 - Link Generation Fails.
2024-02-04 01:47:01,153 - Victim node is 14854.
2024-02-04 01:47:01,154 - tensor([ 1920,  5375, 12019], device='mps:0')
2024-02-04 01:47:01,155 - Classification Fails.
2024-02-04 01:47:01,156 - Link Generation Fails.
2024-02-04 01:47:34,783 - Victim node is 6155.
2024-02-04 01:47:34,783 - tensor([ 4058, 11450, 12019], device='mps:0')
2024-02-04 01:47:34,784 - Classification Succeeds.
2024-02-04 01:47:34,785 - Link Generation Fails.
2024-02-04 01:48:08,647 - Victim node is 2174.
2024-02-04 01:48:08,647 - tensor([ 7056, 19718, 19736], device='mps:0')
2024-02-04 01:48:08,649 - Classification Succeeds.
2024-02-04 01:48:08,649 - Link Generation Succeeds.
2024-02-04 01:48:42,707 - Victim node is 7053.
2024-02-04 01:48:42,707 - tensor([ 1205,  9471, 13940], device='mps:0')
2024-02-04 01:48:42,709 - Classification Fails.
2024-02-04 01:48:42,710 - Link Generation Fails.
2024-02-04 01:49:22,929 - Victim node is 16359.
2024-02-04 01:49:22,929 - tensor([19719, 19726, 19728], device='mps:0')
2024-02-04 01:49:22,931 - Classification Fails.
2024-02-04 01:49:22,931 - Link Generation Succeeds.
2024-02-04 01:50:06,197 - Victim node is 8034.
2024-02-04 01:50:06,197 - tensor([  903, 11894, 12019], device='mps:0')
2024-02-04 01:50:06,199 - Classification Fails.
2024-02-04 01:50:06,199 - Link Generation Fails.
2024-02-04 01:50:42,844 - Victim node is 10223.
2024-02-04 01:50:42,844 - tensor([ 1920,  7056, 10857], device='mps:0')
2024-02-04 01:50:42,846 - Classification Succeeds.
2024-02-04 01:50:42,846 - Link Generation Fails.
2024-02-04 01:51:17,385 - Victim node is 5412.
2024-02-04 01:51:17,385 - tensor([19724, 19760, 19767], device='mps:0')
2024-02-04 01:51:17,387 - Classification Succeeds.
2024-02-04 01:51:17,387 - Link Generation Succeeds.
2024-02-04 01:51:51,060 - Victim node is 2663.
2024-02-04 01:51:51,060 - tensor([ 1205, 11816, 13940], device='mps:0')
2024-02-04 01:51:51,062 - Classification Succeeds.
2024-02-04 01:51:51,063 - Link Generation Fails.
2024-02-04 01:52:31,360 - Victim node is 15009.
2024-02-04 01:52:31,360 - tensor([11024, 19728, 19731], device='mps:0')
2024-02-04 01:52:31,361 - Classification Fails.
2024-02-04 01:52:31,362 - Link Generation Succeeds.
2024-02-04 01:53:05,074 - Victim node is 12421.
2024-02-04 01:53:05,074 - tensor([ 1205, 11816, 13940], device='mps:0')
2024-02-04 01:53:05,076 - Classification Fails.
2024-02-04 01:53:05,076 - Link Generation Fails.
2024-02-04 01:53:45,508 - Victim node is 2952.
2024-02-04 01:53:45,508 - tensor([19732, 19735, 19739], device='mps:0')
2024-02-04 01:53:45,510 - Classification Fails.
2024-02-04 01:53:45,511 - Link Generation Succeeds.
2024-02-04 01:54:27,877 - Victim node is 13471.
2024-02-04 01:54:27,877 - tensor([ 1920,  5375, 11024], device='mps:0')
2024-02-04 01:54:27,878 - Classification Succeeds.
2024-02-04 01:54:27,879 - Link Generation Fails.
2024-02-04 01:55:07,093 - Victim node is 3577.
2024-02-04 01:55:07,094 - tensor([19794, 19932, 19986], device='mps:0')
2024-02-04 01:55:07,097 - Classification Succeeds.
2024-02-04 01:55:07,097 - Link Generation Succeeds.
2024-02-04 01:55:49,131 - Victim node is 7866.
2024-02-04 01:55:49,131 - tensor([ 1205, 13940, 19734], device='mps:0')
2024-02-04 01:55:49,133 - Classification Fails.
2024-02-04 01:55:49,133 - Link Generation Succeeds.
2024-02-04 01:56:23,463 - Victim node is 8584.
2024-02-04 01:56:23,463 - tensor([  903, 11894, 12019], device='mps:0')
2024-02-04 01:56:23,465 - Classification Fails.
2024-02-04 01:56:23,466 - Link Generation Fails.
2024-02-04 01:57:06,538 - Victim node is 2020.
2024-02-04 01:57:06,538 - tensor([  903, 19763, 19851], device='mps:0')
2024-02-04 01:57:06,540 - Classification Succeeds.
2024-02-04 01:57:06,541 - Link Generation Succeeds.
2024-02-04 01:57:39,137 - Victim node is 17067.
2024-02-04 01:57:39,137 - tensor([15841, 19720, 19726], device='mps:0')
2024-02-04 01:57:39,139 - Classification Fails.
2024-02-04 01:57:39,140 - Link Generation Succeeds.
2024-02-04 01:58:12,905 - Victim node is 10807.
2024-02-04 01:58:12,905 - tensor([19719, 19726, 19733], device='mps:0')
2024-02-04 01:58:12,907 - Classification Fails.
2024-02-04 01:58:12,907 - Link Generation Succeeds.
2024-02-04 01:58:45,901 - Victim node is 6092.
2024-02-04 01:58:45,901 - tensor([  903,  1205, 12019], device='mps:0')
2024-02-04 01:58:45,903 - Classification Succeeds.
2024-02-04 01:58:45,904 - Link Generation Fails.
2024-02-04 01:59:28,170 - Victim node is 1535.
2024-02-04 01:59:28,170 - tensor([ 1205, 13940, 19717], device='mps:0')
2024-02-04 01:59:28,172 - Classification Succeeds.
2024-02-04 01:59:28,173 - Link Generation Succeeds.
2024-02-04 02:00:11,124 - Victim node is 7037.
2024-02-04 02:00:11,124 - tensor([ 8626, 11024, 11450], device='mps:0')
2024-02-04 02:00:11,126 - Classification Fails.
2024-02-04 02:00:11,127 - Link Generation Fails.
2024-02-04 02:00:51,789 - Victim node is 15494.
2024-02-04 02:00:51,789 - tensor([ 1205, 12019, 19719], device='mps:0')
2024-02-04 02:00:51,791 - Classification Succeeds.
2024-02-04 02:00:51,792 - Link Generation Succeeds.
2024-02-04 02:01:32,867 - Victim node is 15287.
2024-02-04 02:01:32,868 - tensor([19735, 19742, 19755], device='mps:0')
2024-02-04 02:01:32,870 - Classification Fails.
2024-02-04 02:01:32,870 - Link Generation Succeeds.
2024-02-04 02:02:06,945 - Victim node is 13480.
2024-02-04 02:02:06,945 - tensor([19718, 19721, 19722], device='mps:0')
2024-02-04 02:02:06,947 - Classification Fails.
2024-02-04 02:02:06,947 - Link Generation Succeeds.
2024-02-04 02:02:47,268 - Victim node is 4686.
2024-02-04 02:02:47,269 - tensor([ 1205, 11816, 13940], device='mps:0')
2024-02-04 02:02:47,270 - Classification Succeeds.
2024-02-04 02:02:47,271 - Link Generation Fails.
2024-02-04 02:03:26,234 - Victim node is 11770.
2024-02-04 02:03:26,234 - tensor([19718, 19720, 19733], device='mps:0')
2024-02-04 02:03:26,236 - Classification Fails.
2024-02-04 02:03:26,236 - Link Generation Succeeds.
2024-02-04 02:04:06,868 - Victim node is 1331.
2024-02-04 02:04:06,868 - tensor([ 7056, 19719, 19730], device='mps:0')
2024-02-04 02:04:06,870 - Classification Fails.
2024-02-04 02:04:06,870 - Link Generation Succeeds.
2024-02-04 02:04:43,453 - Victim node is 6043.
2024-02-04 02:04:43,453 - tensor([ 4058, 11450, 12019], device='mps:0')
2024-02-04 02:04:43,455 - Classification Succeeds.
2024-02-04 02:04:43,456 - Link Generation Fails.
2024-02-04 02:05:26,343 - Victim node is 474.
2024-02-04 02:05:26,344 - tensor([19718, 19728, 19734], device='mps:0')
2024-02-04 02:05:26,346 - Classification Succeeds.
2024-02-04 02:05:26,346 - Link Generation Succeeds.
2024-02-04 02:06:08,715 - Victim node is 14851.
2024-02-04 02:06:08,715 - tensor([19718, 19720, 19727], device='mps:0')
2024-02-04 02:06:08,716 - Classification Fails.
2024-02-04 02:06:08,717 - Link Generation Succeeds.
2024-02-04 02:06:47,635 - Victim node is 5917.
2024-02-04 02:06:47,635 - tensor([ 1205, 19759, 19843], device='mps:0')
2024-02-04 02:06:47,637 - Classification Succeeds.
2024-02-04 02:06:47,638 - Link Generation Succeeds.
2024-02-04 02:07:28,124 - Victim node is 944.
2024-02-04 02:07:28,124 - tensor([ 1205, 19722, 19726], device='mps:0')
2024-02-04 02:07:28,126 - Classification Fails.
2024-02-04 02:07:28,126 - Link Generation Succeeds.
2024-02-04 02:08:09,246 - Victim node is 4465.
2024-02-04 02:08:09,246 - tensor([ 1920,  5375, 12019], device='mps:0')
2024-02-04 02:08:09,248 - Classification Fails.
2024-02-04 02:08:09,249 - Link Generation Fails.
2024-02-04 02:08:49,685 - Victim node is 11436.
2024-02-04 02:08:49,686 - tensor([19719, 19724, 19726], device='mps:0')
2024-02-04 02:08:49,687 - Classification Fails.
2024-02-04 02:08:49,688 - Link Generation Succeeds.
2024-02-04 02:09:30,611 - Victim node is 15526.
2024-02-04 02:09:30,611 - tensor([ 1205, 13940, 19735], device='mps:0')
2024-02-04 02:09:30,613 - Classification Succeeds.
2024-02-04 02:09:30,613 - Link Generation Succeeds.
2024-02-04 02:10:10,470 - Victim node is 3968.
2024-02-04 02:10:10,470 - tensor([  903, 11894, 12019], device='mps:0')
2024-02-04 02:10:10,471 - Classification Succeeds.
2024-02-04 02:10:10,472 - Link Generation Fails.
2024-02-04 02:10:47,254 - Victim node is 12479.
2024-02-04 02:10:47,255 - tensor([ 1920,  5375, 12019], device='mps:0')
2024-02-04 02:10:47,257 - Classification Succeeds.
2024-02-04 02:10:47,258 - Link Generation Fails.
2024-02-04 02:11:26,633 - Victim node is 6618.
2024-02-04 02:11:26,633 - tensor([ 1205, 11816, 13940], device='mps:0')
2024-02-04 02:11:26,634 - Classification Succeeds.
2024-02-04 02:11:26,635 - Link Generation Fails.
2024-02-04 02:12:07,809 - Victim node is 16327.
2024-02-04 02:12:07,809 - tensor([19727, 19728, 19735], device='mps:0')
2024-02-04 02:12:07,811 - Classification Succeeds.
2024-02-04 02:12:07,811 - Link Generation Succeeds.
2024-02-04 02:12:41,288 - Victim node is 3353.
2024-02-04 02:12:41,288 - tensor([  903, 11894, 12019], device='mps:0')
2024-02-04 02:12:41,290 - Classification Succeeds.
2024-02-04 02:12:41,291 - Link Generation Fails.
2024-02-04 02:13:15,058 - Victim node is 19306.
2024-02-04 02:13:15,058 - tensor([19728, 19754, 19756], device='mps:0')
2024-02-04 02:13:15,059 - Classification Succeeds.
2024-02-04 02:13:15,060 - Link Generation Succeeds.
2024-02-04 02:13:57,024 - Victim node is 19071.
2024-02-04 02:13:57,024 - tensor([12019, 19726, 19763], device='mps:0')
2024-02-04 02:13:57,026 - Classification Succeeds.
2024-02-04 02:13:57,027 - Link Generation Succeeds.
2024-02-04 02:14:38,576 - Victim node is 11388.
2024-02-04 02:14:38,576 - tensor([19722, 19723, 19725], device='mps:0')
2024-02-04 02:14:38,578 - Classification Succeeds.
2024-02-04 02:14:38,578 - Link Generation Succeeds.
2024-02-04 02:15:20,204 - Victim node is 7144.
2024-02-04 02:15:20,204 - tensor([ 7056, 14044, 19719], device='mps:0')
2024-02-04 02:15:20,206 - Classification Fails.
2024-02-04 02:15:20,206 - Link Generation Succeeds.
2024-02-04 02:16:01,486 - Victim node is 569.
2024-02-04 02:16:01,486 - tensor([11024, 19757, 19776], device='mps:0')
2024-02-04 02:16:01,487 - Classification Succeeds.
2024-02-04 02:16:01,488 - Link Generation Succeeds.
2024-02-04 02:16:43,918 - Victim node is 12429.
2024-02-04 02:16:43,918 - tensor([ 1205, 12019, 19722], device='mps:0')
2024-02-04 02:16:43,920 - Classification Succeeds.
2024-02-04 02:16:43,920 - Link Generation Succeeds.
2024-02-04 02:17:24,499 - Victim node is 9939.
2024-02-04 02:17:24,499 - tensor([ 1205, 12019, 16214], device='mps:0')
2024-02-04 02:17:24,501 - Classification Fails.
2024-02-04 02:17:24,501 - Link Generation Fails.
2024-02-04 02:17:58,181 - Victim node is 11080.
2024-02-04 02:17:58,181 - tensor([ 1920, 15841, 19718], device='mps:0')
2024-02-04 02:17:58,183 - Classification Fails.
2024-02-04 02:17:58,184 - Link Generation Succeeds.
2024-02-04 02:18:39,575 - Victim node is 13.
2024-02-04 02:18:39,575 - tensor([ 1205,  5467, 19768], device='mps:0')
2024-02-04 02:18:39,577 - Classification Succeeds.
2024-02-04 02:18:39,578 - Link Generation Succeeds.
2024-02-04 02:19:12,436 - Victim node is 13430.
2024-02-04 02:19:12,436 - tensor([19728, 19747, 19758], device='mps:0')
2024-02-04 02:19:12,438 - Classification Fails.
2024-02-04 02:19:12,438 - Link Generation Succeeds.
2024-02-04 02:19:53,100 - Victim node is 8179.
2024-02-04 02:19:53,101 - tensor([ 1205, 13940, 19726], device='mps:0')
2024-02-04 02:19:53,102 - Classification Succeeds.
2024-02-04 02:19:53,103 - Link Generation Succeeds.
2024-02-04 02:20:26,974 - Victim node is 4669.
2024-02-04 02:20:26,974 - tensor([19733, 19737, 19748], device='mps:0')
2024-02-04 02:20:26,976 - Classification Fails.
2024-02-04 02:20:26,976 - Link Generation Succeeds.
2024-02-04 02:21:00,691 - Victim node is 5094.
2024-02-04 02:21:00,691 - tensor([19719, 19720, 19725], device='mps:0')
2024-02-04 02:21:00,693 - Classification Succeeds.
2024-02-04 02:21:00,693 - Link Generation Succeeds.
2024-02-04 02:21:34,804 - Victim node is 19285.
2024-02-04 02:21:34,804 - tensor([ 1920,  5375, 11024], device='mps:0')
2024-02-04 02:21:34,806 - Classification Fails.
2024-02-04 02:21:34,806 - Link Generation Fails.
2024-02-04 02:22:11,052 - Victim node is 9500.
2024-02-04 02:22:11,052 - tensor([ 1205, 11816, 13940], device='mps:0')
2024-02-04 02:22:11,054 - Classification Fails.
2024-02-04 02:22:11,055 - Link Generation Fails.
2024-02-04 02:22:45,830 - Victim node is 4165.
2024-02-04 02:22:45,831 - tensor([ 1920, 11450, 12019], device='mps:0')
2024-02-04 02:22:45,833 - Classification Succeeds.
2024-02-04 02:22:45,834 - Link Generation Fails.
2024-02-04 02:23:26,711 - Victim node is 10577.
2024-02-04 02:23:26,711 - tensor([19730, 19731, 19732], device='mps:0')
2024-02-04 02:23:26,713 - Classification Fails.
2024-02-04 02:23:26,713 - Link Generation Succeeds.
2024-02-04 02:24:01,368 - Victim node is 14066.
2024-02-04 02:24:01,369 - tensor([19742, 19767, 19806], device='mps:0')
2024-02-04 02:24:01,371 - Classification Succeeds.
2024-02-04 02:24:01,372 - Link Generation Succeeds.
2024-02-04 02:24:41,863 - Victim node is 17369.
2024-02-04 02:24:41,864 - tensor([ 1920,  5375, 19728], device='mps:0')
2024-02-04 02:24:41,866 - Classification Succeeds.
2024-02-04 02:24:41,866 - Link Generation Succeeds.
2024-02-04 02:25:22,065 - Victim node is 633.
2024-02-04 02:25:22,065 - tensor([19718, 19737, 19739], device='mps:0')
2024-02-04 02:25:22,067 - Classification Succeeds.
2024-02-04 02:25:22,067 - Link Generation Succeeds.
2024-02-04 02:25:55,003 - Victim node is 5073.
2024-02-04 02:25:55,003 - tensor([  903, 11450, 12019], device='mps:0')
2024-02-04 02:25:55,005 - Classification Succeeds.
2024-02-04 02:25:55,006 - Link Generation Fails.
2024-02-04 02:26:30,766 - Victim node is 11052.
2024-02-04 02:26:30,767 - tensor([  903,  4058, 11450], device='mps:0')
2024-02-04 02:26:30,769 - Classification Succeeds.
2024-02-04 02:26:30,769 - Link Generation Fails.
2024-02-04 02:27:04,055 - Victim node is 12691.
2024-02-04 02:27:04,055 - tensor([ 1205, 13940, 19739], device='mps:0')
2024-02-04 02:27:04,057 - Classification Fails.
2024-02-04 02:27:04,057 - Link Generation Succeeds.
2024-02-04 02:27:38,078 - Victim node is 14407.
2024-02-04 02:27:38,078 - tensor([19723, 19758, 19763], device='mps:0')
2024-02-04 02:27:38,080 - Classification Fails.
2024-02-04 02:27:38,080 - Link Generation Succeeds.
2024-02-04 02:28:15,880 - Victim node is 12474.
2024-02-04 02:28:15,881 - tensor([19771, 19823, 19848], device='mps:0')
2024-02-04 02:28:15,883 - Classification Succeeds.
2024-02-04 02:28:15,883 - Link Generation Succeeds.
2024-02-04 02:28:49,791 - Victim node is 17842.
2024-02-04 02:28:49,791 - tensor([19736, 19745, 19750], device='mps:0')
2024-02-04 02:28:49,793 - Classification Fails.
2024-02-04 02:28:49,793 - Link Generation Succeeds.
2024-02-04 02:29:30,006 - Victim node is 18997.
2024-02-04 02:29:30,006 - tensor([  903, 12019, 16214], device='mps:0')
2024-02-04 02:29:30,008 - Classification Succeeds.
2024-02-04 02:29:30,009 - Link Generation Fails.
2024-02-04 02:30:13,219 - Victim node is 15360.
2024-02-04 02:30:13,219 - tensor([ 1920, 18735, 19773], device='mps:0')
2024-02-04 02:30:13,220 - Classification Succeeds.
2024-02-04 02:30:13,221 - Link Generation Succeeds.
2024-02-04 02:30:50,140 - Victim node is 15562.
2024-02-04 02:30:50,141 - tensor([ 1205, 11816, 13940], device='mps:0')
2024-02-04 02:30:50,144 - Classification Fails.
2024-02-04 02:30:50,145 - Link Generation Fails.
2024-02-04 02:31:23,094 - Victim node is 5687.
2024-02-04 02:31:23,094 - tensor([  903,  8626, 12019], device='mps:0')
2024-02-04 02:31:23,096 - Classification Fails.
2024-02-04 02:31:23,097 - Link Generation Fails.
2024-02-04 02:32:06,327 - Victim node is 3438.
2024-02-04 02:32:06,328 - tensor([19726, 19732, 19735], device='mps:0')
2024-02-04 02:32:06,329 - Classification Succeeds.
2024-02-04 02:32:06,330 - Link Generation Succeeds.
2024-02-04 02:32:46,616 - Victim node is 9210.
2024-02-04 02:32:46,616 - tensor([19720, 19733, 19734], device='mps:0')
2024-02-04 02:32:46,618 - Classification Fails.
2024-02-04 02:32:46,618 - Link Generation Succeeds.
2024-02-04 02:33:20,269 - Victim node is 16572.
2024-02-04 02:33:20,269 - tensor([ 7056, 15841, 19720], device='mps:0')
2024-02-04 02:33:20,271 - Classification Succeeds.
2024-02-04 02:33:20,272 - Link Generation Succeeds.
2024-02-04 02:33:54,411 - Victim node is 15405.
2024-02-04 02:33:54,411 - tensor([19748, 19754, 19765], device='mps:0')
2024-02-04 02:33:54,413 - Classification Fails.
2024-02-04 02:33:54,413 - Link Generation Succeeds.
2024-02-04 02:34:34,998 - Victim node is 1817.
2024-02-04 02:34:34,998 - tensor([ 1920, 15841, 17194], device='mps:0')
2024-02-04 02:34:35,000 - Classification Succeeds.
2024-02-04 02:34:35,001 - Link Generation Fails.
2024-02-04 02:35:08,770 - Victim node is 9108.
2024-02-04 02:35:08,770 - tensor([19730, 19740, 19755], device='mps:0')
2024-02-04 02:35:08,772 - Classification Succeeds.
2024-02-04 02:35:08,773 - Link Generation Succeeds.
2024-02-04 02:35:49,491 - Victim node is 18046.
2024-02-04 02:35:49,491 - tensor([ 1205, 12019, 13940], device='mps:0')
2024-02-04 02:35:49,492 - Classification Succeeds.
2024-02-04 02:35:49,493 - Link Generation Fails.
2024-02-04 02:36:23,451 - Victim node is 6153.
2024-02-04 02:36:23,452 - tensor([19722, 19758, 19766], device='mps:0')
2024-02-04 02:36:23,453 - Classification Succeeds.
2024-02-04 02:36:23,454 - Link Generation Succeeds.
2024-02-04 02:37:04,927 - Victim node is 2319.
2024-02-04 02:37:04,927 - tensor([ 1205, 12019, 13940], device='mps:0')
2024-02-04 02:37:04,928 - Classification Fails.
2024-02-04 02:37:04,929 - Link Generation Fails.
2024-02-04 02:37:45,681 - Victim node is 9404.
2024-02-04 02:37:45,681 - tensor([ 1920,  5375, 19725], device='mps:0')
2024-02-04 02:37:45,683 - Classification Succeeds.
2024-02-04 02:37:45,684 - Link Generation Succeeds.
2024-02-04 02:38:18,707 - Victim node is 3192.
2024-02-04 02:38:18,707 - tensor([19725, 19727, 19742], device='mps:0')
2024-02-04 02:38:18,709 - Classification Fails.
2024-02-04 02:38:18,709 - Link Generation Succeeds.
2024-02-04 02:38:52,445 - Victim node is 6072.
2024-02-04 02:38:52,445 - tensor([ 1205, 19722, 19724], device='mps:0')
2024-02-04 02:38:52,447 - Classification Fails.
2024-02-04 02:38:52,447 - Link Generation Succeeds.
2024-02-04 02:39:26,474 - Victim node is 19101.
2024-02-04 02:39:26,474 - tensor([ 1920, 19736, 19743], device='mps:0')
2024-02-04 02:39:26,476 - Classification Fails.
2024-02-04 02:39:26,477 - Link Generation Succeeds.
2024-02-04 02:40:09,616 - Victim node is 17339.
2024-02-04 02:40:09,617 - tensor([ 1920, 17194, 18735], device='mps:0')
2024-02-04 02:40:09,619 - Classification Fails.
2024-02-04 02:40:09,619 - Link Generation Fails.
2024-02-04 02:40:51,968 - Victim node is 9948.
2024-02-04 02:40:51,969 - tensor([  903, 12019, 19731], device='mps:0')
2024-02-04 02:40:51,970 - Classification Fails.
2024-02-04 02:40:51,971 - Link Generation Succeeds.
2024-02-04 02:41:30,894 - Victim node is 552.
2024-02-04 02:41:30,894 - tensor([ 7056, 19735, 19736], device='mps:0')
2024-02-04 02:41:30,895 - Classification Fails.
2024-02-04 02:41:30,896 - Link Generation Succeeds.
2024-02-04 02:42:04,135 - Victim node is 15581.
2024-02-04 02:42:04,135 - tensor([  903, 12019, 16214], device='mps:0')
2024-02-04 02:42:04,137 - Classification Succeeds.
2024-02-04 02:42:04,138 - Link Generation Fails.
2024-02-04 02:42:51,573 - Victim node is 3930.
2024-02-04 02:42:51,574 - tensor([ 1205, 19915, 19919], device='mps:0')
2024-02-04 02:42:51,576 - Classification Succeeds.
2024-02-04 02:42:51,576 - Link Generation Succeeds.
2024-02-04 02:43:26,262 - Victim node is 18621.
2024-02-04 02:43:26,262 - tensor([19731, 19743, 19745], device='mps:0')
2024-02-04 02:43:26,264 - Classification Succeeds.
2024-02-04 02:43:26,264 - Link Generation Succeeds.
2024-02-04 02:44:06,925 - Victim node is 19625.
2024-02-04 02:44:06,926 - tensor([ 1205, 12019, 13940], device='mps:0')
2024-02-04 02:44:06,928 - Classification Succeeds.
2024-02-04 02:44:06,928 - Link Generation Fails.
2024-02-04 02:44:41,087 - Victim node is 5425.
2024-02-04 02:44:41,087 - tensor([ 1205, 12019, 16214], device='mps:0')
2024-02-04 02:44:41,089 - Classification Succeeds.
2024-02-04 02:44:41,090 - Link Generation Fails.
2024-02-04 02:45:19,451 - Victim node is 14477.
2024-02-04 02:45:19,451 - tensor([19719, 19732, 19738], device='mps:0')
2024-02-04 02:45:19,453 - Classification Succeeds.
2024-02-04 02:45:19,453 - Link Generation Succeeds.
2024-02-04 02:45:52,957 - Victim node is 14487.
2024-02-04 02:45:52,958 - tensor([ 1205, 12019, 13940], device='mps:0')
2024-02-04 02:45:52,959 - Classification Succeeds.
2024-02-04 02:45:52,960 - Link Generation Fails.
2024-02-04 02:46:26,919 - Victim node is 6834.
2024-02-04 02:46:26,919 - tensor([19726, 19740, 19753], device='mps:0')
2024-02-04 02:46:26,921 - Classification Fails.
2024-02-04 02:46:26,921 - Link Generation Succeeds.
2024-02-04 02:47:05,787 - Victim node is 1045.
2024-02-04 02:47:05,788 - tensor([ 1205,  2361, 13940], device='mps:0')
2024-02-04 02:47:05,790 - Classification Succeeds.
2024-02-04 02:47:05,790 - Link Generation Fails.
2024-02-04 02:47:47,015 - Victim node is 12864.
2024-02-04 02:47:47,016 - tensor([ 1205, 12019, 19720], device='mps:0')
2024-02-04 02:47:47,017 - Classification Fails.
2024-02-04 02:47:47,018 - Link Generation Succeeds.
2024-02-04 02:48:21,196 - Victim node is 18090.
2024-02-04 02:48:21,196 - tensor([ 1920, 19719, 19739], device='mps:0')
2024-02-04 02:48:21,198 - Classification Succeeds.
2024-02-04 02:48:21,199 - Link Generation Succeeds.
2024-02-04 02:49:01,864 - Victim node is 6669.
2024-02-04 02:49:01,864 - tensor([ 1205, 13940, 19722], device='mps:0')
2024-02-04 02:49:01,866 - Classification Fails.
2024-02-04 02:49:01,867 - Link Generation Succeeds.
2024-02-04 02:49:40,431 - Victim node is 7640.
2024-02-04 02:49:40,431 - tensor([ 1205,  9471, 13940], device='mps:0')
2024-02-04 02:49:40,433 - Classification Succeeds.
2024-02-04 02:49:40,433 - Link Generation Fails.
2024-02-04 02:50:21,642 - Victim node is 1049.
2024-02-04 02:50:21,642 - tensor([19764, 19779, 19791], device='mps:0')
2024-02-04 02:50:21,644 - Classification Fails.
2024-02-04 02:50:21,645 - Link Generation Succeeds.
2024-02-04 02:51:01,915 - Victim node is 9923.
2024-02-04 02:51:01,915 - tensor([19717, 19726, 19733], device='mps:0')
2024-02-04 02:51:01,917 - Classification Fails.
2024-02-04 02:51:01,917 - Link Generation Succeeds.
2024-02-04 02:51:39,896 - Victim node is 17387.
2024-02-04 02:51:39,896 - tensor([12019, 19914, 20008], device='mps:0')
2024-02-04 02:51:39,897 - Classification Fails.
2024-02-04 02:51:39,898 - Link Generation Succeeds.
2024-02-04 02:52:13,844 - Victim node is 17526.
2024-02-04 02:52:13,845 - tensor([ 1920, 15841, 19717], device='mps:0')
2024-02-04 02:52:13,847 - Classification Fails.
2024-02-04 02:52:13,847 - Link Generation Succeeds.
2024-02-04 02:52:54,518 - Victim node is 16614.
2024-02-04 02:52:54,518 - tensor([  357,  1205, 13940], device='mps:0')
2024-02-04 02:52:54,519 - Classification Succeeds.
2024-02-04 02:52:54,520 - Link Generation Fails.
2024-02-04 02:53:35,242 - Victim node is 8574.
2024-02-04 02:53:35,242 - tensor([11024, 11450, 12019], device='mps:0')
2024-02-04 02:53:35,244 - Classification Succeeds.
2024-02-04 02:53:35,245 - Link Generation Fails.
2024-02-04 02:54:13,934 - Victim node is 13138.
2024-02-04 02:54:13,934 - tensor([19717, 19718, 19739], device='mps:0')
2024-02-04 02:54:13,935 - Classification Fails.
2024-02-04 02:54:13,936 - Link Generation Succeeds.
2024-02-04 02:54:56,846 - Victim node is 19444.
2024-02-04 02:54:56,846 - tensor([  903,  1205, 12019], device='mps:0')
2024-02-04 02:54:56,848 - Classification Fails.
2024-02-04 02:54:56,849 - Link Generation Fails.
2024-02-04 02:55:32,625 - Victim node is 16610.
2024-02-04 02:55:32,626 - tensor([19846, 19851, 19854], device='mps:0')
2024-02-04 02:55:32,627 - Classification Succeeds.
2024-02-04 02:55:32,628 - Link Generation Succeeds.
2024-02-04 02:56:06,234 - Victim node is 3622.
2024-02-04 02:56:06,235 - tensor([19717, 19723, 19726], device='mps:0')
2024-02-04 02:56:06,236 - Classification Succeeds.
2024-02-04 02:56:06,237 - Link Generation Succeeds.
2024-02-04 02:56:48,277 - Victim node is 18011.
2024-02-04 02:56:48,277 - tensor([ 7056, 19754, 19766], device='mps:0')
2024-02-04 02:56:48,279 - Classification Fails.
2024-02-04 02:56:48,280 - Link Generation Succeeds.
2024-02-04 02:57:21,704 - Victim node is 89.
2024-02-04 02:57:21,704 - tensor([ 1205, 13940, 19724], device='mps:0')
2024-02-04 02:57:21,705 - Classification Fails.
2024-02-04 02:57:21,706 - Link Generation Succeeds.
2024-02-04 02:58:02,420 - Victim node is 1503.
2024-02-04 02:58:02,420 - tensor([  903, 11450, 12019], device='mps:0')
2024-02-04 02:58:02,422 - Classification Succeeds.
2024-02-04 02:58:02,423 - Link Generation Fails.
2024-02-04 02:58:40,382 - Victim node is 8974.
2024-02-04 02:58:40,383 - tensor([  357,   903, 12019], device='mps:0')
2024-02-04 02:58:40,386 - Classification Succeeds.
2024-02-04 02:58:40,386 - Link Generation Fails.
2024-02-04 02:59:21,230 - Victim node is 13768.
2024-02-04 02:59:21,230 - tensor([ 1205, 13940, 19736], device='mps:0')
2024-02-04 02:59:21,232 - Classification Fails.
2024-02-04 02:59:21,233 - Link Generation Succeeds.
2024-02-04 02:59:54,768 - Victim node is 14795.
2024-02-04 02:59:54,768 - tensor([ 1920,  7056, 14044], device='mps:0')
2024-02-04 02:59:54,770 - Classification Fails.
2024-02-04 02:59:54,770 - Link Generation Fails.
2024-02-04 03:00:35,285 - Victim node is 14411.
2024-02-04 03:00:35,285 - tensor([ 1205, 12019, 13940], device='mps:0')
2024-02-04 03:00:35,287 - Classification Succeeds.
2024-02-04 03:00:35,288 - Link Generation Fails.
2024-02-04 03:01:15,320 - Victim node is 636.
2024-02-04 03:01:15,320 - tensor([ 7056, 19724, 19733], device='mps:0')
2024-02-04 03:01:15,322 - Classification Fails.
2024-02-04 03:01:15,322 - Link Generation Succeeds.
2024-02-04 03:01:57,128 - Victim node is 5653.
2024-02-04 03:01:57,129 - tensor([ 1205, 12019, 19728], device='mps:0')
2024-02-04 03:01:57,130 - Classification Fails.
2024-02-04 03:01:57,131 - Link Generation Succeeds.
2024-02-04 03:02:38,298 - Victim node is 11245.
2024-02-04 03:02:38,298 - tensor([19727, 19753, 19779], device='mps:0')
2024-02-04 03:02:38,300 - Classification Fails.
2024-02-04 03:02:38,300 - Link Generation Succeeds.
2024-02-04 03:03:19,536 - Victim node is 16964.
2024-02-04 03:03:19,536 - tensor([ 1920, 11024, 11450], device='mps:0')
2024-02-04 03:03:19,538 - Classification Succeeds.
2024-02-04 03:03:19,538 - Link Generation Fails.
2024-02-04 03:03:59,618 - Victim node is 3315.
2024-02-04 03:03:59,618 - tensor([19721, 19726, 19727], device='mps:0')
2024-02-04 03:03:59,620 - Classification Succeeds.
2024-02-04 03:03:59,620 - Link Generation Succeeds.
2024-02-04 03:04:39,609 - Victim node is 16857.
2024-02-04 03:04:39,610 - tensor([ 1920,  7056, 14044], device='mps:0')
2024-02-04 03:04:39,611 - Classification Fails.
2024-02-04 03:04:39,612 - Link Generation Fails.
2024-02-04 03:05:19,957 - Victim node is 15362.
2024-02-04 03:05:19,957 - tensor([ 1205, 12019, 13940], device='mps:0')
2024-02-04 03:05:19,959 - Classification Fails.
2024-02-04 03:05:19,960 - Link Generation Fails.
2024-02-04 03:05:59,752 - Victim node is 14520.
2024-02-04 03:05:59,752 - tensor([18735, 19720, 19725], device='mps:0')
2024-02-04 03:05:59,754 - Classification Succeeds.
2024-02-04 03:05:59,755 - Link Generation Succeeds.
2024-02-04 03:06:41,269 - Victim node is 8331.
2024-02-04 03:06:41,270 - tensor([ 1920,  7056, 19796], device='mps:0')
2024-02-04 03:06:41,271 - Classification Fails.
2024-02-04 03:06:41,272 - Link Generation Succeeds.
2024-02-04 03:07:14,840 - Victim node is 10091.
2024-02-04 03:07:14,840 - tensor([19719, 19720, 19723], device='mps:0')
2024-02-04 03:07:14,842 - Classification Fails.
2024-02-04 03:07:14,842 - Link Generation Succeeds.
2024-02-04 03:07:48,565 - Victim node is 8045.
2024-02-04 03:07:48,565 - tensor([19732, 19740, 19743], device='mps:0')
2024-02-04 03:07:48,567 - Classification Succeeds.
2024-02-04 03:07:48,567 - Link Generation Succeeds.
2024-02-04 03:08:29,143 - Victim node is 8199.
2024-02-04 03:08:29,143 - tensor([19722, 19724, 19734], device='mps:0')
2024-02-04 03:08:29,144 - Classification Succeeds.
2024-02-04 03:08:29,145 - Link Generation Succeeds.
2024-02-04 03:09:02,588 - Victim node is 8622.
2024-02-04 03:09:02,588 - tensor([ 1205, 19720, 19741], device='mps:0')
2024-02-04 03:09:02,590 - Classification Succeeds.
2024-02-04 03:09:02,591 - Link Generation Succeeds.
2024-02-04 03:09:36,804 - Victim node is 7881.
2024-02-04 03:09:36,804 - tensor([ 1920,  7056, 15841], device='mps:0')
2024-02-04 03:09:36,805 - Classification Fails.
2024-02-04 03:09:36,806 - Link Generation Fails.
2024-02-04 03:10:11,162 - Victim node is 13072.
2024-02-04 03:10:11,162 - tensor([ 1920, 14044, 15841], device='mps:0')
2024-02-04 03:10:11,164 - Classification Fails.
2024-02-04 03:10:11,165 - Link Generation Fails.
2024-02-04 03:10:47,793 - Victim node is 3352.
2024-02-04 03:10:47,794 - tensor([ 1205, 11816, 13940], device='mps:0')
2024-02-04 03:10:47,795 - Classification Succeeds.
2024-02-04 03:10:47,796 - Link Generation Fails.
2024-02-04 03:11:22,124 - Victim node is 475.
2024-02-04 03:11:22,125 - tensor([ 1205, 13940, 19741], device='mps:0')
2024-02-04 03:11:22,128 - Classification Succeeds.
2024-02-04 03:11:22,128 - Link Generation Succeeds.
2024-02-04 03:12:10,744 - Victim node is 2120.
2024-02-04 03:12:10,745 - tensor([ 1205, 19876, 19931], device='mps:0')
2024-02-04 03:12:10,746 - Classification Fails.
2024-02-04 03:12:10,747 - Link Generation Succeeds.
2024-02-04 03:12:45,604 - Victim node is 17361.
2024-02-04 03:12:45,604 - tensor([ 1920, 11450, 12019], device='mps:0')
2024-02-04 03:12:45,606 - Classification Succeeds.
2024-02-04 03:12:45,607 - Link Generation Fails.
2024-02-04 03:13:27,475 - Victim node is 10713.
2024-02-04 03:13:27,476 - tensor([  903,  1205, 12019], device='mps:0')
2024-02-04 03:13:27,478 - Classification Succeeds.
2024-02-04 03:13:27,479 - Link Generation Fails.
2024-02-04 03:14:01,824 - Victim node is 11737.
2024-02-04 03:14:01,824 - tensor([19729, 19762, 19763], device='mps:0')
2024-02-04 03:14:01,826 - Classification Fails.
2024-02-04 03:14:01,826 - Link Generation Succeeds.
2024-02-04 03:14:45,182 - Victim node is 3613.
2024-02-04 03:14:45,182 - tensor([ 1205,  2361, 13940], device='mps:0')
2024-02-04 03:14:45,184 - Classification Succeeds.
2024-02-04 03:14:45,185 - Link Generation Fails.
2024-02-04 03:15:26,151 - Victim node is 11619.
2024-02-04 03:15:26,152 - tensor([19743, 19778, 19780], device='mps:0')
2024-02-04 03:15:26,153 - Classification Succeeds.
2024-02-04 03:15:26,154 - Link Generation Succeeds.
2024-02-04 03:16:06,029 - Victim node is 16950.
2024-02-04 03:16:06,029 - tensor([ 1205, 12019, 16214], device='mps:0')
2024-02-04 03:16:06,030 - Classification Succeeds.
2024-02-04 03:16:06,031 - Link Generation Fails.
2024-02-04 03:16:45,996 - Victim node is 3749.
2024-02-04 03:16:45,997 - tensor([19726, 19727, 19736], device='mps:0')
2024-02-04 03:16:45,998 - Classification Succeeds.
2024-02-04 03:16:45,999 - Link Generation Succeeds.
2024-02-04 03:17:25,834 - Victim node is 3684.
2024-02-04 03:17:25,835 - tensor([ 7056, 19718, 19726], device='mps:0')
2024-02-04 03:17:25,837 - Classification Succeeds.
2024-02-04 03:17:25,837 - Link Generation Succeeds.
2024-02-04 03:17:59,363 - Victim node is 1472.
2024-02-04 03:17:59,363 - tensor([ 1205, 19718, 19731], device='mps:0')
2024-02-04 03:17:59,365 - Classification Fails.
2024-02-04 03:17:59,365 - Link Generation Succeeds.
2024-02-04 03:18:32,710 - Victim node is 8158.
2024-02-04 03:18:32,710 - tensor([19719, 19722, 19723], device='mps:0')
2024-02-04 03:18:32,712 - Classification Fails.
2024-02-04 03:18:32,712 - Link Generation Succeeds.
2024-02-04 03:19:12,639 - Victim node is 16970.
2024-02-04 03:19:12,639 - tensor([ 1205, 13940, 19723], device='mps:0')
2024-02-04 03:19:12,640 - Classification Fails.
2024-02-04 03:19:12,641 - Link Generation Succeeds.
2024-02-04 03:19:52,695 - Victim node is 8162.
2024-02-04 03:19:52,695 - tensor([19718, 19722, 19730], device='mps:0')
2024-02-04 03:19:52,697 - Classification Fails.
2024-02-04 03:19:52,697 - Link Generation Succeeds.
2024-02-04 03:20:31,271 - Victim node is 10572.
2024-02-04 03:20:31,271 - tensor([  903,  4058, 11450], device='mps:0')
2024-02-04 03:20:31,273 - Classification Fails.
2024-02-04 03:20:31,273 - Link Generation Fails.
2024-02-04 03:21:11,847 - Victim node is 10966.
2024-02-04 03:21:11,847 - tensor([ 5375,  8093, 11024], device='mps:0')
2024-02-04 03:21:11,849 - Classification Succeeds.
2024-02-04 03:21:11,850 - Link Generation Fails.
2024-02-04 03:21:45,548 - Victim node is 18032.
2024-02-04 03:21:45,548 - tensor([  903,  1205, 12019], device='mps:0')
2024-02-04 03:21:45,549 - Classification Succeeds.
2024-02-04 03:21:45,550 - Link Generation Fails.
2024-02-04 03:22:26,942 - Victim node is 1563.
2024-02-04 03:22:26,942 - tensor([ 1205, 11816, 13940], device='mps:0')
2024-02-04 03:22:26,944 - Classification Fails.
2024-02-04 03:22:26,945 - Link Generation Fails.
2024-02-04 03:23:01,051 - Victim node is 5638.
2024-02-04 03:23:01,051 - tensor([ 1205, 12019, 19720], device='mps:0')
2024-02-04 03:23:01,053 - Classification Succeeds.
2024-02-04 03:23:01,054 - Link Generation Succeeds.
2024-02-04 03:23:34,998 - Victim node is 11212.
2024-02-04 03:23:34,998 - tensor([  903,  1205, 12019], device='mps:0')
2024-02-04 03:23:35,000 - Classification Succeeds.
2024-02-04 03:23:35,001 - Link Generation Fails.
2024-02-04 03:24:16,240 - Victim node is 15480.
2024-02-04 03:24:16,240 - tensor([ 7056, 10857, 19729], device='mps:0')
2024-02-04 03:24:16,241 - Classification Succeeds.
2024-02-04 03:24:16,242 - Link Generation Succeeds.
2024-02-04 03:24:49,846 - Victim node is 12812.
2024-02-04 03:24:49,846 - tensor([ 1920, 11450, 12019], device='mps:0')
2024-02-04 03:24:49,848 - Classification Succeeds.
2024-02-04 03:24:49,848 - Link Generation Fails.
2024-02-04 03:25:23,671 - Victim node is 15425.
2024-02-04 03:25:23,671 - tensor([ 1920, 19717, 19724], device='mps:0')
2024-02-04 03:25:23,672 - Classification Fails.
2024-02-04 03:25:23,673 - Link Generation Succeeds.
2024-02-04 03:25:57,597 - Victim node is 160.
2024-02-04 03:25:57,597 - tensor([ 1920,  8626, 12019], device='mps:0')
2024-02-04 03:25:57,599 - Classification Succeeds.
2024-02-04 03:25:57,600 - Link Generation Fails.
2024-02-04 03:26:31,821 - Victim node is 6398.
2024-02-04 03:26:31,821 - tensor([19723, 19738, 19745], device='mps:0')
2024-02-04 03:26:31,823 - Classification Succeeds.
2024-02-04 03:26:31,824 - Link Generation Succeeds.
2024-02-04 03:27:13,392 - Victim node is 7912.
2024-02-04 03:27:13,392 - tensor([ 1920,  5375, 15841], device='mps:0')
2024-02-04 03:27:13,394 - Classification Succeeds.
2024-02-04 03:27:13,394 - Link Generation Fails.
2024-02-04 03:27:47,563 - Victim node is 15311.
2024-02-04 03:27:47,563 - tensor([ 1920,  7056, 19736], device='mps:0')
2024-02-04 03:27:47,564 - Classification Succeeds.
2024-02-04 03:27:47,565 - Link Generation Succeeds.
2024-02-04 03:28:22,880 - Victim node is 2929.
2024-02-04 03:28:22,880 - tensor([ 1920, 11450, 12019], device='mps:0')
2024-02-04 03:28:22,881 - Classification Succeeds.
2024-02-04 03:28:22,882 - Link Generation Fails.
2024-02-04 03:28:56,859 - Victim node is 16565.
2024-02-04 03:28:56,860 - tensor([14044, 19731, 19751], device='mps:0')
2024-02-04 03:28:56,862 - Classification Succeeds.
2024-02-04 03:28:56,863 - Link Generation Succeeds.
2024-02-04 03:29:30,105 - Victim node is 9631.
2024-02-04 03:29:30,105 - tensor([ 1920,  5375, 14893], device='mps:0')
2024-02-04 03:29:30,107 - Classification Succeeds.
2024-02-04 03:29:30,108 - Link Generation Fails.
2024-02-04 03:30:11,313 - Victim node is 5680.
2024-02-04 03:30:11,313 - tensor([ 1920,  7056, 19725], device='mps:0')
2024-02-04 03:30:11,314 - Classification Succeeds.
2024-02-04 03:30:11,315 - Link Generation Succeeds.
2024-02-04 03:30:52,244 - Victim node is 1546.
2024-02-04 03:30:52,244 - tensor([ 357, 1205, 6794], device='mps:0')
2024-02-04 03:30:52,245 - Classification Succeeds.
2024-02-04 03:30:52,246 - Link Generation Fails.
2024-02-04 03:31:26,188 - Victim node is 9194.
2024-02-04 03:31:26,188 - tensor([19722, 19729, 19739], device='mps:0')
2024-02-04 03:31:26,190 - Classification Succeeds.
2024-02-04 03:31:26,191 - Link Generation Succeeds.
2024-02-04 03:32:03,435 - Victim node is 17510.
2024-02-04 03:32:03,436 - tensor([ 1205, 12019, 19762], device='mps:0')
2024-02-04 03:32:03,439 - Classification Succeeds.
2024-02-04 03:32:03,440 - Link Generation Succeeds.
2024-02-04 03:32:43,672 - Victim node is 10780.
2024-02-04 03:32:43,672 - tensor([  903,  4058, 12019], device='mps:0')
2024-02-04 03:32:43,674 - Classification Fails.
2024-02-04 03:32:43,674 - Link Generation Fails.
2024-02-04 03:33:17,437 - Victim node is 543.
2024-02-04 03:33:17,437 - tensor([ 1205, 11816, 13940], device='mps:0')
2024-02-04 03:33:17,439 - Classification Fails.
2024-02-04 03:33:17,440 - Link Generation Fails.
2024-02-04 03:33:50,932 - Victim node is 13470.
2024-02-04 03:33:50,933 - tensor([ 7056, 14044, 19719], device='mps:0')
2024-02-04 03:33:50,934 - Classification Succeeds.
2024-02-04 03:33:50,935 - Link Generation Succeeds.
2024-02-04 03:34:34,545 - Victim node is 17977.
2024-02-04 03:34:34,545 - tensor([ 1205, 13940, 19744], device='mps:0')
2024-02-04 03:34:34,547 - Classification Succeeds.
2024-02-04 03:34:34,547 - Link Generation Succeeds.
2024-02-04 03:35:07,571 - Victim node is 9962.
2024-02-04 03:35:07,571 - tensor([ 5375, 19748, 19751], device='mps:0')
2024-02-04 03:35:07,573 - Classification Succeeds.
2024-02-04 03:35:07,573 - Link Generation Succeeds.
2024-02-04 03:35:40,141 - Victim node is 3598.
2024-02-04 03:35:40,141 - tensor([ 1920,  7056, 15841], device='mps:0')
2024-02-04 03:35:40,143 - Classification Fails.
2024-02-04 03:35:40,143 - Link Generation Fails.
2024-02-04 03:36:20,150 - Victim node is 5031.
2024-02-04 03:36:20,150 - tensor([ 1205, 12019, 13940], device='mps:0')
2024-02-04 03:36:20,151 - Classification Succeeds.
2024-02-04 03:36:20,152 - Link Generation Fails.
2024-02-04 03:36:54,114 - Victim node is 5389.
2024-02-04 03:36:54,114 - tensor([ 1205, 19720, 19728], device='mps:0')
2024-02-04 03:36:54,116 - Classification Fails.
2024-02-04 03:36:54,117 - Link Generation Succeeds.
2024-02-04 03:37:28,095 - Victim node is 8466.
2024-02-04 03:37:28,096 - tensor([ 1205,  2361, 12019], device='mps:0')
2024-02-04 03:37:28,098 - Classification Succeeds.
2024-02-04 03:37:28,098 - Link Generation Fails.
2024-02-04 03:38:10,358 - Victim node is 17549.
2024-02-04 03:38:10,358 - tensor([ 1920,  7056, 19728], device='mps:0')
2024-02-04 03:38:10,360 - Classification Fails.
2024-02-04 03:38:10,360 - Link Generation Succeeds.
2024-02-04 03:38:43,901 - Victim node is 13028.
2024-02-04 03:38:43,901 - tensor([ 1920, 19760, 19771], device='mps:0')
2024-02-04 03:38:43,903 - Classification Succeeds.
2024-02-04 03:38:43,904 - Link Generation Succeeds.
2024-02-04 03:39:25,848 - Victim node is 7880.
2024-02-04 03:39:25,848 - tensor([19717, 19719, 19720], device='mps:0')
2024-02-04 03:39:25,850 - Classification Succeeds.
2024-02-04 03:39:25,850 - Link Generation Succeeds.
2024-02-04 03:40:12,426 - Victim node is 10818.
2024-02-04 03:40:12,427 - tensor([ 1920,  5375, 19837], device='mps:0')
2024-02-04 03:40:12,430 - Classification Succeeds.
2024-02-04 03:40:12,430 - Link Generation Succeeds.
2024-02-04 03:40:56,718 - Victim node is 12409.
2024-02-04 03:40:56,718 - tensor([  903, 11894, 12019], device='mps:0')
2024-02-04 03:40:56,719 - Classification Succeeds.
2024-02-04 03:40:56,720 - Link Generation Fails.
2024-02-04 03:41:37,207 - Victim node is 17004.
2024-02-04 03:41:37,208 - tensor([19718, 19727, 19732], device='mps:0')
2024-02-04 03:41:37,210 - Classification Fails.
2024-02-04 03:41:37,210 - Link Generation Succeeds.
2024-02-04 03:42:11,126 - Victim node is 16409.
2024-02-04 03:42:11,126 - tensor([ 1205, 11816, 13940], device='mps:0')
2024-02-04 03:42:11,127 - Classification Succeeds.
2024-02-04 03:42:11,128 - Link Generation Fails.
2024-02-04 03:42:51,021 - Victim node is 14273.
2024-02-04 03:42:51,021 - tensor([  903, 12019, 19728], device='mps:0')
2024-02-04 03:42:51,023 - Classification Fails.
2024-02-04 03:42:51,024 - Link Generation Succeeds.
2024-02-04 03:43:24,489 - Victim node is 11556.
2024-02-04 03:43:24,489 - tensor([ 1205, 19742, 19744], device='mps:0')
2024-02-04 03:43:24,491 - Classification Succeeds.
2024-02-04 03:43:24,492 - Link Generation Succeeds.
2024-02-04 03:44:06,789 - Victim node is 3830.
2024-02-04 03:44:06,789 - tensor([ 1205, 13940, 19734], device='mps:0')
2024-02-04 03:44:06,790 - Classification Succeeds.
2024-02-04 03:44:06,791 - Link Generation Succeeds.
2024-02-04 03:44:42,423 - Victim node is 7393.
2024-02-04 03:44:42,424 - tensor([ 1205, 19723, 19731], device='mps:0')
2024-02-04 03:44:42,426 - Classification Succeeds.
2024-02-04 03:44:42,426 - Link Generation Succeeds.
2024-02-04 03:45:27,514 - Victim node is 16664.
2024-02-04 03:45:27,515 - tensor([  903,  4058, 11894], device='mps:0')
2024-02-04 03:45:27,516 - Classification Succeeds.
2024-02-04 03:45:27,517 - Link Generation Fails.
2024-02-04 03:46:02,442 - Victim node is 7004.
2024-02-04 03:46:02,442 - tensor([ 1920,  5375, 15841], device='mps:0')
2024-02-04 03:46:02,444 - Classification Succeeds.
2024-02-04 03:46:02,445 - Link Generation Fails.
2024-02-04 03:46:42,328 - Victim node is 15332.
2024-02-04 03:46:42,328 - tensor([19720, 19724, 19730], device='mps:0')
2024-02-04 03:46:42,330 - Classification Succeeds.
2024-02-04 03:46:42,330 - Link Generation Succeeds.
2024-02-04 03:47:24,248 - Victim node is 12019.
2024-02-04 03:47:24,249 - tensor([357, 370, 822], device='mps:0')
2024-02-04 03:47:24,250 - Classification Succeeds.
2024-02-04 03:47:24,251 - Link Generation Fails.
2024-02-04 03:48:04,434 - Victim node is 13244.
2024-02-04 03:48:04,434 - tensor([ 1205, 19722, 19732], device='mps:0')
2024-02-04 03:48:04,436 - Classification Fails.
2024-02-04 03:48:04,436 - Link Generation Succeeds.
2024-02-04 03:48:37,497 - Victim node is 12631.
2024-02-04 03:48:37,497 - tensor([19717, 19718, 19724], device='mps:0')
2024-02-04 03:48:37,499 - Classification Succeeds.
2024-02-04 03:48:37,499 - Link Generation Succeeds.
2024-02-04 03:49:10,356 - Victim node is 11397.
2024-02-04 03:49:10,357 - tensor([ 1920,  7056, 18735], device='mps:0')
2024-02-04 03:49:10,359 - Classification Succeeds.
2024-02-04 03:49:10,359 - Link Generation Fails.
2024-02-04 03:49:44,057 - Victim node is 366.
2024-02-04 03:49:44,057 - tensor([ 1205, 13940, 19760], device='mps:0')
2024-02-04 03:49:44,059 - Classification Fails.
2024-02-04 03:49:44,060 - Link Generation Succeeds.
2024-02-04 03:50:17,561 - Victim node is 8137.
2024-02-04 03:50:17,561 - tensor([19734, 19735, 19758], device='mps:0')
2024-02-04 03:50:17,563 - Classification Succeeds.
2024-02-04 03:50:17,563 - Link Generation Succeeds.
2024-02-04 03:50:50,630 - Victim node is 6431.
2024-02-04 03:50:50,630 - tensor([19718, 19720, 19723], device='mps:0')
2024-02-04 03:50:50,631 - Classification Fails.
2024-02-04 03:50:50,632 - Link Generation Succeeds.
2024-02-04 03:51:23,798 - Victim node is 8425.
2024-02-04 03:51:23,798 - tensor([19719, 19721, 19724], device='mps:0')
2024-02-04 03:51:23,800 - Classification Fails.
2024-02-04 03:51:23,801 - Link Generation Succeeds.
2024-02-04 03:51:57,647 - Victim node is 9397.
2024-02-04 03:51:57,648 - tensor([19717, 19719, 19720], device='mps:0')
2024-02-04 03:51:57,649 - Classification Fails.
2024-02-04 03:51:57,650 - Link Generation Succeeds.
2024-02-04 03:52:38,303 - Victim node is 17896.
2024-02-04 03:52:38,303 - tensor([  903,  1205, 12019], device='mps:0')
2024-02-04 03:52:38,305 - Classification Fails.
2024-02-04 03:52:38,305 - Link Generation Fails.
2024-02-04 03:53:11,782 - Victim node is 3336.
2024-02-04 03:53:11,782 - tensor([19721, 19798, 19808], device='mps:0')
2024-02-04 03:53:11,784 - Classification Fails.
2024-02-04 03:53:11,785 - Link Generation Succeeds.
2024-02-04 03:53:45,296 - Victim node is 12403.
2024-02-04 03:53:45,297 - tensor([  357,  1205, 13940], device='mps:0')
2024-02-04 03:53:45,298 - Classification Fails.
2024-02-04 03:53:45,299 - Link Generation Fails.
2024-02-04 03:54:19,121 - Victim node is 256.
2024-02-04 03:54:19,121 - tensor([19720, 19723, 19724], device='mps:0')
2024-02-04 03:54:19,123 - Classification Fails.
2024-02-04 03:54:19,123 - Link Generation Succeeds.
2024-02-04 03:55:00,737 - Victim node is 14977.
2024-02-04 03:55:00,737 - tensor([19725, 19736, 19784], device='mps:0')
2024-02-04 03:55:00,739 - Classification Fails.
2024-02-04 03:55:00,739 - Link Generation Succeeds.
2024-02-04 03:55:45,048 - Victim node is 8395.
2024-02-04 03:55:45,049 - tensor([  357,  1205, 13940], device='mps:0')
2024-02-04 03:55:45,051 - Classification Succeeds.
2024-02-04 03:55:45,051 - Link Generation Fails.
2024-02-04 03:56:26,427 - Victim node is 10505.
2024-02-04 03:56:26,427 - tensor([19719, 19731, 19735], device='mps:0')
2024-02-04 03:56:26,429 - Classification Succeeds.
2024-02-04 03:56:26,429 - Link Generation Succeeds.
2024-02-04 03:57:00,162 - Victim node is 11650.
2024-02-04 03:57:00,162 - tensor([19720, 19722, 19724], device='mps:0')
2024-02-04 03:57:00,164 - Classification Succeeds.
2024-02-04 03:57:00,164 - Link Generation Succeeds.
2024-02-04 03:57:41,795 - Victim node is 326.
2024-02-04 03:57:41,796 - tensor([ 1205, 11816, 13940], device='mps:0')
2024-02-04 03:57:41,797 - Classification Succeeds.
2024-02-04 03:57:41,798 - Link Generation Fails.
2024-02-04 03:58:18,356 - Victim node is 5728.
2024-02-04 03:58:18,357 - tensor([ 1205,  9471, 13940], device='mps:0')
2024-02-04 03:58:18,359 - Classification Succeeds.
2024-02-04 03:58:18,359 - Link Generation Fails.
2024-02-04 03:58:59,698 - Victim node is 3226.
2024-02-04 03:58:59,698 - tensor([19726, 19773, 19779], device='mps:0')
2024-02-04 03:58:59,700 - Classification Succeeds.
2024-02-04 03:58:59,700 - Link Generation Succeeds.
2024-02-04 03:59:38,144 - Victim node is 14637.
2024-02-04 03:59:38,145 - tensor([ 1205, 19767, 19831], device='mps:0')
2024-02-04 03:59:38,146 - Classification Succeeds.
2024-02-04 03:59:38,147 - Link Generation Succeeds.
2024-02-04 04:00:19,342 - Victim node is 14729.
2024-02-04 04:00:19,342 - tensor([19743, 19744, 19774], device='mps:0')
2024-02-04 04:00:19,344 - Classification Fails.
2024-02-04 04:00:19,344 - Link Generation Succeeds.
2024-02-04 04:01:00,116 - Victim node is 16589.
2024-02-04 04:01:00,116 - tensor([ 7056, 19719, 19722], device='mps:0')
2024-02-04 04:01:00,118 - Classification Succeeds.
2024-02-04 04:01:00,118 - Link Generation Succeeds.
2024-02-04 04:01:35,152 - Victim node is 15734.
2024-02-04 04:01:35,152 - tensor([ 9471, 13940, 19758], device='mps:0')
2024-02-04 04:01:35,154 - Classification Succeeds.
2024-02-04 04:01:35,155 - Link Generation Succeeds.
2024-02-04 04:02:15,076 - Victim node is 9246.
2024-02-04 04:02:15,077 - tensor([19724, 19728, 19731], device='mps:0')
2024-02-04 04:02:15,078 - Classification Fails.
2024-02-04 04:02:15,079 - Link Generation Succeeds.
2024-02-04 04:02:54,868 - Victim node is 17890.
2024-02-04 04:02:54,868 - tensor([ 1205, 11816, 13940], device='mps:0')
2024-02-04 04:02:54,869 - Classification Succeeds.
2024-02-04 04:02:54,870 - Link Generation Fails.
2024-02-04 04:03:27,746 - Victim node is 1479.
2024-02-04 04:03:27,746 - tensor([19720, 19724, 19741], device='mps:0')
2024-02-04 04:03:27,748 - Classification Succeeds.
2024-02-04 04:03:27,748 - Link Generation Succeeds.
2024-02-04 04:04:01,077 - Victim node is 8270.
2024-02-04 04:04:01,077 - tensor([19720, 19725, 19735], device='mps:0')
2024-02-04 04:04:01,079 - Classification Fails.
2024-02-04 04:04:01,079 - Link Generation Succeeds.
2024-02-04 04:04:34,016 - Victim node is 11838.
2024-02-04 04:04:34,017 - tensor([  903,  1205, 12019], device='mps:0')
2024-02-04 04:04:34,018 - Classification Succeeds.
2024-02-04 04:04:34,019 - Link Generation Fails.
2024-02-04 04:05:13,920 - Victim node is 1914.
2024-02-04 04:05:13,920 - tensor([ 1205, 12019, 19724], device='mps:0')
2024-02-04 04:05:13,922 - Classification Fails.
2024-02-04 04:05:13,922 - Link Generation Succeeds.
2024-02-04 04:05:13,922 - Misclassification Rate: 0.4270
2024-02-04 04:05:13,922 - Link Generation Rate: 0.6360
