2024-02-03 05:28:07,908 - Victim node is 129.
2024-02-03 05:28:07,908 - tensor([19759, 19810, 19816], device='mps:0')
2024-02-03 05:28:07,910 - Classification Succeeds.
2024-02-03 05:28:07,914 - Link Generation Succeeds.
2024-02-03 05:28:46,276 - Victim node is 13498.
2024-02-03 05:28:46,276 - tensor([ 1205, 11816, 13940], device='mps:0')
2024-02-03 05:28:46,278 - Classification Succeeds.
2024-02-03 05:28:46,278 - Link Generation Fails.
2024-02-03 05:29:20,151 - Victim node is 11082.
2024-02-03 05:29:20,151 - tensor([ 1205, 11816, 13940], device='mps:0')
2024-02-03 05:29:20,153 - Classification Succeeds.
2024-02-03 05:29:20,153 - Link Generation Fails.
2024-02-03 05:30:00,077 - Victim node is 12083.
2024-02-03 05:30:00,077 - tensor([19745, 19769, 19785], device='mps:0')
2024-02-03 05:30:00,079 - Classification Succeeds.
2024-02-03 05:30:00,079 - Link Generation Succeeds.
2024-02-03 05:30:34,223 - Victim node is 15400.
2024-02-03 05:30:34,223 - tensor([ 1205, 19772, 19807], device='mps:0')
2024-02-03 05:30:34,225 - Classification Succeeds.
2024-02-03 05:30:34,225 - Link Generation Succeeds.
2024-02-03 05:31:07,093 - Victim node is 12839.
2024-02-03 05:31:07,093 - tensor([  903, 11450, 12019], device='mps:0')
2024-02-03 05:31:07,095 - Classification Succeeds.
2024-02-03 05:31:07,095 - Link Generation Fails.
2024-02-03 05:31:41,109 - Victim node is 15222.
2024-02-03 05:31:41,109 - tensor([19718, 19731, 19762], device='mps:0')
2024-02-03 05:31:41,111 - Classification Succeeds.
2024-02-03 05:31:41,111 - Link Generation Succeeds.
2024-02-03 05:32:22,738 - Victim node is 9082.
2024-02-03 05:32:22,738 - tensor([ 1205, 13940, 19718], device='mps:0')
2024-02-03 05:32:22,740 - Classification Succeeds.
2024-02-03 05:32:22,741 - Link Generation Succeeds.
2024-02-03 05:32:58,484 - Victim node is 18542.
2024-02-03 05:32:58,484 - tensor([ 1205, 11816, 13940], device='mps:0')
2024-02-03 05:32:58,486 - Classification Succeeds.
2024-02-03 05:32:58,486 - Link Generation Fails.
2024-02-03 05:33:43,580 - Victim node is 3835.
2024-02-03 05:33:43,580 - tensor([ 1920, 19720, 19724], device='mps:0')
2024-02-03 05:33:43,582 - Classification Fails.
2024-02-03 05:33:43,582 - Link Generation Succeeds.
2024-02-03 05:34:23,742 - Victim node is 8428.
2024-02-03 05:34:23,742 - tensor([19719, 19720, 19732], device='mps:0')
2024-02-03 05:34:23,744 - Classification Succeeds.
2024-02-03 05:34:23,744 - Link Generation Succeeds.
2024-02-03 05:35:06,709 - Victim node is 15973.
2024-02-03 05:35:06,709 - tensor([ 1920,  7666, 17194], device='mps:0')
2024-02-03 05:35:06,711 - Classification Fails.
2024-02-03 05:35:06,711 - Link Generation Fails.
2024-02-03 05:35:52,185 - Victim node is 8755.
2024-02-03 05:35:52,185 - tensor([19730, 19748, 19751], device='mps:0')
2024-02-03 05:35:52,187 - Classification Fails.
2024-02-03 05:35:52,187 - Link Generation Succeeds.
2024-02-03 05:36:35,806 - Victim node is 18994.
2024-02-03 05:36:35,806 - tensor([  903, 12019, 16214], device='mps:0')
2024-02-03 05:36:35,807 - Classification Succeeds.
2024-02-03 05:36:35,808 - Link Generation Fails.
2024-02-03 05:37:34,320 - Victim node is 7783.
2024-02-03 05:37:34,320 - tensor([19718, 19721, 19730], device='mps:0')
2024-02-03 05:37:34,321 - Classification Fails.
2024-02-03 05:37:34,322 - Link Generation Succeeds.
2024-02-03 05:38:18,260 - Victim node is 2186.
2024-02-03 05:38:18,260 - tensor([ 1920,  7056, 15841], device='mps:0')
2024-02-03 05:38:18,261 - Classification Fails.
2024-02-03 05:38:18,262 - Link Generation Fails.
2024-02-03 05:39:10,551 - Victim node is 8066.
2024-02-03 05:39:10,552 - tensor([19721, 19736, 19737], device='mps:0')
2024-02-03 05:39:10,553 - Classification Succeeds.
2024-02-03 05:39:10,553 - Link Generation Succeeds.
2024-02-03 05:40:03,922 - Victim node is 19682.
2024-02-03 05:40:03,922 - tensor([19718, 19719, 19732], device='mps:0')
2024-02-03 05:40:03,924 - Classification Succeeds.
2024-02-03 05:40:03,925 - Link Generation Succeeds.
2024-02-03 05:40:42,248 - Victim node is 11285.
2024-02-03 05:40:42,248 - tensor([ 1920,  5375, 19718], device='mps:0')
2024-02-03 05:40:42,249 - Classification Fails.
2024-02-03 05:40:42,250 - Link Generation Succeeds.
2024-02-03 05:41:31,731 - Victim node is 9344.
2024-02-03 05:41:31,731 - tensor([ 1205, 11816, 13940], device='mps:0')
2024-02-03 05:41:31,733 - Classification Succeeds.
2024-02-03 05:41:31,733 - Link Generation Fails.
2024-02-03 05:42:07,917 - Victim node is 902.
2024-02-03 05:42:07,918 - tensor([ 1205,  5467, 13940], device='mps:0')
2024-02-03 05:42:07,919 - Classification Succeeds.
2024-02-03 05:42:07,920 - Link Generation Fails.
2024-02-03 05:42:46,589 - Victim node is 10999.
2024-02-03 05:42:46,589 - tensor([14044, 19724, 19729], device='mps:0')
2024-02-03 05:42:46,591 - Classification Fails.
2024-02-03 05:42:46,591 - Link Generation Succeeds.
2024-02-03 05:43:34,873 - Victim node is 4547.
2024-02-03 05:43:34,873 - tensor([19747, 19750, 19789], device='mps:0')
2024-02-03 05:43:34,875 - Classification Fails.
2024-02-03 05:43:34,875 - Link Generation Succeeds.
2024-02-03 05:44:13,288 - Victim node is 14205.
2024-02-03 05:44:13,288 - tensor([19718, 19721, 19723], device='mps:0')
2024-02-03 05:44:13,290 - Classification Fails.
2024-02-03 05:44:13,290 - Link Generation Succeeds.
2024-02-03 05:44:50,063 - Victim node is 5280.
2024-02-03 05:44:50,063 - tensor([15841, 19719, 19726], device='mps:0')
2024-02-03 05:44:50,065 - Classification Fails.
2024-02-03 05:44:50,065 - Link Generation Succeeds.
2024-02-03 05:45:28,793 - Victim node is 4897.
2024-02-03 05:45:28,793 - tensor([ 1920, 15841, 19717], device='mps:0')
2024-02-03 05:45:28,795 - Classification Fails.
2024-02-03 05:45:28,795 - Link Generation Succeeds.
2024-02-03 05:46:16,509 - Victim node is 11199.
2024-02-03 05:46:16,509 - tensor([19726, 19727, 19728], device='mps:0')
2024-02-03 05:46:16,510 - Classification Succeeds.
2024-02-03 05:46:16,511 - Link Generation Succeeds.
2024-02-03 05:47:07,210 - Victim node is 2314.
2024-02-03 05:47:07,210 - tensor([19719, 19723, 19731], device='mps:0')
2024-02-03 05:47:07,212 - Classification Fails.
2024-02-03 05:47:07,212 - Link Generation Succeeds.
2024-02-03 05:47:59,584 - Victim node is 3994.
2024-02-03 05:47:59,584 - tensor([19721, 19732, 19733], device='mps:0')
2024-02-03 05:47:59,586 - Classification Succeeds.
2024-02-03 05:47:59,586 - Link Generation Succeeds.
2024-02-03 05:48:40,393 - Victim node is 8100.
2024-02-03 05:48:40,393 - tensor([  903,  1205, 12019], device='mps:0')
2024-02-03 05:48:40,394 - Classification Succeeds.
2024-02-03 05:48:40,395 - Link Generation Fails.
2024-02-03 05:49:21,391 - Victim node is 18311.
2024-02-03 05:49:21,391 - tensor([ 1920,  7056, 19747], device='mps:0')
2024-02-03 05:49:21,393 - Classification Succeeds.
2024-02-03 05:49:21,393 - Link Generation Succeeds.
2024-02-03 05:50:11,872 - Victim node is 8853.
2024-02-03 05:50:11,872 - tensor([19720, 19728, 19733], device='mps:0')
2024-02-03 05:50:11,874 - Classification Succeeds.
2024-02-03 05:50:11,874 - Link Generation Succeeds.
2024-02-03 05:50:52,956 - Victim node is 10189.
2024-02-03 05:50:52,957 - tensor([ 7056, 14044, 19717], device='mps:0')
2024-02-03 05:50:52,958 - Classification Succeeds.
2024-02-03 05:50:52,959 - Link Generation Succeeds.
2024-02-03 05:51:37,745 - Victim node is 6684.
2024-02-03 05:51:37,745 - tensor([ 1205, 12019, 16214], device='mps:0')
2024-02-03 05:51:37,746 - Classification Succeeds.
2024-02-03 05:51:37,747 - Link Generation Fails.
2024-02-03 05:52:28,263 - Victim node is 10951.
2024-02-03 05:52:28,263 - tensor([ 7056, 14044, 14893], device='mps:0')
2024-02-03 05:52:28,265 - Classification Fails.
2024-02-03 05:52:28,265 - Link Generation Fails.
2024-02-03 05:53:18,451 - Victim node is 12056.
2024-02-03 05:53:18,451 - tensor([  903,  1205, 12019], device='mps:0')
2024-02-03 05:53:18,452 - Classification Succeeds.
2024-02-03 05:53:18,453 - Link Generation Fails.
2024-02-03 05:54:00,223 - Victim node is 8967.
2024-02-03 05:54:00,223 - tensor([  903,  1205, 19772], device='mps:0')
2024-02-03 05:54:00,225 - Classification Fails.
2024-02-03 05:54:00,226 - Link Generation Succeeds.
2024-02-03 05:54:51,609 - Victim node is 16611.
2024-02-03 05:54:51,609 - tensor([19728, 19733, 19738], device='mps:0')
2024-02-03 05:54:51,611 - Classification Fails.
2024-02-03 05:54:51,611 - Link Generation Succeeds.
2024-02-03 05:55:31,195 - Victim node is 5056.
2024-02-03 05:55:31,196 - tensor([  903,  1205, 12019], device='mps:0')
2024-02-03 05:55:31,197 - Classification Succeeds.
2024-02-03 05:55:31,198 - Link Generation Fails.
2024-02-03 05:56:09,834 - Victim node is 8480.
2024-02-03 05:56:09,834 - tensor([ 1920, 19719, 19743], device='mps:0')
2024-02-03 05:56:09,836 - Classification Succeeds.
2024-02-03 05:56:09,836 - Link Generation Succeeds.
2024-02-03 05:56:59,065 - Victim node is 8899.
2024-02-03 05:56:59,065 - tensor([  903,  1205, 12019], device='mps:0')
2024-02-03 05:56:59,067 - Classification Succeeds.
2024-02-03 05:56:59,068 - Link Generation Fails.
2024-02-03 05:57:39,886 - Victim node is 137.
2024-02-03 05:57:39,886 - tensor([19730, 19741, 19752], device='mps:0')
2024-02-03 05:57:39,888 - Classification Fails.
2024-02-03 05:57:39,888 - Link Generation Succeeds.
2024-02-03 05:58:31,576 - Victim node is 11394.
2024-02-03 05:58:31,576 - tensor([ 1205, 13940, 19819], device='mps:0')
2024-02-03 05:58:31,577 - Classification Fails.
2024-02-03 05:58:31,578 - Link Generation Succeeds.
2024-02-03 05:59:21,893 - Victim node is 4287.
2024-02-03 05:59:21,893 - tensor([ 7056, 19727, 19728], device='mps:0')
2024-02-03 05:59:21,895 - Classification Fails.
2024-02-03 05:59:21,895 - Link Generation Succeeds.
2024-02-03 06:00:12,021 - Victim node is 11630.
2024-02-03 06:00:12,021 - tensor([ 1205, 11816, 13940], device='mps:0')
2024-02-03 06:00:12,022 - Classification Fails.
2024-02-03 06:00:12,023 - Link Generation Fails.
2024-02-03 06:00:51,176 - Victim node is 1987.
2024-02-03 06:00:51,176 - tensor([  903, 11450, 12019], device='mps:0')
2024-02-03 06:00:51,177 - Classification Succeeds.
2024-02-03 06:00:51,178 - Link Generation Fails.
2024-02-03 06:01:33,046 - Victim node is 19097.
2024-02-03 06:01:33,046 - tensor([  903, 12019, 16214], device='mps:0')
2024-02-03 06:01:33,048 - Classification Succeeds.
2024-02-03 06:01:33,048 - Link Generation Fails.
2024-02-03 06:02:12,260 - Victim node is 19635.
2024-02-03 06:02:12,261 - tensor([11024, 19746, 19750], device='mps:0')
2024-02-03 06:02:12,262 - Classification Fails.
2024-02-03 06:02:12,263 - Link Generation Succeeds.
2024-02-03 06:03:04,544 - Victim node is 19061.
2024-02-03 06:03:04,544 - tensor([ 1205, 11816, 13940], device='mps:0')
2024-02-03 06:03:04,546 - Classification Succeeds.
2024-02-03 06:03:04,546 - Link Generation Fails.
2024-02-03 06:03:45,613 - Victim node is 8462.
2024-02-03 06:03:45,613 - tensor([11024, 11450, 19751], device='mps:0')
2024-02-03 06:03:45,615 - Classification Succeeds.
2024-02-03 06:03:45,616 - Link Generation Succeeds.
2024-02-03 06:04:36,993 - Victim node is 11473.
2024-02-03 06:04:36,993 - tensor([  903, 11894, 12019], device='mps:0')
2024-02-03 06:04:36,994 - Classification Succeeds.
2024-02-03 06:04:36,995 - Link Generation Fails.
2024-02-03 06:05:28,576 - Victim node is 8411.
2024-02-03 06:05:28,576 - tensor([ 7056, 10857, 14044], device='mps:0')
2024-02-03 06:05:28,578 - Classification Succeeds.
2024-02-03 06:05:28,578 - Link Generation Fails.
2024-02-03 06:06:19,863 - Victim node is 14670.
2024-02-03 06:06:19,863 - tensor([ 1205, 13940, 19732], device='mps:0')
2024-02-03 06:06:19,864 - Classification Succeeds.
2024-02-03 06:06:19,865 - Link Generation Succeeds.
2024-02-03 06:07:12,028 - Victim node is 3045.
2024-02-03 06:07:12,029 - tensor([ 1920, 19721, 19726], device='mps:0')
2024-02-03 06:07:12,030 - Classification Fails.
2024-02-03 06:07:12,031 - Link Generation Succeeds.
2024-02-03 06:08:02,580 - Victim node is 3608.
2024-02-03 06:08:02,580 - tensor([15841, 19719, 19735], device='mps:0')
2024-02-03 06:08:02,582 - Classification Fails.
2024-02-03 06:08:02,582 - Link Generation Succeeds.
2024-02-03 06:08:56,064 - Victim node is 15829.
2024-02-03 06:08:56,064 - tensor([ 1205,  9471, 19719], device='mps:0')
2024-02-03 06:08:56,065 - Classification Succeeds.
2024-02-03 06:08:56,066 - Link Generation Succeeds.
2024-02-03 06:09:37,065 - Victim node is 9764.
2024-02-03 06:09:37,066 - tensor([19724, 19751, 19753], device='mps:0')
2024-02-03 06:09:37,067 - Classification Fails.
2024-02-03 06:09:37,068 - Link Generation Succeeds.
2024-02-03 06:10:19,105 - Victim node is 16570.
2024-02-03 06:10:19,105 - tensor([ 1205, 11816, 13940], device='mps:0')
2024-02-03 06:10:19,106 - Classification Fails.
2024-02-03 06:10:19,107 - Link Generation Fails.
2024-02-03 06:11:10,131 - Victim node is 9899.
2024-02-03 06:11:10,131 - tensor([ 1920, 19724, 19731], device='mps:0')
2024-02-03 06:11:10,133 - Classification Fails.
2024-02-03 06:11:10,133 - Link Generation Succeeds.
2024-02-03 06:11:52,191 - Victim node is 5816.
2024-02-03 06:11:52,191 - tensor([19765, 19772, 19803], device='mps:0')
2024-02-03 06:11:52,193 - Classification Succeeds.
2024-02-03 06:11:52,193 - Link Generation Succeeds.
2024-02-03 06:12:42,079 - Victim node is 6935.
2024-02-03 06:12:42,079 - tensor([ 1920, 19720, 19726], device='mps:0')
2024-02-03 06:12:42,080 - Classification Succeeds.
2024-02-03 06:12:42,081 - Link Generation Succeeds.
2024-02-03 06:13:22,895 - Victim node is 14359.
2024-02-03 06:13:22,895 - tensor([19746, 19750, 19763], device='mps:0')
2024-02-03 06:13:22,897 - Classification Succeeds.
2024-02-03 06:13:22,897 - Link Generation Succeeds.
2024-02-03 06:14:03,953 - Victim node is 16414.
2024-02-03 06:14:03,953 - tensor([ 1920, 15841, 19717], device='mps:0')
2024-02-03 06:14:03,955 - Classification Succeeds.
2024-02-03 06:14:03,956 - Link Generation Succeeds.
2024-02-03 06:14:44,757 - Victim node is 3661.
2024-02-03 06:14:44,757 - tensor([19722, 19730, 19745], device='mps:0')
2024-02-03 06:14:44,759 - Classification Fails.
2024-02-03 06:14:44,759 - Link Generation Succeeds.
2024-02-03 06:15:37,695 - Victim node is 8064.
2024-02-03 06:15:37,695 - tensor([19722, 19728, 19736], device='mps:0')
2024-02-03 06:15:37,697 - Classification Succeeds.
2024-02-03 06:15:37,697 - Link Generation Succeeds.
2024-02-03 06:16:28,921 - Victim node is 13936.
2024-02-03 06:16:28,921 - tensor([ 1920,  5375, 19724], device='mps:0')
2024-02-03 06:16:28,923 - Classification Succeeds.
2024-02-03 06:16:28,923 - Link Generation Succeeds.
2024-02-03 06:17:13,587 - Victim node is 13549.
2024-02-03 06:17:13,587 - tensor([ 1205,  9471, 13940], device='mps:0')
2024-02-03 06:17:13,588 - Classification Fails.
2024-02-03 06:17:13,589 - Link Generation Fails.
2024-02-03 06:17:54,749 - Victim node is 13196.
2024-02-03 06:17:54,749 - tensor([ 7056, 10857, 14044], device='mps:0')
2024-02-03 06:17:54,751 - Classification Succeeds.
2024-02-03 06:17:54,751 - Link Generation Fails.
2024-02-03 06:18:45,337 - Victim node is 6839.
2024-02-03 06:18:45,337 - tensor([ 1205, 13940, 19719], device='mps:0')
2024-02-03 06:18:45,339 - Classification Succeeds.
2024-02-03 06:18:45,339 - Link Generation Succeeds.
2024-02-03 06:19:34,950 - Victim node is 8796.
2024-02-03 06:19:34,950 - tensor([19722, 19728, 19729], device='mps:0')
2024-02-03 06:19:34,952 - Classification Succeeds.
2024-02-03 06:19:34,952 - Link Generation Succeeds.
2024-02-03 06:20:24,674 - Victim node is 2609.
2024-02-03 06:20:24,674 - tensor([  903, 12019, 19734], device='mps:0')
2024-02-03 06:20:24,675 - Classification Fails.
2024-02-03 06:20:24,676 - Link Generation Succeeds.
2024-02-03 06:21:04,556 - Victim node is 18946.
2024-02-03 06:21:04,556 - tensor([  903, 11450, 12019], device='mps:0')
2024-02-03 06:21:04,558 - Classification Succeeds.
2024-02-03 06:21:04,558 - Link Generation Fails.
2024-02-03 06:21:54,015 - Victim node is 693.
2024-02-03 06:21:54,015 - tensor([ 1205, 12019, 13940], device='mps:0')
2024-02-03 06:21:54,017 - Classification Fails.
2024-02-03 06:21:54,018 - Link Generation Fails.
2024-02-03 06:22:43,538 - Victim node is 16708.
2024-02-03 06:22:43,538 - tensor([ 1205, 19723, 19724], device='mps:0')
2024-02-03 06:22:43,540 - Classification Succeeds.
2024-02-03 06:22:43,540 - Link Generation Succeeds.
2024-02-03 06:23:33,090 - Victim node is 13521.
2024-02-03 06:23:33,090 - tensor([19726, 19728, 19732], device='mps:0')
2024-02-03 06:23:33,091 - Classification Succeeds.
2024-02-03 06:23:33,092 - Link Generation Succeeds.
2024-02-03 06:24:13,873 - Victim node is 16071.
2024-02-03 06:24:13,873 - tensor([ 1205, 19718, 19720], device='mps:0')
2024-02-03 06:24:13,874 - Classification Succeeds.
2024-02-03 06:24:13,875 - Link Generation Succeeds.
2024-02-03 06:25:03,933 - Victim node is 18300.
2024-02-03 06:25:03,933 - tensor([19779, 19786, 19792], device='mps:0')
2024-02-03 06:25:03,935 - Classification Fails.
2024-02-03 06:25:03,935 - Link Generation Succeeds.
2024-02-03 06:25:44,536 - Victim node is 18416.
2024-02-03 06:25:44,536 - tensor([ 1205, 19720, 19748], device='mps:0')
2024-02-03 06:25:44,538 - Classification Succeeds.
2024-02-03 06:25:44,538 - Link Generation Succeeds.
2024-02-03 06:26:33,578 - Victim node is 4169.
2024-02-03 06:26:33,578 - tensor([ 5375,  7056, 14893], device='mps:0')
2024-02-03 06:26:33,580 - Classification Succeeds.
2024-02-03 06:26:33,580 - Link Generation Fails.
2024-02-03 06:27:13,078 - Victim node is 13801.
2024-02-03 06:27:13,078 - tensor([ 1205, 13940, 19882], device='mps:0')
2024-02-03 06:27:13,080 - Classification Succeeds.
2024-02-03 06:27:13,080 - Link Generation Succeeds.
2024-02-03 06:27:53,895 - Victim node is 17074.
2024-02-03 06:27:53,895 - tensor([ 4058, 11450, 12019], device='mps:0')
2024-02-03 06:27:53,897 - Classification Succeeds.
2024-02-03 06:27:53,897 - Link Generation Fails.
2024-02-03 06:28:37,539 - Victim node is 14431.
2024-02-03 06:28:37,539 - tensor([ 8626, 11024, 12019], device='mps:0')
2024-02-03 06:28:37,541 - Classification Succeeds.
2024-02-03 06:28:37,541 - Link Generation Fails.
2024-02-03 06:29:18,191 - Victim node is 10978.
2024-02-03 06:29:18,191 - tensor([19726, 19734, 19748], device='mps:0')
2024-02-03 06:29:18,193 - Classification Succeeds.
2024-02-03 06:29:18,193 - Link Generation Succeeds.
2024-02-03 06:29:59,716 - Victim node is 11455.
2024-02-03 06:29:59,716 - tensor([ 1205,  9471, 13940], device='mps:0')
2024-02-03 06:29:59,718 - Classification Succeeds.
2024-02-03 06:29:59,718 - Link Generation Fails.
2024-02-03 06:30:51,592 - Victim node is 12613.
2024-02-03 06:30:51,592 - tensor([19740, 19756, 19766], device='mps:0')
2024-02-03 06:30:51,594 - Classification Fails.
2024-02-03 06:30:51,594 - Link Generation Succeeds.
2024-02-03 06:31:42,193 - Victim node is 16966.
2024-02-03 06:31:42,193 - tensor([ 1205, 13940, 19724], device='mps:0')
2024-02-03 06:31:42,194 - Classification Succeeds.
2024-02-03 06:31:42,195 - Link Generation Succeeds.
2024-02-03 06:32:35,884 - Victim node is 3077.
2024-02-03 06:32:35,884 - tensor([ 7056, 19717, 19723], device='mps:0')
2024-02-03 06:32:35,885 - Classification Succeeds.
2024-02-03 06:32:35,886 - Link Generation Succeeds.
2024-02-03 06:33:14,216 - Victim node is 1238.
2024-02-03 06:33:14,216 - tensor([  903, 11894, 12019], device='mps:0')
2024-02-03 06:33:14,218 - Classification Fails.
2024-02-03 06:33:14,218 - Link Generation Fails.
2024-02-03 06:33:55,951 - Victim node is 15827.
2024-02-03 06:33:55,951 - tensor([ 7056, 14044, 19719], device='mps:0')
2024-02-03 06:33:55,952 - Classification Succeeds.
2024-02-03 06:33:55,953 - Link Generation Succeeds.
2024-02-03 06:34:48,857 - Victim node is 18229.
2024-02-03 06:34:48,857 - tensor([  903, 12019, 16214], device='mps:0')
2024-02-03 06:34:48,859 - Classification Succeeds.
2024-02-03 06:34:48,859 - Link Generation Fails.
2024-02-03 06:35:40,358 - Victim node is 3877.
2024-02-03 06:35:40,358 - tensor([ 1920, 19721, 19727], device='mps:0')
2024-02-03 06:35:40,360 - Classification Fails.
2024-02-03 06:35:40,360 - Link Generation Succeeds.
2024-02-03 06:36:21,589 - Victim node is 10492.
2024-02-03 06:36:21,589 - tensor([14044, 14045, 19754], device='mps:0')
2024-02-03 06:36:21,590 - Classification Succeeds.
2024-02-03 06:36:21,591 - Link Generation Succeeds.
2024-02-03 06:37:03,532 - Victim node is 6463.
2024-02-03 06:37:03,532 - tensor([19748, 19796, 19800], device='mps:0')
2024-02-03 06:37:03,534 - Classification Succeeds.
2024-02-03 06:37:03,534 - Link Generation Succeeds.
2024-02-03 06:37:54,466 - Victim node is 3298.
2024-02-03 06:37:54,466 - tensor([19727, 19744, 19782], device='mps:0')
2024-02-03 06:37:54,467 - Classification Fails.
2024-02-03 06:37:54,468 - Link Generation Succeeds.
2024-02-03 06:38:44,542 - Victim node is 14489.
2024-02-03 06:38:44,542 - tensor([19722, 19723, 19727], device='mps:0')
2024-02-03 06:38:44,543 - Classification Fails.
2024-02-03 06:38:44,544 - Link Generation Succeeds.
2024-02-03 06:39:25,458 - Victim node is 8718.
2024-02-03 06:39:25,458 - tensor([19718, 19723, 19726], device='mps:0')
2024-02-03 06:39:25,459 - Classification Fails.
2024-02-03 06:39:25,460 - Link Generation Succeeds.
2024-02-03 06:40:07,875 - Victim node is 8198.
2024-02-03 06:40:07,875 - tensor([19746, 19789, 19810], device='mps:0')
2024-02-03 06:40:07,877 - Classification Fails.
2024-02-03 06:40:07,877 - Link Generation Succeeds.
2024-02-03 06:40:59,683 - Victim node is 10661.
2024-02-03 06:40:59,683 - tensor([  903,  1205, 12019], device='mps:0')
2024-02-03 06:40:59,685 - Classification Succeeds.
2024-02-03 06:40:59,686 - Link Generation Fails.
2024-02-03 06:41:40,964 - Victim node is 8242.
2024-02-03 06:41:40,964 - tensor([ 1920,  5375, 15841], device='mps:0')
2024-02-03 06:41:40,966 - Classification Fails.
2024-02-03 06:41:40,966 - Link Generation Fails.
2024-02-03 06:42:31,756 - Victim node is 17093.
2024-02-03 06:42:31,757 - tensor([ 1205, 13940, 19736], device='mps:0')
2024-02-03 06:42:31,758 - Classification Fails.
2024-02-03 06:42:31,759 - Link Generation Succeeds.
2024-02-03 06:43:26,162 - Victim node is 3983.
2024-02-03 06:43:26,162 - tensor([  903,  1920, 12019], device='mps:0')
2024-02-03 06:43:26,164 - Classification Succeeds.
2024-02-03 06:43:26,165 - Link Generation Fails.
2024-02-03 06:44:06,681 - Victim node is 13432.
2024-02-03 06:44:06,681 - tensor([19725, 19727, 19733], device='mps:0')
2024-02-03 06:44:06,683 - Classification Fails.
2024-02-03 06:44:06,683 - Link Generation Succeeds.
2024-02-03 06:44:44,865 - Victim node is 8291.
2024-02-03 06:44:44,866 - tensor([ 1205,  2361, 12019], device='mps:0')
2024-02-03 06:44:44,867 - Classification Succeeds.
2024-02-03 06:44:44,868 - Link Generation Fails.
2024-02-03 06:45:26,333 - Victim node is 14527.
2024-02-03 06:45:26,334 - tensor([ 1920, 15841, 19721], device='mps:0')
2024-02-03 06:45:26,335 - Classification Succeeds.
2024-02-03 06:45:26,336 - Link Generation Succeeds.
2024-02-03 06:46:16,730 - Victim node is 14416.
2024-02-03 06:46:16,730 - tensor([19718, 19721, 19725], device='mps:0')
2024-02-03 06:46:16,732 - Classification Succeeds.
2024-02-03 06:46:16,732 - Link Generation Succeeds.
2024-02-03 06:46:58,549 - Victim node is 18071.
2024-02-03 06:46:58,549 - tensor([19718, 19721, 19755], device='mps:0')
2024-02-03 06:46:58,551 - Classification Succeeds.
2024-02-03 06:46:58,551 - Link Generation Succeeds.
2024-02-03 06:47:48,873 - Victim node is 9379.
2024-02-03 06:47:48,873 - tensor([ 7056, 19717, 19728], device='mps:0')
2024-02-03 06:47:48,875 - Classification Fails.
2024-02-03 06:47:48,875 - Link Generation Succeeds.
2024-02-03 06:48:30,208 - Victim node is 17417.
2024-02-03 06:48:30,208 - tensor([19719, 19722, 19726], device='mps:0')
2024-02-03 06:48:30,210 - Classification Fails.
2024-02-03 06:48:30,210 - Link Generation Succeeds.
2024-02-03 06:49:14,711 - Victim node is 8715.
2024-02-03 06:49:14,711 - tensor([19732, 19903, 19949], device='mps:0')
2024-02-03 06:49:14,713 - Classification Fails.
2024-02-03 06:49:14,713 - Link Generation Succeeds.
2024-02-03 06:49:56,546 - Victim node is 18283.
2024-02-03 06:49:56,546 - tensor([19720, 19723, 19748], device='mps:0')
2024-02-03 06:49:56,548 - Classification Succeeds.
2024-02-03 06:49:56,548 - Link Generation Succeeds.
2024-02-03 06:50:38,483 - Victim node is 6293.
2024-02-03 06:50:38,483 - tensor([  903,  1920, 12019], device='mps:0')
2024-02-03 06:50:38,485 - Classification Succeeds.
2024-02-03 06:50:38,485 - Link Generation Fails.
2024-02-03 06:51:30,688 - Victim node is 2988.
2024-02-03 06:51:30,688 - tensor([ 1205, 19759, 19770], device='mps:0')
2024-02-03 06:51:30,689 - Classification Fails.
2024-02-03 06:51:30,690 - Link Generation Succeeds.
2024-02-03 06:52:23,927 - Victim node is 10603.
2024-02-03 06:52:23,927 - tensor([19853, 19860, 19935], device='mps:0')
2024-02-03 06:52:23,928 - Classification Succeeds.
2024-02-03 06:52:23,929 - Link Generation Succeeds.
2024-02-03 06:53:08,183 - Victim node is 13525.
2024-02-03 06:53:08,183 - tensor([  903,  4058, 12019], device='mps:0')
2024-02-03 06:53:08,185 - Classification Fails.
2024-02-03 06:53:08,185 - Link Generation Fails.
2024-02-03 06:53:50,765 - Victim node is 11451.
2024-02-03 06:53:50,765 - tensor([19788, 19809, 19852], device='mps:0')
2024-02-03 06:53:50,767 - Classification Succeeds.
2024-02-03 06:53:50,767 - Link Generation Succeeds.
2024-02-03 06:54:32,133 - Victim node is 15863.
2024-02-03 06:54:32,133 - tensor([11450, 12019, 19736], device='mps:0')
2024-02-03 06:54:32,135 - Classification Succeeds.
2024-02-03 06:54:32,135 - Link Generation Succeeds.
2024-02-03 06:55:22,200 - Victim node is 7872.
2024-02-03 06:55:22,200 - tensor([19720, 19729, 19732], device='mps:0')
2024-02-03 06:55:22,201 - Classification Succeeds.
2024-02-03 06:55:22,202 - Link Generation Succeeds.
2024-02-03 06:56:03,031 - Victim node is 8836.
2024-02-03 06:56:03,031 - tensor([  903,  1205, 12019], device='mps:0')
2024-02-03 06:56:03,032 - Classification Succeeds.
2024-02-03 06:56:03,033 - Link Generation Fails.
2024-02-03 06:56:43,747 - Victim node is 4301.
2024-02-03 06:56:43,747 - tensor([19718, 19721, 19722], device='mps:0')
2024-02-03 06:56:43,749 - Classification Fails.
2024-02-03 06:56:43,749 - Link Generation Succeeds.
2024-02-03 06:57:25,133 - Victim node is 3413.
2024-02-03 06:57:25,133 - tensor([ 1205, 19717, 19718], device='mps:0')
2024-02-03 06:57:25,134 - Classification Succeeds.
2024-02-03 06:57:25,135 - Link Generation Succeeds.
2024-02-03 06:58:06,432 - Victim node is 5781.
2024-02-03 06:58:06,432 - tensor([19734, 19735, 19743], device='mps:0')
2024-02-03 06:58:06,434 - Classification Succeeds.
2024-02-03 06:58:06,434 - Link Generation Succeeds.
2024-02-03 06:58:59,922 - Victim node is 2024.
2024-02-03 06:58:59,922 - tensor([ 4058, 11024, 12019], device='mps:0')
2024-02-03 06:58:59,923 - Classification Succeeds.
2024-02-03 06:58:59,924 - Link Generation Fails.
2024-02-03 06:59:50,452 - Victim node is 3514.
2024-02-03 06:59:50,452 - tensor([ 1205, 13940, 19727], device='mps:0')
2024-02-03 06:59:50,454 - Classification Fails.
2024-02-03 06:59:50,454 - Link Generation Succeeds.
2024-02-03 07:00:46,624 - Victim node is 242.
2024-02-03 07:00:46,625 - tensor([ 1205,  9471, 13940], device='mps:0')
2024-02-03 07:00:46,626 - Classification Succeeds.
2024-02-03 07:00:46,627 - Link Generation Fails.
2024-02-03 07:01:38,573 - Victim node is 3650.
2024-02-03 07:01:38,573 - tensor([ 1920,  7056, 19728], device='mps:0')
2024-02-03 07:01:38,575 - Classification Fails.
2024-02-03 07:01:38,575 - Link Generation Succeeds.
2024-02-03 07:02:28,671 - Victim node is 13030.
2024-02-03 07:02:28,671 - tensor([ 4058, 11450, 12019], device='mps:0')
2024-02-03 07:02:28,673 - Classification Fails.
2024-02-03 07:02:28,673 - Link Generation Fails.
2024-02-03 07:03:09,522 - Victim node is 8264.
2024-02-03 07:03:09,523 - tensor([ 1920,  5375, 11024], device='mps:0')
2024-02-03 07:03:09,524 - Classification Succeeds.
2024-02-03 07:03:09,525 - Link Generation Fails.
2024-02-03 07:03:59,472 - Victim node is 6551.
2024-02-03 07:03:59,472 - tensor([  357,   903, 12019], device='mps:0')
2024-02-03 07:03:59,474 - Classification Fails.
2024-02-03 07:03:59,474 - Link Generation Fails.
2024-02-03 07:04:40,288 - Victim node is 14836.
2024-02-03 07:04:40,288 - tensor([19723, 19729, 19732], device='mps:0')
2024-02-03 07:04:40,290 - Classification Fails.
2024-02-03 07:04:40,290 - Link Generation Succeeds.
2024-02-03 07:05:30,380 - Victim node is 11105.
2024-02-03 07:05:30,381 - tensor([ 1920, 18735, 19719], device='mps:0')
2024-02-03 07:05:30,382 - Classification Succeeds.
2024-02-03 07:05:30,383 - Link Generation Succeeds.
2024-02-03 07:06:20,470 - Victim node is 11643.
2024-02-03 07:06:20,470 - tensor([19719, 19720, 19725], device='mps:0')
2024-02-03 07:06:20,472 - Classification Fails.
2024-02-03 07:06:20,472 - Link Generation Succeeds.
2024-02-03 07:07:00,953 - Victim node is 19111.
2024-02-03 07:07:00,954 - tensor([  357,  1205, 16214], device='mps:0')
2024-02-03 07:07:00,955 - Classification Succeeds.
2024-02-03 07:07:00,956 - Link Generation Fails.
2024-02-03 07:07:47,173 - Victim node is 15916.
2024-02-03 07:07:47,173 - tensor([  903,  4058, 12019], device='mps:0')
2024-02-03 07:07:47,175 - Classification Succeeds.
2024-02-03 07:07:47,175 - Link Generation Fails.
2024-02-03 07:08:39,265 - Victim node is 18909.
2024-02-03 07:08:39,265 - tensor([ 1205,  6794, 19722], device='mps:0')
2024-02-03 07:08:39,266 - Classification Succeeds.
2024-02-03 07:08:39,267 - Link Generation Succeeds.
2024-02-03 07:09:21,277 - Victim node is 6116.
2024-02-03 07:09:21,278 - tensor([ 1205, 13940, 19721], device='mps:0')
2024-02-03 07:09:21,279 - Classification Succeeds.
2024-02-03 07:09:21,280 - Link Generation Succeeds.
2024-02-03 07:10:01,405 - Victim node is 15250.
2024-02-03 07:10:01,406 - tensor([ 1205, 11816, 13940], device='mps:0')
2024-02-03 07:10:01,408 - Classification Succeeds.
2024-02-03 07:10:01,408 - Link Generation Fails.
2024-02-03 07:10:44,923 - Victim node is 16538.
2024-02-03 07:10:44,923 - tensor([19730, 19736, 19831], device='mps:0')
2024-02-03 07:10:44,924 - Classification Fails.
2024-02-03 07:10:44,925 - Link Generation Succeeds.
2024-02-03 07:11:37,372 - Victim node is 14611.
2024-02-03 07:11:37,372 - tensor([19720, 19721, 19723], device='mps:0')
2024-02-03 07:11:37,374 - Classification Succeeds.
2024-02-03 07:11:37,374 - Link Generation Succeeds.
2024-02-03 07:12:19,368 - Victim node is 18332.
2024-02-03 07:12:19,368 - tensor([ 1920,  7056, 19718], device='mps:0')
2024-02-03 07:12:19,370 - Classification Fails.
2024-02-03 07:12:19,371 - Link Generation Succeeds.
2024-02-03 07:13:01,992 - Victim node is 5320.
2024-02-03 07:13:01,993 - tensor([  357,  1205, 12019], device='mps:0')
2024-02-03 07:13:01,994 - Classification Fails.
2024-02-03 07:13:01,995 - Link Generation Fails.
2024-02-03 07:13:53,127 - Victim node is 8673.
2024-02-03 07:13:53,127 - tensor([ 1205, 12019, 13940], device='mps:0')
2024-02-03 07:13:53,129 - Classification Fails.
2024-02-03 07:13:53,129 - Link Generation Fails.
2024-02-03 07:14:34,139 - Victim node is 9164.
2024-02-03 07:14:34,139 - tensor([ 5375,  7056, 14893], device='mps:0')
2024-02-03 07:14:34,140 - Classification Succeeds.
2024-02-03 07:14:34,141 - Link Generation Fails.
2024-02-03 07:15:27,409 - Victim node is 2209.
2024-02-03 07:15:27,409 - tensor([19719, 19721, 19727], device='mps:0')
2024-02-03 07:15:27,411 - Classification Succeeds.
2024-02-03 07:15:27,411 - Link Generation Succeeds.
2024-02-03 07:16:18,277 - Victim node is 4816.
2024-02-03 07:16:18,277 - tensor([ 1920,  7056, 19717], device='mps:0')
2024-02-03 07:16:18,279 - Classification Fails.
2024-02-03 07:16:18,279 - Link Generation Succeeds.
2024-02-03 07:17:09,003 - Victim node is 13709.
2024-02-03 07:17:09,003 - tensor([ 1205, 19782, 19783], device='mps:0')
2024-02-03 07:17:09,004 - Classification Succeeds.
2024-02-03 07:17:09,005 - Link Generation Succeeds.
2024-02-03 07:18:01,685 - Victim node is 13839.
2024-02-03 07:18:01,685 - tensor([19727, 19739, 19749], device='mps:0')
2024-02-03 07:18:01,687 - Classification Succeeds.
2024-02-03 07:18:01,687 - Link Generation Succeeds.
2024-02-03 07:18:53,368 - Victim node is 17345.
2024-02-03 07:18:53,368 - tensor([ 1205, 12019, 16214], device='mps:0')
2024-02-03 07:18:53,369 - Classification Succeeds.
2024-02-03 07:18:53,370 - Link Generation Fails.
2024-02-03 07:19:44,755 - Victim node is 9445.
2024-02-03 07:19:44,755 - tensor([ 1205, 11816, 13940], device='mps:0')
2024-02-03 07:19:44,757 - Classification Succeeds.
2024-02-03 07:19:44,758 - Link Generation Fails.
2024-02-03 07:20:24,981 - Victim node is 12567.
2024-02-03 07:20:24,981 - tensor([ 1205, 19718, 19733], device='mps:0')
2024-02-03 07:20:24,983 - Classification Succeeds.
2024-02-03 07:20:24,983 - Link Generation Succeeds.
2024-02-03 07:21:04,275 - Victim node is 5813.
2024-02-03 07:21:04,276 - tensor([ 9471, 11816, 13940], device='mps:0')
2024-02-03 07:21:04,278 - Classification Succeeds.
2024-02-03 07:21:04,278 - Link Generation Fails.
2024-02-03 07:21:56,420 - Victim node is 7145.
2024-02-03 07:21:56,420 - tensor([19723, 19729, 19732], device='mps:0')
2024-02-03 07:21:56,421 - Classification Fails.
2024-02-03 07:21:56,422 - Link Generation Succeeds.
2024-02-03 07:22:38,876 - Victim node is 7679.
2024-02-03 07:22:38,876 - tensor([19724, 19726, 19745], device='mps:0')
2024-02-03 07:22:38,877 - Classification Succeeds.
2024-02-03 07:22:38,878 - Link Generation Succeeds.
2024-02-03 07:23:22,326 - Victim node is 13698.
2024-02-03 07:23:22,327 - tensor([ 1205, 11816, 13940], device='mps:0')
2024-02-03 07:23:22,328 - Classification Succeeds.
2024-02-03 07:23:22,329 - Link Generation Fails.
2024-02-03 07:24:03,116 - Victim node is 17015.
2024-02-03 07:24:03,116 - tensor([  903, 12019, 16214], device='mps:0')
2024-02-03 07:24:03,118 - Classification Succeeds.
2024-02-03 07:24:03,119 - Link Generation Fails.
2024-02-03 07:25:00,222 - Victim node is 15808.
2024-02-03 07:25:00,222 - tensor([ 1205, 11816, 13940], device='mps:0')
2024-02-03 07:25:00,224 - Classification Succeeds.
2024-02-03 07:25:00,224 - Link Generation Fails.
2024-02-03 07:25:43,923 - Victim node is 1703.
2024-02-03 07:25:43,923 - tensor([ 7056, 19720, 19721], device='mps:0')
2024-02-03 07:25:43,925 - Classification Fails.
2024-02-03 07:25:43,925 - Link Generation Succeeds.
2024-02-03 07:26:27,724 - Victim node is 1643.
2024-02-03 07:26:27,724 - tensor([ 1205, 19726, 19727], device='mps:0')
2024-02-03 07:26:27,726 - Classification Fails.
2024-02-03 07:26:27,726 - Link Generation Succeeds.
2024-02-03 07:27:11,027 - Victim node is 9859.
2024-02-03 07:27:11,027 - tensor([19722, 19741, 19742], device='mps:0')
2024-02-03 07:27:11,029 - Classification Fails.
2024-02-03 07:27:11,029 - Link Generation Succeeds.
2024-02-03 07:27:57,313 - Victim node is 10065.
2024-02-03 07:27:57,314 - tensor([ 5375, 11450, 12019], device='mps:0')
2024-02-03 07:27:57,315 - Classification Succeeds.
2024-02-03 07:27:57,316 - Link Generation Fails.
2024-02-03 07:28:41,151 - Victim node is 19173.
2024-02-03 07:28:41,151 - tensor([  903, 12019, 19750], device='mps:0')
2024-02-03 07:28:41,153 - Classification Succeeds.
2024-02-03 07:28:41,153 - Link Generation Succeeds.
2024-02-03 07:29:32,348 - Victim node is 11510.
2024-02-03 07:29:32,348 - tensor([19722, 19724, 19741], device='mps:0')
2024-02-03 07:29:32,349 - Classification Fails.
2024-02-03 07:29:32,350 - Link Generation Succeeds.
2024-02-03 07:30:23,658 - Victim node is 15396.
2024-02-03 07:30:23,659 - tensor([19718, 19719, 19734], device='mps:0')
2024-02-03 07:30:23,660 - Classification Fails.
2024-02-03 07:30:23,661 - Link Generation Succeeds.
2024-02-03 07:31:15,928 - Victim node is 6890.
2024-02-03 07:31:15,928 - tensor([19723, 19726, 19728], device='mps:0')
2024-02-03 07:31:15,930 - Classification Succeeds.
2024-02-03 07:31:15,930 - Link Generation Succeeds.
2024-02-03 07:32:07,524 - Victim node is 14533.
2024-02-03 07:32:07,524 - tensor([ 7056, 14044, 19723], device='mps:0')
2024-02-03 07:32:07,526 - Classification Succeeds.
2024-02-03 07:32:07,526 - Link Generation Succeeds.
2024-02-03 07:32:58,594 - Victim node is 12788.
2024-02-03 07:32:58,594 - tensor([19720, 19721, 19723], device='mps:0')
2024-02-03 07:32:58,596 - Classification Fails.
2024-02-03 07:32:58,596 - Link Generation Succeeds.
2024-02-03 07:33:39,970 - Victim node is 6096.
2024-02-03 07:33:39,970 - tensor([ 1920,  7056, 15841], device='mps:0')
2024-02-03 07:33:39,972 - Classification Fails.
2024-02-03 07:33:39,972 - Link Generation Fails.
2024-02-03 07:34:19,058 - Victim node is 1760.
2024-02-03 07:34:19,058 - tensor([19718, 19721, 19722], device='mps:0')
2024-02-03 07:34:19,060 - Classification Fails.
2024-02-03 07:34:19,060 - Link Generation Succeeds.
2024-02-03 07:35:13,339 - Victim node is 15620.
2024-02-03 07:35:13,339 - tensor([ 1205, 19762, 19903], device='mps:0')
2024-02-03 07:35:13,341 - Classification Fails.
2024-02-03 07:35:13,341 - Link Generation Succeeds.
2024-02-03 07:36:04,607 - Victim node is 9262.
2024-02-03 07:36:04,607 - tensor([11024, 11450, 12019], device='mps:0')
2024-02-03 07:36:04,609 - Classification Succeeds.
2024-02-03 07:36:04,609 - Link Generation Fails.
2024-02-03 07:36:53,671 - Victim node is 15179.
2024-02-03 07:36:53,671 - tensor([19719, 19734, 19736], device='mps:0')
2024-02-03 07:36:53,672 - Classification Fails.
2024-02-03 07:36:53,673 - Link Generation Succeeds.
2024-02-03 07:37:33,807 - Victim node is 11876.
2024-02-03 07:37:33,807 - tensor([19723, 19737, 19740], device='mps:0')
2024-02-03 07:37:33,809 - Classification Succeeds.
2024-02-03 07:37:33,809 - Link Generation Succeeds.
2024-02-03 07:38:14,198 - Victim node is 2713.
2024-02-03 07:38:14,198 - tensor([ 7056, 10857, 19723], device='mps:0')
2024-02-03 07:38:14,199 - Classification Fails.
2024-02-03 07:38:14,200 - Link Generation Succeeds.
2024-02-03 07:39:06,489 - Victim node is 10067.
2024-02-03 07:39:06,490 - tensor([ 1205, 19731, 19776], device='mps:0')
2024-02-03 07:39:06,491 - Classification Fails.
2024-02-03 07:39:06,492 - Link Generation Succeeds.
2024-02-03 07:40:01,986 - Victim node is 3907.
2024-02-03 07:40:01,986 - tensor([ 1205, 19738, 19772], device='mps:0')
2024-02-03 07:40:01,988 - Classification Fails.
2024-02-03 07:40:01,989 - Link Generation Succeeds.
2024-02-03 07:40:44,624 - Victim node is 8184.
2024-02-03 07:40:44,624 - tensor([ 1205, 13940, 19726], device='mps:0')
2024-02-03 07:40:44,625 - Classification Fails.
2024-02-03 07:40:44,626 - Link Generation Succeeds.
2024-02-03 07:41:28,838 - Victim node is 11878.
2024-02-03 07:41:28,838 - tensor([ 1205, 19727, 19732], device='mps:0')
2024-02-03 07:41:28,840 - Classification Fails.
2024-02-03 07:41:28,840 - Link Generation Succeeds.
2024-02-03 07:42:13,247 - Victim node is 6447.
2024-02-03 07:42:13,247 - tensor([ 1205, 13940, 19742], device='mps:0')
2024-02-03 07:42:13,248 - Classification Fails.
2024-02-03 07:42:13,249 - Link Generation Succeeds.
2024-02-03 07:42:56,668 - Victim node is 10758.
2024-02-03 07:42:56,668 - tensor([ 1205, 13940, 19747], device='mps:0')
2024-02-03 07:42:56,670 - Classification Succeeds.
2024-02-03 07:42:56,670 - Link Generation Succeeds.
2024-02-03 07:43:39,865 - Victim node is 18149.
2024-02-03 07:43:39,865 - tensor([  903, 12019, 19760], device='mps:0')
2024-02-03 07:43:39,867 - Classification Succeeds.
2024-02-03 07:43:39,868 - Link Generation Succeeds.
2024-02-03 07:44:23,382 - Victim node is 14879.
2024-02-03 07:44:23,382 - tensor([ 1920,  5375, 14893], device='mps:0')
2024-02-03 07:44:23,383 - Classification Fails.
2024-02-03 07:44:23,384 - Link Generation Fails.
2024-02-03 07:45:06,509 - Victim node is 1048.
2024-02-03 07:45:06,509 - tensor([ 1205, 19722, 19739], device='mps:0')
2024-02-03 07:45:06,511 - Classification Succeeds.
2024-02-03 07:45:06,512 - Link Generation Succeeds.
2024-02-03 07:46:00,482 - Victim node is 13112.
2024-02-03 07:46:00,482 - tensor([  903,  1205, 12019], device='mps:0')
2024-02-03 07:46:00,483 - Classification Fails.
2024-02-03 07:46:00,484 - Link Generation Fails.
2024-02-03 07:46:45,139 - Victim node is 17724.
2024-02-03 07:46:45,139 - tensor([  903,  8626, 12019], device='mps:0')
2024-02-03 07:46:45,141 - Classification Succeeds.
2024-02-03 07:46:45,141 - Link Generation Fails.
2024-02-03 07:47:27,377 - Victim node is 1392.
2024-02-03 07:47:27,377 - tensor([ 1205, 12019, 19752], device='mps:0')
2024-02-03 07:47:27,379 - Classification Fails.
2024-02-03 07:47:27,380 - Link Generation Succeeds.
2024-02-03 07:48:11,462 - Victim node is 12001.
2024-02-03 07:48:11,463 - tensor([19762, 19857, 19863], device='mps:0')
2024-02-03 07:48:11,464 - Classification Fails.
2024-02-03 07:48:11,465 - Link Generation Succeeds.
2024-02-03 07:48:50,326 - Victim node is 7895.
2024-02-03 07:48:50,326 - tensor([  903, 16214, 19752], device='mps:0')
2024-02-03 07:48:50,328 - Classification Succeeds.
2024-02-03 07:48:50,329 - Link Generation Succeeds.
2024-02-03 07:49:41,843 - Victim node is 3393.
2024-02-03 07:49:41,843 - tensor([ 1920,  7056, 10857], device='mps:0')
2024-02-03 07:49:41,844 - Classification Succeeds.
2024-02-03 07:49:41,845 - Link Generation Fails.
2024-02-03 07:50:33,633 - Victim node is 13880.
2024-02-03 07:50:33,633 - tensor([19723, 19724, 19730], device='mps:0')
2024-02-03 07:50:33,635 - Classification Fails.
2024-02-03 07:50:33,635 - Link Generation Succeeds.
2024-02-03 07:51:13,175 - Victim node is 9388.
2024-02-03 07:51:13,175 - tensor([ 1205, 13940, 19943], device='mps:0')
2024-02-03 07:51:13,176 - Classification Succeeds.
2024-02-03 07:51:13,177 - Link Generation Succeeds.
2024-02-03 07:51:54,957 - Victim node is 513.
2024-02-03 07:51:54,958 - tensor([ 7056, 10292, 14044], device='mps:0')
2024-02-03 07:51:54,959 - Classification Fails.
2024-02-03 07:51:54,960 - Link Generation Fails.
2024-02-03 07:52:45,041 - Victim node is 5244.
2024-02-03 07:52:45,041 - tensor([19720, 19725, 19735], device='mps:0')
2024-02-03 07:52:45,043 - Classification Fails.
2024-02-03 07:52:45,043 - Link Generation Succeeds.
2024-02-03 07:53:28,223 - Victim node is 3480.
2024-02-03 07:53:28,224 - tensor([  903,  4058, 11894], device='mps:0')
2024-02-03 07:53:28,225 - Classification Succeeds.
2024-02-03 07:53:28,226 - Link Generation Fails.
2024-02-03 07:54:18,887 - Victim node is 2698.
2024-02-03 07:54:18,887 - tensor([ 1205,  9471, 13940], device='mps:0')
2024-02-03 07:54:18,889 - Classification Succeeds.
2024-02-03 07:54:18,889 - Link Generation Fails.
2024-02-03 07:55:11,694 - Victim node is 16899.
2024-02-03 07:55:11,694 - tensor([  357,  1205, 12019], device='mps:0')
2024-02-03 07:55:11,696 - Classification Succeeds.
2024-02-03 07:55:11,697 - Link Generation Fails.
2024-02-03 07:55:59,442 - Victim node is 3046.
2024-02-03 07:55:59,442 - tensor([19724, 19725, 19731], device='mps:0')
2024-02-03 07:55:59,443 - Classification Succeeds.
2024-02-03 07:55:59,444 - Link Generation Succeeds.
2024-02-03 07:56:51,707 - Victim node is 13896.
2024-02-03 07:56:51,707 - tensor([ 1920, 12019, 19724], device='mps:0')
2024-02-03 07:56:51,709 - Classification Fails.
2024-02-03 07:56:51,710 - Link Generation Succeeds.
2024-02-03 07:57:43,195 - Victim node is 12074.
2024-02-03 07:57:43,195 - tensor([19717, 19746, 19750], device='mps:0')
2024-02-03 07:57:43,197 - Classification Succeeds.
2024-02-03 07:57:43,197 - Link Generation Succeeds.
2024-02-03 07:58:25,647 - Victim node is 13092.
2024-02-03 07:58:25,647 - tensor([ 1205, 11816, 13940], device='mps:0')
2024-02-03 07:58:25,649 - Classification Succeeds.
2024-02-03 07:58:25,649 - Link Generation Fails.
2024-02-03 07:59:09,754 - Victim node is 17487.
2024-02-03 07:59:09,754 - tensor([ 1205, 12019, 13940], device='mps:0')
2024-02-03 07:59:09,755 - Classification Succeeds.
2024-02-03 07:59:09,756 - Link Generation Fails.
2024-02-03 07:59:50,645 - Victim node is 18388.
2024-02-03 07:59:50,645 - tensor([  903, 11894, 12019], device='mps:0')
2024-02-03 07:59:50,647 - Classification Succeeds.
2024-02-03 07:59:50,647 - Link Generation Fails.
2024-02-03 08:00:32,641 - Victim node is 5408.
2024-02-03 08:00:32,641 - tensor([ 1920,  5375, 11024], device='mps:0')
2024-02-03 08:00:32,643 - Classification Succeeds.
2024-02-03 08:00:32,644 - Link Generation Fails.
2024-02-03 08:01:11,540 - Victim node is 10105.
2024-02-03 08:01:11,540 - tensor([  903, 11894, 12019], device='mps:0')
2024-02-03 08:01:11,542 - Classification Succeeds.
2024-02-03 08:01:11,542 - Link Generation Fails.
2024-02-03 08:01:54,054 - Victim node is 3169.
2024-02-03 08:01:54,055 - tensor([ 1920,  7056, 19726], device='mps:0')
2024-02-03 08:01:54,056 - Classification Fails.
2024-02-03 08:01:54,057 - Link Generation Succeeds.
2024-02-03 08:02:46,053 - Victim node is 2026.
2024-02-03 08:02:46,053 - tensor([ 5375, 11024, 19720], device='mps:0')
2024-02-03 08:02:46,055 - Classification Fails.
2024-02-03 08:02:46,055 - Link Generation Succeeds.
2024-02-03 08:03:27,992 - Victim node is 9619.
2024-02-03 08:03:27,992 - tensor([  903,  1205, 12019], device='mps:0')
2024-02-03 08:03:27,994 - Classification Succeeds.
2024-02-03 08:03:27,995 - Link Generation Fails.
2024-02-03 08:04:10,418 - Victim node is 19440.
2024-02-03 08:04:10,418 - tensor([ 7056, 15841, 19721], device='mps:0')
2024-02-03 08:04:10,420 - Classification Succeeds.
2024-02-03 08:04:10,420 - Link Generation Succeeds.
2024-02-03 08:04:50,932 - Victim node is 12835.
2024-02-03 08:04:50,932 - tensor([19717, 19719, 19726], device='mps:0')
2024-02-03 08:04:50,934 - Classification Succeeds.
2024-02-03 08:04:50,934 - Link Generation Succeeds.
2024-02-03 08:05:33,364 - Victim node is 7889.
2024-02-03 08:05:33,364 - tensor([19719, 19724, 19746], device='mps:0')
2024-02-03 08:05:33,366 - Classification Succeeds.
2024-02-03 08:05:33,366 - Link Generation Succeeds.
2024-02-03 08:06:17,192 - Victim node is 8857.
2024-02-03 08:06:17,193 - tensor([  903, 12019, 16214], device='mps:0')
2024-02-03 08:06:17,194 - Classification Fails.
2024-02-03 08:06:17,195 - Link Generation Fails.
2024-02-03 08:07:02,083 - Victim node is 2645.
2024-02-03 08:07:02,083 - tensor([ 1205, 13940, 19732], device='mps:0')
2024-02-03 08:07:02,085 - Classification Fails.
2024-02-03 08:07:02,085 - Link Generation Succeeds.
2024-02-03 08:07:53,811 - Victim node is 1607.
2024-02-03 08:07:53,811 - tensor([19768, 19772, 19786], device='mps:0')
2024-02-03 08:07:53,813 - Classification Fails.
2024-02-03 08:07:53,813 - Link Generation Succeeds.
2024-02-03 08:08:42,127 - Victim node is 17160.
2024-02-03 08:08:42,127 - tensor([19727, 19737, 19743], device='mps:0')
2024-02-03 08:08:42,129 - Classification Fails.
2024-02-03 08:08:42,129 - Link Generation Succeeds.
2024-02-03 08:09:24,103 - Victim node is 9993.
2024-02-03 08:09:24,103 - tensor([  903,  8626, 12019], device='mps:0')
2024-02-03 08:09:24,105 - Classification Fails.
2024-02-03 08:09:24,105 - Link Generation Fails.
2024-02-03 08:10:16,332 - Victim node is 9437.
2024-02-03 08:10:16,332 - tensor([19720, 19751, 19765], device='mps:0')
2024-02-03 08:10:16,334 - Classification Succeeds.
2024-02-03 08:10:16,334 - Link Generation Succeeds.
2024-02-03 08:11:10,132 - Victim node is 9875.
2024-02-03 08:11:10,132 - tensor([19718, 19722, 19735], device='mps:0')
2024-02-03 08:11:10,133 - Classification Succeeds.
2024-02-03 08:11:10,134 - Link Generation Succeeds.
2024-02-03 08:12:00,996 - Victim node is 906.
2024-02-03 08:12:00,996 - tensor([19721, 19730, 19736], device='mps:0')
2024-02-03 08:12:00,997 - Classification Fails.
2024-02-03 08:12:00,998 - Link Generation Succeeds.
2024-02-03 08:12:44,708 - Victim node is 9275.
2024-02-03 08:12:44,708 - tensor([ 1205, 19736, 19893], device='mps:0')
2024-02-03 08:12:44,710 - Classification Fails.
2024-02-03 08:12:44,710 - Link Generation Succeeds.
2024-02-03 08:13:35,086 - Victim node is 13847.
2024-02-03 08:13:35,086 - tensor([ 1205, 13940, 19717], device='mps:0')
2024-02-03 08:13:35,087 - Classification Succeeds.
2024-02-03 08:13:35,088 - Link Generation Succeeds.
2024-02-03 08:14:16,533 - Victim node is 12159.
2024-02-03 08:14:16,533 - tensor([ 1205, 13940, 17819], device='mps:0')
2024-02-03 08:14:16,535 - Classification Succeeds.
2024-02-03 08:14:16,535 - Link Generation Fails.
2024-02-03 08:14:57,677 - Victim node is 4629.
2024-02-03 08:14:57,677 - tensor([19726, 19729, 19735], device='mps:0')
2024-02-03 08:14:57,679 - Classification Fails.
2024-02-03 08:14:57,679 - Link Generation Succeeds.
2024-02-03 08:15:37,834 - Victim node is 18686.
2024-02-03 08:15:37,834 - tensor([19717, 19718, 19726], device='mps:0')
2024-02-03 08:15:37,836 - Classification Fails.
2024-02-03 08:15:37,836 - Link Generation Succeeds.
2024-02-03 08:16:32,800 - Victim node is 6470.
2024-02-03 08:16:32,800 - tensor([19734, 19760, 19771], device='mps:0')
2024-02-03 08:16:32,801 - Classification Succeeds.
2024-02-03 08:16:32,802 - Link Generation Succeeds.
2024-02-03 08:17:15,253 - Victim node is 7500.
2024-02-03 08:17:15,253 - tensor([ 1205, 12019, 13940], device='mps:0')
2024-02-03 08:17:15,254 - Classification Fails.
2024-02-03 08:17:15,255 - Link Generation Fails.
2024-02-03 08:17:57,787 - Victim node is 4329.
2024-02-03 08:17:57,787 - tensor([19722, 19732, 19752], device='mps:0')
2024-02-03 08:17:57,789 - Classification Fails.
2024-02-03 08:17:57,789 - Link Generation Succeeds.
2024-02-03 08:18:40,275 - Victim node is 4738.
2024-02-03 08:18:40,275 - tensor([ 1920, 19717, 19720], device='mps:0')
2024-02-03 08:18:40,277 - Classification Succeeds.
2024-02-03 08:18:40,277 - Link Generation Succeeds.
2024-02-03 08:19:31,666 - Victim node is 565.
2024-02-03 08:19:31,666 - tensor([19717, 19720, 19728], device='mps:0')
2024-02-03 08:19:31,668 - Classification Succeeds.
2024-02-03 08:19:31,668 - Link Generation Succeeds.
2024-02-03 08:20:13,855 - Victim node is 1834.
2024-02-03 08:20:13,855 - tensor([ 1920,  7056, 19718], device='mps:0')
2024-02-03 08:20:13,856 - Classification Succeeds.
2024-02-03 08:20:13,857 - Link Generation Succeeds.
2024-02-03 08:20:57,275 - Victim node is 10992.
2024-02-03 08:20:57,275 - tensor([19760, 19821, 19846], device='mps:0')
2024-02-03 08:20:57,276 - Classification Fails.
2024-02-03 08:20:57,277 - Link Generation Succeeds.
2024-02-03 08:21:39,088 - Victim node is 6213.
2024-02-03 08:21:39,088 - tensor([ 1205, 12019, 19738], device='mps:0')
2024-02-03 08:21:39,090 - Classification Fails.
2024-02-03 08:21:39,090 - Link Generation Succeeds.
2024-02-03 08:22:20,676 - Victim node is 17173.
2024-02-03 08:22:20,676 - tensor([19749, 19751, 19752], device='mps:0')
2024-02-03 08:22:20,678 - Classification Succeeds.
2024-02-03 08:22:20,678 - Link Generation Succeeds.
2024-02-03 08:23:02,039 - Victim node is 787.
2024-02-03 08:23:02,040 - tensor([19754, 19890, 20010], device='mps:0')
2024-02-03 08:23:02,042 - Classification Fails.
2024-02-03 08:23:02,042 - Link Generation Succeeds.
2024-02-03 08:23:44,718 - Victim node is 13141.
2024-02-03 08:23:44,718 - tensor([  903,  1205, 12019], device='mps:0')
2024-02-03 08:23:44,720 - Classification Succeeds.
2024-02-03 08:23:44,720 - Link Generation Fails.
2024-02-03 08:24:25,109 - Victim node is 18536.
2024-02-03 08:24:25,109 - tensor([ 1920,  5375, 14893], device='mps:0')
2024-02-03 08:24:25,111 - Classification Succeeds.
2024-02-03 08:24:25,112 - Link Generation Fails.
2024-02-03 08:25:07,013 - Victim node is 3428.
2024-02-03 08:25:07,013 - tensor([ 1205,  9471, 19727], device='mps:0')
2024-02-03 08:25:07,015 - Classification Fails.
2024-02-03 08:25:07,016 - Link Generation Succeeds.
2024-02-03 08:26:00,192 - Victim node is 11127.
2024-02-03 08:26:00,192 - tensor([ 1920, 19722, 19730], device='mps:0')
2024-02-03 08:26:00,193 - Classification Fails.
2024-02-03 08:26:00,194 - Link Generation Succeeds.
2024-02-03 08:26:50,519 - Victim node is 13648.
2024-02-03 08:26:50,519 - tensor([ 1920,  5375, 19727], device='mps:0')
2024-02-03 08:26:50,521 - Classification Succeeds.
2024-02-03 08:26:50,521 - Link Generation Succeeds.
2024-02-03 08:27:40,977 - Victim node is 8101.
2024-02-03 08:27:40,977 - tensor([19723, 19725, 19737], device='mps:0')
2024-02-03 08:27:40,979 - Classification Succeeds.
2024-02-03 08:27:40,979 - Link Generation Succeeds.
2024-02-03 08:28:22,634 - Victim node is 9382.
2024-02-03 08:28:22,634 - tensor([19722, 19736, 19738], device='mps:0')
2024-02-03 08:28:22,635 - Classification Succeeds.
2024-02-03 08:28:22,636 - Link Generation Succeeds.
2024-02-03 08:29:14,441 - Victim node is 6994.
2024-02-03 08:29:14,441 - tensor([  903, 11894, 12019], device='mps:0')
2024-02-03 08:29:14,443 - Classification Succeeds.
2024-02-03 08:29:14,443 - Link Generation Fails.
2024-02-03 08:29:55,354 - Victim node is 676.
2024-02-03 08:29:55,354 - tensor([19717, 19720, 19723], device='mps:0')
2024-02-03 08:29:55,356 - Classification Fails.
2024-02-03 08:29:55,356 - Link Generation Succeeds.
2024-02-03 08:30:36,953 - Victim node is 9803.
2024-02-03 08:30:36,953 - tensor([ 1920,  4058, 12019], device='mps:0')
2024-02-03 08:30:36,954 - Classification Succeeds.
2024-02-03 08:30:36,955 - Link Generation Fails.
2024-02-03 08:31:15,771 - Victim node is 6259.
2024-02-03 08:31:15,772 - tensor([11450, 19784, 19814], device='mps:0')
2024-02-03 08:31:15,773 - Classification Fails.
2024-02-03 08:31:15,774 - Link Generation Succeeds.
2024-02-03 08:31:58,220 - Victim node is 17685.
2024-02-03 08:31:58,220 - tensor([19731, 19736, 19753], device='mps:0')
2024-02-03 08:31:58,222 - Classification Fails.
2024-02-03 08:31:58,222 - Link Generation Succeeds.
2024-02-03 08:32:40,745 - Victim node is 4378.
2024-02-03 08:32:40,745 - tensor([19721, 19727, 19749], device='mps:0')
2024-02-03 08:32:40,747 - Classification Succeeds.
2024-02-03 08:32:40,747 - Link Generation Succeeds.
2024-02-03 08:33:24,003 - Victim node is 13071.
2024-02-03 08:33:24,004 - tensor([  903,  1920, 12019], device='mps:0')
2024-02-03 08:33:24,005 - Classification Succeeds.
2024-02-03 08:33:24,006 - Link Generation Fails.
2024-02-03 08:34:04,652 - Victim node is 6867.
2024-02-03 08:34:04,653 - tensor([  903,  1205, 12019], device='mps:0')
2024-02-03 08:34:04,654 - Classification Fails.
2024-02-03 08:34:04,655 - Link Generation Fails.
2024-02-03 08:34:46,472 - Victim node is 13764.
2024-02-03 08:34:46,472 - tensor([  903, 12019, 19719], device='mps:0')
2024-02-03 08:34:46,473 - Classification Succeeds.
2024-02-03 08:34:46,474 - Link Generation Succeeds.
2024-02-03 08:35:37,994 - Victim node is 9697.
2024-02-03 08:35:37,994 - tensor([ 1205, 19717, 19728], device='mps:0')
2024-02-03 08:35:37,996 - Classification Fails.
2024-02-03 08:35:37,996 - Link Generation Succeeds.
2024-02-03 08:36:20,188 - Victim node is 10644.
2024-02-03 08:36:20,188 - tensor([19720, 19722, 19723], device='mps:0')
2024-02-03 08:36:20,189 - Classification Fails.
2024-02-03 08:36:20,190 - Link Generation Succeeds.
2024-02-03 08:37:01,862 - Victim node is 4864.
2024-02-03 08:37:01,862 - tensor([19731, 19749, 19757], device='mps:0')
2024-02-03 08:37:01,864 - Classification Succeeds.
2024-02-03 08:37:01,864 - Link Generation Succeeds.
2024-02-03 08:37:44,143 - Victim node is 6432.
2024-02-03 08:37:44,143 - tensor([ 1205, 19740, 19742], device='mps:0')
2024-02-03 08:37:44,144 - Classification Succeeds.
2024-02-03 08:37:44,145 - Link Generation Succeeds.
2024-02-03 08:38:35,680 - Victim node is 5635.
2024-02-03 08:38:35,680 - tensor([ 7056, 14044, 18735], device='mps:0')
2024-02-03 08:38:35,682 - Classification Fails.
2024-02-03 08:38:35,682 - Link Generation Fails.
2024-02-03 08:39:29,669 - Victim node is 7418.
2024-02-03 08:39:29,669 - tensor([  357,   903, 12019], device='mps:0')
2024-02-03 08:39:29,671 - Classification Succeeds.
2024-02-03 08:39:29,672 - Link Generation Fails.
2024-02-03 08:40:11,320 - Victim node is 4548.
2024-02-03 08:40:11,320 - tensor([ 1920,  5375, 15841], device='mps:0')
2024-02-03 08:40:11,322 - Classification Fails.
2024-02-03 08:40:11,323 - Link Generation Fails.
2024-02-03 08:40:51,330 - Victim node is 18443.
2024-02-03 08:40:51,330 - tensor([19719, 19726, 19727], device='mps:0')
2024-02-03 08:40:51,332 - Classification Fails.
2024-02-03 08:40:51,332 - Link Generation Succeeds.
2024-02-03 08:41:45,688 - Victim node is 3468.
2024-02-03 08:41:45,688 - tensor([19737, 19748, 19786], device='mps:0')
2024-02-03 08:41:45,690 - Classification Succeeds.
2024-02-03 08:41:45,690 - Link Generation Succeeds.
2024-02-03 08:42:27,520 - Victim node is 10358.
2024-02-03 08:42:27,520 - tensor([ 1920, 19742, 19746], device='mps:0')
2024-02-03 08:42:27,522 - Classification Succeeds.
2024-02-03 08:42:27,522 - Link Generation Succeeds.
2024-02-03 08:43:09,468 - Victim node is 18197.
2024-02-03 08:43:09,468 - tensor([ 1205, 19730, 19744], device='mps:0')
2024-02-03 08:43:09,469 - Classification Fails.
2024-02-03 08:43:09,470 - Link Generation Succeeds.
2024-02-03 08:44:00,446 - Victim node is 18007.
2024-02-03 08:44:00,446 - tensor([19720, 19722, 19728], device='mps:0')
2024-02-03 08:44:00,448 - Classification Fails.
2024-02-03 08:44:00,448 - Link Generation Succeeds.
2024-02-03 08:44:42,412 - Victim node is 6682.
2024-02-03 08:44:42,412 - tensor([19723, 19724, 19726], device='mps:0')
2024-02-03 08:44:42,414 - Classification Fails.
2024-02-03 08:44:42,414 - Link Generation Succeeds.
2024-02-03 08:45:23,988 - Victim node is 9761.
2024-02-03 08:45:23,988 - tensor([19717, 19720, 19721], device='mps:0')
2024-02-03 08:45:23,990 - Classification Fails.
2024-02-03 08:45:23,990 - Link Generation Succeeds.
2024-02-03 08:46:06,369 - Victim node is 13969.
2024-02-03 08:46:06,369 - tensor([ 1205, 19720, 19754], device='mps:0')
2024-02-03 08:46:06,370 - Classification Fails.
2024-02-03 08:46:06,371 - Link Generation Succeeds.
2024-02-03 08:46:48,138 - Victim node is 19238.
2024-02-03 08:46:48,138 - tensor([19717, 19728, 19743], device='mps:0')
2024-02-03 08:46:48,140 - Classification Fails.
2024-02-03 08:46:48,140 - Link Generation Succeeds.
2024-02-03 08:47:39,164 - Victim node is 18764.
2024-02-03 08:47:39,164 - tensor([ 1205,  5467, 13940], device='mps:0')
2024-02-03 08:47:39,166 - Classification Fails.
2024-02-03 08:47:39,167 - Link Generation Fails.
2024-02-03 08:48:21,245 - Victim node is 11708.
2024-02-03 08:48:21,245 - tensor([ 1205,  2361, 12019], device='mps:0')
2024-02-03 08:48:21,247 - Classification Fails.
2024-02-03 08:48:21,247 - Link Generation Fails.
2024-02-03 08:49:02,987 - Victim node is 12665.
2024-02-03 08:49:02,987 - tensor([ 1920,  7056, 19725], device='mps:0')
2024-02-03 08:49:02,989 - Classification Succeeds.
2024-02-03 08:49:02,990 - Link Generation Succeeds.
2024-02-03 08:49:57,448 - Victim node is 11013.
2024-02-03 08:49:57,448 - tensor([  357, 12019, 13940], device='mps:0')
2024-02-03 08:49:57,450 - Classification Succeeds.
2024-02-03 08:49:57,450 - Link Generation Fails.
2024-02-03 08:50:39,003 - Victim node is 2822.
2024-02-03 08:50:39,003 - tensor([ 1205, 13940, 19718], device='mps:0')
2024-02-03 08:50:39,004 - Classification Succeeds.
2024-02-03 08:50:39,005 - Link Generation Succeeds.
2024-02-03 08:51:30,505 - Victim node is 6331.
2024-02-03 08:51:30,505 - tensor([19730, 19742, 19776], device='mps:0')
2024-02-03 08:51:30,507 - Classification Fails.
2024-02-03 08:51:30,507 - Link Generation Succeeds.
2024-02-03 08:52:13,232 - Victim node is 3665.
2024-02-03 08:52:13,232 - tensor([19762, 19785, 19813], device='mps:0')
2024-02-03 08:52:13,234 - Classification Succeeds.
2024-02-03 08:52:13,234 - Link Generation Succeeds.
2024-02-03 08:52:55,190 - Victim node is 33.
2024-02-03 08:52:55,190 - tensor([ 1205, 12019, 13940], device='mps:0')
2024-02-03 08:52:55,192 - Classification Succeeds.
2024-02-03 08:52:55,193 - Link Generation Fails.
2024-02-03 08:53:47,249 - Victim node is 19362.
2024-02-03 08:53:47,249 - tensor([ 357, 1205, 6794], device='mps:0')
2024-02-03 08:53:47,251 - Classification Fails.
2024-02-03 08:53:47,251 - Link Generation Fails.
2024-02-03 08:54:28,681 - Victim node is 3221.
2024-02-03 08:54:28,681 - tensor([ 1205, 11816, 13940], device='mps:0')
2024-02-03 08:54:28,683 - Classification Fails.
2024-02-03 08:54:28,683 - Link Generation Fails.
2024-02-03 08:55:10,487 - Victim node is 15310.
2024-02-03 08:55:10,487 - tensor([ 1205, 11816, 13940], device='mps:0')
2024-02-03 08:55:10,488 - Classification Succeeds.
2024-02-03 08:55:10,489 - Link Generation Fails.
2024-02-03 08:56:04,879 - Victim node is 13350.
2024-02-03 08:56:04,879 - tensor([19724, 19726, 19731], device='mps:0')
2024-02-03 08:56:04,881 - Classification Fails.
2024-02-03 08:56:04,881 - Link Generation Succeeds.
2024-02-03 08:56:46,864 - Victim node is 11325.
2024-02-03 08:56:46,864 - tensor([19718, 19722, 19723], device='mps:0')
2024-02-03 08:56:46,865 - Classification Fails.
2024-02-03 08:56:46,866 - Link Generation Succeeds.
2024-02-03 08:57:27,215 - Victim node is 1393.
2024-02-03 08:57:27,215 - tensor([19717, 19719, 19722], device='mps:0')
2024-02-03 08:57:27,216 - Classification Succeeds.
2024-02-03 08:57:27,217 - Link Generation Succeeds.
2024-02-03 08:58:09,715 - Victim node is 15349.
2024-02-03 08:58:09,715 - tensor([ 1920, 19723, 19733], device='mps:0')
2024-02-03 08:58:09,716 - Classification Succeeds.
2024-02-03 08:58:09,717 - Link Generation Succeeds.
2024-02-03 08:58:52,656 - Victim node is 5551.
2024-02-03 08:58:52,656 - tensor([ 1920,  5375, 15841], device='mps:0')
2024-02-03 08:58:52,658 - Classification Succeeds.
2024-02-03 08:58:52,658 - Link Generation Fails.
2024-02-03 08:59:35,275 - Victim node is 8177.
2024-02-03 08:59:35,275 - tensor([ 7056, 14044, 19748], device='mps:0')
2024-02-03 08:59:35,277 - Classification Succeeds.
2024-02-03 08:59:35,278 - Link Generation Succeeds.
2024-02-03 09:00:28,873 - Victim node is 17530.
2024-02-03 09:00:28,873 - tensor([ 7056, 19724, 19726], device='mps:0')
2024-02-03 09:00:28,875 - Classification Succeeds.
2024-02-03 09:00:28,875 - Link Generation Succeeds.
2024-02-03 09:01:11,221 - Victim node is 17108.
2024-02-03 09:01:11,221 - tensor([19720, 19721, 19726], device='mps:0')
2024-02-03 09:01:11,223 - Classification Succeeds.
2024-02-03 09:01:11,223 - Link Generation Succeeds.
2024-02-03 09:02:03,980 - Victim node is 17220.
2024-02-03 09:02:03,980 - tensor([19723, 19724, 19734], device='mps:0')
2024-02-03 09:02:03,982 - Classification Fails.
2024-02-03 09:02:03,982 - Link Generation Succeeds.
2024-02-03 09:02:43,866 - Victim node is 8822.
2024-02-03 09:02:43,866 - tensor([ 1205, 11816, 13940], device='mps:0')
2024-02-03 09:02:43,867 - Classification Succeeds.
2024-02-03 09:02:43,868 - Link Generation Fails.
2024-02-03 09:03:26,622 - Victim node is 6157.
2024-02-03 09:03:26,622 - tensor([19724, 19756, 19767], device='mps:0')
2024-02-03 09:03:26,624 - Classification Succeeds.
2024-02-03 09:03:26,624 - Link Generation Succeeds.
2024-02-03 09:04:09,064 - Victim node is 9601.
2024-02-03 09:04:09,064 - tensor([ 7056, 15841, 19722], device='mps:0')
2024-02-03 09:04:09,066 - Classification Succeeds.
2024-02-03 09:04:09,067 - Link Generation Succeeds.
2024-02-03 09:05:00,238 - Victim node is 17973.
2024-02-03 09:05:00,238 - tensor([19720, 19723, 19732], device='mps:0')
2024-02-03 09:05:00,240 - Classification Fails.
2024-02-03 09:05:00,240 - Link Generation Succeeds.
2024-02-03 09:05:42,207 - Victim node is 10322.
2024-02-03 09:05:42,207 - tensor([ 1205, 19730, 19746], device='mps:0')
2024-02-03 09:05:42,208 - Classification Fails.
2024-02-03 09:05:42,209 - Link Generation Succeeds.
2024-02-03 09:06:22,274 - Victim node is 8018.
2024-02-03 09:06:22,274 - tensor([ 1920,  7056, 14044], device='mps:0')
2024-02-03 09:06:22,276 - Classification Succeeds.
2024-02-03 09:06:22,277 - Link Generation Fails.
2024-02-03 09:07:04,641 - Victim node is 2051.
2024-02-03 09:07:04,641 - tensor([11024, 12019, 19724], device='mps:0')
2024-02-03 09:07:04,643 - Classification Fails.
2024-02-03 09:07:04,643 - Link Generation Succeeds.
2024-02-03 09:07:56,275 - Victim node is 2550.
2024-02-03 09:07:56,275 - tensor([  903,  1205, 12019], device='mps:0')
2024-02-03 09:07:56,276 - Classification Succeeds.
2024-02-03 09:07:56,277 - Link Generation Fails.
2024-02-03 09:08:37,691 - Victim node is 12458.
2024-02-03 09:08:37,691 - tensor([19719, 19720, 19748], device='mps:0')
2024-02-03 09:08:37,693 - Classification Succeeds.
2024-02-03 09:08:37,693 - Link Generation Succeeds.
2024-02-03 09:09:31,092 - Victim node is 9468.
2024-02-03 09:09:31,092 - tensor([ 1205,  9471, 13940], device='mps:0')
2024-02-03 09:09:31,094 - Classification Succeeds.
2024-02-03 09:09:31,094 - Link Generation Fails.
2024-02-03 09:10:12,868 - Victim node is 2903.
2024-02-03 09:10:12,868 - tensor([  357,  1205, 12019], device='mps:0')
2024-02-03 09:10:12,870 - Classification Fails.
2024-02-03 09:10:12,871 - Link Generation Fails.
2024-02-03 09:10:50,932 - Victim node is 4962.
2024-02-03 09:10:50,933 - tensor([ 1205, 19741, 19795], device='mps:0')
2024-02-03 09:10:50,935 - Classification Fails.
2024-02-03 09:10:50,935 - Link Generation Succeeds.
2024-02-03 09:11:34,534 - Victim node is 13761.
2024-02-03 09:11:34,534 - tensor([19730, 19788, 19813], device='mps:0')
2024-02-03 09:11:34,536 - Classification Succeeds.
2024-02-03 09:11:34,536 - Link Generation Succeeds.
2024-02-03 09:12:17,060 - Victim node is 14315.
2024-02-03 09:12:17,060 - tensor([  903,  1205, 12019], device='mps:0')
2024-02-03 09:12:17,061 - Classification Succeeds.
2024-02-03 09:12:17,062 - Link Generation Fails.
2024-02-03 09:12:59,273 - Victim node is 6597.
2024-02-03 09:12:59,273 - tensor([ 1920,  7056, 14044], device='mps:0')
2024-02-03 09:12:59,275 - Classification Fails.
2024-02-03 09:12:59,276 - Link Generation Fails.
2024-02-03 09:13:41,734 - Victim node is 19271.
2024-02-03 09:13:41,734 - tensor([19718, 19720, 19721], device='mps:0')
2024-02-03 09:13:41,735 - Classification Fails.
2024-02-03 09:13:41,736 - Link Generation Succeeds.
2024-02-03 09:14:29,197 - Victim node is 2425.
2024-02-03 09:14:29,197 - tensor([ 1205, 19727, 20096], device='mps:0')
2024-02-03 09:14:29,199 - Classification Fails.
2024-02-03 09:14:29,199 - Link Generation Succeeds.
2024-02-03 09:15:21,441 - Victim node is 10679.
2024-02-03 09:15:21,441 - tensor([  903,  1205, 12019], device='mps:0')
2024-02-03 09:15:21,443 - Classification Succeeds.
2024-02-03 09:15:21,444 - Link Generation Fails.
2024-02-03 09:16:16,681 - Victim node is 9065.
2024-02-03 09:16:16,682 - tensor([19748, 19778, 19789], device='mps:0')
2024-02-03 09:16:16,683 - Classification Succeeds.
2024-02-03 09:16:16,684 - Link Generation Succeeds.
2024-02-03 09:16:57,375 - Victim node is 2417.
2024-02-03 09:16:57,375 - tensor([  903,  4058, 12019], device='mps:0')
2024-02-03 09:16:57,377 - Classification Succeeds.
2024-02-03 09:16:57,378 - Link Generation Fails.
2024-02-03 09:17:38,027 - Victim node is 18940.
2024-02-03 09:17:38,027 - tensor([  357,   903, 12019], device='mps:0')
2024-02-03 09:17:38,029 - Classification Succeeds.
2024-02-03 09:17:38,029 - Link Generation Fails.
2024-02-03 09:18:19,311 - Victim node is 187.
2024-02-03 09:18:19,311 - tensor([19724, 19736, 19742], device='mps:0')
2024-02-03 09:18:19,312 - Classification Succeeds.
2024-02-03 09:18:19,313 - Link Generation Succeeds.
2024-02-03 09:19:00,144 - Victim node is 14082.
2024-02-03 09:19:00,144 - tensor([ 1920,  5375, 17194], device='mps:0')
2024-02-03 09:19:00,146 - Classification Fails.
2024-02-03 09:19:00,146 - Link Generation Fails.
2024-02-03 09:19:53,457 - Victim node is 3415.
2024-02-03 09:19:53,457 - tensor([ 1205, 11816, 13940], device='mps:0')
2024-02-03 09:19:53,458 - Classification Succeeds.
2024-02-03 09:19:53,459 - Link Generation Fails.
2024-02-03 09:20:33,175 - Victim node is 16085.
2024-02-03 09:20:33,175 - tensor([ 1920,  7056, 18735], device='mps:0')
2024-02-03 09:20:33,176 - Classification Fails.
2024-02-03 09:20:33,177 - Link Generation Fails.
2024-02-03 09:21:24,277 - Victim node is 8805.
2024-02-03 09:21:24,277 - tensor([19717, 19728, 19732], device='mps:0')
2024-02-03 09:21:24,278 - Classification Fails.
2024-02-03 09:21:24,279 - Link Generation Succeeds.
2024-02-03 09:22:18,640 - Victim node is 4341.
2024-02-03 09:22:18,640 - tensor([ 5375, 12019, 14893], device='mps:0')
2024-02-03 09:22:18,642 - Classification Succeeds.
2024-02-03 09:22:18,642 - Link Generation Fails.
2024-02-03 09:23:01,212 - Victim node is 1749.
2024-02-03 09:23:01,212 - tensor([  903,  1205, 12019], device='mps:0')
2024-02-03 09:23:01,213 - Classification Succeeds.
2024-02-03 09:23:01,214 - Link Generation Fails.
2024-02-03 09:23:43,334 - Victim node is 12227.
2024-02-03 09:23:43,334 - tensor([  903,  1205, 12019], device='mps:0')
2024-02-03 09:23:43,335 - Classification Succeeds.
2024-02-03 09:23:43,336 - Link Generation Fails.
2024-02-03 09:24:34,718 - Victim node is 10519.
2024-02-03 09:24:34,718 - tensor([ 1920, 19717, 19724], device='mps:0')
2024-02-03 09:24:34,719 - Classification Fails.
2024-02-03 09:24:34,720 - Link Generation Succeeds.
2024-02-03 09:25:14,239 - Victim node is 16593.
2024-02-03 09:25:14,239 - tensor([1920, 7056, 8058], device='mps:0')
2024-02-03 09:25:14,240 - Classification Fails.
2024-02-03 09:25:14,241 - Link Generation Fails.
2024-02-03 09:26:07,077 - Victim node is 16315.
2024-02-03 09:26:07,078 - tensor([19735, 19736, 19747], device='mps:0')
2024-02-03 09:26:07,079 - Classification Fails.
2024-02-03 09:26:07,079 - Link Generation Succeeds.
2024-02-03 09:27:01,618 - Victim node is 13850.
2024-02-03 09:27:01,619 - tensor([11450, 19726, 19728], device='mps:0')
2024-02-03 09:27:01,620 - Classification Succeeds.
2024-02-03 09:27:01,621 - Link Generation Succeeds.
2024-02-03 09:27:52,699 - Victim node is 10299.
2024-02-03 09:27:52,699 - tensor([19722, 19724, 19731], device='mps:0')
2024-02-03 09:27:52,701 - Classification Succeeds.
2024-02-03 09:27:52,701 - Link Generation Succeeds.
2024-02-03 09:28:34,877 - Victim node is 13874.
2024-02-03 09:28:34,877 - tensor([ 1205,  5467, 13940], device='mps:0')
2024-02-03 09:28:34,878 - Classification Succeeds.
2024-02-03 09:28:34,879 - Link Generation Fails.
2024-02-03 09:29:17,217 - Victim node is 14932.
2024-02-03 09:29:17,217 - tensor([ 1205, 19725, 19746], device='mps:0')
2024-02-03 09:29:17,218 - Classification Fails.
2024-02-03 09:29:17,219 - Link Generation Succeeds.
2024-02-03 09:30:08,851 - Victim node is 6648.
2024-02-03 09:30:08,851 - tensor([ 1205, 13940, 19728], device='mps:0')
2024-02-03 09:30:08,852 - Classification Succeeds.
2024-02-03 09:30:08,853 - Link Generation Succeeds.
2024-02-03 09:31:02,169 - Victim node is 19056.
2024-02-03 09:31:02,169 - tensor([ 1205, 13940, 19747], device='mps:0')
2024-02-03 09:31:02,171 - Classification Succeeds.
2024-02-03 09:31:02,171 - Link Generation Succeeds.
2024-02-03 09:31:43,526 - Victim node is 6958.
2024-02-03 09:31:43,526 - tensor([  903, 12019, 19742], device='mps:0')
2024-02-03 09:31:43,528 - Classification Succeeds.
2024-02-03 09:31:43,529 - Link Generation Succeeds.
2024-02-03 09:32:25,617 - Victim node is 12483.
2024-02-03 09:32:25,617 - tensor([ 1920,  7056, 18735], device='mps:0')
2024-02-03 09:32:25,619 - Classification Succeeds.
2024-02-03 09:32:25,619 - Link Generation Fails.
2024-02-03 09:33:08,096 - Victim node is 19645.
2024-02-03 09:33:08,096 - tensor([ 7056, 19720, 19721], device='mps:0')
2024-02-03 09:33:08,098 - Classification Succeeds.
2024-02-03 09:33:08,099 - Link Generation Succeeds.
2024-02-03 09:33:48,159 - Victim node is 7915.
2024-02-03 09:33:48,159 - tensor([  903,  1205, 12019], device='mps:0')
2024-02-03 09:33:48,161 - Classification Succeeds.
2024-02-03 09:33:48,161 - Link Generation Fails.
2024-02-03 09:34:30,199 - Victim node is 14318.
2024-02-03 09:34:30,199 - tensor([19724, 19730, 19732], device='mps:0')
2024-02-03 09:34:30,200 - Classification Fails.
2024-02-03 09:34:30,201 - Link Generation Succeeds.
2024-02-03 09:35:23,368 - Victim node is 7857.
2024-02-03 09:35:23,368 - tensor([ 1205, 19737, 19781], device='mps:0')
2024-02-03 09:35:23,369 - Classification Succeeds.
2024-02-03 09:35:23,370 - Link Generation Succeeds.
2024-02-03 09:36:14,904 - Victim node is 14033.
2024-02-03 09:36:14,904 - tensor([ 5375, 15841, 19723], device='mps:0')
2024-02-03 09:36:14,905 - Classification Succeeds.
2024-02-03 09:36:14,906 - Link Generation Succeeds.
2024-02-03 09:36:56,986 - Victim node is 12604.
2024-02-03 09:36:56,987 - tensor([ 1205, 12019, 13940], device='mps:0')
2024-02-03 09:36:56,988 - Classification Succeeds.
2024-02-03 09:36:56,989 - Link Generation Fails.
2024-02-03 09:37:47,299 - Victim node is 15959.
2024-02-03 09:37:47,299 - tensor([19719, 19722, 19727], device='mps:0')
2024-02-03 09:37:47,300 - Classification Succeeds.
2024-02-03 09:37:47,301 - Link Generation Succeeds.
2024-02-03 09:38:38,002 - Victim node is 11704.
2024-02-03 09:38:38,002 - tensor([ 5899, 19719, 19723], device='mps:0')
2024-02-03 09:38:38,003 - Classification Fails.
2024-02-03 09:38:38,004 - Link Generation Succeeds.
2024-02-03 09:39:27,445 - Victim node is 11237.
2024-02-03 09:39:27,446 - tensor([  903, 11894, 12019], device='mps:0')
2024-02-03 09:39:27,447 - Classification Succeeds.
2024-02-03 09:39:27,448 - Link Generation Fails.
2024-02-03 09:40:17,417 - Victim node is 2357.
2024-02-03 09:40:17,417 - tensor([ 1205, 13940, 17019], device='mps:0')
2024-02-03 09:40:17,419 - Classification Fails.
2024-02-03 09:40:17,419 - Link Generation Fails.
2024-02-03 09:41:07,649 - Victim node is 12512.
2024-02-03 09:41:07,649 - tensor([ 4058, 11450, 12019], device='mps:0')
2024-02-03 09:41:07,651 - Classification Succeeds.
2024-02-03 09:41:07,651 - Link Generation Fails.
2024-02-03 09:41:47,564 - Victim node is 9325.
2024-02-03 09:41:47,564 - tensor([  903,  1205, 12019], device='mps:0')
2024-02-03 09:41:47,566 - Classification Succeeds.
2024-02-03 09:41:47,566 - Link Generation Fails.
2024-02-03 09:42:38,505 - Victim node is 8918.
2024-02-03 09:42:38,505 - tensor([19725, 19726, 19735], device='mps:0')
2024-02-03 09:42:38,507 - Classification Succeeds.
2024-02-03 09:42:38,507 - Link Generation Succeeds.
2024-02-03 09:43:29,808 - Victim node is 9906.
2024-02-03 09:43:29,808 - tensor([ 1205,  9471, 13940], device='mps:0')
2024-02-03 09:43:29,810 - Classification Succeeds.
2024-02-03 09:43:29,811 - Link Generation Fails.
2024-02-03 09:44:21,209 - Victim node is 10493.
2024-02-03 09:44:21,209 - tensor([19718, 19722, 19734], device='mps:0')
2024-02-03 09:44:21,211 - Classification Fails.
2024-02-03 09:44:21,211 - Link Generation Succeeds.
2024-02-03 09:45:13,258 - Victim node is 2968.
2024-02-03 09:45:13,258 - tensor([ 1920,  7056, 19723], device='mps:0')
2024-02-03 09:45:13,260 - Classification Fails.
2024-02-03 09:45:13,260 - Link Generation Succeeds.
2024-02-03 09:46:08,666 - Victim node is 6322.
2024-02-03 09:46:08,667 - tensor([ 1205, 13940, 19734], device='mps:0')
2024-02-03 09:46:08,668 - Classification Succeeds.
2024-02-03 09:46:08,669 - Link Generation Succeeds.
2024-02-03 09:46:52,023 - Victim node is 738.
2024-02-03 09:46:52,023 - tensor([ 7056, 11024, 14893], device='mps:0')
2024-02-03 09:46:52,025 - Classification Fails.
2024-02-03 09:46:52,025 - Link Generation Fails.
2024-02-03 09:47:46,231 - Victim node is 15113.
2024-02-03 09:47:46,232 - tensor([ 1205,  9471, 19766], device='mps:0')
2024-02-03 09:47:46,233 - Classification Succeeds.
2024-02-03 09:47:46,234 - Link Generation Succeeds.
2024-02-03 09:48:30,330 - Victim node is 8063.
2024-02-03 09:48:30,330 - tensor([ 1920,  7056, 14044], device='mps:0')
2024-02-03 09:48:30,331 - Classification Fails.
2024-02-03 09:48:30,332 - Link Generation Fails.
2024-02-03 09:49:23,583 - Victim node is 16834.
2024-02-03 09:49:23,583 - tensor([19718, 19723, 19726], device='mps:0')
2024-02-03 09:49:23,585 - Classification Succeeds.
2024-02-03 09:49:23,585 - Link Generation Succeeds.
2024-02-03 09:50:18,340 - Victim node is 2936.
2024-02-03 09:50:18,340 - tensor([19719, 19738, 19746], device='mps:0')
2024-02-03 09:50:18,342 - Classification Fails.
2024-02-03 09:50:18,342 - Link Generation Succeeds.
2024-02-03 09:51:01,890 - Victim node is 17582.
2024-02-03 09:51:01,890 - tensor([  903,  8626, 12019], device='mps:0')
2024-02-03 09:51:01,892 - Classification Fails.
2024-02-03 09:51:01,893 - Link Generation Fails.
2024-02-03 09:51:43,606 - Victim node is 15044.
2024-02-03 09:51:43,606 - tensor([ 1205,  2361, 13940], device='mps:0')
2024-02-03 09:51:43,607 - Classification Succeeds.
2024-02-03 09:51:43,608 - Link Generation Fails.
2024-02-03 09:52:38,525 - Victim node is 18541.
2024-02-03 09:52:38,525 - tensor([19720, 19736, 19739], device='mps:0')
2024-02-03 09:52:38,526 - Classification Succeeds.
2024-02-03 09:52:38,527 - Link Generation Succeeds.
2024-02-03 09:53:23,424 - Victim node is 491.
2024-02-03 09:53:23,424 - tensor([19732, 19740, 19741], device='mps:0')
2024-02-03 09:53:23,426 - Classification Succeeds.
2024-02-03 09:53:23,426 - Link Generation Succeeds.
2024-02-03 09:54:17,687 - Victim node is 771.
2024-02-03 09:54:17,687 - tensor([  903,  4058, 12019], device='mps:0')
2024-02-03 09:54:17,689 - Classification Fails.
2024-02-03 09:54:17,689 - Link Generation Fails.
2024-02-03 09:55:11,411 - Victim node is 9691.
2024-02-03 09:55:11,412 - tensor([ 7056, 10857, 14044], device='mps:0')
2024-02-03 09:55:11,413 - Classification Succeeds.
2024-02-03 09:55:11,414 - Link Generation Fails.
2024-02-03 09:56:06,826 - Victim node is 4755.
2024-02-03 09:56:06,826 - tensor([19738, 19747, 19755], device='mps:0')
2024-02-03 09:56:06,828 - Classification Fails.
2024-02-03 09:56:06,828 - Link Generation Succeeds.
2024-02-03 09:57:01,830 - Victim node is 7443.
2024-02-03 09:57:01,831 - tensor([ 1205, 13940, 19728], device='mps:0')
2024-02-03 09:57:01,832 - Classification Succeeds.
2024-02-03 09:57:01,833 - Link Generation Succeeds.
2024-02-03 09:57:54,793 - Victim node is 4002.
2024-02-03 09:57:54,794 - tensor([14044, 18735, 19737], device='mps:0')
2024-02-03 09:57:54,795 - Classification Fails.
2024-02-03 09:57:54,796 - Link Generation Succeeds.
2024-02-03 09:58:47,252 - Victim node is 19697.
2024-02-03 09:58:47,252 - tensor([19718, 19724, 19726], device='mps:0')
2024-02-03 09:58:47,253 - Classification Fails.
2024-02-03 09:58:47,254 - Link Generation Succeeds.
2024-02-03 09:59:28,312 - Victim node is 9173.
2024-02-03 09:59:28,312 - tensor([  903,  1205, 12019], device='mps:0')
2024-02-03 09:59:28,314 - Classification Succeeds.
2024-02-03 09:59:28,315 - Link Generation Fails.
2024-02-03 10:00:11,947 - Victim node is 12983.
2024-02-03 10:00:11,947 - tensor([19719, 19744, 19748], device='mps:0')
2024-02-03 10:00:11,949 - Classification Fails.
2024-02-03 10:00:11,949 - Link Generation Succeeds.
2024-02-03 10:00:53,293 - Victim node is 16434.
2024-02-03 10:00:53,293 - tensor([ 1205, 11816, 13940], device='mps:0')
2024-02-03 10:00:53,295 - Classification Fails.
2024-02-03 10:00:53,295 - Link Generation Fails.
2024-02-03 10:01:36,553 - Victim node is 18883.
2024-02-03 10:01:36,553 - tensor([ 1205, 13940, 19762], device='mps:0')
2024-02-03 10:01:36,554 - Classification Succeeds.
2024-02-03 10:01:36,555 - Link Generation Succeeds.
2024-02-03 10:02:28,253 - Victim node is 11448.
2024-02-03 10:02:28,254 - tensor([19728, 19734, 19738], device='mps:0')
2024-02-03 10:02:28,255 - Classification Fails.
2024-02-03 10:02:28,255 - Link Generation Succeeds.
2024-02-03 10:03:21,277 - Victim node is 1810.
2024-02-03 10:03:21,277 - tensor([ 1920,  5375, 19726], device='mps:0')
2024-02-03 10:03:21,278 - Classification Succeeds.
2024-02-03 10:03:21,279 - Link Generation Succeeds.
2024-02-03 10:04:03,769 - Victim node is 8360.
2024-02-03 10:04:03,769 - tensor([  357,  1205, 12019], device='mps:0')
2024-02-03 10:04:03,771 - Classification Succeeds.
2024-02-03 10:04:03,772 - Link Generation Fails.
2024-02-03 10:04:55,095 - Victim node is 9140.
2024-02-03 10:04:55,095 - tensor([ 1205, 13940, 19732], device='mps:0')
2024-02-03 10:04:55,096 - Classification Succeeds.
2024-02-03 10:04:55,097 - Link Generation Succeeds.
2024-02-03 10:05:50,483 - Victim node is 18854.
2024-02-03 10:05:50,483 - tensor([ 1205, 13940, 19718], device='mps:0')
2024-02-03 10:05:50,485 - Classification Fails.
2024-02-03 10:05:50,485 - Link Generation Succeeds.
2024-02-03 10:06:44,504 - Victim node is 6505.
2024-02-03 10:06:44,504 - tensor([19751, 19767, 19781], device='mps:0')
2024-02-03 10:06:44,505 - Classification Succeeds.
2024-02-03 10:06:44,506 - Link Generation Succeeds.
2024-02-03 10:07:28,428 - Victim node is 9184.
2024-02-03 10:07:28,428 - tensor([19718, 19758, 19772], device='mps:0')
2024-02-03 10:07:28,430 - Classification Succeeds.
2024-02-03 10:07:28,430 - Link Generation Succeeds.
2024-02-03 10:08:22,217 - Victim node is 2897.
2024-02-03 10:08:22,217 - tensor([1920, 5375, 7056], device='mps:0')
2024-02-03 10:08:22,219 - Classification Fails.
2024-02-03 10:08:22,220 - Link Generation Fails.
2024-02-03 10:09:14,775 - Victim node is 10382.
2024-02-03 10:09:14,775 - tensor([19727, 19731, 19739], device='mps:0')
2024-02-03 10:09:14,776 - Classification Fails.
2024-02-03 10:09:14,777 - Link Generation Succeeds.
2024-02-03 10:10:07,764 - Victim node is 6267.
2024-02-03 10:10:07,764 - tensor([19717, 19734, 19735], device='mps:0')
2024-02-03 10:10:07,765 - Classification Fails.
2024-02-03 10:10:07,766 - Link Generation Succeeds.
2024-02-03 10:10:51,706 - Victim node is 18669.
2024-02-03 10:10:51,706 - tensor([15841, 19720, 19723], device='mps:0')
2024-02-03 10:10:51,708 - Classification Fails.
2024-02-03 10:10:51,708 - Link Generation Succeeds.
2024-02-03 10:11:48,208 - Victim node is 5469.
2024-02-03 10:11:48,208 - tensor([19721, 19727, 19730], device='mps:0')
2024-02-03 10:11:48,210 - Classification Fails.
2024-02-03 10:11:48,210 - Link Generation Succeeds.
2024-02-03 10:12:32,058 - Victim node is 14343.
2024-02-03 10:12:32,058 - tensor([ 1920,  7056, 14044], device='mps:0')
2024-02-03 10:12:32,059 - Classification Succeeds.
2024-02-03 10:12:32,060 - Link Generation Fails.
2024-02-03 10:13:13,841 - Victim node is 17889.
2024-02-03 10:13:13,842 - tensor([  903,  8626, 12019], device='mps:0')
2024-02-03 10:13:13,843 - Classification Succeeds.
2024-02-03 10:13:13,844 - Link Generation Fails.
2024-02-03 10:13:57,489 - Victim node is 19016.
2024-02-03 10:13:57,489 - tensor([ 1205,  2361, 13940], device='mps:0')
2024-02-03 10:13:57,491 - Classification Succeeds.
2024-02-03 10:13:57,491 - Link Generation Fails.
2024-02-03 10:14:41,396 - Victim node is 3944.
2024-02-03 10:14:41,396 - tensor([  903,  1205, 12019], device='mps:0')
2024-02-03 10:14:41,397 - Classification Fails.
2024-02-03 10:14:41,398 - Link Generation Fails.
2024-02-03 10:15:27,483 - Victim node is 11009.
2024-02-03 10:15:27,483 - tensor([ 9471, 13940, 19791], device='mps:0')
2024-02-03 10:15:27,485 - Classification Succeeds.
2024-02-03 10:15:27,486 - Link Generation Succeeds.
2024-02-03 10:16:07,908 - Victim node is 2422.
2024-02-03 10:16:07,908 - tensor([ 1920,  8058, 11024], device='mps:0')
2024-02-03 10:16:07,909 - Classification Succeeds.
2024-02-03 10:16:07,910 - Link Generation Fails.
2024-02-03 10:16:50,764 - Victim node is 6466.
2024-02-03 10:16:50,764 - tensor([ 1920,  5375, 12019], device='mps:0')
2024-02-03 10:16:50,765 - Classification Succeeds.
2024-02-03 10:16:50,766 - Link Generation Fails.
2024-02-03 10:17:36,498 - Victim node is 3629.
2024-02-03 10:17:36,498 - tensor([19823, 19828, 19840], device='mps:0')
2024-02-03 10:17:36,499 - Classification Fails.
2024-02-03 10:17:36,500 - Link Generation Succeeds.
2024-02-03 10:18:29,337 - Victim node is 6052.
2024-02-03 10:18:29,337 - tensor([  903, 12019, 16214], device='mps:0')
2024-02-03 10:18:29,338 - Classification Succeeds.
2024-02-03 10:18:29,339 - Link Generation Fails.
2024-02-03 10:19:21,698 - Victim node is 1684.
2024-02-03 10:19:21,698 - tensor([19723, 19735, 19740], device='mps:0')
2024-02-03 10:19:21,700 - Classification Succeeds.
2024-02-03 10:19:21,700 - Link Generation Succeeds.
2024-02-03 10:20:04,888 - Victim node is 18529.
2024-02-03 10:20:04,888 - tensor([19728, 19734, 19742], device='mps:0')
2024-02-03 10:20:04,890 - Classification Fails.
2024-02-03 10:20:04,890 - Link Generation Succeeds.
2024-02-03 10:20:45,146 - Victim node is 4874.
2024-02-03 10:20:45,146 - tensor([ 1205,  5467, 13940], device='mps:0')
2024-02-03 10:20:45,148 - Classification Succeeds.
2024-02-03 10:20:45,149 - Link Generation Fails.
2024-02-03 10:21:39,434 - Victim node is 10059.
2024-02-03 10:21:39,434 - tensor([ 1920, 14044, 19747], device='mps:0')
2024-02-03 10:21:39,436 - Classification Succeeds.
2024-02-03 10:21:39,436 - Link Generation Succeeds.
2024-02-03 10:22:32,131 - Victim node is 17473.
2024-02-03 10:22:32,132 - tensor([19726, 19727, 19729], device='mps:0')
2024-02-03 10:22:32,133 - Classification Fails.
2024-02-03 10:22:32,133 - Link Generation Succeeds.
2024-02-03 10:23:11,988 - Victim node is 11140.
2024-02-03 10:23:11,988 - tensor([ 1920, 11450, 12019], device='mps:0')
2024-02-03 10:23:11,989 - Classification Succeeds.
2024-02-03 10:23:11,990 - Link Generation Fails.
2024-02-03 10:24:01,210 - Victim node is 12121.
2024-02-03 10:24:01,210 - tensor([11024, 11450, 12019], device='mps:0')
2024-02-03 10:24:01,212 - Classification Succeeds.
2024-02-03 10:24:01,212 - Link Generation Fails.
2024-02-03 10:24:43,084 - Victim node is 987.
2024-02-03 10:24:43,084 - tensor([ 1205, 13940, 19851], device='mps:0')
2024-02-03 10:24:43,085 - Classification Fails.
2024-02-03 10:24:43,086 - Link Generation Succeeds.
2024-02-03 10:25:20,899 - Victim node is 3561.
2024-02-03 10:25:20,899 - tensor([ 1205, 13940, 19724], device='mps:0')
2024-02-03 10:25:20,901 - Classification Fails.
2024-02-03 10:25:20,902 - Link Generation Succeeds.
2024-02-03 10:26:11,792 - Victim node is 11106.
2024-02-03 10:26:11,792 - tensor([ 1205, 19762, 19792], device='mps:0')
2024-02-03 10:26:11,794 - Classification Succeeds.
2024-02-03 10:26:11,794 - Link Generation Succeeds.
2024-02-03 10:26:51,582 - Victim node is 11093.
2024-02-03 10:26:51,583 - tensor([ 1205, 13940, 19756], device='mps:0')
2024-02-03 10:26:51,584 - Classification Fails.
2024-02-03 10:26:51,585 - Link Generation Succeeds.
2024-02-03 10:27:39,678 - Victim node is 8130.
2024-02-03 10:27:39,678 - tensor([19719, 19735, 19739], device='mps:0')
2024-02-03 10:27:39,680 - Classification Succeeds.
2024-02-03 10:27:39,680 - Link Generation Succeeds.
2024-02-03 10:28:22,765 - Victim node is 17008.
2024-02-03 10:28:22,765 - tensor([ 1205, 13940, 19751], device='mps:0')
2024-02-03 10:28:22,767 - Classification Fails.
2024-02-03 10:28:22,768 - Link Generation Succeeds.
2024-02-03 10:29:19,432 - Victim node is 9192.
2024-02-03 10:29:19,433 - tensor([ 1205, 11816, 13940], device='mps:0')
2024-02-03 10:29:19,434 - Classification Succeeds.
2024-02-03 10:29:19,435 - Link Generation Fails.
2024-02-03 10:30:04,882 - Victim node is 6560.
2024-02-03 10:30:04,882 - tensor([ 1205, 13940, 19778], device='mps:0')
2024-02-03 10:30:04,884 - Classification Fails.
2024-02-03 10:30:04,885 - Link Generation Succeeds.
2024-02-03 10:31:01,444 - Victim node is 508.
2024-02-03 10:31:01,444 - tensor([ 1205, 11816, 13940], device='mps:0')
2024-02-03 10:31:01,446 - Classification Succeeds.
2024-02-03 10:31:01,446 - Link Generation Fails.
2024-02-03 10:31:45,233 - Victim node is 17458.
2024-02-03 10:31:45,233 - tensor([ 1920,  7056, 15841], device='mps:0')
2024-02-03 10:31:45,235 - Classification Fails.
2024-02-03 10:31:45,235 - Link Generation Fails.
2024-02-03 10:32:40,562 - Victim node is 6646.
2024-02-03 10:32:40,562 - tensor([11024, 11450, 12019], device='mps:0')
2024-02-03 10:32:40,563 - Classification Fails.
2024-02-03 10:32:40,564 - Link Generation Fails.
2024-02-03 10:33:36,368 - Victim node is 14253.
2024-02-03 10:33:36,368 - tensor([ 8626, 11450, 12019], device='mps:0')
2024-02-03 10:33:36,370 - Classification Fails.
2024-02-03 10:33:36,370 - Link Generation Fails.
2024-02-03 10:34:20,284 - Victim node is 7906.
2024-02-03 10:34:20,284 - tensor([ 1205, 12019, 19748], device='mps:0')
2024-02-03 10:34:20,286 - Classification Succeeds.
2024-02-03 10:34:20,287 - Link Generation Succeeds.
2024-02-03 10:35:03,132 - Victim node is 885.
2024-02-03 10:35:03,133 - tensor([ 1205, 11816, 13940], device='mps:0')
2024-02-03 10:35:03,134 - Classification Fails.
2024-02-03 10:35:03,135 - Link Generation Fails.
2024-02-03 10:35:45,694 - Victim node is 2187.
2024-02-03 10:35:45,694 - tensor([ 1920,  5375, 19722], device='mps:0')
2024-02-03 10:35:45,696 - Classification Fails.
2024-02-03 10:35:45,696 - Link Generation Succeeds.
2024-02-03 10:36:27,561 - Victim node is 16995.
2024-02-03 10:36:27,561 - tensor([19718, 19720, 19724], device='mps:0')
2024-02-03 10:36:27,562 - Classification Fails.
2024-02-03 10:36:27,563 - Link Generation Succeeds.
2024-02-03 10:37:18,909 - Victim node is 19546.
2024-02-03 10:37:18,909 - tensor([ 1205, 12019, 13940], device='mps:0')
2024-02-03 10:37:18,911 - Classification Fails.
2024-02-03 10:37:18,912 - Link Generation Fails.
2024-02-03 10:38:10,939 - Victim node is 10278.
2024-02-03 10:38:10,939 - tensor([12019, 13525, 16214], device='mps:0')
2024-02-03 10:38:10,941 - Classification Succeeds.
2024-02-03 10:38:10,941 - Link Generation Fails.
2024-02-03 10:39:01,437 - Victim node is 14853.
2024-02-03 10:39:01,437 - tensor([19717, 19718, 19720], device='mps:0')
2024-02-03 10:39:01,439 - Classification Succeeds.
2024-02-03 10:39:01,439 - Link Generation Succeeds.
2024-02-03 10:39:41,320 - Victim node is 5817.
2024-02-03 10:39:41,320 - tensor([ 1205, 11816, 13940], device='mps:0')
2024-02-03 10:39:41,322 - Classification Succeeds.
2024-02-03 10:39:41,322 - Link Generation Fails.
2024-02-03 10:40:23,152 - Victim node is 5475.
2024-02-03 10:40:23,152 - tensor([19732, 19733, 19759], device='mps:0')
2024-02-03 10:40:23,154 - Classification Fails.
2024-02-03 10:40:23,154 - Link Generation Succeeds.
2024-02-03 10:41:04,800 - Victim node is 15624.
2024-02-03 10:41:04,800 - tensor([ 5375, 15841, 19717], device='mps:0')
2024-02-03 10:41:04,801 - Classification Fails.
2024-02-03 10:41:04,802 - Link Generation Succeeds.
2024-02-03 10:41:58,665 - Victim node is 16928.
2024-02-03 10:41:58,665 - tensor([19732, 19733, 19734], device='mps:0')
2024-02-03 10:41:58,667 - Classification Succeeds.
2024-02-03 10:41:58,667 - Link Generation Succeeds.
2024-02-03 10:42:40,735 - Victim node is 624.
2024-02-03 10:42:40,735 - tensor([19720, 19742, 19772], device='mps:0')
2024-02-03 10:42:40,736 - Classification Fails.
2024-02-03 10:42:40,737 - Link Generation Succeeds.
2024-02-03 10:43:32,923 - Victim node is 1251.
2024-02-03 10:43:32,923 - tensor([19719, 19723, 19733], device='mps:0')
2024-02-03 10:43:32,925 - Classification Fails.
2024-02-03 10:43:32,925 - Link Generation Succeeds.
2024-02-03 10:44:24,016 - Victim node is 8890.
2024-02-03 10:44:24,016 - tensor([  357,  1205, 13940], device='mps:0')
2024-02-03 10:44:24,018 - Classification Succeeds.
2024-02-03 10:44:24,018 - Link Generation Fails.
2024-02-03 10:45:06,921 - Victim node is 11389.
2024-02-03 10:45:06,921 - tensor([19760, 19762, 19764], device='mps:0')
2024-02-03 10:45:06,923 - Classification Fails.
2024-02-03 10:45:06,923 - Link Generation Succeeds.
2024-02-03 10:45:49,286 - Victim node is 3508.
2024-02-03 10:45:49,286 - tensor([19718, 19721, 19723], device='mps:0')
2024-02-03 10:45:49,288 - Classification Succeeds.
2024-02-03 10:45:49,288 - Link Generation Succeeds.
2024-02-03 10:46:31,521 - Victim node is 12529.
2024-02-03 10:46:31,521 - tensor([  903, 12019, 16214], device='mps:0')
2024-02-03 10:46:31,523 - Classification Succeeds.
2024-02-03 10:46:31,523 - Link Generation Fails.
2024-02-03 10:47:14,028 - Victim node is 13174.
2024-02-03 10:47:14,028 - tensor([11024, 11450, 12019], device='mps:0')
2024-02-03 10:47:14,029 - Classification Succeeds.
2024-02-03 10:47:14,030 - Link Generation Fails.
2024-02-03 10:47:56,110 - Victim node is 8126.
2024-02-03 10:47:56,110 - tensor([19739, 19746, 19747], device='mps:0')
2024-02-03 10:47:56,112 - Classification Fails.
2024-02-03 10:47:56,112 - Link Generation Succeeds.
2024-02-03 10:48:34,636 - Victim node is 15031.
2024-02-03 10:48:34,637 - tensor([ 1920, 19755, 19795], device='mps:0')
2024-02-03 10:48:34,638 - Classification Fails.
2024-02-03 10:48:34,639 - Link Generation Succeeds.
2024-02-03 10:49:25,717 - Victim node is 1596.
2024-02-03 10:49:25,717 - tensor([ 1205, 12019, 19733], device='mps:0')
2024-02-03 10:49:25,719 - Classification Succeeds.
2024-02-03 10:49:25,719 - Link Generation Succeeds.
2024-02-03 10:50:07,923 - Victim node is 1932.
2024-02-03 10:50:07,923 - tensor([ 7056, 14044, 18735], device='mps:0')
2024-02-03 10:50:07,925 - Classification Fails.
2024-02-03 10:50:07,926 - Link Generation Fails.
2024-02-03 10:50:48,231 - Victim node is 7785.
2024-02-03 10:50:48,231 - tensor([ 1205, 19724, 19727], device='mps:0')
2024-02-03 10:50:48,233 - Classification Succeeds.
2024-02-03 10:50:48,233 - Link Generation Succeeds.
2024-02-03 10:51:27,846 - Victim node is 18639.
2024-02-03 10:51:27,847 - tensor([19766, 19809, 19888], device='mps:0')
2024-02-03 10:51:27,849 - Classification Fails.
2024-02-03 10:51:27,849 - Link Generation Succeeds.
2024-02-03 10:52:19,393 - Victim node is 18371.
2024-02-03 10:52:19,393 - tensor([19718, 19724, 19725], device='mps:0')
2024-02-03 10:52:19,395 - Classification Succeeds.
2024-02-03 10:52:19,395 - Link Generation Succeeds.
2024-02-03 10:53:12,051 - Victim node is 14852.
2024-02-03 10:53:12,051 - tensor([ 7056, 19726, 19727], device='mps:0')
2024-02-03 10:53:12,053 - Classification Fails.
2024-02-03 10:53:12,053 - Link Generation Succeeds.
2024-02-03 10:53:55,159 - Victim node is 10364.
2024-02-03 10:53:55,159 - tensor([ 1205, 19731, 19744], device='mps:0')
2024-02-03 10:53:55,160 - Classification Fails.
2024-02-03 10:53:55,161 - Link Generation Succeeds.
2024-02-03 10:54:35,489 - Victim node is 9606.
2024-02-03 10:54:35,489 - tensor([19719, 19724, 19726], device='mps:0')
2024-02-03 10:54:35,490 - Classification Succeeds.
2024-02-03 10:54:35,491 - Link Generation Succeeds.
2024-02-03 10:55:17,621 - Victim node is 14178.
2024-02-03 10:55:17,621 - tensor([19719, 19722, 19724], device='mps:0')
2024-02-03 10:55:17,622 - Classification Fails.
2024-02-03 10:55:17,622 - Link Generation Succeeds.
2024-02-03 10:56:10,205 - Victim node is 8065.
2024-02-03 10:56:10,205 - tensor([ 7056, 19718, 19722], device='mps:0')
2024-02-03 10:56:10,207 - Classification Fails.
2024-02-03 10:56:10,207 - Link Generation Succeeds.
2024-02-03 10:57:06,216 - Victim node is 1517.
2024-02-03 10:57:06,216 - tensor([19725, 19726, 19734], device='mps:0')
2024-02-03 10:57:06,218 - Classification Succeeds.
2024-02-03 10:57:06,219 - Link Generation Succeeds.
2024-02-03 10:57:50,791 - Victim node is 9158.
2024-02-03 10:57:50,791 - tensor([ 1920, 15841, 19722], device='mps:0')
2024-02-03 10:57:50,792 - Classification Succeeds.
2024-02-03 10:57:50,793 - Link Generation Succeeds.
2024-02-03 10:58:37,208 - Victim node is 5249.
2024-02-03 10:58:37,208 - tensor([  357,   903, 19721], device='mps:0')
2024-02-03 10:58:37,210 - Classification Fails.
2024-02-03 10:58:37,211 - Link Generation Succeeds.
2024-02-03 10:59:17,437 - Victim node is 9515.
2024-02-03 10:59:17,437 - tensor([ 1205, 11816, 13940], device='mps:0')
2024-02-03 10:59:17,438 - Classification Succeeds.
2024-02-03 10:59:17,439 - Link Generation Fails.
2024-02-03 10:59:55,250 - Victim node is 4922.
2024-02-03 10:59:55,250 - tensor([ 1920,  7056, 19755], device='mps:0')
2024-02-03 10:59:55,251 - Classification Fails.
2024-02-03 10:59:55,252 - Link Generation Succeeds.
2024-02-03 11:00:39,626 - Victim node is 14202.
2024-02-03 11:00:39,626 - tensor([19728, 19733, 19741], device='mps:0')
2024-02-03 11:00:39,628 - Classification Fails.
2024-02-03 11:00:39,628 - Link Generation Succeeds.
2024-02-03 11:01:23,608 - Victim node is 18588.
2024-02-03 11:01:23,608 - tensor([ 1205, 11816, 13940], device='mps:0')
2024-02-03 11:01:23,609 - Classification Succeeds.
2024-02-03 11:01:23,610 - Link Generation Fails.
2024-02-03 11:02:06,010 - Victim node is 9107.
2024-02-03 11:02:06,010 - tensor([11894, 12019, 19730], device='mps:0')
2024-02-03 11:02:06,012 - Classification Succeeds.
2024-02-03 11:02:06,012 - Link Generation Succeeds.
2024-02-03 11:02:48,485 - Victim node is 2608.
2024-02-03 11:02:48,485 - tensor([19724, 19756, 19768], device='mps:0')
2024-02-03 11:02:48,487 - Classification Fails.
2024-02-03 11:02:48,487 - Link Generation Succeeds.
2024-02-03 11:03:30,569 - Victim node is 7606.
2024-02-03 11:03:30,569 - tensor([ 1205,  9471, 13940], device='mps:0')
2024-02-03 11:03:30,571 - Classification Fails.
2024-02-03 11:03:30,571 - Link Generation Fails.
2024-02-03 11:04:13,595 - Victim node is 13517.
2024-02-03 11:04:13,595 - tensor([19720, 19726, 19728], device='mps:0')
2024-02-03 11:04:13,597 - Classification Succeeds.
2024-02-03 11:04:13,597 - Link Generation Succeeds.
2024-02-03 11:04:50,204 - Victim node is 150.
2024-02-03 11:04:50,204 - tensor([  903, 11894, 12019], device='mps:0')
2024-02-03 11:04:50,206 - Classification Succeeds.
2024-02-03 11:04:50,207 - Link Generation Fails.
2024-02-03 11:05:25,942 - Victim node is 6188.
2024-02-03 11:05:25,942 - tensor([ 1205, 13940, 19722], device='mps:0')
2024-02-03 11:05:25,944 - Classification Fails.
2024-02-03 11:05:25,945 - Link Generation Succeeds.
2024-02-03 11:06:11,087 - Victim node is 5738.
2024-02-03 11:06:11,087 - tensor([19720, 19722, 19735], device='mps:0')
2024-02-03 11:06:11,089 - Classification Succeeds.
2024-02-03 11:06:11,089 - Link Generation Succeeds.
2024-02-03 11:06:54,712 - Victim node is 1879.
2024-02-03 11:06:54,712 - tensor([ 1920, 15841, 19724], device='mps:0')
2024-02-03 11:06:54,713 - Classification Succeeds.
2024-02-03 11:06:54,714 - Link Generation Succeeds.
2024-02-03 11:07:30,503 - Victim node is 17892.
2024-02-03 11:07:30,503 - tensor([  903,  4058, 12019], device='mps:0')
2024-02-03 11:07:30,504 - Classification Succeeds.
2024-02-03 11:07:30,505 - Link Generation Fails.
2024-02-03 11:08:16,400 - Victim node is 8965.
2024-02-03 11:08:16,400 - tensor([ 1920,  7056, 15841], device='mps:0')
2024-02-03 11:08:16,402 - Classification Succeeds.
2024-02-03 11:08:16,402 - Link Generation Fails.
2024-02-03 11:08:57,018 - Victim node is 2121.
2024-02-03 11:08:57,018 - tensor([19757, 19824, 19825], device='mps:0')
2024-02-03 11:08:57,020 - Classification Succeeds.
2024-02-03 11:08:57,020 - Link Generation Succeeds.
2024-02-03 11:09:44,988 - Victim node is 12651.
2024-02-03 11:09:44,988 - tensor([  903,  1205, 12019], device='mps:0')
2024-02-03 11:09:44,990 - Classification Fails.
2024-02-03 11:09:44,991 - Link Generation Fails.
2024-02-03 11:10:23,438 - Victim node is 10984.
2024-02-03 11:10:23,438 - tensor([  903,  1205, 12019], device='mps:0')
2024-02-03 11:10:23,439 - Classification Succeeds.
2024-02-03 11:10:23,440 - Link Generation Fails.
2024-02-03 11:11:12,996 - Victim node is 13087.
2024-02-03 11:11:12,996 - tensor([  903, 12019, 16214], device='mps:0')
2024-02-03 11:11:12,998 - Classification Succeeds.
2024-02-03 11:11:12,998 - Link Generation Fails.
2024-02-03 11:12:03,206 - Victim node is 10585.
2024-02-03 11:12:03,206 - tensor([19725, 19733, 19739], device='mps:0')
2024-02-03 11:12:03,208 - Classification Fails.
2024-02-03 11:12:03,208 - Link Generation Succeeds.
2024-02-03 11:12:42,524 - Victim node is 12477.
2024-02-03 11:12:42,524 - tensor([  903,  1205, 12019], device='mps:0')
2024-02-03 11:12:42,526 - Classification Succeeds.
2024-02-03 11:12:42,527 - Link Generation Fails.
2024-02-03 11:13:21,238 - Victim node is 16375.
2024-02-03 11:13:21,238 - tensor([ 1205, 19719, 19724], device='mps:0')
2024-02-03 11:13:21,240 - Classification Succeeds.
2024-02-03 11:13:21,240 - Link Generation Succeeds.
2024-02-03 11:14:11,437 - Victim node is 8909.
2024-02-03 11:14:11,437 - tensor([19717, 19719, 19731], device='mps:0')
2024-02-03 11:14:11,439 - Classification Succeeds.
2024-02-03 11:14:11,439 - Link Generation Succeeds.
2024-02-03 11:14:58,155 - Victim node is 3700.
2024-02-03 11:14:58,155 - tensor([19731, 19736, 19737], device='mps:0')
2024-02-03 11:14:58,157 - Classification Succeeds.
2024-02-03 11:14:58,157 - Link Generation Succeeds.
2024-02-03 11:15:45,213 - Victim node is 13465.
2024-02-03 11:15:45,213 - tensor([19720, 19722, 19730], device='mps:0')
2024-02-03 11:15:45,214 - Classification Succeeds.
2024-02-03 11:15:45,214 - Link Generation Succeeds.
2024-02-03 11:16:23,096 - Victim node is 14020.
2024-02-03 11:16:23,096 - tensor([ 1205, 12019, 13940], device='mps:0')
2024-02-03 11:16:23,098 - Classification Fails.
2024-02-03 11:16:23,099 - Link Generation Fails.
2024-02-03 11:17:00,744 - Victim node is 5532.
2024-02-03 11:17:00,744 - tensor([19724, 19732, 19746], device='mps:0')
2024-02-03 11:17:00,745 - Classification Fails.
2024-02-03 11:17:00,746 - Link Generation Succeeds.
2024-02-03 11:17:46,921 - Victim node is 19318.
2024-02-03 11:17:46,921 - tensor([ 1920,  7056, 14044], device='mps:0')
2024-02-03 11:17:46,922 - Classification Fails.
2024-02-03 11:17:46,923 - Link Generation Fails.
2024-02-03 11:18:25,370 - Victim node is 5078.
2024-02-03 11:18:25,370 - tensor([19735, 19745, 19764], device='mps:0')
2024-02-03 11:18:25,371 - Classification Fails.
2024-02-03 11:18:25,372 - Link Generation Succeeds.
2024-02-03 11:19:13,212 - Victim node is 19668.
2024-02-03 11:19:13,212 - tensor([ 1920,  7056, 18735], device='mps:0')
2024-02-03 11:19:13,214 - Classification Succeeds.
2024-02-03 11:19:13,214 - Link Generation Fails.
2024-02-03 11:19:50,976 - Victim node is 575.
2024-02-03 11:19:50,976 - tensor([19720, 19722, 19724], device='mps:0')
2024-02-03 11:19:50,978 - Classification Fails.
2024-02-03 11:19:50,978 - Link Generation Succeeds.
2024-02-03 11:20:35,087 - Victim node is 18583.
2024-02-03 11:20:35,087 - tensor([19726, 19731, 19738], device='mps:0')
2024-02-03 11:20:35,089 - Classification Succeeds.
2024-02-03 11:20:35,089 - Link Generation Succeeds.
2024-02-03 11:21:12,271 - Victim node is 9537.
2024-02-03 11:21:12,271 - tensor([ 7056, 14044, 19725], device='mps:0')
2024-02-03 11:21:12,272 - Classification Succeeds.
2024-02-03 11:21:12,273 - Link Generation Succeeds.
2024-02-03 11:21:51,895 - Victim node is 1818.
2024-02-03 11:21:51,895 - tensor([ 1205, 13940, 19767], device='mps:0')
2024-02-03 11:21:51,897 - Classification Succeeds.
2024-02-03 11:21:51,897 - Link Generation Succeeds.
2024-02-03 11:22:38,350 - Victim node is 9252.
2024-02-03 11:22:38,350 - tensor([19719, 19726, 19727], device='mps:0')
2024-02-03 11:22:38,352 - Classification Succeeds.
2024-02-03 11:22:38,352 - Link Generation Succeeds.
2024-02-03 11:23:24,674 - Victim node is 6976.
2024-02-03 11:23:24,674 - tensor([ 5375, 12019, 19721], device='mps:0')
2024-02-03 11:23:24,675 - Classification Fails.
2024-02-03 11:23:24,676 - Link Generation Succeeds.
2024-02-03 11:24:02,909 - Victim node is 18285.
2024-02-03 11:24:02,909 - tensor([ 7056, 19738, 19740], device='mps:0')
2024-02-03 11:24:02,911 - Classification Succeeds.
2024-02-03 11:24:02,911 - Link Generation Succeeds.
2024-02-03 11:24:51,353 - Victim node is 7918.
2024-02-03 11:24:51,353 - tensor([19718, 19730, 19738], device='mps:0')
2024-02-03 11:24:51,354 - Classification Succeeds.
2024-02-03 11:24:51,355 - Link Generation Succeeds.
2024-02-03 11:25:39,233 - Victim node is 18724.
2024-02-03 11:25:39,233 - tensor([  903,  8626, 12019], device='mps:0')
2024-02-03 11:25:39,235 - Classification Fails.
2024-02-03 11:25:39,235 - Link Generation Fails.
2024-02-03 11:26:28,594 - Victim node is 19169.
2024-02-03 11:26:28,594 - tensor([ 1920,  7056, 14893], device='mps:0')
2024-02-03 11:26:28,595 - Classification Fails.
2024-02-03 11:26:28,596 - Link Generation Fails.
2024-02-03 11:27:07,254 - Victim node is 574.
2024-02-03 11:27:07,254 - tensor([  903,  1205, 12019], device='mps:0')
2024-02-03 11:27:07,256 - Classification Succeeds.
2024-02-03 11:27:07,257 - Link Generation Fails.
2024-02-03 11:27:54,644 - Victim node is 4641.
2024-02-03 11:27:54,644 - tensor([19753, 19758, 19762], device='mps:0')
2024-02-03 11:27:54,646 - Classification Succeeds.
2024-02-03 11:27:54,646 - Link Generation Succeeds.
2024-02-03 11:28:32,251 - Victim node is 3857.
2024-02-03 11:28:32,251 - tensor([19718, 19720, 19725], device='mps:0')
2024-02-03 11:28:32,252 - Classification Succeeds.
2024-02-03 11:28:32,253 - Link Generation Succeeds.
2024-02-03 11:29:10,733 - Victim node is 15967.
2024-02-03 11:29:10,733 - tensor([11024, 19733, 19742], device='mps:0')
2024-02-03 11:29:10,734 - Classification Succeeds.
2024-02-03 11:29:10,735 - Link Generation Succeeds.
2024-02-03 11:29:56,815 - Victim node is 447.
2024-02-03 11:29:56,815 - tensor([ 1920, 19724, 19730], device='mps:0')
2024-02-03 11:29:56,817 - Classification Succeeds.
2024-02-03 11:29:56,817 - Link Generation Succeeds.
2024-02-03 11:30:43,233 - Victim node is 4352.
2024-02-03 11:30:43,233 - tensor([ 1920,  5375, 19732], device='mps:0')
2024-02-03 11:30:43,234 - Classification Fails.
2024-02-03 11:30:43,235 - Link Generation Succeeds.
2024-02-03 11:31:21,301 - Victim node is 17480.
2024-02-03 11:31:21,301 - tensor([19732, 19757, 19760], device='mps:0')
2024-02-03 11:31:21,302 - Classification Fails.
2024-02-03 11:31:21,303 - Link Generation Succeeds.
2024-02-03 11:32:09,290 - Victim node is 1898.
2024-02-03 11:32:09,290 - tensor([19717, 19730, 19731], device='mps:0')
2024-02-03 11:32:09,293 - Classification Fails.
2024-02-03 11:32:09,293 - Link Generation Succeeds.
2024-02-03 11:33:02,398 - Victim node is 644.
2024-02-03 11:33:02,398 - tensor([ 1205,  9471, 13940], device='mps:0')
2024-02-03 11:33:02,400 - Classification Fails.
2024-02-03 11:33:02,401 - Link Generation Fails.
2024-02-03 11:33:45,321 - Victim node is 11337.
2024-02-03 11:33:45,321 - tensor([16783, 19720, 19723], device='mps:0')
2024-02-03 11:33:45,322 - Classification Succeeds.
2024-02-03 11:33:45,323 - Link Generation Succeeds.
2024-02-03 11:34:25,047 - Victim node is 9749.
2024-02-03 11:34:25,047 - tensor([  903,  1205, 12019], device='mps:0')
2024-02-03 11:34:25,049 - Classification Succeeds.
2024-02-03 11:34:25,049 - Link Generation Fails.
2024-02-03 11:35:13,773 - Victim node is 6662.
2024-02-03 11:35:13,773 - tensor([  903,  1205, 12019], device='mps:0')
2024-02-03 11:35:13,775 - Classification Succeeds.
2024-02-03 11:35:13,775 - Link Generation Fails.
2024-02-03 11:36:00,923 - Victim node is 16799.
2024-02-03 11:36:00,923 - tensor([19720, 19722, 19728], device='mps:0')
2024-02-03 11:36:00,925 - Classification Fails.
2024-02-03 11:36:00,925 - Link Generation Succeeds.
2024-02-03 11:36:38,689 - Victim node is 4957.
2024-02-03 11:36:38,689 - tensor([19717, 19719, 19720], device='mps:0')
2024-02-03 11:36:38,690 - Classification Fails.
2024-02-03 11:36:38,691 - Link Generation Succeeds.
2024-02-03 11:37:16,270 - Victim node is 15888.
2024-02-03 11:37:16,270 - tensor([ 4058, 11450, 12019], device='mps:0')
2024-02-03 11:37:16,272 - Classification Fails.
2024-02-03 11:37:16,272 - Link Generation Fails.
2024-02-03 11:38:04,198 - Victim node is 16843.
2024-02-03 11:38:04,199 - tensor([ 1205, 13940, 19847], device='mps:0')
2024-02-03 11:38:04,200 - Classification Fails.
2024-02-03 11:38:04,201 - Link Generation Succeeds.
2024-02-03 11:38:41,545 - Victim node is 17338.
2024-02-03 11:38:41,545 - tensor([ 1920, 15841, 19719], device='mps:0')
2024-02-03 11:38:41,547 - Classification Fails.
2024-02-03 11:38:41,547 - Link Generation Succeeds.
2024-02-03 11:39:17,846 - Victim node is 11273.
2024-02-03 11:39:17,847 - tensor([12019, 19736, 19742], device='mps:0')
2024-02-03 11:39:17,848 - Classification Fails.
2024-02-03 11:39:17,849 - Link Generation Succeeds.
2024-02-03 11:39:54,680 - Victim node is 5315.
2024-02-03 11:39:54,680 - tensor([19720, 19741, 19744], device='mps:0')
2024-02-03 11:39:54,681 - Classification Fails.
2024-02-03 11:39:54,682 - Link Generation Succeeds.
2024-02-03 11:40:32,653 - Victim node is 17899.
2024-02-03 11:40:32,653 - tensor([ 1205, 19880, 19891], device='mps:0')
2024-02-03 11:40:32,654 - Classification Succeeds.
2024-02-03 11:40:32,655 - Link Generation Succeeds.
2024-02-03 11:41:10,815 - Victim node is 4112.
2024-02-03 11:41:10,815 - tensor([ 1920, 19760, 19826], device='mps:0')
2024-02-03 11:41:10,817 - Classification Fails.
2024-02-03 11:41:10,817 - Link Generation Succeeds.
2024-02-03 11:41:47,363 - Victim node is 18411.
2024-02-03 11:41:47,363 - tensor([ 1920,  7056, 19768], device='mps:0')
2024-02-03 11:41:47,364 - Classification Succeeds.
2024-02-03 11:41:47,365 - Link Generation Succeeds.
2024-02-03 11:42:32,903 - Victim node is 15412.
2024-02-03 11:42:32,903 - tensor([ 1920,  7056, 19724], device='mps:0')
2024-02-03 11:42:32,905 - Classification Fails.
2024-02-03 11:42:32,905 - Link Generation Succeeds.
2024-02-03 11:43:20,170 - Victim node is 11726.
2024-02-03 11:43:20,170 - tensor([ 7056, 19722, 19725], device='mps:0')
2024-02-03 11:43:20,171 - Classification Fails.
2024-02-03 11:43:20,172 - Link Generation Succeeds.
2024-02-03 11:44:13,486 - Victim node is 10265.
2024-02-03 11:44:13,486 - tensor([ 1205,  9471, 13940], device='mps:0')
2024-02-03 11:44:13,488 - Classification Succeeds.
2024-02-03 11:44:13,489 - Link Generation Fails.
2024-02-03 11:44:50,923 - Victim node is 8742.
2024-02-03 11:44:50,923 - tensor([ 1205, 13940, 19720], device='mps:0')
2024-02-03 11:44:50,925 - Classification Succeeds.
2024-02-03 11:44:50,926 - Link Generation Succeeds.
2024-02-03 11:45:35,761 - Victim node is 10308.
2024-02-03 11:45:35,761 - tensor([ 1205, 13940, 17819], device='mps:0')
2024-02-03 11:45:35,763 - Classification Succeeds.
2024-02-03 11:45:35,763 - Link Generation Fails.
2024-02-03 11:46:14,991 - Victim node is 15289.
2024-02-03 11:46:14,991 - tensor([  903,  1205, 12019], device='mps:0')
2024-02-03 11:46:14,993 - Classification Succeeds.
2024-02-03 11:46:14,993 - Link Generation Fails.
2024-02-03 11:46:54,426 - Victim node is 7137.
2024-02-03 11:46:54,427 - tensor([ 7056, 10857, 11386], device='mps:0')
2024-02-03 11:46:54,428 - Classification Fails.
2024-02-03 11:46:54,429 - Link Generation Fails.
2024-02-03 11:47:31,506 - Victim node is 439.
2024-02-03 11:47:31,506 - tensor([ 5375,  8058, 11024], device='mps:0')
2024-02-03 11:47:31,508 - Classification Succeeds.
2024-02-03 11:47:31,508 - Link Generation Fails.
2024-02-03 11:48:10,982 - Victim node is 17475.
2024-02-03 11:48:10,982 - tensor([ 1205, 13940, 16214], device='mps:0')
2024-02-03 11:48:10,984 - Classification Succeeds.
2024-02-03 11:48:10,984 - Link Generation Fails.
2024-02-03 11:48:51,394 - Victim node is 15299.
2024-02-03 11:48:51,394 - tensor([ 1205, 19771, 19850], device='mps:0')
2024-02-03 11:48:51,398 - Classification Succeeds.
2024-02-03 11:48:51,399 - Link Generation Succeeds.
2024-02-03 11:49:38,438 - Victim node is 409.
2024-02-03 11:49:38,438 - tensor([ 7056, 10857, 19723], device='mps:0')
2024-02-03 11:49:38,439 - Classification Succeeds.
2024-02-03 11:49:38,440 - Link Generation Succeeds.
2024-02-03 11:50:17,863 - Victim node is 15583.
2024-02-03 11:50:17,863 - tensor([ 1205,  9471, 13940], device='mps:0')
2024-02-03 11:50:17,864 - Classification Succeeds.
2024-02-03 11:50:17,865 - Link Generation Fails.
2024-02-03 11:50:56,104 - Victim node is 264.
2024-02-03 11:50:56,105 - tensor([19742, 19745, 19748], device='mps:0')
2024-02-03 11:50:56,106 - Classification Fails.
2024-02-03 11:50:56,106 - Link Generation Succeeds.
2024-02-03 11:51:44,179 - Victim node is 18690.
2024-02-03 11:51:44,179 - tensor([19733, 19735, 19738], device='mps:0')
2024-02-03 11:51:44,180 - Classification Fails.
2024-02-03 11:51:44,181 - Link Generation Succeeds.
2024-02-03 11:52:22,054 - Victim node is 3707.
2024-02-03 11:52:22,054 - tensor([  903,  1205, 12019], device='mps:0')
2024-02-03 11:52:22,055 - Classification Succeeds.
2024-02-03 11:52:22,056 - Link Generation Fails.
2024-02-03 11:52:59,551 - Victim node is 1785.
2024-02-03 11:52:59,551 - tensor([ 1205,  9471, 13940], device='mps:0')
2024-02-03 11:52:59,553 - Classification Succeeds.
2024-02-03 11:52:59,553 - Link Generation Fails.
2024-02-03 11:53:39,740 - Victim node is 11095.
2024-02-03 11:53:39,740 - tensor([19782, 19799, 19838], device='mps:0')
2024-02-03 11:53:39,742 - Classification Succeeds.
2024-02-03 11:53:39,742 - Link Generation Succeeds.
2024-02-03 11:54:26,489 - Victim node is 18227.
2024-02-03 11:54:26,489 - tensor([  903,  4058, 12019], device='mps:0')
2024-02-03 11:54:26,490 - Classification Succeeds.
2024-02-03 11:54:26,491 - Link Generation Fails.
2024-02-03 11:55:14,422 - Victim node is 18976.
2024-02-03 11:55:14,422 - tensor([ 1920,  5375, 19724], device='mps:0')
2024-02-03 11:55:14,424 - Classification Succeeds.
2024-02-03 11:55:14,425 - Link Generation Succeeds.
2024-02-03 11:56:01,230 - Victim node is 16159.
2024-02-03 11:56:01,230 - tensor([19726, 19730, 19732], device='mps:0')
2024-02-03 11:56:01,232 - Classification Fails.
2024-02-03 11:56:01,232 - Link Generation Succeeds.
2024-02-03 11:56:37,746 - Victim node is 13723.
2024-02-03 11:56:37,746 - tensor([ 1205, 13940, 16214], device='mps:0')
2024-02-03 11:56:37,747 - Classification Succeeds.
2024-02-03 11:56:37,748 - Link Generation Fails.
2024-02-03 11:57:16,505 - Victim node is 10274.
2024-02-03 11:57:16,505 - tensor([ 1205, 13940, 19741], device='mps:0')
2024-02-03 11:57:16,507 - Classification Fails.
2024-02-03 11:57:16,507 - Link Generation Succeeds.
2024-02-03 11:57:54,103 - Victim node is 7603.
2024-02-03 11:57:54,103 - tensor([ 1920,  7056, 15841], device='mps:0')
2024-02-03 11:57:54,104 - Classification Succeeds.
2024-02-03 11:57:54,105 - Link Generation Fails.
2024-02-03 11:58:32,952 - Victim node is 9257.
2024-02-03 11:58:32,952 - tensor([ 5375, 12019, 19730], device='mps:0')
2024-02-03 11:58:32,953 - Classification Succeeds.
2024-02-03 11:58:32,954 - Link Generation Succeeds.
2024-02-03 11:59:11,612 - Victim node is 15831.
2024-02-03 11:59:11,612 - tensor([19737, 19742, 19755], device='mps:0')
2024-02-03 11:59:11,613 - Classification Fails.
2024-02-03 11:59:11,614 - Link Generation Succeeds.
2024-02-03 11:59:58,024 - Victim node is 11205.
2024-02-03 11:59:58,025 - tensor([  357,   903, 12019], device='mps:0')
2024-02-03 11:59:58,026 - Classification Succeeds.
2024-02-03 11:59:58,027 - Link Generation Fails.
2024-02-03 12:00:35,896 - Victim node is 8156.
2024-02-03 12:00:35,896 - tensor([19720, 19730, 19747], device='mps:0')
2024-02-03 12:00:35,898 - Classification Fails.
2024-02-03 12:00:35,898 - Link Generation Succeeds.
2024-02-03 12:01:25,584 - Victim node is 4944.
2024-02-03 12:01:25,585 - tensor([ 7056, 19730, 19732], device='mps:0')
2024-02-03 12:01:25,586 - Classification Fails.
2024-02-03 12:01:25,587 - Link Generation Succeeds.
2024-02-03 12:02:03,433 - Victim node is 5795.
2024-02-03 12:02:03,433 - tensor([19736, 19747, 19756], device='mps:0')
2024-02-03 12:02:03,435 - Classification Fails.
2024-02-03 12:02:03,435 - Link Generation Succeeds.
2024-02-03 12:02:49,881 - Victim node is 5912.
2024-02-03 12:02:49,881 - tensor([19722, 19732, 19734], device='mps:0')
2024-02-03 12:02:49,883 - Classification Fails.
2024-02-03 12:02:49,883 - Link Generation Succeeds.
2024-02-03 12:03:28,164 - Victim node is 16056.
2024-02-03 12:03:28,164 - tensor([ 1205, 12019, 13940], device='mps:0')
2024-02-03 12:03:28,165 - Classification Succeeds.
2024-02-03 12:03:28,166 - Link Generation Fails.
2024-02-03 12:04:14,392 - Victim node is 9801.
2024-02-03 12:04:14,392 - tensor([19723, 19756, 19765], device='mps:0')
2024-02-03 12:04:14,393 - Classification Fails.
2024-02-03 12:04:14,394 - Link Generation Succeeds.
2024-02-03 12:05:00,163 - Victim node is 2961.
2024-02-03 12:05:00,163 - tensor([ 7056, 19727, 19735], device='mps:0')
2024-02-03 12:05:00,165 - Classification Succeeds.
2024-02-03 12:05:00,165 - Link Generation Succeeds.
2024-02-03 12:05:34,866 - Victim node is 1233.
2024-02-03 12:05:34,867 - tensor([ 1205, 12019, 13940], device='mps:0')
2024-02-03 12:05:34,868 - Classification Fails.
2024-02-03 12:05:34,869 - Link Generation Fails.
2024-02-03 12:06:12,673 - Victim node is 6709.
2024-02-03 12:06:12,673 - tensor([19739, 19746, 19759], device='mps:0')
2024-02-03 12:06:12,674 - Classification Succeeds.
2024-02-03 12:06:12,675 - Link Generation Succeeds.
2024-02-03 12:06:59,403 - Victim node is 6990.
2024-02-03 12:06:59,403 - tensor([19721, 19724, 19728], device='mps:0')
2024-02-03 12:06:59,405 - Classification Fails.
2024-02-03 12:06:59,405 - Link Generation Succeeds.
2024-02-03 12:07:37,147 - Victim node is 16710.
2024-02-03 12:07:37,147 - tensor([19736, 19748, 19755], device='mps:0')
2024-02-03 12:07:37,149 - Classification Fails.
2024-02-03 12:07:37,149 - Link Generation Succeeds.
2024-02-03 12:08:15,247 - Victim node is 17706.
2024-02-03 12:08:15,247 - tensor([ 1920, 15841, 19723], device='mps:0')
2024-02-03 12:08:15,248 - Classification Fails.
2024-02-03 12:08:15,249 - Link Generation Succeeds.
2024-02-03 12:09:02,382 - Victim node is 15359.
2024-02-03 12:09:02,382 - tensor([ 1205,  2361, 12019], device='mps:0')
2024-02-03 12:09:02,383 - Classification Succeeds.
2024-02-03 12:09:02,384 - Link Generation Fails.
2024-02-03 12:09:51,035 - Victim node is 17403.
2024-02-03 12:09:51,035 - tensor([19720, 19728, 19733], device='mps:0')
2024-02-03 12:09:51,037 - Classification Succeeds.
2024-02-03 12:09:51,037 - Link Generation Succeeds.
2024-02-03 12:10:38,162 - Victim node is 1792.
2024-02-03 12:10:38,162 - tensor([19759, 19766, 19774], device='mps:0')
2024-02-03 12:10:38,164 - Classification Succeeds.
2024-02-03 12:10:38,164 - Link Generation Succeeds.
2024-02-03 12:11:15,481 - Victim node is 18797.
2024-02-03 12:11:15,482 - tensor([ 1205, 13940, 16214], device='mps:0')
2024-02-03 12:11:15,484 - Classification Fails.
2024-02-03 12:11:15,485 - Link Generation Fails.
2024-02-03 12:11:53,711 - Victim node is 15350.
2024-02-03 12:11:53,711 - tensor([ 7056, 14044, 15841], device='mps:0')
2024-02-03 12:11:53,712 - Classification Succeeds.
2024-02-03 12:11:53,713 - Link Generation Fails.
2024-02-03 12:12:40,435 - Victim node is 6071.
2024-02-03 12:12:40,436 - tensor([ 7056, 14044, 19718], device='mps:0')
2024-02-03 12:12:40,437 - Classification Fails.
2024-02-03 12:12:40,438 - Link Generation Succeeds.
2024-02-03 12:13:16,886 - Victim node is 4094.
2024-02-03 12:13:16,887 - tensor([ 1205, 13940, 19748], device='mps:0')
2024-02-03 12:13:16,888 - Classification Fails.
2024-02-03 12:13:16,889 - Link Generation Succeeds.
2024-02-03 12:13:55,620 - Victim node is 9475.
2024-02-03 12:13:55,620 - tensor([ 1205, 12019, 19747], device='mps:0')
2024-02-03 12:13:55,622 - Classification Succeeds.
2024-02-03 12:13:55,623 - Link Generation Succeeds.
2024-02-03 12:14:42,487 - Victim node is 7172.
2024-02-03 12:14:42,487 - tensor([19720, 19724, 19731], device='mps:0')
2024-02-03 12:14:42,489 - Classification Fails.
2024-02-03 12:14:42,489 - Link Generation Succeeds.
2024-02-03 12:15:28,519 - Victim node is 15800.
2024-02-03 12:15:28,519 - tensor([ 7056, 19723, 19728], device='mps:0')
2024-02-03 12:15:28,520 - Classification Fails.
2024-02-03 12:15:28,521 - Link Generation Succeeds.
2024-02-03 12:16:06,520 - Victim node is 15017.
2024-02-03 12:16:06,520 - tensor([ 1920, 19718, 19719], device='mps:0')
2024-02-03 12:16:06,522 - Classification Fails.
2024-02-03 12:16:06,522 - Link Generation Succeeds.
2024-02-03 12:16:48,110 - Victim node is 10087.
2024-02-03 12:16:48,111 - tensor([  903,  4058, 12019], device='mps:0')
2024-02-03 12:16:48,112 - Classification Succeeds.
2024-02-03 12:16:48,113 - Link Generation Fails.
2024-02-03 12:17:24,175 - Victim node is 12475.
2024-02-03 12:17:24,175 - tensor([19761, 19774, 19801], device='mps:0')
2024-02-03 12:17:24,177 - Classification Succeeds.
2024-02-03 12:17:24,177 - Link Generation Succeeds.
2024-02-03 12:18:02,606 - Victim node is 1666.
2024-02-03 12:18:02,606 - tensor([19742, 19748, 19752], device='mps:0')
2024-02-03 12:18:02,607 - Classification Fails.
2024-02-03 12:18:02,608 - Link Generation Succeeds.
2024-02-03 12:18:40,475 - Victim node is 10563.
2024-02-03 12:18:40,475 - tensor([19717, 19723, 19724], device='mps:0')
2024-02-03 12:18:40,477 - Classification Fails.
2024-02-03 12:18:40,477 - Link Generation Succeeds.
2024-02-03 12:19:19,256 - Victim node is 4290.
2024-02-03 12:19:19,257 - tensor([ 7056, 19746, 19755], device='mps:0')
2024-02-03 12:19:19,258 - Classification Fails.
2024-02-03 12:19:19,259 - Link Generation Succeeds.
2024-02-03 12:19:56,349 - Victim node is 9320.
2024-02-03 12:19:56,349 - tensor([18735, 19721, 19727], device='mps:0')
2024-02-03 12:19:56,351 - Classification Fails.
2024-02-03 12:19:56,351 - Link Generation Succeeds.
2024-02-03 12:20:44,807 - Victim node is 407.
2024-02-03 12:20:44,807 - tensor([  357,  1205, 12019], device='mps:0')
2024-02-03 12:20:44,809 - Classification Succeeds.
2024-02-03 12:20:44,810 - Link Generation Fails.
2024-02-03 12:21:21,808 - Victim node is 13123.
2024-02-03 12:21:21,808 - tensor([ 1920,  5375, 12019], device='mps:0')
2024-02-03 12:21:21,810 - Classification Succeeds.
2024-02-03 12:21:21,811 - Link Generation Fails.
2024-02-03 12:21:59,822 - Victim node is 18361.
2024-02-03 12:21:59,822 - tensor([19718, 19719, 19722], device='mps:0')
2024-02-03 12:21:59,824 - Classification Succeeds.
2024-02-03 12:21:59,824 - Link Generation Succeeds.
2024-02-03 12:22:45,932 - Victim node is 1138.
2024-02-03 12:22:45,932 - tensor([19730, 19734, 19735], device='mps:0')
2024-02-03 12:22:45,933 - Classification Succeeds.
2024-02-03 12:22:45,934 - Link Generation Succeeds.
2024-02-03 12:23:23,089 - Victim node is 19475.
2024-02-03 12:23:23,089 - tensor([ 1920, 19726, 19736], device='mps:0')
2024-02-03 12:23:23,091 - Classification Fails.
2024-02-03 12:23:23,091 - Link Generation Succeeds.
2024-02-03 12:24:09,386 - Victim node is 2938.
2024-02-03 12:24:09,386 - tensor([ 1920,  7056, 18735], device='mps:0')
2024-02-03 12:24:09,388 - Classification Succeeds.
2024-02-03 12:24:09,389 - Link Generation Fails.
2024-02-03 12:24:56,603 - Victim node is 12614.
2024-02-03 12:24:56,603 - tensor([  903,  1205, 12019], device='mps:0')
2024-02-03 12:24:56,605 - Classification Succeeds.
2024-02-03 12:24:56,605 - Link Generation Fails.
2024-02-03 12:25:32,007 - Victim node is 16901.
2024-02-03 12:25:32,008 - tensor([  903,  1205, 12019], device='mps:0')
2024-02-03 12:25:32,010 - Classification Succeeds.
2024-02-03 12:25:32,010 - Link Generation Fails.
2024-02-03 12:26:16,405 - Victim node is 14293.
2024-02-03 12:26:16,405 - tensor([19727, 19729, 19732], device='mps:0')
2024-02-03 12:26:16,406 - Classification Succeeds.
2024-02-03 12:26:16,407 - Link Generation Succeeds.
2024-02-03 12:26:56,182 - Victim node is 19005.
2024-02-03 12:26:56,183 - tensor([  903,  1683, 12019], device='mps:0')
2024-02-03 12:26:56,184 - Classification Succeeds.
2024-02-03 12:26:56,185 - Link Generation Fails.
2024-02-03 12:27:33,960 - Victim node is 286.
2024-02-03 12:27:33,960 - tensor([19717, 19726, 19734], device='mps:0')
2024-02-03 12:27:33,962 - Classification Succeeds.
2024-02-03 12:27:33,962 - Link Generation Succeeds.
2024-02-03 12:28:12,149 - Victim node is 3236.
2024-02-03 12:28:12,150 - tensor([  903, 12019, 16214], device='mps:0')
2024-02-03 12:28:12,151 - Classification Succeeds.
2024-02-03 12:28:12,152 - Link Generation Fails.
2024-02-03 12:28:49,486 - Victim node is 19713.
2024-02-03 12:28:49,486 - tensor([ 7056, 15841, 19720], device='mps:0')
2024-02-03 12:28:49,487 - Classification Fails.
2024-02-03 12:28:49,488 - Link Generation Succeeds.
2024-02-03 12:29:28,008 - Victim node is 138.
2024-02-03 12:29:28,008 - tensor([15841, 19719, 19721], device='mps:0')
2024-02-03 12:29:28,010 - Classification Fails.
2024-02-03 12:29:28,010 - Link Generation Succeeds.
2024-02-03 12:30:15,973 - Victim node is 12646.
2024-02-03 12:30:15,973 - tensor([ 1920, 11024, 19739], device='mps:0')
2024-02-03 12:30:15,975 - Classification Fails.
2024-02-03 12:30:15,976 - Link Generation Succeeds.
2024-02-03 12:31:03,173 - Victim node is 7160.
2024-02-03 12:31:03,173 - tensor([19722, 19725, 19731], device='mps:0')
2024-02-03 12:31:03,174 - Classification Fails.
2024-02-03 12:31:03,175 - Link Generation Succeeds.
2024-02-03 12:31:43,486 - Victim node is 15455.
2024-02-03 12:31:43,486 - tensor([19758, 19810, 19876], device='mps:0')
2024-02-03 12:31:43,488 - Classification Fails.
2024-02-03 12:31:43,488 - Link Generation Succeeds.
2024-02-03 12:32:31,808 - Victim node is 2664.
2024-02-03 12:32:31,808 - tensor([ 1920, 19733, 19735], device='mps:0')
2024-02-03 12:32:31,809 - Classification Succeeds.
2024-02-03 12:32:31,810 - Link Generation Succeeds.
2024-02-03 12:33:17,905 - Victim node is 12588.
2024-02-03 12:33:17,905 - tensor([ 7056, 14044, 19728], device='mps:0')
2024-02-03 12:33:17,906 - Classification Succeeds.
2024-02-03 12:33:17,907 - Link Generation Succeeds.
2024-02-03 12:34:00,396 - Victim node is 12431.
2024-02-03 12:34:00,397 - tensor([ 2361,  8626, 12019], device='mps:0')
2024-02-03 12:34:00,398 - Classification Succeeds.
2024-02-03 12:34:00,398 - Link Generation Fails.
2024-02-03 12:34:38,242 - Victim node is 17670.
2024-02-03 12:34:38,242 - tensor([ 1920, 19719, 19720], device='mps:0')
2024-02-03 12:34:38,244 - Classification Succeeds.
2024-02-03 12:34:38,244 - Link Generation Succeeds.
2024-02-03 12:35:19,782 - Victim node is 18773.
2024-02-03 12:35:19,783 - tensor([  903,  4058, 12019], device='mps:0')
2024-02-03 12:35:19,784 - Classification Succeeds.
2024-02-03 12:35:19,785 - Link Generation Fails.
2024-02-03 12:35:58,415 - Victim node is 6557.
2024-02-03 12:35:58,416 - tensor([12019, 19732, 19752], device='mps:0')
2024-02-03 12:35:58,418 - Classification Succeeds.
2024-02-03 12:35:58,418 - Link Generation Succeeds.
2024-02-03 12:36:46,877 - Victim node is 5260.
2024-02-03 12:36:46,878 - tensor([19719, 19722, 19727], device='mps:0')
2024-02-03 12:36:46,879 - Classification Fails.
2024-02-03 12:36:46,879 - Link Generation Succeeds.
2024-02-03 12:37:34,069 - Victim node is 17348.
2024-02-03 12:37:34,070 - tensor([ 1205, 19723, 19725], device='mps:0')
2024-02-03 12:37:34,071 - Classification Succeeds.
2024-02-03 12:37:34,072 - Link Generation Succeeds.
2024-02-03 12:38:12,170 - Victim node is 3312.
2024-02-03 12:38:12,170 - tensor([19717, 19720, 19721], device='mps:0')
2024-02-03 12:38:12,171 - Classification Succeeds.
2024-02-03 12:38:12,172 - Link Generation Succeeds.
2024-02-03 12:38:50,718 - Victim node is 13889.
2024-02-03 12:38:50,718 - tensor([ 1920,  5899, 14044], device='mps:0')
2024-02-03 12:38:50,720 - Classification Fails.
2024-02-03 12:38:50,721 - Link Generation Fails.
2024-02-03 12:39:37,914 - Victim node is 7809.
2024-02-03 12:39:37,914 - tensor([ 1920, 19722, 19723], device='mps:0')
2024-02-03 12:39:37,915 - Classification Succeeds.
2024-02-03 12:39:37,916 - Link Generation Succeeds.
2024-02-03 12:40:16,396 - Victim node is 5082.
2024-02-03 12:40:16,396 - tensor([19718, 19720, 19722], device='mps:0')
2024-02-03 12:40:16,398 - Classification Fails.
2024-02-03 12:40:16,398 - Link Generation Succeeds.
2024-02-03 12:41:03,559 - Victim node is 17665.
2024-02-03 12:41:03,559 - tensor([19720, 19762, 19764], device='mps:0')
2024-02-03 12:41:03,561 - Classification Succeeds.
2024-02-03 12:41:03,561 - Link Generation Succeeds.
2024-02-03 12:41:41,769 - Victim node is 9757.
2024-02-03 12:41:41,769 - tensor([ 1205, 13940, 19719], device='mps:0')
2024-02-03 12:41:41,770 - Classification Succeeds.
2024-02-03 12:41:41,771 - Link Generation Succeeds.
2024-02-03 12:42:53,906 - Victim node is 12602.
2024-02-03 12:42:53,906 - tensor([19726, 19730, 19740], device='mps:0')
2024-02-03 12:42:53,908 - Classification Succeeds.
2024-02-03 12:42:53,908 - Link Generation Succeeds.
2024-02-03 12:43:37,565 - Victim node is 7437.
2024-02-03 12:43:37,565 - tensor([ 7056, 19717, 19726], device='mps:0')
2024-02-03 12:43:37,566 - Classification Fails.
2024-02-03 12:43:37,567 - Link Generation Succeeds.
2024-02-03 12:44:27,142 - Victim node is 391.
2024-02-03 12:44:27,142 - tensor([ 1205, 12019, 13940], device='mps:0')
2024-02-03 12:44:27,143 - Classification Fails.
2024-02-03 12:44:27,144 - Link Generation Fails.
2024-02-03 12:45:21,448 - Victim node is 8509.
2024-02-03 12:45:21,448 - tensor([ 1920, 15841, 19925], device='mps:0')
2024-02-03 12:45:21,450 - Classification Succeeds.
2024-02-03 12:45:21,451 - Link Generation Succeeds.
2024-02-03 12:46:04,366 - Victim node is 12586.
2024-02-03 12:46:04,366 - tensor([ 1205, 12019, 19756], device='mps:0')
2024-02-03 12:46:04,367 - Classification Fails.
2024-02-03 12:46:04,368 - Link Generation Succeeds.
2024-02-03 12:46:54,287 - Victim node is 18042.
2024-02-03 12:46:54,287 - tensor([19725, 19730, 19735], device='mps:0')
2024-02-03 12:46:54,289 - Classification Fails.
2024-02-03 12:46:54,289 - Link Generation Succeeds.
2024-02-03 12:47:35,943 - Victim node is 18873.
2024-02-03 12:47:35,943 - tensor([  903,  1205, 12019], device='mps:0')
2024-02-03 12:47:35,945 - Classification Succeeds.
2024-02-03 12:47:35,946 - Link Generation Fails.
2024-02-03 12:48:23,876 - Victim node is 13048.
2024-02-03 12:48:23,877 - tensor([19717, 19719, 19728], device='mps:0')
2024-02-03 12:48:23,878 - Classification Succeeds.
2024-02-03 12:48:23,879 - Link Generation Succeeds.
2024-02-03 12:49:10,875 - Victim node is 6875.
2024-02-03 12:49:10,875 - tensor([ 1920, 19724, 19727], device='mps:0')
2024-02-03 12:49:10,876 - Classification Succeeds.
2024-02-03 12:49:10,877 - Link Generation Succeeds.
2024-02-03 12:49:57,523 - Victim node is 1442.
2024-02-03 12:49:57,523 - tensor([19718, 19723, 19732], device='mps:0')
2024-02-03 12:49:57,525 - Classification Fails.
2024-02-03 12:49:57,525 - Link Generation Succeeds.
2024-02-03 12:50:35,931 - Victim node is 4880.
2024-02-03 12:50:35,931 - tensor([ 1205, 13940, 14742], device='mps:0')
2024-02-03 12:50:35,933 - Classification Succeeds.
2024-02-03 12:50:35,933 - Link Generation Fails.
2024-02-03 12:51:15,262 - Victim node is 19253.
2024-02-03 12:51:15,262 - tensor([19731, 19738, 19742], device='mps:0')
2024-02-03 12:51:15,263 - Classification Succeeds.
2024-02-03 12:51:15,264 - Link Generation Succeeds.
2024-02-03 12:51:54,702 - Victim node is 10705.
2024-02-03 12:51:54,703 - tensor([  903, 11894, 12019], device='mps:0')
2024-02-03 12:51:54,704 - Classification Succeeds.
2024-02-03 12:51:54,705 - Link Generation Fails.
2024-02-03 12:52:35,183 - Victim node is 5618.
2024-02-03 12:52:35,183 - tensor([ 1920,  5375, 11024], device='mps:0')
2024-02-03 12:52:35,185 - Classification Succeeds.
2024-02-03 12:52:35,186 - Link Generation Fails.
2024-02-03 12:53:14,821 - Victim node is 5703.
2024-02-03 12:53:14,821 - tensor([19727, 19748, 19750], device='mps:0')
2024-02-03 12:53:14,823 - Classification Fails.
2024-02-03 12:53:14,823 - Link Generation Succeeds.
2024-02-03 12:54:04,855 - Victim node is 3250.
2024-02-03 12:54:04,855 - tensor([ 5375, 15841, 19738], device='mps:0')
2024-02-03 12:54:04,856 - Classification Succeeds.
2024-02-03 12:54:04,857 - Link Generation Succeeds.
2024-02-03 12:54:54,186 - Victim node is 12554.
2024-02-03 12:54:54,187 - tensor([ 1920, 19727, 19728], device='mps:0')
2024-02-03 12:54:54,189 - Classification Succeeds.
2024-02-03 12:54:54,189 - Link Generation Succeeds.
2024-02-03 12:55:34,566 - Victim node is 9300.
2024-02-03 12:55:34,566 - tensor([ 1205, 12019, 13940], device='mps:0')
2024-02-03 12:55:34,568 - Classification Succeeds.
2024-02-03 12:55:34,569 - Link Generation Fails.
2024-02-03 12:56:14,534 - Victim node is 11798.
2024-02-03 12:56:14,535 - tensor([ 7056, 10857, 14893], device='mps:0')
2024-02-03 12:56:14,536 - Classification Fails.
2024-02-03 12:56:14,537 - Link Generation Fails.
2024-02-03 12:57:03,303 - Victim node is 18409.
2024-02-03 12:57:03,303 - tensor([19717, 19720, 19728], device='mps:0')
2024-02-03 12:57:03,305 - Classification Fails.
2024-02-03 12:57:03,305 - Link Generation Succeeds.
2024-02-03 12:57:41,821 - Victim node is 8021.
2024-02-03 12:57:41,821 - tensor([  903, 12019, 19718], device='mps:0')
2024-02-03 12:57:41,823 - Classification Fails.
2024-02-03 12:57:41,823 - Link Generation Succeeds.
2024-02-03 12:58:28,958 - Victim node is 1415.
2024-02-03 12:58:28,958 - tensor([19772, 19773, 19802], device='mps:0')
2024-02-03 12:58:28,960 - Classification Succeeds.
2024-02-03 12:58:28,960 - Link Generation Succeeds.
2024-02-03 12:59:07,698 - Victim node is 5179.
2024-02-03 12:59:07,698 - tensor([ 7056, 19747, 19750], device='mps:0')
2024-02-03 12:59:07,700 - Classification Succeeds.
2024-02-03 12:59:07,700 - Link Generation Succeeds.
2024-02-03 12:59:53,765 - Victim node is 9043.
2024-02-03 12:59:53,765 - tensor([19718, 19749, 19773], device='mps:0')
2024-02-03 12:59:53,767 - Classification Succeeds.
2024-02-03 12:59:53,767 - Link Generation Succeeds.
2024-02-03 13:00:39,405 - Victim node is 18893.
2024-02-03 13:00:39,405 - tensor([19720, 19764, 19766], device='mps:0')
2024-02-03 13:00:39,407 - Classification Succeeds.
2024-02-03 13:00:39,407 - Link Generation Succeeds.
2024-02-03 13:01:17,903 - Victim node is 5694.
2024-02-03 13:01:17,903 - tensor([  903, 12019, 16214], device='mps:0')
2024-02-03 13:01:17,905 - Classification Fails.
2024-02-03 13:01:17,906 - Link Generation Fails.
2024-02-03 13:02:04,062 - Victim node is 16432.
2024-02-03 13:02:04,062 - tensor([19725, 19728, 19730], device='mps:0')
2024-02-03 13:02:04,064 - Classification Succeeds.
2024-02-03 13:02:04,064 - Link Generation Succeeds.
2024-02-03 13:02:50,039 - Victim node is 12311.
2024-02-03 13:02:50,039 - tensor([ 1205, 11816, 13940], device='mps:0')
2024-02-03 13:02:50,041 - Classification Fails.
2024-02-03 13:02:50,041 - Link Generation Fails.
2024-02-03 13:03:34,955 - Victim node is 2675.
2024-02-03 13:03:34,955 - tensor([ 1205, 13940, 19730], device='mps:0')
2024-02-03 13:03:34,957 - Classification Fails.
2024-02-03 13:03:34,958 - Link Generation Succeeds.
2024-02-03 13:04:21,179 - Victim node is 11910.
2024-02-03 13:04:21,179 - tensor([ 1205, 11816, 13940], device='mps:0')
2024-02-03 13:04:21,181 - Classification Succeeds.
2024-02-03 13:04:21,182 - Link Generation Fails.
2024-02-03 13:05:07,084 - Victim node is 7608.
2024-02-03 13:05:07,084 - tensor([ 1920,  7056, 19734], device='mps:0')
2024-02-03 13:05:07,086 - Classification Fails.
2024-02-03 13:05:07,086 - Link Generation Succeeds.
2024-02-03 13:05:54,675 - Victim node is 10873.
2024-02-03 13:05:54,675 - tensor([ 1205, 19720, 19723], device='mps:0')
2024-02-03 13:05:54,677 - Classification Succeeds.
2024-02-03 13:05:54,677 - Link Generation Succeeds.
2024-02-03 13:06:32,695 - Victim node is 11561.
2024-02-03 13:06:32,696 - tensor([19717, 19718, 19721], device='mps:0')
2024-02-03 13:06:32,697 - Classification Fails.
2024-02-03 13:06:32,697 - Link Generation Succeeds.
2024-02-03 13:07:10,225 - Victim node is 7935.
2024-02-03 13:07:10,225 - tensor([ 1205, 19786, 19819], device='mps:0')
2024-02-03 13:07:10,227 - Classification Succeeds.
2024-02-03 13:07:10,228 - Link Generation Succeeds.
2024-02-03 13:07:59,208 - Victim node is 8835.
2024-02-03 13:07:59,208 - tensor([ 7056, 14044, 19734], device='mps:0')
2024-02-03 13:07:59,210 - Classification Fails.
2024-02-03 13:07:59,210 - Link Generation Succeeds.
2024-02-03 13:08:35,593 - Victim node is 19402.
2024-02-03 13:08:35,593 - tensor([19810, 19850, 19852], device='mps:0')
2024-02-03 13:08:35,595 - Classification Succeeds.
2024-02-03 13:08:35,595 - Link Generation Succeeds.
2024-02-03 13:09:21,557 - Victim node is 17352.
2024-02-03 13:09:21,557 - tensor([19717, 19718, 19725], device='mps:0')
2024-02-03 13:09:21,558 - Classification Fails.
2024-02-03 13:09:21,559 - Link Generation Succeeds.
2024-02-03 13:09:59,960 - Victim node is 1189.
2024-02-03 13:09:59,960 - tensor([ 1920,  2361, 12019], device='mps:0')
2024-02-03 13:09:59,961 - Classification Fails.
2024-02-03 13:09:59,962 - Link Generation Fails.
2024-02-03 13:10:46,374 - Victim node is 14402.
2024-02-03 13:10:46,374 - tensor([15841, 19727, 19728], device='mps:0')
2024-02-03 13:10:46,376 - Classification Succeeds.
2024-02-03 13:10:46,376 - Link Generation Succeeds.
2024-02-03 13:11:34,449 - Victim node is 12955.
2024-02-03 13:11:34,449 - tensor([ 1920, 14893, 17194], device='mps:0')
2024-02-03 13:11:34,451 - Classification Succeeds.
2024-02-03 13:11:34,452 - Link Generation Fails.
2024-02-03 13:12:12,961 - Victim node is 7194.
2024-02-03 13:12:12,962 - tensor([ 1920, 19720, 19773], device='mps:0')
2024-02-03 13:12:12,963 - Classification Succeeds.
2024-02-03 13:12:12,964 - Link Generation Succeeds.
2024-02-03 13:12:58,982 - Victim node is 13527.
2024-02-03 13:12:58,982 - tensor([ 1920,  7056, 17194], device='mps:0')
2024-02-03 13:12:58,984 - Classification Fails.
2024-02-03 13:12:58,984 - Link Generation Fails.
2024-02-03 13:13:37,459 - Victim node is 1078.
2024-02-03 13:13:37,459 - tensor([ 1920,  7056, 15841], device='mps:0')
2024-02-03 13:13:37,461 - Classification Fails.
2024-02-03 13:13:37,461 - Link Generation Fails.
2024-02-03 13:14:16,389 - Victim node is 16458.
2024-02-03 13:14:16,389 - tensor([19740, 19750, 19762], device='mps:0')
2024-02-03 13:14:16,390 - Classification Fails.
2024-02-03 13:14:16,391 - Link Generation Succeeds.
2024-02-03 13:15:02,820 - Victim node is 5625.
2024-02-03 13:15:02,820 - tensor([ 1205,  9471, 19722], device='mps:0')
2024-02-03 13:15:02,822 - Classification Fails.
2024-02-03 13:15:02,823 - Link Generation Succeeds.
2024-02-03 13:15:38,409 - Victim node is 14285.
2024-02-03 13:15:38,409 - tensor([ 1205, 11816, 13940], device='mps:0')
2024-02-03 13:15:38,411 - Classification Succeeds.
2024-02-03 13:15:38,412 - Link Generation Fails.
2024-02-03 13:16:17,435 - Victim node is 15084.
2024-02-03 13:16:17,435 - tensor([ 7056, 19736, 19752], device='mps:0')
2024-02-03 13:16:17,436 - Classification Succeeds.
2024-02-03 13:16:17,437 - Link Generation Succeeds.
2024-02-03 13:17:04,179 - Victim node is 6218.
2024-02-03 13:17:04,179 - tensor([19718, 19724, 19725], device='mps:0')
2024-02-03 13:17:04,181 - Classification Fails.
2024-02-03 13:17:04,181 - Link Generation Succeeds.
2024-02-03 13:17:43,758 - Victim node is 7424.
2024-02-03 13:17:43,758 - tensor([ 1920, 19718, 19721], device='mps:0')
2024-02-03 13:17:43,759 - Classification Succeeds.
2024-02-03 13:17:43,760 - Link Generation Succeeds.
2024-02-03 13:18:22,465 - Victim node is 17190.
2024-02-03 13:18:22,465 - tensor([11024, 11450, 12019], device='mps:0')
2024-02-03 13:18:22,466 - Classification Succeeds.
2024-02-03 13:18:22,467 - Link Generation Fails.
2024-02-03 13:19:01,648 - Victim node is 8117.
2024-02-03 13:19:01,648 - tensor([ 1205, 13940, 19734], device='mps:0')
2024-02-03 13:19:01,649 - Classification Fails.
2024-02-03 13:19:01,650 - Link Generation Succeeds.
2024-02-03 13:19:47,733 - Victim node is 4303.
2024-02-03 13:19:47,733 - tensor([ 1920,  7056, 19717], device='mps:0')
2024-02-03 13:19:47,735 - Classification Succeeds.
2024-02-03 13:19:47,736 - Link Generation Succeeds.
2024-02-03 13:20:27,019 - Victim node is 18964.
2024-02-03 13:20:27,019 - tensor([ 1205, 19730, 19756], device='mps:0')
2024-02-03 13:20:27,020 - Classification Fails.
2024-02-03 13:20:27,021 - Link Generation Succeeds.
2024-02-03 13:21:05,964 - Victim node is 13731.
2024-02-03 13:21:05,964 - tensor([ 1205, 12019, 19765], device='mps:0')
2024-02-03 13:21:05,966 - Classification Fails.
2024-02-03 13:21:05,967 - Link Generation Succeeds.
2024-02-03 13:21:44,492 - Victim node is 16900.
2024-02-03 13:21:44,492 - tensor([ 1205, 19717, 19743], device='mps:0')
2024-02-03 13:21:44,494 - Classification Succeeds.
2024-02-03 13:21:44,494 - Link Generation Succeeds.
2024-02-03 13:22:23,946 - Victim node is 14623.
2024-02-03 13:22:23,946 - tensor([ 1205, 19730, 19731], device='mps:0')
2024-02-03 13:22:23,948 - Classification Fails.
2024-02-03 13:22:23,948 - Link Generation Succeeds.
2024-02-03 13:23:02,700 - Victim node is 3559.
2024-02-03 13:23:02,700 - tensor([ 7056, 15841, 19720], device='mps:0')
2024-02-03 13:23:02,702 - Classification Succeeds.
2024-02-03 13:23:02,702 - Link Generation Succeeds.
2024-02-03 13:23:49,590 - Victim node is 12057.
2024-02-03 13:23:49,590 - tensor([19724, 19725, 19730], device='mps:0')
2024-02-03 13:23:49,592 - Classification Fails.
2024-02-03 13:23:49,592 - Link Generation Succeeds.
2024-02-03 13:24:27,782 - Victim node is 12764.
2024-02-03 13:24:27,782 - tensor([19735, 19739, 19740], device='mps:0')
2024-02-03 13:24:27,784 - Classification Fails.
2024-02-03 13:24:27,784 - Link Generation Succeeds.
2024-02-03 13:25:10,313 - Victim node is 3922.
2024-02-03 13:25:10,313 - tensor([ 1205,  9471, 13940], device='mps:0')
2024-02-03 13:25:10,314 - Classification Fails.
2024-02-03 13:25:10,315 - Link Generation Fails.
2024-02-03 13:25:49,501 - Victim node is 17722.
2024-02-03 13:25:49,501 - tensor([19719, 19736, 19743], device='mps:0')
2024-02-03 13:25:49,503 - Classification Succeeds.
2024-02-03 13:25:49,503 - Link Generation Succeeds.
2024-02-03 13:26:32,905 - Victim node is 5104.
2024-02-03 13:26:32,905 - tensor([ 1205, 12019, 13940], device='mps:0')
2024-02-03 13:26:32,906 - Classification Succeeds.
2024-02-03 13:26:32,907 - Link Generation Fails.
2024-02-03 13:27:10,381 - Victim node is 10108.
2024-02-03 13:27:10,381 - tensor([1205, 5467, 9471], device='mps:0')
2024-02-03 13:27:10,383 - Classification Succeeds.
2024-02-03 13:27:10,383 - Link Generation Fails.
2024-02-03 13:27:47,922 - Victim node is 7324.
2024-02-03 13:27:47,922 - tensor([ 1205, 13940, 19759], device='mps:0')
2024-02-03 13:27:47,924 - Classification Succeeds.
2024-02-03 13:27:47,924 - Link Generation Succeeds.
2024-02-03 13:28:32,933 - Victim node is 1566.
2024-02-03 13:28:32,933 - tensor([19721, 19728, 19739], device='mps:0')
2024-02-03 13:28:32,934 - Classification Succeeds.
2024-02-03 13:28:32,935 - Link Generation Succeeds.
2024-02-03 13:29:09,957 - Victim node is 7224.
2024-02-03 13:29:09,957 - tensor([19717, 19718, 19719], device='mps:0')
2024-02-03 13:29:09,958 - Classification Succeeds.
2024-02-03 13:29:09,959 - Link Generation Succeeds.
2024-02-03 13:29:55,251 - Victim node is 5945.
2024-02-03 13:29:55,251 - tensor([ 1920,  7056, 19720], device='mps:0')
2024-02-03 13:29:55,253 - Classification Succeeds.
2024-02-03 13:29:55,254 - Link Generation Succeeds.
2024-02-03 13:30:40,174 - Victim node is 7049.
2024-02-03 13:30:40,174 - tensor([ 1205, 13940, 19730], device='mps:0')
2024-02-03 13:30:40,176 - Classification Fails.
2024-02-03 13:30:40,177 - Link Generation Succeeds.
2024-02-03 13:31:26,750 - Victim node is 2525.
2024-02-03 13:31:26,750 - tensor([  357,  1205, 12019], device='mps:0')
2024-02-03 13:31:26,752 - Classification Succeeds.
2024-02-03 13:31:26,752 - Link Generation Fails.
2024-02-03 13:32:04,962 - Victim node is 19125.
2024-02-03 13:32:04,962 - tensor([  903,  1205, 12019], device='mps:0')
2024-02-03 13:32:04,964 - Classification Succeeds.
2024-02-03 13:32:04,964 - Link Generation Fails.
2024-02-03 13:32:52,083 - Victim node is 6374.
2024-02-03 13:32:52,083 - tensor([  903,  4058, 12019], device='mps:0')
2024-02-03 13:32:52,085 - Classification Succeeds.
2024-02-03 13:32:52,085 - Link Generation Fails.
2024-02-03 13:33:39,295 - Victim node is 14344.
2024-02-03 13:33:39,295 - tensor([19771, 19773, 19774], device='mps:0')
2024-02-03 13:33:39,296 - Classification Fails.
2024-02-03 13:33:39,296 - Link Generation Succeeds.
2024-02-03 13:34:17,974 - Victim node is 13670.
2024-02-03 13:34:17,974 - tensor([ 1205, 12019, 13940], device='mps:0')
2024-02-03 13:34:17,976 - Classification Fails.
2024-02-03 13:34:17,976 - Link Generation Fails.
2024-02-03 13:35:07,445 - Victim node is 6899.
2024-02-03 13:35:07,445 - tensor([ 1205, 13940, 19967], device='mps:0')
2024-02-03 13:35:07,447 - Classification Succeeds.
2024-02-03 13:35:07,447 - Link Generation Succeeds.
2024-02-03 13:35:53,363 - Victim node is 5186.
2024-02-03 13:35:53,364 - tensor([ 7056, 19723, 19734], device='mps:0')
2024-02-03 13:35:53,365 - Classification Fails.
2024-02-03 13:35:53,366 - Link Generation Succeeds.
2024-02-03 13:36:31,722 - Victim node is 4245.
2024-02-03 13:36:31,722 - tensor([  903,  1205, 12019], device='mps:0')
2024-02-03 13:36:31,724 - Classification Fails.
2024-02-03 13:36:31,724 - Link Generation Fails.
2024-02-03 13:37:17,502 - Victim node is 17679.
2024-02-03 13:37:17,502 - tensor([ 1205, 11816, 19721], device='mps:0')
2024-02-03 13:37:17,504 - Classification Fails.
2024-02-03 13:37:17,505 - Link Generation Succeeds.
2024-02-03 13:38:03,347 - Victim node is 13686.
2024-02-03 13:38:03,347 - tensor([19721, 19731, 19735], device='mps:0')
2024-02-03 13:38:03,349 - Classification Fails.
2024-02-03 13:38:03,349 - Link Generation Succeeds.
2024-02-03 13:38:50,651 - Victim node is 11256.
2024-02-03 13:38:50,651 - tensor([19736, 19749, 19755], device='mps:0')
2024-02-03 13:38:50,653 - Classification Fails.
2024-02-03 13:38:50,653 - Link Generation Succeeds.
2024-02-03 13:39:37,176 - Victim node is 16369.
2024-02-03 13:39:37,176 - tensor([ 1205, 19725, 19726], device='mps:0')
2024-02-03 13:39:37,178 - Classification Succeeds.
2024-02-03 13:39:37,178 - Link Generation Succeeds.
2024-02-03 13:40:25,765 - Victim node is 3801.
2024-02-03 13:40:25,765 - tensor([  903, 11894, 12019], device='mps:0')
2024-02-03 13:40:25,766 - Classification Succeeds.
2024-02-03 13:40:25,767 - Link Generation Fails.
2024-02-03 13:41:05,059 - Victim node is 16444.
2024-02-03 13:41:05,059 - tensor([19726, 19740, 19754], device='mps:0')
2024-02-03 13:41:05,060 - Classification Fails.
2024-02-03 13:41:05,061 - Link Generation Succeeds.
2024-02-03 13:41:44,667 - Victim node is 14971.
2024-02-03 13:41:44,668 - tensor([19718, 19720, 19746], device='mps:0')
2024-02-03 13:41:44,669 - Classification Fails.
2024-02-03 13:41:44,669 - Link Generation Succeeds.
2024-02-03 13:42:33,394 - Victim node is 928.
2024-02-03 13:42:33,394 - tensor([  903, 11894, 12019], device='mps:0')
2024-02-03 13:42:33,395 - Classification Succeeds.
2024-02-03 13:42:33,396 - Link Generation Fails.
2024-02-03 13:43:14,045 - Victim node is 11135.
2024-02-03 13:43:14,045 - tensor([19722, 19745, 19752], device='mps:0')
2024-02-03 13:43:14,047 - Classification Fails.
2024-02-03 13:43:14,047 - Link Generation Succeeds.
2024-02-03 13:44:02,764 - Victim node is 3039.
2024-02-03 13:44:02,764 - tensor([19718, 19725, 19727], device='mps:0')
2024-02-03 13:44:02,766 - Classification Succeeds.
2024-02-03 13:44:02,766 - Link Generation Succeeds.
2024-02-03 13:44:49,205 - Victim node is 6580.
2024-02-03 13:44:49,205 - tensor([  903,  2361, 12019], device='mps:0')
2024-02-03 13:44:49,206 - Classification Succeeds.
2024-02-03 13:44:49,207 - Link Generation Fails.
2024-02-03 13:45:36,631 - Victim node is 15255.
2024-02-03 13:45:36,631 - tensor([19719, 19722, 19730], device='mps:0')
2024-02-03 13:45:36,632 - Classification Succeeds.
2024-02-03 13:45:36,633 - Link Generation Succeeds.
2024-02-03 13:46:16,190 - Victim node is 11811.
2024-02-03 13:46:16,191 - tensor([ 1205,  9471, 13940], device='mps:0')
2024-02-03 13:46:16,192 - Classification Succeeds.
2024-02-03 13:46:16,193 - Link Generation Fails.
2024-02-03 13:47:04,942 - Victim node is 786.
2024-02-03 13:47:04,942 - tensor([13940, 19778, 19784], device='mps:0')
2024-02-03 13:47:04,944 - Classification Succeeds.
2024-02-03 13:47:04,944 - Link Generation Succeeds.
2024-02-03 13:47:43,417 - Victim node is 10474.
2024-02-03 13:47:43,417 - tensor([  903, 12019, 16214], device='mps:0')
2024-02-03 13:47:43,419 - Classification Succeeds.
2024-02-03 13:47:43,419 - Link Generation Fails.
2024-02-03 13:48:30,218 - Victim node is 11003.
2024-02-03 13:48:30,218 - tensor([19718, 19731, 19796], device='mps:0')
2024-02-03 13:48:30,220 - Classification Fails.
2024-02-03 13:48:30,220 - Link Generation Succeeds.
2024-02-03 13:49:19,340 - Victim node is 9989.
2024-02-03 13:49:19,340 - tensor([ 1205, 11816, 13940], device='mps:0')
2024-02-03 13:49:19,342 - Classification Succeeds.
2024-02-03 13:49:19,343 - Link Generation Fails.
2024-02-03 13:50:04,663 - Victim node is 3838.
2024-02-03 13:50:04,663 - tensor([19717, 19734, 19742], device='mps:0')
2024-02-03 13:50:04,665 - Classification Fails.
2024-02-03 13:50:04,665 - Link Generation Succeeds.
2024-02-03 13:50:42,427 - Victim node is 14492.
2024-02-03 13:50:42,427 - tensor([19718, 19743, 19749], device='mps:0')
2024-02-03 13:50:42,428 - Classification Fails.
2024-02-03 13:50:42,429 - Link Generation Succeeds.
2024-02-03 13:51:19,944 - Victim node is 12927.
2024-02-03 13:51:19,944 - tensor([19732, 19740, 19741], device='mps:0')
2024-02-03 13:51:19,946 - Classification Succeeds.
2024-02-03 13:51:19,946 - Link Generation Succeeds.
2024-02-03 13:51:56,792 - Victim node is 19294.
2024-02-03 13:51:56,792 - tensor([ 1205, 11816, 19720], device='mps:0')
2024-02-03 13:51:56,794 - Classification Fails.
2024-02-03 13:51:56,795 - Link Generation Succeeds.
2024-02-03 13:52:32,748 - Victim node is 18323.
2024-02-03 13:52:32,748 - tensor([19756, 19758, 19773], device='mps:0')
2024-02-03 13:52:32,749 - Classification Succeeds.
2024-02-03 13:52:32,750 - Link Generation Succeeds.
2024-02-03 13:53:19,905 - Victim node is 589.
2024-02-03 13:53:19,905 - tensor([ 1920,  5375, 15841], device='mps:0')
2024-02-03 13:53:19,906 - Classification Fails.
2024-02-03 13:53:19,907 - Link Generation Fails.
2024-02-03 13:54:05,264 - Victim node is 10514.
2024-02-03 13:54:05,264 - tensor([ 1205, 12019, 13940], device='mps:0')
2024-02-03 13:54:05,266 - Classification Fails.
2024-02-03 13:54:05,267 - Link Generation Fails.
2024-02-03 13:54:51,207 - Victim node is 17051.
2024-02-03 13:54:51,207 - tensor([13170, 15841, 19728], device='mps:0')
2024-02-03 13:54:51,208 - Classification Succeeds.
2024-02-03 13:54:51,209 - Link Generation Succeeds.
2024-02-03 13:55:39,491 - Victim node is 3647.
2024-02-03 13:55:39,491 - tensor([19730, 19740, 19764], device='mps:0')
2024-02-03 13:55:39,493 - Classification Succeeds.
2024-02-03 13:55:39,493 - Link Generation Succeeds.
2024-02-03 13:56:25,201 - Victim node is 6759.
2024-02-03 13:56:25,201 - tensor([19720, 19721, 19727], device='mps:0')
2024-02-03 13:56:25,202 - Classification Fails.
2024-02-03 13:56:25,203 - Link Generation Succeeds.
2024-02-03 13:57:05,441 - Victim node is 15239.
2024-02-03 13:57:05,441 - tensor([  903,  4058, 12019], device='mps:0')
2024-02-03 13:57:05,442 - Classification Succeeds.
2024-02-03 13:57:05,443 - Link Generation Fails.
2024-02-03 13:57:43,257 - Victim node is 3599.
2024-02-03 13:57:43,257 - tensor([ 1205, 19721, 19744], device='mps:0')
2024-02-03 13:57:43,259 - Classification Fails.
2024-02-03 13:57:43,259 - Link Generation Succeeds.
2024-02-03 13:58:29,392 - Victim node is 19126.
2024-02-03 13:58:29,392 - tensor([ 1205, 19739, 19740], device='mps:0')
2024-02-03 13:58:29,393 - Classification Fails.
2024-02-03 13:58:29,394 - Link Generation Succeeds.
2024-02-03 13:59:17,435 - Victim node is 572.
2024-02-03 13:59:17,435 - tensor([  903,  1920, 19766], device='mps:0')
2024-02-03 13:59:17,437 - Classification Succeeds.
2024-02-03 13:59:17,437 - Link Generation Succeeds.
2024-02-03 14:00:04,073 - Victim node is 4884.
2024-02-03 14:00:04,073 - tensor([ 1205, 11816, 13940], device='mps:0')
2024-02-03 14:00:04,075 - Classification Succeeds.
2024-02-03 14:00:04,076 - Link Generation Fails.
2024-02-03 14:00:45,039 - Victim node is 8893.
2024-02-03 14:00:45,039 - tensor([ 7056, 10857, 19722], device='mps:0')
2024-02-03 14:00:45,041 - Classification Succeeds.
2024-02-03 14:00:45,042 - Link Generation Succeeds.
2024-02-03 14:01:32,242 - Victim node is 3322.
2024-02-03 14:01:32,242 - tensor([19720, 19723, 19733], device='mps:0')
2024-02-03 14:01:32,243 - Classification Fails.
2024-02-03 14:01:32,244 - Link Generation Succeeds.
2024-02-03 14:02:11,197 - Victim node is 7169.
2024-02-03 14:02:11,197 - tensor([ 1205, 13940, 19744], device='mps:0')
2024-02-03 14:02:11,198 - Classification Fails.
2024-02-03 14:02:11,199 - Link Generation Succeeds.
2024-02-03 14:02:58,795 - Victim node is 2955.
2024-02-03 14:02:58,795 - tensor([ 1920,  5375, 11024], device='mps:0')
2024-02-03 14:02:58,797 - Classification Succeeds.
2024-02-03 14:02:58,798 - Link Generation Fails.
2024-02-03 14:03:47,404 - Victim node is 4488.
2024-02-03 14:03:47,404 - tensor([19724, 19738, 19740], device='mps:0')
2024-02-03 14:03:47,407 - Classification Fails.
2024-02-03 14:03:47,409 - Link Generation Succeeds.
2024-02-03 14:04:38,253 - Victim node is 3837.
2024-02-03 14:04:38,254 - tensor([19718, 19721, 19722], device='mps:0')
2024-02-03 14:04:38,255 - Classification Succeeds.
2024-02-03 14:04:38,256 - Link Generation Succeeds.
2024-02-03 14:05:19,269 - Victim node is 13688.
2024-02-03 14:05:19,269 - tensor([  357,  1205, 13940], device='mps:0')
2024-02-03 14:05:19,271 - Classification Succeeds.
2024-02-03 14:05:19,272 - Link Generation Fails.
2024-02-03 14:06:00,193 - Victim node is 14151.
2024-02-03 14:06:00,193 - tensor([ 1205, 12019, 13940], device='mps:0')
2024-02-03 14:06:00,194 - Classification Succeeds.
2024-02-03 14:06:00,195 - Link Generation Fails.
2024-02-03 14:06:55,170 - Victim node is 3729.
2024-02-03 14:06:55,170 - tensor([14044, 19719, 19726], device='mps:0')
2024-02-03 14:06:55,172 - Classification Succeeds.
2024-02-03 14:06:55,172 - Link Generation Succeeds.
2024-02-03 14:07:40,623 - Victim node is 5353.
2024-02-03 14:07:40,623 - tensor([19736, 19739, 19744], device='mps:0')
2024-02-03 14:07:40,625 - Classification Fails.
2024-02-03 14:07:40,625 - Link Generation Succeeds.
2024-02-03 14:08:22,990 - Victim node is 1336.
2024-02-03 14:08:22,990 - tensor([12019, 19743, 19752], device='mps:0')
2024-02-03 14:08:22,992 - Classification Fails.
2024-02-03 14:08:22,992 - Link Generation Succeeds.
2024-02-03 14:09:07,176 - Victim node is 6760.
2024-02-03 14:09:07,176 - tensor([ 1205, 11816, 13940], device='mps:0')
2024-02-03 14:09:07,178 - Classification Succeeds.
2024-02-03 14:09:07,179 - Link Generation Fails.
2024-02-03 14:09:57,050 - Victim node is 4046.
2024-02-03 14:09:57,051 - tensor([ 1205,  5440, 13940], device='mps:0')
2024-02-03 14:09:57,052 - Classification Succeeds.
2024-02-03 14:09:57,053 - Link Generation Fails.
2024-02-03 14:10:36,943 - Victim node is 9670.
2024-02-03 14:10:36,943 - tensor([  357,  1205, 13940], device='mps:0')
2024-02-03 14:10:36,944 - Classification Fails.
2024-02-03 14:10:36,945 - Link Generation Fails.
2024-02-03 14:11:16,796 - Victim node is 18776.
2024-02-03 14:11:16,796 - tensor([ 8626, 11450, 12019], device='mps:0')
2024-02-03 14:11:16,798 - Classification Succeeds.
2024-02-03 14:11:16,798 - Link Generation Fails.
2024-02-03 14:11:56,495 - Victim node is 12127.
2024-02-03 14:11:56,495 - tensor([19723, 19726, 19727], device='mps:0')
2024-02-03 14:11:56,497 - Classification Succeeds.
2024-02-03 14:11:56,497 - Link Generation Succeeds.
2024-02-03 14:12:44,475 - Victim node is 5771.
2024-02-03 14:12:44,475 - tensor([ 1205, 12019, 19724], device='mps:0')
2024-02-03 14:12:44,477 - Classification Fails.
2024-02-03 14:12:44,477 - Link Generation Succeeds.
2024-02-03 14:13:31,503 - Victim node is 15394.
2024-02-03 14:13:31,503 - tensor([19727, 19728, 19737], device='mps:0')
2024-02-03 14:13:31,505 - Classification Succeeds.
2024-02-03 14:13:31,505 - Link Generation Succeeds.
2024-02-03 14:14:11,131 - Victim node is 2953.
2024-02-03 14:14:11,132 - tensor([ 1205, 19722, 19725], device='mps:0')
2024-02-03 14:14:11,133 - Classification Succeeds.
2024-02-03 14:14:11,134 - Link Generation Succeeds.
2024-02-03 14:14:59,412 - Victim node is 13504.
2024-02-03 14:14:59,412 - tensor([ 1205, 12019, 19737], device='mps:0')
2024-02-03 14:14:59,413 - Classification Fails.
2024-02-03 14:14:59,414 - Link Generation Succeeds.
2024-02-03 14:15:38,336 - Victim node is 1652.
2024-02-03 14:15:38,336 - tensor([19731, 19742, 19748], device='mps:0')
2024-02-03 14:15:38,338 - Classification Succeeds.
2024-02-03 14:15:38,338 - Link Generation Succeeds.
2024-02-03 14:16:16,898 - Victim node is 2016.
2024-02-03 14:16:16,898 - tensor([19725, 19727, 19736], device='mps:0')
2024-02-03 14:16:16,900 - Classification Succeeds.
2024-02-03 14:16:16,900 - Link Generation Succeeds.
2024-02-03 14:16:56,363 - Victim node is 16800.
2024-02-03 14:16:56,363 - tensor([ 1920,  5375, 19725], device='mps:0')
2024-02-03 14:16:56,365 - Classification Fails.
2024-02-03 14:16:56,365 - Link Generation Succeeds.
2024-02-03 14:17:37,376 - Victim node is 7219.
2024-02-03 14:17:37,376 - tensor([  357, 17019, 19786], device='mps:0')
2024-02-03 14:17:37,377 - Classification Fails.
2024-02-03 14:17:37,378 - Link Generation Succeeds.
2024-02-03 14:18:26,147 - Victim node is 7166.
2024-02-03 14:18:26,147 - tensor([19718, 19720, 19732], device='mps:0')
2024-02-03 14:18:26,148 - Classification Succeeds.
2024-02-03 14:18:26,149 - Link Generation Succeeds.
2024-02-03 14:19:07,108 - Victim node is 5899.
2024-02-03 14:19:07,108 - tensor([ 1920,  7056, 19749], device='mps:0')
2024-02-03 14:19:07,109 - Classification Succeeds.
2024-02-03 14:19:07,110 - Link Generation Succeeds.
2024-02-03 14:19:55,957 - Victim node is 7415.
2024-02-03 14:19:55,957 - tensor([19720, 19728, 19752], device='mps:0')
2024-02-03 14:19:55,959 - Classification Succeeds.
2024-02-03 14:19:55,959 - Link Generation Succeeds.
2024-02-03 14:20:35,067 - Victim node is 8445.
2024-02-03 14:20:35,068 - tensor([  903, 11450, 12019], device='mps:0')
2024-02-03 14:20:35,069 - Classification Succeeds.
2024-02-03 14:20:35,070 - Link Generation Fails.
2024-02-03 14:21:16,833 - Victim node is 17771.
2024-02-03 14:21:16,833 - tensor([  903,  1205, 12019], device='mps:0')
2024-02-03 14:21:16,835 - Classification Succeeds.
2024-02-03 14:21:16,836 - Link Generation Fails.
2024-02-03 14:21:57,929 - Victim node is 13362.
2024-02-03 14:21:57,929 - tensor([ 1205, 12019, 13940], device='mps:0')
2024-02-03 14:21:57,931 - Classification Succeeds.
2024-02-03 14:21:57,932 - Link Generation Fails.
2024-02-03 14:22:37,183 - Victim node is 11279.
2024-02-03 14:22:37,183 - tensor([ 1205, 11816, 13940], device='mps:0')
2024-02-03 14:22:37,184 - Classification Succeeds.
2024-02-03 14:22:37,185 - Link Generation Fails.
2024-02-03 14:23:16,405 - Victim node is 15560.
2024-02-03 14:23:16,406 - tensor([19730, 19734, 19739], device='mps:0')
2024-02-03 14:23:16,407 - Classification Succeeds.
2024-02-03 14:23:16,408 - Link Generation Succeeds.
2024-02-03 14:23:55,883 - Victim node is 855.
2024-02-03 14:23:55,883 - tensor([19717, 19720, 19725], device='mps:0')
2024-02-03 14:23:55,884 - Classification Fails.
2024-02-03 14:23:55,884 - Link Generation Succeeds.
2024-02-03 14:24:35,508 - Victim node is 6265.
2024-02-03 14:24:35,508 - tensor([ 1205, 19735, 19744], device='mps:0')
2024-02-03 14:24:35,510 - Classification Fails.
2024-02-03 14:24:35,511 - Link Generation Succeeds.
2024-02-03 14:25:26,487 - Victim node is 14259.
2024-02-03 14:25:26,487 - tensor([ 1205, 13940, 19717], device='mps:0')
2024-02-03 14:25:26,488 - Classification Fails.
2024-02-03 14:25:26,489 - Link Generation Succeeds.
2024-02-03 14:26:08,701 - Victim node is 2353.
2024-02-03 14:26:08,701 - tensor([ 1205, 13940, 19747], device='mps:0')
2024-02-03 14:26:08,703 - Classification Fails.
2024-02-03 14:26:08,703 - Link Generation Succeeds.
2024-02-03 14:26:56,732 - Victim node is 4009.
2024-02-03 14:26:56,732 - tensor([  903,  1205, 12019], device='mps:0')
2024-02-03 14:26:56,734 - Classification Fails.
2024-02-03 14:26:56,735 - Link Generation Fails.
2024-02-03 14:27:45,868 - Victim node is 16893.
2024-02-03 14:27:45,868 - tensor([ 1205, 13940, 19722], device='mps:0')
2024-02-03 14:27:45,870 - Classification Fails.
2024-02-03 14:27:45,871 - Link Generation Succeeds.
2024-02-03 14:28:25,350 - Victim node is 11182.
2024-02-03 14:28:25,350 - tensor([ 7056, 14893, 18735], device='mps:0')
2024-02-03 14:28:25,351 - Classification Fails.
2024-02-03 14:28:25,352 - Link Generation Fails.
2024-02-03 14:29:04,140 - Victim node is 19610.
2024-02-03 14:29:04,140 - tensor([ 1205, 11816, 13940], device='mps:0')
2024-02-03 14:29:04,142 - Classification Fails.
2024-02-03 14:29:04,142 - Link Generation Fails.
2024-02-03 14:29:52,457 - Victim node is 12061.
2024-02-03 14:29:52,457 - tensor([ 1205, 13940, 19735], device='mps:0')
2024-02-03 14:29:52,459 - Classification Succeeds.
2024-02-03 14:29:52,460 - Link Generation Succeeds.
2024-02-03 14:30:34,130 - Victim node is 14183.
2024-02-03 14:30:34,130 - tensor([ 1205,  9471, 13940], device='mps:0')
2024-02-03 14:30:34,131 - Classification Succeeds.
2024-02-03 14:30:34,132 - Link Generation Fails.
2024-02-03 14:31:22,250 - Victim node is 16680.
2024-02-03 14:31:22,250 - tensor([19734, 19736, 19738], device='mps:0')
2024-02-03 14:31:22,252 - Classification Fails.
2024-02-03 14:31:22,252 - Link Generation Succeeds.
2024-02-03 14:32:11,773 - Victim node is 10056.
2024-02-03 14:32:11,773 - tensor([ 1205, 19720, 19722], device='mps:0')
2024-02-03 14:32:11,775 - Classification Fails.
2024-02-03 14:32:11,776 - Link Generation Succeeds.
2024-02-03 14:32:50,384 - Victim node is 2408.
2024-02-03 14:32:50,384 - tensor([ 1205, 11816, 13940], device='mps:0')
2024-02-03 14:32:50,386 - Classification Succeeds.
2024-02-03 14:32:50,387 - Link Generation Fails.
2024-02-03 14:33:33,691 - Victim node is 18743.
2024-02-03 14:33:33,691 - tensor([ 1920, 11450, 12019], device='mps:0')
2024-02-03 14:33:33,693 - Classification Succeeds.
2024-02-03 14:33:33,694 - Link Generation Fails.
2024-02-03 14:34:14,599 - Victim node is 2401.
2024-02-03 14:34:14,599 - tensor([ 1205, 19782, 19788], device='mps:0')
2024-02-03 14:34:14,601 - Classification Fails.
2024-02-03 14:34:14,601 - Link Generation Succeeds.
2024-02-03 14:34:54,710 - Victim node is 17531.
2024-02-03 14:34:54,710 - tensor([19742, 19750, 19751], device='mps:0')
2024-02-03 14:34:54,711 - Classification Succeeds.
2024-02-03 14:34:54,712 - Link Generation Succeeds.
2024-02-03 14:35:42,959 - Victim node is 16763.
2024-02-03 14:35:42,960 - tensor([ 1205, 13940, 16214], device='mps:0')
2024-02-03 14:35:42,961 - Classification Fails.
2024-02-03 14:35:42,962 - Link Generation Fails.
2024-02-03 14:36:32,554 - Victim node is 11757.
2024-02-03 14:36:32,554 - tensor([ 1205, 19719, 19773], device='mps:0')
2024-02-03 14:36:32,556 - Classification Succeeds.
2024-02-03 14:36:32,556 - Link Generation Succeeds.
2024-02-03 14:37:11,370 - Victim node is 4246.
2024-02-03 14:37:11,370 - tensor([  357,  6794, 16214], device='mps:0')
2024-02-03 14:37:11,372 - Classification Succeeds.
2024-02-03 14:37:11,372 - Link Generation Fails.
2024-02-03 14:37:51,826 - Victim node is 12316.
2024-02-03 14:37:51,826 - tensor([ 8626, 11450, 12019], device='mps:0')
2024-02-03 14:37:51,827 - Classification Fails.
2024-02-03 14:37:51,828 - Link Generation Fails.
2024-02-03 14:38:42,240 - Victim node is 10122.
2024-02-03 14:38:42,240 - tensor([ 1920, 19722, 19723], device='mps:0')
2024-02-03 14:38:42,242 - Classification Fails.
2024-02-03 14:38:42,242 - Link Generation Succeeds.
2024-02-03 14:39:22,673 - Victim node is 7882.
2024-02-03 14:39:22,673 - tensor([  903, 12019, 19740], device='mps:0')
2024-02-03 14:39:22,675 - Classification Succeeds.
2024-02-03 14:39:22,676 - Link Generation Succeeds.
2024-02-03 14:40:01,972 - Victim node is 10395.
2024-02-03 14:40:01,972 - tensor([ 1205, 11816, 13940], device='mps:0')
2024-02-03 14:40:01,974 - Classification Fails.
2024-02-03 14:40:01,974 - Link Generation Fails.
2024-02-03 14:40:42,860 - Victim node is 19193.
2024-02-03 14:40:42,860 - tensor([ 1920,  7056, 14893], device='mps:0')
2024-02-03 14:40:42,862 - Classification Fails.
2024-02-03 14:40:42,863 - Link Generation Fails.
2024-02-03 14:41:32,228 - Victim node is 12849.
2024-02-03 14:41:32,229 - tensor([ 1205, 19718, 19739], device='mps:0')
2024-02-03 14:41:32,230 - Classification Succeeds.
2024-02-03 14:41:32,231 - Link Generation Succeeds.
2024-02-03 14:42:20,533 - Victim node is 11919.
2024-02-03 14:42:20,533 - tensor([ 1920,  5375, 12019], device='mps:0')
2024-02-03 14:42:20,535 - Classification Succeeds.
2024-02-03 14:42:20,535 - Link Generation Fails.
2024-02-03 14:43:08,020 - Victim node is 6306.
2024-02-03 14:43:08,020 - tensor([ 7056, 19718, 19728], device='mps:0')
2024-02-03 14:43:08,021 - Classification Succeeds.
2024-02-03 14:43:08,022 - Link Generation Succeeds.
2024-02-03 14:43:46,460 - Victim node is 3366.
2024-02-03 14:43:46,461 - tensor([ 1920, 14044, 19750], device='mps:0')
2024-02-03 14:43:46,463 - Classification Fails.
2024-02-03 14:43:46,464 - Link Generation Succeeds.
2024-02-03 14:44:25,012 - Victim node is 8943.
2024-02-03 14:44:25,012 - tensor([ 1920,  7056, 15841], device='mps:0')
2024-02-03 14:44:25,014 - Classification Fails.
2024-02-03 14:44:25,014 - Link Generation Fails.
2024-02-03 14:45:13,371 - Victim node is 564.
2024-02-03 14:45:13,371 - tensor([ 1205, 11816, 13940], device='mps:0')
2024-02-03 14:45:13,373 - Classification Fails.
2024-02-03 14:45:13,374 - Link Generation Fails.
2024-02-03 14:45:52,867 - Victim node is 649.
2024-02-03 14:45:52,868 - tensor([ 1920,  5375, 17194], device='mps:0')
2024-02-03 14:45:52,869 - Classification Fails.
2024-02-03 14:45:52,870 - Link Generation Fails.
2024-02-03 14:46:41,150 - Victim node is 13119.
2024-02-03 14:46:41,151 - tensor([ 1920, 19717, 19728], device='mps:0')
2024-02-03 14:46:41,152 - Classification Succeeds.
2024-02-03 14:46:41,153 - Link Generation Succeeds.
2024-02-03 14:47:30,834 - Victim node is 15724.
2024-02-03 14:47:30,834 - tensor([ 1205, 12019, 13940], device='mps:0')
2024-02-03 14:47:30,836 - Classification Succeeds.
2024-02-03 14:47:30,836 - Link Generation Fails.
2024-02-03 14:48:11,108 - Victim node is 11701.
2024-02-03 14:48:11,108 - tensor([ 1920, 11024, 19734], device='mps:0')
2024-02-03 14:48:11,110 - Classification Fails.
2024-02-03 14:48:11,111 - Link Generation Succeeds.
2024-02-03 14:48:51,343 - Victim node is 8929.
2024-02-03 14:48:51,343 - tensor([ 1050,  7056, 14044], device='mps:0')
2024-02-03 14:48:51,344 - Classification Fails.
2024-02-03 14:48:51,345 - Link Generation Fails.
2024-02-03 14:49:31,123 - Victim node is 6229.
2024-02-03 14:49:31,123 - tensor([ 1920,  8626, 12019], device='mps:0')
2024-02-03 14:49:31,125 - Classification Succeeds.
2024-02-03 14:49:31,126 - Link Generation Fails.
2024-02-03 14:50:21,233 - Victim node is 8102.
2024-02-03 14:50:21,233 - tensor([ 1205, 19752, 19779], device='mps:0')
2024-02-03 14:50:21,235 - Classification Fails.
2024-02-03 14:50:21,235 - Link Generation Succeeds.
2024-02-03 14:51:09,986 - Victim node is 12743.
2024-02-03 14:51:09,986 - tensor([19732, 19737, 19740], device='mps:0')
2024-02-03 14:51:09,987 - Classification Fails.
2024-02-03 14:51:09,988 - Link Generation Succeeds.
2024-02-03 14:51:50,737 - Victim node is 7686.
2024-02-03 14:51:50,737 - tensor([ 7056, 15841, 19718], device='mps:0')
2024-02-03 14:51:50,739 - Classification Fails.
2024-02-03 14:51:50,740 - Link Generation Succeeds.
2024-02-03 14:52:30,414 - Victim node is 2554.
2024-02-03 14:52:30,414 - tensor([ 1205,  2361, 13940], device='mps:0')
2024-02-03 14:52:30,416 - Classification Succeeds.
2024-02-03 14:52:30,417 - Link Generation Fails.
2024-02-03 14:53:10,811 - Victim node is 9932.
2024-02-03 14:53:10,811 - tensor([ 1920,  5375, 12019], device='mps:0')
2024-02-03 14:53:10,813 - Classification Fails.
2024-02-03 14:53:10,814 - Link Generation Fails.
2024-02-03 14:54:00,526 - Victim node is 14413.
2024-02-03 14:54:00,526 - tensor([19724, 19725, 19728], device='mps:0')
2024-02-03 14:54:00,527 - Classification Fails.
2024-02-03 14:54:00,528 - Link Generation Succeeds.
2024-02-03 14:54:40,578 - Victim node is 16450.
2024-02-03 14:54:40,578 - tensor([ 1920, 19719, 19723], device='mps:0')
2024-02-03 14:54:40,580 - Classification Succeeds.
2024-02-03 14:54:40,580 - Link Generation Succeeds.
2024-02-03 14:55:20,185 - Victim node is 10598.
2024-02-03 14:55:20,185 - tensor([ 1920, 19719, 19720], device='mps:0')
2024-02-03 14:55:20,187 - Classification Succeeds.
2024-02-03 14:55:20,187 - Link Generation Succeeds.
2024-02-03 14:56:10,416 - Victim node is 3179.
2024-02-03 14:56:10,416 - tensor([ 1205, 12019, 13940], device='mps:0')
2024-02-03 14:56:10,419 - Classification Succeeds.
2024-02-03 14:56:10,419 - Link Generation Fails.
2024-02-03 14:56:50,801 - Victim node is 2637.
2024-02-03 14:56:50,801 - tensor([ 1920, 19722, 19743], device='mps:0')
2024-02-03 14:56:50,802 - Classification Succeeds.
2024-02-03 14:56:50,803 - Link Generation Succeeds.
2024-02-03 14:57:41,094 - Victim node is 1386.
2024-02-03 14:57:41,094 - tensor([ 7056, 11386, 19720], device='mps:0')
2024-02-03 14:57:41,096 - Classification Fails.
2024-02-03 14:57:41,096 - Link Generation Succeeds.
2024-02-03 14:58:29,880 - Victim node is 19582.
2024-02-03 14:58:29,880 - tensor([ 1920, 19717, 19722], device='mps:0')
2024-02-03 14:58:29,881 - Classification Succeeds.
2024-02-03 14:58:29,882 - Link Generation Succeeds.
2024-02-03 14:59:20,396 - Victim node is 1689.
2024-02-03 14:59:20,396 - tensor([ 4058, 12019, 19718], device='mps:0')
2024-02-03 14:59:20,398 - Classification Succeeds.
2024-02-03 14:59:20,398 - Link Generation Succeeds.
2024-02-03 14:59:59,728 - Victim node is 9958.
2024-02-03 14:59:59,728 - tensor([ 1205, 12019, 19747], device='mps:0')
2024-02-03 14:59:59,729 - Classification Succeeds.
2024-02-03 14:59:59,730 - Link Generation Succeeds.
2024-02-03 15:00:43,822 - Victim node is 6812.
2024-02-03 15:00:43,822 - tensor([  903, 12019, 19962], device='mps:0')
2024-02-03 15:00:43,824 - Classification Succeeds.
2024-02-03 15:00:43,824 - Link Generation Succeeds.
2024-02-03 15:01:22,077 - Victim node is 3491.
2024-02-03 15:01:22,077 - tensor([19755, 19761, 19807], device='mps:0')
2024-02-03 15:01:22,078 - Classification Succeeds.
2024-02-03 15:01:22,079 - Link Generation Succeeds.
2024-02-03 15:02:12,099 - Victim node is 8003.
2024-02-03 15:02:12,099 - tensor([  357,  1205, 13940], device='mps:0')
2024-02-03 15:02:12,101 - Classification Succeeds.
2024-02-03 15:02:12,101 - Link Generation Fails.
2024-02-03 15:03:02,334 - Victim node is 5164.
2024-02-03 15:03:02,334 - tensor([12019, 19723, 19736], device='mps:0')
2024-02-03 15:03:02,336 - Classification Succeeds.
2024-02-03 15:03:02,337 - Link Generation Succeeds.
2024-02-03 15:03:43,180 - Victim node is 13645.
2024-02-03 15:03:43,180 - tensor([ 1920,  5375, 14893], device='mps:0')
2024-02-03 15:03:43,182 - Classification Succeeds.
2024-02-03 15:03:43,183 - Link Generation Fails.
2024-02-03 15:04:23,270 - Victim node is 2494.
2024-02-03 15:04:23,270 - tensor([19722, 19739, 19747], device='mps:0')
2024-02-03 15:04:23,271 - Classification Fails.
2024-02-03 15:04:23,272 - Link Generation Succeeds.
2024-02-03 15:05:04,326 - Victim node is 19054.
2024-02-03 15:05:04,326 - tensor([11024, 12019, 19742], device='mps:0')
2024-02-03 15:05:04,328 - Classification Fails.
2024-02-03 15:05:04,328 - Link Generation Succeeds.
2024-02-03 15:05:45,795 - Victim node is 5506.
2024-02-03 15:05:45,795 - tensor([ 1205, 11816, 13940], device='mps:0')
2024-02-03 15:05:45,797 - Classification Succeeds.
2024-02-03 15:05:45,798 - Link Generation Fails.
2024-02-03 15:06:29,202 - Victim node is 7518.
2024-02-03 15:06:29,202 - tensor([  903, 11894, 12019], device='mps:0')
2024-02-03 15:06:29,204 - Classification Succeeds.
2024-02-03 15:06:29,205 - Link Generation Fails.
2024-02-03 15:07:19,520 - Victim node is 1804.
2024-02-03 15:07:19,520 - tensor([ 1205, 12019, 13940], device='mps:0')
2024-02-03 15:07:19,522 - Classification Fails.
2024-02-03 15:07:19,523 - Link Generation Fails.
2024-02-03 15:08:02,732 - Victim node is 14750.
2024-02-03 15:08:02,732 - tensor([  903,  4058, 16214], device='mps:0')
2024-02-03 15:08:02,734 - Classification Succeeds.
2024-02-03 15:08:02,735 - Link Generation Fails.
2024-02-03 15:08:43,622 - Victim node is 14854.
2024-02-03 15:08:43,622 - tensor([ 1205, 12019, 13940], device='mps:0')
2024-02-03 15:08:43,624 - Classification Fails.
2024-02-03 15:08:43,624 - Link Generation Fails.
2024-02-03 15:09:23,682 - Victim node is 6155.
2024-02-03 15:09:23,682 - tensor([ 1920, 11450, 12019], device='mps:0')
2024-02-03 15:09:23,684 - Classification Succeeds.
2024-02-03 15:09:23,684 - Link Generation Fails.
2024-02-03 15:10:04,370 - Victim node is 2174.
2024-02-03 15:10:04,370 - tensor([19718, 19719, 19736], device='mps:0')
2024-02-03 15:10:04,372 - Classification Succeeds.
2024-02-03 15:10:04,372 - Link Generation Succeeds.
2024-02-03 15:10:45,154 - Victim node is 7053.
2024-02-03 15:10:45,154 - tensor([ 1205, 19733, 19749], device='mps:0')
2024-02-03 15:10:45,156 - Classification Fails.
2024-02-03 15:10:45,157 - Link Generation Succeeds.
2024-02-03 15:11:33,643 - Victim node is 16359.
2024-02-03 15:11:33,643 - tensor([ 7056, 14044, 19724], device='mps:0')
2024-02-03 15:11:33,644 - Classification Fails.
2024-02-03 15:11:33,645 - Link Generation Succeeds.
2024-02-03 15:12:25,243 - Victim node is 8034.
2024-02-03 15:12:25,243 - tensor([  903,  4058, 12019], device='mps:0')
2024-02-03 15:12:25,245 - Classification Fails.
2024-02-03 15:12:25,245 - Link Generation Fails.
2024-02-03 15:13:07,050 - Victim node is 10223.
2024-02-03 15:13:07,050 - tensor([ 1920, 19741, 19816], device='mps:0')
2024-02-03 15:13:07,052 - Classification Succeeds.
2024-02-03 15:13:07,052 - Link Generation Succeeds.
2024-02-03 15:13:48,701 - Victim node is 5412.
2024-02-03 15:13:48,701 - tensor([19724, 19753, 19766], device='mps:0')
2024-02-03 15:13:48,702 - Classification Fails.
2024-02-03 15:13:48,703 - Link Generation Succeeds.
2024-02-03 15:14:29,313 - Victim node is 2663.
2024-02-03 15:14:29,313 - tensor([ 1205, 11816, 13940], device='mps:0')
2024-02-03 15:14:29,315 - Classification Succeeds.
2024-02-03 15:14:29,316 - Link Generation Fails.
2024-02-03 15:15:18,095 - Victim node is 15009.
2024-02-03 15:15:18,095 - tensor([19719, 19726, 19731], device='mps:0')
2024-02-03 15:15:18,097 - Classification Fails.
2024-02-03 15:15:18,097 - Link Generation Succeeds.
2024-02-03 15:15:59,852 - Victim node is 12421.
2024-02-03 15:15:59,852 - tensor([19722, 19745, 19754], device='mps:0')
2024-02-03 15:15:59,854 - Classification Fails.
2024-02-03 15:15:59,854 - Link Generation Succeeds.
2024-02-03 15:16:47,597 - Victim node is 2952.
2024-02-03 15:16:47,597 - tensor([19717, 19718, 19721], device='mps:0')
2024-02-03 15:16:47,599 - Classification Succeeds.
2024-02-03 15:16:47,599 - Link Generation Succeeds.
2024-02-03 15:17:36,625 - Victim node is 13471.
2024-02-03 15:17:36,625 - tensor([ 1920,  5375, 15841], device='mps:0')
2024-02-03 15:17:36,627 - Classification Succeeds.
2024-02-03 15:17:36,627 - Link Generation Fails.
2024-02-03 15:18:20,657 - Victim node is 3577.
2024-02-03 15:18:20,657 - tensor([19973, 20015, 20024], device='mps:0')
2024-02-03 15:18:20,658 - Classification Succeeds.
2024-02-03 15:18:20,659 - Link Generation Succeeds.
2024-02-03 15:19:10,714 - Victim node is 7866.
2024-02-03 15:19:10,714 - tensor([ 1205, 11816, 13940], device='mps:0')
2024-02-03 15:19:10,716 - Classification Succeeds.
2024-02-03 15:19:10,717 - Link Generation Fails.
2024-02-03 15:19:50,743 - Victim node is 8584.
2024-02-03 15:19:50,743 - tensor([ 1205, 13940, 17019], device='mps:0')
2024-02-03 15:19:50,745 - Classification Succeeds.
2024-02-03 15:19:50,745 - Link Generation Fails.
2024-02-03 15:20:42,837 - Victim node is 2020.
2024-02-03 15:20:42,837 - tensor([  903, 11450, 11894], device='mps:0')
2024-02-03 15:20:42,839 - Classification Succeeds.
2024-02-03 15:20:42,840 - Link Generation Fails.
2024-02-03 15:21:24,447 - Victim node is 17067.
2024-02-03 15:21:24,447 - tensor([19718, 19726, 19727], device='mps:0')
2024-02-03 15:21:24,449 - Classification Fails.
2024-02-03 15:21:24,449 - Link Generation Succeeds.
2024-02-03 15:22:05,754 - Victim node is 10807.
2024-02-03 15:22:05,754 - tensor([19720, 19735, 19741], device='mps:0')
2024-02-03 15:22:05,755 - Classification Fails.
2024-02-03 15:22:05,756 - Link Generation Succeeds.
2024-02-03 15:22:42,874 - Victim node is 6092.
2024-02-03 15:22:42,874 - tensor([  903, 11894, 12019], device='mps:0')
2024-02-03 15:22:42,876 - Classification Succeeds.
2024-02-03 15:22:42,876 - Link Generation Fails.
2024-02-03 15:23:33,793 - Victim node is 1535.
2024-02-03 15:23:33,793 - tensor([19718, 19721, 19724], device='mps:0')
2024-02-03 15:23:33,795 - Classification Succeeds.
2024-02-03 15:23:33,795 - Link Generation Succeeds.
2024-02-03 15:24:25,805 - Victim node is 7037.
2024-02-03 15:24:25,805 - tensor([ 1920,  5375, 17194], device='mps:0')
2024-02-03 15:24:25,807 - Classification Fails.
2024-02-03 15:24:25,807 - Link Generation Fails.
2024-02-03 15:25:14,375 - Victim node is 15494.
2024-02-03 15:25:14,375 - tensor([  903,  8626, 12019], device='mps:0')
2024-02-03 15:25:14,376 - Classification Succeeds.
2024-02-03 15:25:14,377 - Link Generation Fails.
2024-02-03 15:26:03,491 - Victim node is 15287.
2024-02-03 15:26:03,492 - tensor([19735, 19752, 19796], device='mps:0')
2024-02-03 15:26:03,493 - Classification Fails.
2024-02-03 15:26:03,494 - Link Generation Succeeds.
2024-02-03 15:26:44,047 - Victim node is 13480.
2024-02-03 15:26:44,047 - tensor([ 1920, 14044, 18735], device='mps:0')
2024-02-03 15:26:44,048 - Classification Fails.
2024-02-03 15:26:44,049 - Link Generation Fails.
2024-02-03 15:27:32,412 - Victim node is 4686.
2024-02-03 15:27:32,412 - tensor([ 1205, 11816, 13940], device='mps:0')
2024-02-03 15:27:32,413 - Classification Succeeds.
2024-02-03 15:27:32,414 - Link Generation Fails.
2024-02-03 15:28:19,203 - Victim node is 11770.
2024-02-03 15:28:19,203 - tensor([19718, 19725, 19730], device='mps:0')
2024-02-03 15:28:19,205 - Classification Succeeds.
2024-02-03 15:28:19,205 - Link Generation Succeeds.
2024-02-03 15:29:08,199 - Victim node is 1331.
2024-02-03 15:29:08,199 - tensor([19720, 19727, 19735], device='mps:0')
2024-02-03 15:29:08,201 - Classification Fails.
2024-02-03 15:29:08,201 - Link Generation Succeeds.
2024-02-03 15:29:50,545 - Victim node is 6043.
2024-02-03 15:29:50,545 - tensor([  903,  4058, 12019], device='mps:0')
2024-02-03 15:29:50,547 - Classification Succeeds.
2024-02-03 15:29:50,548 - Link Generation Fails.
2024-02-03 15:30:41,453 - Victim node is 474.
2024-02-03 15:30:41,453 - tensor([19728, 19737, 19775], device='mps:0')
2024-02-03 15:30:41,455 - Classification Succeeds.
2024-02-03 15:30:41,455 - Link Generation Succeeds.
2024-02-03 15:31:32,500 - Victim node is 14851.
2024-02-03 15:31:32,500 - tensor([ 7056, 19720, 19721], device='mps:0')
2024-02-03 15:31:32,502 - Classification Fails.
2024-02-03 15:31:32,502 - Link Generation Succeeds.
2024-02-03 15:32:16,749 - Victim node is 5917.
2024-02-03 15:32:16,749 - tensor([ 1205, 19759, 19927], device='mps:0')
2024-02-03 15:32:16,751 - Classification Fails.
2024-02-03 15:32:16,752 - Link Generation Succeeds.
2024-02-03 15:33:07,043 - Victim node is 944.
2024-02-03 15:33:07,044 - tensor([19718, 19736, 19738], device='mps:0')
2024-02-03 15:33:07,046 - Classification Fails.
2024-02-03 15:33:07,046 - Link Generation Succeeds.
2024-02-03 15:33:57,535 - Victim node is 4465.
2024-02-03 15:33:57,535 - tensor([ 1920,  5375, 11024], device='mps:0')
2024-02-03 15:33:57,537 - Classification Fails.
2024-02-03 15:33:57,538 - Link Generation Fails.
2024-02-03 15:34:48,418 - Victim node is 11436.
2024-02-03 15:34:48,418 - tensor([14044, 19722, 19730], device='mps:0')
2024-02-03 15:34:48,419 - Classification Succeeds.
2024-02-03 15:34:48,420 - Link Generation Succeeds.
2024-02-03 15:35:37,841 - Victim node is 15526.
2024-02-03 15:35:37,841 - tensor([ 1205, 13940, 19728], device='mps:0')
2024-02-03 15:35:37,842 - Classification Fails.
2024-02-03 15:35:37,843 - Link Generation Succeeds.
2024-02-03 15:36:26,479 - Victim node is 3968.
2024-02-03 15:36:26,479 - tensor([ 1205, 19723, 19726], device='mps:0')
2024-02-03 15:36:26,481 - Classification Succeeds.
2024-02-03 15:36:26,481 - Link Generation Succeeds.
2024-02-03 15:37:11,437 - Victim node is 12479.
2024-02-03 15:37:11,437 - tensor([1920, 5375, 8626], device='mps:0')
2024-02-03 15:37:11,439 - Classification Succeeds.
2024-02-03 15:37:11,440 - Link Generation Fails.
2024-02-03 15:38:01,052 - Victim node is 6618.
2024-02-03 15:38:01,052 - tensor([ 1205, 13940, 19741], device='mps:0')
2024-02-03 15:38:01,054 - Classification Fails.
2024-02-03 15:38:01,054 - Link Generation Succeeds.
2024-02-03 15:38:51,081 - Victim node is 16327.
2024-02-03 15:38:51,081 - tensor([ 1920, 19732, 19737], device='mps:0')
2024-02-03 15:38:51,082 - Classification Succeeds.
2024-02-03 15:38:51,083 - Link Generation Succeeds.
2024-02-03 15:39:31,302 - Victim node is 3353.
2024-02-03 15:39:31,302 - tensor([  903, 11894, 12019], device='mps:0')
2024-02-03 15:39:31,304 - Classification Succeeds.
2024-02-03 15:39:31,304 - Link Generation Fails.
2024-02-03 15:40:11,895 - Victim node is 19306.
2024-02-03 15:40:11,895 - tensor([ 1205,  9471, 11816], device='mps:0')
2024-02-03 15:40:11,897 - Classification Succeeds.
2024-02-03 15:40:11,897 - Link Generation Fails.
2024-02-03 15:41:02,232 - Victim node is 19071.
2024-02-03 15:41:02,232 - tensor([  903,  1205, 12019], device='mps:0')
2024-02-03 15:41:02,233 - Classification Succeeds.
2024-02-03 15:41:02,234 - Link Generation Fails.
2024-02-03 15:41:53,732 - Victim node is 11388.
2024-02-03 15:41:53,732 - tensor([19724, 19726, 19727], device='mps:0')
2024-02-03 15:41:53,734 - Classification Succeeds.
2024-02-03 15:41:53,734 - Link Generation Succeeds.
2024-02-03 15:42:44,871 - Victim node is 7144.
2024-02-03 15:42:44,871 - tensor([19720, 19722, 19725], device='mps:0')
2024-02-03 15:42:44,873 - Classification Fails.
2024-02-03 15:42:44,873 - Link Generation Succeeds.
2024-02-03 15:43:36,300 - Victim node is 569.
2024-02-03 15:43:36,300 - tensor([ 1920,  5375, 14893], device='mps:0')
2024-02-03 15:43:36,302 - Classification Succeeds.
2024-02-03 15:43:36,302 - Link Generation Fails.
2024-02-03 15:44:28,431 - Victim node is 12429.
2024-02-03 15:44:28,431 - tensor([ 8626, 12019, 19722], device='mps:0')
2024-02-03 15:44:28,433 - Classification Fails.
2024-02-03 15:44:28,433 - Link Generation Succeeds.
2024-02-03 15:45:17,783 - Victim node is 9939.
2024-02-03 15:45:17,783 - tensor([ 1205, 11816, 13940], device='mps:0')
2024-02-03 15:45:17,785 - Classification Succeeds.
2024-02-03 15:45:17,785 - Link Generation Fails.
2024-02-03 15:46:00,226 - Victim node is 11080.
2024-02-03 15:46:00,226 - tensor([19717, 19718, 19720], device='mps:0')
2024-02-03 15:46:00,228 - Classification Fails.
2024-02-03 15:46:00,228 - Link Generation Succeeds.
2024-02-03 15:46:48,704 - Victim node is 13.
2024-02-03 15:46:48,704 - tensor([19725, 19732, 19768], device='mps:0')
2024-02-03 15:46:48,706 - Classification Succeeds.
2024-02-03 15:46:48,706 - Link Generation Succeeds.
2024-02-03 15:47:27,164 - Victim node is 13430.
2024-02-03 15:47:27,164 - tensor([ 1205, 11816, 13940], device='mps:0')
2024-02-03 15:47:27,165 - Classification Succeeds.
2024-02-03 15:47:27,166 - Link Generation Fails.
2024-02-03 15:48:15,401 - Victim node is 8179.
2024-02-03 15:48:15,401 - tensor([ 1205, 19728, 19732], device='mps:0')
2024-02-03 15:48:15,402 - Classification Fails.
2024-02-03 15:48:15,403 - Link Generation Succeeds.
2024-02-03 15:48:55,055 - Victim node is 4669.
2024-02-03 15:48:55,056 - tensor([19746, 19749, 19758], device='mps:0')
2024-02-03 15:48:55,057 - Classification Succeeds.
2024-02-03 15:48:55,058 - Link Generation Succeeds.
2024-02-03 15:49:34,292 - Victim node is 5094.
2024-02-03 15:49:34,292 - tensor([19720, 19724, 19726], device='mps:0')
2024-02-03 15:49:34,293 - Classification Fails.
2024-02-03 15:49:34,294 - Link Generation Succeeds.
2024-02-03 15:50:14,060 - Victim node is 19285.
2024-02-03 15:50:14,060 - tensor([ 1920,  5375, 17194], device='mps:0')
2024-02-03 15:50:14,062 - Classification Fails.
2024-02-03 15:50:14,062 - Link Generation Fails.
2024-02-03 15:50:54,705 - Victim node is 9500.
2024-02-03 15:50:54,706 - tensor([ 1205, 11816, 13940], device='mps:0')
2024-02-03 15:50:54,707 - Classification Fails.
2024-02-03 15:50:54,708 - Link Generation Fails.
2024-02-03 15:51:34,540 - Victim node is 4165.
2024-02-03 15:51:34,540 - tensor([  903, 11894, 12019], device='mps:0')
2024-02-03 15:51:34,542 - Classification Succeeds.
2024-02-03 15:51:34,542 - Link Generation Fails.
2024-02-03 15:52:22,275 - Victim node is 10577.
2024-02-03 15:52:22,275 - tensor([19726, 19730, 19736], device='mps:0')
2024-02-03 15:52:22,276 - Classification Fails.
2024-02-03 15:52:22,277 - Link Generation Succeeds.
2024-02-03 15:53:00,860 - Victim node is 14066.
2024-02-03 15:53:00,860 - tensor([19764, 19854, 19880], device='mps:0')
2024-02-03 15:53:00,862 - Classification Succeeds.
2024-02-03 15:53:00,862 - Link Generation Succeeds.
2024-02-03 15:53:49,994 - Victim node is 17369.
2024-02-03 15:53:49,994 - tensor([ 1205, 12019, 19728], device='mps:0')
2024-02-03 15:53:49,996 - Classification Fails.
2024-02-03 15:53:49,997 - Link Generation Succeeds.
2024-02-03 15:54:37,909 - Victim node is 633.
2024-02-03 15:54:37,909 - tensor([ 7056, 14044, 18735], device='mps:0')
2024-02-03 15:54:37,911 - Classification Succeeds.
2024-02-03 15:54:37,911 - Link Generation Fails.
2024-02-03 15:55:18,048 - Victim node is 5073.
2024-02-03 15:55:18,048 - tensor([12019, 19724, 19727], device='mps:0')
2024-02-03 15:55:18,050 - Classification Succeeds.
2024-02-03 15:55:18,051 - Link Generation Succeeds.
2024-02-03 15:56:00,267 - Victim node is 11052.
2024-02-03 15:56:00,267 - tensor([  903,  4058, 11450], device='mps:0')
2024-02-03 15:56:00,269 - Classification Succeeds.
2024-02-03 15:56:00,270 - Link Generation Fails.
2024-02-03 15:56:43,421 - Victim node is 12691.
2024-02-03 15:56:43,421 - tensor([ 1205, 19732, 19736], device='mps:0')
2024-02-03 15:56:43,423 - Classification Succeeds.
2024-02-03 15:56:43,424 - Link Generation Succeeds.
2024-02-03 15:57:25,355 - Victim node is 14407.
2024-02-03 15:57:25,355 - tensor([19754, 19755, 19762], device='mps:0')
2024-02-03 15:57:25,356 - Classification Succeeds.
2024-02-03 15:57:25,357 - Link Generation Succeeds.
2024-02-03 15:58:08,743 - Victim node is 12474.
2024-02-03 15:58:08,743 - tensor([ 1205, 13940, 19767], device='mps:0')
2024-02-03 15:58:08,744 - Classification Succeeds.
2024-02-03 15:58:08,745 - Link Generation Succeeds.
2024-02-03 15:58:50,891 - Victim node is 17842.
2024-02-03 15:58:50,891 - tensor([19736, 19746, 19754], device='mps:0')
2024-02-03 15:58:50,893 - Classification Fails.
2024-02-03 15:58:50,893 - Link Generation Succeeds.
2024-02-03 15:59:42,885 - Victim node is 18997.
2024-02-03 15:59:42,885 - tensor([  903,  1205, 12019], device='mps:0')
2024-02-03 15:59:42,886 - Classification Succeeds.
2024-02-03 15:59:42,887 - Link Generation Fails.
2024-02-03 16:00:36,241 - Victim node is 15360.
2024-02-03 16:00:36,241 - tensor([ 1920,  5375, 14893], device='mps:0')
2024-02-03 16:00:36,243 - Classification Succeeds.
2024-02-03 16:00:36,243 - Link Generation Fails.
2024-02-03 16:01:19,708 - Victim node is 15562.
2024-02-03 16:01:19,709 - tensor([ 1205, 19736, 19878], device='mps:0')
2024-02-03 16:01:19,710 - Classification Fails.
2024-02-03 16:01:19,711 - Link Generation Succeeds.
2024-02-03 16:02:00,786 - Victim node is 5687.
2024-02-03 16:02:00,786 - tensor([  903,  2361, 12019], device='mps:0')
2024-02-03 16:02:00,788 - Classification Fails.
2024-02-03 16:02:00,788 - Link Generation Fails.
2024-02-03 16:02:53,464 - Victim node is 3438.
2024-02-03 16:02:53,464 - tensor([ 7056, 19720, 19726], device='mps:0')
2024-02-03 16:02:53,466 - Classification Fails.
2024-02-03 16:02:53,466 - Link Generation Succeeds.
2024-02-03 16:03:43,638 - Victim node is 9210.
2024-02-03 16:03:43,638 - tensor([11450, 12019, 19734], device='mps:0')
2024-02-03 16:03:43,639 - Classification Succeeds.
2024-02-03 16:03:43,640 - Link Generation Succeeds.
2024-02-03 16:04:24,883 - Victim node is 16572.
2024-02-03 16:04:24,883 - tensor([ 1920, 19717, 19719], device='mps:0')
2024-02-03 16:04:24,885 - Classification Fails.
2024-02-03 16:04:24,886 - Link Generation Succeeds.
2024-02-03 16:05:06,781 - Victim node is 15405.
2024-02-03 16:05:06,781 - tensor([19728, 19747, 19750], device='mps:0')
2024-02-03 16:05:06,783 - Classification Fails.
2024-02-03 16:05:06,783 - Link Generation Succeeds.
2024-02-03 16:05:56,116 - Victim node is 1817.
2024-02-03 16:05:56,117 - tensor([ 1920,  5375, 11024], device='mps:0')
2024-02-03 16:05:56,118 - Classification Succeeds.
2024-02-03 16:05:56,119 - Link Generation Fails.
2024-02-03 16:06:37,370 - Victim node is 9108.
2024-02-03 16:06:37,370 - tensor([ 1920, 19719, 19736], device='mps:0')
2024-02-03 16:06:37,372 - Classification Fails.
2024-02-03 16:06:37,372 - Link Generation Succeeds.
2024-02-03 16:07:27,111 - Victim node is 18046.
2024-02-03 16:07:27,111 - tensor([  357,  1205, 13940], device='mps:0')
2024-02-03 16:07:27,113 - Classification Succeeds.
2024-02-03 16:07:27,113 - Link Generation Fails.
2024-02-03 16:08:08,724 - Victim node is 6153.
2024-02-03 16:08:08,724 - tensor([ 1920, 16229, 19766], device='mps:0')
2024-02-03 16:08:08,726 - Classification Fails.
2024-02-03 16:08:08,726 - Link Generation Succeeds.
2024-02-03 16:08:58,859 - Victim node is 2319.
2024-02-03 16:08:58,859 - tensor([ 1920,  5375, 11024], device='mps:0')
2024-02-03 16:08:58,861 - Classification Fails.
2024-02-03 16:08:58,861 - Link Generation Fails.
2024-02-03 16:09:48,610 - Victim node is 9404.
2024-02-03 16:09:48,611 - tensor([19724, 19725, 19730], device='mps:0')
2024-02-03 16:09:48,612 - Classification Fails.
2024-02-03 16:09:48,613 - Link Generation Succeeds.
2024-02-03 16:10:27,257 - Victim node is 3192.
2024-02-03 16:10:27,257 - tensor([19720, 19731, 19749], device='mps:0')
2024-02-03 16:10:27,258 - Classification Succeeds.
2024-02-03 16:10:27,258 - Link Generation Succeeds.
2024-02-03 16:11:07,365 - Victim node is 6072.
2024-02-03 16:11:07,365 - tensor([ 1205, 13940, 19744], device='mps:0')
2024-02-03 16:11:07,366 - Classification Succeeds.
2024-02-03 16:11:07,367 - Link Generation Succeeds.
2024-02-03 16:11:46,809 - Victim node is 19101.
2024-02-03 16:11:46,810 - tensor([19726, 19736, 19742], device='mps:0')
2024-02-03 16:11:46,811 - Classification Fails.
2024-02-03 16:11:46,811 - Link Generation Succeeds.
2024-02-03 16:12:36,934 - Victim node is 17339.
2024-02-03 16:12:36,934 - tensor([11024, 11450, 12019], device='mps:0')
2024-02-03 16:12:36,936 - Classification Succeeds.
2024-02-03 16:12:36,936 - Link Generation Fails.
2024-02-03 16:13:26,056 - Victim node is 9948.
2024-02-03 16:13:26,056 - tensor([ 1920,  5375, 12019], device='mps:0')
2024-02-03 16:13:26,058 - Classification Fails.
2024-02-03 16:13:26,059 - Link Generation Fails.
2024-02-03 16:14:11,764 - Victim node is 552.
2024-02-03 16:14:11,764 - tensor([ 5375, 11024, 11450], device='mps:0')
2024-02-03 16:14:11,765 - Classification Fails.
2024-02-03 16:14:11,766 - Link Generation Fails.
2024-02-03 16:14:50,363 - Victim node is 15581.
2024-02-03 16:14:50,363 - tensor([ 1205, 12019, 19719], device='mps:0')
2024-02-03 16:14:50,365 - Classification Succeeds.
2024-02-03 16:14:50,365 - Link Generation Succeeds.
2024-02-03 16:15:43,830 - Victim node is 3930.
2024-02-03 16:15:43,830 - tensor([ 1205, 13940, 19748], device='mps:0')
2024-02-03 16:15:43,831 - Classification Succeeds.
2024-02-03 16:15:43,832 - Link Generation Succeeds.
2024-02-03 16:16:21,227 - Victim node is 18621.
2024-02-03 16:16:21,227 - tensor([ 1205, 19717, 19731], device='mps:0')
2024-02-03 16:16:21,228 - Classification Fails.
2024-02-03 16:16:21,229 - Link Generation Succeeds.
2024-02-03 16:17:07,771 - Victim node is 19625.
2024-02-03 16:17:07,771 - tensor([ 1205, 11816, 13940], device='mps:0')
2024-02-03 16:17:07,772 - Classification Succeeds.
2024-02-03 16:17:07,773 - Link Generation Fails.
2024-02-03 16:17:47,141 - Victim node is 5425.
2024-02-03 16:17:47,142 - tensor([ 1205, 12019, 16214], device='mps:0')
2024-02-03 16:17:47,143 - Classification Succeeds.
2024-02-03 16:17:47,144 - Link Generation Fails.
2024-02-03 16:18:32,754 - Victim node is 14477.
2024-02-03 16:18:32,754 - tensor([19720, 19722, 19732], device='mps:0')
2024-02-03 16:18:32,756 - Classification Succeeds.
2024-02-03 16:18:32,756 - Link Generation Succeeds.
2024-02-03 16:19:12,633 - Victim node is 14487.
2024-02-03 16:19:12,633 - tensor([ 1205, 12019, 13940], device='mps:0')
2024-02-03 16:19:12,634 - Classification Fails.
2024-02-03 16:19:12,635 - Link Generation Fails.
2024-02-03 16:19:52,483 - Victim node is 6834.
2024-02-03 16:19:52,483 - tensor([  903, 11450, 12019], device='mps:0')
2024-02-03 16:19:52,485 - Classification Succeeds.
2024-02-03 16:19:52,485 - Link Generation Fails.
2024-02-03 16:20:36,860 - Victim node is 1045.
2024-02-03 16:20:36,860 - tensor([ 1205, 11816, 13940], device='mps:0')
2024-02-03 16:20:36,861 - Classification Succeeds.
2024-02-03 16:20:36,862 - Link Generation Fails.
2024-02-03 16:21:26,180 - Victim node is 12864.
2024-02-03 16:21:26,180 - tensor([  903,  2361, 12019], device='mps:0')
2024-02-03 16:21:26,181 - Classification Succeeds.
2024-02-03 16:21:26,182 - Link Generation Fails.
2024-02-03 16:22:07,080 - Victim node is 18090.
2024-02-03 16:22:07,080 - tensor([  903,  1205, 12019], device='mps:0')
2024-02-03 16:22:07,082 - Classification Succeeds.
2024-02-03 16:22:07,083 - Link Generation Fails.
2024-02-03 16:22:55,885 - Victim node is 6669.
2024-02-03 16:22:55,885 - tensor([ 1205, 19720, 19733], device='mps:0')
2024-02-03 16:22:55,887 - Classification Fails.
2024-02-03 16:22:55,887 - Link Generation Succeeds.
2024-02-03 16:23:42,456 - Victim node is 7640.
2024-02-03 16:23:42,456 - tensor([19717, 19723, 19725], device='mps:0')
2024-02-03 16:23:42,458 - Classification Fails.
2024-02-03 16:23:42,458 - Link Generation Succeeds.
2024-02-03 16:24:31,939 - Victim node is 1049.
2024-02-03 16:24:31,939 - tensor([19745, 19767, 19794], device='mps:0')
2024-02-03 16:24:31,941 - Classification Succeeds.
2024-02-03 16:24:31,941 - Link Generation Succeeds.
2024-02-03 16:25:20,214 - Victim node is 9923.
2024-02-03 16:25:20,214 - tensor([ 1050, 19719, 19732], device='mps:0')
2024-02-03 16:25:20,216 - Classification Fails.
2024-02-03 16:25:20,216 - Link Generation Succeeds.
2024-02-03 16:26:04,031 - Victim node is 17387.
2024-02-03 16:26:04,031 - tensor([ 1920, 12019, 20026], device='mps:0')
2024-02-03 16:26:04,033 - Classification Fails.
2024-02-03 16:26:04,033 - Link Generation Succeeds.
2024-02-03 16:26:44,973 - Victim node is 17526.
2024-02-03 16:26:44,973 - tensor([ 1920,  7056, 15841], device='mps:0')
2024-02-03 16:26:44,975 - Classification Fails.
2024-02-03 16:26:44,975 - Link Generation Fails.
2024-02-03 16:27:33,353 - Victim node is 16614.
2024-02-03 16:27:33,353 - tensor([ 1205, 12019, 19724], device='mps:0')
2024-02-03 16:27:33,354 - Classification Succeeds.
2024-02-03 16:27:33,355 - Link Generation Succeeds.
2024-02-03 16:28:22,152 - Victim node is 8574.
2024-02-03 16:28:22,153 - tensor([ 1920, 18735, 19728], device='mps:0')
2024-02-03 16:28:22,154 - Classification Succeeds.
2024-02-03 16:28:22,155 - Link Generation Succeeds.
2024-02-03 16:29:08,798 - Victim node is 13138.
2024-02-03 16:29:08,798 - tensor([19718, 19721, 19738], device='mps:0')
2024-02-03 16:29:08,799 - Classification Fails.
2024-02-03 16:29:08,800 - Link Generation Succeeds.
2024-02-03 16:30:00,196 - Victim node is 19444.
2024-02-03 16:30:00,196 - tensor([  903,  1205, 12019], device='mps:0')
2024-02-03 16:30:00,198 - Classification Fails.
2024-02-03 16:30:00,199 - Link Generation Fails.
2024-02-03 16:30:40,935 - Victim node is 16610.
2024-02-03 16:30:40,935 - tensor([19814, 19818, 19846], device='mps:0')
2024-02-03 16:30:40,942 - Classification Fails.
2024-02-03 16:30:40,943 - Link Generation Succeeds.
2024-02-03 16:31:20,604 - Victim node is 3622.
2024-02-03 16:31:20,604 - tensor([14044, 19718, 19719], device='mps:0')
2024-02-03 16:31:20,606 - Classification Succeeds.
2024-02-03 16:31:20,606 - Link Generation Succeeds.
2024-02-03 16:32:09,793 - Victim node is 18011.
2024-02-03 16:32:09,793 - tensor([ 7056, 19724, 19733], device='mps:0')
2024-02-03 16:32:09,794 - Classification Fails.
2024-02-03 16:32:09,795 - Link Generation Succeeds.
2024-02-03 16:32:49,084 - Victim node is 89.
2024-02-03 16:32:49,084 - tensor([ 1205, 12019, 13940], device='mps:0')
2024-02-03 16:32:49,085 - Classification Fails.
2024-02-03 16:32:49,086 - Link Generation Fails.
2024-02-03 16:33:37,432 - Victim node is 1503.
2024-02-03 16:33:37,432 - tensor([ 4058, 11450, 12019], device='mps:0')
2024-02-03 16:33:37,434 - Classification Succeeds.
2024-02-03 16:33:37,434 - Link Generation Fails.
2024-02-03 16:34:19,960 - Victim node is 8974.
2024-02-03 16:34:19,960 - tensor([  357,   903, 12019], device='mps:0')
2024-02-03 16:34:19,961 - Classification Succeeds.
2024-02-03 16:34:19,962 - Link Generation Fails.
2024-02-03 16:35:08,713 - Victim node is 13768.
2024-02-03 16:35:08,713 - tensor([19725, 19726, 19732], device='mps:0')
2024-02-03 16:35:08,715 - Classification Fails.
2024-02-03 16:35:08,715 - Link Generation Succeeds.
2024-02-03 16:35:48,408 - Victim node is 14795.
2024-02-03 16:35:48,408 - tensor([19717, 19718, 19719], device='mps:0')
2024-02-03 16:35:48,410 - Classification Succeeds.
2024-02-03 16:35:48,410 - Link Generation Succeeds.
2024-02-03 16:36:36,851 - Victim node is 14411.
2024-02-03 16:36:36,851 - tensor([  357,  1205, 13940], device='mps:0')
2024-02-03 16:36:36,853 - Classification Fails.
2024-02-03 16:36:36,853 - Link Generation Fails.
2024-02-03 16:37:24,986 - Victim node is 636.
2024-02-03 16:37:24,986 - tensor([ 7056, 19730, 19740], device='mps:0')
2024-02-03 16:37:24,988 - Classification Fails.
2024-02-03 16:37:24,988 - Link Generation Succeeds.
2024-02-03 16:38:15,201 - Victim node is 5653.
2024-02-03 16:38:15,201 - tensor([ 1205, 12019, 13940], device='mps:0')
2024-02-03 16:38:15,203 - Classification Succeeds.
2024-02-03 16:38:15,203 - Link Generation Fails.
2024-02-03 16:39:04,599 - Victim node is 11245.
2024-02-03 16:39:04,599 - tensor([19732, 19739, 19774], device='mps:0')
2024-02-03 16:39:04,601 - Classification Fails.
2024-02-03 16:39:04,601 - Link Generation Succeeds.
2024-02-03 16:39:54,140 - Victim node is 16964.
2024-02-03 16:39:54,140 - tensor([ 1920, 11024, 11450], device='mps:0')
2024-02-03 16:39:54,141 - Classification Succeeds.
2024-02-03 16:39:54,142 - Link Generation Fails.
2024-02-03 16:40:43,135 - Victim node is 3315.
2024-02-03 16:40:43,135 - tensor([ 7056, 10857, 19727], device='mps:0')
2024-02-03 16:40:43,137 - Classification Succeeds.
2024-02-03 16:40:43,138 - Link Generation Succeeds.
2024-02-03 16:41:31,676 - Victim node is 16857.
2024-02-03 16:41:31,676 - tensor([19726, 19730, 19733], device='mps:0')
2024-02-03 16:41:31,678 - Classification Fails.
2024-02-03 16:41:31,678 - Link Generation Succeeds.
2024-02-03 16:42:20,579 - Victim node is 15362.
2024-02-03 16:42:20,579 - tensor([  903, 11894, 12019], device='mps:0')
2024-02-03 16:42:20,580 - Classification Fails.
2024-02-03 16:42:20,581 - Link Generation Fails.
2024-02-03 16:43:09,246 - Victim node is 14520.
2024-02-03 16:43:09,246 - tensor([19732, 19736, 19740], device='mps:0')
2024-02-03 16:43:09,248 - Classification Succeeds.
2024-02-03 16:43:09,248 - Link Generation Succeeds.
2024-02-03 16:43:59,792 - Victim node is 8331.
2024-02-03 16:43:59,792 - tensor([ 1920, 19724, 19726], device='mps:0')
2024-02-03 16:43:59,794 - Classification Fails.
2024-02-03 16:43:59,794 - Link Generation Succeeds.
2024-02-03 16:44:40,955 - Victim node is 10091.
2024-02-03 16:44:40,955 - tensor([14044, 15841, 19724], device='mps:0')
2024-02-03 16:44:40,957 - Classification Fails.
2024-02-03 16:44:40,958 - Link Generation Succeeds.
2024-02-03 16:45:22,573 - Victim node is 8045.
2024-02-03 16:45:22,573 - tensor([19727, 19733, 19762], device='mps:0')
2024-02-03 16:45:22,575 - Classification Succeeds.
2024-02-03 16:45:22,575 - Link Generation Succeeds.
2024-02-03 16:46:11,756 - Victim node is 8199.
2024-02-03 16:46:11,756 - tensor([19727, 19730, 19734], device='mps:0')
2024-02-03 16:46:11,758 - Classification Fails.
2024-02-03 16:46:11,758 - Link Generation Succeeds.
2024-02-03 16:46:52,332 - Victim node is 8622.
2024-02-03 16:46:52,332 - tensor([ 1205, 19730, 19752], device='mps:0')
2024-02-03 16:46:52,334 - Classification Fails.
2024-02-03 16:46:52,334 - Link Generation Succeeds.
2024-02-03 16:47:33,453 - Victim node is 7881.
2024-02-03 16:47:33,453 - tensor([19717, 19720, 19722], device='mps:0')
2024-02-03 16:47:33,455 - Classification Fails.
2024-02-03 16:47:33,455 - Link Generation Succeeds.
2024-02-03 16:48:15,781 - Victim node is 13072.
2024-02-03 16:48:15,781 - tensor([ 1050,  5899, 15841], device='mps:0')
2024-02-03 16:48:15,782 - Classification Succeeds.
2024-02-03 16:48:15,783 - Link Generation Fails.
2024-02-03 16:48:58,658 - Victim node is 3352.
2024-02-03 16:48:58,658 - tensor([19814, 19844, 19886], device='mps:0')
2024-02-03 16:48:58,659 - Classification Fails.
2024-02-03 16:48:58,659 - Link Generation Succeeds.
2024-02-03 16:49:39,698 - Victim node is 475.
2024-02-03 16:49:39,698 - tensor([19724, 19734, 19741], device='mps:0')
2024-02-03 16:49:39,699 - Classification Fails.
2024-02-03 16:49:39,700 - Link Generation Succeeds.
2024-02-03 16:50:34,369 - Victim node is 2120.
2024-02-03 16:50:34,369 - tensor([ 1205, 13940, 19948], device='mps:0')
2024-02-03 16:50:34,371 - Classification Fails.
2024-02-03 16:50:34,371 - Link Generation Succeeds.
2024-02-03 16:51:14,953 - Victim node is 17361.
2024-02-03 16:51:14,953 - tensor([ 4058, 11450, 12019], device='mps:0')
2024-02-03 16:51:14,955 - Classification Succeeds.
2024-02-03 16:51:14,955 - Link Generation Fails.
2024-02-03 16:52:03,923 - Victim node is 10713.
2024-02-03 16:52:03,923 - tensor([ 1920,  2361, 12019], device='mps:0')
2024-02-03 16:52:03,925 - Classification Succeeds.
2024-02-03 16:52:03,925 - Link Generation Fails.
2024-02-03 16:52:44,726 - Victim node is 11737.
2024-02-03 16:52:44,726 - tensor([19740, 19751, 19755], device='mps:0')
2024-02-03 16:52:44,728 - Classification Succeeds.
2024-02-03 16:52:44,728 - Link Generation Succeeds.
2024-02-03 16:53:35,867 - Victim node is 3613.
2024-02-03 16:53:35,867 - tensor([ 1205, 11816, 13940], device='mps:0')
2024-02-03 16:53:35,869 - Classification Succeeds.
2024-02-03 16:53:35,870 - Link Generation Fails.
2024-02-03 16:54:24,558 - Victim node is 11619.
2024-02-03 16:54:24,558 - tensor([ 1205,  9471, 13940], device='mps:0')
2024-02-03 16:54:24,560 - Classification Succeeds.
2024-02-03 16:54:24,560 - Link Generation Fails.
2024-02-03 16:55:12,150 - Victim node is 16950.
2024-02-03 16:55:12,150 - tensor([ 1205, 12019, 19720], device='mps:0')
2024-02-03 16:55:12,152 - Classification Fails.
2024-02-03 16:55:12,153 - Link Generation Succeeds.
2024-02-03 16:56:00,236 - Victim node is 3749.
2024-02-03 16:56:00,237 - tensor([19719, 19724, 19733], device='mps:0')
2024-02-03 16:56:00,238 - Classification Fails.
2024-02-03 16:56:00,239 - Link Generation Succeeds.
2024-02-03 16:56:50,409 - Victim node is 3684.
2024-02-03 16:56:50,410 - tensor([ 7056, 19722, 19726], device='mps:0')
2024-02-03 16:56:50,411 - Classification Fails.
2024-02-03 16:56:50,412 - Link Generation Succeeds.
2024-02-03 16:57:31,286 - Victim node is 1472.
2024-02-03 16:57:31,287 - tensor([  903, 11894, 12019], device='mps:0')
2024-02-03 16:57:31,288 - Classification Succeeds.
2024-02-03 16:57:31,289 - Link Generation Fails.
2024-02-03 16:58:12,146 - Victim node is 8158.
2024-02-03 16:58:12,146 - tensor([ 1920,  7056, 15841], device='mps:0')
2024-02-03 16:58:12,148 - Classification Fails.
2024-02-03 16:58:12,148 - Link Generation Fails.
2024-02-03 16:59:00,920 - Victim node is 16970.
2024-02-03 16:59:00,920 - tensor([19724, 19732, 19734], device='mps:0')
2024-02-03 16:59:00,922 - Classification Fails.
2024-02-03 16:59:00,922 - Link Generation Succeeds.
2024-02-03 16:59:49,826 - Victim node is 8162.
2024-02-03 16:59:49,826 - tensor([19719, 19729, 19730], device='mps:0')
2024-02-03 16:59:49,828 - Classification Fails.
2024-02-03 16:59:49,828 - Link Generation Succeeds.
2024-02-03 17:00:34,750 - Victim node is 10572.
2024-02-03 17:00:34,750 - tensor([  903,  8626, 19892], device='mps:0')
2024-02-03 17:00:34,752 - Classification Succeeds.
2024-02-03 17:00:34,753 - Link Generation Succeeds.
2024-02-03 17:01:24,024 - Victim node is 10966.
2024-02-03 17:01:24,024 - tensor([ 1920,  5375, 11024], device='mps:0')
2024-02-03 17:01:24,026 - Classification Succeeds.
2024-02-03 17:01:24,026 - Link Generation Fails.
2024-02-03 17:02:05,098 - Victim node is 18032.
2024-02-03 17:02:05,098 - tensor([ 1920, 12019, 15841], device='mps:0')
2024-02-03 17:02:05,100 - Classification Succeeds.
2024-02-03 17:02:05,101 - Link Generation Fails.
2024-02-03 17:02:54,415 - Victim node is 1563.
2024-02-03 17:02:54,415 - tensor([ 1205,  9471, 13940], device='mps:0')
2024-02-03 17:02:54,417 - Classification Fails.
2024-02-03 17:02:54,417 - Link Generation Fails.
2024-02-03 17:03:35,643 - Victim node is 5638.
2024-02-03 17:03:35,643 - tensor([ 1205, 19727, 19757], device='mps:0')
2024-02-03 17:03:35,645 - Classification Fails.
2024-02-03 17:03:35,645 - Link Generation Succeeds.
2024-02-03 17:04:16,486 - Victim node is 11212.
2024-02-03 17:04:16,486 - tensor([ 1205, 11816, 13940], device='mps:0')
2024-02-03 17:04:16,488 - Classification Fails.
2024-02-03 17:04:16,488 - Link Generation Fails.
2024-02-03 17:05:05,547 - Victim node is 15480.
2024-02-03 17:05:05,547 - tensor([ 1920,  7056, 15841], device='mps:0')
2024-02-03 17:05:05,548 - Classification Fails.
2024-02-03 17:05:05,549 - Link Generation Fails.
2024-02-03 17:05:46,160 - Victim node is 12812.
2024-02-03 17:05:46,160 - tensor([19730, 19739, 19744], device='mps:0')
2024-02-03 17:05:46,162 - Classification Succeeds.
2024-02-03 17:05:46,162 - Link Generation Succeeds.
2024-02-03 17:06:26,727 - Victim node is 15425.
2024-02-03 17:06:26,727 - tensor([19719, 19720, 19722], device='mps:0')
2024-02-03 17:06:26,728 - Classification Succeeds.
2024-02-03 17:06:26,729 - Link Generation Succeeds.
2024-02-03 17:07:07,293 - Victim node is 160.
2024-02-03 17:07:07,293 - tensor([11450, 12019, 19726], device='mps:0')
2024-02-03 17:07:07,294 - Classification Fails.
2024-02-03 17:07:07,295 - Link Generation Succeeds.
2024-02-03 17:07:48,723 - Victim node is 6398.
2024-02-03 17:07:48,723 - tensor([19743, 19744, 19751], device='mps:0')
2024-02-03 17:07:48,725 - Classification Fails.
2024-02-03 17:07:48,725 - Link Generation Succeeds.
2024-02-03 17:08:38,244 - Victim node is 7912.
2024-02-03 17:08:38,244 - tensor([ 7056, 19720, 19728], device='mps:0')
2024-02-03 17:08:38,245 - Classification Fails.
2024-02-03 17:08:38,246 - Link Generation Succeeds.
2024-02-03 17:09:19,371 - Victim node is 15311.
2024-02-03 17:09:19,371 - tensor([ 7056, 11024, 14893], device='mps:0')
2024-02-03 17:09:19,373 - Classification Succeeds.
2024-02-03 17:09:19,374 - Link Generation Fails.
2024-02-03 17:10:01,580 - Victim node is 2929.
2024-02-03 17:10:01,580 - tensor([  903,  1205, 12019], device='mps:0')
2024-02-03 17:10:01,582 - Classification Succeeds.
2024-02-03 17:10:01,582 - Link Generation Fails.
2024-02-03 17:10:42,691 - Victim node is 16565.
2024-02-03 17:10:42,691 - tensor([ 1920,  7056, 17194], device='mps:0')
2024-02-03 17:10:42,692 - Classification Succeeds.
2024-02-03 17:10:42,693 - Link Generation Fails.
2024-02-03 17:11:22,968 - Victim node is 9631.
2024-02-03 17:11:22,968 - tensor([ 5375, 11024, 11450], device='mps:0')
2024-02-03 17:11:22,970 - Classification Succeeds.
2024-02-03 17:11:22,970 - Link Generation Fails.
2024-02-03 17:12:12,057 - Victim node is 5680.
2024-02-03 17:12:12,057 - tensor([ 1920,  7056, 14044], device='mps:0')
2024-02-03 17:12:12,059 - Classification Succeeds.
2024-02-03 17:12:12,059 - Link Generation Fails.
2024-02-03 17:13:01,089 - Victim node is 1546.
2024-02-03 17:13:01,089 - tensor([  903, 12019, 16214], device='mps:0')
2024-02-03 17:13:01,091 - Classification Succeeds.
2024-02-03 17:13:01,091 - Link Generation Fails.
2024-02-03 17:13:42,100 - Victim node is 9194.
2024-02-03 17:13:42,100 - tensor([ 1205, 13940, 19742], device='mps:0')
2024-02-03 17:13:42,102 - Classification Succeeds.
2024-02-03 17:13:42,102 - Link Generation Succeeds.
2024-02-03 17:14:24,795 - Victim node is 17510.
2024-02-03 17:14:24,795 - tensor([ 1205, 12019, 19816], device='mps:0')
2024-02-03 17:14:24,797 - Classification Succeeds.
2024-02-03 17:14:24,798 - Link Generation Succeeds.
2024-02-03 17:15:13,074 - Victim node is 10780.
2024-02-03 17:15:13,074 - tensor([ 1920,  2361, 12019], device='mps:0')
2024-02-03 17:15:13,076 - Classification Fails.
2024-02-03 17:15:13,076 - Link Generation Fails.
2024-02-03 17:15:54,338 - Victim node is 543.
2024-02-03 17:15:54,339 - tensor([  357,  1205, 12019], device='mps:0')
2024-02-03 17:15:54,340 - Classification Succeeds.
2024-02-03 17:15:54,341 - Link Generation Fails.
2024-02-03 17:16:35,048 - Victim node is 13470.
2024-02-03 17:16:35,048 - tensor([  903,  1205, 12019], device='mps:0')
2024-02-03 17:16:35,049 - Classification Succeeds.
2024-02-03 17:16:35,050 - Link Generation Fails.
2024-02-03 17:17:26,885 - Victim node is 17977.
2024-02-03 17:17:26,885 - tensor([ 1205, 13940, 19738], device='mps:0')
2024-02-03 17:17:26,886 - Classification Succeeds.
2024-02-03 17:17:26,887 - Link Generation Succeeds.
2024-02-03 17:18:06,914 - Victim node is 9962.
2024-02-03 17:18:06,914 - tensor([19734, 19742, 19748], device='mps:0')
2024-02-03 17:18:06,915 - Classification Fails.
2024-02-03 17:18:06,916 - Link Generation Succeeds.
2024-02-03 17:18:46,544 - Victim node is 3598.
2024-02-03 17:18:46,544 - tensor([ 7056, 14044, 19720], device='mps:0')
2024-02-03 17:18:46,545 - Classification Fails.
2024-02-03 17:18:46,546 - Link Generation Succeeds.
2024-02-03 17:19:34,785 - Victim node is 5031.
2024-02-03 17:19:34,785 - tensor([ 1205, 13940, 19720], device='mps:0')
2024-02-03 17:19:34,786 - Classification Succeeds.
2024-02-03 17:19:34,787 - Link Generation Succeeds.
2024-02-03 17:20:15,695 - Victim node is 5389.
2024-02-03 17:20:15,695 - tensor([ 1205, 13940, 19728], device='mps:0')
2024-02-03 17:20:15,696 - Classification Fails.
2024-02-03 17:20:15,697 - Link Generation Succeeds.
2024-02-03 17:20:56,639 - Victim node is 8466.
2024-02-03 17:20:56,639 - tensor([  903,  1205, 12019], device='mps:0')
2024-02-03 17:20:56,641 - Classification Succeeds.
2024-02-03 17:20:56,641 - Link Generation Fails.
2024-02-03 17:21:46,793 - Victim node is 17549.
2024-02-03 17:21:46,793 - tensor([ 1920,  7056, 19727], device='mps:0')
2024-02-03 17:21:46,795 - Classification Fails.
2024-02-03 17:21:46,795 - Link Generation Succeeds.
2024-02-03 17:22:25,407 - Victim node is 13028.
2024-02-03 17:22:25,407 - tensor([19771, 19795, 19827], device='mps:0')
2024-02-03 17:22:25,409 - Classification Succeeds.
2024-02-03 17:22:25,409 - Link Generation Succeeds.
2024-02-03 17:23:14,850 - Victim node is 7880.
2024-02-03 17:23:14,850 - tensor([19717, 19723, 19730], device='mps:0')
2024-02-03 17:23:14,852 - Classification Succeeds.
2024-02-03 17:23:14,852 - Link Generation Succeeds.
2024-02-03 17:24:06,861 - Victim node is 10818.
2024-02-03 17:24:06,861 - tensor([ 1920,  7056, 19743], device='mps:0')
2024-02-03 17:24:06,863 - Classification Succeeds.
2024-02-03 17:24:06,863 - Link Generation Succeeds.
2024-02-03 17:24:57,791 - Victim node is 12409.
2024-02-03 17:24:57,792 - tensor([19720, 19772, 19783], device='mps:0')
2024-02-03 17:24:57,793 - Classification Fails.
2024-02-03 17:24:57,793 - Link Generation Succeeds.
2024-02-03 17:25:45,895 - Victim node is 17004.
2024-02-03 17:25:45,895 - tensor([19719, 19731, 19734], device='mps:0')
2024-02-03 17:25:45,896 - Classification Succeeds.
2024-02-03 17:25:45,897 - Link Generation Succeeds.
2024-02-03 17:26:26,197 - Victim node is 16409.
2024-02-03 17:26:26,197 - tensor([ 1205, 13940, 17019], device='mps:0')
2024-02-03 17:26:26,199 - Classification Succeeds.
2024-02-03 17:26:26,199 - Link Generation Fails.
2024-02-03 17:27:15,007 - Victim node is 14273.
2024-02-03 17:27:15,007 - tensor([ 1205, 12019, 19723], device='mps:0')
2024-02-03 17:27:15,009 - Classification Fails.
2024-02-03 17:27:15,010 - Link Generation Succeeds.
2024-02-03 17:27:54,752 - Victim node is 11556.
2024-02-03 17:27:54,752 - tensor([19730, 19733, 19746], device='mps:0')
2024-02-03 17:27:54,754 - Classification Fails.
2024-02-03 17:27:54,754 - Link Generation Succeeds.
2024-02-03 17:28:45,312 - Victim node is 3830.
2024-02-03 17:28:45,312 - tensor([19719, 19734, 19735], device='mps:0')
2024-02-03 17:28:45,314 - Classification Fails.
2024-02-03 17:28:45,314 - Link Generation Succeeds.
2024-02-03 17:29:26,576 - Victim node is 7393.
2024-02-03 17:29:26,576 - tensor([ 1205, 13940, 19782], device='mps:0')
2024-02-03 17:29:26,578 - Classification Succeeds.
2024-02-03 17:29:26,578 - Link Generation Succeeds.
2024-02-03 17:30:18,583 - Victim node is 16664.
2024-02-03 17:30:18,583 - tensor([  903,  1205, 13940], device='mps:0')
2024-02-03 17:30:18,585 - Classification Succeeds.
2024-02-03 17:30:18,586 - Link Generation Fails.
2024-02-03 17:30:58,829 - Victim node is 7004.
2024-02-03 17:30:58,829 - tensor([ 1920,  7056, 14044], device='mps:0')
2024-02-03 17:30:58,831 - Classification Fails.
2024-02-03 17:30:58,832 - Link Generation Fails.
2024-02-03 17:31:47,367 - Victim node is 15332.
2024-02-03 17:31:47,367 - tensor([ 5375, 14893, 19726], device='mps:0')
2024-02-03 17:31:47,369 - Classification Succeeds.
2024-02-03 17:31:47,370 - Link Generation Succeeds.
2024-02-03 17:32:34,705 - Victim node is 12019.
2024-02-03 17:32:34,706 - tensor([357, 370, 616], device='mps:0')
2024-02-03 17:32:34,708 - Classification Succeeds.
2024-02-03 17:32:34,708 - Link Generation Fails.
2024-02-03 17:33:23,474 - Victim node is 13244.
2024-02-03 17:33:23,474 - tensor([19719, 19720, 19721], device='mps:0')
2024-02-03 17:33:23,476 - Classification Succeeds.
2024-02-03 17:33:23,476 - Link Generation Succeeds.
2024-02-03 17:34:02,417 - Victim node is 12631.
2024-02-03 17:34:02,417 - tensor([19718, 19721, 19722], device='mps:0')
2024-02-03 17:34:02,418 - Classification Fails.
2024-02-03 17:34:02,419 - Link Generation Succeeds.
2024-02-03 17:34:40,897 - Victim node is 11397.
2024-02-03 17:34:40,897 - tensor([ 7056, 19741, 19743], device='mps:0')
2024-02-03 17:34:40,898 - Classification Succeeds.
2024-02-03 17:34:40,899 - Link Generation Succeeds.
2024-02-03 17:35:20,415 - Victim node is 366.
2024-02-03 17:35:20,415 - tensor([ 1205, 19755, 19764], device='mps:0')
2024-02-03 17:35:20,417 - Classification Fails.
2024-02-03 17:35:20,418 - Link Generation Succeeds.
2024-02-03 17:35:59,281 - Victim node is 8137.
2024-02-03 17:35:59,281 - tensor([ 7056, 19722, 19728], device='mps:0')
2024-02-03 17:35:59,282 - Classification Fails.
2024-02-03 17:35:59,283 - Link Generation Succeeds.
2024-02-03 17:36:39,924 - Victim node is 6431.
2024-02-03 17:36:39,924 - tensor([ 7056, 19721, 19722], device='mps:0')
2024-02-03 17:36:39,926 - Classification Fails.
2024-02-03 17:36:39,926 - Link Generation Succeeds.
2024-02-03 17:37:20,338 - Victim node is 8425.
2024-02-03 17:37:20,338 - tensor([19718, 19719, 19742], device='mps:0')
2024-02-03 17:37:20,340 - Classification Succeeds.
2024-02-03 17:37:20,340 - Link Generation Succeeds.
2024-02-03 17:38:01,335 - Victim node is 9397.
2024-02-03 17:38:01,335 - tensor([ 1205, 12019, 16214], device='mps:0')
2024-02-03 17:38:01,337 - Classification Fails.
2024-02-03 17:38:01,338 - Link Generation Fails.
2024-02-03 17:38:51,666 - Victim node is 17896.
2024-02-03 17:38:51,667 - tensor([19717, 19726, 19730], device='mps:0')
2024-02-03 17:38:51,668 - Classification Fails.
2024-02-03 17:38:51,668 - Link Generation Succeeds.
2024-02-03 17:39:32,281 - Victim node is 3336.
2024-02-03 17:39:32,281 - tensor([19747, 19798, 19803], device='mps:0')
2024-02-03 17:39:32,282 - Classification Succeeds.
2024-02-03 17:39:32,283 - Link Generation Succeeds.
2024-02-03 17:40:12,293 - Victim node is 12403.
2024-02-03 17:40:12,293 - tensor([ 1205, 13940, 19747], device='mps:0')
2024-02-03 17:40:12,295 - Classification Succeeds.
2024-02-03 17:40:12,296 - Link Generation Succeeds.
2024-02-03 17:40:52,831 - Victim node is 256.
2024-02-03 17:40:52,831 - tensor([19719, 19723, 19724], device='mps:0')
2024-02-03 17:40:52,833 - Classification Fails.
2024-02-03 17:40:52,833 - Link Generation Succeeds.
2024-02-03 17:41:41,604 - Victim node is 14977.
2024-02-03 17:41:41,604 - tensor([19745, 19755, 19783], device='mps:0')
2024-02-03 17:41:41,606 - Classification Fails.
2024-02-03 17:41:41,606 - Link Generation Succeeds.
2024-02-03 17:42:32,416 - Victim node is 8395.
2024-02-03 17:42:32,416 - tensor([  357,  1205, 13940], device='mps:0')
2024-02-03 17:42:32,418 - Classification Succeeds.
2024-02-03 17:42:32,419 - Link Generation Fails.
2024-02-03 17:43:20,251 - Victim node is 10505.
2024-02-03 17:43:20,251 - tensor([ 7056, 19721, 19730], device='mps:0')
2024-02-03 17:43:20,253 - Classification Fails.
2024-02-03 17:43:20,254 - Link Generation Succeeds.
2024-02-03 17:43:59,402 - Victim node is 11650.
2024-02-03 17:43:59,402 - tensor([19717, 19721, 19722], device='mps:0')
2024-02-03 17:43:59,403 - Classification Succeeds.
2024-02-03 17:43:59,404 - Link Generation Succeeds.
2024-02-03 17:44:47,575 - Victim node is 326.
2024-02-03 17:44:47,575 - tensor([ 1205, 11816, 13940], device='mps:0')
2024-02-03 17:44:47,576 - Classification Succeeds.
2024-02-03 17:44:47,577 - Link Generation Fails.
2024-02-03 17:45:32,548 - Victim node is 5728.
2024-02-03 17:45:32,548 - tensor([ 1205,  9471, 19741], device='mps:0')
2024-02-03 17:45:32,550 - Classification Succeeds.
2024-02-03 17:45:32,551 - Link Generation Succeeds.
2024-02-03 17:46:24,849 - Victim node is 3226.
2024-02-03 17:46:24,850 - tensor([  903,  4058, 12019], device='mps:0')
2024-02-03 17:46:24,851 - Classification Succeeds.
2024-02-03 17:46:24,852 - Link Generation Fails.
2024-02-03 17:47:08,424 - Victim node is 14637.
2024-02-03 17:47:08,424 - tensor([ 1205, 11816, 13940], device='mps:0')
2024-02-03 17:47:08,430 - Classification Succeeds.
2024-02-03 17:47:08,431 - Link Generation Fails.
2024-02-03 17:48:01,821 - Victim node is 14729.
2024-02-03 17:48:01,821 - tensor([19726, 19731, 19770], device='mps:0')
2024-02-03 17:48:01,822 - Classification Fails.
2024-02-03 17:48:01,823 - Link Generation Succeeds.
2024-02-03 17:48:55,225 - Victim node is 16589.
2024-02-03 17:48:55,225 - tensor([19717, 19719, 19725], device='mps:0')
2024-02-03 17:48:55,227 - Classification Fails.
2024-02-03 17:48:55,227 - Link Generation Succeeds.
2024-02-03 17:49:41,800 - Victim node is 15734.
2024-02-03 17:49:41,800 - tensor([19788, 19795, 19842], device='mps:0')
2024-02-03 17:49:41,802 - Classification Succeeds.
2024-02-03 17:49:41,802 - Link Generation Succeeds.
2024-02-03 17:50:35,575 - Victim node is 9246.
2024-02-03 17:50:35,575 - tensor([19717, 19720, 19727], device='mps:0')
2024-02-03 17:50:35,577 - Classification Fails.
2024-02-03 17:50:35,577 - Link Generation Succeeds.
2024-02-03 17:51:29,683 - Victim node is 17890.
2024-02-03 17:51:29,683 - tensor([ 1205, 11816, 13940], device='mps:0')
2024-02-03 17:51:29,685 - Classification Succeeds.
2024-02-03 17:51:29,686 - Link Generation Fails.
2024-02-03 17:52:15,144 - Victim node is 1479.
2024-02-03 17:52:15,145 - tensor([ 1205, 19720, 19734], device='mps:0')
2024-02-03 17:52:15,146 - Classification Succeeds.
2024-02-03 17:52:15,147 - Link Generation Succeeds.
2024-02-03 17:53:00,950 - Victim node is 8270.
2024-02-03 17:53:00,950 - tensor([ 4938,  7056, 19718], device='mps:0')
2024-02-03 17:53:00,952 - Classification Fails.
2024-02-03 17:53:00,953 - Link Generation Succeeds.
2024-02-03 17:53:46,089 - Victim node is 11838.
2024-02-03 17:53:46,089 - tensor([ 1920, 19725, 19726], device='mps:0')
2024-02-03 17:53:46,090 - Classification Succeeds.
2024-02-03 17:53:46,091 - Link Generation Succeeds.
2024-02-03 17:54:40,549 - Victim node is 1914.
2024-02-03 17:54:40,549 - tensor([ 1205, 12019, 13940], device='mps:0')
2024-02-03 17:54:40,550 - Classification Fails.
2024-02-03 17:54:40,551 - Link Generation Fails.
2024-02-03 17:54:40,551 - Misclassification Rate: 0.4470
2024-02-03 17:54:40,551 - Link Generation Rate: 0.6410
