2024-02-02 08:35:56,632 - Victim node is 5535.
2024-02-02 08:35:56,632 - tensor([2198, 2239, 7652], device='cuda:0')
2024-02-02 08:35:56,636 - Classification Succeeds.
2024-02-02 08:35:56,637 - Link Generation Succeeds.
2024-02-02 08:40:59,315 - Victim node is 4050.
2024-02-02 08:40:59,315 - tensor([ 593, 2239, 4376], device='cuda:0')
2024-02-02 08:40:59,316 - Classification Fails.
2024-02-02 08:40:59,316 - Link Generation Fails.
2024-02-02 08:46:00,310 - Victim node is 1900.
2024-02-02 08:46:00,310 - tensor([ 932, 4237, 7460], device='cuda:0')
2024-02-02 08:46:00,311 - Classification Succeeds.
2024-02-02 08:46:00,311 - Link Generation Fails.
2024-02-02 08:51:02,163 - Victim node is 3248.
2024-02-02 08:51:02,164 - tensor([7650, 7651, 7652], device='cuda:0')
2024-02-02 08:51:02,165 - Classification Succeeds.
2024-02-02 08:51:02,165 - Link Generation Succeeds.
2024-02-02 08:56:02,416 - Victim node is 2953.
2024-02-02 08:56:02,416 - tensor([ 593, 2198, 2239], device='cuda:0')
2024-02-02 08:56:02,418 - Classification Succeeds.
2024-02-02 08:56:02,418 - Link Generation Fails.
2024-02-02 09:01:05,401 - Victim node is 1192.
2024-02-02 09:01:05,401 - tensor([7650, 7651, 7652], device='cuda:0')
2024-02-02 09:01:05,403 - Classification Fails.
2024-02-02 09:01:05,403 - Link Generation Succeeds.
2024-02-02 09:06:08,290 - Victim node is 2750.
2024-02-02 09:06:08,290 - tensor([ 593, 2198, 2239], device='cuda:0')
2024-02-02 09:06:08,290 - Classification Fails.
2024-02-02 09:06:08,290 - Link Generation Fails.
2024-02-02 09:11:10,564 - Victim node is 212.
2024-02-02 09:11:10,564 - tensor([ 593, 2198, 2239], device='cuda:0')
2024-02-02 09:11:10,565 - Classification Succeeds.
2024-02-02 09:11:10,565 - Link Generation Fails.
2024-02-02 09:16:10,227 - Victim node is 99.
2024-02-02 09:16:10,228 - tensor([ 593, 2239, 6702], device='cuda:0')
2024-02-02 09:16:10,228 - Classification Succeeds.
2024-02-02 09:16:10,228 - Link Generation Fails.
2024-02-02 09:21:11,359 - Victim node is 4336.
2024-02-02 09:21:11,359 - tensor([11, 16, 17], device='cuda:0')
2024-02-02 09:21:11,360 - Classification Succeeds.
2024-02-02 09:21:11,360 - Link Generation Fails.
2024-02-02 09:26:12,229 - Victim node is 4123.
2024-02-02 09:26:12,229 - tensor([ 593, 2198, 2239], device='cuda:0')
2024-02-02 09:26:12,229 - Classification Succeeds.
2024-02-02 09:26:12,229 - Link Generation Fails.
2024-02-02 09:31:12,228 - Victim node is 5713.
2024-02-02 09:31:12,228 - tensor([6130, 7460, 7620], device='cuda:0')
2024-02-02 09:31:12,229 - Classification Succeeds.
2024-02-02 09:31:12,229 - Link Generation Fails.
2024-02-02 09:36:11,580 - Victim node is 6355.
2024-02-02 09:36:11,580 - tensor([4237, 7460, 7620], device='cuda:0')
2024-02-02 09:36:11,580 - Classification Succeeds.
2024-02-02 09:36:11,580 - Link Generation Fails.
2024-02-02 09:41:12,438 - Victim node is 3333.
2024-02-02 09:41:12,438 - tensor([7650, 7651, 7652], device='cuda:0')
2024-02-02 09:41:12,438 - Classification Succeeds.
2024-02-02 09:41:12,438 - Link Generation Succeeds.
2024-02-02 09:46:15,349 - Victim node is 3617.
2024-02-02 09:46:15,349 - tensor([2198, 3578, 4376], device='cuda:0')
2024-02-02 09:46:15,350 - Classification Fails.
2024-02-02 09:46:15,350 - Link Generation Fails.
2024-02-02 09:51:25,239 - Victim node is 4933.
2024-02-02 09:51:25,240 - tensor([ 593, 2198, 4376], device='cuda:0')
2024-02-02 09:51:25,240 - Classification Succeeds.
2024-02-02 09:51:25,240 - Link Generation Fails.
2024-02-02 09:56:26,958 - Victim node is 1720.
2024-02-02 09:56:26,958 - tensor([7650, 7651, 7652], device='cuda:0')
2024-02-02 09:56:26,959 - Classification Fails.
2024-02-02 09:56:26,959 - Link Generation Succeeds.
2024-02-02 10:01:32,291 - Victim node is 3498.
2024-02-02 10:01:32,291 - tensor([4646, 7460, 7620], device='cuda:0')
2024-02-02 10:01:32,292 - Classification Fails.
2024-02-02 10:01:32,292 - Link Generation Fails.
2024-02-02 10:06:45,780 - Victim node is 5094.
2024-02-02 10:06:45,781 - tensor([7650, 7651, 7652], device='cuda:0')
2024-02-02 10:06:45,781 - Classification Succeeds.
2024-02-02 10:06:45,781 - Link Generation Succeeds.
2024-02-02 10:12:03,304 - Victim node is 2229.
2024-02-02 10:12:03,304 - tensor([  80, 6551, 6702], device='cuda:0')
2024-02-02 10:12:03,305 - Classification Succeeds.
2024-02-02 10:12:03,305 - Link Generation Fails.
2024-02-02 10:17:19,292 - Victim node is 5791.
2024-02-02 10:17:19,293 - tensor([ 593, 2198, 2239], device='cuda:0')
2024-02-02 10:17:19,293 - Classification Succeeds.
2024-02-02 10:17:19,293 - Link Generation Fails.
2024-02-02 10:22:37,937 - Victim node is 2509.
2024-02-02 10:22:37,937 - tensor([ 526, 2198, 4376], device='cuda:0')
2024-02-02 10:22:37,938 - Classification Succeeds.
2024-02-02 10:22:37,938 - Link Generation Fails.
2024-02-02 10:27:58,851 - Victim node is 2395.
2024-02-02 10:27:58,851 - tensor([ 593, 2198, 2239], device='cuda:0')
2024-02-02 10:27:58,851 - Classification Succeeds.
2024-02-02 10:27:58,851 - Link Generation Fails.
2024-02-02 10:33:16,445 - Victim node is 7537.
2024-02-02 10:33:16,445 - tensor([7650, 7651, 7652], device='cuda:0')
2024-02-02 10:33:16,446 - Classification Succeeds.
2024-02-02 10:33:16,446 - Link Generation Succeeds.
2024-02-02 10:38:29,559 - Victim node is 704.
2024-02-02 10:38:29,559 - tensor([7650, 7651, 7652], device='cuda:0')
2024-02-02 10:38:29,560 - Classification Fails.
2024-02-02 10:38:29,560 - Link Generation Succeeds.
2024-02-02 10:43:42,858 - Victim node is 5666.
2024-02-02 10:43:42,858 - tensor([4646, 6130, 7620], device='cuda:0')
2024-02-02 10:43:42,859 - Classification Succeeds.
2024-02-02 10:43:42,859 - Link Generation Fails.
2024-02-02 10:52:02,698 - Victim node is 2561.
2024-02-02 10:52:02,698 - tensor([7650, 7651, 7652], device='cuda:0')
2024-02-02 10:52:02,701 - Classification Fails.
2024-02-02 10:52:02,701 - Link Generation Succeeds.
2024-02-02 11:01:24,743 - Victim node is 5866.
2024-02-02 11:01:24,743 - tensor([ 593, 2198, 6702], device='cuda:0')
2024-02-02 11:01:24,743 - Classification Fails.
2024-02-02 11:01:24,744 - Link Generation Fails.
2024-02-02 11:10:51,687 - Victim node is 4012.
2024-02-02 11:10:51,687 - tensor([2239, 4376, 6702], device='cuda:0')
2024-02-02 11:10:51,688 - Classification Succeeds.
2024-02-02 11:10:51,688 - Link Generation Fails.
2024-02-02 11:16:27,113 - Victim node is 3810.
2024-02-02 11:16:27,113 - tensor([6130, 7460, 7620], device='cuda:0')
2024-02-02 11:16:27,114 - Classification Succeeds.
2024-02-02 11:16:27,114 - Link Generation Fails.
2024-02-02 11:21:47,940 - Victim node is 4487.
2024-02-02 11:21:47,941 - tensor([7650, 7651, 7652], device='cuda:0')
2024-02-02 11:21:47,941 - Classification Fails.
2024-02-02 11:21:47,941 - Link Generation Succeeds.
2024-02-02 11:27:09,081 - Victim node is 3072.
2024-02-02 11:27:09,081 - tensor([ 593, 4376, 6702], device='cuda:0')
2024-02-02 11:27:09,082 - Classification Succeeds.
2024-02-02 11:27:09,082 - Link Generation Fails.
2024-02-02 11:32:29,807 - Victim node is 1534.
2024-02-02 11:32:29,807 - tensor([4646, 6130, 7620], device='cuda:0')
2024-02-02 11:32:29,807 - Classification Succeeds.
2024-02-02 11:32:29,807 - Link Generation Fails.
2024-02-02 11:37:50,529 - Victim node is 7080.
2024-02-02 11:37:50,529 - tensor([7650, 7651, 7652], device='cuda:0')
2024-02-02 11:37:50,529 - Classification Fails.
2024-02-02 11:37:50,529 - Link Generation Succeeds.
2024-02-02 11:43:07,545 - Victim node is 4628.
2024-02-02 11:43:07,545 - tensor([4237, 7460, 7620], device='cuda:0')
2024-02-02 11:43:07,545 - Classification Succeeds.
2024-02-02 11:43:07,545 - Link Generation Fails.
2024-02-02 11:48:26,538 - Victim node is 2921.
2024-02-02 11:48:26,538 - tensor([2239, 4376, 4805], device='cuda:0')
2024-02-02 11:48:26,538 - Classification Fails.
2024-02-02 11:48:26,540 - Link Generation Fails.
2024-02-02 11:53:41,736 - Victim node is 4360.
2024-02-02 11:53:41,736 - tensor([7650, 7651, 7652], device='cuda:0')
2024-02-02 11:53:41,736 - Classification Fails.
2024-02-02 11:53:41,736 - Link Generation Succeeds.
2024-02-02 11:58:48,051 - Victim node is 5576.
2024-02-02 11:58:48,051 - tensor([ 593, 2198, 4376], device='cuda:0')
2024-02-02 11:58:48,051 - Classification Succeeds.
2024-02-02 11:58:48,051 - Link Generation Fails.
2024-02-02 12:04:00,557 - Victim node is 7493.
2024-02-02 12:04:00,557 - tensor([11, 12, 16], device='cuda:0')
2024-02-02 12:04:00,557 - Classification Fails.
2024-02-02 12:04:00,558 - Link Generation Fails.
2024-02-02 12:09:22,294 - Victim node is 2973.
2024-02-02 12:09:22,294 - tensor([ 593, 2198, 4376], device='cuda:0')
2024-02-02 12:09:22,294 - Classification Fails.
2024-02-02 12:09:22,295 - Link Generation Fails.
2024-02-02 12:14:43,000 - Victim node is 6032.
2024-02-02 12:14:43,000 - tensor([7650, 7651, 7652], device='cuda:0')
2024-02-02 12:14:43,000 - Classification Fails.
2024-02-02 12:14:43,001 - Link Generation Succeeds.
2024-02-02 12:20:03,711 - Victim node is 2692.
2024-02-02 12:20:03,711 - tensor([ 593, 2198, 4376], device='cuda:0')
2024-02-02 12:20:03,712 - Classification Succeeds.
2024-02-02 12:20:03,712 - Link Generation Fails.
2024-02-02 12:25:23,177 - Victim node is 2676.
2024-02-02 12:25:23,177 - tensor([ 593, 2198, 4376], device='cuda:0')
2024-02-02 12:25:23,177 - Classification Succeeds.
2024-02-02 12:25:23,177 - Link Generation Fails.
2024-02-02 12:30:34,445 - Victim node is 1750.
2024-02-02 12:30:34,445 - tensor([6130, 7460, 7620], device='cuda:0')
2024-02-02 12:30:34,446 - Classification Succeeds.
2024-02-02 12:30:34,446 - Link Generation Fails.
2024-02-02 12:35:38,880 - Victim node is 5805.
2024-02-02 12:35:38,880 - tensor([4237, 7460, 7620], device='cuda:0')
2024-02-02 12:35:38,881 - Classification Succeeds.
2024-02-02 12:35:38,881 - Link Generation Fails.
2024-02-02 12:40:45,504 - Victim node is 4108.
2024-02-02 12:40:45,504 - tensor([7460, 7620, 7650], device='cuda:0')
2024-02-02 12:40:45,504 - Classification Fails.
2024-02-02 12:40:45,504 - Link Generation Succeeds.
2024-02-02 12:45:55,449 - Victim node is 356.
2024-02-02 12:45:55,449 - tensor([4646, 6130, 7620], device='cuda:0')
2024-02-02 12:45:55,449 - Classification Succeeds.
2024-02-02 12:45:55,450 - Link Generation Fails.
2024-02-02 12:51:12,059 - Victim node is 7054.
2024-02-02 12:51:12,059 - tensor([  80,  593, 6702], device='cuda:0')
2024-02-02 12:51:12,059 - Classification Succeeds.
2024-02-02 12:51:12,060 - Link Generation Fails.
2024-02-02 12:56:29,698 - Victim node is 5068.
2024-02-02 12:56:29,699 - tensor([ 593, 2198, 2239], device='cuda:0')
2024-02-02 12:56:29,699 - Classification Fails.
2024-02-02 12:56:29,699 - Link Generation Fails.
2024-02-02 13:01:47,218 - Victim node is 4506.
2024-02-02 13:01:47,218 - tensor([7650, 7651, 7652], device='cuda:0')
2024-02-02 13:01:47,218 - Classification Fails.
2024-02-02 13:01:47,218 - Link Generation Succeeds.
2024-02-02 13:07:02,373 - Victim node is 4511.
2024-02-02 13:07:02,373 - tensor([1058, 4805, 5132], device='cuda:0')
2024-02-02 13:07:02,373 - Classification Succeeds.
2024-02-02 13:07:02,373 - Link Generation Fails.
2024-02-02 13:12:19,116 - Victim node is 405.
2024-02-02 13:12:19,116 - tensor([ 593, 2198, 4376], device='cuda:0')
2024-02-02 13:12:19,117 - Classification Fails.
2024-02-02 13:12:19,117 - Link Generation Fails.
2024-02-02 13:17:35,760 - Victim node is 333.
2024-02-02 13:17:35,761 - tensor([4237, 7460, 7620], device='cuda:0')
2024-02-02 13:17:35,761 - Classification Succeeds.
2024-02-02 13:17:35,761 - Link Generation Fails.
2024-02-02 13:22:47,460 - Victim node is 4237.
2024-02-02 13:22:47,461 - tensor([7650, 7651, 7652], device='cuda:0')
2024-02-02 13:22:47,461 - Classification Succeeds.
2024-02-02 13:22:47,461 - Link Generation Succeeds.
2024-02-02 13:27:54,078 - Victim node is 6873.
2024-02-02 13:27:54,078 - tensor([6130, 7460, 7620], device='cuda:0')
2024-02-02 13:27:54,078 - Classification Succeeds.
2024-02-02 13:27:54,078 - Link Generation Fails.
2024-02-02 13:33:04,619 - Victim node is 6535.
2024-02-02 13:33:04,620 - tensor([ 593, 2198, 4376], device='cuda:0')
2024-02-02 13:33:04,620 - Classification Succeeds.
2024-02-02 13:33:04,620 - Link Generation Fails.
2024-02-02 13:38:14,704 - Victim node is 3349.
2024-02-02 13:38:14,704 - tensor([7650, 7651, 7652], device='cuda:0')
2024-02-02 13:38:14,705 - Classification Fails.
2024-02-02 13:38:14,705 - Link Generation Succeeds.
2024-02-02 13:43:25,812 - Victim node is 330.
2024-02-02 13:43:25,812 - tensor([7650, 7651, 7652], device='cuda:0')
2024-02-02 13:43:25,813 - Classification Fails.
2024-02-02 13:43:25,813 - Link Generation Succeeds.
2024-02-02 13:48:35,495 - Victim node is 5506.
2024-02-02 13:48:35,495 - tensor([7650, 7651, 7652], device='cuda:0')
2024-02-02 13:48:35,495 - Classification Succeeds.
2024-02-02 13:48:35,495 - Link Generation Succeeds.
2024-02-02 13:53:43,428 - Victim node is 4955.
2024-02-02 13:53:43,428 - tensor([4237, 7460, 7620], device='cuda:0')
2024-02-02 13:53:43,428 - Classification Fails.
2024-02-02 13:53:43,428 - Link Generation Fails.
2024-02-02 13:58:52,709 - Victim node is 3672.
2024-02-02 13:58:52,709 - tensor([2239, 4805, 6702], device='cuda:0')
2024-02-02 13:58:52,709 - Classification Fails.
2024-02-02 13:58:52,709 - Link Generation Fails.
2024-02-02 14:04:03,677 - Victim node is 3175.
2024-02-02 14:04:03,677 - tensor([11, 13, 16], device='cuda:0')
2024-02-02 14:04:03,677 - Classification Succeeds.
2024-02-02 14:04:03,677 - Link Generation Fails.
2024-02-02 14:09:12,675 - Victim node is 1596.
2024-02-02 14:09:12,675 - tensor([ 593, 2198, 2239], device='cuda:0')
2024-02-02 14:09:12,675 - Classification Succeeds.
2024-02-02 14:09:12,676 - Link Generation Fails.
2024-02-02 14:14:20,282 - Victim node is 2131.
2024-02-02 14:14:20,282 - tensor([ 593, 2198, 2239], device='cuda:0')
2024-02-02 14:14:20,282 - Classification Succeeds.
2024-02-02 14:14:20,282 - Link Generation Fails.
2024-02-02 14:19:27,213 - Victim node is 3445.
2024-02-02 14:19:27,213 - tensor([1058, 4384, 5404], device='cuda:0')
2024-02-02 14:19:27,214 - Classification Succeeds.
2024-02-02 14:19:27,214 - Link Generation Fails.
2024-02-02 14:24:33,880 - Victim node is 4551.
2024-02-02 14:24:33,880 - tensor([ 932, 7460, 7620], device='cuda:0')
2024-02-02 14:24:33,881 - Classification Succeeds.
2024-02-02 14:24:33,881 - Link Generation Fails.
2024-02-02 14:29:40,141 - Victim node is 2001.
2024-02-02 14:29:40,141 - tensor([ 593, 4376, 6702], device='cuda:0')
2024-02-02 14:29:40,141 - Classification Fails.
2024-02-02 14:29:40,143 - Link Generation Fails.
2024-02-02 14:34:47,092 - Victim node is 2040.
2024-02-02 14:34:47,092 - tensor([ 593, 2198, 7652], device='cuda:0')
2024-02-02 14:34:47,093 - Classification Fails.
2024-02-02 14:34:47,093 - Link Generation Succeeds.
2024-02-02 14:39:52,556 - Victim node is 6500.
2024-02-02 14:39:52,556 - tensor([7651, 7653, 7654], device='cuda:0')
2024-02-02 14:39:52,556 - Classification Succeeds.
2024-02-02 14:39:52,556 - Link Generation Succeeds.
2024-02-02 14:45:05,944 - Victim node is 1910.
2024-02-02 14:45:05,944 - tensor([ 593, 2198, 4376], device='cuda:0')
2024-02-02 14:45:05,944 - Classification Succeeds.
2024-02-02 14:45:05,945 - Link Generation Fails.
2024-02-02 14:50:18,720 - Victim node is 1199.
2024-02-02 14:50:18,720 - tensor([ 593, 2198, 4376], device='cuda:0')
2024-02-02 14:50:18,721 - Classification Succeeds.
2024-02-02 14:50:18,721 - Link Generation Fails.
2024-02-02 14:58:19,958 - Victim node is 7177.
2024-02-02 14:58:19,958 - tensor([ 593, 2198, 2239], device='cuda:0')
2024-02-02 14:58:19,958 - Classification Succeeds.
2024-02-02 14:58:19,958 - Link Generation Fails.
2024-02-02 15:07:42,128 - Victim node is 6472.
2024-02-02 15:07:42,130 - tensor([ 932, 4237, 7460], device='cuda:0')
2024-02-02 15:07:42,131 - Classification Succeeds.
2024-02-02 15:07:42,131 - Link Generation Fails.
2024-02-02 15:16:09,557 - Victim node is 6137.
2024-02-02 15:16:09,557 - tensor([ 593, 5404, 6702], device='cuda:0')
2024-02-02 15:16:09,558 - Classification Succeeds.
2024-02-02 15:16:09,558 - Link Generation Fails.
2024-02-02 15:25:18,063 - Victim node is 6465.
2024-02-02 15:25:18,064 - tensor([ 593, 2198, 4376], device='cuda:0')
2024-02-02 15:25:18,067 - Classification Succeeds.
2024-02-02 15:25:18,067 - Link Generation Fails.
2024-02-02 15:34:27,890 - Victim node is 160.
2024-02-02 15:34:27,890 - tensor([4237, 7460, 7620], device='cuda:0')
2024-02-02 15:34:27,890 - Classification Succeeds.
2024-02-02 15:34:27,890 - Link Generation Fails.
2024-02-02 15:42:04,343 - Victim node is 6380.
2024-02-02 15:42:04,343 - tensor([3578, 4906, 6433], device='cuda:0')
2024-02-02 15:42:04,344 - Classification Succeeds.
2024-02-02 15:42:04,344 - Link Generation Fails.
2024-02-02 15:47:21,515 - Victim node is 6912.
2024-02-02 15:47:21,515 - tensor([7650, 7651, 7652], device='cuda:0')
2024-02-02 15:47:21,516 - Classification Succeeds.
2024-02-02 15:47:21,516 - Link Generation Succeeds.
2024-02-02 15:52:38,012 - Victim node is 2556.
2024-02-02 15:52:38,012 - tensor([ 593, 2198, 2239], device='cuda:0')
2024-02-02 15:52:38,013 - Classification Succeeds.
2024-02-02 15:52:38,013 - Link Generation Fails.
2024-02-02 15:57:54,023 - Victim node is 6356.
2024-02-02 15:57:54,024 - tensor([7650, 7651, 7652], device='cuda:0')
2024-02-02 15:57:54,024 - Classification Succeeds.
2024-02-02 15:57:54,024 - Link Generation Succeeds.
2024-02-02 16:03:10,012 - Victim node is 2217.
2024-02-02 16:03:10,012 - tensor([6130, 7460, 7620], device='cuda:0')
2024-02-02 16:03:10,012 - Classification Succeeds.
2024-02-02 16:03:10,012 - Link Generation Fails.
2024-02-02 16:08:26,152 - Victim node is 7146.
2024-02-02 16:08:26,152 - tensor([7650, 7651, 7652], device='cuda:0')
2024-02-02 16:08:26,153 - Classification Fails.
2024-02-02 16:08:26,153 - Link Generation Succeeds.
2024-02-02 16:13:33,818 - Victim node is 4127.
2024-02-02 16:13:33,818 - tensor([2198, 2239, 4376], device='cuda:0')
2024-02-02 16:13:33,819 - Classification Succeeds.
2024-02-02 16:13:33,819 - Link Generation Fails.
2024-02-02 16:18:40,850 - Victim node is 2181.
2024-02-02 16:18:40,850 - tensor([7650, 7651, 7652], device='cuda:0')
2024-02-02 16:18:40,851 - Classification Fails.
2024-02-02 16:18:40,851 - Link Generation Succeeds.
2024-02-02 16:23:46,341 - Victim node is 7282.
2024-02-02 16:23:46,341 - tensor([7650, 7651, 7652], device='cuda:0')
2024-02-02 16:23:46,341 - Classification Fails.
2024-02-02 16:23:46,342 - Link Generation Succeeds.
2024-02-02 16:29:07,818 - Victim node is 5753.
2024-02-02 16:29:07,818 - tensor([2260, 4666, 7620], device='cuda:0')
2024-02-02 16:29:07,818 - Classification Succeeds.
2024-02-02 16:29:07,818 - Link Generation Fails.
2024-02-02 16:34:07,683 - Victim node is 681.
2024-02-02 16:34:07,683 - tensor([3383, 4646, 7362], device='cuda:0')
2024-02-02 16:34:07,684 - Classification Succeeds.
2024-02-02 16:34:07,684 - Link Generation Fails.
2024-02-02 16:39:09,330 - Victim node is 2584.
2024-02-02 16:39:09,330 - tensor([ 593, 2198, 4376], device='cuda:0')
2024-02-02 16:39:09,330 - Classification Fails.
2024-02-02 16:39:09,330 - Link Generation Fails.
2024-02-02 16:44:10,041 - Victim node is 6508.
2024-02-02 16:44:10,041 - tensor([ 593, 2198, 4376], device='cuda:0')
2024-02-02 16:44:10,042 - Classification Succeeds.
2024-02-02 16:44:10,042 - Link Generation Fails.
2024-02-02 16:49:10,332 - Victim node is 5019.
2024-02-02 16:49:10,332 - tensor([7650, 7651, 7652], device='cuda:0')
2024-02-02 16:49:10,333 - Classification Succeeds.
2024-02-02 16:49:10,333 - Link Generation Succeeds.
2024-02-02 16:54:10,361 - Victim node is 4945.
2024-02-02 16:54:10,361 - tensor([7650, 7651, 7652], device='cuda:0')
2024-02-02 16:54:10,361 - Classification Succeeds.
2024-02-02 16:54:10,361 - Link Generation Succeeds.
2024-02-02 16:59:09,716 - Victim node is 2519.
2024-02-02 16:59:09,716 - tensor([ 593, 2198, 2239], device='cuda:0')
2024-02-02 16:59:09,716 - Classification Succeeds.
2024-02-02 16:59:09,716 - Link Generation Fails.
2024-02-02 17:04:10,658 - Victim node is 3743.
2024-02-02 17:04:10,658 - tensor([ 526, 7651, 7654], device='cuda:0')
2024-02-02 17:04:10,659 - Classification Fails.
2024-02-02 17:04:10,659 - Link Generation Succeeds.
2024-02-02 17:09:11,136 - Victim node is 509.
2024-02-02 17:09:11,136 - tensor([ 593, 2198, 4376], device='cuda:0')
2024-02-02 17:09:11,136 - Classification Succeeds.
2024-02-02 17:09:11,136 - Link Generation Fails.
2024-02-02 17:14:10,772 - Victim node is 4155.
2024-02-02 17:14:10,772 - tensor([ 593, 4805, 6702], device='cuda:0')
2024-02-02 17:14:10,773 - Classification Succeeds.
2024-02-02 17:14:10,773 - Link Generation Fails.
2024-02-02 17:19:10,335 - Victim node is 3435.
2024-02-02 17:19:10,335 - tensor([ 593, 2198, 4376], device='cuda:0')
2024-02-02 17:19:10,335 - Classification Succeeds.
2024-02-02 17:19:10,335 - Link Generation Fails.
2024-02-02 17:24:09,226 - Victim node is 4756.
2024-02-02 17:24:09,226 - tensor([ 932, 4237, 7460], device='cuda:0')
2024-02-02 17:24:09,227 - Classification Succeeds.
2024-02-02 17:24:09,227 - Link Generation Fails.
2024-02-02 17:29:09,750 - Victim node is 6130.
2024-02-02 17:29:09,750 - tensor([7650, 7651, 7652], device='cuda:0')
2024-02-02 17:29:09,750 - Classification Succeeds.
2024-02-02 17:29:09,750 - Link Generation Succeeds.
2024-02-02 17:34:09,937 - Victim node is 1845.
2024-02-02 17:34:09,937 - tensor([7650, 7652, 7653], device='cuda:0')
2024-02-02 17:34:09,937 - Classification Fails.
2024-02-02 17:34:09,937 - Link Generation Succeeds.
2024-02-02 17:39:10,112 - Victim node is 2411.
2024-02-02 17:39:10,112 - tensor([7460, 7620, 7651], device='cuda:0')
2024-02-02 17:39:10,112 - Classification Fails.
2024-02-02 17:39:10,112 - Link Generation Succeeds.
2024-02-02 17:44:09,232 - Victim node is 1601.
2024-02-02 17:44:09,232 - tensor([ 593, 2198, 4376], device='cuda:0')
2024-02-02 17:44:09,232 - Classification Succeeds.
2024-02-02 17:44:09,232 - Link Generation Fails.
2024-02-02 17:49:08,378 - Victim node is 2305.
2024-02-02 17:49:08,378 - tensor([7620, 7652, 7653], device='cuda:0')
2024-02-02 17:49:08,378 - Classification Succeeds.
2024-02-02 17:49:08,378 - Link Generation Succeeds.
2024-02-02 17:54:07,969 - Victim node is 5946.
2024-02-02 17:54:07,969 - tensor([4646, 6433, 7620], device='cuda:0')
2024-02-02 17:54:07,970 - Classification Succeeds.
2024-02-02 17:54:07,970 - Link Generation Fails.
2024-02-02 17:59:07,781 - Victim node is 621.
2024-02-02 17:59:07,781 - tensor([3200, 4646, 7620], device='cuda:0')
2024-02-02 17:59:07,782 - Classification Succeeds.
2024-02-02 17:59:07,782 - Link Generation Fails.
2024-02-02 18:04:07,517 - Victim node is 4361.
2024-02-02 18:04:07,518 - tensor([7650, 7651, 7654], device='cuda:0')
2024-02-02 18:04:07,518 - Classification Succeeds.
2024-02-02 18:04:07,518 - Link Generation Succeeds.
2024-02-02 18:09:07,792 - Victim node is 4995.
2024-02-02 18:09:07,792 - tensor([4237, 7460, 7620], device='cuda:0')
2024-02-02 18:09:07,792 - Classification Succeeds.
2024-02-02 18:09:07,792 - Link Generation Fails.
2024-02-02 18:14:08,375 - Victim node is 411.
2024-02-02 18:14:08,375 - tensor([  80,  593, 4376], device='cuda:0')
2024-02-02 18:14:08,376 - Classification Succeeds.
2024-02-02 18:14:08,376 - Link Generation Fails.
2024-02-02 18:19:08,006 - Victim node is 2062.
2024-02-02 18:19:08,006 - tensor([ 593, 2198, 2239], device='cuda:0')
2024-02-02 18:19:08,006 - Classification Succeeds.
2024-02-02 18:19:08,006 - Link Generation Fails.
2024-02-02 18:24:07,134 - Victim node is 2770.
2024-02-02 18:24:07,134 - tensor([ 593, 2239, 6702], device='cuda:0')
2024-02-02 18:24:07,134 - Classification Succeeds.
2024-02-02 18:24:07,135 - Link Generation Fails.
2024-02-02 18:29:07,421 - Victim node is 7039.
2024-02-02 18:29:07,421 - tensor([ 593, 2198, 2239], device='cuda:0')
2024-02-02 18:29:07,422 - Classification Succeeds.
2024-02-02 18:29:07,422 - Link Generation Fails.
2024-02-02 18:34:06,229 - Victim node is 6396.
2024-02-02 18:34:06,229 - tensor([1759, 7460, 7620], device='cuda:0')
2024-02-02 18:34:06,229 - Classification Succeeds.
2024-02-02 18:34:06,230 - Link Generation Fails.
2024-02-02 18:39:06,823 - Victim node is 372.
2024-02-02 18:39:06,823 - tensor([ 593, 4376, 6702], device='cuda:0')
2024-02-02 18:39:06,823 - Classification Fails.
2024-02-02 18:39:06,823 - Link Generation Fails.
2024-02-02 18:44:06,616 - Victim node is 3234.
2024-02-02 18:44:06,616 - tensor([  80, 4384, 6551], device='cuda:0')
2024-02-02 18:44:06,617 - Classification Succeeds.
2024-02-02 18:44:06,617 - Link Generation Fails.
2024-02-02 18:49:06,181 - Victim node is 6598.
2024-02-02 18:49:06,181 - tensor([4237, 7460, 7620], device='cuda:0')
2024-02-02 18:49:06,181 - Classification Succeeds.
2024-02-02 18:49:06,181 - Link Generation Fails.
2024-02-02 18:54:05,162 - Victim node is 7307.
2024-02-02 18:54:05,162 - tensor([ 593, 2198, 2239], device='cuda:0')
2024-02-02 18:54:05,162 - Classification Succeeds.
2024-02-02 18:54:05,162 - Link Generation Fails.
2024-02-02 18:59:05,435 - Victim node is 6590.
2024-02-02 18:59:05,435 - tensor([7651, 7652, 7654], device='cuda:0')
2024-02-02 18:59:05,436 - Classification Fails.
2024-02-02 18:59:05,436 - Link Generation Succeeds.
2024-02-02 19:04:05,749 - Victim node is 6696.
2024-02-02 19:04:05,749 - tensor([ 593, 2198, 2239], device='cuda:0')
2024-02-02 19:04:05,750 - Classification Succeeds.
2024-02-02 19:04:05,750 - Link Generation Fails.
2024-02-02 19:09:06,657 - Victim node is 2193.
2024-02-02 19:09:06,657 - tensor([7650, 7651, 7652], device='cuda:0')
2024-02-02 19:09:06,658 - Classification Fails.
2024-02-02 19:09:06,658 - Link Generation Succeeds.
2024-02-02 19:14:07,016 - Victim node is 3612.
2024-02-02 19:14:07,016 - tensor([2198, 2239, 4376], device='cuda:0')
2024-02-02 19:14:07,016 - Classification Succeeds.
2024-02-02 19:14:07,017 - Link Generation Fails.
2024-02-02 19:19:06,285 - Victim node is 5619.
2024-02-02 19:19:06,285 - tensor([4237, 7460, 7620], device='cuda:0')
2024-02-02 19:19:06,285 - Classification Succeeds.
2024-02-02 19:19:06,285 - Link Generation Fails.
2024-02-02 19:24:05,881 - Victim node is 4949.
2024-02-02 19:24:05,881 - tensor([ 593, 2198, 2239], device='cuda:0')
2024-02-02 19:24:05,882 - Classification Succeeds.
2024-02-02 19:24:05,882 - Link Generation Fails.
2024-02-02 19:29:06,662 - Victim node is 669.
2024-02-02 19:29:06,662 - tensor([ 593, 2239, 4376], device='cuda:0')
2024-02-02 19:29:06,663 - Classification Succeeds.
2024-02-02 19:29:06,663 - Link Generation Fails.
2024-02-02 19:34:05,621 - Victim node is 7313.
2024-02-02 19:34:05,621 - tensor([ 593, 2198, 6702], device='cuda:0')
2024-02-02 19:34:05,621 - Classification Fails.
2024-02-02 19:34:05,621 - Link Generation Fails.
2024-02-02 19:39:06,664 - Victim node is 4720.
2024-02-02 19:39:06,664 - tensor([11, 13, 16], device='cuda:0')
2024-02-02 19:39:06,664 - Classification Succeeds.
2024-02-02 19:39:06,664 - Link Generation Fails.
2024-02-02 19:44:05,870 - Victim node is 5161.
2024-02-02 19:44:05,871 - tensor([7650, 7651, 7652], device='cuda:0')
2024-02-02 19:44:05,871 - Classification Succeeds.
2024-02-02 19:44:05,871 - Link Generation Succeeds.
2024-02-02 19:49:04,909 - Victim node is 2879.
2024-02-02 19:49:04,909 - tensor([ 593, 2198, 2239], device='cuda:0')
2024-02-02 19:49:04,909 - Classification Succeeds.
2024-02-02 19:49:04,909 - Link Generation Fails.
2024-02-02 19:54:04,507 - Victim node is 1562.
2024-02-02 19:54:04,507 - tensor([ 593, 2198, 4376], device='cuda:0')
2024-02-02 19:54:04,507 - Classification Succeeds.
2024-02-02 19:54:04,507 - Link Generation Fails.
2024-02-02 19:59:05,037 - Victim node is 6291.
2024-02-02 19:59:05,037 - tensor([ 593, 2239, 4376], device='cuda:0')
2024-02-02 19:59:05,037 - Classification Succeeds.
2024-02-02 19:59:05,037 - Link Generation Fails.
2024-02-02 20:04:05,429 - Victim node is 3062.
2024-02-02 20:04:05,429 - tensor([2198, 2239, 4376], device='cuda:0')
2024-02-02 20:04:05,429 - Classification Succeeds.
2024-02-02 20:04:05,430 - Link Generation Fails.
2024-02-02 20:09:06,132 - Victim node is 898.
2024-02-02 20:09:06,132 - tensor([ 593, 2198, 4376], device='cuda:0')
2024-02-02 20:09:06,133 - Classification Succeeds.
2024-02-02 20:09:06,133 - Link Generation Fails.
2024-02-02 20:14:05,968 - Victim node is 3000.
2024-02-02 20:14:05,968 - tensor([7650, 7651, 7652], device='cuda:0')
2024-02-02 20:14:05,968 - Classification Fails.
2024-02-02 20:14:05,968 - Link Generation Succeeds.
2024-02-02 20:19:05,863 - Victim node is 5330.
2024-02-02 20:19:05,863 - tensor([4376, 4384, 5404], device='cuda:0')
2024-02-02 20:19:05,864 - Classification Succeeds.
2024-02-02 20:19:05,864 - Link Generation Fails.
2024-02-02 20:24:05,350 - Victim node is 2668.
2024-02-02 20:24:05,351 - tensor([7650, 7651, 7652], device='cuda:0')
2024-02-02 20:24:05,351 - Classification Fails.
2024-02-02 20:24:05,351 - Link Generation Succeeds.
2024-02-02 20:29:06,125 - Victim node is 6098.
2024-02-02 20:29:06,125 - tensor([ 593, 2239, 6702], device='cuda:0')
2024-02-02 20:29:06,125 - Classification Succeeds.
2024-02-02 20:29:06,125 - Link Generation Fails.
2024-02-02 20:34:05,821 - Victim node is 5181.
2024-02-02 20:34:05,821 - tensor([ 593, 2198, 4376], device='cuda:0')
2024-02-02 20:34:05,822 - Classification Succeeds.
2024-02-02 20:34:05,822 - Link Generation Fails.
2024-02-02 20:39:06,955 - Victim node is 4226.
2024-02-02 20:39:06,955 - tensor([7650, 7651, 7652], device='cuda:0')
2024-02-02 20:39:06,955 - Classification Succeeds.
2024-02-02 20:39:06,955 - Link Generation Succeeds.
2024-02-02 20:44:06,587 - Victim node is 1897.
2024-02-02 20:44:06,587 - tensor([7650, 7651, 7652], device='cuda:0')
2024-02-02 20:44:06,587 - Classification Succeeds.
2024-02-02 20:44:06,587 - Link Generation Succeeds.
2024-02-02 20:49:05,974 - Victim node is 2715.
2024-02-02 20:49:05,974 - tensor([7650, 7651, 7652], device='cuda:0')
2024-02-02 20:49:05,975 - Classification Succeeds.
2024-02-02 20:49:05,975 - Link Generation Succeeds.
2024-02-02 20:54:05,476 - Victim node is 7478.
2024-02-02 20:54:05,476 - tensor([ 593, 2198, 2239], device='cuda:0')
2024-02-02 20:54:05,477 - Classification Succeeds.
2024-02-02 20:54:05,477 - Link Generation Fails.
2024-02-02 20:59:06,096 - Victim node is 5913.
2024-02-02 20:59:06,096 - tensor([7650, 7651, 7652], device='cuda:0')
2024-02-02 20:59:06,096 - Classification Succeeds.
2024-02-02 20:59:06,096 - Link Generation Succeeds.
2024-02-02 21:04:05,522 - Victim node is 2448.
2024-02-02 21:04:05,523 - tensor([7620, 7653, 7654], device='cuda:0')
2024-02-02 21:04:05,523 - Classification Succeeds.
2024-02-02 21:04:05,524 - Link Generation Succeeds.
2024-02-02 21:09:05,777 - Victim node is 2091.
2024-02-02 21:09:05,777 - tensor([ 593, 2198, 2239], device='cuda:0')
2024-02-02 21:09:05,778 - Classification Fails.
2024-02-02 21:09:05,778 - Link Generation Fails.
2024-02-02 21:14:05,799 - Victim node is 4731.
2024-02-02 21:14:05,799 - tensor([ 593, 2198, 2239], device='cuda:0')
2024-02-02 21:14:05,799 - Classification Succeeds.
2024-02-02 21:14:05,799 - Link Generation Fails.
2024-02-02 21:19:06,177 - Victim node is 3105.
2024-02-02 21:19:06,177 - tensor([2239, 4376, 4805], device='cuda:0')
2024-02-02 21:19:06,178 - Classification Succeeds.
2024-02-02 21:19:06,178 - Link Generation Fails.
2024-02-02 21:24:06,082 - Victim node is 1761.
2024-02-02 21:24:06,082 - tensor([ 593, 2198, 4376], device='cuda:0')
2024-02-02 21:24:06,083 - Classification Succeeds.
2024-02-02 21:24:06,083 - Link Generation Fails.
2024-02-02 21:29:07,192 - Victim node is 3286.
2024-02-02 21:29:07,192 - tensor([ 593, 2198, 4376], device='cuda:0')
2024-02-02 21:29:07,192 - Classification Succeeds.
2024-02-02 21:29:07,192 - Link Generation Fails.
2024-02-02 21:34:07,288 - Victim node is 870.
2024-02-02 21:34:07,288 - tensor([7650, 7651, 7652], device='cuda:0')
2024-02-02 21:34:07,288 - Classification Succeeds.
2024-02-02 21:34:07,289 - Link Generation Succeeds.
2024-02-02 21:39:08,343 - Victim node is 1529.
2024-02-02 21:39:08,343 - tensor([ 593, 2198, 4376], device='cuda:0')
2024-02-02 21:39:08,344 - Classification Succeeds.
2024-02-02 21:39:08,344 - Link Generation Fails.
2024-02-02 21:44:08,968 - Victim node is 5597.
2024-02-02 21:44:08,968 - tensor([ 593, 2198, 2239], device='cuda:0')
2024-02-02 21:44:08,969 - Classification Succeeds.
2024-02-02 21:44:08,969 - Link Generation Fails.
2024-02-02 21:49:09,024 - Victim node is 2597.
2024-02-02 21:49:09,024 - tensor([7650, 7651, 7652], device='cuda:0')
2024-02-02 21:49:09,024 - Classification Fails.
2024-02-02 21:49:09,024 - Link Generation Succeeds.
2024-02-02 21:54:08,656 - Victim node is 7574.
2024-02-02 21:54:08,656 - tensor([7650, 7651, 7652], device='cuda:0')
2024-02-02 21:54:08,657 - Classification Succeeds.
2024-02-02 21:54:08,657 - Link Generation Succeeds.
2024-02-02 21:59:08,962 - Victim node is 495.
2024-02-02 21:59:08,962 - tensor([2198, 2239, 7330], device='cuda:0')
2024-02-02 21:59:08,963 - Classification Succeeds.
2024-02-02 21:59:08,963 - Link Generation Fails.
2024-02-02 22:04:09,218 - Victim node is 646.
2024-02-02 22:04:09,218 - tensor([3200, 6433, 7620], device='cuda:0')
2024-02-02 22:04:09,219 - Classification Fails.
2024-02-02 22:04:09,219 - Link Generation Fails.
2024-02-02 22:09:10,974 - Victim node is 2809.
2024-02-02 22:09:10,974 - tensor([ 593, 2198, 2239], device='cuda:0')
2024-02-02 22:09:10,974 - Classification Succeeds.
2024-02-02 22:09:10,974 - Link Generation Fails.
2024-02-02 22:14:11,188 - Victim node is 4011.
2024-02-02 22:14:11,188 - tensor([ 593, 2198, 4376], device='cuda:0')
2024-02-02 22:14:11,189 - Classification Succeeds.
2024-02-02 22:14:11,189 - Link Generation Fails.
2024-02-02 22:19:11,452 - Victim node is 5317.
2024-02-02 22:19:11,452 - tensor([7650, 7652, 7653], device='cuda:0')
2024-02-02 22:19:11,452 - Classification Fails.
2024-02-02 22:19:11,452 - Link Generation Succeeds.
2024-02-02 22:24:11,155 - Victim node is 4505.
2024-02-02 22:24:11,155 - tensor([7650, 7651, 7652], device='cuda:0')
2024-02-02 22:24:11,155 - Classification Fails.
2024-02-02 22:24:11,155 - Link Generation Succeeds.
2024-02-02 22:29:10,800 - Victim node is 1498.
2024-02-02 22:29:10,801 - tensor([2198, 2239, 4376], device='cuda:0')
2024-02-02 22:29:10,801 - Classification Succeeds.
2024-02-02 22:29:10,801 - Link Generation Fails.
2024-02-02 22:34:10,972 - Victim node is 2812.
2024-02-02 22:34:10,972 - tensor([4376, 4384, 6702], device='cuda:0')
2024-02-02 22:34:10,972 - Classification Succeeds.
2024-02-02 22:34:10,972 - Link Generation Fails.
2024-02-02 22:39:12,065 - Victim node is 729.
2024-02-02 22:39:12,066 - tensor([7650, 7651, 7652], device='cuda:0')
2024-02-02 22:39:12,066 - Classification Fails.
2024-02-02 22:39:12,066 - Link Generation Succeeds.
2024-02-02 22:44:12,525 - Victim node is 3226.
2024-02-02 22:44:12,525 - tensor([3748, 4805, 5881], device='cuda:0')
2024-02-02 22:44:12,526 - Classification Succeeds.
2024-02-02 22:44:12,526 - Link Generation Fails.
2024-02-02 22:49:12,280 - Victim node is 5979.
2024-02-02 22:49:12,280 - tensor([  80, 1058, 4384], device='cuda:0')
2024-02-02 22:49:12,281 - Classification Succeeds.
2024-02-02 22:49:12,281 - Link Generation Fails.
2024-02-02 22:54:12,077 - Victim node is 5415.
2024-02-02 22:54:12,077 - tensor([3895, 5132, 6551], device='cuda:0')
2024-02-02 22:54:12,078 - Classification Succeeds.
2024-02-02 22:54:12,078 - Link Generation Fails.
2024-02-02 22:59:12,816 - Victim node is 6174.
2024-02-02 22:59:12,816 - tensor([ 593, 2198, 4376], device='cuda:0')
2024-02-02 22:59:12,816 - Classification Fails.
2024-02-02 22:59:12,816 - Link Generation Fails.
2024-02-02 23:04:12,874 - Victim node is 1992.
2024-02-02 23:04:12,874 - tensor([7650, 7651, 7652], device='cuda:0')
2024-02-02 23:04:12,875 - Classification Fails.
2024-02-02 23:04:12,875 - Link Generation Succeeds.
2024-02-02 23:09:13,501 - Victim node is 1187.
2024-02-02 23:09:13,501 - tensor([7650, 7651, 7652], device='cuda:0')
2024-02-02 23:09:13,501 - Classification Fails.
2024-02-02 23:09:13,501 - Link Generation Succeeds.
2024-02-02 23:14:13,743 - Victim node is 2002.
2024-02-02 23:14:13,743 - tensor([ 593, 2198, 2239], device='cuda:0')
2024-02-02 23:14:13,744 - Classification Fails.
2024-02-02 23:14:13,744 - Link Generation Fails.
2024-02-02 23:19:13,889 - Victim node is 3468.
2024-02-02 23:19:13,890 - tensor([4237, 7460, 7620], device='cuda:0')
2024-02-02 23:19:13,890 - Classification Fails.
2024-02-02 23:19:13,890 - Link Generation Fails.
2024-02-02 23:24:13,900 - Victim node is 47.
2024-02-02 23:24:13,900 - tensor([ 593, 2198, 4376], device='cuda:0')
2024-02-02 23:24:13,901 - Classification Succeeds.
2024-02-02 23:24:13,901 - Link Generation Fails.
2024-02-02 23:29:14,459 - Victim node is 1680.
2024-02-02 23:29:14,459 - tensor([6130, 7460, 7620], device='cuda:0')
2024-02-02 23:29:14,459 - Classification Succeeds.
2024-02-02 23:29:14,459 - Link Generation Fails.
2024-02-02 23:34:14,173 - Victim node is 107.
2024-02-02 23:34:14,174 - tensor([ 593, 2198, 4376], device='cuda:0')
2024-02-02 23:34:14,174 - Classification Succeeds.
2024-02-02 23:34:14,174 - Link Generation Fails.
2024-02-02 23:39:14,728 - Victim node is 6681.
2024-02-02 23:39:14,728 - tensor([4237, 7460, 7620], device='cuda:0')
2024-02-02 23:39:14,729 - Classification Succeeds.
2024-02-02 23:39:14,729 - Link Generation Fails.
2024-02-02 23:44:17,184 - Victim node is 7099.
2024-02-02 23:44:17,184 - tensor([7650, 7651, 7653], device='cuda:0')
2024-02-02 23:44:17,184 - Classification Succeeds.
2024-02-02 23:44:17,184 - Link Generation Succeeds.
2024-02-02 23:49:17,337 - Victim node is 3943.
2024-02-02 23:49:17,337 - tensor([ 593, 2198, 4376], device='cuda:0')
2024-02-02 23:49:17,337 - Classification Succeeds.
2024-02-02 23:49:17,337 - Link Generation Fails.
2024-02-02 23:54:16,465 - Victim node is 7009.
2024-02-02 23:54:16,465 - tensor([2168, 4646, 7620], device='cuda:0')
2024-02-02 23:54:16,465 - Classification Succeeds.
2024-02-02 23:54:16,466 - Link Generation Fails.
2024-02-02 23:59:16,123 - Victim node is 5716.
2024-02-02 23:59:16,123 - tensor([ 593, 2198, 4376], device='cuda:0')
2024-02-02 23:59:16,123 - Classification Fails.
2024-02-02 23:59:16,123 - Link Generation Fails.
2024-02-03 00:04:15,847 - Victim node is 3382.
2024-02-03 00:04:15,847 - tensor([ 593, 2198, 4376], device='cuda:0')
2024-02-03 00:04:15,847 - Classification Succeeds.
2024-02-03 00:04:15,847 - Link Generation Fails.
2024-02-03 00:09:16,359 - Victim node is 2980.
2024-02-03 00:09:16,359 - tensor([ 593, 2198, 4376], device='cuda:0')
2024-02-03 00:09:16,359 - Classification Fails.
2024-02-03 00:09:16,359 - Link Generation Fails.
2024-02-03 00:14:16,257 - Victim node is 1513.
2024-02-03 00:14:16,257 - tensor([1058, 4384, 6551], device='cuda:0')
2024-02-03 00:14:16,258 - Classification Succeeds.
2024-02-03 00:14:16,258 - Link Generation Fails.
2024-02-03 00:19:15,573 - Victim node is 1997.
2024-02-03 00:19:15,573 - tensor([  80,  593, 4384], device='cuda:0')
2024-02-03 00:19:15,573 - Classification Succeeds.
2024-02-03 00:19:15,573 - Link Generation Fails.
2024-02-03 00:24:14,884 - Victim node is 4544.
2024-02-03 00:24:14,884 - tensor([7650, 7651, 7652], device='cuda:0')
2024-02-03 00:24:14,884 - Classification Fails.
2024-02-03 00:24:14,884 - Link Generation Succeeds.
2024-02-03 00:29:14,158 - Victim node is 7430.
2024-02-03 00:29:14,158 - tensor([7650, 7651, 7652], device='cuda:0')
2024-02-03 00:29:14,158 - Classification Fails.
2024-02-03 00:29:14,158 - Link Generation Succeeds.
2024-02-03 00:34:13,320 - Victim node is 986.
2024-02-03 00:34:13,320 - tensor([ 593, 2239, 6702], device='cuda:0')
2024-02-03 00:34:13,320 - Classification Fails.
2024-02-03 00:34:13,320 - Link Generation Fails.
2024-02-03 00:39:14,124 - Victim node is 5072.
2024-02-03 00:39:14,124 - tensor([ 593, 2198, 4376], device='cuda:0')
2024-02-03 00:39:14,125 - Classification Succeeds.
2024-02-03 00:39:14,125 - Link Generation Fails.
2024-02-03 00:44:14,165 - Victim node is 1114.
2024-02-03 00:44:14,166 - tensor([2198, 2239, 4376], device='cuda:0')
2024-02-03 00:44:14,166 - Classification Fails.
2024-02-03 00:44:14,166 - Link Generation Fails.
2024-02-03 00:49:13,945 - Victim node is 4640.
2024-02-03 00:49:13,945 - tensor([4237, 7460, 7620], device='cuda:0')
2024-02-03 00:49:13,946 - Classification Succeeds.
2024-02-03 00:49:13,946 - Link Generation Fails.
2024-02-03 00:54:13,816 - Victim node is 7542.
2024-02-03 00:54:13,816 - tensor([7650, 7651, 7652], device='cuda:0')
2024-02-03 00:54:13,817 - Classification Succeeds.
2024-02-03 00:54:13,817 - Link Generation Succeeds.
2024-02-03 00:59:14,142 - Victim node is 5345.
2024-02-03 00:59:14,142 - tensor([ 593, 2198, 4376], device='cuda:0')
2024-02-03 00:59:14,143 - Classification Succeeds.
2024-02-03 00:59:14,143 - Link Generation Fails.
2024-02-03 01:04:13,992 - Victim node is 7428.
2024-02-03 01:04:13,992 - tensor([7650, 7651, 7652], device='cuda:0')
2024-02-03 01:04:13,992 - Classification Succeeds.
2024-02-03 01:04:13,992 - Link Generation Succeeds.
2024-02-03 01:09:14,375 - Victim node is 3107.
2024-02-03 01:09:14,375 - tensor([7650, 7651, 7652], device='cuda:0')
2024-02-03 01:09:14,375 - Classification Fails.
2024-02-03 01:09:14,375 - Link Generation Succeeds.
2024-02-03 01:14:13,447 - Victim node is 7019.
2024-02-03 01:14:13,447 - tensor([7650, 7651, 7652], device='cuda:0')
2024-02-03 01:14:13,448 - Classification Succeeds.
2024-02-03 01:14:13,448 - Link Generation Succeeds.
2024-02-03 01:19:12,606 - Victim node is 4773.
2024-02-03 01:19:12,606 - tensor([11, 13, 16], device='cuda:0')
2024-02-03 01:19:12,606 - Classification Fails.
2024-02-03 01:19:12,606 - Link Generation Fails.
2024-02-03 01:24:11,924 - Victim node is 97.
2024-02-03 01:24:11,925 - tensor([1759, 7460, 7620], device='cuda:0')
2024-02-03 01:24:11,925 - Classification Succeeds.
2024-02-03 01:24:11,925 - Link Generation Fails.
2024-02-03 01:29:12,440 - Victim node is 576.
2024-02-03 01:29:12,440 - tensor([  80,  593, 2198], device='cuda:0')
2024-02-03 01:29:12,441 - Classification Fails.
2024-02-03 01:29:12,441 - Link Generation Fails.
2024-02-03 01:34:11,970 - Victim node is 4707.
2024-02-03 01:34:11,970 - tensor([ 593, 2198, 2239], device='cuda:0')
2024-02-03 01:34:11,971 - Classification Succeeds.
2024-02-03 01:34:11,971 - Link Generation Fails.
2024-02-03 01:39:12,238 - Victim node is 2999.
2024-02-03 01:39:12,239 - tensor([ 593, 2198, 7651], device='cuda:0')
2024-02-03 01:39:12,239 - Classification Fails.
2024-02-03 01:39:12,239 - Link Generation Succeeds.
2024-02-03 01:44:11,927 - Victim node is 1038.
2024-02-03 01:44:11,927 - tensor([ 593, 2198, 4376], device='cuda:0')
2024-02-03 01:44:11,928 - Classification Succeeds.
2024-02-03 01:44:11,928 - Link Generation Fails.
2024-02-03 01:49:11,675 - Victim node is 593.
2024-02-03 01:49:11,675 - tensor([28, 40, 73], device='cuda:0')
2024-02-03 01:49:11,675 - Classification Succeeds.
2024-02-03 01:49:11,675 - Link Generation Fails.
2024-02-03 01:54:11,111 - Victim node is 1277.
2024-02-03 01:54:11,111 - tensor([ 593, 2198, 4376], device='cuda:0')
2024-02-03 01:54:11,111 - Classification Fails.
2024-02-03 01:54:11,111 - Link Generation Fails.
2024-02-03 01:59:11,054 - Victim node is 3183.
2024-02-03 01:59:11,054 - tensor([2239, 4805, 6702], device='cuda:0')
2024-02-03 01:59:11,054 - Classification Succeeds.
2024-02-03 01:59:11,054 - Link Generation Fails.
2024-02-03 02:04:10,358 - Victim node is 1221.
2024-02-03 02:04:10,358 - tensor([ 593, 2198, 4376], device='cuda:0')
2024-02-03 02:04:10,359 - Classification Succeeds.
2024-02-03 02:04:10,359 - Link Generation Fails.
2024-02-03 02:09:09,276 - Victim node is 1397.
2024-02-03 02:09:09,276 - tensor([7652, 7653, 7654], device='cuda:0')
2024-02-03 02:09:09,277 - Classification Fails.
2024-02-03 02:09:09,277 - Link Generation Succeeds.
2024-02-03 02:14:09,624 - Victim node is 770.
2024-02-03 02:14:09,624 - tensor([ 593, 2239, 4376], device='cuda:0')
2024-02-03 02:14:09,624 - Classification Succeeds.
2024-02-03 02:14:09,624 - Link Generation Fails.
2024-02-03 02:19:09,087 - Victim node is 2645.
2024-02-03 02:19:09,087 - tensor([7650, 7651, 7652], device='cuda:0')
2024-02-03 02:19:09,087 - Classification Fails.
2024-02-03 02:19:09,087 - Link Generation Succeeds.
2024-02-03 02:24:08,335 - Victim node is 6420.
2024-02-03 02:24:08,335 - tensor([11, 17, 29], device='cuda:0')
2024-02-03 02:24:08,335 - Classification Succeeds.
2024-02-03 02:24:08,335 - Link Generation Fails.
2024-02-03 02:29:09,661 - Victim node is 1626.
2024-02-03 02:29:09,662 - tensor([4237, 7460, 7620], device='cuda:0')
2024-02-03 02:29:09,662 - Classification Succeeds.
2024-02-03 02:29:09,662 - Link Generation Fails.
2024-02-03 02:34:09,282 - Victim node is 2152.
2024-02-03 02:34:09,282 - tensor([ 593, 2198, 4376], device='cuda:0')
2024-02-03 02:34:09,282 - Classification Succeeds.
2024-02-03 02:34:09,283 - Link Generation Fails.
2024-02-03 02:39:09,448 - Victim node is 6468.
2024-02-03 02:39:09,449 - tensor([  80, 4376, 4805], device='cuda:0')
2024-02-03 02:39:09,449 - Classification Succeeds.
2024-02-03 02:39:09,449 - Link Generation Fails.
2024-02-03 02:44:09,739 - Victim node is 7060.
2024-02-03 02:44:09,740 - tensor([ 593, 2198, 4376], device='cuda:0')
2024-02-03 02:44:09,740 - Classification Succeeds.
2024-02-03 02:44:09,740 - Link Generation Fails.
2024-02-03 02:49:09,326 - Victim node is 3004.
2024-02-03 02:49:09,326 - tensor([ 593, 2198, 2239], device='cuda:0')
2024-02-03 02:49:09,326 - Classification Succeeds.
2024-02-03 02:49:09,326 - Link Generation Fails.
2024-02-03 02:54:09,500 - Victim node is 2207.
2024-02-03 02:54:09,500 - tensor([ 593, 2198, 4376], device='cuda:0')
2024-02-03 02:54:09,501 - Classification Succeeds.
2024-02-03 02:54:09,501 - Link Generation Fails.
2024-02-03 02:59:10,115 - Victim node is 2767.
2024-02-03 02:59:10,115 - tensor([11, 16, 17], device='cuda:0')
2024-02-03 02:59:10,115 - Classification Succeeds.
2024-02-03 02:59:10,115 - Link Generation Fails.
2024-02-03 03:04:10,027 - Victim node is 7300.
2024-02-03 03:04:10,027 - tensor([7650, 7651, 7654], device='cuda:0')
2024-02-03 03:04:10,027 - Classification Fails.
2024-02-03 03:04:10,027 - Link Generation Succeeds.
2024-02-03 03:09:09,954 - Victim node is 6433.
2024-02-03 03:09:09,954 - tensor([7650, 7653, 7654], device='cuda:0')
2024-02-03 03:09:09,955 - Classification Succeeds.
2024-02-03 03:09:09,955 - Link Generation Succeeds.
2024-02-03 03:14:09,534 - Victim node is 934.
2024-02-03 03:14:09,534 - tensor([ 593, 2198, 2239], device='cuda:0')
2024-02-03 03:14:09,535 - Classification Fails.
2024-02-03 03:14:09,535 - Link Generation Fails.
2024-02-03 03:19:08,959 - Victim node is 3802.
2024-02-03 03:19:08,960 - tensor([ 593, 2198, 2239], device='cuda:0')
2024-02-03 03:19:08,960 - Classification Succeeds.
2024-02-03 03:19:08,960 - Link Generation Fails.
2024-02-03 03:24:08,502 - Victim node is 2245.
2024-02-03 03:24:08,502 - tensor([7650, 7652, 7654], device='cuda:0')
2024-02-03 03:24:08,503 - Classification Fails.
2024-02-03 03:24:08,503 - Link Generation Succeeds.
2024-02-03 03:29:08,356 - Victim node is 4005.
2024-02-03 03:29:08,356 - tensor([7650, 7651, 7652], device='cuda:0')
2024-02-03 03:29:08,356 - Classification Succeeds.
2024-02-03 03:29:08,356 - Link Generation Succeeds.
2024-02-03 03:34:07,865 - Victim node is 3607.
2024-02-03 03:34:07,865 - tensor([2198, 2239, 4376], device='cuda:0')
2024-02-03 03:34:07,865 - Classification Succeeds.
2024-02-03 03:34:07,865 - Link Generation Fails.
2024-02-03 03:39:07,572 - Victim node is 7200.
2024-02-03 03:39:07,572 - tensor([7650, 7651, 7652], device='cuda:0')
2024-02-03 03:39:07,572 - Classification Succeeds.
2024-02-03 03:39:07,572 - Link Generation Succeeds.
2024-02-03 03:44:07,184 - Victim node is 616.
2024-02-03 03:44:07,184 - tensor([  80,  593, 2198], device='cuda:0')
2024-02-03 03:44:07,184 - Classification Succeeds.
2024-02-03 03:44:07,184 - Link Generation Fails.
2024-02-03 03:49:07,183 - Victim node is 1152.
2024-02-03 03:49:07,183 - tensor([1798, 3748, 3895], device='cuda:0')
2024-02-03 03:49:07,183 - Classification Succeeds.
2024-02-03 03:49:07,183 - Link Generation Fails.
2024-02-03 03:54:06,345 - Victim node is 5279.
2024-02-03 03:54:06,345 - tensor([7650, 7651, 7652], device='cuda:0')
2024-02-03 03:54:06,345 - Classification Fails.
2024-02-03 03:54:06,345 - Link Generation Succeeds.
2024-02-03 03:59:07,173 - Victim node is 1857.
2024-02-03 03:59:07,174 - tensor([7650, 7651, 7652], device='cuda:0')
2024-02-03 03:59:07,174 - Classification Succeeds.
2024-02-03 03:59:07,174 - Link Generation Succeeds.
2024-02-03 04:04:06,572 - Victim node is 7261.
2024-02-03 04:04:06,572 - tensor([7650, 7651, 7652], device='cuda:0')
2024-02-03 04:04:06,572 - Classification Fails.
2024-02-03 04:04:06,572 - Link Generation Succeeds.
2024-02-03 04:09:06,797 - Victim node is 7040.
2024-02-03 04:09:06,797 - tensor([ 593, 2198, 4376], device='cuda:0')
2024-02-03 04:09:06,797 - Classification Fails.
2024-02-03 04:09:06,797 - Link Generation Fails.
2024-02-03 04:14:06,793 - Victim node is 458.
2024-02-03 04:14:06,793 - tensor([7650, 7651, 7652], device='cuda:0')
2024-02-03 04:14:06,793 - Classification Succeeds.
2024-02-03 04:14:06,793 - Link Generation Succeeds.
2024-02-03 04:19:06,815 - Victim node is 650.
2024-02-03 04:19:06,815 - tensor([7650, 7651, 7652], device='cuda:0')
2024-02-03 04:19:06,816 - Classification Succeeds.
2024-02-03 04:19:06,816 - Link Generation Succeeds.
2024-02-03 04:24:06,271 - Victim node is 4766.
2024-02-03 04:24:06,271 - tensor([4237, 7460, 7620], device='cuda:0')
2024-02-03 04:24:06,272 - Classification Succeeds.
2024-02-03 04:24:06,272 - Link Generation Fails.
2024-02-03 04:29:06,418 - Victim node is 4174.
2024-02-03 04:29:06,418 - tensor([ 593, 2198, 4376], device='cuda:0')
2024-02-03 04:29:06,418 - Classification Succeeds.
2024-02-03 04:29:06,418 - Link Generation Fails.
2024-02-03 04:34:06,230 - Victim node is 7599.
2024-02-03 04:34:06,230 - tensor([ 593, 2198, 2239], device='cuda:0')
2024-02-03 04:34:06,231 - Classification Succeeds.
2024-02-03 04:34:06,231 - Link Generation Fails.
2024-02-03 04:39:06,582 - Victim node is 1276.
2024-02-03 04:39:06,582 - tensor([7650, 7653, 7654], device='cuda:0')
2024-02-03 04:39:06,582 - Classification Fails.
2024-02-03 04:39:06,582 - Link Generation Succeeds.
2024-02-03 04:44:06,197 - Victim node is 6238.
2024-02-03 04:44:06,197 - tensor([7650, 7651, 7652], device='cuda:0')
2024-02-03 04:44:06,198 - Classification Fails.
2024-02-03 04:44:06,198 - Link Generation Succeeds.
2024-02-03 04:49:06,046 - Victim node is 3263.
2024-02-03 04:49:06,046 - tensor([7620, 7651, 7653], device='cuda:0')
2024-02-03 04:49:06,047 - Classification Fails.
2024-02-03 04:49:06,047 - Link Generation Succeeds.
2024-02-03 04:54:05,399 - Victim node is 2837.
2024-02-03 04:54:05,399 - tensor([7650, 7651, 7652], device='cuda:0')
2024-02-03 04:54:05,399 - Classification Fails.
2024-02-03 04:54:05,399 - Link Generation Succeeds.
2024-02-03 04:59:05,234 - Victim node is 4717.
2024-02-03 04:59:05,234 - tensor([4237, 7460, 7620], device='cuda:0')
2024-02-03 04:59:05,236 - Classification Succeeds.
2024-02-03 04:59:05,236 - Link Generation Fails.
2024-02-03 05:04:04,150 - Victim node is 1292.
2024-02-03 05:04:04,150 - tensor([7650, 7651, 7652], device='cuda:0')
2024-02-03 05:04:04,150 - Classification Succeeds.
2024-02-03 05:04:04,151 - Link Generation Succeeds.
2024-02-03 05:09:04,998 - Victim node is 96.
2024-02-03 05:09:04,998 - tensor([7650, 7651, 7652], device='cuda:0')
2024-02-03 05:09:04,998 - Classification Fails.
2024-02-03 05:09:04,998 - Link Generation Succeeds.
2024-02-03 05:14:04,265 - Victim node is 6922.
2024-02-03 05:14:04,265 - tensor([ 593, 2198, 2239], device='cuda:0')
2024-02-03 05:14:04,265 - Classification Fails.
2024-02-03 05:14:04,265 - Link Generation Fails.
2024-02-03 05:19:03,259 - Victim node is 1042.
2024-02-03 05:19:03,259 - tensor([ 593, 2239, 6702], device='cuda:0')
2024-02-03 05:19:03,259 - Classification Fails.
2024-02-03 05:19:03,260 - Link Generation Fails.
2024-02-03 05:24:02,650 - Victim node is 1624.
2024-02-03 05:24:02,650 - tensor([ 593, 2198, 2239], device='cuda:0')
2024-02-03 05:24:02,651 - Classification Fails.
2024-02-03 05:24:02,651 - Link Generation Fails.
2024-02-03 05:29:02,464 - Victim node is 5493.
2024-02-03 05:29:02,464 - tensor([2198, 2239, 4376], device='cuda:0')
2024-02-03 05:29:02,465 - Classification Succeeds.
2024-02-03 05:29:02,465 - Link Generation Fails.
2024-02-03 05:34:02,051 - Victim node is 4795.
2024-02-03 05:34:02,051 - tensor([7650, 7651, 7652], device='cuda:0')
2024-02-03 05:34:02,051 - Classification Fails.
2024-02-03 05:34:02,051 - Link Generation Succeeds.
2024-02-03 05:39:02,025 - Victim node is 6741.
2024-02-03 05:39:02,025 - tensor([7650, 7651, 7652], device='cuda:0')
2024-02-03 05:39:02,026 - Classification Fails.
2024-02-03 05:39:02,026 - Link Generation Succeeds.
2024-02-03 05:44:02,795 - Victim node is 4275.
2024-02-03 05:44:02,796 - tensor([ 932, 4237, 7460], device='cuda:0')
2024-02-03 05:44:02,796 - Classification Succeeds.
2024-02-03 05:44:02,796 - Link Generation Fails.
2024-02-03 05:49:02,433 - Victim node is 3140.
2024-02-03 05:49:02,433 - tensor([ 593, 2198, 4376], device='cuda:0')
2024-02-03 05:49:02,434 - Classification Fails.
2024-02-03 05:49:02,434 - Link Generation Fails.
2024-02-03 05:54:01,468 - Victim node is 3562.
2024-02-03 05:54:01,468 - tensor([7620, 7653, 7654], device='cuda:0')
2024-02-03 05:54:01,468 - Classification Fails.
2024-02-03 05:54:01,469 - Link Generation Succeeds.
2024-02-03 05:59:02,822 - Victim node is 4056.
2024-02-03 05:59:02,823 - tensor([ 593, 2198, 4376], device='cuda:0')
2024-02-03 05:59:02,823 - Classification Succeeds.
2024-02-03 05:59:02,823 - Link Generation Fails.
2024-02-03 06:04:02,393 - Victim node is 7253.
2024-02-03 06:04:02,393 - tensor([6130, 7460, 7620], device='cuda:0')
2024-02-03 06:04:02,394 - Classification Succeeds.
2024-02-03 06:04:02,394 - Link Generation Fails.
2024-02-03 06:09:02,324 - Victim node is 5830.
2024-02-03 06:09:02,324 - tensor([4237, 7460, 7620], device='cuda:0')
2024-02-03 06:09:02,325 - Classification Succeeds.
2024-02-03 06:09:02,325 - Link Generation Fails.
2024-02-03 06:14:02,342 - Victim node is 4893.
2024-02-03 06:14:02,343 - tensor([ 593, 2198, 4376], device='cuda:0')
2024-02-03 06:14:02,343 - Classification Succeeds.
2024-02-03 06:14:02,343 - Link Generation Fails.
2024-02-03 06:19:01,943 - Victim node is 3854.
2024-02-03 06:19:01,943 - tensor([ 593, 2198, 4376], device='cuda:0')
2024-02-03 06:19:01,943 - Classification Fails.
2024-02-03 06:19:01,943 - Link Generation Fails.
2024-02-03 06:24:01,664 - Victim node is 1084.
2024-02-03 06:24:01,664 - tensor([2198, 7652, 7653], device='cuda:0')
2024-02-03 06:24:01,665 - Classification Fails.
2024-02-03 06:24:01,665 - Link Generation Succeeds.
2024-02-03 06:29:02,330 - Victim node is 4694.
2024-02-03 06:29:02,330 - tensor([ 593, 2198, 2239], device='cuda:0')
2024-02-03 06:29:02,330 - Classification Succeeds.
2024-02-03 06:29:02,330 - Link Generation Fails.
2024-02-03 06:34:01,986 - Victim node is 7481.
2024-02-03 06:34:01,987 - tensor([ 593, 4384, 6702], device='cuda:0')
2024-02-03 06:34:01,987 - Classification Fails.
2024-02-03 06:34:01,987 - Link Generation Fails.
2024-02-03 06:39:03,944 - Victim node is 4126.
2024-02-03 06:39:03,944 - tensor([6130, 7460, 7620], device='cuda:0')
2024-02-03 06:39:03,944 - Classification Succeeds.
2024-02-03 06:39:03,944 - Link Generation Fails.
2024-02-03 06:44:03,272 - Victim node is 605.
2024-02-03 06:44:03,272 - tensor([ 593, 2198, 4376], device='cuda:0')
2024-02-03 06:44:03,272 - Classification Succeeds.
2024-02-03 06:44:03,272 - Link Generation Fails.
2024-02-03 06:49:02,960 - Victim node is 849.
2024-02-03 06:49:02,960 - tensor([  80, 2239, 4376], device='cuda:0')
2024-02-03 06:49:02,961 - Classification Succeeds.
2024-02-03 06:49:02,961 - Link Generation Fails.
2024-02-03 06:54:02,688 - Victim node is 899.
2024-02-03 06:54:02,688 - tensor([ 593, 2198, 4376], device='cuda:0')
2024-02-03 06:54:02,689 - Classification Succeeds.
2024-02-03 06:54:02,689 - Link Generation Fails.
2024-02-03 06:59:02,564 - Victim node is 6125.
2024-02-03 06:59:02,564 - tensor([7650, 7651, 7652], device='cuda:0')
2024-02-03 06:59:02,564 - Classification Fails.
2024-02-03 06:59:02,564 - Link Generation Succeeds.
2024-02-03 07:04:02,538 - Victim node is 859.
2024-02-03 07:04:02,538 - tensor([4237, 7460, 7620], device='cuda:0')
2024-02-03 07:04:02,539 - Classification Succeeds.
2024-02-03 07:04:02,539 - Link Generation Fails.
2024-02-03 07:09:03,107 - Victim node is 1573.
2024-02-03 07:09:03,107 - tensor([ 593, 2198, 4376], device='cuda:0')
2024-02-03 07:09:03,109 - Classification Succeeds.
2024-02-03 07:09:03,109 - Link Generation Fails.
2024-02-03 07:14:03,148 - Victim node is 447.
2024-02-03 07:14:03,149 - tensor([7650, 7653, 7654], device='cuda:0')
2024-02-03 07:14:03,149 - Classification Fails.
2024-02-03 07:14:03,149 - Link Generation Succeeds.
2024-02-03 07:19:02,938 - Victim node is 3795.
2024-02-03 07:19:02,938 - tensor([ 593, 2198, 4376], device='cuda:0')
2024-02-03 07:19:02,938 - Classification Succeeds.
2024-02-03 07:19:02,938 - Link Generation Fails.
2024-02-03 07:24:02,485 - Victim node is 5832.
2024-02-03 07:24:02,485 - tensor([7650, 7651, 7652], device='cuda:0')
2024-02-03 07:24:02,485 - Classification Fails.
2024-02-03 07:24:02,485 - Link Generation Succeeds.
2024-02-03 07:29:02,380 - Victim node is 3328.
2024-02-03 07:29:02,380 - tensor([ 593, 2239, 4376], device='cuda:0')
2024-02-03 07:29:02,380 - Classification Fails.
2024-02-03 07:29:02,380 - Link Generation Fails.
2024-02-03 07:34:01,311 - Victim node is 5667.
2024-02-03 07:34:01,311 - tensor([ 593, 4384, 6702], device='cuda:0')
2024-02-03 07:34:01,311 - Classification Fails.
2024-02-03 07:34:01,311 - Link Generation Fails.
2024-02-03 07:39:02,352 - Victim node is 74.
2024-02-03 07:39:02,352 - tensor([ 593, 2198, 4376], device='cuda:0')
2024-02-03 07:39:02,353 - Classification Succeeds.
2024-02-03 07:39:02,353 - Link Generation Fails.
2024-02-03 07:44:02,263 - Victim node is 2054.
2024-02-03 07:44:02,264 - tensor([ 593, 2198, 2239], device='cuda:0')
2024-02-03 07:44:02,264 - Classification Succeeds.
2024-02-03 07:44:02,264 - Link Generation Fails.
2024-02-03 07:49:02,219 - Victim node is 1433.
2024-02-03 07:49:02,219 - tensor([4237, 7460, 7620], device='cuda:0')
2024-02-03 07:49:02,219 - Classification Succeeds.
2024-02-03 07:49:02,219 - Link Generation Fails.
2024-02-03 07:54:01,783 - Victim node is 5498.
2024-02-03 07:54:01,783 - tensor([ 593, 2198, 4376], device='cuda:0')
2024-02-03 07:54:01,784 - Classification Succeeds.
2024-02-03 07:54:01,784 - Link Generation Fails.
2024-02-03 07:59:02,753 - Victim node is 7398.
2024-02-03 07:59:02,753 - tensor([2239, 4376, 6702], device='cuda:0')
2024-02-03 07:59:02,753 - Classification Succeeds.
2024-02-03 07:59:02,753 - Link Generation Fails.
2024-02-03 08:04:02,202 - Victim node is 1091.
2024-02-03 08:04:02,202 - tensor([2198, 2239, 4805], device='cuda:0')
2024-02-03 08:04:02,202 - Classification Succeeds.
2024-02-03 08:04:02,202 - Link Generation Fails.
2024-02-03 08:09:02,983 - Victim node is 4261.
2024-02-03 08:09:02,983 - tensor([7650, 7651, 7652], device='cuda:0')
2024-02-03 08:09:02,983 - Classification Succeeds.
2024-02-03 08:09:02,983 - Link Generation Succeeds.
2024-02-03 08:14:02,238 - Victim node is 6761.
2024-02-03 08:14:02,238 - tensor([ 593, 2198, 4376], device='cuda:0')
2024-02-03 08:14:02,238 - Classification Succeeds.
2024-02-03 08:14:02,238 - Link Generation Fails.
2024-02-03 08:19:01,666 - Victim node is 2745.
2024-02-03 08:19:01,666 - tensor([  80,  593, 6702], device='cuda:0')
2024-02-03 08:19:01,667 - Classification Succeeds.
2024-02-03 08:19:01,667 - Link Generation Fails.
2024-02-03 08:24:01,438 - Victim node is 978.
2024-02-03 08:24:01,438 - tensor([4237, 7460, 7620], device='cuda:0')
2024-02-03 08:24:01,438 - Classification Succeeds.
2024-02-03 08:24:01,438 - Link Generation Fails.
2024-02-03 08:29:01,651 - Victim node is 402.
2024-02-03 08:29:01,651 - tensor([4237, 7460, 7620], device='cuda:0')
2024-02-03 08:29:01,651 - Classification Succeeds.
2024-02-03 08:29:01,652 - Link Generation Fails.
2024-02-03 08:34:01,925 - Victim node is 5353.
2024-02-03 08:34:01,926 - tensor([ 593, 2198, 2239], device='cuda:0')
2024-02-03 08:34:01,926 - Classification Succeeds.
2024-02-03 08:34:01,926 - Link Generation Fails.
2024-02-03 08:39:02,879 - Victim node is 45.
2024-02-03 08:39:02,879 - tensor([7650, 7651, 7652], device='cuda:0')
2024-02-03 08:39:02,879 - Classification Succeeds.
2024-02-03 08:39:02,879 - Link Generation Succeeds.
2024-02-03 08:44:02,811 - Victim node is 4803.
2024-02-03 08:44:02,812 - tensor([ 593, 2198, 6702], device='cuda:0')
2024-02-03 08:44:02,812 - Classification Succeeds.
2024-02-03 08:44:02,812 - Link Generation Fails.
2024-02-03 08:49:02,087 - Victim node is 1155.
2024-02-03 08:49:02,087 - tensor([4237, 7460, 7620], device='cuda:0')
2024-02-03 08:49:02,088 - Classification Succeeds.
2024-02-03 08:49:02,088 - Link Generation Fails.
2024-02-03 08:54:01,018 - Victim node is 2029.
2024-02-03 08:54:01,018 - tensor([ 593, 2198, 4376], device='cuda:0')
2024-02-03 08:54:01,019 - Classification Succeeds.
2024-02-03 08:54:01,019 - Link Generation Fails.
2024-02-03 08:59:01,684 - Victim node is 1154.
2024-02-03 08:59:01,684 - tensor([ 593, 2198, 4376], device='cuda:0')
2024-02-03 08:59:01,684 - Classification Succeeds.
2024-02-03 08:59:01,685 - Link Generation Fails.
2024-02-03 09:04:01,396 - Victim node is 4890.
2024-02-03 09:04:01,396 - tensor([ 593, 2198, 2239], device='cuda:0')
2024-02-03 09:04:01,397 - Classification Succeeds.
2024-02-03 09:04:01,397 - Link Generation Fails.
2024-02-03 09:09:02,237 - Victim node is 5307.
2024-02-03 09:09:02,237 - tensor([7651, 7653, 7654], device='cuda:0')
2024-02-03 09:09:02,237 - Classification Fails.
2024-02-03 09:09:02,237 - Link Generation Succeeds.
2024-02-03 09:14:01,867 - Victim node is 6005.
2024-02-03 09:14:01,867 - tensor([ 932, 7460, 7620], device='cuda:0')
2024-02-03 09:14:01,867 - Classification Succeeds.
2024-02-03 09:14:01,867 - Link Generation Fails.
2024-02-03 09:19:01,504 - Victim node is 2359.
2024-02-03 09:19:01,504 - tensor([7650, 7651, 7653], device='cuda:0')
2024-02-03 09:19:01,504 - Classification Fails.
2024-02-03 09:19:01,504 - Link Generation Succeeds.
2024-02-03 09:24:01,180 - Victim node is 7453.
2024-02-03 09:24:01,180 - tensor([ 593, 2198, 4376], device='cuda:0')
2024-02-03 09:24:01,180 - Classification Fails.
2024-02-03 09:24:01,180 - Link Generation Fails.
2024-02-03 09:29:02,111 - Victim node is 7559.
2024-02-03 09:29:02,111 - tensor([7650, 7651, 7652], device='cuda:0')
2024-02-03 09:29:02,112 - Classification Fails.
2024-02-03 09:29:02,112 - Link Generation Succeeds.
2024-02-03 09:34:01,647 - Victim node is 159.
2024-02-03 09:34:01,647 - tensor([4237, 7460, 7620], device='cuda:0')
2024-02-03 09:34:01,647 - Classification Succeeds.
2024-02-03 09:34:01,647 - Link Generation Fails.
2024-02-03 09:39:02,921 - Victim node is 6459.
2024-02-03 09:39:02,921 - tensor([7650, 7652, 7653], device='cuda:0')
2024-02-03 09:39:02,921 - Classification Succeeds.
2024-02-03 09:39:02,921 - Link Generation Succeeds.
2024-02-03 09:44:03,324 - Victim node is 963.
2024-02-03 09:44:03,324 - tensor([  80, 2198, 2239], device='cuda:0')
2024-02-03 09:44:03,325 - Classification Succeeds.
2024-02-03 09:44:03,325 - Link Generation Fails.
2024-02-03 09:49:03,140 - Victim node is 5323.
2024-02-03 09:49:03,140 - tensor([7650, 7651, 7652], device='cuda:0')
2024-02-03 09:49:03,140 - Classification Fails.
2024-02-03 09:49:03,140 - Link Generation Succeeds.
2024-02-03 09:54:02,020 - Victim node is 1248.
2024-02-03 09:54:02,020 - tensor([7650, 7651, 7652], device='cuda:0')
2024-02-03 09:54:02,020 - Classification Fails.
2024-02-03 09:54:02,020 - Link Generation Succeeds.
2024-02-03 09:59:03,139 - Victim node is 694.
2024-02-03 09:59:03,140 - tensor([6130, 7460, 7620], device='cuda:0')
2024-02-03 09:59:03,140 - Classification Succeeds.
2024-02-03 09:59:03,140 - Link Generation Fails.
2024-02-03 10:04:01,869 - Victim node is 1049.
2024-02-03 10:04:01,869 - tensor([7650, 7651, 7652], device='cuda:0')
2024-02-03 10:04:01,870 - Classification Fails.
2024-02-03 10:04:01,870 - Link Generation Succeeds.
2024-02-03 10:09:02,093 - Victim node is 2.
2024-02-03 10:09:02,094 - tensor([ 593, 2198, 2239], device='cuda:0')
2024-02-03 10:09:02,094 - Classification Succeeds.
2024-02-03 10:09:02,094 - Link Generation Fails.
2024-02-03 10:14:01,824 - Victim node is 406.
2024-02-03 10:14:01,824 - tensor([ 593, 2198, 2239], device='cuda:0')
2024-02-03 10:14:01,825 - Classification Succeeds.
2024-02-03 10:14:01,825 - Link Generation Fails.
2024-02-03 10:19:01,386 - Victim node is 6723.
2024-02-03 10:19:01,386 - tensor([3895, 6551, 6702], device='cuda:0')
2024-02-03 10:19:01,387 - Classification Succeeds.
2024-02-03 10:19:01,387 - Link Generation Fails.
2024-02-03 10:24:00,293 - Victim node is 1332.
2024-02-03 10:24:00,293 - tensor([7650, 7651, 7652], device='cuda:0')
2024-02-03 10:24:00,293 - Classification Fails.
2024-02-03 10:24:00,293 - Link Generation Succeeds.
2024-02-03 10:28:59,967 - Victim node is 6724.
2024-02-03 10:28:59,967 - tensor([ 593, 2198, 2239], device='cuda:0')
2024-02-03 10:28:59,967 - Classification Succeeds.
2024-02-03 10:28:59,968 - Link Generation Fails.
2024-02-03 10:33:58,966 - Victim node is 7008.
2024-02-03 10:33:58,966 - tensor([7651, 7652, 7654], device='cuda:0')
2024-02-03 10:33:58,966 - Classification Succeeds.
2024-02-03 10:33:58,966 - Link Generation Succeeds.
2024-02-03 10:38:58,596 - Victim node is 3582.
2024-02-03 10:38:58,596 - tensor([7650, 7651, 7652], device='cuda:0')
2024-02-03 10:38:58,596 - Classification Succeeds.
2024-02-03 10:38:58,596 - Link Generation Succeeds.
2024-02-03 10:43:57,476 - Victim node is 4691.
2024-02-03 10:43:57,476 - tensor([ 593, 2239, 6702], device='cuda:0')
2024-02-03 10:43:57,476 - Classification Fails.
2024-02-03 10:43:57,476 - Link Generation Fails.
2024-02-03 10:48:56,414 - Victim node is 6482.
2024-02-03 10:48:56,414 - tensor([11, 13, 16], device='cuda:0')
2024-02-03 10:48:56,414 - Classification Succeeds.
2024-02-03 10:48:56,414 - Link Generation Fails.
2024-02-03 10:53:55,796 - Victim node is 804.
2024-02-03 10:53:55,796 - tensor([2198, 2239, 3578], device='cuda:0')
2024-02-03 10:53:55,797 - Classification Succeeds.
2024-02-03 10:53:55,797 - Link Generation Fails.
2024-02-03 10:58:56,743 - Victim node is 1915.
2024-02-03 10:58:56,743 - tensor([ 593, 4384, 6702], device='cuda:0')
2024-02-03 10:58:56,743 - Classification Succeeds.
2024-02-03 10:58:56,743 - Link Generation Fails.
2024-02-03 11:03:55,901 - Victim node is 7188.
2024-02-03 11:03:55,901 - tensor([ 593, 2198, 4376], device='cuda:0')
2024-02-03 11:03:55,901 - Classification Fails.
2024-02-03 11:03:55,901 - Link Generation Fails.
2024-02-03 11:08:57,420 - Victim node is 1807.
2024-02-03 11:08:57,420 - tensor([7650, 7651, 7652], device='cuda:0')
2024-02-03 11:08:57,421 - Classification Fails.
2024-02-03 11:08:57,421 - Link Generation Succeeds.
2024-02-03 11:13:57,046 - Victim node is 3049.
2024-02-03 11:13:57,046 - tensor([  80, 4384, 6702], device='cuda:0')
2024-02-03 11:13:57,046 - Classification Fails.
2024-02-03 11:13:57,047 - Link Generation Fails.
2024-02-03 11:18:55,644 - Victim node is 3067.
2024-02-03 11:18:55,644 - tensor([6130, 7460, 7620], device='cuda:0')
2024-02-03 11:18:55,644 - Classification Succeeds.
2024-02-03 11:18:55,644 - Link Generation Fails.
2024-02-03 11:23:54,184 - Victim node is 4528.
2024-02-03 11:23:54,184 - tensor([2239, 4384, 6702], device='cuda:0')
2024-02-03 11:23:54,185 - Classification Fails.
2024-02-03 11:23:54,185 - Link Generation Fails.
2024-02-03 11:28:55,024 - Victim node is 6697.
2024-02-03 11:28:55,024 - tensor([ 593, 2198, 2239], device='cuda:0')
2024-02-03 11:28:55,024 - Classification Succeeds.
2024-02-03 11:28:55,025 - Link Generation Fails.
2024-02-03 11:33:54,819 - Victim node is 689.
2024-02-03 11:33:54,819 - tensor([6130, 7460, 7620], device='cuda:0')
2024-02-03 11:33:54,819 - Classification Succeeds.
2024-02-03 11:33:54,819 - Link Generation Fails.
2024-02-03 11:38:56,265 - Victim node is 3573.
2024-02-03 11:38:56,265 - tensor([7650, 7652, 7654], device='cuda:0')
2024-02-03 11:38:56,265 - Classification Succeeds.
2024-02-03 11:38:56,265 - Link Generation Succeeds.
2024-02-03 11:43:56,183 - Victim node is 4701.
2024-02-03 11:43:56,183 - tensor([ 593, 2198, 4376], device='cuda:0')
2024-02-03 11:43:56,183 - Classification Succeeds.
2024-02-03 11:43:56,184 - Link Generation Fails.
2024-02-03 11:48:55,034 - Victim node is 1623.
2024-02-03 11:48:55,034 - tensor([456, 495, 526], device='cuda:0')
2024-02-03 11:48:55,035 - Classification Succeeds.
2024-02-03 11:48:55,035 - Link Generation Fails.
2024-02-03 11:53:53,908 - Victim node is 104.
2024-02-03 11:53:53,908 - tensor([ 593, 2198, 4376], device='cuda:0')
2024-02-03 11:53:53,908 - Classification Fails.
2024-02-03 11:53:53,908 - Link Generation Fails.
2024-02-03 11:58:53,842 - Victim node is 3318.
2024-02-03 11:58:53,843 - tensor([ 593, 2198, 4376], device='cuda:0')
2024-02-03 11:58:53,843 - Classification Fails.
2024-02-03 11:58:53,843 - Link Generation Fails.
2024-02-03 12:03:53,248 - Victim node is 377.
2024-02-03 12:03:53,248 - tensor([ 593, 2198, 4376], device='cuda:0')
2024-02-03 12:03:53,249 - Classification Succeeds.
2024-02-03 12:03:53,249 - Link Generation Fails.
2024-02-03 12:08:53,881 - Victim node is 7139.
2024-02-03 12:08:53,881 - tensor([1058, 4376, 4384], device='cuda:0')
2024-02-03 12:08:53,881 - Classification Succeeds.
2024-02-03 12:08:53,881 - Link Generation Fails.
2024-02-03 12:13:52,818 - Victim node is 5541.
2024-02-03 12:13:52,819 - tensor([ 593, 2198, 2239], device='cuda:0')
2024-02-03 12:13:52,819 - Classification Fails.
2024-02-03 12:13:52,819 - Link Generation Fails.
2024-02-03 12:18:52,448 - Victim node is 5894.
2024-02-03 12:18:52,448 - tensor([6130, 7460, 7620], device='cuda:0')
2024-02-03 12:18:52,449 - Classification Succeeds.
2024-02-03 12:18:52,449 - Link Generation Fails.
2024-02-03 12:23:51,207 - Victim node is 1700.
2024-02-03 12:23:51,208 - tensor([ 593, 4376, 6702], device='cuda:0')
2024-02-03 12:23:51,208 - Classification Fails.
2024-02-03 12:23:51,208 - Link Generation Fails.
2024-02-03 12:28:51,838 - Victim node is 6006.
2024-02-03 12:28:51,838 - tensor([7650, 7651, 7652], device='cuda:0')
2024-02-03 12:28:51,838 - Classification Succeeds.
2024-02-03 12:28:51,838 - Link Generation Succeeds.
2024-02-03 12:33:50,936 - Victim node is 5837.
2024-02-03 12:33:50,936 - tensor([7650, 7651, 7652], device='cuda:0')
2024-02-03 12:33:50,937 - Classification Succeeds.
2024-02-03 12:33:50,937 - Link Generation Succeeds.
2024-02-03 12:38:50,328 - Victim node is 4334.
2024-02-03 12:38:50,328 - tensor([7650, 7651, 7652], device='cuda:0')
2024-02-03 12:38:50,328 - Classification Fails.
2024-02-03 12:38:50,328 - Link Generation Succeeds.
2024-02-03 12:43:49,837 - Victim node is 7432.
2024-02-03 12:43:49,838 - tensor([4237, 7460, 7620], device='cuda:0')
2024-02-03 12:43:49,838 - Classification Fails.
2024-02-03 12:43:49,838 - Link Generation Fails.
2024-02-03 12:48:49,116 - Victim node is 5803.
2024-02-03 12:48:49,116 - tensor([7650, 7651, 7652], device='cuda:0')
2024-02-03 12:48:49,117 - Classification Succeeds.
2024-02-03 12:48:49,117 - Link Generation Succeeds.
2024-02-03 12:53:48,617 - Victim node is 1059.
2024-02-03 12:53:48,617 - tensor([6130, 7460, 7620], device='cuda:0')
2024-02-03 12:53:48,617 - Classification Succeeds.
2024-02-03 12:53:48,617 - Link Generation Fails.
2024-02-03 12:58:48,740 - Victim node is 988.
2024-02-03 12:58:48,740 - tensor([6130, 7460, 7620], device='cuda:0')
2024-02-03 12:58:48,741 - Classification Succeeds.
2024-02-03 12:58:48,741 - Link Generation Fails.
2024-02-03 13:03:48,023 - Victim node is 3764.
2024-02-03 13:03:48,023 - tensor([ 932, 7460, 7620], device='cuda:0')
2024-02-03 13:03:48,024 - Classification Succeeds.
2024-02-03 13:03:48,024 - Link Generation Fails.
2024-02-03 13:08:47,948 - Victim node is 4248.
2024-02-03 13:08:47,948 - tensor([ 593, 2239, 4376], device='cuda:0')
2024-02-03 13:08:47,948 - Classification Succeeds.
2024-02-03 13:08:47,948 - Link Generation Fails.
2024-02-03 13:13:47,269 - Victim node is 7583.
2024-02-03 13:13:47,269 - tensor([11, 13, 16], device='cuda:0')
2024-02-03 13:13:47,269 - Classification Succeeds.
2024-02-03 13:13:47,269 - Link Generation Fails.
2024-02-03 13:18:47,153 - Victim node is 4958.
2024-02-03 13:18:47,153 - tensor([ 593, 2198, 4376], device='cuda:0')
2024-02-03 13:18:47,153 - Classification Fails.
2024-02-03 13:18:47,153 - Link Generation Fails.
2024-02-03 13:23:45,442 - Victim node is 2195.
2024-02-03 13:23:45,442 - tensor([ 932, 3383, 7460], device='cuda:0')
2024-02-03 13:23:45,443 - Classification Succeeds.
2024-02-03 13:23:45,443 - Link Generation Fails.
2024-02-03 13:28:45,747 - Victim node is 740.
2024-02-03 13:28:45,747 - tensor([7650, 7651, 7652], device='cuda:0')
2024-02-03 13:28:45,748 - Classification Fails.
2024-02-03 13:28:45,748 - Link Generation Succeeds.
2024-02-03 13:33:45,207 - Victim node is 3319.
2024-02-03 13:33:45,207 - tensor([ 593, 2198, 4376], device='cuda:0')
2024-02-03 13:33:45,207 - Classification Succeeds.
2024-02-03 13:33:45,207 - Link Generation Fails.
2024-02-03 13:38:45,988 - Victim node is 3342.
2024-02-03 13:38:45,989 - tensor([6130, 7460, 7620], device='cuda:0')
2024-02-03 13:38:45,989 - Classification Succeeds.
2024-02-03 13:38:45,989 - Link Generation Fails.
2024-02-03 13:43:45,808 - Victim node is 2918.
2024-02-03 13:43:45,808 - tensor([ 593, 2198, 4376], device='cuda:0')
2024-02-03 13:43:45,808 - Classification Fails.
2024-02-03 13:43:45,808 - Link Generation Fails.
2024-02-03 13:48:45,592 - Victim node is 1323.
2024-02-03 13:48:45,592 - tensor([7650, 7651, 7652], device='cuda:0')
2024-02-03 13:48:45,592 - Classification Succeeds.
2024-02-03 13:48:45,592 - Link Generation Succeeds.
2024-02-03 13:53:44,301 - Victim node is 2178.
2024-02-03 13:53:44,301 - tensor([7650, 7651, 7652], device='cuda:0')
2024-02-03 13:53:44,301 - Classification Succeeds.
2024-02-03 13:53:44,301 - Link Generation Succeeds.
2024-02-03 13:58:44,404 - Victim node is 1174.
2024-02-03 13:58:44,404 - tensor([ 593, 2198, 2239], device='cuda:0')
2024-02-03 13:58:44,405 - Classification Succeeds.
2024-02-03 13:58:44,405 - Link Generation Fails.
2024-02-03 14:03:42,898 - Victim node is 1082.
2024-02-03 14:03:42,898 - tensor([7650, 7651, 7652], device='cuda:0')
2024-02-03 14:03:42,898 - Classification Succeeds.
2024-02-03 14:03:42,898 - Link Generation Succeeds.
2024-02-03 14:08:43,367 - Victim node is 4167.
2024-02-03 14:08:43,367 - tensor([4376, 4384, 6702], device='cuda:0')
2024-02-03 14:08:43,367 - Classification Succeeds.
2024-02-03 14:08:43,367 - Link Generation Fails.
2024-02-03 14:13:42,457 - Victim node is 4499.
2024-02-03 14:13:42,457 - tensor([7650, 7651, 7654], device='cuda:0')
2024-02-03 14:13:42,458 - Classification Fails.
2024-02-03 14:13:42,458 - Link Generation Succeeds.
2024-02-03 14:18:41,429 - Victim node is 5442.
2024-02-03 14:18:41,429 - tensor([2198, 5404, 6702], device='cuda:0')
2024-02-03 14:18:41,429 - Classification Succeeds.
2024-02-03 14:18:41,429 - Link Generation Fails.
2024-02-03 14:23:40,517 - Victim node is 3981.
2024-02-03 14:23:40,517 - tensor([4237, 7460, 7620], device='cuda:0')
2024-02-03 14:23:40,517 - Classification Succeeds.
2024-02-03 14:23:40,517 - Link Generation Fails.
2024-02-03 14:28:41,024 - Victim node is 5018.
2024-02-03 14:28:41,024 - tensor([ 593, 2198, 4376], device='cuda:0')
2024-02-03 14:28:41,024 - Classification Fails.
2024-02-03 14:28:41,024 - Link Generation Fails.
2024-02-03 14:33:39,728 - Victim node is 2074.
2024-02-03 14:33:39,728 - tensor([7650, 7651, 7652], device='cuda:0')
2024-02-03 14:33:39,728 - Classification Succeeds.
2024-02-03 14:33:39,728 - Link Generation Succeeds.
2024-02-03 14:38:40,255 - Victim node is 537.
2024-02-03 14:38:40,256 - tensor([ 593, 2198, 2239], device='cuda:0')
2024-02-03 14:38:40,256 - Classification Succeeds.
2024-02-03 14:38:40,256 - Link Generation Fails.
2024-02-03 14:43:40,145 - Victim node is 1758.
2024-02-03 14:43:40,145 - tensor([4237, 7460, 7620], device='cuda:0')
2024-02-03 14:43:40,145 - Classification Succeeds.
2024-02-03 14:43:40,146 - Link Generation Fails.
2024-02-03 14:48:39,391 - Victim node is 3186.
2024-02-03 14:48:39,391 - tensor([4237, 7460, 7620], device='cuda:0')
2024-02-03 14:48:39,391 - Classification Succeeds.
2024-02-03 14:48:39,391 - Link Generation Fails.
2024-02-03 14:53:38,948 - Victim node is 1804.
2024-02-03 14:53:38,948 - tensor([7650, 7651, 7652], device='cuda:0')
2024-02-03 14:53:38,948 - Classification Fails.
2024-02-03 14:53:38,949 - Link Generation Succeeds.
2024-02-03 14:58:38,635 - Victim node is 7170.
2024-02-03 14:58:38,637 - tensor([7650, 7651, 7652], device='cuda:0')
2024-02-03 14:58:38,637 - Classification Succeeds.
2024-02-03 14:58:38,637 - Link Generation Succeeds.
2024-02-03 15:03:37,553 - Victim node is 6266.
2024-02-03 15:03:37,553 - tensor([ 593, 2198, 2239], device='cuda:0')
2024-02-03 15:03:37,553 - Classification Succeeds.
2024-02-03 15:03:37,553 - Link Generation Fails.
2024-02-03 15:08:37,883 - Victim node is 696.
2024-02-03 15:08:37,883 - tensor([ 593, 2198, 4376], device='cuda:0')
2024-02-03 15:08:37,884 - Classification Fails.
2024-02-03 15:08:37,884 - Link Generation Fails.
2024-02-03 15:13:37,385 - Victim node is 403.
2024-02-03 15:13:37,385 - tensor([ 593, 2198, 2239], device='cuda:0')
2024-02-03 15:13:37,385 - Classification Succeeds.
2024-02-03 15:13:37,385 - Link Generation Fails.
2024-02-03 15:18:37,818 - Victim node is 2892.
2024-02-03 15:18:37,819 - tensor([7650, 7651, 7652], device='cuda:0')
2024-02-03 15:18:37,819 - Classification Fails.
2024-02-03 15:18:37,819 - Link Generation Succeeds.
2024-02-03 15:23:37,517 - Victim node is 736.
2024-02-03 15:23:37,517 - tensor([7650, 7652, 7653], device='cuda:0')
2024-02-03 15:23:37,517 - Classification Succeeds.
2024-02-03 15:23:37,517 - Link Generation Succeeds.
2024-02-03 15:28:36,888 - Victim node is 3336.
2024-02-03 15:28:36,888 - tensor([ 593, 2198, 4376], device='cuda:0')
2024-02-03 15:28:36,888 - Classification Fails.
2024-02-03 15:28:36,889 - Link Generation Fails.
2024-02-03 15:33:35,387 - Victim node is 1197.
2024-02-03 15:33:35,387 - tensor([ 593, 2239, 4376], device='cuda:0')
2024-02-03 15:33:35,388 - Classification Succeeds.
2024-02-03 15:33:35,388 - Link Generation Fails.
2024-02-03 15:38:35,236 - Victim node is 6707.
2024-02-03 15:38:35,236 - tensor([3895, 4805, 5132], device='cuda:0')
2024-02-03 15:38:35,236 - Classification Succeeds.
2024-02-03 15:38:35,236 - Link Generation Fails.
2024-02-03 15:43:34,344 - Victim node is 4922.
2024-02-03 15:43:34,344 - tensor([4237, 7460, 7620], device='cuda:0')
2024-02-03 15:43:34,346 - Classification Succeeds.
2024-02-03 15:43:34,346 - Link Generation Fails.
2024-02-03 15:48:33,526 - Victim node is 5391.
2024-02-03 15:48:33,526 - tensor([1759, 2260, 4666], device='cuda:0')
2024-02-03 15:48:33,526 - Classification Succeeds.
2024-02-03 15:48:33,526 - Link Generation Fails.
2024-02-03 15:53:33,010 - Victim node is 3179.
2024-02-03 15:53:33,010 - tensor([ 593, 2198, 4805], device='cuda:0')
2024-02-03 15:53:33,010 - Classification Succeeds.
2024-02-03 15:53:33,010 - Link Generation Fails.
2024-02-03 15:58:33,241 - Victim node is 6175.
2024-02-03 15:58:33,241 - tensor([ 593, 2198, 4376], device='cuda:0')
2024-02-03 15:58:33,241 - Classification Succeeds.
2024-02-03 15:58:33,241 - Link Generation Fails.
2024-02-03 16:03:32,014 - Victim node is 6171.
2024-02-03 16:03:32,015 - tensor([7650, 7651, 7652], device='cuda:0')
2024-02-03 16:03:32,015 - Classification Fails.
2024-02-03 16:03:32,015 - Link Generation Succeeds.
2024-02-03 16:08:31,923 - Victim node is 1972.
2024-02-03 16:08:31,923 - tensor([ 593, 2198, 4376], device='cuda:0')
2024-02-03 16:08:31,923 - Classification Succeeds.
2024-02-03 16:08:31,923 - Link Generation Fails.
2024-02-03 16:13:31,035 - Victim node is 1726.
2024-02-03 16:13:31,035 - tensor([ 593, 2198, 4376], device='cuda:0')
2024-02-03 16:13:31,036 - Classification Succeeds.
2024-02-03 16:13:31,036 - Link Generation Fails.
2024-02-03 16:18:30,079 - Victim node is 3441.
2024-02-03 16:18:30,079 - tensor([ 593, 2198, 4376], device='cuda:0')
2024-02-03 16:18:30,081 - Classification Succeeds.
2024-02-03 16:18:30,081 - Link Generation Fails.
2024-02-03 16:23:29,164 - Victim node is 4870.
2024-02-03 16:23:29,164 - tensor([1058, 4384, 5404], device='cuda:0')
2024-02-03 16:23:29,164 - Classification Succeeds.
2024-02-03 16:23:29,164 - Link Generation Fails.
2024-02-03 16:28:28,751 - Victim node is 6340.
2024-02-03 16:28:28,751 - tensor([3383, 4646, 7620], device='cuda:0')
2024-02-03 16:28:28,751 - Classification Succeeds.
2024-02-03 16:28:28,752 - Link Generation Fails.
2024-02-03 16:33:27,839 - Victim node is 2962.
2024-02-03 16:33:27,839 - tensor([7650, 7651, 7652], device='cuda:0')
2024-02-03 16:33:27,840 - Classification Succeeds.
2024-02-03 16:33:27,840 - Link Generation Succeeds.
2024-02-03 16:38:26,963 - Victim node is 6711.
2024-02-03 16:38:26,963 - tensor([7650, 7651, 7652], device='cuda:0')
2024-02-03 16:38:26,964 - Classification Succeeds.
2024-02-03 16:38:26,964 - Link Generation Succeeds.
2024-02-03 16:43:25,675 - Victim node is 560.
2024-02-03 16:43:25,675 - tensor([7650, 7651, 7652], device='cuda:0')
2024-02-03 16:43:25,675 - Classification Fails.
2024-02-03 16:43:25,675 - Link Generation Succeeds.
2024-02-03 16:48:25,913 - Victim node is 1810.
2024-02-03 16:48:25,913 - tensor([ 593, 2198, 4376], device='cuda:0')
2024-02-03 16:48:25,913 - Classification Succeeds.
2024-02-03 16:48:25,913 - Link Generation Fails.
2024-02-03 16:53:24,660 - Victim node is 3832.
2024-02-03 16:53:24,660 - tensor([4376, 4384, 6702], device='cuda:0')
2024-02-03 16:53:24,661 - Classification Succeeds.
2024-02-03 16:53:24,661 - Link Generation Fails.
2024-02-03 16:58:25,312 - Victim node is 6010.
2024-02-03 16:58:25,312 - tensor([6130, 7460, 7620], device='cuda:0')
2024-02-03 16:58:25,313 - Classification Succeeds.
2024-02-03 16:58:25,313 - Link Generation Fails.
2024-02-03 17:03:24,272 - Victim node is 4306.
2024-02-03 17:03:24,273 - tensor([ 593, 4376, 6702], device='cuda:0')
2024-02-03 17:03:24,273 - Classification Succeeds.
2024-02-03 17:03:24,273 - Link Generation Fails.
2024-02-03 17:08:24,602 - Victim node is 6414.
2024-02-03 17:08:24,602 - tensor([  80, 1058, 4384], device='cuda:0')
2024-02-03 17:08:24,603 - Classification Succeeds.
2024-02-03 17:08:24,603 - Link Generation Fails.
2024-02-03 17:13:23,702 - Victim node is 5743.
2024-02-03 17:13:23,702 - tensor([ 593, 2198, 2239], device='cuda:0')
2024-02-03 17:13:23,703 - Classification Succeeds.
2024-02-03 17:13:23,703 - Link Generation Fails.
2024-02-03 17:18:23,121 - Victim node is 3624.
2024-02-03 17:18:23,121 - tensor([4237, 7460, 7620], device='cuda:0')
2024-02-03 17:18:23,121 - Classification Succeeds.
2024-02-03 17:18:23,121 - Link Generation Fails.
2024-02-03 17:23:22,643 - Victim node is 5166.
2024-02-03 17:23:22,643 - tensor([ 593, 2198, 4376], device='cuda:0')
2024-02-03 17:23:22,643 - Classification Succeeds.
2024-02-03 17:23:22,643 - Link Generation Fails.
2024-02-03 17:28:22,069 - Victim node is 5643.
2024-02-03 17:28:22,070 - tensor([4237, 7460, 7620], device='cuda:0')
2024-02-03 17:28:22,070 - Classification Succeeds.
2024-02-03 17:28:22,070 - Link Generation Fails.
2024-02-03 17:33:21,506 - Victim node is 5218.
2024-02-03 17:33:21,506 - tensor([ 593, 2198, 2239], device='cuda:0')
2024-02-03 17:33:21,506 - Classification Succeeds.
2024-02-03 17:33:21,507 - Link Generation Fails.
2024-02-03 17:38:21,373 - Victim node is 6546.
2024-02-03 17:38:21,373 - tensor([ 593, 2198, 2239], device='cuda:0')
2024-02-03 17:38:21,374 - Classification Succeeds.
2024-02-03 17:38:21,374 - Link Generation Fails.
2024-02-03 17:43:20,333 - Victim node is 4477.
2024-02-03 17:43:20,333 - tensor([ 593, 2198, 2239], device='cuda:0')
2024-02-03 17:43:20,333 - Classification Fails.
2024-02-03 17:43:20,333 - Link Generation Fails.
2024-02-03 17:48:19,729 - Victim node is 3899.
2024-02-03 17:48:19,729 - tensor([7650, 7651, 7652], device='cuda:0')
2024-02-03 17:48:19,730 - Classification Succeeds.
2024-02-03 17:48:19,730 - Link Generation Succeeds.
2024-02-03 17:53:18,924 - Victim node is 631.
2024-02-03 17:53:18,924 - tensor([6130, 7460, 7620], device='cuda:0')
2024-02-03 17:53:18,925 - Classification Succeeds.
2024-02-03 17:53:18,925 - Link Generation Fails.
2024-02-03 17:58:19,099 - Victim node is 4389.
2024-02-03 17:58:19,099 - tensor([ 593, 2198, 2239], device='cuda:0')
2024-02-03 17:58:19,100 - Classification Succeeds.
2024-02-03 17:58:19,100 - Link Generation Fails.
2024-02-03 18:03:18,918 - Victim node is 5551.
2024-02-03 18:03:18,918 - tensor([ 593, 2239, 4376], device='cuda:0')
2024-02-03 18:03:18,918 - Classification Succeeds.
2024-02-03 18:03:18,918 - Link Generation Fails.
2024-02-03 18:08:18,170 - Victim node is 5707.
2024-02-03 18:08:18,170 - tensor([  80, 4805, 5132], device='cuda:0')
2024-02-03 18:08:18,171 - Classification Succeeds.
2024-02-03 18:08:18,171 - Link Generation Fails.
2024-02-03 18:13:17,686 - Victim node is 5613.
2024-02-03 18:13:17,686 - tensor([7650, 7651, 7652], device='cuda:0')
2024-02-03 18:13:17,686 - Classification Fails.
2024-02-03 18:13:17,687 - Link Generation Succeeds.
2024-02-03 18:18:16,784 - Victim node is 3813.
2024-02-03 18:18:16,784 - tensor([6130, 7460, 7620], device='cuda:0')
2024-02-03 18:18:16,785 - Classification Succeeds.
2024-02-03 18:18:16,785 - Link Generation Fails.
2024-02-03 18:23:17,155 - Victim node is 665.
2024-02-03 18:23:17,155 - tensor([7650, 7651, 7652], device='cuda:0')
2024-02-03 18:23:17,155 - Classification Succeeds.
2024-02-03 18:23:17,155 - Link Generation Succeeds.
2024-02-03 18:28:16,751 - Victim node is 676.
2024-02-03 18:28:16,751 - tensor([4237, 7460, 7620], device='cuda:0')
2024-02-03 18:28:16,752 - Classification Succeeds.
2024-02-03 18:28:16,752 - Link Generation Fails.
2024-02-03 18:33:17,117 - Victim node is 2596.
2024-02-03 18:33:17,117 - tensor([ 593, 2198, 4376], device='cuda:0')
2024-02-03 18:33:17,117 - Classification Succeeds.
2024-02-03 18:33:17,117 - Link Generation Fails.
2024-02-03 18:38:17,255 - Victim node is 2023.
2024-02-03 18:38:17,255 - tensor([7650, 7651, 7652], device='cuda:0')
2024-02-03 18:38:17,255 - Classification Fails.
2024-02-03 18:38:17,255 - Link Generation Succeeds.
2024-02-03 18:43:17,186 - Victim node is 7129.
2024-02-03 18:43:17,186 - tensor([4237, 7460, 7620], device='cuda:0')
2024-02-03 18:43:17,186 - Classification Succeeds.
2024-02-03 18:43:17,186 - Link Generation Fails.
2024-02-03 18:48:16,458 - Victim node is 2099.
2024-02-03 18:48:16,458 - tensor([2198, 7650, 7653], device='cuda:0')
2024-02-03 18:48:16,458 - Classification Fails.
2024-02-03 18:48:16,458 - Link Generation Succeeds.
2024-02-03 18:53:16,997 - Victim node is 4295.
2024-02-03 18:53:16,997 - tensor([ 593, 4376, 6702], device='cuda:0')
2024-02-03 18:53:16,997 - Classification Succeeds.
2024-02-03 18:53:16,998 - Link Generation Fails.
2024-02-03 18:58:15,885 - Victim node is 3541.
2024-02-03 18:58:15,885 - tensor([ 593, 2198, 2239], device='cuda:0')
2024-02-03 18:58:15,885 - Classification Succeeds.
2024-02-03 18:58:15,886 - Link Generation Fails.
2024-02-03 19:03:15,183 - Victim node is 6757.
2024-02-03 19:03:15,183 - tensor([4237, 7460, 7620], device='cuda:0')
2024-02-03 19:03:15,183 - Classification Succeeds.
2024-02-03 19:03:15,183 - Link Generation Fails.
2024-02-03 19:08:14,706 - Victim node is 906.
2024-02-03 19:08:14,706 - tensor([2239, 4376, 4384], device='cuda:0')
2024-02-03 19:08:14,706 - Classification Succeeds.
2024-02-03 19:08:14,707 - Link Generation Fails.
2024-02-03 19:13:14,212 - Victim node is 2092.
2024-02-03 19:13:14,212 - tensor([ 593, 2198, 4376], device='cuda:0')
2024-02-03 19:13:14,213 - Classification Succeeds.
2024-02-03 19:13:14,213 - Link Generation Fails.
2024-02-03 19:18:13,728 - Victim node is 1634.
2024-02-03 19:18:13,728 - tensor([1798, 3895, 7652], device='cuda:0')
2024-02-03 19:18:13,729 - Classification Succeeds.
2024-02-03 19:18:13,729 - Link Generation Succeeds.
2024-02-03 19:23:14,219 - Victim node is 3965.
2024-02-03 19:23:14,219 - tensor([4237, 7460, 7620], device='cuda:0')
2024-02-03 19:23:14,220 - Classification Succeeds.
2024-02-03 19:23:14,220 - Link Generation Fails.
2024-02-03 19:28:13,682 - Victim node is 2499.
2024-02-03 19:28:13,682 - tensor([ 593, 2198, 2239], device='cuda:0')
2024-02-03 19:28:13,682 - Classification Succeeds.
2024-02-03 19:28:13,683 - Link Generation Fails.
2024-02-03 19:33:13,419 - Victim node is 6636.
2024-02-03 19:33:13,419 - tensor([  80,  593, 2198], device='cuda:0')
2024-02-03 19:33:13,419 - Classification Fails.
2024-02-03 19:33:13,419 - Link Generation Fails.
2024-02-03 19:38:12,815 - Victim node is 120.
2024-02-03 19:38:12,815 - tensor([7650, 7651, 7652], device='cuda:0')
2024-02-03 19:38:12,816 - Classification Succeeds.
2024-02-03 19:38:12,816 - Link Generation Succeeds.
2024-02-03 19:43:12,249 - Victim node is 1651.
2024-02-03 19:43:12,249 - tensor([7650, 7651, 7652], device='cuda:0')
2024-02-03 19:43:12,249 - Classification Fails.
2024-02-03 19:43:12,249 - Link Generation Succeeds.
2024-02-03 19:48:11,253 - Victim node is 5673.
2024-02-03 19:48:11,253 - tensor([7650, 7651, 7652], device='cuda:0')
2024-02-03 19:48:11,254 - Classification Succeeds.
2024-02-03 19:48:11,254 - Link Generation Succeeds.
2024-02-03 19:53:11,254 - Victim node is 6284.
2024-02-03 19:53:11,254 - tensor([2239, 3895, 4805], device='cuda:0')
2024-02-03 19:53:11,255 - Classification Succeeds.
2024-02-03 19:53:11,255 - Link Generation Fails.
2024-02-03 19:58:11,670 - Victim node is 519.
2024-02-03 19:58:11,670 - tensor([7650, 7651, 7652], device='cuda:0')
2024-02-03 19:58:11,670 - Classification Fails.
2024-02-03 19:58:11,670 - Link Generation Succeeds.
2024-02-03 20:03:11,661 - Victim node is 147.
2024-02-03 20:03:11,661 - tensor([ 593, 2198, 4376], device='cuda:0')
2024-02-03 20:03:11,661 - Classification Succeeds.
2024-02-03 20:03:11,661 - Link Generation Fails.
2024-02-03 20:08:11,916 - Victim node is 2102.
2024-02-03 20:08:11,916 - tensor([2239, 4376, 6702], device='cuda:0')
2024-02-03 20:08:11,916 - Classification Succeeds.
2024-02-03 20:08:11,916 - Link Generation Fails.
2024-02-03 20:13:11,680 - Victim node is 3686.
2024-02-03 20:13:11,680 - tensor([1097, 1485, 7654], device='cuda:0')
2024-02-03 20:13:11,680 - Classification Fails.
2024-02-03 20:13:11,680 - Link Generation Succeeds.
2024-02-03 20:18:11,061 - Victim node is 7206.
2024-02-03 20:18:11,061 - tensor([ 593, 2198, 4376], device='cuda:0')
2024-02-03 20:18:11,062 - Classification Fails.
2024-02-03 20:18:11,062 - Link Generation Fails.
2024-02-03 20:23:11,097 - Victim node is 3559.
2024-02-03 20:23:11,098 - tensor([ 593, 2198, 2239], device='cuda:0')
2024-02-03 20:23:11,098 - Classification Succeeds.
2024-02-03 20:23:11,098 - Link Generation Fails.
2024-02-03 20:28:11,223 - Victim node is 506.
2024-02-03 20:28:11,223 - tensor([ 593, 2198, 4376], device='cuda:0')
2024-02-03 20:28:11,224 - Classification Fails.
2024-02-03 20:28:11,224 - Link Generation Fails.
2024-02-03 20:33:11,694 - Victim node is 7598.
2024-02-03 20:33:11,694 - tensor([7650, 7651, 7652], device='cuda:0')
2024-02-03 20:33:11,695 - Classification Succeeds.
2024-02-03 20:33:11,695 - Link Generation Succeeds.
2024-02-03 20:38:11,304 - Victim node is 2192.
2024-02-03 20:38:11,304 - tensor([ 593, 2198, 4376], device='cuda:0')
2024-02-03 20:38:11,304 - Classification Succeeds.
2024-02-03 20:38:11,304 - Link Generation Fails.
2024-02-03 20:43:10,438 - Victim node is 6739.
2024-02-03 20:43:10,438 - tensor([7650, 7651, 7652], device='cuda:0')
2024-02-03 20:43:10,438 - Classification Fails.
2024-02-03 20:43:10,438 - Link Generation Succeeds.
2024-02-03 20:48:09,808 - Victim node is 5366.
2024-02-03 20:48:09,808 - tensor([ 526, 2250, 3578], device='cuda:0')
2024-02-03 20:48:09,808 - Classification Fails.
2024-02-03 20:48:09,809 - Link Generation Fails.
2024-02-03 20:53:08,517 - Victim node is 629.
2024-02-03 20:53:08,517 - tensor([2239, 4805, 6702], device='cuda:0')
2024-02-03 20:53:08,518 - Classification Succeeds.
2024-02-03 20:53:08,518 - Link Generation Fails.
2024-02-03 20:58:07,811 - Victim node is 1727.
2024-02-03 20:58:07,811 - tensor([2239, 4376, 4384], device='cuda:0')
2024-02-03 20:58:07,812 - Classification Succeeds.
2024-02-03 20:58:07,812 - Link Generation Fails.
2024-02-03 21:03:08,110 - Victim node is 755.
2024-02-03 21:03:08,110 - tensor([7650, 7651, 7652], device='cuda:0')
2024-02-03 21:03:08,111 - Classification Succeeds.
2024-02-03 21:03:08,111 - Link Generation Succeeds.
2024-02-03 21:08:07,776 - Victim node is 1075.
2024-02-03 21:08:07,776 - tensor([7650, 7651, 7652], device='cuda:0')
2024-02-03 21:08:07,776 - Classification Succeeds.
2024-02-03 21:08:07,776 - Link Generation Succeeds.
2024-02-03 21:13:07,330 - Victim node is 3530.
2024-02-03 21:13:07,331 - tensor([ 932, 7460, 7620], device='cuda:0')
2024-02-03 21:13:07,331 - Classification Succeeds.
2024-02-03 21:13:07,331 - Link Generation Fails.
2024-02-03 21:18:07,044 - Victim node is 1677.
2024-02-03 21:18:07,044 - tensor([5356, 6962, 7542], device='cuda:0')
2024-02-03 21:18:07,044 - Classification Succeeds.
2024-02-03 21:18:07,044 - Link Generation Fails.
2024-02-03 21:23:07,732 - Victim node is 6298.
2024-02-03 21:23:07,732 - tensor([ 593, 2198, 2239], device='cuda:0')
2024-02-03 21:23:07,732 - Classification Succeeds.
2024-02-03 21:23:07,732 - Link Generation Fails.
2024-02-03 21:28:07,553 - Victim node is 1421.
2024-02-03 21:28:07,554 - tensor([2239, 4805, 5132], device='cuda:0')
2024-02-03 21:28:07,554 - Classification Succeeds.
2024-02-03 21:28:07,554 - Link Generation Fails.
2024-02-03 21:33:07,947 - Victim node is 6766.
2024-02-03 21:33:07,948 - tensor([ 593, 2198, 2239], device='cuda:0')
2024-02-03 21:33:07,948 - Classification Succeeds.
2024-02-03 21:33:07,948 - Link Generation Fails.
2024-02-03 21:38:06,679 - Victim node is 1640.
2024-02-03 21:38:06,679 - tensor([7650, 7651, 7652], device='cuda:0')
2024-02-03 21:38:06,679 - Classification Fails.
2024-02-03 21:38:06,680 - Link Generation Succeeds.
2024-02-03 21:43:05,964 - Victim node is 4187.
2024-02-03 21:43:05,964 - tensor([ 593, 2198, 2239], device='cuda:0')
2024-02-03 21:43:05,965 - Classification Succeeds.
2024-02-03 21:43:05,965 - Link Generation Fails.
2024-02-03 21:48:05,344 - Victim node is 4432.
2024-02-03 21:48:05,344 - tensor([4237, 7460, 7620], device='cuda:0')
2024-02-03 21:48:05,344 - Classification Succeeds.
2024-02-03 21:48:05,345 - Link Generation Fails.
2024-02-03 21:53:05,566 - Victim node is 3550.
2024-02-03 21:53:05,567 - tensor([7650, 7651, 7652], device='cuda:0')
2024-02-03 21:53:05,567 - Classification Fails.
2024-02-03 21:53:05,567 - Link Generation Succeeds.
2024-02-03 21:58:05,296 - Victim node is 5267.
2024-02-03 21:58:05,296 - tensor([4237, 7460, 7620], device='cuda:0')
2024-02-03 21:58:05,296 - Classification Succeeds.
2024-02-03 21:58:05,296 - Link Generation Fails.
2024-02-03 22:03:05,927 - Victim node is 6237.
2024-02-03 22:03:05,927 - tensor([ 593, 2198, 4376], device='cuda:0')
2024-02-03 22:03:05,928 - Classification Succeeds.
2024-02-03 22:03:05,928 - Link Generation Fails.
2024-02-03 22:08:06,389 - Victim node is 3695.
2024-02-03 22:08:06,389 - tensor([ 593, 4805, 6702], device='cuda:0')
2024-02-03 22:08:06,389 - Classification Succeeds.
2024-02-03 22:08:06,390 - Link Generation Fails.
2024-02-03 22:13:05,994 - Victim node is 3315.
2024-02-03 22:13:05,994 - tensor([6130, 7460, 7620], device='cuda:0')
2024-02-03 22:13:05,994 - Classification Succeeds.
2024-02-03 22:13:05,994 - Link Generation Fails.
2024-02-03 22:18:05,130 - Victim node is 6645.
2024-02-03 22:18:05,130 - tensor([7650, 7651, 7652], device='cuda:0')
2024-02-03 22:18:05,130 - Classification Fails.
2024-02-03 22:18:05,130 - Link Generation Succeeds.
2024-02-03 22:23:06,348 - Victim node is 2883.
2024-02-03 22:23:06,348 - tensor([ 593, 2239, 4376], device='cuda:0')
2024-02-03 22:23:06,348 - Classification Succeeds.
2024-02-03 22:23:06,348 - Link Generation Fails.
2024-02-03 22:28:05,944 - Victim node is 6605.
2024-02-03 22:28:05,944 - tensor([ 593, 2198, 2239], device='cuda:0')
2024-02-03 22:28:05,945 - Classification Succeeds.
2024-02-03 22:28:05,945 - Link Generation Fails.
2024-02-03 22:33:05,955 - Victim node is 7594.
2024-02-03 22:33:05,955 - tensor([1759, 2260, 6433], device='cuda:0')
2024-02-03 22:33:05,955 - Classification Succeeds.
2024-02-03 22:33:05,955 - Link Generation Fails.
2024-02-03 22:38:05,632 - Victim node is 1016.
2024-02-03 22:38:05,632 - tensor([ 593, 2198, 4376], device='cuda:0')
2024-02-03 22:38:05,633 - Classification Succeeds.
2024-02-03 22:38:05,633 - Link Generation Fails.
2024-02-03 22:43:05,760 - Victim node is 1077.
2024-02-03 22:43:05,760 - tensor([7650, 7651, 7652], device='cuda:0')
2024-02-03 22:43:05,761 - Classification Fails.
2024-02-03 22:43:05,761 - Link Generation Succeeds.
2024-02-03 22:48:06,475 - Victim node is 4163.
2024-02-03 22:48:06,475 - tensor([ 593, 2198, 4376], device='cuda:0')
2024-02-03 22:48:06,475 - Classification Succeeds.
2024-02-03 22:48:06,475 - Link Generation Fails.
2024-02-03 22:53:07,043 - Victim node is 2484.
2024-02-03 22:53:07,044 - tensor([  80,  593, 4376], device='cuda:0')
2024-02-03 22:53:07,044 - Classification Succeeds.
2024-02-03 22:53:07,044 - Link Generation Fails.
2024-02-03 22:58:06,430 - Victim node is 2690.
2024-02-03 22:58:06,430 - tensor([ 593, 2198, 2239], device='cuda:0')
2024-02-03 22:58:06,431 - Classification Fails.
2024-02-03 22:58:06,431 - Link Generation Fails.
2024-02-03 23:03:06,584 - Victim node is 4921.
2024-02-03 23:03:06,584 - tensor([ 593, 2198, 2239], device='cuda:0')
2024-02-03 23:03:06,585 - Classification Succeeds.
2024-02-03 23:03:06,585 - Link Generation Fails.
2024-02-03 23:08:05,597 - Victim node is 4077.
2024-02-03 23:08:05,597 - tensor([7650, 7651, 7652], device='cuda:0')
2024-02-03 23:08:05,597 - Classification Fails.
2024-02-03 23:08:05,597 - Link Generation Succeeds.
2024-02-03 23:13:05,209 - Victim node is 4748.
2024-02-03 23:13:05,209 - tensor([3383, 7650, 7651], device='cuda:0')
2024-02-03 23:13:05,209 - Classification Fails.
2024-02-03 23:13:05,209 - Link Generation Succeeds.
2024-02-03 23:18:04,165 - Victim node is 7363.
2024-02-03 23:18:04,165 - tensor([ 593, 2198, 4376], device='cuda:0')
2024-02-03 23:18:04,165 - Classification Fails.
2024-02-03 23:18:04,165 - Link Generation Fails.
2024-02-03 23:23:04,277 - Victim node is 3275.
2024-02-03 23:23:04,277 - tensor([ 593, 2198, 4376], device='cuda:0')
2024-02-03 23:23:04,278 - Classification Succeeds.
2024-02-03 23:23:04,278 - Link Generation Fails.
2024-02-03 23:28:04,001 - Victim node is 1115.
2024-02-03 23:28:04,001 - tensor([4237, 6130, 7620], device='cuda:0')
2024-02-03 23:28:04,003 - Classification Succeeds.
2024-02-03 23:28:04,003 - Link Generation Fails.
2024-02-03 23:33:03,679 - Victim node is 1730.
2024-02-03 23:33:03,679 - tensor([7650, 7651, 7652], device='cuda:0')
2024-02-03 23:33:03,679 - Classification Fails.
2024-02-03 23:33:03,680 - Link Generation Succeeds.
2024-02-03 23:38:02,683 - Victim node is 827.
2024-02-03 23:38:02,683 - tensor([7650, 7651, 7652], device='cuda:0')
2024-02-03 23:38:02,683 - Classification Succeeds.
2024-02-03 23:38:02,683 - Link Generation Succeeds.
2024-02-03 23:43:01,644 - Victim node is 3635.
2024-02-03 23:43:01,644 - tensor([ 593, 2198, 4376], device='cuda:0')
2024-02-03 23:43:01,644 - Classification Fails.
2024-02-03 23:43:01,645 - Link Generation Fails.
2024-02-03 23:48:00,595 - Victim node is 6219.
2024-02-03 23:48:00,595 - tensor([ 593, 2198, 4376], device='cuda:0')
2024-02-03 23:48:00,596 - Classification Fails.
2024-02-03 23:48:00,596 - Link Generation Fails.
2024-02-03 23:53:00,450 - Victim node is 5482.
2024-02-03 23:53:00,450 - tensor([ 932, 7460, 7620], device='cuda:0')
2024-02-03 23:53:00,451 - Classification Succeeds.
2024-02-03 23:53:00,451 - Link Generation Fails.
2024-02-03 23:57:58,972 - Victim node is 3111.
2024-02-03 23:57:58,972 - tensor([ 481, 4663, 7620], device='cuda:0')
2024-02-03 23:57:58,972 - Classification Succeeds.
2024-02-03 23:57:58,972 - Link Generation Fails.
2024-02-04 00:02:58,312 - Victim node is 3250.
2024-02-04 00:02:58,312 - tensor([ 593, 2198, 2239], device='cuda:0')
2024-02-04 00:02:58,312 - Classification Succeeds.
2024-02-04 00:02:58,313 - Link Generation Fails.
2024-02-04 00:07:58,091 - Victim node is 5479.
2024-02-04 00:07:58,091 - tensor([  80, 1097, 1173], device='cuda:0')
2024-02-04 00:07:58,091 - Classification Fails.
2024-02-04 00:07:58,091 - Link Generation Fails.
2024-02-04 00:12:58,132 - Victim node is 7025.
2024-02-04 00:12:58,132 - tensor([7650, 7651, 7652], device='cuda:0')
2024-02-04 00:12:58,132 - Classification Fails.
2024-02-04 00:12:58,132 - Link Generation Succeeds.
2024-02-04 00:17:57,429 - Victim node is 4791.
2024-02-04 00:17:57,429 - tensor([ 593, 4384, 4805], device='cuda:0')
2024-02-04 00:17:57,429 - Classification Succeeds.
2024-02-04 00:17:57,430 - Link Generation Fails.
2024-02-04 00:22:57,722 - Victim node is 2424.
2024-02-04 00:22:57,722 - tensor([7650, 7651, 7652], device='cuda:0')
2024-02-04 00:22:57,722 - Classification Succeeds.
2024-02-04 00:22:57,722 - Link Generation Succeeds.
2024-02-04 00:27:57,376 - Victim node is 7489.
2024-02-04 00:27:57,377 - tensor([ 593, 2198, 2239], device='cuda:0')
2024-02-04 00:27:57,377 - Classification Succeeds.
2024-02-04 00:27:57,377 - Link Generation Fails.
2024-02-04 00:32:58,475 - Victim node is 4318.
2024-02-04 00:32:58,475 - tensor([1599, 1703, 6662], device='cuda:0')
2024-02-04 00:32:58,475 - Classification Succeeds.
2024-02-04 00:32:58,475 - Link Generation Fails.
2024-02-04 00:37:57,845 - Victim node is 1009.
2024-02-04 00:37:57,845 - tensor([6130, 7460, 7620], device='cuda:0')
2024-02-04 00:37:57,845 - Classification Succeeds.
2024-02-04 00:37:57,845 - Link Generation Fails.
2024-02-04 00:42:56,964 - Victim node is 2008.
2024-02-04 00:42:56,964 - tensor([ 593, 2198, 4376], device='cuda:0')
2024-02-04 00:42:56,964 - Classification Fails.
2024-02-04 00:42:56,964 - Link Generation Fails.
2024-02-04 00:47:55,830 - Victim node is 5533.
2024-02-04 00:47:55,830 - tensor([4237, 6130, 7460], device='cuda:0')
2024-02-04 00:47:55,830 - Classification Succeeds.
2024-02-04 00:47:55,830 - Link Generation Fails.
2024-02-04 00:52:56,148 - Victim node is 4590.
2024-02-04 00:52:56,148 - tensor([7650, 7651, 7652], device='cuda:0')
2024-02-04 00:52:56,148 - Classification Succeeds.
2024-02-04 00:52:56,148 - Link Generation Succeeds.
2024-02-04 00:57:55,285 - Victim node is 2177.
2024-02-04 00:57:55,286 - tensor([7650, 7651, 7652], device='cuda:0')
2024-02-04 00:57:55,286 - Classification Fails.
2024-02-04 00:57:55,286 - Link Generation Succeeds.
2024-02-04 01:02:56,170 - Victim node is 3420.
2024-02-04 01:02:56,170 - tensor([7650, 7651, 7652], device='cuda:0')
2024-02-04 01:02:56,170 - Classification Succeeds.
2024-02-04 01:02:56,170 - Link Generation Succeeds.
2024-02-04 01:07:55,769 - Victim node is 4162.
2024-02-04 01:07:55,769 - tensor([ 593, 4376, 4384], device='cuda:0')
2024-02-04 01:07:55,771 - Classification Succeeds.
2024-02-04 01:07:55,771 - Link Generation Fails.
2024-02-04 01:12:55,394 - Victim node is 1610.
2024-02-04 01:12:55,394 - tensor([ 593, 2198, 4376], device='cuda:0')
2024-02-04 01:12:55,394 - Classification Succeeds.
2024-02-04 01:12:55,394 - Link Generation Fails.
2024-02-04 01:17:54,488 - Victim node is 2042.
2024-02-04 01:17:54,488 - tensor([ 593, 4376, 6702], device='cuda:0')
2024-02-04 01:17:54,489 - Classification Succeeds.
2024-02-04 01:17:54,489 - Link Generation Fails.
2024-02-04 01:22:54,928 - Victim node is 5480.
2024-02-04 01:22:54,928 - tensor([6130, 7460, 7620], device='cuda:0')
2024-02-04 01:22:54,928 - Classification Succeeds.
2024-02-04 01:22:54,928 - Link Generation Fails.
2024-02-04 01:27:54,302 - Victim node is 7016.
2024-02-04 01:27:54,302 - tensor([ 593, 2198, 2239], device='cuda:0')
2024-02-04 01:27:54,302 - Classification Succeeds.
2024-02-04 01:27:54,302 - Link Generation Fails.
2024-02-04 01:32:54,746 - Victim node is 2371.
2024-02-04 01:32:54,746 - tensor([7650, 7651, 7653], device='cuda:0')
2024-02-04 01:32:54,747 - Classification Succeeds.
2024-02-04 01:32:54,747 - Link Generation Succeeds.
2024-02-04 01:37:54,006 - Victim node is 4913.
2024-02-04 01:37:54,006 - tensor([2198, 7653, 7654], device='cuda:0')
2024-02-04 01:37:54,006 - Classification Succeeds.
2024-02-04 01:37:54,006 - Link Generation Succeeds.
2024-02-04 01:42:53,221 - Victim node is 4479.
2024-02-04 01:42:53,221 - tensor([4384, 5404, 6702], device='cuda:0')
2024-02-04 01:42:53,222 - Classification Succeeds.
2024-02-04 01:42:53,222 - Link Generation Fails.
2024-02-04 01:47:51,717 - Victim node is 5283.
2024-02-04 01:47:51,717 - tensor([4237, 7460, 7620], device='cuda:0')
2024-02-04 01:47:51,718 - Classification Succeeds.
2024-02-04 01:47:51,718 - Link Generation Fails.
2024-02-04 01:52:51,640 - Victim node is 3124.
2024-02-04 01:52:51,640 - tensor([ 593, 2198, 2239], device='cuda:0')
2024-02-04 01:52:51,641 - Classification Succeeds.
2024-02-04 01:52:51,641 - Link Generation Fails.
2024-02-04 01:57:49,914 - Victim node is 4178.
2024-02-04 01:57:49,914 - tensor([ 593, 2198, 2239], device='cuda:0')
2024-02-04 01:57:49,915 - Classification Succeeds.
2024-02-04 01:57:49,915 - Link Generation Fails.
2024-02-04 02:02:50,240 - Victim node is 2678.
2024-02-04 02:02:50,240 - tensor([ 593, 2198, 2239], device='cuda:0')
2024-02-04 02:02:50,240 - Classification Succeeds.
2024-02-04 02:02:50,240 - Link Generation Fails.
2024-02-04 02:07:48,952 - Victim node is 2336.
2024-02-04 02:07:48,952 - tensor([ 593, 2239, 6702], device='cuda:0')
2024-02-04 02:07:48,952 - Classification Succeeds.
2024-02-04 02:07:48,953 - Link Generation Fails.
2024-02-04 02:12:47,854 - Victim node is 6334.
2024-02-04 02:12:47,854 - tensor([7650, 7651, 7652], device='cuda:0')
2024-02-04 02:12:47,854 - Classification Fails.
2024-02-04 02:12:47,854 - Link Generation Succeeds.
2024-02-04 02:17:46,545 - Victim node is 961.
2024-02-04 02:17:46,545 - tensor([6130, 7460, 7620], device='cuda:0')
2024-02-04 02:17:46,546 - Classification Succeeds.
2024-02-04 02:17:46,546 - Link Generation Fails.
2024-02-04 02:22:45,660 - Victim node is 4079.
2024-02-04 02:22:45,660 - tensor([4237, 7460, 7620], device='cuda:0')
2024-02-04 02:22:45,660 - Classification Succeeds.
2024-02-04 02:22:45,661 - Link Generation Fails.
2024-02-04 02:27:44,945 - Victim node is 189.
2024-02-04 02:27:44,945 - tensor([ 593, 2198, 2239], device='cuda:0')
2024-02-04 02:27:44,945 - Classification Succeeds.
2024-02-04 02:27:44,945 - Link Generation Fails.
2024-02-04 02:32:44,031 - Victim node is 812.
2024-02-04 02:32:44,031 - tensor([ 593, 2198, 2239], device='cuda:0')
2024-02-04 02:32:44,032 - Classification Succeeds.
2024-02-04 02:32:44,032 - Link Generation Fails.
2024-02-04 02:37:43,924 - Victim node is 5771.
2024-02-04 02:37:43,924 - tensor([ 593, 2198, 2239], device='cuda:0')
2024-02-04 02:37:43,924 - Classification Succeeds.
2024-02-04 02:37:43,924 - Link Generation Fails.
2024-02-04 02:42:42,896 - Victim node is 6968.
2024-02-04 02:42:42,896 - tensor([3895, 4384, 6551], device='cuda:0')
2024-02-04 02:42:42,897 - Classification Succeeds.
2024-02-04 02:42:42,897 - Link Generation Fails.
2024-02-04 02:47:41,785 - Victim node is 1665.
2024-02-04 02:47:41,785 - tensor([ 593, 2239, 6702], device='cuda:0')
2024-02-04 02:47:41,785 - Classification Succeeds.
2024-02-04 02:47:41,786 - Link Generation Fails.
2024-02-04 02:52:41,448 - Victim node is 7174.
2024-02-04 02:52:41,449 - tensor([2239, 4376, 5404], device='cuda:0')
2024-02-04 02:52:41,449 - Classification Succeeds.
2024-02-04 02:52:41,449 - Link Generation Fails.
2024-02-04 02:57:39,578 - Victim node is 4194.
2024-02-04 02:57:39,578 - tensor([ 593, 2198, 4376], device='cuda:0')
2024-02-04 02:57:39,578 - Classification Succeeds.
2024-02-04 02:57:39,579 - Link Generation Fails.
2024-02-04 03:02:39,487 - Victim node is 4118.
2024-02-04 03:02:39,487 - tensor([ 593, 2198, 2239], device='cuda:0')
2024-02-04 03:02:39,488 - Classification Fails.
2024-02-04 03:02:39,488 - Link Generation Fails.
2024-02-04 03:07:38,224 - Victim node is 7477.
2024-02-04 03:07:38,224 - tensor([2239, 4376, 4384], device='cuda:0')
2024-02-04 03:07:38,224 - Classification Succeeds.
2024-02-04 03:07:38,225 - Link Generation Fails.
2024-02-04 03:12:37,719 - Victim node is 5628.
2024-02-04 03:12:37,719 - tensor([4646, 6433, 7620], device='cuda:0')
2024-02-04 03:12:37,720 - Classification Fails.
2024-02-04 03:12:37,720 - Link Generation Fails.
2024-02-04 03:17:36,816 - Victim node is 6842.
2024-02-04 03:17:36,816 - tensor([ 593, 2198, 4376], device='cuda:0')
2024-02-04 03:17:36,816 - Classification Succeeds.
2024-02-04 03:17:36,817 - Link Generation Fails.
2024-02-04 03:22:36,134 - Victim node is 2928.
2024-02-04 03:22:36,134 - tensor([1759, 7460, 7620], device='cuda:0')
2024-02-04 03:22:36,134 - Classification Succeeds.
2024-02-04 03:22:36,134 - Link Generation Fails.
2024-02-04 03:27:35,219 - Victim node is 3509.
2024-02-04 03:27:35,220 - tensor([ 593, 2198, 4376], device='cuda:0')
2024-02-04 03:27:35,220 - Classification Succeeds.
2024-02-04 03:27:35,220 - Link Generation Fails.
2024-02-04 03:32:35,341 - Victim node is 6854.
2024-02-04 03:32:35,341 - tensor([7650, 7651, 7652], device='cuda:0')
2024-02-04 03:32:35,341 - Classification Fails.
2024-02-04 03:32:35,341 - Link Generation Succeeds.
2024-02-04 03:37:34,030 - Victim node is 4303.
2024-02-04 03:37:34,030 - tensor([ 593, 2198, 2239], device='cuda:0')
2024-02-04 03:37:34,030 - Classification Succeeds.
2024-02-04 03:37:34,030 - Link Generation Fails.
2024-02-04 03:42:32,934 - Victim node is 3462.
2024-02-04 03:42:32,934 - tensor([ 593, 2239, 4384], device='cuda:0')
2024-02-04 03:42:32,934 - Classification Succeeds.
2024-02-04 03:42:32,934 - Link Generation Fails.
2024-02-04 03:47:31,860 - Victim node is 6578.
2024-02-04 03:47:31,860 - tensor([ 593, 2198, 4376], device='cuda:0')
2024-02-04 03:47:31,860 - Classification Fails.
2024-02-04 03:47:31,860 - Link Generation Fails.
2024-02-04 03:52:31,312 - Victim node is 1728.
2024-02-04 03:52:31,313 - tensor([4237, 7460, 7620], device='cuda:0')
2024-02-04 03:52:31,313 - Classification Succeeds.
2024-02-04 03:52:31,313 - Link Generation Fails.
2024-02-04 03:57:30,446 - Victim node is 6329.
2024-02-04 03:57:30,446 - tensor([7650, 7651, 7652], device='cuda:0')
2024-02-04 03:57:30,446 - Classification Fails.
2024-02-04 03:57:30,446 - Link Generation Succeeds.
2024-02-04 04:02:29,911 - Victim node is 688.
2024-02-04 04:02:29,911 - tensor([7650, 7651, 7652], device='cuda:0')
2024-02-04 04:02:29,911 - Classification Succeeds.
2024-02-04 04:02:29,911 - Link Generation Succeeds.
2024-02-04 04:07:29,082 - Victim node is 7515.
2024-02-04 04:07:29,082 - tensor([6130, 7460, 7620], device='cuda:0')
2024-02-04 04:07:29,083 - Classification Succeeds.
2024-02-04 04:07:29,083 - Link Generation Fails.
2024-02-04 04:12:28,185 - Victim node is 5616.
2024-02-04 04:12:28,185 - tensor([7460, 7620, 7650], device='cuda:0')
2024-02-04 04:12:28,186 - Classification Fails.
2024-02-04 04:12:28,186 - Link Generation Succeeds.
2024-02-04 04:17:27,060 - Victim node is 3282.
2024-02-04 04:17:27,060 - tensor([ 593, 4376, 6702], device='cuda:0')
2024-02-04 04:17:27,060 - Classification Succeeds.
2024-02-04 04:17:27,062 - Link Generation Fails.
2024-02-04 04:22:26,196 - Victim node is 454.
2024-02-04 04:22:26,196 - tensor([4237, 7460, 7620], device='cuda:0')
2024-02-04 04:22:26,198 - Classification Succeeds.
2024-02-04 04:22:26,198 - Link Generation Fails.
2024-02-04 04:27:25,430 - Victim node is 6354.
2024-02-04 04:27:25,430 - tensor([4384, 6551, 6702], device='cuda:0')
2024-02-04 04:27:25,431 - Classification Fails.
2024-02-04 04:27:25,431 - Link Generation Fails.
2024-02-04 04:32:24,799 - Victim node is 2483.
2024-02-04 04:32:24,799 - tensor([7650, 7651, 7652], device='cuda:0')
2024-02-04 04:32:24,800 - Classification Fails.
2024-02-04 04:32:24,800 - Link Generation Succeeds.
2024-02-04 04:37:23,917 - Victim node is 2161.
2024-02-04 04:37:23,917 - tensor([11, 13, 16], device='cuda:0')
2024-02-04 04:37:23,917 - Classification Succeeds.
2024-02-04 04:37:23,917 - Link Generation Fails.
2024-02-04 04:42:23,251 - Victim node is 6206.
2024-02-04 04:42:23,252 - tensor([7650, 7651, 7652], device='cuda:0')
2024-02-04 04:42:23,252 - Classification Fails.
2024-02-04 04:42:23,252 - Link Generation Succeeds.
2024-02-04 04:47:21,699 - Victim node is 7263.
2024-02-04 04:47:21,699 - tensor([7650, 7652, 7653], device='cuda:0')
2024-02-04 04:47:21,699 - Classification Fails.
2024-02-04 04:47:21,699 - Link Generation Succeeds.
2024-02-04 04:52:21,670 - Victim node is 5715.
2024-02-04 04:52:21,670 - tensor([7650, 7652, 7653], device='cuda:0')
2024-02-04 04:52:21,671 - Classification Succeeds.
2024-02-04 04:52:21,671 - Link Generation Succeeds.
2024-02-04 04:57:20,504 - Victim node is 4555.
2024-02-04 04:57:20,505 - tensor([ 593, 2198, 2239], device='cuda:0')
2024-02-04 04:57:20,505 - Classification Succeeds.
2024-02-04 04:57:20,505 - Link Generation Fails.
2024-02-04 05:02:21,149 - Victim node is 6025.
2024-02-04 05:02:21,149 - tensor([7650, 7651, 7652], device='cuda:0')
2024-02-04 05:02:21,149 - Classification Succeeds.
2024-02-04 05:02:21,149 - Link Generation Succeeds.
2024-02-04 05:07:20,128 - Victim node is 7318.
2024-02-04 05:07:20,128 - tensor([ 507, 3963, 6530], device='cuda:0')
2024-02-04 05:07:20,128 - Classification Fails.
2024-02-04 05:07:20,128 - Link Generation Fails.
2024-02-04 05:12:19,362 - Victim node is 3514.
2024-02-04 05:12:19,362 - tensor([2239, 4384, 5132], device='cuda:0')
2024-02-04 05:12:19,363 - Classification Succeeds.
2024-02-04 05:12:19,363 - Link Generation Fails.
2024-02-04 05:17:19,689 - Victim node is 6344.
2024-02-04 05:17:19,689 - tensor([7650, 7651, 7652], device='cuda:0')
2024-02-04 05:17:19,689 - Classification Succeeds.
2024-02-04 05:17:19,689 - Link Generation Succeeds.
2024-02-04 05:22:20,064 - Victim node is 130.
2024-02-04 05:22:20,064 - tensor([3383, 7460, 7620], device='cuda:0')
2024-02-04 05:22:20,064 - Classification Succeeds.
2024-02-04 05:22:20,065 - Link Generation Fails.
2024-02-04 05:27:19,740 - Victim node is 6520.
2024-02-04 05:27:19,740 - tensor([10, 11, 12], device='cuda:0')
2024-02-04 05:27:19,741 - Classification Succeeds.
2024-02-04 05:27:19,741 - Link Generation Fails.
2024-02-04 05:32:19,764 - Victim node is 4777.
2024-02-04 05:32:19,764 - tensor([6130, 7460, 7620], device='cuda:0')
2024-02-04 05:32:19,765 - Classification Succeeds.
2024-02-04 05:32:19,765 - Link Generation Fails.
2024-02-04 05:37:18,964 - Victim node is 4473.
2024-02-04 05:37:18,964 - tensor([2198, 3578, 4805], device='cuda:0')
2024-02-04 05:37:18,964 - Classification Fails.
2024-02-04 05:37:18,964 - Link Generation Fails.
2024-02-04 05:42:17,955 - Victim node is 5017.
2024-02-04 05:42:17,955 - tensor([7650, 7651, 7652], device='cuda:0')
2024-02-04 05:42:17,955 - Classification Fails.
2024-02-04 05:42:17,956 - Link Generation Succeeds.
2024-02-04 05:47:16,960 - Victim node is 5561.
2024-02-04 05:47:16,960 - tensor([7650, 7651, 7652], device='cuda:0')
2024-02-04 05:47:16,960 - Classification Fails.
2024-02-04 05:47:16,960 - Link Generation Succeeds.
2024-02-04 05:52:17,703 - Victim node is 4635.
2024-02-04 05:52:17,703 - tensor([7650, 7651, 7652], device='cuda:0')
2024-02-04 05:52:17,704 - Classification Fails.
2024-02-04 05:52:17,704 - Link Generation Succeeds.
2024-02-04 05:57:17,764 - Victim node is 4137.
2024-02-04 05:57:17,764 - tensor([4237, 7460, 7620], device='cuda:0')
2024-02-04 05:57:17,764 - Classification Succeeds.
2024-02-04 05:57:17,764 - Link Generation Fails.
2024-02-04 06:02:17,746 - Victim node is 642.
2024-02-04 06:02:17,746 - tensor([1759, 4237, 7460], device='cuda:0')
2024-02-04 06:02:17,747 - Classification Succeeds.
2024-02-04 06:02:17,747 - Link Generation Fails.
2024-02-04 06:07:17,140 - Victim node is 5192.
2024-02-04 06:07:17,140 - tensor([6130, 7460, 7620], device='cuda:0')
2024-02-04 06:07:17,141 - Classification Succeeds.
2024-02-04 06:07:17,141 - Link Generation Fails.
2024-02-04 06:12:16,529 - Victim node is 6351.
2024-02-04 06:12:16,529 - tensor([ 932, 7460, 7620], device='cuda:0')
2024-02-04 06:12:16,530 - Classification Succeeds.
2024-02-04 06:12:16,530 - Link Generation Fails.
2024-02-04 06:17:16,753 - Victim node is 520.
2024-02-04 06:17:16,753 - tensor([ 932, 7460, 7620], device='cuda:0')
2024-02-04 06:17:16,755 - Classification Succeeds.
2024-02-04 06:17:16,755 - Link Generation Fails.
2024-02-04 06:22:16,356 - Victim node is 7180.
2024-02-04 06:22:16,356 - tensor([2198, 2239, 6702], device='cuda:0')
2024-02-04 06:22:16,356 - Classification Succeeds.
2024-02-04 06:22:16,356 - Link Generation Fails.
2024-02-04 06:27:15,998 - Victim node is 6506.
2024-02-04 06:27:15,998 - tensor([4237, 7460, 7620], device='cuda:0')
2024-02-04 06:27:15,999 - Classification Succeeds.
2024-02-04 06:27:15,999 - Link Generation Fails.
2024-02-04 06:32:15,949 - Victim node is 1806.
2024-02-04 06:32:15,949 - tensor([7650, 7651, 7652], device='cuda:0')
2024-02-04 06:32:15,949 - Classification Fails.
2024-02-04 06:32:15,949 - Link Generation Succeeds.
2024-02-04 06:37:14,815 - Victim node is 6990.
2024-02-04 06:37:14,815 - tensor([ 593, 2239, 6702], device='cuda:0')
2024-02-04 06:37:14,815 - Classification Succeeds.
2024-02-04 06:37:14,815 - Link Generation Fails.
2024-02-04 06:42:14,332 - Victim node is 4370.
2024-02-04 06:42:14,332 - tensor([4237, 7460, 7620], device='cuda:0')
2024-02-04 06:42:14,333 - Classification Fails.
2024-02-04 06:42:14,333 - Link Generation Fails.
2024-02-04 06:47:13,814 - Victim node is 5570.
2024-02-04 06:47:13,814 - tensor([7650, 7651, 7652], device='cuda:0')
2024-02-04 06:47:13,814 - Classification Fails.
2024-02-04 06:47:13,814 - Link Generation Succeeds.
2024-02-04 06:52:13,014 - Victim node is 5197.
2024-02-04 06:52:13,014 - tensor([ 9, 11, 13], device='cuda:0')
2024-02-04 06:52:13,014 - Classification Succeeds.
2024-02-04 06:52:13,015 - Link Generation Fails.
2024-02-04 06:57:12,831 - Victim node is 5540.
2024-02-04 06:57:12,831 - tensor([ 593, 2198, 4376], device='cuda:0')
2024-02-04 06:57:12,832 - Classification Succeeds.
2024-02-04 06:57:12,832 - Link Generation Fails.
2024-02-04 07:02:12,697 - Victim node is 7062.
2024-02-04 07:02:12,697 - tensor([ 9, 11, 16], device='cuda:0')
2024-02-04 07:02:12,697 - Classification Succeeds.
2024-02-04 07:02:12,697 - Link Generation Fails.
2024-02-04 07:07:12,407 - Victim node is 428.
2024-02-04 07:07:12,407 - tensor([4237, 7460, 7620], device='cuda:0')
2024-02-04 07:07:12,408 - Classification Succeeds.
2024-02-04 07:07:12,408 - Link Generation Fails.
2024-02-04 07:12:11,651 - Victim node is 7273.
2024-02-04 07:12:11,652 - tensor([4237, 7460, 7620], device='cuda:0')
2024-02-04 07:12:11,652 - Classification Succeeds.
2024-02-04 07:12:11,652 - Link Generation Fails.
2024-02-04 07:17:11,650 - Victim node is 4043.
2024-02-04 07:17:11,650 - tensor([ 593, 2198, 2239], device='cuda:0')
2024-02-04 07:17:11,651 - Classification Fails.
2024-02-04 07:17:11,651 - Link Generation Fails.
2024-02-04 07:22:11,550 - Victim node is 3545.
2024-02-04 07:22:11,550 - tensor([ 593, 2239, 4384], device='cuda:0')
2024-02-04 07:22:11,550 - Classification Fails.
2024-02-04 07:22:11,550 - Link Generation Fails.
2024-02-04 07:27:10,657 - Victim node is 4450.
2024-02-04 07:27:10,657 - tensor([7650, 7652, 7654], device='cuda:0')
2024-02-04 07:27:10,658 - Classification Succeeds.
2024-02-04 07:27:10,658 - Link Generation Succeeds.
2024-02-04 07:32:10,078 - Victim node is 1543.
2024-02-04 07:32:10,078 - tensor([ 932, 6130, 7460], device='cuda:0')
2024-02-04 07:32:10,078 - Classification Succeeds.
2024-02-04 07:32:10,078 - Link Generation Fails.
2024-02-04 07:37:09,426 - Victim node is 4288.
2024-02-04 07:37:09,426 - tensor([7650, 7651, 7652], device='cuda:0')
2024-02-04 07:37:09,426 - Classification Fails.
2024-02-04 07:37:09,427 - Link Generation Succeeds.
2024-02-04 07:42:08,501 - Victim node is 6435.
2024-02-04 07:42:08,501 - tensor([ 593, 2198, 4376], device='cuda:0')
2024-02-04 07:42:08,502 - Classification Succeeds.
2024-02-04 07:42:08,502 - Link Generation Fails.
2024-02-04 07:47:08,490 - Victim node is 4044.
2024-02-04 07:47:08,490 - tensor([2198, 4376, 7652], device='cuda:0')
2024-02-04 07:47:08,490 - Classification Succeeds.
2024-02-04 07:47:08,490 - Link Generation Succeeds.
2024-02-04 07:52:08,365 - Victim node is 2449.
2024-02-04 07:52:08,365 - tensor([ 593, 2198, 2239], device='cuda:0')
2024-02-04 07:52:08,365 - Classification Succeeds.
2024-02-04 07:52:08,365 - Link Generation Fails.
2024-02-04 07:57:08,639 - Victim node is 2060.
2024-02-04 07:57:08,639 - tensor([ 593, 2198, 2239], device='cuda:0')
2024-02-04 07:57:08,639 - Classification Succeeds.
2024-02-04 07:57:08,639 - Link Generation Fails.
2024-02-04 08:02:08,107 - Victim node is 783.
2024-02-04 08:02:08,107 - tensor([7650, 7652, 7654], device='cuda:0')
2024-02-04 08:02:08,107 - Classification Succeeds.
2024-02-04 08:02:08,107 - Link Generation Succeeds.
2024-02-04 08:07:07,651 - Victim node is 3778.
2024-02-04 08:07:07,651 - tensor([3200, 6433, 7620], device='cuda:0')
2024-02-04 08:07:07,651 - Classification Succeeds.
2024-02-04 08:07:07,651 - Link Generation Fails.
2024-02-04 08:12:06,435 - Victim node is 644.
2024-02-04 08:12:06,435 - tensor([ 593, 2198, 4376], device='cuda:0')
2024-02-04 08:12:06,435 - Classification Succeeds.
2024-02-04 08:12:06,436 - Link Generation Fails.
2024-02-04 08:17:05,311 - Victim node is 1454.
2024-02-04 08:17:05,311 - tensor([7650, 7651, 7652], device='cuda:0')
2024-02-04 08:17:05,311 - Classification Succeeds.
2024-02-04 08:17:05,312 - Link Generation Succeeds.
2024-02-04 08:22:05,159 - Victim node is 6303.
2024-02-04 08:22:05,159 - tensor([2198, 2239, 4376], device='cuda:0')
2024-02-04 08:22:05,159 - Classification Succeeds.
2024-02-04 08:22:05,159 - Link Generation Fails.
2024-02-04 08:27:05,311 - Victim node is 3059.
2024-02-04 08:27:05,311 - tensor([ 593, 2198, 2239], device='cuda:0')
2024-02-04 08:27:05,311 - Classification Fails.
2024-02-04 08:27:05,311 - Link Generation Fails.
2024-02-04 08:32:04,352 - Victim node is 6448.
2024-02-04 08:32:04,352 - tensor([ 593, 2198, 4376], device='cuda:0')
2024-02-04 08:32:04,353 - Classification Fails.
2024-02-04 08:32:04,353 - Link Generation Fails.
2024-02-04 08:37:04,333 - Victim node is 5637.
2024-02-04 08:37:04,333 - tensor([2239, 4376, 4384], device='cuda:0')
2024-02-04 08:37:04,333 - Classification Succeeds.
2024-02-04 08:37:04,333 - Link Generation Fails.
2024-02-04 08:42:03,940 - Victim node is 306.
2024-02-04 08:42:03,942 - tensor([ 593, 2198, 4376], device='cuda:0')
2024-02-04 08:42:03,942 - Classification Succeeds.
2024-02-04 08:42:03,942 - Link Generation Fails.
2024-02-04 08:47:04,113 - Victim node is 4700.
2024-02-04 08:47:04,113 - tensor([2239, 4376, 6702], device='cuda:0')
2024-02-04 08:47:04,113 - Classification Succeeds.
2024-02-04 08:47:04,113 - Link Generation Fails.
2024-02-04 08:52:03,781 - Victim node is 1791.
2024-02-04 08:52:03,782 - tensor([7650, 7651, 7652], device='cuda:0')
2024-02-04 08:52:03,782 - Classification Succeeds.
2024-02-04 08:52:03,782 - Link Generation Succeeds.
2024-02-04 08:57:03,348 - Victim node is 4448.
2024-02-04 08:57:03,348 - tensor([7650, 7652, 7653], device='cuda:0')
2024-02-04 08:57:03,348 - Classification Fails.
2024-02-04 08:57:03,349 - Link Generation Succeeds.
2024-02-04 09:02:02,661 - Victim node is 5387.
2024-02-04 09:02:02,661 - tensor([3437, 4906, 6433], device='cuda:0')
2024-02-04 09:02:02,662 - Classification Succeeds.
2024-02-04 09:02:02,662 - Link Generation Fails.
2024-02-04 09:07:01,382 - Victim node is 786.
2024-02-04 09:07:01,382 - tensor([ 593, 2198, 4376], device='cuda:0')
2024-02-04 09:07:01,383 - Classification Succeeds.
2024-02-04 09:07:01,383 - Link Generation Fails.
2024-02-04 09:11:59,255 - Victim node is 1696.
2024-02-04 09:11:59,255 - tensor([ 593, 2198, 2239], device='cuda:0')
2024-02-04 09:11:59,255 - Classification Succeeds.
2024-02-04 09:11:59,256 - Link Generation Fails.
2024-02-04 09:16:59,178 - Victim node is 2259.
2024-02-04 09:16:59,178 - tensor([ 593, 2198, 4376], device='cuda:0')
2024-02-04 09:16:59,178 - Classification Succeeds.
2024-02-04 09:16:59,178 - Link Generation Fails.
2024-02-04 09:21:58,240 - Victim node is 7352.
2024-02-04 09:21:58,240 - tensor([2239, 4376, 4384], device='cuda:0')
2024-02-04 09:21:58,241 - Classification Succeeds.
2024-02-04 09:21:58,241 - Link Generation Fails.
2024-02-04 09:26:58,171 - Victim node is 4392.
2024-02-04 09:26:58,171 - tensor([ 593, 2198, 2239], device='cuda:0')
2024-02-04 09:26:58,172 - Classification Succeeds.
2024-02-04 09:26:58,172 - Link Generation Fails.
2024-02-04 09:31:57,308 - Victim node is 5996.
2024-02-04 09:31:57,308 - tensor([6130, 7460, 7620], device='cuda:0')
2024-02-04 09:31:57,308 - Classification Succeeds.
2024-02-04 09:31:57,309 - Link Generation Fails.
2024-02-04 09:36:56,211 - Victim node is 2010.
2024-02-04 09:36:56,211 - tensor([3895, 4805, 5132], device='cuda:0')
2024-02-04 09:36:56,212 - Classification Succeeds.
2024-02-04 09:36:56,212 - Link Generation Fails.
2024-02-04 09:41:55,092 - Victim node is 2988.
2024-02-04 09:41:55,092 - tensor([2198, 2239, 4376], device='cuda:0')
2024-02-04 09:41:55,092 - Classification Succeeds.
2024-02-04 09:41:55,093 - Link Generation Fails.
2024-02-04 09:46:54,807 - Victim node is 5772.
2024-02-04 09:46:54,807 - tensor([7650, 7651, 7652], device='cuda:0')
2024-02-04 09:46:54,807 - Classification Fails.
2024-02-04 09:46:54,807 - Link Generation Succeeds.
2024-02-04 09:51:53,559 - Victim node is 1253.
2024-02-04 09:51:53,559 - tensor([ 593, 2198, 4376], device='cuda:0')
2024-02-04 09:51:53,560 - Classification Succeeds.
2024-02-04 09:51:53,560 - Link Generation Fails.
2024-02-04 09:56:52,401 - Victim node is 6734.
2024-02-04 09:56:52,401 - tensor([7650, 7651, 7652], device='cuda:0')
2024-02-04 09:56:52,401 - Classification Fails.
2024-02-04 09:56:52,401 - Link Generation Succeeds.
2024-02-04 10:01:50,932 - Victim node is 385.
2024-02-04 10:01:50,932 - tensor([1759, 7460, 7652], device='cuda:0')
2024-02-04 10:01:50,933 - Classification Fails.
2024-02-04 10:01:50,933 - Link Generation Succeeds.
2024-02-04 10:06:50,454 - Victim node is 5491.
2024-02-04 10:06:50,454 - tensor([ 593, 2198, 2239], device='cuda:0')
2024-02-04 10:06:50,454 - Classification Succeeds.
2024-02-04 10:06:50,454 - Link Generation Fails.
2024-02-04 10:11:49,334 - Victim node is 2990.
2024-02-04 10:11:49,334 - tensor([7650, 7651, 7652], device='cuda:0')
2024-02-04 10:11:49,335 - Classification Fails.
2024-02-04 10:11:49,335 - Link Generation Succeeds.
2024-02-04 10:16:48,248 - Victim node is 2610.
2024-02-04 10:16:48,248 - tensor([2198, 2239, 4376], device='cuda:0')
2024-02-04 10:16:48,249 - Classification Succeeds.
2024-02-04 10:16:48,249 - Link Generation Fails.
2024-02-04 10:21:48,113 - Victim node is 3304.
2024-02-04 10:21:48,113 - tensor([ 593, 2239, 4376], device='cuda:0')
2024-02-04 10:21:48,114 - Classification Fails.
2024-02-04 10:21:48,114 - Link Generation Fails.
2024-02-04 10:26:48,450 - Victim node is 6194.
2024-02-04 10:26:48,450 - tensor([7650, 7651, 7652], device='cuda:0')
2024-02-04 10:26:48,450 - Classification Fails.
2024-02-04 10:26:48,450 - Link Generation Succeeds.
2024-02-04 10:31:48,178 - Victim node is 6673.
2024-02-04 10:31:48,178 - tensor([2239, 4376, 4384], device='cuda:0')
2024-02-04 10:31:48,178 - Classification Succeeds.
2024-02-04 10:31:48,178 - Link Generation Fails.
2024-02-04 10:36:47,223 - Victim node is 175.
2024-02-04 10:36:47,223 - tensor([ 593, 2198, 4376], device='cuda:0')
2024-02-04 10:36:47,223 - Classification Fails.
2024-02-04 10:36:47,223 - Link Generation Fails.
2024-02-04 10:41:46,593 - Victim node is 7027.
2024-02-04 10:41:46,593 - tensor([7650, 7651, 7652], device='cuda:0')
2024-02-04 10:41:46,593 - Classification Fails.
2024-02-04 10:41:46,594 - Link Generation Succeeds.
2024-02-04 10:46:46,497 - Victim node is 2856.
2024-02-04 10:46:46,497 - tensor([ 593, 2239, 4376], device='cuda:0')
2024-02-04 10:46:46,497 - Classification Fails.
2024-02-04 10:46:46,497 - Link Generation Fails.
2024-02-04 10:51:45,392 - Victim node is 4753.
2024-02-04 10:51:45,393 - tensor([7650, 7651, 7652], device='cuda:0')
2024-02-04 10:51:45,393 - Classification Fails.
2024-02-04 10:51:45,393 - Link Generation Succeeds.
2024-02-04 10:56:44,706 - Victim node is 4762.
2024-02-04 10:56:44,706 - tensor([ 593, 2198, 2239], device='cuda:0')
2024-02-04 10:56:44,706 - Classification Succeeds.
2024-02-04 10:56:44,707 - Link Generation Fails.
2024-02-04 11:01:43,594 - Victim node is 7015.
2024-02-04 11:01:43,594 - tensor([ 593, 2198, 4376], device='cuda:0')
2024-02-04 11:01:43,595 - Classification Succeeds.
2024-02-04 11:01:43,595 - Link Generation Fails.
2024-02-04 11:06:42,316 - Victim node is 527.
2024-02-04 11:06:42,316 - tensor([2239, 4805, 6702], device='cuda:0')
2024-02-04 11:06:42,316 - Classification Succeeds.
2024-02-04 11:06:42,316 - Link Generation Fails.
2024-02-04 11:11:40,952 - Victim node is 3329.
2024-02-04 11:11:40,952 - tensor([ 593, 2198, 2239], device='cuda:0')
2024-02-04 11:11:40,952 - Classification Succeeds.
2024-02-04 11:11:40,952 - Link Generation Fails.
2024-02-04 11:16:39,464 - Victim node is 358.
2024-02-04 11:16:39,464 - tensor([2239, 4376, 4384], device='cuda:0')
2024-02-04 11:16:39,464 - Classification Succeeds.
2024-02-04 11:16:39,464 - Link Generation Fails.
2024-02-04 11:21:38,199 - Victim node is 5695.
2024-02-04 11:21:38,199 - tensor([ 593, 2198, 4376], device='cuda:0')
2024-02-04 11:21:38,200 - Classification Fails.
2024-02-04 11:21:38,200 - Link Generation Fails.
2024-02-04 11:26:37,121 - Victim node is 122.
2024-02-04 11:26:37,121 - tensor([4646, 6130, 7620], device='cuda:0')
2024-02-04 11:26:37,122 - Classification Succeeds.
2024-02-04 11:26:37,122 - Link Generation Fails.
2024-02-04 11:31:35,423 - Victim node is 6227.
2024-02-04 11:31:35,423 - tensor([ 593, 2198, 4376], device='cuda:0')
2024-02-04 11:31:35,424 - Classification Succeeds.
2024-02-04 11:31:35,424 - Link Generation Fails.
2024-02-04 11:36:34,741 - Victim node is 6474.
2024-02-04 11:36:34,741 - tensor([ 593, 2198, 2239], device='cuda:0')
2024-02-04 11:36:34,742 - Classification Fails.
2024-02-04 11:36:34,742 - Link Generation Fails.
2024-02-04 11:41:33,028 - Victim node is 6102.
2024-02-04 11:41:33,028 - tensor([ 932, 7177, 7460], device='cuda:0')
2024-02-04 11:41:33,028 - Classification Succeeds.
2024-02-04 11:41:33,028 - Link Generation Fails.
2024-02-04 11:46:32,333 - Victim node is 2505.
2024-02-04 11:46:32,333 - tensor([6130, 7460, 7620], device='cuda:0')
2024-02-04 11:46:32,334 - Classification Succeeds.
2024-02-04 11:46:32,334 - Link Generation Fails.
2024-02-04 11:51:30,836 - Victim node is 6652.
2024-02-04 11:51:30,836 - tensor([7650, 7651, 7652], device='cuda:0')
2024-02-04 11:51:30,836 - Classification Succeeds.
2024-02-04 11:51:30,837 - Link Generation Succeeds.
2024-02-04 11:56:29,108 - Victim node is 641.
2024-02-04 11:56:29,108 - tensor([ 593, 2198, 4376], device='cuda:0')
2024-02-04 11:56:29,109 - Classification Succeeds.
2024-02-04 11:56:29,109 - Link Generation Fails.
2024-02-04 12:01:28,469 - Victim node is 752.
2024-02-04 12:01:28,469 - tensor([ 593, 2198, 4376], device='cuda:0')
2024-02-04 12:01:28,469 - Classification Fails.
2024-02-04 12:01:28,469 - Link Generation Fails.
2024-02-04 12:06:27,929 - Victim node is 6438.
2024-02-04 12:06:27,929 - tensor([4237, 7460, 7620], device='cuda:0')
2024-02-04 12:06:27,929 - Classification Succeeds.
2024-02-04 12:06:27,929 - Link Generation Fails.
2024-02-04 12:11:26,255 - Victim node is 2186.
2024-02-04 12:11:26,255 - tensor([ 593, 2198, 4376], device='cuda:0')
2024-02-04 12:11:26,255 - Classification Succeeds.
2024-02-04 12:11:26,255 - Link Generation Fails.
2024-02-04 12:16:26,321 - Victim node is 2393.
2024-02-04 12:16:26,321 - tensor([2198, 2239, 4805], device='cuda:0')
2024-02-04 12:16:26,321 - Classification Succeeds.
2024-02-04 12:16:26,322 - Link Generation Fails.
2024-02-04 12:21:25,478 - Victim node is 3077.
2024-02-04 12:21:25,478 - tensor([ 593, 2239, 6702], device='cuda:0')
2024-02-04 12:21:25,478 - Classification Succeeds.
2024-02-04 12:21:25,479 - Link Generation Fails.
2024-02-04 12:26:25,193 - Victim node is 2445.
2024-02-04 12:26:25,194 - tensor([ 593, 2198, 2239], device='cuda:0')
2024-02-04 12:26:25,194 - Classification Succeeds.
2024-02-04 12:26:25,194 - Link Generation Fails.
2024-02-04 12:31:24,300 - Victim node is 5943.
2024-02-04 12:31:24,300 - tensor([ 593, 2198, 2239], device='cuda:0')
2024-02-04 12:31:24,300 - Classification Succeeds.
2024-02-04 12:31:24,300 - Link Generation Fails.
2024-02-04 12:36:23,943 - Victim node is 6892.
2024-02-04 12:36:23,943 - tensor([  80, 3748, 4805], device='cuda:0')
2024-02-04 12:36:23,943 - Classification Succeeds.
2024-02-04 12:36:23,943 - Link Generation Fails.
2024-02-04 12:41:23,297 - Victim node is 3153.
2024-02-04 12:41:23,297 - tensor([ 932, 7460, 7620], device='cuda:0')
2024-02-04 12:41:23,298 - Classification Succeeds.
2024-02-04 12:41:23,298 - Link Generation Fails.
2024-02-04 12:46:23,307 - Victim node is 5310.
2024-02-04 12:46:23,307 - tensor([6130, 7460, 7620], device='cuda:0')
2024-02-04 12:46:23,307 - Classification Succeeds.
2024-02-04 12:46:23,307 - Link Generation Fails.
2024-02-04 12:51:22,721 - Victim node is 3671.
2024-02-04 12:51:22,721 - tensor([7650, 7651, 7652], device='cuda:0')
2024-02-04 12:51:22,721 - Classification Fails.
2024-02-04 12:51:22,721 - Link Generation Succeeds.
2024-02-04 12:56:22,349 - Victim node is 6386.
2024-02-04 12:56:22,349 - tensor([2198, 2239, 4376], device='cuda:0')
2024-02-04 12:56:22,349 - Classification Succeeds.
2024-02-04 12:56:22,349 - Link Generation Fails.
2024-02-04 13:01:21,308 - Victim node is 1839.
2024-02-04 13:01:21,308 - tensor([4237, 7460, 7620], device='cuda:0')
2024-02-04 13:01:21,308 - Classification Succeeds.
2024-02-04 13:01:21,308 - Link Generation Fails.
2024-02-04 13:06:20,225 - Victim node is 6742.
2024-02-04 13:06:20,225 - tensor([7650, 7651, 7652], device='cuda:0')
2024-02-04 13:06:20,226 - Classification Fails.
2024-02-04 13:06:20,226 - Link Generation Succeeds.
2024-02-04 13:11:20,474 - Victim node is 6950.
2024-02-04 13:11:20,474 - tensor([1759, 7460, 7620], device='cuda:0')
2024-02-04 13:11:20,474 - Classification Succeeds.
2024-02-04 13:11:20,474 - Link Generation Fails.
2024-02-04 13:16:20,503 - Victim node is 442.
2024-02-04 13:16:20,503 - tensor([ 593, 2198, 4376], device='cuda:0')
2024-02-04 13:16:20,504 - Classification Succeeds.
2024-02-04 13:16:20,504 - Link Generation Fails.
2024-02-04 13:21:20,133 - Victim node is 4663.
2024-02-04 13:21:20,133 - tensor([7650, 7651, 7652], device='cuda:0')
2024-02-04 13:21:20,133 - Classification Succeeds.
2024-02-04 13:21:20,133 - Link Generation Succeeds.
2024-02-04 13:26:19,358 - Victim node is 6091.
2024-02-04 13:26:19,358 - tensor([ 593, 2198, 6702], device='cuda:0')
2024-02-04 13:26:19,359 - Classification Succeeds.
2024-02-04 13:26:19,359 - Link Generation Fails.
2024-02-04 13:31:17,549 - Victim node is 4838.
2024-02-04 13:31:17,549 - tensor([11, 13, 16], device='cuda:0')
2024-02-04 13:31:17,550 - Classification Succeeds.
2024-02-04 13:31:17,550 - Link Generation Fails.
2024-02-04 13:36:17,550 - Victim node is 1739.
2024-02-04 13:36:17,550 - tensor([ 593, 2198, 4376], device='cuda:0')
2024-02-04 13:36:17,550 - Classification Succeeds.
2024-02-04 13:36:17,551 - Link Generation Fails.
2024-02-04 13:41:17,945 - Victim node is 166.
2024-02-04 13:41:17,945 - tensor([7650, 7651, 7652], device='cuda:0')
2024-02-04 13:41:17,945 - Classification Fails.
2024-02-04 13:41:17,945 - Link Generation Succeeds.
2024-02-04 13:46:17,720 - Victim node is 1983.
2024-02-04 13:46:17,721 - tensor([ 593, 2198, 4376], device='cuda:0')
2024-02-04 13:46:17,721 - Classification Succeeds.
2024-02-04 13:46:17,721 - Link Generation Fails.
2024-02-04 13:51:17,769 - Victim node is 2570.
2024-02-04 13:51:17,769 - tensor([2198, 2239, 4376], device='cuda:0')
2024-02-04 13:51:17,769 - Classification Fails.
2024-02-04 13:51:17,769 - Link Generation Fails.
2024-02-04 13:56:17,224 - Victim node is 3438.
2024-02-04 13:56:17,224 - tensor([1058, 4376, 4384], device='cuda:0')
2024-02-04 13:56:17,224 - Classification Succeeds.
2024-02-04 13:56:17,224 - Link Generation Fails.
2024-02-04 14:01:16,716 - Victim node is 2914.
2024-02-04 14:01:16,716 - tensor([1759, 7460, 7620], device='cuda:0')
2024-02-04 14:01:16,717 - Classification Succeeds.
2024-02-04 14:01:16,717 - Link Generation Fails.
2024-02-04 14:06:16,591 - Victim node is 3189.
2024-02-04 14:06:16,591 - tensor([2198, 2239, 4376], device='cuda:0')
2024-02-04 14:06:16,591 - Classification Fails.
2024-02-04 14:06:16,591 - Link Generation Fails.
2024-02-04 14:11:16,179 - Victim node is 7397.
2024-02-04 14:11:16,179 - tensor([11, 16, 17], device='cuda:0')
2024-02-04 14:11:16,179 - Classification Succeeds.
2024-02-04 14:11:16,179 - Link Generation Fails.
2024-02-04 14:16:16,549 - Victim node is 3962.
2024-02-04 14:16:16,549 - tensor([ 593, 2239, 4376], device='cuda:0')
2024-02-04 14:16:16,550 - Classification Fails.
2024-02-04 14:16:16,550 - Link Generation Fails.
2024-02-04 14:21:16,593 - Victim node is 3920.
2024-02-04 14:21:16,593 - tensor([ 593, 2198, 2239], device='cuda:0')
2024-02-04 14:21:16,593 - Classification Succeeds.
2024-02-04 14:21:16,593 - Link Generation Fails.
2024-02-04 14:26:16,762 - Victim node is 3225.
2024-02-04 14:26:16,762 - tensor([4376, 4805, 6702], device='cuda:0')
2024-02-04 14:26:16,762 - Classification Succeeds.
2024-02-04 14:26:16,764 - Link Generation Fails.
2024-02-04 14:31:16,560 - Victim node is 2452.
2024-02-04 14:31:16,561 - tensor([4237, 7460, 7620], device='cuda:0')
2024-02-04 14:31:16,561 - Classification Succeeds.
2024-02-04 14:31:16,561 - Link Generation Fails.
2024-02-04 14:36:16,560 - Victim node is 4789.
2024-02-04 14:36:16,561 - tensor([7650, 7651, 7652], device='cuda:0')
2024-02-04 14:36:16,561 - Classification Succeeds.
2024-02-04 14:36:16,561 - Link Generation Succeeds.
2024-02-04 14:41:17,406 - Victim node is 3370.
2024-02-04 14:41:17,406 - tensor([2239, 4805, 6702], device='cuda:0')
2024-02-04 14:41:17,406 - Classification Succeeds.
2024-02-04 14:41:17,406 - Link Generation Fails.
2024-02-04 14:46:16,393 - Victim node is 1272.
2024-02-04 14:46:16,393 - tensor([ 593, 2198, 4376], device='cuda:0')
2024-02-04 14:46:16,394 - Classification Succeeds.
2024-02-04 14:46:16,394 - Link Generation Fails.
2024-02-04 14:51:15,596 - Victim node is 2756.
2024-02-04 14:51:15,596 - tensor([7650, 7651, 7652], device='cuda:0')
2024-02-04 14:51:15,596 - Classification Fails.
2024-02-04 14:51:15,596 - Link Generation Succeeds.
2024-02-04 14:56:15,436 - Victim node is 456.
2024-02-04 14:56:15,436 - tensor([ 593, 4384, 6702], device='cuda:0')
2024-02-04 14:56:15,437 - Classification Succeeds.
2024-02-04 14:56:15,437 - Link Generation Fails.
2024-02-04 15:01:15,232 - Victim node is 86.
2024-02-04 15:01:15,232 - tensor([ 593, 2198, 4376], device='cuda:0')
2024-02-04 15:01:15,233 - Classification Succeeds.
2024-02-04 15:01:15,233 - Link Generation Fails.
2024-02-04 15:06:14,638 - Victim node is 2489.
2024-02-04 15:06:14,638 - tensor([ 593, 2198, 4376], device='cuda:0')
2024-02-04 15:06:14,639 - Classification Succeeds.
2024-02-04 15:06:14,639 - Link Generation Fails.
2024-02-04 15:11:15,047 - Victim node is 5306.
2024-02-04 15:11:15,047 - tensor([ 593, 2198, 4376], device='cuda:0')
2024-02-04 15:11:15,048 - Classification Succeeds.
2024-02-04 15:11:15,048 - Link Generation Fails.
2024-02-04 15:16:15,037 - Victim node is 1499.
2024-02-04 15:16:15,037 - tensor([ 593, 2198, 2239], device='cuda:0')
2024-02-04 15:16:15,038 - Classification Fails.
2024-02-04 15:16:15,038 - Link Generation Fails.
2024-02-04 15:21:15,030 - Victim node is 3972.
2024-02-04 15:21:15,030 - tensor([7650, 7651, 7652], device='cuda:0')
2024-02-04 15:21:15,030 - Classification Fails.
2024-02-04 15:21:15,030 - Link Generation Succeeds.
2024-02-04 15:26:36,491 - Victim node is 154.
2024-02-04 15:26:36,491 - tensor([ 593, 2198, 4376], device='cuda:0')
2024-02-04 15:26:36,492 - Classification Fails.
2024-02-04 15:26:36,492 - Link Generation Fails.
2024-02-04 15:31:36,616 - Victim node is 5007.
2024-02-04 15:31:36,616 - tensor([7650, 7651, 7652], device='cuda:0')
2024-02-04 15:31:36,616 - Classification Succeeds.
2024-02-04 15:31:36,617 - Link Generation Succeeds.
2024-02-04 15:36:51,977 - Victim node is 4796.
2024-02-04 15:36:51,977 - tensor([7652, 7653, 7654], device='cuda:0')
2024-02-04 15:36:51,977 - Classification Succeeds.
2024-02-04 15:36:51,977 - Link Generation Succeeds.
2024-02-04 15:42:03,926 - Victim node is 32.
2024-02-04 15:42:03,926 - tensor([4237, 7460, 7620], device='cuda:0')
2024-02-04 15:42:03,927 - Classification Succeeds.
2024-02-04 15:42:03,927 - Link Generation Fails.
2024-02-04 15:50:15,643 - Victim node is 4084.
2024-02-04 15:50:15,643 - tensor([ 593, 2198, 2239], device='cuda:0')
2024-02-04 15:50:15,643 - Classification Succeeds.
2024-02-04 15:50:15,644 - Link Generation Fails.
2024-02-04 15:59:16,145 - Victim node is 2083.
2024-02-04 15:59:16,145 - tensor([7650, 7651, 7652], device='cuda:0')
2024-02-04 15:59:16,147 - Classification Succeeds.
2024-02-04 15:59:16,147 - Link Generation Succeeds.
2024-02-04 16:08:20,557 - Victim node is 3892.
2024-02-04 16:08:20,558 - tensor([6130, 7460, 7620], device='cuda:0')
2024-02-04 16:08:20,558 - Classification Succeeds.
2024-02-04 16:08:20,559 - Link Generation Fails.
2024-02-04 16:17:59,036 - Victim node is 2473.
2024-02-04 16:17:59,037 - tensor([7650, 7651, 7652], device='cuda:0')
2024-02-04 16:17:59,037 - Classification Fails.
2024-02-04 16:17:59,037 - Link Generation Succeeds.
2024-02-04 16:28:13,731 - Victim node is 4666.
2024-02-04 16:28:13,731 - tensor([ 593, 2198, 2239], device='cuda:0')
2024-02-04 16:28:13,732 - Classification Succeeds.
2024-02-04 16:28:13,732 - Link Generation Fails.
2024-02-04 16:37:54,668 - Victim node is 2821.
2024-02-04 16:37:54,668 - tensor([ 593, 2198, 4376], device='cuda:0')
2024-02-04 16:37:54,668 - Classification Succeeds.
2024-02-04 16:37:54,668 - Link Generation Fails.
2024-02-04 16:46:22,976 - Victim node is 7465.
2024-02-04 16:46:22,976 - tensor([2198, 2239, 6702], device='cuda:0')
2024-02-04 16:46:22,976 - Classification Succeeds.
2024-02-04 16:46:22,976 - Link Generation Fails.
2024-02-04 16:51:23,738 - Victim node is 3712.
2024-02-04 16:51:23,738 - tensor([7650, 7651, 7652], device='cuda:0')
2024-02-04 16:51:23,739 - Classification Fails.
2024-02-04 16:51:23,739 - Link Generation Succeeds.
2024-02-04 16:56:24,460 - Victim node is 7356.
2024-02-04 16:56:24,460 - tensor([4237, 7460, 7620], device='cuda:0')
2024-02-04 16:56:24,460 - Classification Succeeds.
2024-02-04 16:56:24,460 - Link Generation Fails.
2024-02-04 17:01:24,769 - Victim node is 2824.
2024-02-04 17:01:24,769 - tensor([4237, 6130, 7460], device='cuda:0')
2024-02-04 17:01:24,770 - Classification Succeeds.
2024-02-04 17:01:24,770 - Link Generation Fails.
2024-02-04 17:06:29,892 - Victim node is 844.
2024-02-04 17:06:29,892 - tensor([7650, 7651, 7652], device='cuda:0')
2024-02-04 17:06:29,892 - Classification Fails.
2024-02-04 17:06:29,892 - Link Generation Succeeds.
2024-02-04 17:11:32,965 - Victim node is 54.
2024-02-04 17:11:32,965 - tensor([7650, 7651, 7652], device='cuda:0')
2024-02-04 17:11:32,965 - Classification Fails.
2024-02-04 17:11:32,966 - Link Generation Succeeds.
2024-02-04 17:16:35,218 - Victim node is 5459.
2024-02-04 17:16:35,218 - tensor([  80,  593, 6702], device='cuda:0')
2024-02-04 17:16:35,218 - Classification Succeeds.
2024-02-04 17:16:35,218 - Link Generation Fails.
2024-02-04 17:21:36,388 - Victim node is 7046.
2024-02-04 17:21:36,388 - tensor([  80, 2239, 4805], device='cuda:0')
2024-02-04 17:21:36,388 - Classification Succeeds.
2024-02-04 17:21:36,388 - Link Generation Fails.
2024-02-04 17:26:39,628 - Victim node is 7615.
2024-02-04 17:26:39,628 - tensor([4237, 7460, 7620], device='cuda:0')
2024-02-04 17:26:39,629 - Classification Succeeds.
2024-02-04 17:26:39,629 - Link Generation Fails.
2024-02-04 17:31:43,184 - Victim node is 773.
2024-02-04 17:31:43,184 - tensor([ 932, 4237, 7620], device='cuda:0')
2024-02-04 17:31:43,184 - Classification Succeeds.
2024-02-04 17:31:43,184 - Link Generation Fails.
2024-02-04 17:36:57,892 - Victim node is 3041.
2024-02-04 17:36:57,892 - tensor([7650, 7651, 7652], device='cuda:0')
2024-02-04 17:36:57,893 - Classification Succeeds.
2024-02-04 17:36:57,893 - Link Generation Succeeds.
2024-02-04 17:42:11,586 - Victim node is 1909.
2024-02-04 17:42:11,586 - tensor([7620, 7651, 7654], device='cuda:0')
2024-02-04 17:42:11,587 - Classification Succeeds.
2024-02-04 17:42:11,587 - Link Generation Succeeds.
2024-02-04 17:47:25,723 - Victim node is 6951.
2024-02-04 17:47:25,723 - tensor([ 593, 2198, 6702], device='cuda:0')
2024-02-04 17:47:25,723 - Classification Succeeds.
2024-02-04 17:47:25,723 - Link Generation Fails.
2024-02-04 17:52:39,265 - Victim node is 7245.
2024-02-04 17:52:39,265 - tensor([1759, 7460, 7620], device='cuda:0')
2024-02-04 17:52:39,266 - Classification Succeeds.
2024-02-04 17:52:39,266 - Link Generation Fails.
2024-02-04 18:00:19,192 - Victim node is 388.
2024-02-04 18:00:19,192 - tensor([7650, 7651, 7653], device='cuda:0')
2024-02-04 18:00:19,192 - Classification Fails.
2024-02-04 18:00:19,193 - Link Generation Succeeds.
2024-02-04 18:10:43,956 - Victim node is 4833.
2024-02-04 18:10:43,957 - tensor([4237, 7460, 7620], device='cuda:0')
2024-02-04 18:10:43,957 - Classification Succeeds.
2024-02-04 18:10:43,957 - Link Generation Fails.
2024-02-04 18:20:58,652 - Victim node is 3213.
2024-02-04 18:20:58,652 - tensor([2239, 4376, 4805], device='cuda:0')
2024-02-04 18:20:58,653 - Classification Fails.
2024-02-04 18:20:58,653 - Link Generation Fails.
2024-02-04 18:31:18,117 - Victim node is 4966.
2024-02-04 18:31:18,118 - tensor([ 593, 2198, 2239], device='cuda:0')
2024-02-04 18:31:18,119 - Classification Succeeds.
2024-02-04 18:31:18,119 - Link Generation Fails.
2024-02-04 18:38:54,867 - Victim node is 2201.
2024-02-04 18:38:54,867 - tensor([7651, 7652, 7653], device='cuda:0')
2024-02-04 18:38:54,868 - Classification Succeeds.
2024-02-04 18:38:54,868 - Link Generation Succeeds.
2024-02-04 18:44:14,227 - Victim node is 4138.
2024-02-04 18:44:14,227 - tensor([ 593, 2198, 2239], device='cuda:0')
2024-02-04 18:44:14,227 - Classification Fails.
2024-02-04 18:44:14,227 - Link Generation Fails.
2024-02-04 18:49:29,162 - Victim node is 7353.
2024-02-04 18:49:29,162 - tensor([3895, 4805, 5132], device='cuda:0')
2024-02-04 18:49:29,162 - Classification Succeeds.
2024-02-04 18:49:29,162 - Link Generation Fails.
2024-02-04 18:54:43,450 - Victim node is 4741.
2024-02-04 18:54:43,450 - tensor([ 593, 2198, 4376], device='cuda:0')
2024-02-04 18:54:43,451 - Classification Succeeds.
2024-02-04 18:54:43,451 - Link Generation Fails.
2024-02-04 18:59:58,040 - Victim node is 4563.
2024-02-04 18:59:58,040 - tensor([7650, 7651, 7652], device='cuda:0')
2024-02-04 18:59:58,040 - Classification Fails.
2024-02-04 18:59:58,040 - Link Generation Succeeds.
2024-02-04 19:05:08,132 - Victim node is 1847.
2024-02-04 19:05:08,132 - tensor([  80, 4384, 4805], device='cuda:0')
2024-02-04 19:05:08,132 - Classification Succeeds.
2024-02-04 19:05:08,133 - Link Generation Fails.
2024-02-04 19:10:09,890 - Victim node is 5331.
2024-02-04 19:10:09,890 - tensor([1759, 2260, 3383], device='cuda:0')
2024-02-04 19:10:09,891 - Classification Succeeds.
2024-02-04 19:10:09,891 - Link Generation Fails.
2024-02-04 19:15:23,808 - Victim node is 976.
2024-02-04 19:15:23,808 - tensor([ 593, 2198, 6702], device='cuda:0')
2024-02-04 19:15:23,809 - Classification Succeeds.
2024-02-04 19:15:23,809 - Link Generation Fails.
2024-02-04 19:20:31,909 - Victim node is 2200.
2024-02-04 19:20:31,909 - tensor([7650, 7651, 7652], device='cuda:0')
2024-02-04 19:20:31,910 - Classification Fails.
2024-02-04 19:20:31,910 - Link Generation Succeeds.
2024-02-04 19:25:40,633 - Victim node is 4256.
2024-02-04 19:25:40,633 - tensor([ 593, 2198, 4376], device='cuda:0')
2024-02-04 19:25:40,633 - Classification Succeeds.
2024-02-04 19:25:40,633 - Link Generation Fails.
2024-02-04 19:30:51,137 - Victim node is 4991.
2024-02-04 19:30:51,137 - tensor([ 593, 2198, 4376], device='cuda:0')
2024-02-04 19:30:51,137 - Classification Succeeds.
2024-02-04 19:30:51,137 - Link Generation Fails.
2024-02-04 19:35:53,573 - Victim node is 2340.
2024-02-04 19:35:53,573 - tensor([  80, 4384, 5881], device='cuda:0')
2024-02-04 19:35:53,574 - Classification Succeeds.
2024-02-04 19:35:53,574 - Link Generation Fails.
2024-02-04 19:40:57,109 - Victim node is 2533.
2024-02-04 19:40:57,109 - tensor([ 932, 4237, 7460], device='cuda:0')
2024-02-04 19:40:57,109 - Classification Fails.
2024-02-04 19:40:57,109 - Link Generation Fails.
2024-02-04 19:45:56,876 - Victim node is 3390.
2024-02-04 19:45:56,876 - tensor([6130, 7460, 7620], device='cuda:0')
2024-02-04 19:45:56,877 - Classification Succeeds.
2024-02-04 19:45:56,877 - Link Generation Fails.
2024-02-04 19:50:57,495 - Victim node is 2616.
2024-02-04 19:50:57,495 - tensor([7650, 7651, 7652], device='cuda:0')
2024-02-04 19:50:57,495 - Classification Succeeds.
2024-02-04 19:50:57,495 - Link Generation Succeeds.
2024-02-04 19:55:57,187 - Victim node is 5271.
2024-02-04 19:55:57,187 - tensor([1759, 4960, 7620], device='cuda:0')
2024-02-04 19:55:57,187 - Classification Succeeds.
2024-02-04 19:55:57,188 - Link Generation Fails.
2024-02-04 20:00:58,770 - Victim node is 7511.
2024-02-04 20:00:58,770 - tensor([1058, 2239, 4376], device='cuda:0')
2024-02-04 20:00:58,770 - Classification Succeeds.
2024-02-04 20:00:58,770 - Link Generation Fails.
2024-02-04 20:06:10,967 - Victim node is 838.
2024-02-04 20:06:10,967 - tensor([7650, 7651, 7652], device='cuda:0')
2024-02-04 20:06:10,967 - Classification Succeeds.
2024-02-04 20:06:10,967 - Link Generation Succeeds.
2024-02-04 20:11:24,369 - Victim node is 3017.
2024-02-04 20:11:24,370 - tensor([7650, 7651, 7652], device='cuda:0')
2024-02-04 20:11:24,370 - Classification Fails.
2024-02-04 20:11:24,370 - Link Generation Succeeds.
2024-02-04 20:16:38,251 - Victim node is 5028.
2024-02-04 20:16:38,251 - tensor([2198, 2239, 4376], device='cuda:0')
2024-02-04 20:16:38,251 - Classification Succeeds.
2024-02-04 20:16:38,251 - Link Generation Fails.
2024-02-04 20:21:48,352 - Victim node is 918.
2024-02-04 20:21:48,352 - tensor([4237, 7460, 7620], device='cuda:0')
2024-02-04 20:21:48,353 - Classification Succeeds.
2024-02-04 20:21:48,353 - Link Generation Fails.
2024-02-04 20:26:50,997 - Victim node is 2981.
2024-02-04 20:26:50,997 - tensor([4384, 5132, 6551], device='cuda:0')
2024-02-04 20:26:50,997 - Classification Succeeds.
2024-02-04 20:26:50,997 - Link Generation Fails.
2024-02-04 20:31:51,790 - Victim node is 7220.
2024-02-04 20:31:51,790 - tensor([ 932, 7460, 7620], device='cuda:0')
2024-02-04 20:31:51,790 - Classification Succeeds.
2024-02-04 20:31:51,790 - Link Generation Fails.
2024-02-04 20:36:54,053 - Victim node is 3546.
2024-02-04 20:36:54,053 - tensor([ 593, 4376, 5404], device='cuda:0')
2024-02-04 20:36:54,054 - Classification Succeeds.
2024-02-04 20:36:54,054 - Link Generation Fails.
2024-02-04 20:41:55,346 - Victim node is 1920.
2024-02-04 20:41:55,346 - tensor([7650, 7651, 7652], device='cuda:0')
2024-02-04 20:41:55,347 - Classification Succeeds.
2024-02-04 20:41:55,347 - Link Generation Succeeds.
2024-02-04 20:46:56,079 - Victim node is 5526.
2024-02-04 20:46:56,079 - tensor([6190, 6662, 7177], device='cuda:0')
2024-02-04 20:46:56,079 - Classification Fails.
2024-02-04 20:46:56,079 - Link Generation Fails.
2024-02-04 20:51:56,703 - Victim node is 5814.
2024-02-04 20:51:56,703 - tensor([7650, 7653, 7654], device='cuda:0')
2024-02-04 20:51:56,703 - Classification Succeeds.
2024-02-04 20:51:56,703 - Link Generation Succeeds.
2024-02-04 20:56:58,672 - Victim node is 7064.
2024-02-04 20:56:58,673 - tensor([7650, 7651, 7652], device='cuda:0')
2024-02-04 20:56:58,673 - Classification Succeeds.
2024-02-04 20:56:58,673 - Link Generation Succeeds.
2024-02-04 21:01:59,513 - Victim node is 1048.
2024-02-04 21:01:59,513 - tensor([ 932, 7460, 7620], device='cuda:0')
2024-02-04 21:01:59,513 - Classification Succeeds.
2024-02-04 21:01:59,513 - Link Generation Fails.
2024-02-04 21:07:00,432 - Victim node is 1681.
2024-02-04 21:07:00,432 - tensor([1759, 7460, 7620], device='cuda:0')
2024-02-04 21:07:00,432 - Classification Succeeds.
2024-02-04 21:07:00,432 - Link Generation Fails.
2024-02-04 21:12:01,147 - Victim node is 1065.
2024-02-04 21:12:01,147 - tensor([7650, 7651, 7652], device='cuda:0')
2024-02-04 21:12:01,148 - Classification Succeeds.
2024-02-04 21:12:01,148 - Link Generation Succeeds.
2024-02-04 21:17:02,907 - Victim node is 4705.
2024-02-04 21:17:02,907 - tensor([7650, 7651, 7652], device='cuda:0')
2024-02-04 21:17:02,907 - Classification Succeeds.
2024-02-04 21:17:02,907 - Link Generation Succeeds.
2024-02-04 21:22:03,679 - Victim node is 6277.
2024-02-04 21:22:03,680 - tensor([7650, 7651, 7652], device='cuda:0')
2024-02-04 21:22:03,680 - Classification Succeeds.
2024-02-04 21:22:03,680 - Link Generation Succeeds.
2024-02-04 21:27:04,710 - Victim node is 3045.
2024-02-04 21:27:04,710 - tensor([ 593, 2198, 7654], device='cuda:0')
2024-02-04 21:27:04,710 - Classification Fails.
2024-02-04 21:27:04,710 - Link Generation Succeeds.
2024-02-04 21:32:04,850 - Victim node is 450.
2024-02-04 21:32:04,850 - tensor([ 593, 4376, 6702], device='cuda:0')
2024-02-04 21:32:04,851 - Classification Succeeds.
2024-02-04 21:32:04,851 - Link Generation Fails.
2024-02-04 21:37:06,663 - Victim node is 3252.
2024-02-04 21:37:06,663 - tensor([2239, 4376, 6702], device='cuda:0')
2024-02-04 21:37:06,663 - Classification Succeeds.
2024-02-04 21:37:06,664 - Link Generation Fails.
2024-02-04 21:42:07,447 - Victim node is 6029.
2024-02-04 21:42:07,447 - tensor([7650, 7651, 7653], device='cuda:0')
2024-02-04 21:42:07,447 - Classification Succeeds.
2024-02-04 21:42:07,447 - Link Generation Succeeds.
2024-02-04 21:47:08,463 - Victim node is 3212.
2024-02-04 21:47:08,463 - tensor([7650, 7651, 7652], device='cuda:0')
2024-02-04 21:47:08,464 - Classification Fails.
2024-02-04 21:47:08,464 - Link Generation Succeeds.
2024-02-04 21:52:08,876 - Victim node is 4829.
2024-02-04 21:52:08,877 - tensor([ 593, 2198, 4376], device='cuda:0')
2024-02-04 21:52:08,877 - Classification Succeeds.
2024-02-04 21:52:08,877 - Link Generation Fails.
2024-02-04 21:57:10,126 - Victim node is 4328.
2024-02-04 21:57:10,126 - tensor([7650, 7651, 7652], device='cuda:0')
2024-02-04 21:57:10,126 - Classification Fails.
2024-02-04 21:57:10,126 - Link Generation Succeeds.
2024-02-04 22:02:11,856 - Victim node is 4097.
2024-02-04 22:02:11,856 - tensor([ 593, 2239, 4376], device='cuda:0')
2024-02-04 22:02:11,856 - Classification Succeeds.
2024-02-04 22:02:11,856 - Link Generation Fails.
2024-02-04 22:07:12,968 - Victim node is 2828.
2024-02-04 22:07:12,968 - tensor([ 593, 2198, 2239], device='cuda:0')
2024-02-04 22:07:12,969 - Classification Fails.
2024-02-04 22:07:12,969 - Link Generation Fails.
2024-02-04 22:12:12,470 - Victim node is 2975.
2024-02-04 22:12:12,470 - tensor([7651, 7652, 7654], device='cuda:0')
2024-02-04 22:12:12,470 - Classification Succeeds.
2024-02-04 22:12:12,470 - Link Generation Succeeds.
2024-02-04 22:17:12,150 - Victim node is 7105.
2024-02-04 22:17:12,150 - tensor([1058, 4805, 6702], device='cuda:0')
2024-02-04 22:17:12,150 - Classification Succeeds.
2024-02-04 22:17:12,150 - Link Generation Fails.
2024-02-04 22:22:12,178 - Victim node is 1481.
2024-02-04 22:22:12,178 - tensor([  80, 4384, 5404], device='cuda:0')
2024-02-04 22:22:12,179 - Classification Fails.
2024-02-04 22:22:12,179 - Link Generation Fails.
2024-02-04 22:27:13,918 - Victim node is 4672.
2024-02-04 22:27:13,918 - tensor([ 593, 4376, 4805], device='cuda:0')
2024-02-04 22:27:13,918 - Classification Succeeds.
2024-02-04 22:27:13,918 - Link Generation Fails.
2024-02-04 22:32:15,757 - Victim node is 1886.
2024-02-04 22:32:15,757 - tensor([ 593, 2198, 2239], device='cuda:0')
2024-02-04 22:32:15,758 - Classification Fails.
2024-02-04 22:32:15,758 - Link Generation Fails.
2024-02-04 22:37:17,325 - Victim node is 7561.
2024-02-04 22:37:17,325 - tensor([2198, 2239, 4376], device='cuda:0')
2024-02-04 22:37:17,326 - Classification Succeeds.
2024-02-04 22:37:17,326 - Link Generation Fails.
2024-02-04 22:42:19,501 - Victim node is 1100.
2024-02-04 22:42:19,501 - tensor([7650, 7651, 7652], device='cuda:0')
2024-02-04 22:42:19,502 - Classification Succeeds.
2024-02-04 22:42:19,502 - Link Generation Succeeds.
2024-02-04 22:47:20,366 - Victim node is 5922.
2024-02-04 22:47:20,366 - tensor([4237, 7460, 7620], device='cuda:0')
2024-02-04 22:47:20,367 - Classification Succeeds.
2024-02-04 22:47:20,367 - Link Generation Fails.
2024-02-04 22:52:22,829 - Victim node is 7320.
2024-02-04 22:52:22,829 - tensor([1798, 5881, 6551], device='cuda:0')
2024-02-04 22:52:22,829 - Classification Succeeds.
2024-02-04 22:52:22,829 - Link Generation Fails.
2024-02-04 22:57:23,788 - Victim node is 2871.
2024-02-04 22:57:23,788 - tensor([2198, 4376, 4384], device='cuda:0')
2024-02-04 22:57:23,790 - Classification Fails.
2024-02-04 22:57:23,790 - Link Generation Fails.
2024-02-04 23:02:25,451 - Victim node is 1577.
2024-02-04 23:02:25,451 - tensor([ 593, 2198, 4376], device='cuda:0')
2024-02-04 23:02:25,452 - Classification Fails.
2024-02-04 23:02:25,452 - Link Generation Fails.
2024-02-04 23:07:25,832 - Victim node is 4333.
2024-02-04 23:07:25,832 - tensor([ 593, 2198, 4376], device='cuda:0')
2024-02-04 23:07:25,832 - Classification Succeeds.
2024-02-04 23:07:25,832 - Link Generation Fails.
2024-02-04 23:12:26,718 - Victim node is 5118.
2024-02-04 23:12:26,718 - tensor([7650, 7651, 7652], device='cuda:0')
2024-02-04 23:12:26,718 - Classification Succeeds.
2024-02-04 23:12:26,718 - Link Generation Succeeds.
2024-02-04 23:17:26,751 - Victim node is 2414.
2024-02-04 23:17:26,751 - tensor([2198, 2239, 4376], device='cuda:0')
2024-02-04 23:17:26,752 - Classification Succeeds.
2024-02-04 23:17:26,752 - Link Generation Fails.
2024-02-04 23:22:27,724 - Victim node is 6956.
2024-02-04 23:22:27,725 - tensor([ 593, 2198, 4376], device='cuda:0')
2024-02-04 23:22:27,725 - Classification Succeeds.
2024-02-04 23:22:27,725 - Link Generation Fails.
2024-02-04 23:27:28,640 - Victim node is 7224.
2024-02-04 23:27:28,640 - tensor([7650, 7651, 7652], device='cuda:0')
2024-02-04 23:27:28,640 - Classification Fails.
2024-02-04 23:27:28,641 - Link Generation Succeeds.
2024-02-04 23:32:29,684 - Victim node is 1423.
2024-02-04 23:32:29,684 - tensor([ 593, 4384, 6702], device='cuda:0')
2024-02-04 23:32:29,684 - Classification Succeeds.
2024-02-04 23:32:29,684 - Link Generation Fails.
2024-02-04 23:37:30,657 - Victim node is 5344.
2024-02-04 23:37:30,657 - tensor([1744, 3895, 4805], device='cuda:0')
2024-02-04 23:37:30,657 - Classification Succeeds.
2024-02-04 23:37:30,657 - Link Generation Fails.
2024-02-04 23:42:31,694 - Victim node is 6461.
2024-02-04 23:42:31,694 - tensor([ 593, 2198, 2239], device='cuda:0')
2024-02-04 23:42:31,694 - Classification Succeeds.
2024-02-04 23:42:31,694 - Link Generation Fails.
2024-02-04 23:47:31,626 - Victim node is 5290.
2024-02-04 23:47:31,628 - tensor([2239, 4376, 4384], device='cuda:0')
2024-02-04 23:47:31,628 - Classification Succeeds.
2024-02-04 23:47:31,628 - Link Generation Fails.
2024-02-04 23:52:31,962 - Victim node is 3347.
2024-02-04 23:52:31,962 - tensor([  80, 1744, 2239], device='cuda:0')
2024-02-04 23:52:31,962 - Classification Succeeds.
2024-02-04 23:52:31,962 - Link Generation Fails.
2024-02-04 23:57:32,461 - Victim node is 6080.
2024-02-04 23:57:32,461 - tensor([4237, 7460, 7620], device='cuda:0')
2024-02-04 23:57:32,461 - Classification Succeeds.
2024-02-04 23:57:32,461 - Link Generation Fails.
2024-02-05 00:02:34,171 - Victim node is 2775.
2024-02-05 00:02:34,171 - tensor([ 593, 2198, 4376], device='cuda:0')
2024-02-05 00:02:34,172 - Classification Succeeds.
2024-02-05 00:02:34,172 - Link Generation Fails.
2024-02-05 00:07:36,285 - Victim node is 4300.
2024-02-05 00:07:36,285 - tensor([ 593, 2198, 2239], device='cuda:0')
2024-02-05 00:07:36,286 - Classification Succeeds.
2024-02-05 00:07:36,286 - Link Generation Fails.
2024-02-05 00:12:36,992 - Victim node is 860.
2024-02-05 00:12:36,992 - tensor([  80,  593, 2198], device='cuda:0')
2024-02-05 00:12:36,992 - Classification Succeeds.
2024-02-05 00:12:36,992 - Link Generation Fails.
2024-02-05 00:17:37,626 - Victim node is 3983.
2024-02-05 00:17:37,626 - tensor([4376, 4384, 6702], device='cuda:0')
2024-02-05 00:17:37,626 - Classification Succeeds.
2024-02-05 00:17:37,626 - Link Generation Fails.
2024-02-05 00:22:39,712 - Victim node is 2677.
2024-02-05 00:22:39,712 - tensor([ 593, 2239, 6702], device='cuda:0')
2024-02-05 00:22:39,713 - Classification Fails.
2024-02-05 00:22:39,713 - Link Generation Fails.
2024-02-05 00:27:40,882 - Victim node is 5070.
2024-02-05 00:27:40,882 - tensor([4384, 5132, 6551], device='cuda:0')
2024-02-05 00:27:40,882 - Classification Succeeds.
2024-02-05 00:27:40,883 - Link Generation Fails.
2024-02-05 00:32:41,611 - Victim node is 7523.
2024-02-05 00:32:41,611 - tensor([ 593, 2198, 4376], device='cuda:0')
2024-02-05 00:32:41,611 - Classification Fails.
2024-02-05 00:32:41,611 - Link Generation Fails.
2024-02-05 00:37:42,646 - Victim node is 1281.
2024-02-05 00:37:42,646 - tensor([2239, 4376, 6702], device='cuda:0')
2024-02-05 00:37:42,646 - Classification Succeeds.
2024-02-05 00:37:42,646 - Link Generation Fails.
2024-02-05 00:42:44,023 - Victim node is 617.
2024-02-05 00:42:44,024 - tensor([7650, 7651, 7652], device='cuda:0')
2024-02-05 00:42:44,024 - Classification Succeeds.
2024-02-05 00:42:44,024 - Link Generation Succeeds.
2024-02-05 00:47:45,248 - Victim node is 7137.
2024-02-05 00:47:45,248 - tensor([ 932, 7460, 7620], device='cuda:0')
2024-02-05 00:47:45,248 - Classification Succeeds.
2024-02-05 00:47:45,249 - Link Generation Fails.
2024-02-05 00:52:47,019 - Victim node is 1495.
2024-02-05 00:52:47,019 - tensor([ 593, 2198, 4376], device='cuda:0')
2024-02-05 00:52:47,019 - Classification Succeeds.
2024-02-05 00:52:47,020 - Link Generation Fails.
2024-02-05 00:57:47,241 - Victim node is 717.
2024-02-05 00:57:47,242 - tensor([2239, 4384, 4805], device='cuda:0')
2024-02-05 00:57:47,242 - Classification Succeeds.
2024-02-05 00:57:47,242 - Link Generation Fails.
2024-02-05 01:02:49,430 - Victim node is 518.
2024-02-05 01:02:49,430 - tensor([ 593, 2198, 4376], device='cuda:0')
2024-02-05 01:02:49,430 - Classification Succeeds.
2024-02-05 01:02:49,430 - Link Generation Fails.
2024-02-05 01:07:50,283 - Victim node is 6173.
2024-02-05 01:07:50,283 - tensor([7650, 7651, 7652], device='cuda:0')
2024-02-05 01:07:50,283 - Classification Succeeds.
2024-02-05 01:07:50,283 - Link Generation Succeeds.
2024-02-05 01:12:51,435 - Victim node is 2299.
2024-02-05 01:12:51,435 - tensor([7650, 7651, 7652], device='cuda:0')
2024-02-05 01:12:51,435 - Classification Fails.
2024-02-05 01:12:51,435 - Link Generation Succeeds.
2024-02-05 01:17:52,105 - Victim node is 4751.
2024-02-05 01:17:52,105 - tensor([7650, 7652, 7653], device='cuda:0')
2024-02-05 01:17:52,106 - Classification Succeeds.
2024-02-05 01:17:52,106 - Link Generation Succeeds.
2024-02-05 01:22:54,620 - Victim node is 6914.
2024-02-05 01:22:54,620 - tensor([ 593, 2198, 4376], device='cuda:0')
2024-02-05 01:22:54,620 - Classification Fails.
2024-02-05 01:22:54,621 - Link Generation Fails.
2024-02-05 01:27:56,734 - Victim node is 6763.
2024-02-05 01:27:56,734 - tensor([4237, 7460, 7620], device='cuda:0')
2024-02-05 01:27:56,735 - Classification Succeeds.
2024-02-05 01:27:56,735 - Link Generation Fails.
2024-02-05 01:32:58,627 - Victim node is 4585.
2024-02-05 01:32:58,627 - tensor([ 593, 2198, 4376], device='cuda:0')
2024-02-05 01:32:58,627 - Classification Succeeds.
2024-02-05 01:32:58,628 - Link Generation Fails.
2024-02-05 01:37:59,647 - Victim node is 4747.
2024-02-05 01:37:59,647 - tensor([ 593, 2198, 4376], device='cuda:0')
2024-02-05 01:37:59,648 - Classification Succeeds.
2024-02-05 01:37:59,648 - Link Generation Fails.
2024-02-05 01:43:00,843 - Victim node is 4814.
2024-02-05 01:43:00,844 - tensor([4237, 7460, 7620], device='cuda:0')
2024-02-05 01:43:00,844 - Classification Succeeds.
2024-02-05 01:43:00,844 - Link Generation Fails.
2024-02-05 01:48:01,464 - Victim node is 910.
2024-02-05 01:48:01,465 - tensor([7650, 7652, 7654], device='cuda:0')
2024-02-05 01:48:01,465 - Classification Succeeds.
2024-02-05 01:48:01,465 - Link Generation Succeeds.
2024-02-05 01:53:03,653 - Victim node is 1768.
2024-02-05 01:53:03,653 - tensor([7650, 7651, 7652], device='cuda:0')
2024-02-05 01:53:03,653 - Classification Fails.
2024-02-05 01:53:03,653 - Link Generation Succeeds.
2024-02-05 01:58:05,267 - Victim node is 5714.
2024-02-05 01:58:05,267 - tensor([2239, 4805, 6702], device='cuda:0')
2024-02-05 01:58:05,268 - Classification Succeeds.
2024-02-05 01:58:05,268 - Link Generation Fails.
2024-02-05 02:03:07,272 - Victim node is 4584.
2024-02-05 02:03:07,272 - tensor([ 593, 2198, 4376], device='cuda:0')
2024-02-05 02:03:07,272 - Classification Succeeds.
2024-02-05 02:03:07,272 - Link Generation Fails.
2024-02-05 02:08:08,880 - Victim node is 7484.
2024-02-05 02:08:08,880 - tensor([7650, 7651, 7652], device='cuda:0')
2024-02-05 02:08:08,880 - Classification Succeeds.
2024-02-05 02:08:08,880 - Link Generation Succeeds.
2024-02-05 02:13:09,844 - Victim node is 6009.
2024-02-05 02:13:09,844 - tensor([7460, 7620, 7650], device='cuda:0')
2024-02-05 02:13:09,845 - Classification Fails.
2024-02-05 02:13:09,845 - Link Generation Succeeds.
2024-02-05 02:18:11,263 - Victim node is 1722.
2024-02-05 02:18:11,263 - tensor([ 593, 2198, 2239], device='cuda:0')
2024-02-05 02:18:11,264 - Classification Succeeds.
2024-02-05 02:18:11,264 - Link Generation Fails.
2024-02-05 08:19:53,548 - Victim node is 1512.
2024-02-05 08:19:53,548 - tensor([7650, 7651, 7652], device='cuda:0')
2024-02-05 08:19:53,548 - Classification Succeeds.
2024-02-05 08:19:53,549 - Link Generation Succeeds.
2024-02-05 08:25:03,524 - Victim node is 6047.
2024-02-05 08:25:03,524 - tensor([ 593, 4805, 6702], device='cuda:0')
2024-02-05 08:25:03,524 - Classification Fails.
2024-02-05 08:25:03,524 - Link Generation Fails.
2024-02-05 08:30:03,663 - Victim node is 580.
2024-02-05 08:30:03,663 - tensor([4237, 7460, 7620], device='cuda:0')
2024-02-05 08:30:03,663 - Classification Succeeds.
2024-02-05 08:30:03,664 - Link Generation Fails.
2024-02-05 08:35:04,923 - Victim node is 2993.
2024-02-05 08:35:04,923 - tensor([ 593, 2198, 4376], device='cuda:0')
2024-02-05 08:35:04,923 - Classification Succeeds.
2024-02-05 08:35:04,923 - Link Generation Fails.
2024-02-05 08:40:07,838 - Victim node is 800.
2024-02-05 08:40:07,838 - tensor([  80, 4376, 4384], device='cuda:0')
2024-02-05 08:40:07,839 - Classification Succeeds.
2024-02-05 08:40:07,839 - Link Generation Fails.
2024-02-05 08:45:09,323 - Victim node is 2904.
2024-02-05 08:45:09,323 - tensor([ 593, 2239, 4376], device='cuda:0')
2024-02-05 08:45:09,323 - Classification Fails.
2024-02-05 08:45:09,324 - Link Generation Fails.
2024-02-05 08:50:10,858 - Victim node is 539.
2024-02-05 08:50:10,858 - tensor([ 593, 2198, 4376], device='cuda:0')
2024-02-05 08:50:10,858 - Classification Fails.
2024-02-05 08:50:10,859 - Link Generation Fails.
2024-02-05 08:55:11,930 - Victim node is 382.
2024-02-05 08:55:11,930 - tensor([ 593, 2198, 2239], device='cuda:0')
2024-02-05 08:55:11,930 - Classification Succeeds.
2024-02-05 08:55:11,930 - Link Generation Fails.
2024-02-05 09:00:12,644 - Victim node is 5988.
2024-02-05 09:00:12,644 - tensor([7650, 7651, 7652], device='cuda:0')
2024-02-05 09:00:12,645 - Classification Fails.
2024-02-05 09:00:12,645 - Link Generation Succeeds.
2024-02-05 09:05:12,748 - Victim node is 2249.
2024-02-05 09:05:12,748 - tensor([4237, 7460, 7620], device='cuda:0')
2024-02-05 09:05:12,748 - Classification Succeeds.
2024-02-05 09:05:12,748 - Link Generation Fails.
2024-02-05 09:10:14,652 - Victim node is 868.
2024-02-05 09:10:14,652 - tensor([2239, 4376, 6702], device='cuda:0')
2024-02-05 09:10:14,652 - Classification Succeeds.
2024-02-05 09:10:14,652 - Link Generation Fails.
2024-02-05 09:15:16,527 - Victim node is 7495.
2024-02-05 09:15:16,527 - tensor([7650, 7651, 7652], device='cuda:0')
2024-02-05 09:15:16,527 - Classification Fails.
2024-02-05 09:15:16,528 - Link Generation Succeeds.
2024-02-05 09:20:18,977 - Victim node is 3758.
2024-02-05 09:20:18,977 - tensor([ 593, 2239, 6702], device='cuda:0')
2024-02-05 09:20:18,978 - Classification Succeeds.
2024-02-05 09:20:18,978 - Link Generation Fails.
2024-02-05 09:25:20,183 - Victim node is 3155.
2024-02-05 09:25:20,183 - tensor([ 593, 2198, 2239], device='cuda:0')
2024-02-05 09:25:20,183 - Classification Fails.
2024-02-05 09:25:20,183 - Link Generation Fails.
2024-02-05 09:30:20,657 - Victim node is 6346.
2024-02-05 09:30:20,657 - tensor([7650, 7651, 7652], device='cuda:0')
2024-02-05 09:30:20,657 - Classification Fails.
2024-02-05 09:30:20,657 - Link Generation Succeeds.
2024-02-05 09:35:21,354 - Victim node is 342.
2024-02-05 09:35:21,354 - tensor([7650, 7653, 7654], device='cuda:0')
2024-02-05 09:35:21,355 - Classification Fails.
2024-02-05 09:35:21,355 - Link Generation Succeeds.
2024-02-05 09:40:22,547 - Victim node is 3458.
2024-02-05 09:40:22,548 - tensor([7650, 7651, 7652], device='cuda:0')
2024-02-05 09:40:22,548 - Classification Fails.
2024-02-05 09:40:22,548 - Link Generation Succeeds.
2024-02-05 09:45:22,592 - Victim node is 5206.
2024-02-05 09:45:22,592 - tensor([2198, 4376, 4805], device='cuda:0')
2024-02-05 09:45:22,593 - Classification Fails.
2024-02-05 09:45:22,593 - Link Generation Fails.
2024-02-05 09:50:23,167 - Victim node is 3798.
2024-02-05 09:50:23,167 - tensor([4237, 7460, 7620], device='cuda:0')
2024-02-05 09:50:23,167 - Classification Succeeds.
2024-02-05 09:50:23,167 - Link Generation Fails.
2024-02-05 09:55:23,605 - Victim node is 3868.
2024-02-05 09:55:23,605 - tensor([7651, 7652, 7653], device='cuda:0')
2024-02-05 09:55:23,605 - Classification Succeeds.
2024-02-05 09:55:23,605 - Link Generation Succeeds.
2024-02-05 10:00:24,329 - Victim node is 5821.
2024-02-05 10:00:24,329 - tensor([7650, 7651, 7652], device='cuda:0')
2024-02-05 10:00:24,329 - Classification Fails.
2024-02-05 10:00:24,329 - Link Generation Succeeds.
2024-02-05 10:05:25,220 - Victim node is 4192.
2024-02-05 10:05:25,221 - tensor([7650, 7651, 7652], device='cuda:0')
2024-02-05 10:05:25,221 - Classification Succeeds.
2024-02-05 10:05:25,221 - Link Generation Succeeds.
2024-02-05 10:10:27,929 - Victim node is 3301.
2024-02-05 10:10:27,929 - tensor([ 593, 2198, 4376], device='cuda:0')
2024-02-05 10:10:27,929 - Classification Fails.
2024-02-05 10:10:27,930 - Link Generation Fails.
2024-02-05 10:15:31,597 - Victim node is 153.
2024-02-05 10:15:31,597 - tensor([7650, 7651, 7652], device='cuda:0')
2024-02-05 10:15:31,598 - Classification Fails.
2024-02-05 10:15:31,598 - Link Generation Succeeds.
2024-02-05 10:20:32,120 - Victim node is 6101.
2024-02-05 10:20:32,120 - tensor([7651, 7653, 7654], device='cuda:0')
2024-02-05 10:20:32,120 - Classification Fails.
2024-02-05 10:20:32,120 - Link Generation Succeeds.
2024-02-05 10:25:33,371 - Victim node is 5511.
2024-02-05 10:25:33,371 - tensor([ 593, 2198, 2239], device='cuda:0')
2024-02-05 10:25:33,372 - Classification Succeeds.
2024-02-05 10:25:33,372 - Link Generation Fails.
2024-02-05 10:30:33,568 - Victim node is 314.
2024-02-05 10:30:33,569 - tensor([7650, 7651, 7652], device='cuda:0')
2024-02-05 10:30:33,569 - Classification Succeeds.
2024-02-05 10:30:33,569 - Link Generation Succeeds.
2024-02-05 10:35:34,023 - Victim node is 5373.
2024-02-05 10:35:34,023 - tensor([ 593, 2198, 4376], device='cuda:0')
2024-02-05 10:35:34,023 - Classification Succeeds.
2024-02-05 10:35:34,023 - Link Generation Fails.
2024-02-05 10:40:35,305 - Victim node is 2859.
2024-02-05 10:40:35,305 - tensor([  80, 2239, 4376], device='cuda:0')
2024-02-05 10:40:35,306 - Classification Succeeds.
2024-02-05 10:40:35,306 - Link Generation Fails.
2024-02-05 10:45:35,633 - Victim node is 293.
2024-02-05 10:45:35,633 - tensor([7650, 7651, 7652], device='cuda:0')
2024-02-05 10:45:35,633 - Classification Succeeds.
2024-02-05 10:45:35,633 - Link Generation Succeeds.
2024-02-05 10:50:36,778 - Victim node is 6487.
2024-02-05 10:50:36,778 - tensor([ 593, 2198, 4376], device='cuda:0')
2024-02-05 10:50:36,778 - Classification Succeeds.
2024-02-05 10:50:36,779 - Link Generation Fails.
2024-02-05 10:55:37,018 - Victim node is 3488.
2024-02-05 10:55:37,018 - tensor([ 593, 2239, 4376], device='cuda:0')
2024-02-05 10:55:37,018 - Classification Succeeds.
2024-02-05 10:55:37,018 - Link Generation Fails.
2024-02-05 11:00:38,769 - Victim node is 6211.
2024-02-05 11:00:38,770 - tensor([ 593, 2198, 2239], device='cuda:0')
2024-02-05 11:00:38,770 - Classification Succeeds.
2024-02-05 11:00:38,770 - Link Generation Fails.
2024-02-05 11:05:41,396 - Victim node is 1119.
2024-02-05 11:05:41,396 - tensor([1759, 7460, 7620], device='cuda:0')
2024-02-05 11:05:41,397 - Classification Succeeds.
2024-02-05 11:05:41,397 - Link Generation Fails.
2024-02-05 11:10:54,541 - Victim node is 6855.
2024-02-05 11:10:54,541 - tensor([4237, 7460, 7620], device='cuda:0')
2024-02-05 11:10:54,541 - Classification Succeeds.
2024-02-05 11:10:54,541 - Link Generation Fails.
2024-02-05 11:15:55,107 - Victim node is 7050.
2024-02-05 11:15:55,108 - tensor([7650, 7651, 7652], device='cuda:0')
2024-02-05 11:15:55,108 - Classification Fails.
2024-02-05 11:15:55,108 - Link Generation Succeeds.
2024-02-05 11:20:57,762 - Victim node is 1475.
2024-02-05 11:20:57,762 - tensor([ 932, 7460, 7620], device='cuda:0')
2024-02-05 11:20:57,763 - Classification Succeeds.
2024-02-05 11:20:57,763 - Link Generation Fails.
2024-02-05 11:25:58,359 - Victim node is 7151.
2024-02-05 11:25:58,359 - tensor([7650, 7651, 7652], device='cuda:0')
2024-02-05 11:25:58,359 - Classification Succeeds.
2024-02-05 11:25:58,359 - Link Generation Succeeds.
2024-02-05 11:31:00,003 - Victim node is 5729.
2024-02-05 11:31:00,003 - tensor([ 593, 2198, 4376], device='cuda:0')
2024-02-05 11:31:00,003 - Classification Succeeds.
2024-02-05 11:31:00,003 - Link Generation Fails.
2024-02-05 11:36:00,950 - Victim node is 6653.
2024-02-05 11:36:00,951 - tensor([7650, 7651, 7652], device='cuda:0')
2024-02-05 11:36:00,951 - Classification Succeeds.
2024-02-05 11:36:00,951 - Link Generation Succeeds.
2024-02-05 11:41:09,129 - Victim node is 5990.
2024-02-05 11:41:09,129 - tensor([6130, 7460, 7620], device='cuda:0')
2024-02-05 11:41:09,130 - Classification Fails.
2024-02-05 11:41:09,130 - Link Generation Fails.
2024-02-05 11:46:27,495 - Victim node is 1102.
2024-02-05 11:46:27,495 - tensor([  80, 4384, 6551], device='cuda:0')
2024-02-05 11:46:27,496 - Classification Succeeds.
2024-02-05 11:46:27,496 - Link Generation Fails.
2024-02-05 11:51:41,577 - Victim node is 4735.
2024-02-05 11:51:41,577 - tensor([7650, 7651, 7652], device='cuda:0')
2024-02-05 11:51:41,577 - Classification Fails.
2024-02-05 11:51:41,577 - Link Generation Succeeds.
2024-02-05 11:56:59,316 - Victim node is 1452.
2024-02-05 11:56:59,316 - tensor([11, 16, 17], device='cuda:0')
2024-02-05 11:56:59,316 - Classification Succeeds.
2024-02-05 11:56:59,316 - Link Generation Fails.
2024-02-05 12:02:10,500 - Victim node is 2143.
2024-02-05 12:02:10,500 - tensor([2198, 2239, 4376], device='cuda:0')
2024-02-05 12:02:10,500 - Classification Succeeds.
2024-02-05 12:02:10,500 - Link Generation Fails.
2024-02-05 12:07:13,702 - Victim node is 607.
2024-02-05 12:07:13,702 - tensor([ 593, 2198, 6702], device='cuda:0')
2024-02-05 12:07:13,702 - Classification Succeeds.
2024-02-05 12:07:13,702 - Link Generation Fails.
2024-02-05 12:12:16,256 - Victim node is 1318.
2024-02-05 12:12:16,256 - tensor([7650, 7651, 7652], device='cuda:0')
2024-02-05 12:12:16,257 - Classification Fails.
2024-02-05 12:12:16,257 - Link Generation Succeeds.
2024-02-05 12:18:20,311 - Victim node is 3572.
2024-02-05 12:18:20,312 - tensor([7650, 7651, 7652], device='cuda:0')
2024-02-05 12:18:20,312 - Classification Succeeds.
2024-02-05 12:18:20,312 - Link Generation Succeeds.
2024-02-05 12:26:55,342 - Victim node is 3930.
2024-02-05 12:26:55,342 - tensor([2198, 2239, 6702], device='cuda:0')
2024-02-05 12:26:55,343 - Classification Fails.
2024-02-05 12:26:55,343 - Link Generation Fails.
2024-02-05 12:34:36,483 - Victim node is 6332.
2024-02-05 12:34:36,483 - tensor([7650, 7651, 7652], device='cuda:0')
2024-02-05 12:34:36,483 - Classification Fails.
2024-02-05 12:34:36,485 - Link Generation Succeeds.
2024-02-05 12:44:05,874 - Victim node is 6559.
2024-02-05 12:44:05,874 - tensor([  80,  593, 2198], device='cuda:0')
2024-02-05 12:44:05,875 - Classification Succeeds.
2024-02-05 12:44:05,875 - Link Generation Fails.
2024-02-05 12:54:22,937 - Victim node is 3463.
2024-02-05 12:54:22,937 - tensor([7650, 7651, 7652], device='cuda:0')
2024-02-05 12:54:22,938 - Classification Succeeds.
2024-02-05 12:54:22,938 - Link Generation Succeeds.
2024-02-05 13:00:20,077 - Victim node is 1.
2024-02-05 13:00:20,077 - tensor([ 593, 2198, 4376], device='cuda:0')
2024-02-05 13:00:20,078 - Classification Succeeds.
2024-02-05 13:00:20,078 - Link Generation Fails.
2024-02-05 13:05:30,012 - Victim node is 4036.
2024-02-05 13:05:30,012 - tensor([ 593, 2198, 4376], device='cuda:0')
2024-02-05 13:05:30,012 - Classification Succeeds.
2024-02-05 13:05:30,012 - Link Generation Fails.
2024-02-05 13:10:38,912 - Victim node is 3941.
2024-02-05 13:10:38,912 - tensor([7650, 7651, 7652], device='cuda:0')
2024-02-05 13:10:38,912 - Classification Succeeds.
2024-02-05 13:10:38,912 - Link Generation Succeeds.
2024-02-05 13:15:47,820 - Victim node is 5719.
2024-02-05 13:15:47,820 - tensor([ 593, 2198, 2239], device='cuda:0')
2024-02-05 13:15:47,820 - Classification Succeeds.
2024-02-05 13:15:47,820 - Link Generation Fails.
2024-02-05 13:20:58,304 - Victim node is 825.
2024-02-05 13:20:58,304 - tensor([11, 16, 17], device='cuda:0')
2024-02-05 13:20:58,304 - Classification Succeeds.
2024-02-05 13:20:58,304 - Link Generation Fails.
2024-02-05 13:26:06,224 - Victim node is 1664.
2024-02-05 13:26:06,224 - tensor([7650, 7651, 7652], device='cuda:0')
2024-02-05 13:26:06,224 - Classification Fails.
2024-02-05 13:26:06,224 - Link Generation Succeeds.
2024-02-05 13:31:15,330 - Victim node is 312.
2024-02-05 13:31:15,330 - tensor([4376, 4384, 6702], device='cuda:0')
2024-02-05 13:31:15,330 - Classification Succeeds.
2024-02-05 13:31:15,330 - Link Generation Fails.
2024-02-05 13:36:21,357 - Victim node is 4507.
2024-02-05 13:36:21,357 - tensor([7652, 7653, 7654], device='cuda:0')
2024-02-05 13:36:21,357 - Classification Succeeds.
2024-02-05 13:36:21,357 - Link Generation Succeeds.
2024-02-05 13:41:33,492 - Victim node is 5004.
2024-02-05 13:41:33,492 - tensor([11, 16, 17], device='cuda:0')
2024-02-05 13:41:33,492 - Classification Fails.
2024-02-05 13:41:33,492 - Link Generation Fails.
2024-02-05 13:46:44,622 - Victim node is 4165.
2024-02-05 13:46:44,622 - tensor([7650, 7651, 7652], device='cuda:0')
2024-02-05 13:46:44,623 - Classification Succeeds.
2024-02-05 13:46:44,623 - Link Generation Succeeds.
2024-02-05 13:51:54,169 - Victim node is 5596.
2024-02-05 13:51:54,169 - tensor([6130, 7460, 7620], device='cuda:0')
2024-02-05 13:51:54,170 - Classification Succeeds.
2024-02-05 13:51:54,170 - Link Generation Fails.
2024-02-05 13:57:06,340 - Victim node is 7145.
2024-02-05 13:57:06,340 - tensor([7650, 7651, 7652], device='cuda:0')
2024-02-05 13:57:06,341 - Classification Fails.
2024-02-05 13:57:06,341 - Link Generation Succeeds.
2024-02-05 14:02:15,141 - Victim node is 1022.
2024-02-05 14:02:15,142 - tensor([7650, 7651, 7652], device='cuda:0')
2024-02-05 14:02:15,142 - Classification Fails.
2024-02-05 14:02:15,142 - Link Generation Succeeds.
2024-02-05 14:07:21,245 - Victim node is 4798.
2024-02-05 14:07:21,245 - tensor([7650, 7651, 7652], device='cuda:0')
2024-02-05 14:07:21,246 - Classification Fails.
2024-02-05 14:07:21,246 - Link Generation Succeeds.
2024-02-05 14:12:31,124 - Victim node is 1123.
2024-02-05 14:12:31,124 - tensor([3383, 7620, 7653], device='cuda:0')
2024-02-05 14:12:31,125 - Classification Fails.
2024-02-05 14:12:31,125 - Link Generation Succeeds.
2024-02-05 14:17:38,414 - Victim node is 937.
2024-02-05 14:17:38,415 - tensor([ 593, 2198, 4376], device='cuda:0')
2024-02-05 14:17:38,415 - Classification Succeeds.
2024-02-05 14:17:38,415 - Link Generation Fails.
2024-02-05 14:22:47,509 - Victim node is 2982.
2024-02-05 14:22:47,509 - tensor([7650, 7651, 7652], device='cuda:0')
2024-02-05 14:22:47,509 - Classification Succeeds.
2024-02-05 14:22:47,509 - Link Generation Succeeds.
2024-02-05 14:27:57,656 - Victim node is 525.
2024-02-05 14:27:57,656 - tensor([7650, 7651, 7652], device='cuda:0')
2024-02-05 14:27:57,656 - Classification Succeeds.
2024-02-05 14:27:57,656 - Link Generation Succeeds.
2024-02-05 14:33:06,258 - Victim node is 1340.
2024-02-05 14:33:06,259 - tensor([4237, 7460, 7620], device='cuda:0')
2024-02-05 14:33:06,259 - Classification Succeeds.
2024-02-05 14:33:06,259 - Link Generation Fails.
2024-02-05 14:38:11,454 - Victim node is 6123.
2024-02-05 14:38:11,454 - tensor([ 593, 2198, 2239], device='cuda:0')
2024-02-05 14:38:11,454 - Classification Succeeds.
2024-02-05 14:38:11,454 - Link Generation Fails.
2024-02-05 14:43:16,951 - Victim node is 6971.
2024-02-05 14:43:16,951 - tensor([3895, 4805, 5132], device='cuda:0')
2024-02-05 14:43:16,951 - Classification Succeeds.
2024-02-05 14:43:16,951 - Link Generation Fails.
2024-02-05 14:48:20,782 - Victim node is 1035.
2024-02-05 14:48:20,783 - tensor([7650, 7651, 7652], device='cuda:0')
2024-02-05 14:48:20,783 - Classification Fails.
2024-02-05 14:48:20,783 - Link Generation Succeeds.
2024-02-05 14:53:31,921 - Victim node is 4470.
2024-02-05 14:53:31,921 - tensor([4237, 7460, 7620], device='cuda:0')
2024-02-05 14:53:31,922 - Classification Succeeds.
2024-02-05 14:53:31,922 - Link Generation Fails.
2024-02-05 14:58:45,469 - Victim node is 3620.
2024-02-05 14:58:45,469 - tensor([2239, 4376, 6702], device='cuda:0')
2024-02-05 14:58:45,470 - Classification Succeeds.
2024-02-05 14:58:45,470 - Link Generation Fails.
2024-02-05 15:03:55,326 - Victim node is 2405.
2024-02-05 15:03:55,326 - tensor([ 593, 2198, 4376], device='cuda:0')
2024-02-05 15:03:55,326 - Classification Succeeds.
2024-02-05 15:03:55,326 - Link Generation Fails.
2024-02-05 15:09:05,007 - Victim node is 2476.
2024-02-05 15:09:05,007 - tensor([ 593, 2239, 4376], device='cuda:0')
2024-02-05 15:09:05,007 - Classification Succeeds.
2024-02-05 15:09:05,007 - Link Generation Fails.
2024-02-05 15:14:15,516 - Victim node is 1348.
2024-02-05 15:14:15,516 - tensor([4237, 7460, 7620], device='cuda:0')
2024-02-05 15:14:15,516 - Classification Fails.
2024-02-05 15:14:15,516 - Link Generation Fails.
2024-02-05 15:19:26,860 - Victim node is 1868.
2024-02-05 15:19:26,860 - tensor([7651, 7652, 7654], device='cuda:0')
2024-02-05 15:19:26,860 - Classification Fails.
2024-02-05 15:19:26,860 - Link Generation Succeeds.
2024-02-05 15:24:35,769 - Victim node is 5081.
2024-02-05 15:24:35,769 - tensor([ 593, 2198, 4376], device='cuda:0')
2024-02-05 15:24:35,770 - Classification Succeeds.
2024-02-05 15:24:35,770 - Link Generation Fails.
2024-02-05 15:29:45,819 - Victim node is 3230.
2024-02-05 15:29:45,819 - tensor([7650, 7651, 7652], device='cuda:0')
2024-02-05 15:29:45,819 - Classification Fails.
2024-02-05 15:29:45,819 - Link Generation Succeeds.
2024-02-05 15:34:56,938 - Victim node is 253.
2024-02-05 15:34:56,938 - tensor([4237, 7460, 7620], device='cuda:0')
2024-02-05 15:34:56,939 - Classification Succeeds.
2024-02-05 15:34:56,939 - Link Generation Fails.
2024-02-05 15:40:07,218 - Victim node is 1255.
2024-02-05 15:40:07,219 - tensor([6130, 7460, 7620], device='cuda:0')
2024-02-05 15:40:07,219 - Classification Succeeds.
2024-02-05 15:40:07,219 - Link Generation Fails.
2024-02-05 15:45:16,475 - Victim node is 1023.
2024-02-05 15:45:16,475 - tensor([7651, 7652, 7654], device='cuda:0')
2024-02-05 15:45:16,476 - Classification Fails.
2024-02-05 15:45:16,476 - Link Generation Succeeds.
2024-02-05 15:50:25,684 - Victim node is 2427.
2024-02-05 15:50:25,684 - tensor([4384, 5404, 6702], device='cuda:0')
2024-02-05 15:50:25,685 - Classification Succeeds.
2024-02-05 15:50:25,685 - Link Generation Fails.
2024-02-05 15:55:35,994 - Victim node is 2807.
2024-02-05 15:55:35,994 - tensor([11, 16, 17], device='cuda:0')
2024-02-05 15:55:35,995 - Classification Succeeds.
2024-02-05 15:55:35,995 - Link Generation Fails.
2024-02-05 16:00:43,933 - Victim node is 2386.
2024-02-05 16:00:43,933 - tensor([7650, 7651, 7652], device='cuda:0')
2024-02-05 16:00:43,933 - Classification Succeeds.
2024-02-05 16:00:43,933 - Link Generation Succeeds.
2024-02-05 16:05:52,567 - Victim node is 5659.
2024-02-05 16:05:52,567 - tensor([2157, 3383, 6662], device='cuda:0')
2024-02-05 16:05:52,568 - Classification Fails.
2024-02-05 16:05:52,568 - Link Generation Fails.
2024-02-05 16:11:01,064 - Victim node is 58.
2024-02-05 16:11:01,064 - tensor([7650, 7651, 7654], device='cuda:0')
2024-02-05 16:11:01,064 - Classification Succeeds.
2024-02-05 16:11:01,064 - Link Generation Succeeds.
2024-02-05 16:16:05,395 - Victim node is 6183.
2024-02-05 16:16:05,395 - tensor([7650, 7651, 7652], device='cuda:0')
2024-02-05 16:16:05,396 - Classification Succeeds.
2024-02-05 16:16:05,396 - Link Generation Succeeds.
2024-02-05 16:21:11,861 - Victim node is 6771.
2024-02-05 16:21:11,861 - tensor([7650, 7651, 7652], device='cuda:0')
2024-02-05 16:21:11,861 - Classification Fails.
2024-02-05 16:21:11,861 - Link Generation Succeeds.
2024-02-05 16:26:17,439 - Victim node is 220.
2024-02-05 16:26:17,439 - tensor([  80, 1744, 1899], device='cuda:0')
2024-02-05 16:26:17,440 - Classification Succeeds.
2024-02-05 16:26:17,440 - Link Generation Fails.
2024-02-05 16:31:23,831 - Victim node is 7130.
2024-02-05 16:31:23,831 - tensor([  80,  593, 2198], device='cuda:0')
2024-02-05 16:31:23,833 - Classification Succeeds.
2024-02-05 16:31:23,833 - Link Generation Fails.
2024-02-05 16:36:27,814 - Victim node is 5167.
2024-02-05 16:36:27,814 - tensor([ 593, 2198, 4376], device='cuda:0')
2024-02-05 16:36:27,814 - Classification Succeeds.
2024-02-05 16:36:27,815 - Link Generation Fails.
2024-02-05 16:41:31,469 - Victim node is 4216.
2024-02-05 16:41:31,470 - tensor([ 593, 2198, 2239], device='cuda:0')
2024-02-05 16:41:31,470 - Classification Fails.
2024-02-05 16:41:31,470 - Link Generation Fails.
2024-02-05 16:46:37,198 - Victim node is 5920.
2024-02-05 16:46:37,199 - tensor([ 593, 2198, 4376], device='cuda:0')
2024-02-05 16:46:37,199 - Classification Succeeds.
2024-02-05 16:46:37,199 - Link Generation Fails.
2024-02-05 16:51:43,689 - Victim node is 7165.
2024-02-05 16:51:43,689 - tensor([4237, 7460, 7620], device='cuda:0')
2024-02-05 16:51:43,690 - Classification Succeeds.
2024-02-05 16:51:43,690 - Link Generation Fails.
2024-02-05 16:56:49,748 - Victim node is 7246.
2024-02-05 16:56:49,748 - tensor([6130, 7460, 7620], device='cuda:0')
2024-02-05 16:56:49,748 - Classification Succeeds.
2024-02-05 16:56:49,748 - Link Generation Fails.
2024-02-05 17:01:54,605 - Victim node is 4245.
2024-02-05 17:01:54,605 - tensor([ 593, 2198, 4376], device='cuda:0')
2024-02-05 17:01:54,605 - Classification Succeeds.
2024-02-05 17:01:54,605 - Link Generation Fails.
2024-02-05 17:06:59,607 - Victim node is 1241.
2024-02-05 17:06:59,608 - tensor([ 593, 2198, 2239], device='cuda:0')
2024-02-05 17:06:59,608 - Classification Succeeds.
2024-02-05 17:06:59,608 - Link Generation Fails.
2024-02-05 17:12:11,421 - Victim node is 1239.
2024-02-05 17:12:11,421 - tensor([2198, 4376, 4805], device='cuda:0')
2024-02-05 17:12:11,422 - Classification Fails.
2024-02-05 17:12:11,422 - Link Generation Fails.
2024-02-05 17:17:19,592 - Victim node is 3772.
2024-02-05 17:17:19,593 - tensor([7650, 7651, 7652], device='cuda:0')
2024-02-05 17:17:19,593 - Classification Fails.
2024-02-05 17:17:19,593 - Link Generation Succeeds.
2024-02-05 17:22:21,009 - Victim node is 6161.
2024-02-05 17:22:21,010 - tensor([ 593, 2198, 7654], device='cuda:0')
2024-02-05 17:22:21,010 - Classification Fails.
2024-02-05 17:22:21,010 - Link Generation Succeeds.
2024-02-05 17:27:20,414 - Victim node is 6163.
2024-02-05 17:27:20,414 - tensor([7650, 7651, 7652], device='cuda:0')
2024-02-05 17:27:20,415 - Classification Succeeds.
2024-02-05 17:27:20,415 - Link Generation Succeeds.
2024-02-05 17:32:19,799 - Victim node is 5478.
2024-02-05 17:32:19,799 - tensor([ 593, 2198, 4376], device='cuda:0')
2024-02-05 17:32:19,799 - Classification Fails.
2024-02-05 17:32:19,799 - Link Generation Fails.
2024-02-05 17:37:21,047 - Victim node is 348.
2024-02-05 17:37:21,047 - tensor([ 593, 2198, 4376], device='cuda:0')
2024-02-05 17:37:21,047 - Classification Succeeds.
2024-02-05 17:37:21,047 - Link Generation Fails.
2024-02-05 17:42:20,591 - Victim node is 6384.
2024-02-05 17:42:20,591 - tensor([ 593, 2198, 4376], device='cuda:0')
2024-02-05 17:42:20,591 - Classification Fails.
2024-02-05 17:42:20,591 - Link Generation Fails.
2024-02-05 17:47:20,631 - Victim node is 3856.
2024-02-05 17:47:20,631 - tensor([4376, 4384, 5404], device='cuda:0')
2024-02-05 17:47:20,632 - Classification Fails.
2024-02-05 17:47:20,632 - Link Generation Fails.
2024-02-05 17:52:20,018 - Victim node is 6178.
2024-02-05 17:52:20,018 - tensor([ 593, 2198, 2239], device='cuda:0')
2024-02-05 17:52:20,020 - Classification Succeeds.
2024-02-05 17:52:20,020 - Link Generation Fails.
2024-02-05 17:57:19,051 - Victim node is 7086.
2024-02-05 17:57:19,051 - tensor([ 593, 2198, 4376], device='cuda:0')
2024-02-05 17:57:19,052 - Classification Succeeds.
2024-02-05 17:57:19,052 - Link Generation Fails.
2024-02-05 18:02:17,767 - Victim node is 5398.
2024-02-05 18:02:17,767 - tensor([ 593, 4384, 6702], device='cuda:0')
2024-02-05 18:02:17,768 - Classification Succeeds.
2024-02-05 18:02:17,768 - Link Generation Fails.
2024-02-05 18:07:15,280 - Victim node is 7271.
2024-02-05 18:07:15,280 - tensor([7650, 7651, 7652], device='cuda:0')
2024-02-05 18:07:15,280 - Classification Succeeds.
2024-02-05 18:07:15,281 - Link Generation Succeeds.
2024-02-05 18:12:15,187 - Victim node is 3040.
2024-02-05 18:12:15,187 - tensor([ 593, 2198, 4376], device='cuda:0')
2024-02-05 18:12:15,188 - Classification Succeeds.
2024-02-05 18:12:15,188 - Link Generation Fails.
2024-02-05 18:17:26,072 - Victim node is 2748.
2024-02-05 18:17:26,072 - tensor([7650, 7651, 7652], device='cuda:0')
2024-02-05 18:17:26,073 - Classification Fails.
2024-02-05 18:17:26,073 - Link Generation Succeeds.
2024-02-05 18:22:29,185 - Victim node is 7275.
2024-02-05 18:22:29,185 - tensor([7650, 7651, 7652], device='cuda:0')
2024-02-05 18:22:29,185 - Classification Fails.
2024-02-05 18:22:29,185 - Link Generation Succeeds.
2024-02-05 18:27:31,662 - Victim node is 1976.
2024-02-05 18:27:31,662 - tensor([ 593, 2198, 4376], device='cuda:0')
2024-02-05 18:27:31,662 - Classification Fails.
2024-02-05 18:27:31,663 - Link Generation Fails.
2024-02-05 18:32:31,202 - Victim node is 2650.
2024-02-05 18:32:31,202 - tensor([2239, 4384, 5404], device='cuda:0')
2024-02-05 18:32:31,202 - Classification Fails.
2024-02-05 18:32:31,203 - Link Generation Fails.
2024-02-05 18:37:30,311 - Victim node is 6139.
2024-02-05 18:37:30,311 - tensor([7650, 7651, 7652], device='cuda:0')
2024-02-05 18:37:30,312 - Classification Fails.
2024-02-05 18:37:30,312 - Link Generation Succeeds.
2024-02-05 18:42:29,544 - Victim node is 1078.
2024-02-05 18:42:29,544 - tensor([ 593, 2198, 2239], device='cuda:0')
2024-02-05 18:42:29,544 - Classification Succeeds.
2024-02-05 18:42:29,544 - Link Generation Fails.
2024-02-05 18:47:28,093 - Victim node is 3001.
2024-02-05 18:47:28,093 - tensor([2239, 4376, 4805], device='cuda:0')
2024-02-05 18:47:28,093 - Classification Succeeds.
2024-02-05 18:47:28,093 - Link Generation Fails.
2024-02-05 18:52:27,417 - Victim node is 6210.
2024-02-05 18:52:27,418 - tensor([  80,  593, 2198], device='cuda:0')
2024-02-05 18:52:27,418 - Classification Succeeds.
2024-02-05 18:52:27,418 - Link Generation Fails.
2024-02-05 18:57:26,482 - Victim node is 7452.
2024-02-05 18:57:26,482 - tensor([7650, 7651, 7652], device='cuda:0')
2024-02-05 18:57:26,482 - Classification Fails.
2024-02-05 18:57:26,482 - Link Generation Succeeds.
2024-02-05 19:02:26,621 - Victim node is 6887.
2024-02-05 19:02:26,621 - tensor([4376, 4384, 5404], device='cuda:0')
2024-02-05 19:02:26,622 - Classification Succeeds.
2024-02-05 19:02:26,622 - Link Generation Fails.
2024-02-05 19:07:25,731 - Victim node is 5446.
2024-02-05 19:07:25,731 - tensor([ 593, 2198, 2239], device='cuda:0')
2024-02-05 19:07:25,731 - Classification Fails.
2024-02-05 19:07:25,731 - Link Generation Fails.
2024-02-05 19:12:25,083 - Victim node is 6270.
2024-02-05 19:12:25,083 - tensor([4237, 7460, 7620], device='cuda:0')
2024-02-05 19:12:25,084 - Classification Succeeds.
2024-02-05 19:12:25,084 - Link Generation Fails.
2024-02-05 19:17:24,740 - Victim node is 3024.
2024-02-05 19:17:24,740 - tensor([7652, 7653, 7654], device='cuda:0')
2024-02-05 19:17:24,740 - Classification Succeeds.
2024-02-05 19:17:24,740 - Link Generation Succeeds.
2024-02-05 19:22:33,888 - Victim node is 6596.
2024-02-05 19:22:33,888 - tensor([2239, 4376, 6702], device='cuda:0')
2024-02-05 19:22:33,890 - Classification Succeeds.
2024-02-05 19:22:33,890 - Link Generation Fails.
2024-02-05 19:27:46,746 - Victim node is 4140.
2024-02-05 19:27:46,746 - tensor([ 593, 2198, 4376], device='cuda:0')
2024-02-05 19:27:46,746 - Classification Fails.
2024-02-05 19:27:46,747 - Link Generation Fails.
2024-02-05 19:33:00,247 - Victim node is 4443.
2024-02-05 19:33:00,247 - tensor([ 932, 4646, 7620], device='cuda:0')
2024-02-05 19:33:00,248 - Classification Succeeds.
2024-02-05 19:33:00,248 - Link Generation Fails.
2024-02-05 19:38:13,193 - Victim node is 3864.
2024-02-05 19:38:13,193 - tensor([ 593, 2198, 2239], device='cuda:0')
2024-02-05 19:38:13,194 - Classification Succeeds.
2024-02-05 19:38:13,194 - Link Generation Fails.
2024-02-05 19:43:26,500 - Victim node is 1204.
2024-02-05 19:43:26,500 - tensor([7651, 7652, 7653], device='cuda:0')
2024-02-05 19:43:26,501 - Classification Fails.
2024-02-05 19:43:26,501 - Link Generation Succeeds.
2024-02-05 19:48:40,211 - Victim node is 3352.
2024-02-05 19:48:40,211 - tensor([7650, 7651, 7652], device='cuda:0')
2024-02-05 19:48:40,211 - Classification Fails.
2024-02-05 19:48:40,211 - Link Generation Succeeds.
2024-02-05 19:53:53,662 - Victim node is 3727.
2024-02-05 19:53:53,662 - tensor([7650, 7652, 7654], device='cuda:0')
2024-02-05 19:53:53,662 - Classification Fails.
2024-02-05 19:53:53,662 - Link Generation Succeeds.
2024-02-05 19:59:11,589 - Victim node is 4695.
2024-02-05 19:59:11,589 - tensor([ 593, 2198, 4376], device='cuda:0')
2024-02-05 19:59:11,589 - Classification Succeeds.
2024-02-05 19:59:11,589 - Link Generation Fails.
2024-02-05 20:04:34,428 - Victim node is 6737.
2024-02-05 20:04:34,428 - tensor([ 593, 2198, 2239], device='cuda:0')
2024-02-05 20:04:34,428 - Classification Succeeds.
2024-02-05 20:04:34,428 - Link Generation Fails.
2024-02-05 20:09:46,469 - Victim node is 3295.
2024-02-05 20:09:46,469 - tensor([ 593, 2198, 4376], device='cuda:0')
2024-02-05 20:09:46,469 - Classification Succeeds.
2024-02-05 20:09:46,469 - Link Generation Fails.
2024-02-05 20:14:56,261 - Victim node is 4181.
2024-02-05 20:14:56,261 - tensor([7650, 7651, 7652], device='cuda:0')
2024-02-05 20:14:56,261 - Classification Succeeds.
2024-02-05 20:14:56,262 - Link Generation Succeeds.
2024-02-05 20:19:57,873 - Victim node is 2318.
2024-02-05 20:19:57,873 - tensor([4646, 6130, 7620], device='cuda:0')
2024-02-05 20:19:57,874 - Classification Succeeds.
2024-02-05 20:19:57,874 - Link Generation Fails.
2024-02-05 20:25:00,051 - Victim node is 7045.
2024-02-05 20:25:00,051 - tensor([6130, 7460, 7620], device='cuda:0')
2024-02-05 20:25:00,051 - Classification Succeeds.
2024-02-05 20:25:00,051 - Link Generation Fails.
2024-02-05 20:30:01,061 - Victim node is 3793.
2024-02-05 20:30:01,061 - tensor([ 593, 2198, 2239], device='cuda:0')
2024-02-05 20:30:01,062 - Classification Fails.
2024-02-05 20:30:01,062 - Link Generation Fails.
2024-02-05 20:35:04,060 - Victim node is 3454.
2024-02-05 20:35:04,060 - tensor([6130, 7460, 7620], device='cuda:0')
2024-02-05 20:35:04,061 - Classification Succeeds.
2024-02-05 20:35:04,061 - Link Generation Fails.
2024-02-05 20:40:06,227 - Victim node is 1588.
2024-02-05 20:40:06,227 - tensor([7650, 7651, 7652], device='cuda:0')
2024-02-05 20:40:06,229 - Classification Fails.
2024-02-05 20:40:06,229 - Link Generation Succeeds.
2024-02-05 20:45:09,064 - Victim node is 7162.
2024-02-05 20:45:09,064 - tensor([7650, 7651, 7652], device='cuda:0')
2024-02-05 20:45:09,064 - Classification Fails.
2024-02-05 20:45:09,064 - Link Generation Succeeds.
2024-02-05 20:50:11,046 - Victim node is 2755.
2024-02-05 20:50:11,046 - tensor([1058, 4805, 6702], device='cuda:0')
2024-02-05 20:50:11,047 - Classification Succeeds.
2024-02-05 20:50:11,047 - Link Generation Fails.
2024-02-05 20:55:12,666 - Victim node is 5600.
2024-02-05 20:55:12,666 - tensor([4646, 6130, 7620], device='cuda:0')
2024-02-05 20:55:12,667 - Classification Succeeds.
2024-02-05 20:55:12,667 - Link Generation Fails.
2024-02-05 21:00:14,362 - Victim node is 2541.
2024-02-05 21:00:14,362 - tensor([4376, 4384, 4805], device='cuda:0')
2024-02-05 21:00:14,362 - Classification Succeeds.
2024-02-05 21:00:14,362 - Link Generation Fails.
2024-02-05 21:05:16,275 - Victim node is 2153.
2024-02-05 21:05:16,275 - tensor([ 932, 7460, 7620], device='cuda:0')
2024-02-05 21:05:16,275 - Classification Succeeds.
2024-02-05 21:05:16,275 - Link Generation Fails.
2024-02-05 21:10:18,014 - Victim node is 1609.
2024-02-05 21:10:18,014 - tensor([ 593, 2198, 4376], device='cuda:0')
2024-02-05 21:10:18,014 - Classification Succeeds.
2024-02-05 21:10:18,014 - Link Generation Fails.
2024-02-05 21:15:20,274 - Victim node is 2086.
2024-02-05 21:15:20,274 - tensor([ 593, 2198, 7654], device='cuda:0')
2024-02-05 21:15:20,274 - Classification Succeeds.
2024-02-05 21:15:20,274 - Link Generation Succeeds.
2024-02-05 21:20:22,489 - Victim node is 1220.
2024-02-05 21:20:22,489 - tensor([7620, 7650, 7654], device='cuda:0')
2024-02-05 21:20:22,489 - Classification Fails.
2024-02-05 21:20:22,489 - Link Generation Succeeds.
2024-02-05 21:25:23,900 - Victim node is 6588.
2024-02-05 21:25:23,900 - tensor([ 593, 2239, 6702], device='cuda:0')
2024-02-05 21:25:23,900 - Classification Succeeds.
2024-02-05 21:25:23,900 - Link Generation Fails.
2024-02-05 21:30:26,015 - Victim node is 2227.
2024-02-05 21:30:26,016 - tensor([7650, 7652, 7654], device='cuda:0')
2024-02-05 21:30:26,016 - Classification Fails.
2024-02-05 21:30:26,016 - Link Generation Succeeds.
2024-02-05 21:35:27,707 - Victim node is 2865.
2024-02-05 21:35:27,707 - tensor([4237, 7460, 7620], device='cuda:0')
2024-02-05 21:35:27,707 - Classification Succeeds.
2024-02-05 21:35:27,707 - Link Generation Fails.
2024-02-05 21:40:29,432 - Victim node is 3835.
2024-02-05 21:40:29,433 - tensor([4237, 7460, 7620], device='cuda:0')
2024-02-05 21:40:29,433 - Classification Fails.
2024-02-05 21:40:29,433 - Link Generation Fails.
2024-02-05 21:45:30,717 - Victim node is 7510.
2024-02-05 21:45:30,717 - tensor([7651, 7653, 7654], device='cuda:0')
2024-02-05 21:45:30,717 - Classification Succeeds.
2024-02-05 21:45:30,717 - Link Generation Succeeds.
2024-02-05 21:50:32,444 - Victim node is 5583.
2024-02-05 21:50:32,444 - tensor([7650, 7651, 7652], device='cuda:0')
2024-02-05 21:50:32,444 - Classification Fails.
2024-02-05 21:50:32,444 - Link Generation Succeeds.
2024-02-05 21:55:37,365 - Victim node is 257.
2024-02-05 21:55:37,365 - tensor([1759, 7460, 7620], device='cuda:0')
2024-02-05 21:55:37,366 - Classification Succeeds.
2024-02-05 21:55:37,366 - Link Generation Fails.
2024-02-05 22:00:50,691 - Victim node is 2053.
2024-02-05 22:00:50,691 - tensor([7650, 7651, 7652], device='cuda:0')
2024-02-05 22:00:50,691 - Classification Fails.
2024-02-05 22:00:50,692 - Link Generation Succeeds.
2024-02-05 22:05:58,302 - Victim node is 1446.
2024-02-05 22:05:58,303 - tensor([7650, 7651, 7652], device='cuda:0')
2024-02-05 22:05:58,303 - Classification Succeeds.
2024-02-05 22:05:58,303 - Link Generation Succeeds.
2024-02-05 22:11:06,267 - Victim node is 4250.
2024-02-05 22:11:06,267 - tensor([3383, 7460, 7620], device='cuda:0')
2024-02-05 22:11:06,267 - Classification Succeeds.
2024-02-05 22:11:06,267 - Link Generation Fails.
2024-02-05 22:16:17,694 - Victim node is 4813.
2024-02-05 22:16:17,694 - tensor([4237, 7460, 7620], device='cuda:0')
2024-02-05 22:16:17,694 - Classification Succeeds.
2024-02-05 22:16:17,695 - Link Generation Fails.
2024-02-05 22:21:28,226 - Victim node is 3243.
2024-02-05 22:21:28,226 - tensor([ 593, 2198, 2239], device='cuda:0')
2024-02-05 22:21:28,226 - Classification Succeeds.
2024-02-05 22:21:28,226 - Link Generation Fails.
2024-02-05 22:26:40,170 - Victim node is 3879.
2024-02-05 22:26:40,171 - tensor([7650, 7651, 7652], device='cuda:0')
2024-02-05 22:26:40,171 - Classification Succeeds.
2024-02-05 22:26:40,171 - Link Generation Succeeds.
2024-02-05 22:31:50,670 - Victim node is 6935.
2024-02-05 22:31:50,670 - tensor([4646, 6130, 7620], device='cuda:0')
2024-02-05 22:31:50,670 - Classification Succeeds.
2024-02-05 22:31:50,670 - Link Generation Fails.
2024-02-05 22:37:02,468 - Victim node is 1536.
2024-02-05 22:37:02,468 - tensor([6130, 7460, 7620], device='cuda:0')
2024-02-05 22:37:02,468 - Classification Succeeds.
2024-02-05 22:37:02,468 - Link Generation Fails.
2024-02-05 22:42:13,098 - Victim node is 1628.
2024-02-05 22:42:13,098 - tensor([2239, 4376, 4805], device='cuda:0')
2024-02-05 22:42:13,098 - Classification Succeeds.
2024-02-05 22:42:13,098 - Link Generation Fails.
2024-02-05 22:47:25,522 - Victim node is 2760.
2024-02-05 22:47:25,522 - tensor([ 932, 7460, 7620], device='cuda:0')
2024-02-05 22:47:25,522 - Classification Succeeds.
2024-02-05 22:47:25,522 - Link Generation Fails.
2024-02-05 22:52:35,476 - Victim node is 6718.
2024-02-05 22:52:35,478 - tensor([7650, 7651, 7652], device='cuda:0')
2024-02-05 22:52:35,478 - Classification Succeeds.
2024-02-05 22:52:35,478 - Link Generation Succeeds.
2024-02-05 22:57:45,531 - Victim node is 3785.
2024-02-05 22:57:45,531 - tensor([2198, 2239, 4376], device='cuda:0')
2024-02-05 22:57:45,531 - Classification Succeeds.
2024-02-05 22:57:45,532 - Link Generation Fails.
2024-02-05 23:02:55,090 - Victim node is 1069.
2024-02-05 23:02:55,090 - tensor([ 593, 2198, 2239], device='cuda:0')
2024-02-05 23:02:55,090 - Classification Succeeds.
2024-02-05 23:02:55,090 - Link Generation Fails.
2024-02-05 23:08:07,163 - Victim node is 2440.
2024-02-05 23:08:07,163 - tensor([ 593, 2198, 2239], device='cuda:0')
2024-02-05 23:08:07,163 - Classification Fails.
2024-02-05 23:08:07,163 - Link Generation Fails.
2024-02-05 23:13:17,471 - Victim node is 1770.
2024-02-05 23:13:17,471 - tensor([7650, 7651, 7652], device='cuda:0')
2024-02-05 23:13:17,472 - Classification Fails.
2024-02-05 23:13:17,472 - Link Generation Succeeds.
2024-02-05 23:18:28,988 - Victim node is 6637.
2024-02-05 23:18:28,988 - tensor([6130, 7460, 7620], device='cuda:0')
2024-02-05 23:18:28,989 - Classification Fails.
2024-02-05 23:18:28,989 - Link Generation Fails.
2024-02-05 23:23:40,045 - Victim node is 3339.
2024-02-05 23:23:40,045 - tensor([ 593, 2239, 4376], device='cuda:0')
2024-02-05 23:23:40,045 - Classification Succeeds.
2024-02-05 23:23:40,045 - Link Generation Fails.
2024-02-05 23:28:49,525 - Victim node is 5505.
2024-02-05 23:28:49,525 - tensor([ 593, 4376, 6702], device='cuda:0')
2024-02-05 23:28:49,525 - Classification Succeeds.
2024-02-05 23:28:49,525 - Link Generation Fails.
2024-02-05 23:33:57,332 - Victim node is 5860.
2024-02-05 23:33:57,332 - tensor([7650, 7651, 7652], device='cuda:0')
2024-02-05 23:33:57,332 - Classification Succeeds.
2024-02-05 23:33:57,332 - Link Generation Succeeds.
2024-02-05 23:39:11,964 - Victim node is 445.
2024-02-05 23:39:11,964 - tensor([ 593, 2239, 4376], device='cuda:0')
2024-02-05 23:39:11,964 - Classification Succeeds.
2024-02-05 23:39:11,964 - Link Generation Fails.
2024-02-05 23:44:25,265 - Victim node is 2488.
2024-02-05 23:44:25,265 - tensor([ 593, 2198, 2239], device='cuda:0')
2024-02-05 23:44:25,266 - Classification Succeeds.
2024-02-05 23:44:25,266 - Link Generation Fails.
2024-02-05 23:49:40,530 - Victim node is 2954.
2024-02-05 23:49:40,530 - tensor([ 593, 2198, 2239], device='cuda:0')
2024-02-05 23:49:40,530 - Classification Succeeds.
2024-02-05 23:49:40,531 - Link Generation Fails.
2024-02-05 23:54:53,901 - Victim node is 1848.
2024-02-05 23:54:53,901 - tensor([7650, 7651, 7652], device='cuda:0')
2024-02-05 23:54:53,901 - Classification Fails.
2024-02-05 23:54:53,902 - Link Generation Succeeds.
2024-02-06 00:00:08,924 - Victim node is 6363.
2024-02-06 00:00:08,924 - tensor([ 593, 2198, 2239], device='cuda:0')
2024-02-06 00:00:08,924 - Classification Succeeds.
2024-02-06 00:00:08,924 - Link Generation Fails.
2024-02-06 00:05:19,073 - Victim node is 1745.
2024-02-06 00:05:19,073 - tensor([2198, 3578, 4805], device='cuda:0')
2024-02-06 00:05:19,074 - Classification Fails.
2024-02-06 00:05:19,074 - Link Generation Fails.
2024-02-06 00:10:28,223 - Victim node is 4403.
2024-02-06 00:10:28,223 - tensor([7650, 7653, 7654], device='cuda:0')
2024-02-06 00:10:28,224 - Classification Fails.
2024-02-06 00:10:28,224 - Link Generation Succeeds.
2024-02-06 00:15:35,659 - Victim node is 1151.
2024-02-06 00:15:35,659 - tensor([7650, 7651, 7653], device='cuda:0')
2024-02-06 00:15:35,659 - Classification Succeeds.
2024-02-06 00:15:35,659 - Link Generation Succeeds.
2024-02-06 00:20:45,134 - Victim node is 4650.
2024-02-06 00:20:45,135 - tensor([2198, 2239, 4376], device='cuda:0')
2024-02-06 00:20:45,135 - Classification Succeeds.
2024-02-06 00:20:45,135 - Link Generation Fails.
2024-02-06 00:25:55,862 - Victim node is 3429.
2024-02-06 00:25:55,862 - tensor([7650, 7651, 7652], device='cuda:0')
2024-02-06 00:25:55,862 - Classification Fails.
2024-02-06 00:25:55,862 - Link Generation Succeeds.
2024-02-06 00:31:09,605 - Victim node is 4460.
2024-02-06 00:31:09,605 - tensor([7650, 7651, 7652], device='cuda:0')
2024-02-06 00:31:09,605 - Classification Fails.
2024-02-06 00:31:09,605 - Link Generation Succeeds.
2024-02-06 00:36:22,216 - Victim node is 5982.
2024-02-06 00:36:22,216 - tensor([2239, 4384, 5404], device='cuda:0')
2024-02-06 00:36:22,216 - Classification Succeeds.
2024-02-06 00:36:22,216 - Link Generation Fails.
2024-02-06 00:41:36,982 - Victim node is 114.
2024-02-06 00:41:36,982 - tensor([ 593, 2198, 4376], device='cuda:0')
2024-02-06 00:41:36,983 - Classification Fails.
2024-02-06 00:41:36,983 - Link Generation Fails.
2024-02-06 00:46:55,099 - Victim node is 2895.
2024-02-06 00:46:55,099 - tensor([2198, 2239, 4376], device='cuda:0')
2024-02-06 00:46:55,099 - Classification Succeeds.
2024-02-06 00:46:55,099 - Link Generation Fails.
2024-02-06 00:52:06,294 - Victim node is 3536.
2024-02-06 00:52:06,294 - tensor([7650, 7651, 7652], device='cuda:0')
2024-02-06 00:52:06,295 - Classification Succeeds.
2024-02-06 00:52:06,295 - Link Generation Succeeds.
2024-02-06 00:57:19,083 - Victim node is 4869.
2024-02-06 00:57:19,083 - tensor([ 593, 2198, 2239], device='cuda:0')
2024-02-06 00:57:19,083 - Classification Fails.
2024-02-06 00:57:19,083 - Link Generation Fails.
2024-02-06 01:02:31,195 - Victim node is 5270.
2024-02-06 01:02:31,195 - tensor([ 593, 2198, 4376], device='cuda:0')
2024-02-06 01:02:31,195 - Classification Succeeds.
2024-02-06 01:02:31,195 - Link Generation Fails.
2024-02-06 01:07:44,490 - Victim node is 7031.
2024-02-06 01:07:44,490 - tensor([7650, 7652, 7654], device='cuda:0')
2024-02-06 01:07:44,490 - Classification Fails.
2024-02-06 01:07:44,490 - Link Generation Succeeds.
2024-02-06 01:12:52,607 - Victim node is 938.
2024-02-06 01:12:52,607 - tensor([7650, 7651, 7652], device='cuda:0')
2024-02-06 01:12:52,608 - Classification Fails.
2024-02-06 01:12:52,608 - Link Generation Succeeds.
2024-02-06 01:18:00,524 - Victim node is 283.
2024-02-06 01:18:00,524 - tensor([4376, 4384, 6702], device='cuda:0')
2024-02-06 01:18:00,524 - Classification Fails.
2024-02-06 01:18:00,524 - Link Generation Fails.
2024-02-06 01:23:08,766 - Victim node is 5440.
2024-02-06 01:23:08,766 - tensor([3200, 6433, 7199], device='cuda:0')
2024-02-06 01:23:08,766 - Classification Succeeds.
2024-02-06 01:23:08,766 - Link Generation Fails.
2024-02-06 01:28:14,764 - Victim node is 353.
2024-02-06 01:28:14,764 - tensor([7650, 7651, 7652], device='cuda:0')
2024-02-06 01:28:14,765 - Classification Succeeds.
2024-02-06 01:28:14,765 - Link Generation Succeeds.
2024-02-06 01:33:19,928 - Victim node is 3044.
2024-02-06 01:33:19,928 - tensor([6130, 7460, 7620], device='cuda:0')
2024-02-06 01:33:19,928 - Classification Succeeds.
2024-02-06 01:33:19,928 - Link Generation Fails.
2024-02-06 01:38:25,996 - Victim node is 2135.
2024-02-06 01:38:25,996 - tensor([6130, 7460, 7620], device='cuda:0')
2024-02-06 01:38:25,996 - Classification Succeeds.
2024-02-06 01:38:25,997 - Link Generation Fails.
2024-02-06 01:43:32,239 - Victim node is 4655.
2024-02-06 01:43:32,239 - tensor([7650, 7651, 7652], device='cuda:0')
2024-02-06 01:43:32,239 - Classification Succeeds.
2024-02-06 01:43:32,239 - Link Generation Succeeds.
2024-02-06 01:48:38,927 - Victim node is 4418.
2024-02-06 01:48:38,927 - tensor([7650, 7651, 7652], device='cuda:0')
2024-02-06 01:48:38,927 - Classification Fails.
2024-02-06 01:48:38,928 - Link Generation Succeeds.
2024-02-06 01:53:45,004 - Victim node is 2176.
2024-02-06 01:53:45,004 - tensor([7650, 7651, 7652], device='cuda:0')
2024-02-06 01:53:45,004 - Classification Fails.
2024-02-06 01:53:45,004 - Link Generation Succeeds.
2024-02-06 01:58:45,869 - Victim node is 1147.
2024-02-06 01:58:45,869 - tensor([ 593, 2198, 4376], device='cuda:0')
2024-02-06 01:58:45,869 - Classification Succeeds.
2024-02-06 01:58:45,869 - Link Generation Fails.
2024-02-06 02:03:47,162 - Victim node is 5122.
2024-02-06 02:03:47,162 - tensor([4237, 7460, 7620], device='cuda:0')
2024-02-06 02:03:47,162 - Classification Succeeds.
2024-02-06 02:03:47,162 - Link Generation Fails.
2024-02-06 02:08:49,324 - Victim node is 1672.
2024-02-06 02:08:49,324 - tensor([ 593, 2198, 4376], device='cuda:0')
2024-02-06 02:08:49,324 - Classification Succeeds.
2024-02-06 02:08:49,324 - Link Generation Fails.
2024-02-06 02:14:00,507 - Victim node is 7553.
2024-02-06 02:14:00,507 - tensor([7650, 7651, 7652], device='cuda:0')
2024-02-06 02:14:00,507 - Classification Fails.
2024-02-06 02:14:00,508 - Link Generation Succeeds.
2024-02-06 02:19:06,923 - Victim node is 5738.
2024-02-06 02:19:06,923 - tensor([7650, 7651, 7652], device='cuda:0')
2024-02-06 02:19:06,923 - Classification Fails.
2024-02-06 02:19:06,923 - Link Generation Succeeds.
2024-02-06 02:24:08,508 - Victim node is 609.
2024-02-06 02:24:08,508 - tensor([ 593, 2198, 4376], device='cuda:0')
2024-02-06 02:24:08,508 - Classification Succeeds.
2024-02-06 02:24:08,508 - Link Generation Fails.
2024-02-06 02:29:11,052 - Victim node is 2332.
2024-02-06 02:29:11,052 - tensor([ 593, 4376, 6702], device='cuda:0')
2024-02-06 02:29:11,053 - Classification Succeeds.
2024-02-06 02:29:11,053 - Link Generation Fails.
2024-02-06 02:34:18,347 - Victim node is 1704.
2024-02-06 02:34:18,347 - tensor([7650, 7651, 7652], device='cuda:0')
2024-02-06 02:34:18,347 - Classification Fails.
2024-02-06 02:34:18,348 - Link Generation Succeeds.
2024-02-06 02:39:20,142 - Victim node is 5779.
2024-02-06 02:39:20,142 - tensor([7650, 7651, 7652], device='cuda:0')
2024-02-06 02:39:20,143 - Classification Succeeds.
2024-02-06 02:39:20,143 - Link Generation Succeeds.
2024-02-06 02:44:21,586 - Victim node is 6582.
2024-02-06 02:44:21,586 - tensor([  80, 4376, 4805], device='cuda:0')
2024-02-06 02:44:21,586 - Classification Succeeds.
2024-02-06 02:44:21,586 - Link Generation Fails.
2024-02-06 02:49:22,971 - Victim node is 6106.
2024-02-06 02:49:22,971 - tensor([ 593, 2198, 2239], device='cuda:0')
2024-02-06 02:49:22,971 - Classification Succeeds.
2024-02-06 02:49:22,971 - Link Generation Fails.
2024-02-06 02:54:24,071 - Victim node is 7389.
2024-02-06 02:54:24,071 - tensor([ 593, 2198, 2239], device='cuda:0')
2024-02-06 02:54:24,071 - Classification Succeeds.
2024-02-06 02:54:24,071 - Link Generation Fails.
2024-02-06 02:59:24,945 - Victim node is 7569.
2024-02-06 02:59:24,945 - tensor([ 593, 2198, 2239], device='cuda:0')
2024-02-06 02:59:24,946 - Classification Succeeds.
2024-02-06 02:59:24,946 - Link Generation Fails.
2024-02-06 03:04:26,081 - Victim node is 5060.
2024-02-06 03:04:26,081 - tensor([7651, 7652, 7653], device='cuda:0')
2024-02-06 03:04:26,081 - Classification Succeeds.
2024-02-06 03:04:26,081 - Link Generation Succeeds.
2024-02-06 03:09:27,367 - Victim node is 2899.
2024-02-06 03:09:27,367 - tensor([7650, 7651, 7652], device='cuda:0')
2024-02-06 03:09:27,367 - Classification Fails.
2024-02-06 03:09:27,367 - Link Generation Succeeds.
2024-02-06 03:14:27,696 - Victim node is 766.
2024-02-06 03:14:27,696 - tensor([ 593, 2239, 4376], device='cuda:0')
2024-02-06 03:14:27,697 - Classification Succeeds.
2024-02-06 03:14:27,697 - Link Generation Fails.
2024-02-06 03:19:29,858 - Victim node is 1006.
2024-02-06 03:19:29,858 - tensor([7650, 7651, 7654], device='cuda:0')
2024-02-06 03:19:29,858 - Classification Fails.
2024-02-06 03:19:29,859 - Link Generation Succeeds.
2024-02-06 03:24:31,296 - Victim node is 6611.
2024-02-06 03:24:31,296 - tensor([ 593, 2198, 2239], device='cuda:0')
2024-02-06 03:24:31,296 - Classification Succeeds.
2024-02-06 03:24:31,296 - Link Generation Fails.
2024-02-06 03:29:32,203 - Victim node is 1112.
2024-02-06 03:29:32,203 - tensor([7650, 7651, 7652], device='cuda:0')
2024-02-06 03:29:32,203 - Classification Succeeds.
2024-02-06 03:29:32,203 - Link Generation Succeeds.
2024-02-06 03:34:34,311 - Victim node is 1473.
2024-02-06 03:34:34,311 - tensor([ 593, 2198, 2239], device='cuda:0')
2024-02-06 03:34:34,311 - Classification Fails.
2024-02-06 03:34:34,311 - Link Generation Fails.
2024-02-06 03:39:35,935 - Victim node is 5834.
2024-02-06 03:39:35,935 - tensor([7650, 7651, 7652], device='cuda:0')
2024-02-06 03:39:35,936 - Classification Fails.
2024-02-06 03:39:35,936 - Link Generation Succeeds.
2024-02-06 03:44:37,850 - Victim node is 5896.
2024-02-06 03:44:37,850 - tensor([ 593, 2198, 2239], device='cuda:0')
2024-02-06 03:44:37,851 - Classification Succeeds.
2024-02-06 03:44:37,851 - Link Generation Fails.
2024-02-06 03:49:38,629 - Victim node is 5025.
2024-02-06 03:49:38,629 - tensor([7650, 7651, 7652], device='cuda:0')
2024-02-06 03:49:38,629 - Classification Fails.
2024-02-06 03:49:38,629 - Link Generation Succeeds.
2024-02-06 03:54:39,919 - Victim node is 5394.
2024-02-06 03:54:39,919 - tensor([4237, 7460, 7620], device='cuda:0')
2024-02-06 03:54:39,919 - Classification Succeeds.
2024-02-06 03:54:39,919 - Link Generation Fails.
2024-02-06 03:59:40,834 - Victim node is 2994.
2024-02-06 03:59:40,835 - tensor([6130, 7460, 7620], device='cuda:0')
2024-02-06 03:59:40,835 - Classification Succeeds.
2024-02-06 03:59:40,835 - Link Generation Fails.
2024-02-06 04:04:42,530 - Victim node is 3055.
2024-02-06 04:04:42,530 - tensor([ 593, 2198, 4376], device='cuda:0')
2024-02-06 04:04:42,531 - Classification Fails.
2024-02-06 04:04:42,531 - Link Generation Fails.
2024-02-06 04:09:43,234 - Victim node is 6934.
2024-02-06 04:09:43,234 - tensor([4237, 7460, 7620], device='cuda:0')
2024-02-06 04:09:43,234 - Classification Succeeds.
2024-02-06 04:09:43,235 - Link Generation Fails.
2024-02-06 04:09:43,235 - Misclassification Rate: 0.3040
2024-02-06 04:09:43,235 - Link Generation Rate: 0.3100
