2024-02-10 00:06:32,062 - Victim node is 5535.
2024-02-10 00:06:32,062 - tensor([2198, 7651, 7652], device='cuda:0')
2024-02-10 00:06:32,065 - Classification Succeeds.
2024-02-10 00:06:32,066 - Link Generation Succeeds.
2024-02-10 00:12:54,233 - Victim node is 4050.
2024-02-10 00:12:54,233 - tensor([ 593, 4376, 6702], device='cuda:0')
2024-02-10 00:12:54,233 - Classification Succeeds.
2024-02-10 00:12:54,234 - Link Generation Fails.
2024-02-10 00:19:15,828 - Victim node is 1900.
2024-02-10 00:19:15,829 - tensor([7650, 7651, 7652], device='cuda:0')
2024-02-10 00:19:15,829 - Classification Fails.
2024-02-10 00:19:15,829 - Link Generation Succeeds.
2024-02-10 00:25:33,540 - Victim node is 3248.
2024-02-10 00:25:33,540 - tensor([7650, 7651, 7652], device='cuda:0')
2024-02-10 00:25:33,540 - Classification Fails.
2024-02-10 00:25:33,540 - Link Generation Succeeds.
2024-02-10 00:31:52,404 - Victim node is 2953.
2024-02-10 00:31:52,404 - tensor([7650, 7651, 7652], device='cuda:0')
2024-02-10 00:31:52,405 - Classification Fails.
2024-02-10 00:31:52,405 - Link Generation Succeeds.
2024-02-10 00:38:12,066 - Victim node is 1192.
2024-02-10 00:38:12,066 - tensor([4237, 7460, 7620], device='cuda:0')
2024-02-10 00:38:12,080 - Classification Succeeds.
2024-02-10 00:38:12,084 - Link Generation Fails.
2024-02-10 00:44:34,140 - Victim node is 2750.
2024-02-10 00:44:34,140 - tensor([ 593, 2198, 2239], device='cuda:0')
2024-02-10 00:44:34,140 - Classification Succeeds.
2024-02-10 00:44:34,140 - Link Generation Fails.
2024-02-10 00:50:56,683 - Victim node is 212.
2024-02-10 00:50:56,683 - tensor([ 593, 2198, 2239], device='cuda:0')
2024-02-10 00:50:56,685 - Classification Succeeds.
2024-02-10 00:50:56,685 - Link Generation Fails.
2024-02-10 00:57:21,018 - Victim node is 99.
2024-02-10 00:57:21,018 - tensor([ 593, 2239, 6702], device='cuda:0')
2024-02-10 00:57:21,018 - Classification Succeeds.
2024-02-10 00:57:21,018 - Link Generation Fails.
2024-02-10 01:03:48,060 - Victim node is 4336.
2024-02-10 01:03:48,060 - tensor([1759, 7460, 7620], device='cuda:0')
2024-02-10 01:03:48,062 - Classification Succeeds.
2024-02-10 01:03:48,065 - Link Generation Fails.
2024-02-10 01:10:14,774 - Victim node is 4123.
2024-02-10 01:10:14,775 - tensor([7650, 7651, 7652], device='cuda:0')
2024-02-10 01:10:14,775 - Classification Succeeds.
2024-02-10 01:10:14,775 - Link Generation Succeeds.
2024-02-10 01:16:30,925 - Victim node is 5713.
2024-02-10 01:16:30,925 - tensor([1759, 7460, 7620], device='cuda:0')
2024-02-10 01:16:30,926 - Classification Succeeds.
2024-02-10 01:16:30,926 - Link Generation Fails.
2024-02-10 01:22:51,353 - Victim node is 6355.
2024-02-10 01:22:51,353 - tensor([7650, 7651, 7652], device='cuda:0')
2024-02-10 01:22:51,365 - Classification Succeeds.
2024-02-10 01:22:51,368 - Link Generation Succeeds.
2024-02-10 01:29:19,619 - Victim node is 3333.
2024-02-10 01:29:19,619 - tensor([7650, 7651, 7652], device='cuda:0')
2024-02-10 01:29:19,619 - Classification Succeeds.
2024-02-10 01:29:19,619 - Link Generation Succeeds.
2024-02-10 01:35:40,159 - Victim node is 3617.
2024-02-10 01:35:40,159 - tensor([ 593, 2198, 4376], device='cuda:0')
2024-02-10 01:35:40,162 - Classification Succeeds.
2024-02-10 01:35:40,163 - Link Generation Fails.
2024-02-10 01:42:02,910 - Victim node is 4933.
2024-02-10 01:42:02,910 - tensor([ 593, 2198, 4376], device='cuda:0')
2024-02-10 01:42:02,910 - Classification Succeeds.
2024-02-10 01:42:02,910 - Link Generation Fails.
2024-02-10 01:48:24,452 - Victim node is 1720.
2024-02-10 01:48:24,452 - tensor([7650, 7651, 7652], device='cuda:0')
2024-02-10 01:48:24,454 - Classification Fails.
2024-02-10 01:48:24,457 - Link Generation Succeeds.
2024-02-10 01:54:49,130 - Victim node is 3498.
2024-02-10 01:54:49,130 - tensor([ 593, 2198, 4376], device='cuda:0')
2024-02-10 01:54:49,133 - Classification Succeeds.
2024-02-10 01:54:49,133 - Link Generation Fails.
2024-02-10 02:01:06,246 - Victim node is 5094.
2024-02-10 02:01:06,247 - tensor([7650, 7651, 7652], device='cuda:0')
2024-02-10 02:01:06,247 - Classification Fails.
2024-02-10 02:01:06,247 - Link Generation Succeeds.
2024-02-10 02:07:27,096 - Victim node is 2229.
2024-02-10 02:07:27,096 - tensor([5132, 6551, 6702], device='cuda:0')
2024-02-10 02:07:27,097 - Classification Succeeds.
2024-02-10 02:07:27,097 - Link Generation Fails.
2024-02-10 02:13:47,335 - Victim node is 5791.
2024-02-10 02:13:47,335 - tensor([2198, 2239, 4376], device='cuda:0')
2024-02-10 02:13:47,342 - Classification Succeeds.
2024-02-10 02:13:47,344 - Link Generation Fails.
2024-02-10 02:20:12,942 - Victim node is 2509.
2024-02-10 02:20:12,942 - tensor([11, 13, 16], device='cuda:0')
2024-02-10 02:20:12,960 - Classification Succeeds.
2024-02-10 02:20:12,965 - Link Generation Fails.
2024-02-10 02:26:32,874 - Victim node is 2395.
2024-02-10 02:26:32,874 - tensor([ 593, 2198, 2239], device='cuda:0')
2024-02-10 02:26:32,874 - Classification Succeeds.
2024-02-10 02:26:32,874 - Link Generation Fails.
2024-02-10 02:32:57,026 - Victim node is 7537.
2024-02-10 02:32:57,026 - tensor([ 593, 2239, 6702], device='cuda:0')
2024-02-10 02:32:57,029 - Classification Succeeds.
2024-02-10 02:32:57,031 - Link Generation Fails.
2024-02-10 02:39:18,267 - Victim node is 704.
2024-02-10 02:39:18,267 - tensor([4646, 6433, 7620], device='cuda:0')
2024-02-10 02:39:18,274 - Classification Succeeds.
2024-02-10 02:39:18,276 - Link Generation Fails.
2024-02-10 02:45:43,587 - Victim node is 5666.
2024-02-10 02:45:43,587 - tensor([7650, 7651, 7652], device='cuda:0')
2024-02-10 02:45:43,587 - Classification Succeeds.
2024-02-10 02:45:43,587 - Link Generation Succeeds.
2024-02-10 02:52:10,688 - Victim node is 2561.
2024-02-10 02:52:10,688 - tensor([ 593, 2198, 4376], device='cuda:0')
2024-02-10 02:52:10,695 - Classification Succeeds.
2024-02-10 02:52:10,698 - Link Generation Fails.
2024-02-10 02:58:33,292 - Victim node is 5866.
2024-02-10 02:58:33,292 - tensor([ 593, 2198, 4376], device='cuda:0')
2024-02-10 02:58:33,295 - Classification Succeeds.
2024-02-10 02:58:33,295 - Link Generation Fails.
2024-02-10 03:05:01,681 - Victim node is 4012.
2024-02-10 03:05:01,681 - tensor([2239, 4376, 7650], device='cuda:0')
2024-02-10 03:05:01,688 - Classification Fails.
2024-02-10 03:05:01,690 - Link Generation Succeeds.
2024-02-10 03:11:22,878 - Victim node is 3810.
2024-02-10 03:11:22,878 - tensor([ 593, 2198, 2239], device='cuda:0')
2024-02-10 03:11:22,878 - Classification Succeeds.
2024-02-10 03:11:22,878 - Link Generation Fails.
2024-02-10 03:17:43,344 - Victim node is 4487.
2024-02-10 03:17:43,344 - tensor([ 593, 2198, 4376], device='cuda:0')
2024-02-10 03:17:43,346 - Classification Succeeds.
2024-02-10 03:17:43,346 - Link Generation Fails.
2024-02-10 03:23:56,727 - Victim node is 3072.
2024-02-10 03:23:56,728 - tensor([ 593, 4376, 6702], device='cuda:0')
2024-02-10 03:23:56,728 - Classification Succeeds.
2024-02-10 03:23:56,728 - Link Generation Fails.
2024-02-10 03:30:22,301 - Victim node is 1534.
2024-02-10 03:30:22,301 - tensor([6130, 7460, 7620], device='cuda:0')
2024-02-10 03:30:22,301 - Classification Succeeds.
2024-02-10 03:30:22,301 - Link Generation Fails.
2024-02-10 03:36:47,510 - Victim node is 7080.
2024-02-10 03:36:47,511 - tensor([7650, 7651, 7652], device='cuda:0')
2024-02-10 03:36:47,513 - Classification Fails.
2024-02-10 03:36:47,515 - Link Generation Succeeds.
2024-02-10 03:43:07,546 - Victim node is 4628.
2024-02-10 03:43:07,546 - tensor([7650, 7651, 7652], device='cuda:0')
2024-02-10 03:43:07,546 - Classification Succeeds.
2024-02-10 03:43:07,546 - Link Generation Succeeds.
2024-02-10 03:49:27,445 - Victim node is 2921.
2024-02-10 03:49:27,445 - tensor([2239, 4376, 4805], device='cuda:0')
2024-02-10 03:49:27,448 - Classification Fails.
2024-02-10 03:49:27,448 - Link Generation Fails.
2024-02-10 03:55:51,271 - Victim node is 4360.
2024-02-10 03:55:51,271 - tensor([7650, 7651, 7652], device='cuda:0')
2024-02-10 03:55:51,271 - Classification Fails.
2024-02-10 03:55:51,271 - Link Generation Succeeds.
2024-02-10 04:02:10,125 - Victim node is 5576.
2024-02-10 04:02:10,125 - tensor([ 593, 2198, 4376], device='cuda:0')
2024-02-10 04:02:10,125 - Classification Succeeds.
2024-02-10 04:02:10,127 - Link Generation Fails.
2024-02-10 04:08:29,882 - Victim node is 7493.
2024-02-10 04:08:29,882 - tensor([7651, 7653, 7654], device='cuda:0')
2024-02-10 04:08:29,882 - Classification Succeeds.
2024-02-10 04:08:29,882 - Link Generation Succeeds.
2024-02-10 04:14:54,962 - Victim node is 2973.
2024-02-10 04:14:54,962 - tensor([2198, 2239, 4376], device='cuda:0')
2024-02-10 04:14:54,965 - Classification Fails.
2024-02-10 04:14:54,965 - Link Generation Fails.
2024-02-10 04:21:28,146 - Victim node is 6032.
2024-02-10 04:21:28,146 - tensor([ 932, 7460, 7620], device='cuda:0')
2024-02-10 04:21:28,146 - Classification Succeeds.
2024-02-10 04:21:28,146 - Link Generation Fails.
2024-02-10 04:27:51,996 - Victim node is 2692.
2024-02-10 04:27:51,996 - tensor([7650, 7651, 7652], device='cuda:0')
2024-02-10 04:27:51,997 - Classification Fails.
2024-02-10 04:27:51,997 - Link Generation Succeeds.
2024-02-10 04:34:15,659 - Victim node is 2676.
2024-02-10 04:34:15,660 - tensor([  80,  593, 2198], device='cuda:0')
2024-02-10 04:34:15,660 - Classification Succeeds.
2024-02-10 04:34:15,662 - Link Generation Fails.
2024-02-10 04:40:38,640 - Victim node is 1750.
2024-02-10 04:40:38,640 - tensor([6130, 7460, 7620], device='cuda:0')
2024-02-10 04:40:38,640 - Classification Succeeds.
2024-02-10 04:40:38,640 - Link Generation Fails.
2024-02-10 04:47:05,704 - Victim node is 5805.
2024-02-10 04:47:05,704 - tensor([7650, 7651, 7652], device='cuda:0')
2024-02-10 04:47:05,717 - Classification Succeeds.
2024-02-10 04:47:05,722 - Link Generation Succeeds.
2024-02-10 04:53:26,538 - Victim node is 4108.
2024-02-10 04:53:26,539 - tensor([7650, 7651, 7652], device='cuda:0')
2024-02-10 04:53:26,539 - Classification Fails.
2024-02-10 04:53:26,539 - Link Generation Succeeds.
2024-02-10 04:59:53,439 - Victim node is 356.
2024-02-10 04:59:53,440 - tensor([7651, 7652, 7654], device='cuda:0')
2024-02-10 04:59:53,440 - Classification Fails.
2024-02-10 04:59:53,440 - Link Generation Succeeds.
2024-02-10 05:06:18,714 - Victim node is 7054.
2024-02-10 05:06:18,714 - tensor([ 593, 4384, 6702], device='cuda:0')
2024-02-10 05:06:18,722 - Classification Succeeds.
2024-02-10 05:06:18,724 - Link Generation Fails.
2024-02-10 05:12:44,344 - Victim node is 5068.
2024-02-10 05:12:44,344 - tensor([7650, 7651, 7652], device='cuda:0')
2024-02-10 05:12:44,351 - Classification Fails.
2024-02-10 05:12:44,353 - Link Generation Succeeds.
2024-02-10 05:19:01,934 - Victim node is 4506.
2024-02-10 05:19:01,934 - tensor([7650, 7651, 7652], device='cuda:0')
2024-02-10 05:19:01,935 - Classification Fails.
2024-02-10 05:19:01,935 - Link Generation Succeeds.
2024-02-10 05:25:27,058 - Victim node is 4511.
2024-02-10 05:25:27,058 - tensor([1058, 4805, 6551], device='cuda:0')
2024-02-10 05:25:27,058 - Classification Succeeds.
2024-02-10 05:25:27,059 - Link Generation Fails.
2024-02-10 05:31:47,941 - Victim node is 405.
2024-02-10 05:31:47,941 - tensor([ 593, 2198, 4376], device='cuda:0')
2024-02-10 05:31:47,941 - Classification Succeeds.
2024-02-10 05:31:47,941 - Link Generation Fails.
2024-02-10 05:38:08,965 - Victim node is 333.
2024-02-10 05:38:08,965 - tensor([7650, 7653, 7654], device='cuda:0')
2024-02-10 05:38:08,973 - Classification Fails.
2024-02-10 05:38:08,975 - Link Generation Succeeds.
2024-02-10 05:44:32,913 - Victim node is 4237.
2024-02-10 05:44:32,913 - tensor([2168, 4646, 7620], device='cuda:0')
2024-02-10 05:44:32,916 - Classification Succeeds.
2024-02-10 05:44:32,917 - Link Generation Fails.
2024-02-10 05:50:53,907 - Victim node is 6873.
2024-02-10 05:50:53,908 - tensor([7650, 7651, 7652], device='cuda:0')
2024-02-10 05:50:53,908 - Classification Fails.
2024-02-10 05:50:53,908 - Link Generation Succeeds.
2024-02-10 05:57:07,075 - Victim node is 6535.
2024-02-10 05:57:07,075 - tensor([ 593, 2198, 2239], device='cuda:0')
2024-02-10 05:57:07,076 - Classification Succeeds.
2024-02-10 05:57:07,076 - Link Generation Fails.
2024-02-10 06:03:28,385 - Victim node is 3349.
2024-02-10 06:03:28,385 - tensor([7650, 7651, 7652], device='cuda:0')
2024-02-10 06:03:28,385 - Classification Fails.
2024-02-10 06:03:28,385 - Link Generation Succeeds.
2024-02-10 06:09:46,161 - Victim node is 330.
2024-02-10 06:09:46,161 - tensor([7650, 7651, 7652], device='cuda:0')
2024-02-10 06:09:46,168 - Classification Fails.
2024-02-10 06:09:46,171 - Link Generation Succeeds.
2024-02-10 06:16:00,177 - Victim node is 5506.
2024-02-10 06:16:00,177 - tensor([7650, 7651, 7652], device='cuda:0')
2024-02-10 06:16:00,178 - Classification Succeeds.
2024-02-10 06:16:00,179 - Link Generation Succeeds.
2024-02-10 06:22:22,882 - Victim node is 4955.
2024-02-10 06:22:22,882 - tensor([7650, 7651, 7652], device='cuda:0')
2024-02-10 06:22:22,892 - Classification Fails.
2024-02-10 06:22:22,898 - Link Generation Succeeds.
2024-02-10 06:28:44,921 - Victim node is 3672.
2024-02-10 06:28:44,922 - tensor([2239, 4805, 6702], device='cuda:0')
2024-02-10 06:28:44,922 - Classification Fails.
2024-02-10 06:28:44,922 - Link Generation Fails.
2024-02-10 06:35:08,853 - Victim node is 3175.
2024-02-10 06:35:08,853 - tensor([7650, 7651, 7652], device='cuda:0')
2024-02-10 06:35:08,860 - Classification Fails.
2024-02-10 06:35:08,863 - Link Generation Succeeds.
2024-02-10 06:41:28,569 - Victim node is 1596.
2024-02-10 06:41:28,569 - tensor([ 593, 2198, 4376], device='cuda:0')
2024-02-10 06:41:28,572 - Classification Succeeds.
2024-02-10 06:41:28,572 - Link Generation Fails.
2024-02-10 06:47:56,311 - Victim node is 2131.
2024-02-10 06:47:56,311 - tensor([ 593, 2198, 2239], device='cuda:0')
2024-02-10 06:47:56,312 - Classification Succeeds.
2024-02-10 06:47:56,312 - Link Generation Fails.
2024-02-10 06:54:30,465 - Victim node is 3445.
2024-02-10 06:54:30,465 - tensor([1058, 4384, 5404], device='cuda:0')
2024-02-10 06:54:30,465 - Classification Succeeds.
2024-02-10 06:54:30,465 - Link Generation Fails.
2024-02-10 07:00:59,277 - Victim node is 4551.
2024-02-10 07:00:59,277 - tensor([7650, 7653, 7654], device='cuda:0')
2024-02-10 07:00:59,278 - Classification Fails.
2024-02-10 07:00:59,278 - Link Generation Succeeds.
2024-02-10 07:07:23,944 - Victim node is 2001.
2024-02-10 07:07:23,944 - tensor([7650, 7651, 7652], device='cuda:0')
2024-02-10 07:07:23,944 - Classification Fails.
2024-02-10 07:07:23,944 - Link Generation Succeeds.
2024-02-10 07:13:53,994 - Victim node is 2040.
2024-02-10 07:13:53,994 - tensor([ 593, 2198, 7653], device='cuda:0')
2024-02-10 07:13:53,994 - Classification Succeeds.
2024-02-10 07:13:53,994 - Link Generation Succeeds.
2024-02-10 07:20:20,235 - Victim node is 6500.
2024-02-10 07:20:20,235 - tensor([2198, 4376, 6702], device='cuda:0')
2024-02-10 07:20:20,236 - Classification Succeeds.
2024-02-10 07:20:20,236 - Link Generation Fails.
2024-02-10 07:26:44,004 - Victim node is 1910.
2024-02-10 07:26:44,004 - tensor([ 593, 2198, 4376], device='cuda:0')
2024-02-10 07:26:44,005 - Classification Succeeds.
2024-02-10 07:26:44,005 - Link Generation Fails.
2024-02-10 07:33:00,706 - Victim node is 1199.
2024-02-10 07:33:00,707 - tensor([ 593, 2198, 4376], device='cuda:0')
2024-02-10 07:33:00,707 - Classification Succeeds.
2024-02-10 07:33:00,707 - Link Generation Fails.
2024-02-10 07:39:23,791 - Victim node is 7177.
2024-02-10 07:39:23,791 - tensor([ 593, 2198, 4376], device='cuda:0')
2024-02-10 07:39:23,798 - Classification Succeeds.
2024-02-10 07:39:23,801 - Link Generation Fails.
2024-02-10 07:45:51,090 - Victim node is 6472.
2024-02-10 07:45:51,090 - tensor([ 932, 4237, 7460], device='cuda:0')
2024-02-10 07:45:51,090 - Classification Succeeds.
2024-02-10 07:45:51,090 - Link Generation Fails.
2024-02-10 07:52:17,150 - Victim node is 6137.
2024-02-10 07:52:17,150 - tensor([ 593, 5404, 6702], device='cuda:0')
2024-02-10 07:52:17,153 - Classification Succeeds.
2024-02-10 07:52:17,153 - Link Generation Fails.
2024-02-10 07:58:43,893 - Victim node is 6465.
2024-02-10 07:58:43,893 - tensor([ 593, 2198, 4376], device='cuda:0')
2024-02-10 07:58:43,893 - Classification Succeeds.
2024-02-10 07:58:43,893 - Link Generation Fails.
2024-02-10 08:05:12,883 - Victim node is 160.
2024-02-10 08:05:12,883 - tensor([7650, 7651, 7652], device='cuda:0')
2024-02-10 08:05:12,887 - Classification Succeeds.
2024-02-10 08:05:12,887 - Link Generation Succeeds.
2024-02-10 08:11:30,650 - Victim node is 6380.
2024-02-10 08:11:30,650 - tensor([ 593, 2198, 2239], device='cuda:0')
2024-02-10 08:11:30,654 - Classification Succeeds.
2024-02-10 08:11:30,654 - Link Generation Fails.
2024-02-10 08:17:57,224 - Victim node is 6912.
2024-02-10 08:17:57,224 - tensor([  80, 1102, 3502], device='cuda:0')
2024-02-10 08:17:57,224 - Classification Fails.
2024-02-10 08:17:57,224 - Link Generation Fails.
2024-02-10 08:24:20,332 - Victim node is 2556.
2024-02-10 08:24:20,332 - tensor([ 593, 2198, 2239], device='cuda:0')
2024-02-10 08:24:20,333 - Classification Succeeds.
2024-02-10 08:24:20,333 - Link Generation Fails.
2024-02-10 08:30:46,624 - Victim node is 6356.
2024-02-10 08:30:46,624 - tensor([6130, 7460, 7620], device='cuda:0')
2024-02-10 08:30:46,625 - Classification Succeeds.
2024-02-10 08:30:46,625 - Link Generation Fails.
2024-02-10 08:37:04,720 - Victim node is 2217.
2024-02-10 08:37:04,721 - tensor([7650, 7651, 7652], device='cuda:0')
2024-02-10 08:37:04,722 - Classification Succeeds.
2024-02-10 08:37:04,722 - Link Generation Succeeds.
2024-02-10 08:43:36,858 - Victim node is 7146.
2024-02-10 08:43:36,858 - tensor([7651, 7652, 7653], device='cuda:0')
2024-02-10 08:43:36,859 - Classification Fails.
2024-02-10 08:43:36,859 - Link Generation Succeeds.
2024-02-10 08:49:56,027 - Victim node is 4127.
2024-02-10 08:49:56,028 - tensor([2198, 2239, 4376], device='cuda:0')
2024-02-10 08:49:56,030 - Classification Succeeds.
2024-02-10 08:49:56,032 - Link Generation Fails.
2024-02-10 08:56:17,864 - Victim node is 2181.
2024-02-10 08:56:17,864 - tensor([7650, 7651, 7652], device='cuda:0')
2024-02-10 08:56:17,866 - Classification Fails.
2024-02-10 08:56:17,869 - Link Generation Succeeds.
2024-02-10 09:02:45,283 - Victim node is 7282.
2024-02-10 09:02:45,283 - tensor([4237, 7460, 7620], device='cuda:0')
2024-02-10 09:02:45,284 - Classification Succeeds.
2024-02-10 09:02:45,284 - Link Generation Fails.
2024-02-10 09:09:11,997 - Victim node is 5753.
2024-02-10 09:09:11,997 - tensor([ 593, 2198, 4376], device='cuda:0')
2024-02-10 09:09:11,999 - Classification Succeeds.
2024-02-10 09:09:11,999 - Link Generation Fails.
2024-02-10 09:15:30,514 - Victim node is 681.
2024-02-10 09:15:30,514 - tensor([7650, 7651, 7652], device='cuda:0')
2024-02-10 09:15:30,531 - Classification Succeeds.
2024-02-10 09:15:30,536 - Link Generation Succeeds.
2024-02-10 09:21:52,913 - Victim node is 2584.
2024-02-10 09:21:52,913 - tensor([ 593, 2198, 2239], device='cuda:0')
2024-02-10 09:21:52,916 - Classification Fails.
2024-02-10 09:21:52,918 - Link Generation Fails.
2024-02-10 09:28:13,304 - Victim node is 6508.
2024-02-10 09:28:13,305 - tensor([ 593, 2198, 4376], device='cuda:0')
2024-02-10 09:28:13,305 - Classification Succeeds.
2024-02-10 09:28:13,305 - Link Generation Fails.
2024-02-10 09:34:39,562 - Victim node is 5019.
2024-02-10 09:34:39,562 - tensor([7650, 7651, 7652], device='cuda:0')
2024-02-10 09:34:39,566 - Classification Fails.
2024-02-10 09:34:39,566 - Link Generation Succeeds.
2024-02-10 09:40:59,220 - Victim node is 4945.
2024-02-10 09:40:59,220 - tensor([ 9, 11, 13], device='cuda:0')
2024-02-10 09:40:59,224 - Classification Succeeds.
2024-02-10 09:40:59,227 - Link Generation Fails.
2024-02-10 09:47:22,061 - Victim node is 2519.
2024-02-10 09:47:22,061 - tensor([2198, 2239, 4376], device='cuda:0')
2024-02-10 09:47:22,062 - Classification Succeeds.
2024-02-10 09:47:22,062 - Link Generation Fails.
2024-02-10 09:53:42,885 - Victim node is 3743.
2024-02-10 09:53:42,885 - tensor([7650, 7652, 7653], device='cuda:0')
2024-02-10 09:53:42,887 - Classification Fails.
2024-02-10 09:53:42,889 - Link Generation Succeeds.
2024-02-10 10:00:03,685 - Victim node is 509.
2024-02-10 10:00:03,685 - tensor([ 593, 2198, 4376], device='cuda:0')
2024-02-10 10:00:03,685 - Classification Fails.
2024-02-10 10:00:03,685 - Link Generation Fails.
2024-02-10 10:06:26,552 - Victim node is 4155.
2024-02-10 10:06:26,552 - tensor([  80,  593, 6702], device='cuda:0')
2024-02-10 10:06:26,552 - Classification Succeeds.
2024-02-10 10:06:26,552 - Link Generation Fails.
2024-02-10 10:12:56,660 - Victim node is 3435.
2024-02-10 10:12:56,660 - tensor([ 593, 2198, 4376], device='cuda:0')
2024-02-10 10:12:56,662 - Classification Succeeds.
2024-02-10 10:12:56,665 - Link Generation Fails.
2024-02-10 10:19:22,817 - Victim node is 4756.
2024-02-10 10:19:22,817 - tensor([ 932, 7460, 7620], device='cuda:0')
2024-02-10 10:19:22,824 - Classification Succeeds.
2024-02-10 10:19:22,828 - Link Generation Fails.
2024-02-10 10:25:46,690 - Victim node is 6130.
2024-02-10 10:25:46,690 - tensor([7650, 7651, 7652], device='cuda:0')
2024-02-10 10:25:46,690 - Classification Succeeds.
2024-02-10 10:25:46,690 - Link Generation Succeeds.
2024-02-10 10:32:13,199 - Victim node is 1845.
2024-02-10 10:32:13,200 - tensor([7650, 7651, 7652], device='cuda:0')
2024-02-10 10:32:13,211 - Classification Fails.
2024-02-10 10:32:13,214 - Link Generation Succeeds.
2024-02-10 10:38:40,113 - Victim node is 2411.
2024-02-10 10:38:40,113 - tensor([3200, 6433, 7620], device='cuda:0')
2024-02-10 10:38:40,114 - Classification Succeeds.
2024-02-10 10:38:40,114 - Link Generation Fails.
2024-02-10 10:45:10,292 - Victim node is 1601.
2024-02-10 10:45:10,292 - tensor([ 593, 2198, 4376], device='cuda:0')
2024-02-10 10:45:10,292 - Classification Succeeds.
2024-02-10 10:45:10,293 - Link Generation Fails.
2024-02-10 10:51:39,374 - Victim node is 2305.
2024-02-10 10:51:39,374 - tensor([6130, 7460, 7620], device='cuda:0')
2024-02-10 10:51:39,374 - Classification Succeeds.
2024-02-10 10:51:39,374 - Link Generation Fails.
2024-02-10 10:58:05,989 - Victim node is 5946.
2024-02-10 10:58:05,989 - tensor([4237, 7460, 7620], device='cuda:0')
2024-02-10 10:58:05,989 - Classification Succeeds.
2024-02-10 10:58:05,989 - Link Generation Fails.
2024-02-10 11:04:26,192 - Victim node is 621.
2024-02-10 11:04:26,192 - tensor([7650, 7651, 7652], device='cuda:0')
2024-02-10 11:04:26,195 - Classification Succeeds.
2024-02-10 11:04:26,195 - Link Generation Succeeds.
2024-02-10 11:10:49,301 - Victim node is 4361.
2024-02-10 11:10:49,301 - tensor([7650, 7651, 7652], device='cuda:0')
2024-02-10 11:10:49,301 - Classification Fails.
2024-02-10 11:10:49,302 - Link Generation Succeeds.
2024-02-10 11:17:12,145 - Victim node is 4995.
2024-02-10 11:17:12,145 - tensor([4237, 7460, 7620], device='cuda:0')
2024-02-10 11:17:12,145 - Classification Succeeds.
2024-02-10 11:17:12,145 - Link Generation Fails.
2024-02-10 11:23:37,731 - Victim node is 411.
2024-02-10 11:23:37,731 - tensor([ 593, 4376, 6702], device='cuda:0')
2024-02-10 11:23:37,731 - Classification Succeeds.
2024-02-10 11:23:37,731 - Link Generation Fails.
2024-02-10 11:30:01,081 - Victim node is 2062.
2024-02-10 11:30:01,081 - tensor([ 593, 2198, 4376], device='cuda:0')
2024-02-10 11:30:01,081 - Classification Succeeds.
2024-02-10 11:30:01,081 - Link Generation Fails.
2024-02-10 11:36:27,284 - Victim node is 2770.
2024-02-10 11:36:27,284 - tensor([ 593, 2239, 6702], device='cuda:0')
2024-02-10 11:36:27,284 - Classification Succeeds.
2024-02-10 11:36:27,284 - Link Generation Fails.
2024-02-10 11:42:51,871 - Victim node is 7039.
2024-02-10 11:42:51,871 - tensor([2198, 7651, 7654], device='cuda:0')
2024-02-10 11:42:51,871 - Classification Succeeds.
2024-02-10 11:42:51,871 - Link Generation Succeeds.
2024-02-10 11:49:19,333 - Victim node is 6396.
2024-02-10 11:49:19,333 - tensor([4237, 7460, 7620], device='cuda:0')
2024-02-10 11:49:19,334 - Classification Succeeds.
2024-02-10 11:49:19,334 - Link Generation Fails.
2024-02-10 11:55:40,170 - Victim node is 372.
2024-02-10 11:55:40,170 - tensor([ 593, 4376, 6702], device='cuda:0')
2024-02-10 11:55:40,171 - Classification Succeeds.
2024-02-10 11:55:40,171 - Link Generation Fails.
2024-02-10 12:02:02,218 - Victim node is 3234.
2024-02-10 12:02:02,218 - tensor([3895, 4384, 6551], device='cuda:0')
2024-02-10 12:02:02,219 - Classification Succeeds.
2024-02-10 12:02:02,219 - Link Generation Fails.
2024-02-10 12:08:19,485 - Victim node is 6598.
2024-02-10 12:08:19,485 - tensor([11, 13, 16], device='cuda:0')
2024-02-10 12:08:19,485 - Classification Succeeds.
2024-02-10 12:08:19,485 - Link Generation Fails.
2024-02-10 12:14:45,755 - Victim node is 7307.
2024-02-10 12:14:45,755 - tensor([ 593, 2198, 4376], device='cuda:0')
2024-02-10 12:14:45,755 - Classification Succeeds.
2024-02-10 12:14:45,755 - Link Generation Fails.
2024-02-10 12:21:13,362 - Victim node is 6590.
2024-02-10 12:21:13,363 - tensor([4237, 7460, 7620], device='cuda:0')
2024-02-10 12:21:13,363 - Classification Fails.
2024-02-10 12:21:13,363 - Link Generation Fails.
2024-02-10 12:27:35,637 - Victim node is 6696.
2024-02-10 12:27:35,637 - tensor([ 593, 2198, 2239], device='cuda:0')
2024-02-10 12:27:35,647 - Classification Succeeds.
2024-02-10 12:27:35,652 - Link Generation Fails.
2024-02-10 12:33:55,636 - Victim node is 2193.
2024-02-10 12:33:55,636 - tensor([2198, 2239, 4376], device='cuda:0')
2024-02-10 12:33:55,636 - Classification Succeeds.
2024-02-10 12:33:55,636 - Link Generation Fails.
2024-02-10 12:40:11,808 - Victim node is 3612.
2024-02-10 12:40:11,808 - tensor([ 593, 2198, 2239], device='cuda:0')
2024-02-10 12:40:11,808 - Classification Succeeds.
2024-02-10 12:40:11,809 - Link Generation Fails.
2024-02-10 12:46:31,999 - Victim node is 5619.
2024-02-10 12:46:31,999 - tensor([7650, 7651, 7652], device='cuda:0')
2024-02-10 12:46:32,006 - Classification Fails.
2024-02-10 12:46:32,008 - Link Generation Succeeds.
2024-02-10 12:52:56,204 - Victim node is 4949.
2024-02-10 12:52:56,204 - tensor([ 593, 2198, 4376], device='cuda:0')
2024-02-10 12:52:56,205 - Classification Succeeds.
2024-02-10 12:52:56,205 - Link Generation Fails.
2024-02-10 12:59:21,031 - Victim node is 669.
2024-02-10 12:59:21,031 - tensor([ 593, 2239, 4376], device='cuda:0')
2024-02-10 12:59:21,038 - Classification Succeeds.
2024-02-10 12:59:21,040 - Link Generation Fails.
2024-02-10 13:05:50,582 - Victim node is 7313.
2024-02-10 13:05:50,582 - tensor([ 593, 2198, 4376], device='cuda:0')
2024-02-10 13:05:50,582 - Classification Fails.
2024-02-10 13:05:50,583 - Link Generation Fails.
2024-02-10 13:12:18,604 - Victim node is 4720.
2024-02-10 13:12:18,604 - tensor([7650, 7651, 7652], device='cuda:0')
2024-02-10 13:12:18,611 - Classification Fails.
2024-02-10 13:12:18,613 - Link Generation Succeeds.
2024-02-10 13:18:47,788 - Victim node is 5161.
2024-02-10 13:18:47,788 - tensor([7650, 7651, 7652], device='cuda:0')
2024-02-10 13:18:47,788 - Classification Fails.
2024-02-10 13:18:47,788 - Link Generation Succeeds.
2024-02-10 13:25:09,053 - Victim node is 2879.
2024-02-10 13:25:09,053 - tensor([ 593, 2198, 4376], device='cuda:0')
2024-02-10 13:25:09,060 - Classification Succeeds.
2024-02-10 13:25:09,062 - Link Generation Fails.
2024-02-10 13:31:34,919 - Victim node is 1562.
2024-02-10 13:31:34,919 - tensor([ 593, 2198, 2239], device='cuda:0')
2024-02-10 13:31:34,934 - Classification Succeeds.
2024-02-10 13:31:34,939 - Link Generation Fails.
2024-02-10 13:38:00,761 - Victim node is 6291.
2024-02-10 13:38:00,761 - tensor([7651, 7652, 7654], device='cuda:0')
2024-02-10 13:38:00,761 - Classification Fails.
2024-02-10 13:38:00,761 - Link Generation Succeeds.
2024-02-10 13:44:25,468 - Victim node is 3062.
2024-02-10 13:44:25,468 - tensor([2198, 2239, 4376], device='cuda:0')
2024-02-10 13:44:25,468 - Classification Succeeds.
2024-02-10 13:44:25,468 - Link Generation Fails.
2024-02-10 13:50:49,539 - Victim node is 898.
2024-02-10 13:50:49,539 - tensor([ 593, 2198, 2239], device='cuda:0')
2024-02-10 13:50:49,539 - Classification Succeeds.
2024-02-10 13:50:49,539 - Link Generation Fails.
2024-02-10 13:57:06,971 - Victim node is 3000.
2024-02-10 13:57:06,971 - tensor([4237, 7460, 7620], device='cuda:0')
2024-02-10 13:57:06,972 - Classification Succeeds.
2024-02-10 13:57:06,972 - Link Generation Fails.
2024-02-10 14:03:31,836 - Victim node is 5330.
2024-02-10 14:03:31,836 - tensor([4376, 4384, 5404], device='cuda:0')
2024-02-10 14:03:31,836 - Classification Succeeds.
2024-02-10 14:03:31,837 - Link Generation Fails.
2024-02-10 14:09:54,390 - Victim node is 2668.
2024-02-10 14:09:54,390 - tensor([1759, 2260, 7460], device='cuda:0')
2024-02-10 14:09:54,390 - Classification Succeeds.
2024-02-10 14:09:54,390 - Link Generation Fails.
2024-02-10 14:16:18,063 - Victim node is 6098.
2024-02-10 14:16:18,064 - tensor([ 593, 2239, 6702], device='cuda:0')
2024-02-10 14:16:18,065 - Classification Succeeds.
2024-02-10 14:16:18,067 - Link Generation Fails.
2024-02-10 14:22:40,340 - Victim node is 5181.
2024-02-10 14:22:40,340 - tensor([ 593, 2198, 2239], device='cuda:0')
2024-02-10 14:22:40,341 - Classification Succeeds.
2024-02-10 14:22:40,343 - Link Generation Fails.
2024-02-10 14:29:10,046 - Victim node is 4226.
2024-02-10 14:29:10,046 - tensor([1759, 6130, 7620], device='cuda:0')
2024-02-10 14:29:10,048 - Classification Succeeds.
2024-02-10 14:29:10,049 - Link Generation Fails.
2024-02-10 14:35:30,662 - Victim node is 1897.
2024-02-10 14:35:30,662 - tensor([7650, 7651, 7652], device='cuda:0')
2024-02-10 14:35:30,666 - Classification Fails.
2024-02-10 14:35:30,668 - Link Generation Succeeds.
2024-02-10 14:41:57,712 - Victim node is 2715.
2024-02-10 14:41:57,712 - tensor([4237, 7460, 7620], device='cuda:0')
2024-02-10 14:41:57,719 - Classification Succeeds.
2024-02-10 14:41:57,721 - Link Generation Fails.
2024-02-10 14:48:23,858 - Victim node is 7478.
2024-02-10 14:48:23,858 - tensor([2198, 2239, 4376], device='cuda:0')
2024-02-10 14:48:23,867 - Classification Succeeds.
2024-02-10 14:48:23,869 - Link Generation Fails.
2024-02-10 14:54:51,913 - Victim node is 5913.
2024-02-10 14:54:51,913 - tensor([7650, 7651, 7652], device='cuda:0')
2024-02-10 14:54:51,914 - Classification Fails.
2024-02-10 14:54:51,914 - Link Generation Succeeds.
2024-02-10 15:01:19,026 - Victim node is 2448.
2024-02-10 15:01:19,026 - tensor([7650, 7651, 7652], device='cuda:0')
2024-02-10 15:01:19,029 - Classification Succeeds.
2024-02-10 15:01:19,030 - Link Generation Succeeds.
2024-02-10 15:07:43,057 - Victim node is 2091.
2024-02-10 15:07:43,057 - tensor([ 593, 2198, 2239], device='cuda:0')
2024-02-10 15:07:43,057 - Classification Fails.
2024-02-10 15:07:43,057 - Link Generation Fails.
2024-02-10 15:14:08,156 - Victim node is 4731.
2024-02-10 15:14:08,157 - tensor([ 593, 2198, 4376], device='cuda:0')
2024-02-10 15:14:08,157 - Classification Succeeds.
2024-02-10 15:14:08,157 - Link Generation Fails.
2024-02-10 15:20:30,061 - Victim node is 3105.
2024-02-10 15:20:30,061 - tensor([2239, 4376, 6702], device='cuda:0')
2024-02-10 15:20:30,061 - Classification Succeeds.
2024-02-10 15:20:30,061 - Link Generation Fails.
2024-02-10 15:26:54,003 - Victim node is 1761.
2024-02-10 15:26:54,003 - tensor([  80,  593, 2198], device='cuda:0')
2024-02-10 15:26:54,012 - Classification Succeeds.
2024-02-10 15:26:54,014 - Link Generation Fails.
2024-02-10 15:33:19,555 - Victim node is 3286.
2024-02-10 15:33:19,555 - tensor([ 593, 2198, 4376], device='cuda:0')
2024-02-10 15:33:19,564 - Classification Succeeds.
2024-02-10 15:33:19,567 - Link Generation Fails.
2024-02-10 15:39:48,397 - Victim node is 870.
2024-02-10 15:39:48,398 - tensor([7650, 7651, 7652], device='cuda:0')
2024-02-10 15:39:48,400 - Classification Fails.
2024-02-10 15:39:48,401 - Link Generation Succeeds.
2024-02-10 15:46:10,951 - Victim node is 1529.
2024-02-10 15:46:10,951 - tensor([ 593, 2198, 4376], device='cuda:0')
2024-02-10 15:46:10,953 - Classification Succeeds.
2024-02-10 15:46:10,954 - Link Generation Fails.
2024-02-10 15:52:41,785 - Victim node is 5597.
2024-02-10 15:52:41,786 - tensor([ 593, 2198, 4376], device='cuda:0')
2024-02-10 15:52:41,788 - Classification Succeeds.
2024-02-10 15:52:41,789 - Link Generation Fails.
2024-02-10 15:59:03,559 - Victim node is 2597.
2024-02-10 15:59:03,559 - tensor([7650, 7651, 7652], device='cuda:0')
2024-02-10 15:59:03,560 - Classification Succeeds.
2024-02-10 15:59:03,562 - Link Generation Succeeds.
2024-02-10 16:05:31,759 - Victim node is 7574.
2024-02-10 16:05:31,759 - tensor([4663, 7460, 7620], device='cuda:0')
2024-02-10 16:05:31,771 - Classification Succeeds.
2024-02-10 16:05:31,773 - Link Generation Fails.
2024-02-10 16:11:58,770 - Victim node is 495.
2024-02-10 16:11:58,770 - tensor([ 593, 1058, 2198], device='cuda:0')
2024-02-10 16:11:58,777 - Classification Succeeds.
2024-02-10 16:11:58,780 - Link Generation Fails.
2024-02-10 16:18:27,511 - Victim node is 646.
2024-02-10 16:18:27,511 - tensor([7650, 7651, 7652], device='cuda:0')
2024-02-10 16:18:27,511 - Classification Fails.
2024-02-10 16:18:27,511 - Link Generation Succeeds.
2024-02-10 16:24:44,652 - Victim node is 2809.
2024-02-10 16:24:44,652 - tensor([ 593, 2198, 2239], device='cuda:0')
2024-02-10 16:24:44,653 - Classification Succeeds.
2024-02-10 16:24:44,653 - Link Generation Fails.
2024-02-10 16:31:10,111 - Victim node is 4011.
2024-02-10 16:31:10,111 - tensor([7650, 7651, 7652], device='cuda:0')
2024-02-10 16:31:10,114 - Classification Fails.
2024-02-10 16:31:10,114 - Link Generation Succeeds.
2024-02-10 16:37:37,710 - Victim node is 5317.
2024-02-10 16:37:37,710 - tensor([7650, 7651, 7652], device='cuda:0')
2024-02-10 16:37:37,710 - Classification Fails.
2024-02-10 16:37:37,711 - Link Generation Succeeds.
2024-02-10 16:44:05,277 - Victim node is 4505.
2024-02-10 16:44:05,277 - tensor([6130, 7460, 7620], device='cuda:0')
2024-02-10 16:44:05,277 - Classification Succeeds.
2024-02-10 16:44:05,277 - Link Generation Fails.
2024-02-10 16:50:31,467 - Victim node is 1498.
2024-02-10 16:50:31,467 - tensor([2198, 2239, 4376], device='cuda:0')
2024-02-10 16:50:31,473 - Classification Succeeds.
2024-02-10 16:50:31,477 - Link Generation Fails.
2024-02-10 16:56:53,922 - Victim node is 2812.
2024-02-10 16:56:53,922 - tensor([4376, 4805, 6702], device='cuda:0')
2024-02-10 16:56:53,924 - Classification Succeeds.
2024-02-10 16:56:53,927 - Link Generation Fails.
2024-02-10 17:03:10,918 - Victim node is 729.
2024-02-10 17:03:10,918 - tensor([7650, 7651, 7652], device='cuda:0')
2024-02-10 17:03:10,919 - Classification Fails.
2024-02-10 17:03:10,919 - Link Generation Succeeds.
2024-02-10 17:09:29,629 - Victim node is 3226.
2024-02-10 17:09:29,629 - tensor([  80, 4805, 5881], device='cuda:0')
2024-02-10 17:09:29,630 - Classification Succeeds.
2024-02-10 17:09:29,630 - Link Generation Fails.
2024-02-10 17:15:56,199 - Victim node is 5979.
2024-02-10 17:15:56,199 - tensor([1058, 4384, 6551], device='cuda:0')
2024-02-10 17:15:56,199 - Classification Succeeds.
2024-02-10 17:15:56,199 - Link Generation Fails.
2024-02-10 17:22:16,809 - Victim node is 5415.
2024-02-10 17:22:16,809 - tensor([  80, 5132, 6551], device='cuda:0')
2024-02-10 17:22:16,809 - Classification Succeeds.
2024-02-10 17:22:16,809 - Link Generation Fails.
2024-02-10 17:28:37,940 - Victim node is 6174.
2024-02-10 17:28:37,940 - tensor([7650, 7651, 7654], device='cuda:0')
2024-02-10 17:28:37,940 - Classification Fails.
2024-02-10 17:28:37,940 - Link Generation Succeeds.
2024-02-10 17:35:02,800 - Victim node is 1992.
2024-02-10 17:35:02,800 - tensor([7650, 7651, 7653], device='cuda:0')
2024-02-10 17:35:02,800 - Classification Fails.
2024-02-10 17:35:02,800 - Link Generation Succeeds.
2024-02-10 17:41:23,978 - Victim node is 1187.
2024-02-10 17:41:23,978 - tensor([7650, 7651, 7652], device='cuda:0')
2024-02-10 17:41:23,987 - Classification Fails.
2024-02-10 17:41:23,991 - Link Generation Succeeds.
2024-02-10 17:47:38,751 - Victim node is 2002.
2024-02-10 17:47:38,751 - tensor([7650, 7651, 7652], device='cuda:0')
2024-02-10 17:47:38,752 - Classification Fails.
2024-02-10 17:47:38,752 - Link Generation Succeeds.
2024-02-10 17:54:01,188 - Victim node is 3468.
2024-02-10 17:54:01,188 - tensor([4237, 7460, 7620], device='cuda:0')
2024-02-10 17:54:01,188 - Classification Succeeds.
2024-02-10 17:54:01,188 - Link Generation Fails.
2024-02-10 18:00:26,862 - Victim node is 47.
2024-02-10 18:00:26,862 - tensor([ 593, 2198, 2239], device='cuda:0')
2024-02-10 18:00:26,863 - Classification Succeeds.
2024-02-10 18:00:26,863 - Link Generation Fails.
2024-02-10 18:06:49,846 - Victim node is 1680.
2024-02-10 18:06:49,846 - tensor([4237, 7460, 7620], device='cuda:0')
2024-02-10 18:06:49,847 - Classification Succeeds.
2024-02-10 18:06:49,847 - Link Generation Fails.
2024-02-10 18:13:09,667 - Victim node is 107.
2024-02-10 18:13:09,667 - tensor([ 593, 2198, 4376], device='cuda:0')
2024-02-10 18:13:09,668 - Classification Succeeds.
2024-02-10 18:13:09,668 - Link Generation Fails.
2024-02-10 18:19:29,588 - Victim node is 6681.
2024-02-10 18:19:29,588 - tensor([7650, 7651, 7652], device='cuda:0')
2024-02-10 18:19:29,589 - Classification Fails.
2024-02-10 18:19:29,589 - Link Generation Succeeds.
2024-02-10 18:25:48,910 - Victim node is 7099.
2024-02-10 18:25:48,911 - tensor([7650, 7651, 7652], device='cuda:0')
2024-02-10 18:25:48,917 - Classification Succeeds.
2024-02-10 18:25:48,920 - Link Generation Succeeds.
2024-02-10 18:32:10,480 - Victim node is 3943.
2024-02-10 18:32:10,480 - tensor([7650, 7651, 7652], device='cuda:0')
2024-02-10 18:32:10,481 - Classification Succeeds.
2024-02-10 18:32:10,481 - Link Generation Succeeds.
2024-02-10 18:38:37,472 - Victim node is 7009.
2024-02-10 18:38:37,472 - tensor([7650, 7651, 7652], device='cuda:0')
2024-02-10 18:38:37,473 - Classification Fails.
2024-02-10 18:38:37,473 - Link Generation Succeeds.
2024-02-10 18:45:06,939 - Victim node is 5716.
2024-02-10 18:45:06,939 - tensor([ 593, 2198, 2239], device='cuda:0')
2024-02-10 18:45:06,950 - Classification Succeeds.
2024-02-10 18:45:06,952 - Link Generation Fails.
2024-02-10 18:51:31,527 - Victim node is 3382.
2024-02-10 18:51:31,527 - tensor([ 593, 2198, 2239], device='cuda:0')
2024-02-10 18:51:31,531 - Classification Succeeds.
2024-02-10 18:51:31,532 - Link Generation Fails.
2024-02-10 18:57:52,778 - Victim node is 2980.
2024-02-10 18:57:52,778 - tensor([ 593, 2198, 6702], device='cuda:0')
2024-02-10 18:57:52,778 - Classification Fails.
2024-02-10 18:57:52,778 - Link Generation Fails.
2024-02-10 19:04:18,463 - Victim node is 1513.
2024-02-10 19:04:18,463 - tensor([  80, 1058, 4384], device='cuda:0')
2024-02-10 19:04:18,463 - Classification Succeeds.
2024-02-10 19:04:18,465 - Link Generation Fails.
2024-02-10 19:10:40,472 - Victim node is 1997.
2024-02-10 19:10:40,472 - tensor([  80,  593, 4384], device='cuda:0')
2024-02-10 19:10:40,473 - Classification Succeeds.
2024-02-10 19:10:40,473 - Link Generation Fails.
2024-02-10 19:17:00,288 - Victim node is 4544.
2024-02-10 19:17:00,288 - tensor([1759, 7460, 7620], device='cuda:0')
2024-02-10 19:17:00,295 - Classification Succeeds.
2024-02-10 19:17:00,299 - Link Generation Fails.
2024-02-10 19:23:19,751 - Victim node is 7430.
2024-02-10 19:23:19,751 - tensor([7650, 7651, 7652], device='cuda:0')
2024-02-10 19:23:19,754 - Classification Fails.
2024-02-10 19:23:19,755 - Link Generation Succeeds.
2024-02-10 19:29:44,042 - Victim node is 986.
2024-02-10 19:29:44,042 - tensor([ 593, 2239, 6702], device='cuda:0')
2024-02-10 19:29:44,043 - Classification Fails.
2024-02-10 19:29:44,043 - Link Generation Fails.
2024-02-10 19:36:04,874 - Victim node is 5072.
2024-02-10 19:36:04,874 - tensor([ 593, 2198, 4376], device='cuda:0')
2024-02-10 19:36:04,881 - Classification Succeeds.
2024-02-10 19:36:04,884 - Link Generation Fails.
2024-02-10 19:42:27,510 - Victim node is 1114.
2024-02-10 19:42:27,510 - tensor([ 593, 2198, 4376], device='cuda:0')
2024-02-10 19:42:27,511 - Classification Succeeds.
2024-02-10 19:42:27,511 - Link Generation Fails.
2024-02-10 19:48:48,503 - Victim node is 4640.
2024-02-10 19:48:48,503 - tensor([7650, 7651, 7652], device='cuda:0')
2024-02-10 19:48:48,517 - Classification Fails.
2024-02-10 19:48:48,519 - Link Generation Succeeds.
2024-02-10 19:55:11,023 - Victim node is 7542.
2024-02-10 19:55:11,023 - tensor([4237, 7460, 7620], device='cuda:0')
2024-02-10 19:55:11,025 - Classification Succeeds.
2024-02-10 19:55:11,027 - Link Generation Fails.
2024-02-10 20:01:35,777 - Victim node is 5345.
2024-02-10 20:01:35,777 - tensor([ 593, 2198, 4376], device='cuda:0')
2024-02-10 20:01:35,780 - Classification Succeeds.
2024-02-10 20:01:35,781 - Link Generation Fails.
2024-02-10 20:07:57,283 - Victim node is 7428.
2024-02-10 20:07:57,283 - tensor([3895, 4376, 5132], device='cuda:0')
2024-02-10 20:07:57,290 - Classification Succeeds.
2024-02-10 20:07:57,293 - Link Generation Fails.
2024-02-10 20:14:17,937 - Victim node is 3107.
2024-02-10 20:14:17,938 - tensor([7650, 7651, 7652], device='cuda:0')
2024-02-10 20:14:17,945 - Classification Fails.
2024-02-10 20:14:17,947 - Link Generation Succeeds.
2024-02-10 20:20:42,185 - Victim node is 7019.
2024-02-10 20:20:42,185 - tensor([7650, 7651, 7652], device='cuda:0')
2024-02-10 20:20:42,194 - Classification Succeeds.
2024-02-10 20:20:42,196 - Link Generation Succeeds.
2024-02-10 20:27:07,079 - Victim node is 4773.
2024-02-10 20:27:07,079 - tensor([6130, 7460, 7620], device='cuda:0')
2024-02-10 20:27:07,079 - Classification Fails.
2024-02-10 20:27:07,079 - Link Generation Fails.
2024-02-10 20:33:24,112 - Victim node is 97.
2024-02-10 20:33:24,112 - tensor([4237, 7460, 7620], device='cuda:0')
2024-02-10 20:33:24,112 - Classification Succeeds.
2024-02-10 20:33:24,112 - Link Generation Fails.
2024-02-10 20:39:45,232 - Victim node is 576.
2024-02-10 20:39:45,232 - tensor([ 593, 2198, 2239], device='cuda:0')
2024-02-10 20:39:45,232 - Classification Succeeds.
2024-02-10 20:39:45,232 - Link Generation Fails.
2024-02-10 20:46:11,986 - Victim node is 4707.
2024-02-10 20:46:11,986 - tensor([ 593, 2198, 2239], device='cuda:0')
2024-02-10 20:46:11,986 - Classification Succeeds.
2024-02-10 20:46:11,986 - Link Generation Fails.
2024-02-10 20:52:32,438 - Victim node is 2999.
2024-02-10 20:52:32,438 - tensor([ 593, 2198, 2239], device='cuda:0')
2024-02-10 20:52:32,455 - Classification Succeeds.
2024-02-10 20:52:32,460 - Link Generation Fails.
2024-02-10 20:58:54,400 - Victim node is 1038.
2024-02-10 20:58:54,400 - tensor([ 593, 2198, 2239], device='cuda:0')
2024-02-10 20:58:54,412 - Classification Succeeds.
2024-02-10 20:58:54,416 - Link Generation Fails.
2024-02-10 21:05:15,414 - Victim node is 593.
2024-02-10 21:05:15,414 - tensor([  80, 3578, 3895], device='cuda:0')
2024-02-10 21:05:15,416 - Classification Succeeds.
2024-02-10 21:05:15,416 - Link Generation Fails.
2024-02-10 21:11:36,034 - Victim node is 1277.
2024-02-10 21:11:36,034 - tensor([ 593, 2198, 4376], device='cuda:0')
2024-02-10 21:11:36,049 - Classification Fails.
2024-02-10 21:11:36,054 - Link Generation Fails.
2024-02-10 21:18:03,114 - Victim node is 3183.
2024-02-10 21:18:03,114 - tensor([2239, 5404, 6702], device='cuda:0')
2024-02-10 21:18:03,114 - Classification Succeeds.
2024-02-10 21:18:03,114 - Link Generation Fails.
2024-02-10 21:24:29,919 - Victim node is 1221.
2024-02-10 21:24:29,919 - tensor([ 593, 2198, 4376], device='cuda:0')
2024-02-10 21:24:29,921 - Classification Succeeds.
2024-02-10 21:24:29,924 - Link Generation Fails.
2024-02-10 21:31:01,587 - Victim node is 1397.
2024-02-10 21:31:01,587 - tensor([4237, 7460, 7620], device='cuda:0')
2024-02-10 21:31:01,588 - Classification Succeeds.
2024-02-10 21:31:01,588 - Link Generation Fails.
2024-02-10 21:37:24,952 - Victim node is 770.
2024-02-10 21:37:24,952 - tensor([ 593, 2239, 4376], device='cuda:0')
2024-02-10 21:37:24,953 - Classification Succeeds.
2024-02-10 21:37:24,953 - Link Generation Fails.
2024-02-10 21:43:42,950 - Victim node is 2645.
2024-02-10 21:43:42,950 - tensor([3895, 5132, 6551], device='cuda:0')
2024-02-10 21:43:42,950 - Classification Succeeds.
2024-02-10 21:43:42,951 - Link Generation Fails.
2024-02-10 21:50:06,714 - Victim node is 6420.
2024-02-10 21:50:06,714 - tensor([6130, 7460, 7620], device='cuda:0')
2024-02-10 21:50:06,718 - Classification Succeeds.
2024-02-10 21:50:06,720 - Link Generation Fails.
2024-02-10 21:56:39,241 - Victim node is 1626.
2024-02-10 21:56:39,241 - tensor([ 932, 7460, 7620], device='cuda:0')
2024-02-10 21:56:39,241 - Classification Succeeds.
2024-02-10 21:56:39,242 - Link Generation Fails.
2024-02-10 22:03:05,909 - Victim node is 2152.
2024-02-10 22:03:05,909 - tensor([ 593, 2198, 4376], device='cuda:0')
2024-02-10 22:03:05,910 - Classification Succeeds.
2024-02-10 22:03:05,910 - Link Generation Fails.
2024-02-10 22:09:35,689 - Victim node is 6468.
2024-02-10 22:09:35,690 - tensor([1058, 4376, 4805], device='cuda:0')
2024-02-10 22:09:35,690 - Classification Succeeds.
2024-02-10 22:09:35,690 - Link Generation Fails.
2024-02-10 22:16:03,353 - Victim node is 7060.
2024-02-10 22:16:03,353 - tensor([7650, 7651, 7652], device='cuda:0')
2024-02-10 22:16:03,354 - Classification Fails.
2024-02-10 22:16:03,354 - Link Generation Succeeds.
2024-02-10 22:22:34,117 - Victim node is 3004.
2024-02-10 22:22:34,117 - tensor([7650, 7651, 7652], device='cuda:0')
2024-02-10 22:22:34,123 - Classification Fails.
2024-02-10 22:22:34,126 - Link Generation Succeeds.
2024-02-10 22:28:59,119 - Victim node is 2207.
2024-02-10 22:28:59,119 - tensor([ 593, 2198, 4376], device='cuda:0')
2024-02-10 22:28:59,120 - Classification Succeeds.
2024-02-10 22:28:59,120 - Link Generation Fails.
2024-02-10 22:35:24,240 - Victim node is 2767.
2024-02-10 22:35:24,240 - tensor([ 593, 2198, 4376], device='cuda:0')
2024-02-10 22:35:24,240 - Classification Succeeds.
2024-02-10 22:35:24,240 - Link Generation Fails.
2024-02-10 22:41:52,471 - Victim node is 7300.
2024-02-10 22:41:52,471 - tensor([ 593, 2198, 2239], device='cuda:0')
2024-02-10 22:41:52,478 - Classification Succeeds.
2024-02-10 22:41:52,481 - Link Generation Fails.
2024-02-10 22:48:17,434 - Victim node is 6433.
2024-02-10 22:48:17,434 - tensor([4646, 4906, 7620], device='cuda:0')
2024-02-10 22:48:17,435 - Classification Succeeds.
2024-02-10 22:48:17,435 - Link Generation Fails.
2024-02-10 22:54:43,791 - Victim node is 934.
2024-02-10 22:54:43,791 - tensor([  80,  593, 2198], device='cuda:0')
2024-02-10 22:54:43,792 - Classification Succeeds.
2024-02-10 22:54:43,792 - Link Generation Fails.
2024-02-10 23:01:17,833 - Victim node is 3802.
2024-02-10 23:01:17,833 - tensor([ 593, 2198, 4376], device='cuda:0')
2024-02-10 23:01:17,840 - Classification Succeeds.
2024-02-10 23:01:17,843 - Link Generation Fails.
2024-02-10 23:07:41,899 - Victim node is 2245.
2024-02-10 23:07:41,899 - tensor([7650, 7651, 7652], device='cuda:0')
2024-02-10 23:07:41,899 - Classification Fails.
2024-02-10 23:07:41,899 - Link Generation Succeeds.
2024-02-10 23:14:07,063 - Victim node is 4005.
2024-02-10 23:14:07,063 - tensor([7650, 7651, 7652], device='cuda:0')
2024-02-10 23:14:07,063 - Classification Fails.
2024-02-10 23:14:07,064 - Link Generation Succeeds.
2024-02-10 23:20:34,447 - Victim node is 3607.
2024-02-10 23:20:34,447 - tensor([2198, 7650, 7653], device='cuda:0')
2024-02-10 23:20:34,454 - Classification Succeeds.
2024-02-10 23:20:34,456 - Link Generation Succeeds.
2024-02-10 23:27:06,190 - Victim node is 7200.
2024-02-10 23:27:06,190 - tensor([7650, 7651, 7652], device='cuda:0')
2024-02-10 23:27:06,190 - Classification Succeeds.
2024-02-10 23:27:06,190 - Link Generation Succeeds.
2024-02-10 23:33:34,430 - Victim node is 616.
2024-02-10 23:33:34,430 - tensor([7650, 7651, 7652], device='cuda:0')
2024-02-10 23:33:34,430 - Classification Succeeds.
2024-02-10 23:33:34,431 - Link Generation Succeeds.
2024-02-10 23:40:01,086 - Victim node is 1152.
2024-02-10 23:40:01,086 - tensor([1798, 3748, 3895], device='cuda:0')
2024-02-10 23:40:01,087 - Classification Succeeds.
2024-02-10 23:40:01,087 - Link Generation Fails.
2024-02-10 23:46:31,989 - Victim node is 5279.
2024-02-10 23:46:31,989 - tensor([7650, 7651, 7652], device='cuda:0')
2024-02-10 23:46:31,989 - Classification Fails.
2024-02-10 23:46:31,990 - Link Generation Succeeds.
2024-02-10 23:53:03,877 - Victim node is 1857.
2024-02-10 23:53:03,877 - tensor([7650, 7651, 7652], device='cuda:0')
2024-02-10 23:53:03,886 - Classification Fails.
2024-02-10 23:53:03,890 - Link Generation Succeeds.
2024-02-10 23:59:26,272 - Victim node is 7261.
2024-02-10 23:59:26,272 - tensor([7650, 7651, 7652], device='cuda:0')
2024-02-10 23:59:26,279 - Classification Succeeds.
2024-02-10 23:59:26,281 - Link Generation Succeeds.
2024-02-11 00:05:51,568 - Victim node is 7040.
2024-02-11 00:05:51,568 - tensor([ 593, 2198, 2239], device='cuda:0')
2024-02-11 00:05:51,575 - Classification Fails.
2024-02-11 00:05:51,577 - Link Generation Fails.
2024-02-11 00:12:11,377 - Victim node is 458.
2024-02-11 00:12:11,378 - tensor([7650, 7651, 7652], device='cuda:0')
2024-02-11 00:12:11,378 - Classification Fails.
2024-02-11 00:12:11,378 - Link Generation Succeeds.
2024-02-11 00:18:31,862 - Victim node is 650.
2024-02-11 00:18:31,862 - tensor([7650, 7651, 7652], device='cuda:0')
2024-02-11 00:18:31,862 - Classification Succeeds.
2024-02-11 00:18:31,862 - Link Generation Succeeds.
2024-02-11 00:24:53,857 - Victim node is 4766.
2024-02-11 00:24:53,857 - tensor([6130, 7460, 7620], device='cuda:0')
2024-02-11 00:24:53,868 - Classification Succeeds.
2024-02-11 00:24:53,870 - Link Generation Fails.
2024-02-11 00:31:14,305 - Victim node is 4174.
2024-02-11 00:31:14,306 - tensor([ 593, 2198, 6702], device='cuda:0')
2024-02-11 00:31:14,306 - Classification Succeeds.
2024-02-11 00:31:14,306 - Link Generation Fails.
2024-02-11 00:37:41,080 - Victim node is 7599.
2024-02-11 00:37:41,080 - tensor([7651, 7653, 7654], device='cuda:0')
2024-02-11 00:37:41,080 - Classification Fails.
2024-02-11 00:37:41,081 - Link Generation Succeeds.
2024-02-11 00:44:14,776 - Victim node is 1276.
2024-02-11 00:44:14,776 - tensor([7620, 7651, 7652], device='cuda:0')
2024-02-11 00:44:14,777 - Classification Fails.
2024-02-11 00:44:14,778 - Link Generation Succeeds.
2024-02-11 00:50:42,152 - Victim node is 6238.
2024-02-11 00:50:42,152 - tensor([7650, 7651, 7652], device='cuda:0')
2024-02-11 00:50:42,152 - Classification Fails.
2024-02-11 00:50:42,152 - Link Generation Succeeds.
2024-02-11 00:57:10,529 - Victim node is 3263.
2024-02-11 00:57:10,529 - tensor([11, 13, 16], device='cuda:0')
2024-02-11 00:57:10,536 - Classification Succeeds.
2024-02-11 00:57:10,539 - Link Generation Fails.
2024-02-11 01:03:45,798 - Victim node is 2837.
2024-02-11 01:03:45,799 - tensor([7650, 7651, 7652], device='cuda:0')
2024-02-11 01:03:45,799 - Classification Fails.
2024-02-11 01:03:45,799 - Link Generation Succeeds.
2024-02-11 01:10:13,282 - Victim node is 4717.
2024-02-11 01:10:13,282 - tensor([7651, 7652, 7653], device='cuda:0')
2024-02-11 01:10:13,285 - Classification Fails.
2024-02-11 01:10:13,286 - Link Generation Succeeds.
2024-02-11 01:16:43,152 - Victim node is 1292.
2024-02-11 01:16:43,152 - tensor([7650, 7651, 7652], device='cuda:0')
2024-02-11 01:16:43,159 - Classification Fails.
2024-02-11 01:16:43,161 - Link Generation Succeeds.
2024-02-11 01:23:17,723 - Victim node is 96.
2024-02-11 01:23:17,724 - tensor([7650, 7651, 7653], device='cuda:0')
2024-02-11 01:23:17,724 - Classification Fails.
2024-02-11 01:23:17,724 - Link Generation Succeeds.
2024-02-11 01:29:50,738 - Victim node is 6922.
2024-02-11 01:29:50,738 - tensor([ 593, 2198, 2239], device='cuda:0')
2024-02-11 01:29:50,739 - Classification Fails.
2024-02-11 01:29:50,741 - Link Generation Fails.
2024-02-11 01:36:17,898 - Victim node is 1042.
2024-02-11 01:36:17,898 - tensor([ 593, 2239, 6702], device='cuda:0')
2024-02-11 01:36:17,911 - Classification Succeeds.
2024-02-11 01:36:17,915 - Link Generation Fails.
2024-02-11 01:42:44,226 - Victim node is 1624.
2024-02-11 01:42:44,227 - tensor([ 593, 2198, 2239], device='cuda:0')
2024-02-11 01:42:44,238 - Classification Fails.
2024-02-11 01:42:44,243 - Link Generation Fails.
2024-02-11 01:49:10,957 - Victim node is 5493.
2024-02-11 01:49:10,957 - tensor([2198, 2239, 4376], device='cuda:0')
2024-02-11 01:49:10,964 - Classification Succeeds.
2024-02-11 01:49:10,964 - Link Generation Fails.
2024-02-11 01:55:36,979 - Victim node is 4795.
2024-02-11 01:55:36,979 - tensor([6130, 7460, 7620], device='cuda:0')
2024-02-11 01:55:36,980 - Classification Succeeds.
2024-02-11 01:55:36,982 - Link Generation Fails.
2024-02-11 02:02:11,174 - Victim node is 6741.
2024-02-11 02:02:11,174 - tensor([7650, 7651, 7652], device='cuda:0')
2024-02-11 02:02:11,183 - Classification Fails.
2024-02-11 02:02:11,186 - Link Generation Succeeds.
2024-02-11 02:08:42,230 - Victim node is 4275.
2024-02-11 02:08:42,230 - tensor([7650, 7651, 7652], device='cuda:0')
2024-02-11 02:08:42,233 - Classification Succeeds.
2024-02-11 02:08:42,237 - Link Generation Succeeds.
2024-02-11 02:15:10,481 - Victim node is 3140.
2024-02-11 02:15:10,481 - tensor([ 593, 2198, 4376], device='cuda:0')
2024-02-11 02:15:10,485 - Classification Succeeds.
2024-02-11 02:15:10,486 - Link Generation Fails.
2024-02-11 02:21:43,015 - Victim node is 3562.
2024-02-11 02:21:43,016 - tensor([ 9, 11, 13], device='cuda:0')
2024-02-11 02:21:43,027 - Classification Succeeds.
2024-02-11 02:21:43,030 - Link Generation Fails.
2024-02-11 02:28:10,759 - Victim node is 4056.
2024-02-11 02:28:10,759 - tensor([4237, 7460, 7620], device='cuda:0')
2024-02-11 02:28:10,760 - Classification Succeeds.
2024-02-11 02:28:10,760 - Link Generation Fails.
2024-02-11 02:34:37,910 - Victim node is 7253.
2024-02-11 02:34:37,910 - tensor([4646, 6130, 7620], device='cuda:0')
2024-02-11 02:34:37,924 - Classification Succeeds.
2024-02-11 02:34:37,929 - Link Generation Fails.
2024-02-11 02:41:03,143 - Victim node is 5830.
2024-02-11 02:41:03,143 - tensor([7650, 7651, 7652], device='cuda:0')
2024-02-11 02:41:03,144 - Classification Succeeds.
2024-02-11 02:41:03,144 - Link Generation Succeeds.
2024-02-11 02:47:37,305 - Victim node is 4893.
2024-02-11 02:47:37,305 - tensor([ 593, 2198, 2239], device='cuda:0')
2024-02-11 02:47:37,305 - Classification Succeeds.
2024-02-11 02:47:37,305 - Link Generation Fails.
2024-02-11 02:54:03,272 - Victim node is 3854.
2024-02-11 02:54:03,272 - tensor([ 593, 2198, 4376], device='cuda:0')
2024-02-11 02:54:03,279 - Classification Succeeds.
2024-02-11 02:54:03,281 - Link Generation Fails.
2024-02-11 03:00:32,695 - Victim node is 1084.
2024-02-11 03:00:32,695 - tensor([ 593, 2198, 2239], device='cuda:0')
2024-02-11 03:00:32,696 - Classification Succeeds.
2024-02-11 03:00:32,696 - Link Generation Fails.
2024-02-11 03:07:00,003 - Victim node is 4694.
2024-02-11 03:07:00,003 - tensor([ 593, 2198, 2239], device='cuda:0')
2024-02-11 03:07:00,003 - Classification Succeeds.
2024-02-11 03:07:00,003 - Link Generation Fails.
2024-02-11 03:13:28,976 - Victim node is 7481.
2024-02-11 03:13:28,976 - tensor([ 593, 4805, 6702], device='cuda:0')
2024-02-11 03:13:28,983 - Classification Fails.
2024-02-11 03:13:28,985 - Link Generation Fails.
2024-02-11 03:19:54,932 - Victim node is 4126.
2024-02-11 03:19:54,932 - tensor([4237, 7460, 7620], device='cuda:0')
2024-02-11 03:19:54,946 - Classification Succeeds.
2024-02-11 03:19:54,950 - Link Generation Fails.
2024-02-11 03:26:24,590 - Victim node is 605.
2024-02-11 03:26:24,590 - tensor([ 593, 2198, 4376], device='cuda:0')
2024-02-11 03:26:24,600 - Classification Succeeds.
2024-02-11 03:26:24,602 - Link Generation Fails.
2024-02-11 03:32:55,714 - Victim node is 849.
2024-02-11 03:32:55,715 - tensor([2239, 4376, 4384], device='cuda:0')
2024-02-11 03:32:55,715 - Classification Succeeds.
2024-02-11 03:32:55,715 - Link Generation Fails.
2024-02-11 03:39:24,413 - Victim node is 899.
2024-02-11 03:39:24,413 - tensor([ 593, 2198, 4376], device='cuda:0')
2024-02-11 03:39:24,414 - Classification Succeeds.
2024-02-11 03:39:24,415 - Link Generation Fails.
2024-02-11 03:45:57,198 - Victim node is 6125.
2024-02-11 03:45:57,198 - tensor([7650, 7651, 7652], device='cuda:0')
2024-02-11 03:45:57,205 - Classification Succeeds.
2024-02-11 03:45:57,207 - Link Generation Succeeds.
2024-02-11 03:52:29,770 - Victim node is 859.
2024-02-11 03:52:29,770 - tensor([7650, 7651, 7652], device='cuda:0')
2024-02-11 03:52:29,778 - Classification Fails.
2024-02-11 03:52:29,780 - Link Generation Succeeds.
2024-02-11 03:59:00,008 - Victim node is 1573.
2024-02-11 03:59:00,008 - tensor([ 593, 2198, 4376], device='cuda:0')
2024-02-11 03:59:00,010 - Classification Succeeds.
2024-02-11 03:59:00,013 - Link Generation Fails.
2024-02-11 04:05:34,229 - Victim node is 447.
2024-02-11 04:05:34,229 - tensor([ 9, 11, 16], device='cuda:0')
2024-02-11 04:05:34,245 - Classification Succeeds.
2024-02-11 04:05:34,252 - Link Generation Fails.
2024-02-11 04:12:06,117 - Victim node is 3795.
2024-02-11 04:12:06,118 - tensor([ 593, 2198, 4376], device='cuda:0')
2024-02-11 04:12:06,118 - Classification Succeeds.
2024-02-11 04:12:06,118 - Link Generation Fails.
2024-02-11 04:18:38,444 - Victim node is 5832.
2024-02-11 04:18:38,444 - tensor([7650, 7651, 7652], device='cuda:0')
2024-02-11 04:18:38,445 - Classification Fails.
2024-02-11 04:18:38,445 - Link Generation Succeeds.
2024-02-11 04:25:06,105 - Victim node is 3328.
2024-02-11 04:25:06,105 - tensor([ 593, 2239, 4376], device='cuda:0')
2024-02-11 04:25:06,105 - Classification Succeeds.
2024-02-11 04:25:06,105 - Link Generation Fails.
2024-02-11 04:31:32,349 - Victim node is 5667.
2024-02-11 04:31:32,349 - tensor([ 593, 4384, 6702], device='cuda:0')
2024-02-11 04:31:32,356 - Classification Fails.
2024-02-11 04:31:32,359 - Link Generation Fails.
2024-02-11 04:38:02,473 - Victim node is 74.
2024-02-11 04:38:02,473 - tensor([ 593, 2198, 4376], device='cuda:0')
2024-02-11 04:38:02,476 - Classification Succeeds.
2024-02-11 04:38:02,478 - Link Generation Fails.
2024-02-11 04:44:32,494 - Victim node is 2054.
2024-02-11 04:44:32,494 - tensor([4237, 7460, 7620], device='cuda:0')
2024-02-11 04:44:32,499 - Classification Succeeds.
2024-02-11 04:44:32,500 - Link Generation Fails.
2024-02-11 04:51:00,915 - Victim node is 1433.
2024-02-11 04:51:00,915 - tensor([4237, 7460, 7620], device='cuda:0')
2024-02-11 04:51:00,924 - Classification Succeeds.
2024-02-11 04:51:00,927 - Link Generation Fails.
2024-02-11 04:57:32,612 - Victim node is 5498.
2024-02-11 04:57:32,612 - tensor([2198, 2239, 4805], device='cuda:0')
2024-02-11 04:57:32,612 - Classification Succeeds.
2024-02-11 04:57:32,612 - Link Generation Fails.
2024-02-11 05:04:05,053 - Victim node is 7398.
2024-02-11 05:04:05,053 - tensor([2239, 4376, 6702], device='cuda:0')
2024-02-11 05:04:05,054 - Classification Succeeds.
2024-02-11 05:04:05,054 - Link Generation Fails.
2024-02-11 05:10:31,504 - Victim node is 1091.
2024-02-11 05:10:31,504 - tensor([ 593, 2198, 2239], device='cuda:0')
2024-02-11 05:10:31,504 - Classification Succeeds.
2024-02-11 05:10:31,504 - Link Generation Fails.
2024-02-11 05:17:01,983 - Victim node is 4261.
2024-02-11 05:17:01,983 - tensor([7651, 7653, 7654], device='cuda:0')
2024-02-11 05:17:01,985 - Classification Fails.
2024-02-11 05:17:01,988 - Link Generation Succeeds.
2024-02-11 05:23:29,497 - Victim node is 6761.
2024-02-11 05:23:29,497 - tensor([ 593, 2198, 4376], device='cuda:0')
2024-02-11 05:23:29,497 - Classification Succeeds.
2024-02-11 05:23:29,497 - Link Generation Fails.
2024-02-11 05:29:58,485 - Victim node is 2745.
2024-02-11 05:29:58,485 - tensor([ 593, 2239, 6702], device='cuda:0')
2024-02-11 05:29:58,486 - Classification Succeeds.
2024-02-11 05:29:58,486 - Link Generation Fails.
2024-02-11 05:36:33,052 - Victim node is 978.
2024-02-11 05:36:33,052 - tensor([1759, 7460, 7620], device='cuda:0')
2024-02-11 05:36:33,052 - Classification Succeeds.
2024-02-11 05:36:33,052 - Link Generation Fails.
2024-02-11 05:43:03,272 - Victim node is 402.
2024-02-11 05:43:03,272 - tensor([7650, 7651, 7652], device='cuda:0')
2024-02-11 05:43:03,279 - Classification Succeeds.
2024-02-11 05:43:03,281 - Link Generation Succeeds.
2024-02-11 05:49:36,043 - Victim node is 5353.
2024-02-11 05:49:36,043 - tensor([ 593, 2198, 2239], device='cuda:0')
2024-02-11 05:49:36,044 - Classification Succeeds.
2024-02-11 05:49:36,044 - Link Generation Fails.
2024-02-11 05:56:03,082 - Victim node is 45.
2024-02-11 05:56:03,082 - tensor([7650, 7651, 7652], device='cuda:0')
2024-02-11 05:56:03,084 - Classification Fails.
2024-02-11 05:56:03,084 - Link Generation Succeeds.
2024-02-11 06:02:32,332 - Victim node is 4803.
2024-02-11 06:02:32,332 - tensor([ 593, 2198, 6702], device='cuda:0')
2024-02-11 06:02:32,333 - Classification Succeeds.
2024-02-11 06:02:32,333 - Link Generation Fails.
2024-02-11 06:09:02,689 - Victim node is 1155.
2024-02-11 06:09:02,689 - tensor([3231, 6130, 7460], device='cuda:0')
2024-02-11 06:09:02,696 - Classification Succeeds.
2024-02-11 06:09:02,698 - Link Generation Fails.
2024-02-11 06:15:27,873 - Victim node is 2029.
2024-02-11 06:15:27,873 - tensor([ 593, 2198, 2239], device='cuda:0')
2024-02-11 06:15:27,873 - Classification Succeeds.
2024-02-11 06:15:27,873 - Link Generation Fails.
2024-02-11 06:21:56,021 - Victim node is 1154.
2024-02-11 06:21:56,021 - tensor([ 593, 2198, 4376], device='cuda:0')
2024-02-11 06:21:56,031 - Classification Succeeds.
2024-02-11 06:21:56,036 - Link Generation Fails.
2024-02-11 06:28:26,992 - Victim node is 4890.
2024-02-11 06:28:26,992 - tensor([ 593, 2198, 2239], device='cuda:0')
2024-02-11 06:28:26,994 - Classification Succeeds.
2024-02-11 06:28:26,994 - Link Generation Fails.
2024-02-11 06:34:58,651 - Victim node is 5307.
2024-02-11 06:34:58,651 - tensor([7650, 7651, 7652], device='cuda:0')
2024-02-11 06:34:58,655 - Classification Fails.
2024-02-11 06:34:58,655 - Link Generation Succeeds.
2024-02-11 06:41:29,962 - Victim node is 6005.
2024-02-11 06:41:29,962 - tensor([7620, 7650, 7654], device='cuda:0')
2024-02-11 06:41:29,966 - Classification Succeeds.
2024-02-11 06:41:29,967 - Link Generation Succeeds.
2024-02-11 06:48:00,259 - Victim node is 2359.
2024-02-11 06:48:00,259 - tensor([ 593, 2198, 4376], device='cuda:0')
2024-02-11 06:48:00,261 - Classification Succeeds.
2024-02-11 06:48:00,262 - Link Generation Fails.
2024-02-11 06:54:28,820 - Victim node is 7453.
2024-02-11 06:54:28,820 - tensor([ 593, 2198, 2239], device='cuda:0')
2024-02-11 06:54:28,824 - Classification Succeeds.
2024-02-11 06:54:28,828 - Link Generation Fails.
2024-02-11 07:00:56,150 - Victim node is 7559.
2024-02-11 07:00:56,150 - tensor([ 932, 7460, 7620], device='cuda:0')
2024-02-11 07:00:56,159 - Classification Succeeds.
2024-02-11 07:00:56,161 - Link Generation Fails.
2024-02-11 07:07:25,156 - Victim node is 159.
2024-02-11 07:07:25,156 - tensor([7650, 7651, 7652], device='cuda:0')
2024-02-11 07:07:25,165 - Classification Succeeds.
2024-02-11 07:07:25,168 - Link Generation Succeeds.
2024-02-11 07:13:53,281 - Victim node is 6459.
2024-02-11 07:13:53,281 - tensor([7650, 7652, 7653], device='cuda:0')
2024-02-11 07:13:53,281 - Classification Fails.
2024-02-11 07:13:53,281 - Link Generation Succeeds.
2024-02-11 07:20:23,506 - Victim node is 963.
2024-02-11 07:20:23,506 - tensor([2198, 2239, 4376], device='cuda:0')
2024-02-11 07:20:23,506 - Classification Succeeds.
2024-02-11 07:20:23,506 - Link Generation Fails.
2024-02-11 07:26:55,274 - Victim node is 5323.
2024-02-11 07:26:55,274 - tensor([7650, 7651, 7652], device='cuda:0')
2024-02-11 07:26:55,283 - Classification Fails.
2024-02-11 07:26:55,288 - Link Generation Succeeds.
2024-02-11 07:33:25,297 - Victim node is 1248.
2024-02-11 07:33:25,297 - tensor([7650, 7651, 7652], device='cuda:0')
2024-02-11 07:33:25,297 - Classification Succeeds.
2024-02-11 07:33:25,297 - Link Generation Succeeds.
2024-02-11 07:40:03,049 - Victim node is 694.
2024-02-11 07:40:03,049 - tensor([7650, 7651, 7652], device='cuda:0')
2024-02-11 07:40:03,050 - Classification Fails.
2024-02-11 07:40:03,050 - Link Generation Succeeds.
2024-02-11 07:46:37,872 - Victim node is 1049.
2024-02-11 07:46:37,872 - tensor([4237, 6130, 7460], device='cuda:0')
2024-02-11 07:46:37,876 - Classification Succeeds.
2024-02-11 07:46:37,876 - Link Generation Fails.
2024-02-11 07:53:09,451 - Victim node is 2.
2024-02-11 07:53:09,451 - tensor([ 593, 2198, 2239], device='cuda:0')
2024-02-11 07:53:09,451 - Classification Succeeds.
2024-02-11 07:53:09,451 - Link Generation Fails.
2024-02-11 07:59:39,086 - Victim node is 406.
2024-02-11 07:59:39,086 - tensor([ 593, 2198, 2239], device='cuda:0')
2024-02-11 07:59:39,086 - Classification Succeeds.
2024-02-11 07:59:39,086 - Link Generation Fails.
2024-02-11 08:06:07,495 - Victim node is 6723.
2024-02-11 08:06:07,495 - tensor([5881, 6551, 6702], device='cuda:0')
2024-02-11 08:06:07,495 - Classification Succeeds.
2024-02-11 08:06:07,495 - Link Generation Fails.
2024-02-11 08:12:32,661 - Victim node is 1332.
2024-02-11 08:12:32,661 - tensor([ 593, 2198, 2239], device='cuda:0')
2024-02-11 08:12:32,661 - Classification Succeeds.
2024-02-11 08:12:32,661 - Link Generation Fails.
2024-02-11 08:19:02,424 - Victim node is 6724.
2024-02-11 08:19:02,424 - tensor([ 593, 2198, 2239], device='cuda:0')
2024-02-11 08:19:02,437 - Classification Succeeds.
2024-02-11 08:19:02,442 - Link Generation Fails.
2024-02-11 08:25:29,802 - Victim node is 7008.
2024-02-11 08:25:29,802 - tensor([4805, 5132, 6702], device='cuda:0')
2024-02-11 08:25:29,802 - Classification Succeeds.
2024-02-11 08:25:29,802 - Link Generation Fails.
2024-02-11 08:32:01,186 - Victim node is 3582.
2024-02-11 08:32:01,186 - tensor([2198, 7652, 7654], device='cuda:0')
2024-02-11 08:32:01,186 - Classification Fails.
2024-02-11 08:32:01,186 - Link Generation Succeeds.
2024-02-11 08:38:25,960 - Victim node is 4691.
2024-02-11 08:38:25,961 - tensor([ 593, 2239, 6702], device='cuda:0')
2024-02-11 08:38:25,963 - Classification Succeeds.
2024-02-11 08:38:25,965 - Link Generation Fails.
2024-02-11 08:44:49,879 - Victim node is 6482.
2024-02-11 08:44:49,880 - tensor([4237, 7460, 7620], device='cuda:0')
2024-02-11 08:44:49,881 - Classification Succeeds.
2024-02-11 08:44:49,881 - Link Generation Fails.
2024-02-11 08:51:18,780 - Victim node is 804.
2024-02-11 08:51:18,780 - tensor([7650, 7651, 7652], device='cuda:0')
2024-02-11 08:51:18,781 - Classification Succeeds.
2024-02-11 08:51:18,781 - Link Generation Succeeds.
2024-02-11 08:57:49,491 - Victim node is 1915.
2024-02-11 08:57:49,492 - tensor([7650, 7651, 7652], device='cuda:0')
2024-02-11 08:57:49,492 - Classification Fails.
2024-02-11 08:57:49,492 - Link Generation Succeeds.
2024-02-11 09:04:12,396 - Victim node is 7188.
2024-02-11 09:04:12,396 - tensor([ 593, 2198, 4376], device='cuda:0')
2024-02-11 09:04:12,396 - Classification Succeeds.
2024-02-11 09:04:12,396 - Link Generation Fails.
2024-02-11 09:10:41,634 - Victim node is 1807.
2024-02-11 09:10:41,634 - tensor([7650, 7651, 7652], device='cuda:0')
2024-02-11 09:10:41,635 - Classification Fails.
2024-02-11 09:10:41,635 - Link Generation Succeeds.
2024-02-11 09:17:11,030 - Victim node is 3049.
2024-02-11 09:17:11,030 - tensor([4384, 6551, 6702], device='cuda:0')
2024-02-11 09:17:11,033 - Classification Fails.
2024-02-11 09:17:11,035 - Link Generation Fails.
2024-02-11 09:23:37,539 - Victim node is 3067.
2024-02-11 09:23:37,539 - tensor([7650, 7651, 7652], device='cuda:0')
2024-02-11 09:23:37,560 - Classification Succeeds.
2024-02-11 09:23:37,566 - Link Generation Succeeds.
2024-02-11 09:30:07,275 - Victim node is 4528.
2024-02-11 09:30:07,275 - tensor([2239, 5404, 6702], device='cuda:0')
2024-02-11 09:30:07,279 - Classification Fails.
2024-02-11 09:30:07,284 - Link Generation Fails.
2024-02-11 09:36:35,013 - Victim node is 6697.
2024-02-11 09:36:35,013 - tensor([ 593, 2198, 2239], device='cuda:0')
2024-02-11 09:36:35,014 - Classification Succeeds.
2024-02-11 09:36:35,014 - Link Generation Fails.
2024-02-11 09:43:01,649 - Victim node is 689.
2024-02-11 09:43:01,649 - tensor([7650, 7652, 7654], device='cuda:0')
2024-02-11 09:43:01,651 - Classification Fails.
2024-02-11 09:43:01,653 - Link Generation Succeeds.
2024-02-11 09:49:30,141 - Victim node is 3573.
2024-02-11 09:49:30,142 - tensor([7651, 7653, 7654], device='cuda:0')
2024-02-11 09:49:30,142 - Classification Succeeds.
2024-02-11 09:49:30,142 - Link Generation Succeeds.
2024-02-11 09:56:03,638 - Victim node is 4701.
2024-02-11 09:56:03,638 - tensor([ 593, 2198, 4376], device='cuda:0')
2024-02-11 09:56:03,638 - Classification Succeeds.
2024-02-11 09:56:03,638 - Link Generation Fails.
2024-02-11 10:02:34,323 - Victim node is 1623.
2024-02-11 10:02:34,323 - tensor([ 593, 2198, 4376], device='cuda:0')
2024-02-11 10:02:34,330 - Classification Fails.
2024-02-11 10:02:34,332 - Link Generation Fails.
2024-02-11 10:08:59,872 - Victim node is 104.
2024-02-11 10:08:59,872 - tensor([ 593, 2198, 4376], device='cuda:0')
2024-02-11 10:08:59,879 - Classification Succeeds.
2024-02-11 10:08:59,881 - Link Generation Fails.
2024-02-11 10:15:36,011 - Victim node is 3318.
2024-02-11 10:15:36,011 - tensor([ 593, 2198, 4376], device='cuda:0')
2024-02-11 10:15:36,013 - Classification Succeeds.
2024-02-11 10:15:36,013 - Link Generation Fails.
2024-02-11 10:22:12,384 - Victim node is 377.
2024-02-11 10:22:12,385 - tensor([7650, 7651, 7652], device='cuda:0')
2024-02-11 10:22:12,391 - Classification Succeeds.
2024-02-11 10:22:12,394 - Link Generation Succeeds.
2024-02-11 10:28:54,981 - Victim node is 7139.
2024-02-11 10:28:54,981 - tensor([1058, 4376, 4384], device='cuda:0')
2024-02-11 10:28:54,981 - Classification Succeeds.
2024-02-11 10:28:54,981 - Link Generation Fails.
2024-02-11 10:35:34,648 - Victim node is 5541.
2024-02-11 10:35:34,648 - tensor([ 593, 2198, 4376], device='cuda:0')
2024-02-11 10:35:34,648 - Classification Succeeds.
2024-02-11 10:35:34,648 - Link Generation Fails.
2024-02-11 10:42:08,794 - Victim node is 5894.
2024-02-11 10:42:08,794 - tensor([7650, 7651, 7652], device='cuda:0')
2024-02-11 10:42:08,801 - Classification Succeeds.
2024-02-11 10:42:08,804 - Link Generation Succeeds.
2024-02-11 10:48:47,862 - Victim node is 1700.
2024-02-11 10:48:47,863 - tensor([ 593, 4376, 6702], device='cuda:0')
2024-02-11 10:48:47,869 - Classification Succeeds.
2024-02-11 10:48:47,872 - Link Generation Fails.
2024-02-11 10:55:25,946 - Victim node is 6006.
2024-02-11 10:55:25,946 - tensor([4237, 7460, 7620], device='cuda:0')
2024-02-11 10:55:25,950 - Classification Succeeds.
2024-02-11 10:55:25,950 - Link Generation Fails.
2024-02-11 11:02:03,259 - Victim node is 5837.
2024-02-11 11:02:03,259 - tensor([1759, 7460, 7620], device='cuda:0')
2024-02-11 11:02:03,259 - Classification Succeeds.
2024-02-11 11:02:03,259 - Link Generation Fails.
2024-02-11 11:08:43,007 - Victim node is 4334.
2024-02-11 11:08:43,007 - tensor([4237, 7460, 7620], device='cuda:0')
2024-02-11 11:08:43,014 - Classification Succeeds.
2024-02-11 11:08:43,016 - Link Generation Fails.
2024-02-11 11:15:20,411 - Victim node is 7432.
2024-02-11 11:15:20,411 - tensor([11, 16, 17], device='cuda:0')
2024-02-11 11:15:20,413 - Classification Fails.
2024-02-11 11:15:20,415 - Link Generation Fails.
2024-02-11 11:21:59,454 - Victim node is 5803.
2024-02-11 11:21:59,455 - tensor([7650, 7651, 7652], device='cuda:0')
2024-02-11 11:21:59,455 - Classification Fails.
2024-02-11 11:21:59,455 - Link Generation Succeeds.
2024-02-11 11:28:35,951 - Victim node is 1059.
2024-02-11 11:28:35,952 - tensor([6130, 7460, 7620], device='cuda:0')
2024-02-11 11:28:35,952 - Classification Succeeds.
2024-02-11 11:28:35,952 - Link Generation Fails.
2024-02-11 11:35:12,079 - Victim node is 988.
2024-02-11 11:35:12,079 - tensor([7620, 7650, 7651], device='cuda:0')
2024-02-11 11:35:12,081 - Classification Fails.
2024-02-11 11:35:12,081 - Link Generation Succeeds.
2024-02-11 11:41:53,788 - Victim node is 3764.
2024-02-11 11:41:53,788 - tensor([4237, 7460, 7620], device='cuda:0')
2024-02-11 11:41:53,788 - Classification Succeeds.
2024-02-11 11:41:53,788 - Link Generation Fails.
2024-02-11 11:48:34,113 - Victim node is 4248.
2024-02-11 11:48:34,113 - tensor([ 593, 2239, 6702], device='cuda:0')
2024-02-11 11:48:34,113 - Classification Succeeds.
2024-02-11 11:48:34,113 - Link Generation Fails.
2024-02-11 11:55:12,743 - Victim node is 7583.
2024-02-11 11:55:12,743 - tensor([7650, 7651, 7652], device='cuda:0')
2024-02-11 11:55:12,743 - Classification Succeeds.
2024-02-11 11:55:12,743 - Link Generation Succeeds.
2024-02-11 12:01:55,128 - Victim node is 4958.
2024-02-11 12:01:55,128 - tensor([ 593, 2198, 4376], device='cuda:0')
2024-02-11 12:01:55,135 - Classification Fails.
2024-02-11 12:01:55,137 - Link Generation Fails.
2024-02-11 12:08:33,132 - Victim node is 2195.
2024-02-11 12:08:33,133 - tensor([ 593, 4376, 7650], device='cuda:0')
2024-02-11 12:08:33,134 - Classification Succeeds.
2024-02-11 12:08:33,134 - Link Generation Succeeds.
2024-02-11 12:15:05,478 - Victim node is 740.
2024-02-11 12:15:05,478 - tensor([ 932, 7460, 7620], device='cuda:0')
2024-02-11 12:15:05,489 - Classification Succeeds.
2024-02-11 12:15:05,492 - Link Generation Fails.
2024-02-11 12:21:38,865 - Victim node is 3319.
2024-02-11 12:21:38,866 - tensor([ 593, 2198, 4376], device='cuda:0')
2024-02-11 12:21:38,870 - Classification Succeeds.
2024-02-11 12:21:38,871 - Link Generation Fails.
2024-02-11 12:28:13,779 - Victim node is 3342.
2024-02-11 12:28:13,779 - tensor([4237, 7460, 7620], device='cuda:0')
2024-02-11 12:28:13,780 - Classification Succeeds.
2024-02-11 12:28:13,780 - Link Generation Fails.
2024-02-11 12:34:58,799 - Victim node is 2918.
2024-02-11 12:34:58,799 - tensor([ 593, 2198, 2239], device='cuda:0')
2024-02-11 12:34:58,799 - Classification Fails.
2024-02-11 12:34:58,799 - Link Generation Fails.
2024-02-11 12:41:42,022 - Victim node is 1323.
2024-02-11 12:41:42,022 - tensor([7650, 7651, 7652], device='cuda:0')
2024-02-11 12:41:42,036 - Classification Fails.
2024-02-11 12:41:42,040 - Link Generation Succeeds.
2024-02-11 12:48:24,773 - Victim node is 2178.
2024-02-11 12:48:24,773 - tensor([4237, 7460, 7620], device='cuda:0')
2024-02-11 12:48:24,782 - Classification Succeeds.
2024-02-11 12:48:24,786 - Link Generation Fails.
2024-02-11 12:55:04,401 - Victim node is 1174.
2024-02-11 12:55:04,401 - tensor([7650, 7651, 7652], device='cuda:0')
2024-02-11 12:55:04,402 - Classification Fails.
2024-02-11 12:55:04,402 - Link Generation Succeeds.
2024-02-11 13:01:42,757 - Victim node is 1082.
2024-02-11 13:01:42,757 - tensor([ 593, 2198, 4376], device='cuda:0')
2024-02-11 13:01:42,764 - Classification Succeeds.
2024-02-11 13:01:42,768 - Link Generation Fails.
2024-02-11 13:08:25,464 - Victim node is 4167.
2024-02-11 13:08:25,465 - tensor([4376, 4384, 6702], device='cuda:0')
2024-02-11 13:08:25,482 - Classification Succeeds.
2024-02-11 13:08:25,489 - Link Generation Fails.
2024-02-11 13:15:01,427 - Victim node is 4499.
2024-02-11 13:15:01,428 - tensor([4129, 4552, 7362], device='cuda:0')
2024-02-11 13:15:01,428 - Classification Succeeds.
2024-02-11 13:15:01,430 - Link Generation Fails.
2024-02-11 13:21:28,865 - Victim node is 5442.
2024-02-11 13:21:28,865 - tensor([2198, 2239, 4376], device='cuda:0')
2024-02-11 13:21:28,865 - Classification Succeeds.
2024-02-11 13:21:28,865 - Link Generation Fails.
2024-02-11 13:28:14,282 - Victim node is 3981.
2024-02-11 13:28:14,282 - tensor([3383, 7460, 7620], device='cuda:0')
2024-02-11 13:28:14,289 - Classification Succeeds.
2024-02-11 13:28:14,292 - Link Generation Fails.
2024-02-11 13:34:58,292 - Victim node is 5018.
2024-02-11 13:34:58,292 - tensor([2198, 2239, 4376], device='cuda:0')
2024-02-11 13:34:58,305 - Classification Succeeds.
2024-02-11 13:34:58,310 - Link Generation Fails.
2024-02-11 13:41:50,906 - Victim node is 2074.
2024-02-11 13:41:50,907 - tensor([7650, 7651, 7652], device='cuda:0')
2024-02-11 13:41:50,920 - Classification Fails.
2024-02-11 13:41:50,924 - Link Generation Succeeds.
2024-02-11 13:48:43,994 - Victim node is 537.
2024-02-11 13:48:43,994 - tensor([ 593, 2198, 6702], device='cuda:0')
2024-02-11 13:48:43,998 - Classification Succeeds.
2024-02-11 13:48:43,998 - Link Generation Fails.
2024-02-11 13:55:32,079 - Victim node is 1758.
2024-02-11 13:55:32,079 - tensor([7650, 7651, 7652], device='cuda:0')
2024-02-11 13:55:32,079 - Classification Fails.
2024-02-11 13:55:32,080 - Link Generation Succeeds.
2024-02-11 14:02:20,078 - Victim node is 3186.
2024-02-11 14:02:20,078 - tensor([7650, 7651, 7652], device='cuda:0')
2024-02-11 14:02:20,089 - Classification Fails.
2024-02-11 14:02:20,092 - Link Generation Succeeds.
2024-02-11 14:09:07,762 - Victim node is 1804.
2024-02-11 14:09:07,762 - tensor([7650, 7651, 7652], device='cuda:0')
2024-02-11 14:09:07,774 - Classification Succeeds.
2024-02-11 14:09:07,779 - Link Generation Succeeds.
2024-02-11 14:15:54,734 - Victim node is 7170.
2024-02-11 14:15:54,734 - tensor([  80, 2239, 4805], device='cuda:0')
2024-02-11 14:15:54,734 - Classification Succeeds.
2024-02-11 14:15:54,734 - Link Generation Fails.
2024-02-11 14:22:42,752 - Victim node is 6266.
2024-02-11 14:22:42,753 - tensor([ 593, 2198, 2239], device='cuda:0')
2024-02-11 14:22:42,759 - Classification Succeeds.
2024-02-11 14:22:42,762 - Link Generation Fails.
2024-02-11 14:29:34,435 - Victim node is 696.
2024-02-11 14:29:34,435 - tensor([ 593, 2198, 4376], device='cuda:0')
2024-02-11 14:29:34,435 - Classification Succeeds.
2024-02-11 14:29:34,435 - Link Generation Fails.
2024-02-11 14:36:23,730 - Victim node is 403.
2024-02-11 14:36:23,730 - tensor([7650, 7652, 7653], device='cuda:0')
2024-02-11 14:36:23,738 - Classification Fails.
2024-02-11 14:36:23,740 - Link Generation Succeeds.
2024-02-11 14:43:10,420 - Victim node is 2892.
2024-02-11 14:43:10,420 - tensor([6130, 7460, 7620], device='cuda:0')
2024-02-11 14:43:10,420 - Classification Succeeds.
2024-02-11 14:43:10,420 - Link Generation Fails.
2024-02-11 14:49:59,032 - Victim node is 736.
2024-02-11 14:49:59,032 - tensor([2198, 2239, 4376], device='cuda:0')
2024-02-11 14:49:59,033 - Classification Succeeds.
2024-02-11 14:49:59,033 - Link Generation Fails.
2024-02-11 14:56:51,843 - Victim node is 3336.
2024-02-11 14:56:51,843 - tensor([ 593, 2198, 2239], device='cuda:0')
2024-02-11 14:56:51,844 - Classification Succeeds.
2024-02-11 14:56:51,844 - Link Generation Fails.
2024-02-11 15:03:44,429 - Victim node is 1197.
2024-02-11 15:03:44,430 - tensor([  80,  593, 4376], device='cuda:0')
2024-02-11 15:03:44,434 - Classification Succeeds.
2024-02-11 15:03:44,435 - Link Generation Fails.
2024-02-11 15:10:31,411 - Victim node is 6707.
2024-02-11 15:10:31,411 - tensor([3895, 4805, 5132], device='cuda:0')
2024-02-11 15:10:31,412 - Classification Succeeds.
2024-02-11 15:10:31,412 - Link Generation Fails.
2024-02-11 15:17:25,042 - Victim node is 4922.
2024-02-11 15:17:25,042 - tensor([7650, 7651, 7652], device='cuda:0')
2024-02-11 15:17:25,043 - Classification Fails.
2024-02-11 15:17:25,044 - Link Generation Succeeds.
2024-02-11 15:24:15,253 - Victim node is 5391.
2024-02-11 15:24:15,253 - tensor([6130, 7460, 7620], device='cuda:0')
2024-02-11 15:24:15,259 - Classification Succeeds.
2024-02-11 15:24:15,262 - Link Generation Fails.
2024-02-11 15:31:05,086 - Victim node is 3179.
2024-02-11 15:31:05,086 - tensor([ 593, 2198, 6702], device='cuda:0')
2024-02-11 15:31:05,095 - Classification Succeeds.
2024-02-11 15:31:05,100 - Link Generation Fails.
2024-02-11 15:37:50,555 - Victim node is 6175.
2024-02-11 15:37:50,555 - tensor([ 593, 2198, 4376], device='cuda:0')
2024-02-11 15:37:50,558 - Classification Succeeds.
2024-02-11 15:37:50,560 - Link Generation Fails.
2024-02-11 15:44:41,685 - Victim node is 6171.
2024-02-11 15:44:41,685 - tensor([ 593, 2198, 2239], device='cuda:0')
2024-02-11 15:44:41,686 - Classification Fails.
2024-02-11 15:44:41,686 - Link Generation Fails.
2024-02-11 15:51:30,238 - Victim node is 1972.
2024-02-11 15:51:30,239 - tensor([ 593, 2198, 4376], device='cuda:0')
2024-02-11 15:51:30,241 - Classification Succeeds.
2024-02-11 15:51:30,243 - Link Generation Fails.
2024-02-11 15:58:18,182 - Victim node is 1726.
2024-02-11 15:58:18,183 - tensor([ 593, 2198, 4376], device='cuda:0')
2024-02-11 15:58:18,183 - Classification Succeeds.
2024-02-11 15:58:18,183 - Link Generation Fails.
2024-02-11 16:05:07,780 - Victim node is 3441.
2024-02-11 16:05:07,780 - tensor([  80,  593, 2198], device='cuda:0')
2024-02-11 16:05:07,781 - Classification Succeeds.
2024-02-11 16:05:07,781 - Link Generation Fails.
2024-02-11 16:12:02,488 - Victim node is 4870.
2024-02-11 16:12:02,488 - tensor([1058, 4384, 5404], device='cuda:0')
2024-02-11 16:12:02,495 - Classification Succeeds.
2024-02-11 16:12:02,498 - Link Generation Fails.
2024-02-11 16:18:51,646 - Victim node is 6340.
2024-02-11 16:18:51,646 - tensor([7650, 7651, 7652], device='cuda:0')
2024-02-11 16:18:51,646 - Classification Succeeds.
2024-02-11 16:18:51,646 - Link Generation Succeeds.
2024-02-11 16:25:41,916 - Victim node is 2962.
2024-02-11 16:25:41,916 - tensor([6130, 7460, 7620], device='cuda:0')
2024-02-11 16:25:41,917 - Classification Succeeds.
2024-02-11 16:25:41,917 - Link Generation Fails.
2024-02-11 16:32:32,067 - Victim node is 6711.
2024-02-11 16:32:32,067 - tensor([7650, 7651, 7652], device='cuda:0')
2024-02-11 16:32:32,068 - Classification Fails.
2024-02-11 16:32:32,068 - Link Generation Succeeds.
2024-02-11 16:39:16,421 - Victim node is 560.
2024-02-11 16:39:16,421 - tensor([7650, 7651, 7652], device='cuda:0')
2024-02-11 16:39:16,422 - Classification Succeeds.
2024-02-11 16:39:16,423 - Link Generation Succeeds.
2024-02-11 16:46:09,818 - Victim node is 1810.
2024-02-11 16:46:09,818 - tensor([2198, 2239, 4376], device='cuda:0')
2024-02-11 16:46:09,819 - Classification Succeeds.
2024-02-11 16:46:09,819 - Link Generation Fails.
2024-02-11 16:52:59,593 - Victim node is 3832.
2024-02-11 16:52:59,593 - tensor([4376, 4384, 6702], device='cuda:0')
2024-02-11 16:52:59,606 - Classification Succeeds.
2024-02-11 16:52:59,611 - Link Generation Fails.
2024-02-11 16:59:50,453 - Victim node is 6010.
2024-02-11 16:59:50,453 - tensor([7651, 7652, 7654], device='cuda:0')
2024-02-11 16:59:50,453 - Classification Fails.
2024-02-11 16:59:50,453 - Link Generation Succeeds.
2024-02-11 17:06:36,580 - Victim node is 4306.
2024-02-11 17:06:36,580 - tensor([ 593, 5404, 6702], device='cuda:0')
2024-02-11 17:06:36,580 - Classification Succeeds.
2024-02-11 17:06:36,581 - Link Generation Fails.
2024-02-11 17:13:21,712 - Victim node is 6414.
2024-02-11 17:13:21,712 - tensor([7650, 7651, 7652], device='cuda:0')
2024-02-11 17:13:21,713 - Classification Succeeds.
2024-02-11 17:13:21,713 - Link Generation Succeeds.
2024-02-11 17:20:09,731 - Victim node is 5743.
2024-02-11 17:20:09,731 - tensor([2198, 7652, 7653], device='cuda:0')
2024-02-11 17:20:09,732 - Classification Succeeds.
2024-02-11 17:20:09,732 - Link Generation Succeeds.
2024-02-11 17:26:56,965 - Victim node is 3624.
2024-02-11 17:26:56,965 - tensor([7650, 7651, 7652], device='cuda:0')
2024-02-11 17:26:56,972 - Classification Fails.
2024-02-11 17:26:56,975 - Link Generation Succeeds.
2024-02-11 17:33:50,269 - Victim node is 5166.
2024-02-11 17:33:50,269 - tensor([ 593, 2198, 4376], device='cuda:0')
2024-02-11 17:33:50,270 - Classification Succeeds.
2024-02-11 17:33:50,271 - Link Generation Fails.
2024-02-11 17:40:39,908 - Victim node is 5643.
2024-02-11 17:40:39,908 - tensor([ 932, 7460, 7620], device='cuda:0')
2024-02-11 17:40:39,909 - Classification Fails.
2024-02-11 17:40:39,909 - Link Generation Fails.
2024-02-11 17:47:35,174 - Victim node is 5218.
2024-02-11 17:47:35,174 - tensor([7650, 7651, 7652], device='cuda:0')
2024-02-11 17:47:35,190 - Classification Fails.
2024-02-11 17:47:35,194 - Link Generation Succeeds.
2024-02-11 17:54:23,647 - Victim node is 6546.
2024-02-11 17:54:23,647 - tensor([ 593, 2198, 2239], device='cuda:0')
2024-02-11 17:54:23,648 - Classification Succeeds.
2024-02-11 17:54:23,648 - Link Generation Fails.
2024-02-11 18:01:12,987 - Victim node is 4477.
2024-02-11 18:01:12,987 - tensor([ 593, 2198, 2239], device='cuda:0')
2024-02-11 18:01:12,988 - Classification Succeeds.
2024-02-11 18:01:12,988 - Link Generation Fails.
2024-02-11 18:08:06,371 - Victim node is 3899.
2024-02-11 18:08:06,372 - tensor([ 932, 7460, 7620], device='cuda:0')
2024-02-11 18:08:06,385 - Classification Succeeds.
2024-02-11 18:08:06,390 - Link Generation Fails.
2024-02-11 18:14:56,164 - Victim node is 631.
2024-02-11 18:14:56,165 - tensor([7650, 7651, 7652], device='cuda:0')
2024-02-11 18:14:56,165 - Classification Succeeds.
2024-02-11 18:14:56,165 - Link Generation Succeeds.
2024-02-11 18:21:51,324 - Victim node is 4389.
2024-02-11 18:21:51,324 - tensor([ 593, 2198, 2239], device='cuda:0')
2024-02-11 18:21:51,329 - Classification Succeeds.
2024-02-11 18:21:51,330 - Link Generation Fails.
2024-02-11 18:28:39,475 - Victim node is 5551.
2024-02-11 18:28:39,476 - tensor([ 593, 2239, 4376], device='cuda:0')
2024-02-11 18:28:39,480 - Classification Succeeds.
2024-02-11 18:28:39,481 - Link Generation Fails.
2024-02-11 18:35:28,968 - Victim node is 5707.
2024-02-11 18:35:28,968 - tensor([1744, 1798, 1899], device='cuda:0')
2024-02-11 18:35:28,969 - Classification Succeeds.
2024-02-11 18:35:28,969 - Link Generation Fails.
2024-02-11 18:42:20,496 - Victim node is 5613.
2024-02-11 18:42:20,496 - tensor([7650, 7651, 7652], device='cuda:0')
2024-02-11 18:42:20,496 - Classification Fails.
2024-02-11 18:42:20,496 - Link Generation Succeeds.
2024-02-11 18:49:14,695 - Victim node is 3813.
2024-02-11 18:49:14,695 - tensor([7650, 7651, 7652], device='cuda:0')
2024-02-11 18:49:14,695 - Classification Fails.
2024-02-11 18:49:14,695 - Link Generation Succeeds.
2024-02-11 18:56:00,974 - Victim node is 665.
2024-02-11 18:56:00,974 - tensor([7650, 7651, 7652], device='cuda:0')
2024-02-11 18:56:00,981 - Classification Succeeds.
2024-02-11 18:56:00,983 - Link Generation Succeeds.
2024-02-11 19:02:58,704 - Victim node is 676.
2024-02-11 19:02:58,704 - tensor([7650, 7651, 7652], device='cuda:0')
2024-02-11 19:02:58,704 - Classification Fails.
2024-02-11 19:02:58,704 - Link Generation Succeeds.
2024-02-11 19:09:50,987 - Victim node is 2596.
2024-02-11 19:09:50,987 - tensor([ 593, 2198, 2239], device='cuda:0')
2024-02-11 19:09:50,987 - Classification Succeeds.
2024-02-11 19:09:50,987 - Link Generation Fails.
2024-02-11 19:16:41,291 - Victim node is 2023.
2024-02-11 19:16:41,291 - tensor([7650, 7651, 7652], device='cuda:0')
2024-02-11 19:16:41,304 - Classification Fails.
2024-02-11 19:16:41,309 - Link Generation Succeeds.
2024-02-11 19:23:31,238 - Victim node is 7129.
2024-02-11 19:23:31,239 - tensor([7650, 7651, 7652], device='cuda:0')
2024-02-11 19:23:31,239 - Classification Succeeds.
2024-02-11 19:23:31,239 - Link Generation Succeeds.
2024-02-11 19:30:18,260 - Victim node is 2099.
2024-02-11 19:30:18,260 - tensor([ 593, 2198, 4376], device='cuda:0')
2024-02-11 19:30:18,262 - Classification Succeeds.
2024-02-11 19:30:18,265 - Link Generation Fails.
2024-02-11 19:37:13,326 - Victim node is 4295.
2024-02-11 19:37:13,326 - tensor([7650, 7651, 7652], device='cuda:0')
2024-02-11 19:37:13,326 - Classification Succeeds.
2024-02-11 19:37:13,327 - Link Generation Succeeds.
2024-02-11 19:44:03,693 - Victim node is 3541.
2024-02-11 19:44:03,693 - tensor([ 593, 2198, 2239], device='cuda:0')
2024-02-11 19:44:03,696 - Classification Succeeds.
2024-02-11 19:44:03,698 - Link Generation Fails.
2024-02-11 19:50:51,069 - Victim node is 6757.
2024-02-11 19:50:51,069 - tensor([7650, 7651, 7652], device='cuda:0')
2024-02-11 19:50:51,071 - Classification Succeeds.
2024-02-11 19:50:51,071 - Link Generation Succeeds.
2024-02-11 19:57:39,260 - Victim node is 906.
2024-02-11 19:57:39,260 - tensor([2239, 4376, 4384], device='cuda:0')
2024-02-11 19:57:39,272 - Classification Succeeds.
2024-02-11 19:57:39,274 - Link Generation Fails.
2024-02-11 20:04:26,393 - Victim node is 2092.
2024-02-11 20:04:26,393 - tensor([ 593, 2198, 2239], device='cuda:0')
2024-02-11 20:04:26,400 - Classification Succeeds.
2024-02-11 20:04:26,402 - Link Generation Fails.
2024-02-11 20:11:17,961 - Victim node is 1634.
2024-02-11 20:11:17,961 - tensor([1744, 3895, 7651], device='cuda:0')
2024-02-11 20:11:17,962 - Classification Succeeds.
2024-02-11 20:11:17,962 - Link Generation Succeeds.
2024-02-11 20:18:10,682 - Victim node is 3965.
2024-02-11 20:18:10,682 - tensor([7650, 7651, 7654], device='cuda:0')
2024-02-11 20:18:10,683 - Classification Fails.
2024-02-11 20:18:10,683 - Link Generation Succeeds.
2024-02-11 20:25:00,917 - Victim node is 2499.
2024-02-11 20:25:00,917 - tensor([ 593, 2198, 2239], device='cuda:0')
2024-02-11 20:25:00,918 - Classification Succeeds.
2024-02-11 20:25:00,918 - Link Generation Fails.
2024-02-11 20:31:56,107 - Victim node is 6636.
2024-02-11 20:31:56,107 - tensor([7650, 7651, 7652], device='cuda:0')
2024-02-11 20:31:56,108 - Classification Fails.
2024-02-11 20:31:56,108 - Link Generation Succeeds.
2024-02-11 20:38:52,688 - Victim node is 120.
2024-02-11 20:38:52,688 - tensor([7650, 7651, 7652], device='cuda:0')
2024-02-11 20:38:52,689 - Classification Fails.
2024-02-11 20:38:52,691 - Link Generation Succeeds.
2024-02-11 20:45:41,921 - Victim node is 1651.
2024-02-11 20:45:41,921 - tensor([ 593, 2198, 6702], device='cuda:0')
2024-02-11 20:45:41,921 - Classification Succeeds.
2024-02-11 20:45:41,922 - Link Generation Fails.
2024-02-11 20:52:29,002 - Victim node is 5673.
2024-02-11 20:52:29,002 - tensor([7650, 7651, 7652], device='cuda:0')
2024-02-11 20:52:29,002 - Classification Succeeds.
2024-02-11 20:52:29,002 - Link Generation Succeeds.
2024-02-11 20:59:13,977 - Victim node is 6284.
2024-02-11 20:59:13,977 - tensor([1798, 2239, 4805], device='cuda:0')
2024-02-11 20:59:13,977 - Classification Succeeds.
2024-02-11 20:59:13,977 - Link Generation Fails.
2024-02-11 21:06:05,560 - Victim node is 519.
2024-02-11 21:06:05,560 - tensor([4237, 7460, 7620], device='cuda:0')
2024-02-11 21:06:05,567 - Classification Succeeds.
2024-02-11 21:06:05,569 - Link Generation Fails.
2024-02-11 21:12:52,686 - Victim node is 147.
2024-02-11 21:12:52,687 - tensor([ 593, 2198, 2239], device='cuda:0')
2024-02-11 21:12:52,689 - Classification Succeeds.
2024-02-11 21:12:52,689 - Link Generation Fails.
2024-02-11 21:19:39,917 - Victim node is 2102.
2024-02-11 21:19:39,917 - tensor([2239, 4376, 4805], device='cuda:0')
2024-02-11 21:19:39,918 - Classification Succeeds.
2024-02-11 21:19:39,918 - Link Generation Fails.
2024-02-11 21:26:29,148 - Victim node is 3686.
2024-02-11 21:26:29,148 - tensor([ 593, 2198, 4376], device='cuda:0')
2024-02-11 21:26:29,149 - Classification Succeeds.
2024-02-11 21:26:29,149 - Link Generation Fails.
2024-02-11 21:33:22,719 - Victim node is 7206.
2024-02-11 21:33:22,719 - tensor([ 593, 2198, 4376], device='cuda:0')
2024-02-11 21:33:22,730 - Classification Succeeds.
2024-02-11 21:33:22,733 - Link Generation Fails.
2024-02-11 21:40:14,609 - Victim node is 3559.
2024-02-11 21:40:14,610 - tensor([ 593, 2198, 2239], device='cuda:0')
2024-02-11 21:40:14,617 - Classification Succeeds.
2024-02-11 21:40:14,619 - Link Generation Fails.
2024-02-11 21:47:04,557 - Victim node is 506.
2024-02-11 21:47:04,557 - tensor([ 593, 2198, 4376], device='cuda:0')
2024-02-11 21:47:04,565 - Classification Succeeds.
2024-02-11 21:47:04,567 - Link Generation Fails.
2024-02-11 21:53:57,393 - Victim node is 7598.
2024-02-11 21:53:57,393 - tensor([7650, 7651, 7652], device='cuda:0')
2024-02-11 21:53:57,397 - Classification Fails.
2024-02-11 21:53:57,397 - Link Generation Succeeds.
2024-02-11 22:00:43,213 - Victim node is 2192.
2024-02-11 22:00:43,213 - tensor([ 593, 2198, 2239], device='cuda:0')
2024-02-11 22:00:43,213 - Classification Succeeds.
2024-02-11 22:00:43,213 - Link Generation Fails.
2024-02-11 22:07:36,350 - Victim node is 6739.
2024-02-11 22:07:36,350 - tensor([7650, 7651, 7652], device='cuda:0')
2024-02-11 22:07:36,351 - Classification Fails.
2024-02-11 22:07:36,351 - Link Generation Succeeds.
2024-02-11 22:14:26,850 - Victim node is 5366.
2024-02-11 22:14:26,851 - tensor([1759, 2260, 4666], device='cuda:0')
2024-02-11 22:14:26,851 - Classification Succeeds.
2024-02-11 22:14:26,851 - Link Generation Fails.
2024-02-11 22:21:12,769 - Victim node is 629.
2024-02-11 22:21:12,769 - tensor([2239, 4805, 6702], device='cuda:0')
2024-02-11 22:21:12,770 - Classification Succeeds.
2024-02-11 22:21:12,770 - Link Generation Fails.
2024-02-11 22:28:03,833 - Victim node is 1727.
2024-02-11 22:28:03,833 - tensor([2239, 4376, 4384], device='cuda:0')
2024-02-11 22:28:03,834 - Classification Succeeds.
2024-02-11 22:28:03,842 - Link Generation Fails.
2024-02-11 22:35:01,536 - Victim node is 755.
2024-02-11 22:35:01,536 - tensor([ 593, 2198, 4376], device='cuda:0')
2024-02-11 22:35:01,543 - Classification Succeeds.
2024-02-11 22:35:01,546 - Link Generation Fails.
2024-02-11 22:41:56,622 - Victim node is 1075.
2024-02-11 22:41:56,622 - tensor([7650, 7651, 7652], device='cuda:0')
2024-02-11 22:41:56,622 - Classification Fails.
2024-02-11 22:41:56,624 - Link Generation Succeeds.
2024-02-11 22:48:43,687 - Victim node is 3530.
2024-02-11 22:48:43,687 - tensor([7650, 7651, 7652], device='cuda:0')
2024-02-11 22:48:43,687 - Classification Fails.
2024-02-11 22:48:43,689 - Link Generation Succeeds.
2024-02-11 22:55:30,772 - Victim node is 1677.
2024-02-11 22:55:30,772 - tensor([7650, 7651, 7652], device='cuda:0')
2024-02-11 22:55:30,784 - Classification Fails.
2024-02-11 22:55:30,786 - Link Generation Succeeds.
2024-02-11 23:02:23,911 - Victim node is 6298.
2024-02-11 23:02:23,911 - tensor([ 593, 2198, 2239], device='cuda:0')
2024-02-11 23:02:23,915 - Classification Succeeds.
2024-02-11 23:02:23,916 - Link Generation Fails.
2024-02-11 23:09:16,867 - Victim node is 1421.
2024-02-11 23:09:16,867 - tensor([2239, 4805, 5132], device='cuda:0')
2024-02-11 23:09:16,869 - Classification Succeeds.
2024-02-11 23:09:16,871 - Link Generation Fails.
2024-02-11 23:16:03,428 - Victim node is 6766.
2024-02-11 23:16:03,428 - tensor([ 593, 2198, 2239], device='cuda:0')
2024-02-11 23:16:03,428 - Classification Succeeds.
2024-02-11 23:16:03,429 - Link Generation Fails.
2024-02-11 23:22:51,900 - Victim node is 1640.
2024-02-11 23:22:51,900 - tensor([7650, 7651, 7652], device='cuda:0')
2024-02-11 23:22:51,913 - Classification Fails.
2024-02-11 23:22:51,918 - Link Generation Succeeds.
2024-02-11 23:29:49,164 - Victim node is 4187.
2024-02-11 23:29:49,164 - tensor([ 593, 2198, 2239], device='cuda:0')
2024-02-11 23:29:49,182 - Classification Fails.
2024-02-11 23:29:49,188 - Link Generation Fails.
2024-02-11 23:36:35,415 - Victim node is 4432.
2024-02-11 23:36:35,415 - tensor([4237, 7460, 7620], device='cuda:0')
2024-02-11 23:36:35,415 - Classification Succeeds.
2024-02-11 23:36:35,416 - Link Generation Fails.
2024-02-11 23:43:20,735 - Victim node is 3550.
2024-02-11 23:43:20,735 - tensor([7651, 7652, 7653], device='cuda:0')
2024-02-11 23:43:20,736 - Classification Fails.
2024-02-11 23:43:20,736 - Link Generation Succeeds.
2024-02-11 23:50:09,072 - Victim node is 5267.
2024-02-11 23:50:09,072 - tensor([7650, 7651, 7652], device='cuda:0')
2024-02-11 23:50:09,079 - Classification Succeeds.
2024-02-11 23:50:09,082 - Link Generation Succeeds.
2024-02-11 23:56:57,806 - Victim node is 6237.
2024-02-11 23:56:57,806 - tensor([ 593, 2198, 4376], device='cuda:0')
2024-02-11 23:56:57,807 - Classification Succeeds.
2024-02-11 23:56:57,809 - Link Generation Fails.
2024-02-12 00:03:46,629 - Victim node is 3695.
2024-02-12 00:03:46,629 - tensor([ 593, 4805, 6702], device='cuda:0')
2024-02-12 00:03:46,630 - Classification Succeeds.
2024-02-12 00:03:46,630 - Link Generation Fails.
2024-02-12 00:10:38,827 - Victim node is 3315.
2024-02-12 00:10:38,827 - tensor([7650, 7651, 7652], device='cuda:0')
2024-02-12 00:10:38,827 - Classification Fails.
2024-02-12 00:10:38,827 - Link Generation Succeeds.
2024-02-12 00:17:33,011 - Victim node is 6645.
2024-02-12 00:17:33,011 - tensor([4237, 7460, 7620], device='cuda:0')
2024-02-12 00:17:33,011 - Classification Succeeds.
2024-02-12 00:17:33,012 - Link Generation Fails.
2024-02-12 00:24:24,365 - Victim node is 2883.
2024-02-12 00:24:24,365 - tensor([ 593, 2239, 4376], device='cuda:0')
2024-02-12 00:24:24,375 - Classification Succeeds.
2024-02-12 00:24:24,377 - Link Generation Fails.
2024-02-12 00:31:19,451 - Victim node is 6605.
2024-02-12 00:31:19,452 - tensor([ 593, 2198, 2239], device='cuda:0')
2024-02-12 00:31:19,452 - Classification Succeeds.
2024-02-12 00:31:19,452 - Link Generation Fails.
2024-02-12 00:38:10,248 - Victim node is 7594.
2024-02-12 00:38:10,248 - tensor([7650, 7651, 7652], device='cuda:0')
2024-02-12 00:38:10,248 - Classification Succeeds.
2024-02-12 00:38:10,248 - Link Generation Succeeds.
2024-02-12 00:45:01,349 - Victim node is 1016.
2024-02-12 00:45:01,349 - tensor([ 593, 2198, 4376], device='cuda:0')
2024-02-12 00:45:01,363 - Classification Succeeds.
2024-02-12 00:45:01,369 - Link Generation Fails.
2024-02-12 00:51:55,216 - Victim node is 1077.
2024-02-12 00:51:55,216 - tensor([4237, 7460, 7620], device='cuda:0')
2024-02-12 00:51:55,230 - Classification Succeeds.
2024-02-12 00:51:55,234 - Link Generation Fails.
2024-02-12 00:58:41,009 - Victim node is 4163.
2024-02-12 00:58:41,009 - tensor([ 593, 2198, 4376], device='cuda:0')
2024-02-12 00:58:41,030 - Classification Succeeds.
2024-02-12 00:58:41,036 - Link Generation Fails.
2024-02-12 01:05:31,289 - Victim node is 2484.
2024-02-12 01:05:31,289 - tensor([ 593, 4376, 6702], device='cuda:0')
2024-02-12 01:05:31,289 - Classification Succeeds.
2024-02-12 01:05:31,289 - Link Generation Fails.
2024-02-12 01:12:18,753 - Victim node is 2690.
2024-02-12 01:12:18,753 - tensor([ 593, 2198, 2239], device='cuda:0')
2024-02-12 01:12:18,755 - Classification Fails.
2024-02-12 01:12:18,758 - Link Generation Fails.
2024-02-12 01:19:07,113 - Victim node is 4921.
2024-02-12 01:19:07,113 - tensor([ 593, 2198, 2239], device='cuda:0')
2024-02-12 01:19:07,120 - Classification Succeeds.
2024-02-12 01:19:07,125 - Link Generation Fails.
2024-02-12 01:26:04,878 - Victim node is 4077.
2024-02-12 01:26:04,878 - tensor([7650, 7651, 7652], device='cuda:0')
2024-02-12 01:26:04,878 - Classification Succeeds.
2024-02-12 01:26:04,878 - Link Generation Succeeds.
2024-02-12 01:32:52,397 - Victim node is 4748.
2024-02-12 01:32:52,397 - tensor([7650, 7651, 7652], device='cuda:0')
2024-02-12 01:32:52,397 - Classification Fails.
2024-02-12 01:32:52,398 - Link Generation Succeeds.
2024-02-12 01:39:43,653 - Victim node is 7363.
2024-02-12 01:39:43,654 - tensor([ 593, 2198, 4376], device='cuda:0')
2024-02-12 01:39:43,656 - Classification Fails.
2024-02-12 01:39:43,658 - Link Generation Fails.
2024-02-12 01:46:30,980 - Victim node is 3275.
2024-02-12 01:46:30,980 - tensor([2198, 2239, 4376], device='cuda:0')
2024-02-12 01:46:30,981 - Classification Succeeds.
2024-02-12 01:46:30,981 - Link Generation Fails.
2024-02-12 01:53:16,628 - Victim node is 1115.
2024-02-12 01:53:16,628 - tensor([11, 13, 16], device='cuda:0')
2024-02-12 01:53:16,628 - Classification Succeeds.
2024-02-12 01:53:16,628 - Link Generation Fails.
2024-02-12 02:00:10,085 - Victim node is 1730.
2024-02-12 02:00:10,086 - tensor([ 593, 2198, 2239], device='cuda:0')
2024-02-12 02:00:10,086 - Classification Succeeds.
2024-02-12 02:00:10,086 - Link Generation Fails.
2024-02-12 02:07:01,160 - Victim node is 827.
2024-02-12 02:07:01,160 - tensor([ 932, 7460, 7620], device='cuda:0')
2024-02-12 02:07:01,160 - Classification Succeeds.
2024-02-12 02:07:01,160 - Link Generation Fails.
2024-02-12 02:13:49,457 - Victim node is 3635.
2024-02-12 02:13:49,457 - tensor([ 593, 2198, 2239], device='cuda:0')
2024-02-12 02:13:49,458 - Classification Fails.
2024-02-12 02:13:49,458 - Link Generation Fails.
2024-02-12 02:20:40,322 - Victim node is 6219.
2024-02-12 02:20:40,322 - tensor([ 593, 2198, 2239], device='cuda:0')
2024-02-12 02:20:40,322 - Classification Succeeds.
2024-02-12 02:20:40,322 - Link Generation Fails.
2024-02-12 02:27:33,353 - Victim node is 5482.
2024-02-12 02:27:33,354 - tensor([7460, 7620, 7653], device='cuda:0')
2024-02-12 02:27:33,354 - Classification Fails.
2024-02-12 02:27:33,356 - Link Generation Succeeds.
2024-02-12 02:34:21,548 - Victim node is 3111.
2024-02-12 02:34:21,548 - tensor([7650, 7651, 7652], device='cuda:0')
2024-02-12 02:34:21,548 - Classification Fails.
2024-02-12 02:34:21,548 - Link Generation Succeeds.
2024-02-12 02:41:12,232 - Victim node is 3250.
2024-02-12 02:41:12,232 - tensor([ 593, 2198, 2239], device='cuda:0')
2024-02-12 02:41:12,233 - Classification Succeeds.
2024-02-12 02:41:12,233 - Link Generation Fails.
2024-02-12 02:47:54,830 - Victim node is 5479.
2024-02-12 02:47:54,830 - tensor([2198, 2239, 4376], device='cuda:0')
2024-02-12 02:47:54,830 - Classification Succeeds.
2024-02-12 02:47:54,830 - Link Generation Fails.
2024-02-12 02:54:38,880 - Victim node is 7025.
2024-02-12 02:54:38,880 - tensor([7650, 7651, 7652], device='cuda:0')
2024-02-12 02:54:38,890 - Classification Fails.
2024-02-12 02:54:38,893 - Link Generation Succeeds.
2024-02-12 03:01:31,983 - Victim node is 4791.
2024-02-12 03:01:31,983 - tensor([  80,  593, 4384], device='cuda:0')
2024-02-12 03:01:31,985 - Classification Succeeds.
2024-02-12 03:01:31,985 - Link Generation Fails.
2024-02-12 03:08:21,103 - Victim node is 2424.
2024-02-12 03:08:21,103 - tensor([7650, 7651, 7652], device='cuda:0')
2024-02-12 03:08:21,104 - Classification Fails.
2024-02-12 03:08:21,104 - Link Generation Succeeds.
2024-02-12 03:15:10,433 - Victim node is 7489.
2024-02-12 03:15:10,433 - tensor([ 593, 2198, 4376], device='cuda:0')
2024-02-12 03:15:10,447 - Classification Succeeds.
2024-02-12 03:15:10,451 - Link Generation Fails.
2024-02-12 03:22:04,472 - Victim node is 4318.
2024-02-12 03:22:04,472 - tensor([7650, 7651, 7653], device='cuda:0')
2024-02-12 03:22:04,472 - Classification Succeeds.
2024-02-12 03:22:04,472 - Link Generation Succeeds.
2024-02-12 03:28:55,273 - Victim node is 1009.
2024-02-12 03:28:55,273 - tensor([6130, 7460, 7620], device='cuda:0')
2024-02-12 03:28:55,275 - Classification Succeeds.
2024-02-12 03:28:55,275 - Link Generation Fails.
2024-02-12 03:35:42,817 - Victim node is 2008.
2024-02-12 03:35:42,817 - tensor([ 593, 2198, 2239], device='cuda:0')
2024-02-12 03:35:42,817 - Classification Fails.
2024-02-12 03:35:42,817 - Link Generation Fails.
2024-02-12 03:42:29,654 - Victim node is 5533.
2024-02-12 03:42:29,654 - tensor([4237, 6130, 7460], device='cuda:0')
2024-02-12 03:42:29,662 - Classification Succeeds.
2024-02-12 03:42:29,664 - Link Generation Fails.
2024-02-12 03:49:22,534 - Victim node is 4590.
2024-02-12 03:49:22,534 - tensor([2239, 4376, 4384], device='cuda:0')
2024-02-12 03:49:22,535 - Classification Succeeds.
2024-02-12 03:49:22,535 - Link Generation Fails.
2024-02-12 03:56:16,530 - Victim node is 2177.
2024-02-12 03:56:16,530 - tensor([7650, 7651, 7652], device='cuda:0')
2024-02-12 03:56:16,537 - Classification Fails.
2024-02-12 03:56:16,539 - Link Generation Succeeds.
2024-02-12 04:03:03,236 - Victim node is 3420.
2024-02-12 04:03:03,236 - tensor([4237, 7460, 7620], device='cuda:0')
2024-02-12 04:03:03,236 - Classification Succeeds.
2024-02-12 04:03:03,236 - Link Generation Fails.
2024-02-12 04:09:50,298 - Victim node is 4162.
2024-02-12 04:09:50,298 - tensor([ 593, 4376, 4384], device='cuda:0')
2024-02-12 04:09:50,298 - Classification Succeeds.
2024-02-12 04:09:50,298 - Link Generation Fails.
2024-02-12 04:16:37,221 - Victim node is 1610.
2024-02-12 04:16:37,221 - tensor([  80, 2198, 4376], device='cuda:0')
2024-02-12 04:16:37,230 - Classification Succeeds.
2024-02-12 04:16:37,235 - Link Generation Fails.
2024-02-12 04:23:25,980 - Victim node is 2042.
2024-02-12 04:23:25,980 - tensor([  80,  593, 4376], device='cuda:0')
2024-02-12 04:23:25,982 - Classification Succeeds.
2024-02-12 04:23:25,984 - Link Generation Fails.
2024-02-12 04:30:17,355 - Victim node is 5480.
2024-02-12 04:30:17,355 - tensor([6130, 7460, 7620], device='cuda:0')
2024-02-12 04:30:17,356 - Classification Succeeds.
2024-02-12 04:30:17,356 - Link Generation Fails.
2024-02-12 04:37:01,465 - Victim node is 7016.
2024-02-12 04:37:01,465 - tensor([ 593, 2198, 4376], device='cuda:0')
2024-02-12 04:37:01,465 - Classification Succeeds.
2024-02-12 04:37:01,465 - Link Generation Fails.
2024-02-12 04:43:47,739 - Victim node is 2371.
2024-02-12 04:43:47,739 - tensor([ 593, 2198, 2239], device='cuda:0')
2024-02-12 04:43:47,740 - Classification Succeeds.
2024-02-12 04:43:47,740 - Link Generation Fails.
2024-02-12 04:50:44,112 - Victim node is 4913.
2024-02-12 04:50:44,112 - tensor([ 593, 2198, 4376], device='cuda:0')
2024-02-12 04:50:44,122 - Classification Succeeds.
2024-02-12 04:50:44,127 - Link Generation Fails.
2024-02-12 04:57:39,360 - Victim node is 4479.
2024-02-12 04:57:39,360 - tensor([4384, 5404, 6702], device='cuda:0')
2024-02-12 04:57:39,373 - Classification Succeeds.
2024-02-12 04:57:39,378 - Link Generation Fails.
2024-02-12 05:04:35,810 - Victim node is 5283.
2024-02-12 05:04:35,810 - tensor([7650, 7651, 7652], device='cuda:0')
2024-02-12 05:04:35,819 - Classification Fails.
2024-02-12 05:04:35,820 - Link Generation Succeeds.
2024-02-12 05:11:31,504 - Victim node is 3124.
2024-02-12 05:11:31,504 - tensor([ 593, 2198, 4376], device='cuda:0')
2024-02-12 05:11:31,506 - Classification Succeeds.
2024-02-12 05:11:31,506 - Link Generation Fails.
2024-02-12 05:18:21,742 - Victim node is 4178.
2024-02-12 05:18:21,742 - tensor([ 593, 2198, 2239], device='cuda:0')
2024-02-12 05:18:21,743 - Classification Succeeds.
2024-02-12 05:18:21,745 - Link Generation Fails.
2024-02-12 05:25:15,548 - Victim node is 2678.
2024-02-12 05:25:15,548 - tensor([ 593, 2198, 4376], device='cuda:0')
2024-02-12 05:25:15,562 - Classification Succeeds.
2024-02-12 05:25:15,569 - Link Generation Fails.
2024-02-12 05:32:09,529 - Victim node is 2336.
2024-02-12 05:32:09,529 - tensor([ 593, 5404, 6702], device='cuda:0')
2024-02-12 05:32:09,537 - Classification Succeeds.
2024-02-12 05:32:09,539 - Link Generation Fails.
2024-02-12 05:39:00,035 - Victim node is 6334.
2024-02-12 05:39:00,035 - tensor([7650, 7651, 7652], device='cuda:0')
2024-02-12 05:39:00,037 - Classification Fails.
2024-02-12 05:39:00,038 - Link Generation Succeeds.
2024-02-12 05:45:51,229 - Victim node is 961.
2024-02-12 05:45:51,229 - tensor([7650, 7651, 7652], device='cuda:0')
2024-02-12 05:45:51,232 - Classification Succeeds.
2024-02-12 05:45:51,233 - Link Generation Succeeds.
2024-02-12 05:52:44,497 - Victim node is 4079.
2024-02-12 05:52:44,497 - tensor([3383, 6499, 7460], device='cuda:0')
2024-02-12 05:52:44,510 - Classification Succeeds.
2024-02-12 05:52:44,513 - Link Generation Fails.
2024-02-12 05:59:29,323 - Victim node is 189.
2024-02-12 05:59:29,323 - tensor([ 593, 2198, 4376], device='cuda:0')
2024-02-12 05:59:29,328 - Classification Succeeds.
2024-02-12 05:59:29,329 - Link Generation Fails.
2024-02-12 06:06:20,464 - Victim node is 812.
2024-02-12 06:06:20,465 - tensor([ 593, 2198, 4376], device='cuda:0')
2024-02-12 06:06:20,482 - Classification Succeeds.
2024-02-12 06:06:20,485 - Link Generation Fails.
2024-02-12 06:13:14,279 - Victim node is 5771.
2024-02-12 06:13:14,279 - tensor([ 526, 3578, 4805], device='cuda:0')
2024-02-12 06:13:14,283 - Classification Succeeds.
2024-02-12 06:13:14,283 - Link Generation Fails.
2024-02-12 06:20:11,387 - Victim node is 6968.
2024-02-12 06:20:11,387 - tensor([3895, 4384, 6551], device='cuda:0')
2024-02-12 06:20:11,398 - Classification Succeeds.
2024-02-12 06:20:11,401 - Link Generation Fails.
2024-02-12 06:27:09,926 - Victim node is 1665.
2024-02-12 06:27:09,926 - tensor([ 593, 2239, 6702], device='cuda:0')
2024-02-12 06:27:09,927 - Classification Succeeds.
2024-02-12 06:27:09,927 - Link Generation Fails.
2024-02-12 06:33:59,409 - Victim node is 7174.
2024-02-12 06:33:59,409 - tensor([7650, 7651, 7652], device='cuda:0')
2024-02-12 06:33:59,413 - Classification Fails.
2024-02-12 06:33:59,413 - Link Generation Succeeds.
2024-02-12 06:40:44,380 - Victim node is 4194.
2024-02-12 06:40:44,381 - tensor([ 593, 2198, 4376], device='cuda:0')
2024-02-12 06:40:44,381 - Classification Succeeds.
2024-02-12 06:40:44,383 - Link Generation Fails.
2024-02-12 06:47:34,214 - Victim node is 4118.
2024-02-12 06:47:34,215 - tensor([7650, 7651, 7652], device='cuda:0')
2024-02-12 06:47:34,225 - Classification Fails.
2024-02-12 06:47:34,227 - Link Generation Succeeds.
2024-02-12 06:54:19,230 - Victim node is 7477.
2024-02-12 06:54:19,230 - tensor([7650, 7651, 7652], device='cuda:0')
2024-02-12 06:54:19,230 - Classification Fails.
2024-02-12 06:54:19,230 - Link Generation Succeeds.
2024-02-12 07:01:08,891 - Victim node is 5628.
2024-02-12 07:01:08,891 - tensor([4646, 6433, 7620], device='cuda:0')
2024-02-12 07:01:08,897 - Classification Fails.
2024-02-12 07:01:08,900 - Link Generation Fails.
2024-02-12 07:07:58,251 - Victim node is 6842.
2024-02-12 07:07:58,252 - tensor([ 593, 2198, 2239], device='cuda:0')
2024-02-12 07:07:58,252 - Classification Succeeds.
2024-02-12 07:07:58,252 - Link Generation Fails.
2024-02-12 07:14:43,790 - Victim node is 2928.
2024-02-12 07:14:43,790 - tensor([ 9, 11, 16], device='cuda:0')
2024-02-12 07:14:43,791 - Classification Succeeds.
2024-02-12 07:14:43,791 - Link Generation Fails.
2024-02-12 07:21:35,103 - Victim node is 3509.
2024-02-12 07:21:35,103 - tensor([7652, 7653, 7654], device='cuda:0')
2024-02-12 07:21:35,107 - Classification Fails.
2024-02-12 07:21:35,107 - Link Generation Succeeds.
2024-02-12 07:28:21,570 - Victim node is 6854.
2024-02-12 07:28:21,570 - tensor([7650, 7651, 7652], device='cuda:0')
2024-02-12 07:28:21,576 - Classification Fails.
2024-02-12 07:28:21,579 - Link Generation Succeeds.
2024-02-12 07:35:12,812 - Victim node is 4303.
2024-02-12 07:35:12,812 - tensor([ 593, 2198, 2239], device='cuda:0')
2024-02-12 07:35:12,813 - Classification Succeeds.
2024-02-12 07:35:12,813 - Link Generation Fails.
2024-02-12 07:42:00,581 - Victim node is 3462.
2024-02-12 07:42:00,581 - tensor([ 593, 2239, 4384], device='cuda:0')
2024-02-12 07:42:00,582 - Classification Succeeds.
2024-02-12 07:42:00,582 - Link Generation Fails.
2024-02-12 07:48:50,951 - Victim node is 6578.
2024-02-12 07:48:50,951 - tensor([ 593, 2198, 4376], device='cuda:0')
2024-02-12 07:48:50,951 - Classification Succeeds.
2024-02-12 07:48:50,951 - Link Generation Fails.
2024-02-12 07:55:39,875 - Victim node is 1728.
2024-02-12 07:55:39,875 - tensor([6130, 7460, 7620], device='cuda:0')
2024-02-12 07:55:39,883 - Classification Succeeds.
2024-02-12 07:55:39,885 - Link Generation Fails.
2024-02-12 08:02:28,637 - Victim node is 6329.
2024-02-12 08:02:28,637 - tensor([6130, 7620, 7652], device='cuda:0')
2024-02-12 08:02:28,645 - Classification Fails.
2024-02-12 08:02:28,649 - Link Generation Succeeds.
2024-02-12 08:09:22,226 - Victim node is 688.
2024-02-12 08:09:22,226 - tensor([ 593, 2198, 4376], device='cuda:0')
2024-02-12 08:09:22,231 - Classification Succeeds.
2024-02-12 08:09:22,231 - Link Generation Fails.
2024-02-12 08:16:14,156 - Victim node is 7515.
2024-02-12 08:16:14,156 - tensor([4237, 7460, 7620], device='cuda:0')
2024-02-12 08:16:14,160 - Classification Succeeds.
2024-02-12 08:16:14,161 - Link Generation Fails.
2024-02-12 08:23:03,779 - Victim node is 5616.
2024-02-12 08:23:03,779 - tensor([11, 16, 17], device='cuda:0')
2024-02-12 08:23:03,780 - Classification Succeeds.
2024-02-12 08:23:03,780 - Link Generation Fails.
2024-02-12 08:29:55,434 - Victim node is 3282.
2024-02-12 08:29:55,434 - tensor([  80,  593, 4376], device='cuda:0')
2024-02-12 08:29:55,441 - Classification Succeeds.
2024-02-12 08:29:55,443 - Link Generation Fails.
2024-02-12 08:36:40,718 - Victim node is 454.
2024-02-12 08:36:40,718 - tensor([7650, 7651, 7652], device='cuda:0')
2024-02-12 08:36:40,726 - Classification Fails.
2024-02-12 08:36:40,728 - Link Generation Succeeds.
2024-02-12 08:43:29,881 - Victim node is 6354.
2024-02-12 08:43:29,881 - tensor([4384, 5472, 6702], device='cuda:0')
2024-02-12 08:43:29,881 - Classification Fails.
2024-02-12 08:43:29,882 - Link Generation Fails.
2024-02-12 08:50:25,662 - Victim node is 2483.
2024-02-12 08:50:25,662 - tensor([7650, 7651, 7652], device='cuda:0')
2024-02-12 08:50:25,665 - Classification Fails.
2024-02-12 08:50:25,666 - Link Generation Succeeds.
2024-02-12 08:57:12,897 - Victim node is 2161.
2024-02-12 08:57:12,897 - tensor([4237, 7460, 7620], device='cuda:0')
2024-02-12 08:57:12,898 - Classification Succeeds.
2024-02-12 08:57:12,900 - Link Generation Fails.
2024-02-12 09:04:06,564 - Victim node is 6206.
2024-02-12 09:04:06,565 - tensor([4237, 7460, 7620], device='cuda:0')
2024-02-12 09:04:06,565 - Classification Succeeds.
2024-02-12 09:04:06,565 - Link Generation Fails.
2024-02-12 09:10:56,844 - Victim node is 7263.
2024-02-12 09:10:56,844 - tensor([ 593, 2198, 2239], device='cuda:0')
2024-02-12 09:10:56,845 - Classification Succeeds.
2024-02-12 09:10:56,845 - Link Generation Fails.
2024-02-12 09:17:45,955 - Victim node is 5715.
2024-02-12 09:17:45,955 - tensor([7650, 7651, 7652], device='cuda:0')
2024-02-12 09:17:45,956 - Classification Succeeds.
2024-02-12 09:17:45,956 - Link Generation Succeeds.
2024-02-12 09:24:33,591 - Victim node is 4555.
2024-02-12 09:24:33,592 - tensor([ 593, 2198, 2239], device='cuda:0')
2024-02-12 09:24:33,592 - Classification Succeeds.
2024-02-12 09:24:33,592 - Link Generation Fails.
2024-02-12 09:31:23,135 - Victim node is 6025.
2024-02-12 09:31:23,135 - tensor([7650, 7651, 7652], device='cuda:0')
2024-02-12 09:31:23,136 - Classification Fails.
2024-02-12 09:31:23,136 - Link Generation Succeeds.
2024-02-12 09:38:12,212 - Victim node is 7318.
2024-02-12 09:38:12,212 - tensor([ 932, 4237, 7460], device='cuda:0')
2024-02-12 09:38:12,217 - Classification Fails.
2024-02-12 09:38:12,219 - Link Generation Fails.
2024-02-12 09:45:01,790 - Victim node is 3514.
2024-02-12 09:45:01,790 - tensor([2239, 4384, 6551], device='cuda:0')
2024-02-12 09:45:01,790 - Classification Succeeds.
2024-02-12 09:45:01,790 - Link Generation Fails.
2024-02-12 09:51:56,110 - Victim node is 6344.
2024-02-12 09:51:56,110 - tensor([ 9, 11, 16], device='cuda:0')
2024-02-12 09:51:56,113 - Classification Succeeds.
2024-02-12 09:51:56,115 - Link Generation Fails.
2024-02-12 09:58:47,674 - Victim node is 130.
2024-02-12 09:58:47,674 - tensor([7650, 7651, 7652], device='cuda:0')
2024-02-12 09:58:47,674 - Classification Fails.
2024-02-12 09:58:47,674 - Link Generation Succeeds.
2024-02-12 10:05:38,111 - Victim node is 6520.
2024-02-12 10:05:38,111 - tensor([ 593, 2198, 4376], device='cuda:0')
2024-02-12 10:05:38,113 - Classification Succeeds.
2024-02-12 10:05:38,116 - Link Generation Fails.
2024-02-12 10:12:30,039 - Victim node is 4777.
2024-02-12 10:12:30,039 - tensor([4237, 7460, 7620], device='cuda:0')
2024-02-12 10:12:30,039 - Classification Succeeds.
2024-02-12 10:12:30,039 - Link Generation Fails.
2024-02-12 10:19:21,570 - Victim node is 4473.
2024-02-12 10:19:21,570 - tensor([ 593, 2198, 4376], device='cuda:0')
2024-02-12 10:19:21,571 - Classification Fails.
2024-02-12 10:19:21,571 - Link Generation Fails.
2024-02-12 10:26:09,600 - Victim node is 5017.
2024-02-12 10:26:09,600 - tensor([6130, 7460, 7620], device='cuda:0')
2024-02-12 10:26:09,607 - Classification Succeeds.
2024-02-12 10:26:09,609 - Link Generation Fails.
2024-02-12 10:33:03,786 - Victim node is 5561.
2024-02-12 10:33:03,786 - tensor([7650, 7651, 7654], device='cuda:0')
2024-02-12 10:33:03,787 - Classification Fails.
2024-02-12 10:33:03,787 - Link Generation Succeeds.
2024-02-12 10:39:54,735 - Victim node is 4635.
2024-02-12 10:39:54,735 - tensor([7650, 7651, 7652], device='cuda:0')
2024-02-12 10:39:54,735 - Classification Fails.
2024-02-12 10:39:54,735 - Link Generation Succeeds.
2024-02-12 10:46:45,396 - Victim node is 4137.
2024-02-12 10:46:45,397 - tensor([4237, 7460, 7620], device='cuda:0')
2024-02-12 10:46:45,397 - Classification Succeeds.
2024-02-12 10:46:45,397 - Link Generation Fails.
2024-02-12 10:53:36,193 - Victim node is 642.
2024-02-12 10:53:36,193 - tensor([1759, 2260, 3383], device='cuda:0')
2024-02-12 10:53:36,193 - Classification Fails.
2024-02-12 10:53:36,194 - Link Generation Fails.
2024-02-12 11:00:30,530 - Victim node is 5192.
2024-02-12 11:00:30,530 - tensor([6130, 7460, 7620], device='cuda:0')
2024-02-12 11:00:30,544 - Classification Succeeds.
2024-02-12 11:00:30,551 - Link Generation Fails.
2024-02-12 11:07:29,840 - Victim node is 6351.
2024-02-12 11:07:29,840 - tensor([4237, 7460, 7620], device='cuda:0')
2024-02-12 11:07:29,847 - Classification Succeeds.
2024-02-12 11:07:29,849 - Link Generation Fails.
2024-02-12 11:14:17,591 - Victim node is 520.
2024-02-12 11:14:17,591 - tensor([4237, 7460, 7620], device='cuda:0')
2024-02-12 11:14:17,591 - Classification Succeeds.
2024-02-12 11:14:17,591 - Link Generation Fails.
2024-02-12 11:21:08,580 - Victim node is 7180.
2024-02-12 11:21:08,581 - tensor([2198, 2239, 6702], device='cuda:0')
2024-02-12 11:21:08,581 - Classification Succeeds.
2024-02-12 11:21:08,581 - Link Generation Fails.
2024-02-12 11:27:57,196 - Victim node is 6506.
2024-02-12 11:27:57,196 - tensor([7650, 7651, 7652], device='cuda:0')
2024-02-12 11:27:57,203 - Classification Succeeds.
2024-02-12 11:27:57,205 - Link Generation Succeeds.
2024-02-12 11:34:47,567 - Victim node is 1806.
2024-02-12 11:34:47,567 - tensor([7650, 7651, 7652], device='cuda:0')
2024-02-12 11:34:47,568 - Classification Fails.
2024-02-12 11:34:47,568 - Link Generation Succeeds.
2024-02-12 11:41:37,892 - Victim node is 6990.
2024-02-12 11:41:37,892 - tensor([ 593, 2239, 6702], device='cuda:0')
2024-02-12 11:41:37,899 - Classification Succeeds.
2024-02-12 11:41:37,901 - Link Generation Fails.
2024-02-12 11:48:26,227 - Victim node is 4370.
2024-02-12 11:48:26,227 - tensor([7650, 7651, 7652], device='cuda:0')
2024-02-12 11:48:26,228 - Classification Succeeds.
2024-02-12 11:48:26,228 - Link Generation Succeeds.
2024-02-12 11:55:10,481 - Victim node is 5570.
2024-02-12 11:55:10,481 - tensor([7650, 7651, 7652], device='cuda:0')
2024-02-12 11:55:10,481 - Classification Succeeds.
2024-02-12 11:55:10,482 - Link Generation Succeeds.
2024-02-12 12:01:58,748 - Victim node is 5197.
2024-02-12 12:01:58,748 - tensor([3383, 6499, 7362], device='cuda:0')
2024-02-12 12:01:58,749 - Classification Succeeds.
2024-02-12 12:01:58,749 - Link Generation Fails.
2024-02-12 12:08:47,838 - Victim node is 5540.
2024-02-12 12:08:47,838 - tensor([ 593, 2198, 4376], device='cuda:0')
2024-02-12 12:08:47,839 - Classification Succeeds.
2024-02-12 12:08:47,843 - Link Generation Fails.
2024-02-12 12:15:40,956 - Victim node is 7062.
2024-02-12 12:15:40,957 - tensor([ 932, 4237, 7460], device='cuda:0')
2024-02-12 12:15:40,968 - Classification Succeeds.
2024-02-12 12:15:40,971 - Link Generation Fails.
2024-02-12 12:22:33,094 - Victim node is 428.
2024-02-12 12:22:33,094 - tensor([7460, 7650, 7654], device='cuda:0')
2024-02-12 12:22:33,094 - Classification Fails.
2024-02-12 12:22:33,094 - Link Generation Succeeds.
2024-02-12 12:29:20,853 - Victim node is 7273.
2024-02-12 12:29:20,853 - tensor([7650, 7651, 7652], device='cuda:0')
2024-02-12 12:29:20,853 - Classification Succeeds.
2024-02-12 12:29:20,853 - Link Generation Succeeds.
2024-02-12 12:36:13,660 - Victim node is 4043.
2024-02-12 12:36:13,660 - tensor([ 593, 2198, 2239], device='cuda:0')
2024-02-12 12:36:13,661 - Classification Succeeds.
2024-02-12 12:36:13,661 - Link Generation Fails.
2024-02-12 12:43:06,355 - Victim node is 3545.
2024-02-12 12:43:06,355 - tensor([ 593, 2239, 4384], device='cuda:0')
2024-02-12 12:43:06,363 - Classification Succeeds.
2024-02-12 12:43:06,368 - Link Generation Fails.
2024-02-12 12:49:56,765 - Victim node is 4450.
2024-02-12 12:49:56,765 - tensor([ 593, 4376, 6702], device='cuda:0')
2024-02-12 12:49:56,766 - Classification Succeeds.
2024-02-12 12:49:56,766 - Link Generation Fails.
2024-02-12 12:56:44,988 - Victim node is 1543.
2024-02-12 12:56:44,989 - tensor([7650, 7651, 7652], device='cuda:0')
2024-02-12 12:56:44,990 - Classification Succeeds.
2024-02-12 12:56:44,990 - Link Generation Succeeds.
2024-02-12 13:03:34,247 - Victim node is 4288.
2024-02-12 13:03:34,247 - tensor([1759, 7460, 7620], device='cuda:0')
2024-02-12 13:03:34,248 - Classification Succeeds.
2024-02-12 13:03:34,248 - Link Generation Fails.
2024-02-12 13:10:24,518 - Victim node is 6435.
2024-02-12 13:10:24,519 - tensor([ 593, 2198, 4376], device='cuda:0')
2024-02-12 13:10:24,519 - Classification Succeeds.
2024-02-12 13:10:24,519 - Link Generation Fails.
2024-02-12 13:17:17,952 - Victim node is 4044.
2024-02-12 13:17:17,952 - tensor([7650, 7651, 7652], device='cuda:0')
2024-02-12 13:17:17,953 - Classification Fails.
2024-02-12 13:17:17,953 - Link Generation Succeeds.
2024-02-12 13:24:02,232 - Victim node is 2449.
2024-02-12 13:24:02,232 - tensor([ 593, 2198, 6702], device='cuda:0')
2024-02-12 13:24:02,240 - Classification Succeeds.
2024-02-12 13:24:02,242 - Link Generation Fails.
2024-02-12 13:30:49,777 - Victim node is 2060.
2024-02-12 13:30:49,777 - tensor([ 593, 2198, 2239], device='cuda:0')
2024-02-12 13:30:49,781 - Classification Succeeds.
2024-02-12 13:30:49,783 - Link Generation Fails.
2024-02-12 13:37:37,654 - Victim node is 783.
2024-02-12 13:37:37,654 - tensor([7650, 7651, 7652], device='cuda:0')
2024-02-12 13:37:37,655 - Classification Fails.
2024-02-12 13:37:37,655 - Link Generation Succeeds.
2024-02-12 13:44:25,808 - Victim node is 3778.
2024-02-12 13:44:25,808 - tensor([4646, 6130, 7620], device='cuda:0')
2024-02-12 13:44:25,808 - Classification Succeeds.
2024-02-12 13:44:25,808 - Link Generation Fails.
2024-02-12 13:51:12,583 - Victim node is 644.
2024-02-12 13:51:12,583 - tensor([ 593, 2198, 4376], device='cuda:0')
2024-02-12 13:51:12,594 - Classification Succeeds.
2024-02-12 13:51:12,599 - Link Generation Fails.
2024-02-12 13:58:03,739 - Victim node is 1454.
2024-02-12 13:58:03,739 - tensor([7650, 7651, 7652], device='cuda:0')
2024-02-12 13:58:03,742 - Classification Fails.
2024-02-12 13:58:03,743 - Link Generation Succeeds.
2024-02-12 14:04:53,317 - Victim node is 6303.
2024-02-12 14:04:53,317 - tensor([  80, 2198, 2239], device='cuda:0')
2024-02-12 14:04:53,317 - Classification Succeeds.
2024-02-12 14:04:53,317 - Link Generation Fails.
2024-02-12 14:11:41,788 - Victim node is 3059.
2024-02-12 14:11:41,788 - tensor([ 593, 2198, 4376], device='cuda:0')
2024-02-12 14:11:41,789 - Classification Fails.
2024-02-12 14:11:41,789 - Link Generation Fails.
2024-02-12 14:18:32,175 - Victim node is 6448.
2024-02-12 14:18:32,175 - tensor([ 593, 2198, 7653], device='cuda:0')
2024-02-12 14:18:32,176 - Classification Succeeds.
2024-02-12 14:18:32,176 - Link Generation Succeeds.
2024-02-12 14:25:22,230 - Victim node is 5637.
2024-02-12 14:25:22,230 - tensor([2239, 4376, 4384], device='cuda:0')
2024-02-12 14:25:22,237 - Classification Succeeds.
2024-02-12 14:25:22,237 - Link Generation Fails.
2024-02-12 14:32:11,345 - Victim node is 306.
2024-02-12 14:32:11,345 - tensor([ 593, 2198, 2239], device='cuda:0')
2024-02-12 14:32:11,345 - Classification Succeeds.
2024-02-12 14:32:11,345 - Link Generation Fails.
2024-02-12 14:38:59,851 - Victim node is 4700.
2024-02-12 14:38:59,852 - tensor([2239, 4376, 6702], device='cuda:0')
2024-02-12 14:38:59,859 - Classification Succeeds.
2024-02-12 14:38:59,861 - Link Generation Fails.
2024-02-12 14:45:47,781 - Victim node is 1791.
2024-02-12 14:45:47,781 - tensor([7650, 7651, 7652], device='cuda:0')
2024-02-12 14:45:47,782 - Classification Succeeds.
2024-02-12 14:45:47,782 - Link Generation Succeeds.
2024-02-12 14:52:32,194 - Victim node is 4448.
2024-02-12 14:52:32,195 - tensor([4237, 7460, 7620], device='cuda:0')
2024-02-12 14:52:32,195 - Classification Fails.
2024-02-12 14:52:32,195 - Link Generation Fails.
2024-02-12 14:59:22,480 - Victim node is 5387.
2024-02-12 14:59:22,481 - tensor([6130, 7620, 7652], device='cuda:0')
2024-02-12 14:59:22,482 - Classification Fails.
2024-02-12 14:59:22,483 - Link Generation Succeeds.
2024-02-12 15:06:05,819 - Victim node is 786.
2024-02-12 15:06:05,819 - tensor([ 593, 2198, 4376], device='cuda:0')
2024-02-12 15:06:05,819 - Classification Succeeds.
2024-02-12 15:06:05,819 - Link Generation Fails.
2024-02-12 15:12:48,134 - Victim node is 1696.
2024-02-12 15:12:48,135 - tensor([ 593, 2198, 4376], device='cuda:0')
2024-02-12 15:12:48,135 - Classification Succeeds.
2024-02-12 15:12:48,135 - Link Generation Fails.
2024-02-12 15:19:39,832 - Victim node is 2259.
2024-02-12 15:19:39,832 - tensor([ 593, 2198, 4376], device='cuda:0')
2024-02-12 15:19:39,833 - Classification Succeeds.
2024-02-12 15:19:39,833 - Link Generation Fails.
2024-02-12 15:26:27,488 - Victim node is 7352.
2024-02-12 15:26:27,488 - tensor([2239, 7652, 7654], device='cuda:0')
2024-02-12 15:26:27,490 - Classification Succeeds.
2024-02-12 15:26:27,490 - Link Generation Succeeds.
2024-02-12 15:33:15,692 - Victim node is 4392.
2024-02-12 15:33:15,692 - tensor([ 593, 2198, 2239], device='cuda:0')
2024-02-12 15:33:15,692 - Classification Succeeds.
2024-02-12 15:33:15,692 - Link Generation Fails.
2024-02-12 15:40:03,310 - Victim node is 5996.
2024-02-12 15:40:03,310 - tensor([7650, 7651, 7652], device='cuda:0')
2024-02-12 15:40:03,310 - Classification Fails.
2024-02-12 15:40:03,310 - Link Generation Succeeds.
2024-02-12 15:46:56,287 - Victim node is 2010.
2024-02-12 15:46:56,287 - tensor([3895, 4805, 5132], device='cuda:0')
2024-02-12 15:46:56,291 - Classification Succeeds.
2024-02-12 15:46:56,292 - Link Generation Fails.
2024-02-12 15:53:41,081 - Victim node is 2988.
2024-02-12 15:53:41,081 - tensor([ 593, 2198, 2239], device='cuda:0')
2024-02-12 15:53:41,088 - Classification Succeeds.
2024-02-12 15:53:41,090 - Link Generation Fails.
2024-02-12 16:00:28,073 - Victim node is 5772.
2024-02-12 16:00:28,073 - tensor([ 593, 4384, 6702], device='cuda:0')
2024-02-12 16:00:28,074 - Classification Succeeds.
2024-02-12 16:00:28,074 - Link Generation Fails.
2024-02-12 16:07:16,902 - Victim node is 1253.
2024-02-12 16:07:16,902 - tensor([ 593, 2198, 2239], device='cuda:0')
2024-02-12 16:07:16,902 - Classification Succeeds.
2024-02-12 16:07:16,904 - Link Generation Fails.
2024-02-12 16:14:06,172 - Victim node is 6734.
2024-02-12 16:14:06,172 - tensor([7650, 7651, 7652], device='cuda:0')
2024-02-12 16:14:06,172 - Classification Fails.
2024-02-12 16:14:06,172 - Link Generation Succeeds.
2024-02-12 16:20:55,779 - Victim node is 385.
2024-02-12 16:20:55,779 - tensor([1759, 7460, 7620], device='cuda:0')
2024-02-12 16:20:55,779 - Classification Succeeds.
2024-02-12 16:20:55,780 - Link Generation Fails.
2024-02-12 16:27:46,063 - Victim node is 5491.
2024-02-12 16:27:46,063 - tensor([ 593, 2198, 2239], device='cuda:0')
2024-02-12 16:27:46,063 - Classification Succeeds.
2024-02-12 16:27:46,063 - Link Generation Fails.
2024-02-12 16:34:34,279 - Victim node is 2990.
2024-02-12 16:34:34,279 - tensor([7650, 7651, 7652], device='cuda:0')
2024-02-12 16:34:34,281 - Classification Fails.
2024-02-12 16:34:34,284 - Link Generation Succeeds.
2024-02-12 16:41:30,511 - Victim node is 2610.
2024-02-12 16:41:30,511 - tensor([  80,  593, 2198], device='cuda:0')
2024-02-12 16:41:30,513 - Classification Succeeds.
2024-02-12 16:41:30,516 - Link Generation Fails.
2024-02-12 16:48:20,304 - Victim node is 3304.
2024-02-12 16:48:20,305 - tensor([ 593, 2239, 4376], device='cuda:0')
2024-02-12 16:48:20,318 - Classification Succeeds.
2024-02-12 16:48:20,323 - Link Generation Fails.
2024-02-12 16:55:05,511 - Victim node is 6194.
2024-02-12 16:55:05,511 - tensor([4646, 6130, 7620], device='cuda:0')
2024-02-12 16:55:05,511 - Classification Succeeds.
2024-02-12 16:55:05,511 - Link Generation Fails.
2024-02-12 17:02:00,944 - Victim node is 6673.
2024-02-12 17:02:00,944 - tensor([2239, 4376, 4384], device='cuda:0')
2024-02-12 17:02:00,953 - Classification Succeeds.
2024-02-12 17:02:00,958 - Link Generation Fails.
2024-02-12 17:08:54,454 - Victim node is 175.
2024-02-12 17:08:54,454 - tensor([ 593, 2198, 4376], device='cuda:0')
2024-02-12 17:08:54,467 - Classification Fails.
2024-02-12 17:08:54,469 - Link Generation Fails.
2024-02-12 17:15:35,507 - Victim node is 7027.
2024-02-12 17:15:35,508 - tensor([7650, 7651, 7652], device='cuda:0')
2024-02-12 17:15:35,508 - Classification Fails.
2024-02-12 17:15:35,508 - Link Generation Succeeds.
2024-02-12 17:22:19,770 - Victim node is 2856.
2024-02-12 17:22:19,770 - tensor([  80,  593, 4376], device='cuda:0')
2024-02-12 17:22:19,778 - Classification Fails.
2024-02-12 17:22:19,781 - Link Generation Fails.
2024-02-12 17:29:07,609 - Victim node is 4753.
2024-02-12 17:29:07,609 - tensor([7650, 7651, 7652], device='cuda:0')
2024-02-12 17:29:07,610 - Classification Fails.
2024-02-12 17:29:07,610 - Link Generation Succeeds.
2024-02-12 17:36:03,816 - Victim node is 4762.
2024-02-12 17:36:03,817 - tensor([ 932, 7460, 7620], device='cuda:0')
2024-02-12 17:36:03,824 - Classification Succeeds.
2024-02-12 17:36:03,826 - Link Generation Fails.
2024-02-12 17:42:50,076 - Victim node is 7015.
2024-02-12 17:42:50,076 - tensor([7650, 7651, 7652], device='cuda:0')
2024-02-12 17:42:50,076 - Classification Fails.
2024-02-12 17:42:50,077 - Link Generation Succeeds.
2024-02-12 17:49:37,606 - Victim node is 527.
2024-02-12 17:49:37,606 - tensor([2239, 4805, 6702], device='cuda:0')
2024-02-12 17:49:37,607 - Classification Succeeds.
2024-02-12 17:49:37,607 - Link Generation Fails.
2024-02-12 17:56:27,005 - Victim node is 3329.
2024-02-12 17:56:27,006 - tensor([ 593, 2198, 2239], device='cuda:0')
2024-02-12 17:56:27,006 - Classification Succeeds.
2024-02-12 17:56:27,006 - Link Generation Fails.
2024-02-12 18:03:14,362 - Victim node is 358.
2024-02-12 18:03:14,362 - tensor([2239, 4376, 4384], device='cuda:0')
2024-02-12 18:03:14,363 - Classification Succeeds.
2024-02-12 18:03:14,363 - Link Generation Fails.
2024-02-12 18:10:00,982 - Victim node is 5695.
2024-02-12 18:10:00,982 - tensor([2198, 4376, 4805], device='cuda:0')
2024-02-12 18:10:00,989 - Classification Fails.
2024-02-12 18:10:00,990 - Link Generation Fails.
2024-02-12 18:16:51,337 - Victim node is 122.
2024-02-12 18:16:51,337 - tensor([4646, 6130, 7620], device='cuda:0')
2024-02-12 18:16:51,337 - Classification Succeeds.
2024-02-12 18:16:51,337 - Link Generation Fails.
2024-02-12 18:23:40,704 - Victim node is 6227.
2024-02-12 18:23:40,704 - tensor([ 593, 2198, 4376], device='cuda:0')
2024-02-12 18:23:40,713 - Classification Succeeds.
2024-02-12 18:23:40,717 - Link Generation Fails.
2024-02-12 18:30:33,249 - Victim node is 6474.
2024-02-12 18:30:33,249 - tensor([7650, 7651, 7652], device='cuda:0')
2024-02-12 18:30:33,258 - Classification Fails.
2024-02-12 18:30:33,258 - Link Generation Succeeds.
2024-02-12 18:37:19,546 - Victim node is 6102.
2024-02-12 18:37:19,546 - tensor([7650, 7651, 7652], device='cuda:0')
2024-02-12 18:37:19,553 - Classification Succeeds.
2024-02-12 18:37:19,556 - Link Generation Succeeds.
2024-02-12 18:44:10,914 - Victim node is 2505.
2024-02-12 18:44:10,914 - tensor([7650, 7651, 7652], device='cuda:0')
2024-02-12 18:44:10,915 - Classification Succeeds.
2024-02-12 18:44:10,915 - Link Generation Succeeds.
2024-02-12 18:51:02,467 - Victim node is 6652.
2024-02-12 18:51:02,467 - tensor([7650, 7651, 7652], device='cuda:0')
2024-02-12 18:51:02,476 - Classification Succeeds.
2024-02-12 18:51:02,477 - Link Generation Succeeds.
2024-02-12 18:57:49,184 - Victim node is 641.
2024-02-12 18:57:49,184 - tensor([ 593, 2198, 4376], device='cuda:0')
2024-02-12 18:57:49,192 - Classification Succeeds.
2024-02-12 18:57:49,194 - Link Generation Fails.
2024-02-12 19:04:37,937 - Victim node is 752.
2024-02-12 19:04:37,938 - tensor([2198, 2278, 4119], device='cuda:0')
2024-02-12 19:04:37,938 - Classification Fails.
2024-02-12 19:04:37,938 - Link Generation Fails.
2024-02-12 19:11:25,952 - Victim node is 6438.
2024-02-12 19:11:25,952 - tensor([7650, 7651, 7652], device='cuda:0')
2024-02-12 19:11:25,953 - Classification Succeeds.
2024-02-12 19:11:25,953 - Link Generation Succeeds.
2024-02-12 19:18:20,268 - Victim node is 2186.
2024-02-12 19:18:20,268 - tensor([ 593, 2198, 2239], device='cuda:0')
2024-02-12 19:18:20,276 - Classification Succeeds.
2024-02-12 19:18:20,277 - Link Generation Fails.
2024-02-12 19:25:08,376 - Victim node is 2393.
2024-02-12 19:25:08,376 - tensor([2198, 2239, 4384], device='cuda:0')
2024-02-12 19:25:08,389 - Classification Succeeds.
2024-02-12 19:25:08,394 - Link Generation Fails.
2024-02-12 19:31:55,494 - Victim node is 3077.
2024-02-12 19:31:55,495 - tensor([ 593, 2239, 6702], device='cuda:0')
2024-02-12 19:31:55,495 - Classification Succeeds.
2024-02-12 19:31:55,495 - Link Generation Fails.
2024-02-12 19:38:42,887 - Victim node is 2445.
2024-02-12 19:38:42,888 - tensor([2198, 7651, 7654], device='cuda:0')
2024-02-12 19:38:42,888 - Classification Succeeds.
2024-02-12 19:38:42,888 - Link Generation Succeeds.
2024-02-12 19:45:29,261 - Victim node is 5943.
2024-02-12 19:45:29,261 - tensor([ 593, 2198, 4376], device='cuda:0')
2024-02-12 19:45:29,261 - Classification Succeeds.
2024-02-12 19:45:29,261 - Link Generation Fails.
2024-02-12 19:52:24,278 - Victim node is 6892.
2024-02-12 19:52:24,278 - tensor([  80, 3748, 4805], device='cuda:0')
2024-02-12 19:52:24,285 - Classification Succeeds.
2024-02-12 19:52:24,287 - Link Generation Fails.
2024-02-12 19:59:16,561 - Victim node is 3153.
2024-02-12 19:59:16,561 - tensor([7651, 7652, 7653], device='cuda:0')
2024-02-12 19:59:16,562 - Classification Succeeds.
2024-02-12 19:59:16,564 - Link Generation Succeeds.
2024-02-12 20:06:10,563 - Victim node is 5310.
2024-02-12 20:06:10,564 - tensor([7650, 7651, 7652], device='cuda:0')
2024-02-12 20:06:10,570 - Classification Succeeds.
2024-02-12 20:06:10,573 - Link Generation Succeeds.
2024-02-12 20:13:04,222 - Victim node is 3671.
2024-02-12 20:13:04,222 - tensor([ 593, 4805, 6702], device='cuda:0')
2024-02-12 20:13:04,223 - Classification Succeeds.
2024-02-12 20:13:04,223 - Link Generation Fails.
2024-02-12 20:19:56,337 - Victim node is 6386.
2024-02-12 20:19:56,338 - tensor([2198, 2239, 4805], device='cuda:0')
2024-02-12 20:19:56,338 - Classification Succeeds.
2024-02-12 20:19:56,338 - Link Generation Fails.
2024-02-12 20:26:45,856 - Victim node is 1839.
2024-02-12 20:26:45,856 - tensor([7650, 7651, 7652], device='cuda:0')
2024-02-12 20:26:45,856 - Classification Fails.
2024-02-12 20:26:45,856 - Link Generation Succeeds.
2024-02-12 20:33:35,780 - Victim node is 6742.
2024-02-12 20:33:35,780 - tensor([4237, 7460, 7620], device='cuda:0')
2024-02-12 20:33:35,780 - Classification Succeeds.
2024-02-12 20:33:35,780 - Link Generation Fails.
2024-02-12 20:40:27,779 - Victim node is 6950.
2024-02-12 20:40:27,779 - tensor([4237, 7460, 7620], device='cuda:0')
2024-02-12 20:40:27,788 - Classification Succeeds.
2024-02-12 20:40:27,795 - Link Generation Fails.
2024-02-12 20:47:11,624 - Victim node is 442.
2024-02-12 20:47:11,625 - tensor([7650, 7651, 7654], device='cuda:0')
2024-02-12 20:47:11,640 - Classification Fails.
2024-02-12 20:47:11,647 - Link Generation Succeeds.
2024-02-12 20:53:57,272 - Victim node is 4663.
2024-02-12 20:53:57,272 - tensor([ 593, 2198, 2239], device='cuda:0')
2024-02-12 20:53:57,279 - Classification Succeeds.
2024-02-12 20:53:57,280 - Link Generation Fails.
2024-02-12 21:00:51,071 - Victim node is 6091.
2024-02-12 21:00:51,071 - tensor([ 593, 2198, 4376], device='cuda:0')
2024-02-12 21:00:51,072 - Classification Succeeds.
2024-02-12 21:00:51,072 - Link Generation Fails.
2024-02-12 21:07:40,244 - Victim node is 4838.
2024-02-12 21:07:40,244 - tensor([6130, 7460, 7620], device='cuda:0')
2024-02-12 21:07:40,245 - Classification Succeeds.
2024-02-12 21:07:40,246 - Link Generation Fails.
2024-02-12 21:14:27,372 - Victim node is 1739.
2024-02-12 21:14:27,372 - tensor([ 593, 2198, 2239], device='cuda:0')
2024-02-12 21:14:27,386 - Classification Succeeds.
2024-02-12 21:14:27,390 - Link Generation Fails.
2024-02-12 21:21:13,102 - Victim node is 166.
2024-02-12 21:21:13,102 - tensor([7650, 7651, 7652], device='cuda:0')
2024-02-12 21:21:13,102 - Classification Succeeds.
2024-02-12 21:21:13,102 - Link Generation Succeeds.
2024-02-12 21:28:09,819 - Victim node is 1983.
2024-02-12 21:28:09,819 - tensor([6130, 7460, 7620], device='cuda:0')
2024-02-12 21:28:09,820 - Classification Succeeds.
2024-02-12 21:28:09,820 - Link Generation Fails.
2024-02-12 21:34:55,057 - Victim node is 2570.
2024-02-12 21:34:55,057 - tensor([ 593, 2198, 4376], device='cuda:0')
2024-02-12 21:34:55,058 - Classification Fails.
2024-02-12 21:34:55,058 - Link Generation Fails.
2024-02-12 21:41:47,164 - Victim node is 3438.
2024-02-12 21:41:47,164 - tensor([7650, 7651, 7652], device='cuda:0')
2024-02-12 21:41:47,172 - Classification Fails.
2024-02-12 21:41:47,176 - Link Generation Succeeds.
2024-02-12 21:48:43,124 - Victim node is 2914.
2024-02-12 21:48:43,124 - tensor([6130, 7460, 7620], device='cuda:0')
2024-02-12 21:48:43,125 - Classification Succeeds.
2024-02-12 21:48:43,129 - Link Generation Fails.
2024-02-12 21:55:36,004 - Victim node is 3189.
2024-02-12 21:55:36,005 - tensor([2198, 2239, 4376], device='cuda:0')
2024-02-12 21:55:36,013 - Classification Succeeds.
2024-02-12 21:55:36,017 - Link Generation Fails.
2024-02-12 22:02:35,138 - Victim node is 7397.
2024-02-12 22:02:35,139 - tensor([4237, 5131, 7460], device='cuda:0')
2024-02-12 22:02:35,154 - Classification Succeeds.
2024-02-12 22:02:35,157 - Link Generation Fails.
2024-02-12 22:09:24,025 - Victim node is 3962.
2024-02-12 22:09:24,025 - tensor([7650, 7651, 7652], device='cuda:0')
2024-02-12 22:09:24,026 - Classification Fails.
2024-02-12 22:09:24,028 - Link Generation Succeeds.
2024-02-12 22:16:17,082 - Victim node is 3920.
2024-02-12 22:16:17,082 - tensor([ 593, 2198, 2239], device='cuda:0')
2024-02-12 22:16:17,082 - Classification Succeeds.
2024-02-12 22:16:17,082 - Link Generation Fails.
2024-02-12 22:23:10,205 - Victim node is 3225.
2024-02-12 22:23:10,205 - tensor([4376, 4805, 6702], device='cuda:0')
2024-02-12 22:23:10,206 - Classification Succeeds.
2024-02-12 22:23:10,206 - Link Generation Fails.
2024-02-12 22:29:59,815 - Victim node is 2452.
2024-02-12 22:29:59,815 - tensor([6130, 7460, 7620], device='cuda:0')
2024-02-12 22:29:59,815 - Classification Succeeds.
2024-02-12 22:29:59,815 - Link Generation Fails.
2024-02-12 22:36:47,110 - Victim node is 4789.
2024-02-12 22:36:47,110 - tensor([7650, 7651, 7652], device='cuda:0')
2024-02-12 22:36:47,110 - Classification Fails.
2024-02-12 22:36:47,111 - Link Generation Succeeds.
2024-02-12 22:43:37,361 - Victim node is 3370.
2024-02-12 22:43:37,361 - tensor([2239, 4805, 6702], device='cuda:0')
2024-02-12 22:43:37,363 - Classification Succeeds.
2024-02-12 22:43:37,365 - Link Generation Fails.
2024-02-12 22:50:24,253 - Victim node is 1272.
2024-02-12 22:50:24,254 - tensor([7650, 7651, 7652], device='cuda:0')
2024-02-12 22:50:24,254 - Classification Fails.
2024-02-12 22:50:24,254 - Link Generation Succeeds.
2024-02-12 22:57:10,921 - Victim node is 2756.
2024-02-12 22:57:10,921 - tensor([7650, 7651, 7652], device='cuda:0')
2024-02-12 22:57:10,922 - Classification Succeeds.
2024-02-12 22:57:10,922 - Link Generation Succeeds.
2024-02-12 23:04:03,332 - Victim node is 456.
2024-02-12 23:04:03,332 - tensor([ 593, 4384, 6702], device='cuda:0')
2024-02-12 23:04:03,333 - Classification Succeeds.
2024-02-12 23:04:03,333 - Link Generation Fails.
2024-02-12 23:10:54,918 - Victim node is 86.
2024-02-12 23:10:54,918 - tensor([ 593, 2198, 4376], device='cuda:0')
2024-02-12 23:10:54,919 - Classification Succeeds.
2024-02-12 23:10:54,921 - Link Generation Fails.
2024-02-12 23:17:38,223 - Victim node is 2489.
2024-02-12 23:17:38,223 - tensor([ 593, 2198, 4376], device='cuda:0')
2024-02-12 23:17:38,223 - Classification Succeeds.
2024-02-12 23:17:38,224 - Link Generation Fails.
2024-02-12 23:24:22,214 - Victim node is 5306.
2024-02-12 23:24:22,214 - tensor([ 593, 2198, 2239], device='cuda:0')
2024-02-12 23:24:22,214 - Classification Succeeds.
2024-02-12 23:24:22,214 - Link Generation Fails.
2024-02-12 23:31:14,621 - Victim node is 1499.
2024-02-12 23:31:14,621 - tensor([ 593, 2198, 2239], device='cuda:0')
2024-02-12 23:31:14,625 - Classification Fails.
2024-02-12 23:31:14,625 - Link Generation Fails.
2024-02-12 23:38:02,732 - Victim node is 3972.
2024-02-12 23:38:02,732 - tensor([7650, 7652, 7653], device='cuda:0')
2024-02-12 23:38:02,735 - Classification Fails.
2024-02-12 23:38:02,735 - Link Generation Succeeds.
2024-02-12 23:44:47,178 - Victim node is 154.
2024-02-12 23:44:47,178 - tensor([ 593, 2198, 4376], device='cuda:0')
2024-02-12 23:44:47,178 - Classification Succeeds.
2024-02-12 23:44:47,178 - Link Generation Fails.
2024-02-12 23:51:35,340 - Victim node is 5007.
2024-02-12 23:51:35,340 - tensor([4376, 4384, 5132], device='cuda:0')
2024-02-12 23:51:35,342 - Classification Succeeds.
2024-02-12 23:51:35,345 - Link Generation Fails.
2024-02-12 23:58:24,793 - Victim node is 4796.
2024-02-12 23:58:24,793 - tensor([ 932, 6190, 7460], device='cuda:0')
2024-02-12 23:58:24,793 - Classification Succeeds.
2024-02-12 23:58:24,793 - Link Generation Fails.
2024-02-13 00:05:10,646 - Victim node is 32.
2024-02-13 00:05:10,646 - tensor([3383, 4646, 7620], device='cuda:0')
2024-02-13 00:05:10,646 - Classification Succeeds.
2024-02-13 00:05:10,646 - Link Generation Fails.
2024-02-13 00:11:57,377 - Victim node is 4084.
2024-02-13 00:11:57,377 - tensor([ 593, 2198, 2239], device='cuda:0')
2024-02-13 00:11:57,390 - Classification Succeeds.
2024-02-13 00:11:57,395 - Link Generation Fails.
2024-02-13 00:18:42,685 - Victim node is 2083.
2024-02-13 00:18:42,685 - tensor([7650, 7652, 7654], device='cuda:0')
2024-02-13 00:18:42,692 - Classification Fails.
2024-02-13 00:18:42,694 - Link Generation Succeeds.
2024-02-13 00:25:24,950 - Victim node is 3892.
2024-02-13 00:25:24,950 - tensor([7650, 7651, 7652], device='cuda:0')
2024-02-13 00:25:24,951 - Classification Succeeds.
2024-02-13 00:25:24,951 - Link Generation Succeeds.
2024-02-13 00:32:12,267 - Victim node is 2473.
2024-02-13 00:32:12,268 - tensor([7650, 7651, 7652], device='cuda:0')
2024-02-13 00:32:12,281 - Classification Fails.
2024-02-13 00:32:12,286 - Link Generation Succeeds.
2024-02-13 00:39:02,712 - Victim node is 4666.
2024-02-13 00:39:02,712 - tensor([ 593, 2198, 2239], device='cuda:0')
2024-02-13 00:39:02,712 - Classification Succeeds.
2024-02-13 00:39:02,712 - Link Generation Fails.
2024-02-13 00:45:51,812 - Victim node is 2821.
2024-02-13 00:45:51,812 - tensor([ 593, 2198, 4376], device='cuda:0')
2024-02-13 00:45:51,819 - Classification Succeeds.
2024-02-13 00:45:51,821 - Link Generation Fails.
2024-02-13 00:52:37,638 - Victim node is 7465.
2024-02-13 00:52:37,638 - tensor([  80, 2198, 2239], device='cuda:0')
2024-02-13 00:52:37,638 - Classification Succeeds.
2024-02-13 00:52:37,638 - Link Generation Fails.
2024-02-13 00:59:35,400 - Victim node is 3712.
2024-02-13 00:59:35,400 - tensor([ 593, 2198, 4376], device='cuda:0')
2024-02-13 00:59:35,412 - Classification Succeeds.
2024-02-13 00:59:35,414 - Link Generation Fails.
2024-02-13 01:06:24,057 - Victim node is 7356.
2024-02-13 01:06:24,057 - tensor([7650, 7651, 7652], device='cuda:0')
2024-02-13 01:06:24,060 - Classification Fails.
2024-02-13 01:06:24,062 - Link Generation Succeeds.
2024-02-13 01:13:16,839 - Victim node is 2824.
2024-02-13 01:13:16,839 - tensor([ 932, 4237, 7460], device='cuda:0')
2024-02-13 01:13:16,839 - Classification Succeeds.
2024-02-13 01:13:16,840 - Link Generation Fails.
2024-02-13 01:20:07,100 - Victim node is 844.
2024-02-13 01:20:07,100 - tensor([7650, 7651, 7652], device='cuda:0')
2024-02-13 01:20:07,101 - Classification Fails.
2024-02-13 01:20:07,101 - Link Generation Succeeds.
2024-02-13 01:26:55,171 - Victim node is 54.
2024-02-13 01:26:55,171 - tensor([7650, 7651, 7652], device='cuda:0')
2024-02-13 01:26:55,174 - Classification Fails.
2024-02-13 01:26:55,174 - Link Generation Succeeds.
2024-02-13 01:33:45,978 - Victim node is 5459.
2024-02-13 01:33:45,978 - tensor([  80,  593, 6702], device='cuda:0')
2024-02-13 01:33:45,979 - Classification Succeeds.
2024-02-13 01:33:45,979 - Link Generation Fails.
2024-02-13 01:40:34,742 - Victim node is 7046.
2024-02-13 01:40:34,743 - tensor([1744, 2239, 4805], device='cuda:0')
2024-02-13 01:40:34,743 - Classification Succeeds.
2024-02-13 01:40:34,743 - Link Generation Fails.
2024-02-13 01:47:26,601 - Victim node is 7615.
2024-02-13 01:47:26,601 - tensor([7650, 7651, 7652], device='cuda:0')
2024-02-13 01:47:26,601 - Classification Fails.
2024-02-13 01:47:26,602 - Link Generation Succeeds.
2024-02-13 01:54:12,808 - Victim node is 773.
2024-02-13 01:54:12,808 - tensor([7650, 7651, 7652], device='cuda:0')
2024-02-13 01:54:12,817 - Classification Fails.
2024-02-13 01:54:12,822 - Link Generation Succeeds.
2024-02-13 02:00:59,585 - Victim node is 3041.
2024-02-13 02:00:59,585 - tensor([7650, 7651, 7652], device='cuda:0')
2024-02-13 02:00:59,588 - Classification Fails.
2024-02-13 02:00:59,588 - Link Generation Succeeds.
2024-02-13 02:07:48,656 - Victim node is 1909.
2024-02-13 02:07:48,656 - tensor([7650, 7651, 7652], device='cuda:0')
2024-02-13 02:07:48,656 - Classification Succeeds.
2024-02-13 02:07:48,656 - Link Generation Succeeds.
2024-02-13 02:14:44,663 - Victim node is 6951.
2024-02-13 02:14:44,663 - tensor([7650, 7651, 7652], device='cuda:0')
2024-02-13 02:14:44,670 - Classification Fails.
2024-02-13 02:14:44,673 - Link Generation Succeeds.
2024-02-13 02:21:29,599 - Victim node is 7245.
2024-02-13 02:21:29,599 - tensor([7650, 7651, 7652], device='cuda:0')
2024-02-13 02:21:29,600 - Classification Fails.
2024-02-13 02:21:29,600 - Link Generation Succeeds.
2024-02-13 02:28:16,923 - Victim node is 388.
2024-02-13 02:28:16,923 - tensor([ 593, 2198, 6702], device='cuda:0')
2024-02-13 02:28:16,923 - Classification Fails.
2024-02-13 02:28:16,924 - Link Generation Fails.
2024-02-13 02:35:06,156 - Victim node is 4833.
2024-02-13 02:35:06,156 - tensor([4237, 7460, 7620], device='cuda:0')
2024-02-13 02:35:06,159 - Classification Succeeds.
2024-02-13 02:35:06,160 - Link Generation Fails.
2024-02-13 02:41:56,370 - Victim node is 3213.
2024-02-13 02:41:56,370 - tensor([ 593, 2239, 7651], device='cuda:0')
2024-02-13 02:41:56,370 - Classification Succeeds.
2024-02-13 02:41:56,370 - Link Generation Succeeds.
2024-02-13 02:48:47,730 - Victim node is 4966.
2024-02-13 02:48:47,730 - tensor([ 593, 2198, 2239], device='cuda:0')
2024-02-13 02:48:47,741 - Classification Succeeds.
2024-02-13 02:48:47,744 - Link Generation Fails.
2024-02-13 02:55:30,479 - Victim node is 2201.
2024-02-13 02:55:30,479 - tensor([ 593, 4376, 4805], device='cuda:0')
2024-02-13 02:55:30,488 - Classification Succeeds.
2024-02-13 02:55:30,492 - Link Generation Fails.
2024-02-13 03:02:20,584 - Victim node is 4138.
2024-02-13 03:02:20,584 - tensor([4646, 6433, 7620], device='cuda:0')
2024-02-13 03:02:20,584 - Classification Fails.
2024-02-13 03:02:20,584 - Link Generation Fails.
2024-02-13 03:09:09,456 - Victim node is 7353.
2024-02-13 03:09:09,456 - tensor([4805, 5132, 5881], device='cuda:0')
2024-02-13 03:09:09,457 - Classification Succeeds.
2024-02-13 03:09:09,457 - Link Generation Fails.
2024-02-13 03:15:57,752 - Victim node is 4741.
2024-02-13 03:15:57,753 - tensor([ 593, 2198, 4376], device='cuda:0')
2024-02-13 03:15:57,753 - Classification Succeeds.
2024-02-13 03:15:57,753 - Link Generation Fails.
2024-02-13 03:22:44,925 - Victim node is 4563.
2024-02-13 03:22:44,925 - tensor([7650, 7651, 7652], device='cuda:0')
2024-02-13 03:22:44,925 - Classification Fails.
2024-02-13 03:22:44,925 - Link Generation Succeeds.
2024-02-13 03:29:36,153 - Victim node is 1847.
2024-02-13 03:29:36,153 - tensor([  80, 4384, 4805], device='cuda:0')
2024-02-13 03:29:36,153 - Classification Succeeds.
2024-02-13 03:29:36,154 - Link Generation Fails.
2024-02-13 03:36:26,714 - Victim node is 5331.
2024-02-13 03:36:26,714 - tensor([6130, 7460, 7652], device='cuda:0')
2024-02-13 03:36:26,721 - Classification Fails.
2024-02-13 03:36:26,724 - Link Generation Succeeds.
2024-02-13 03:43:16,420 - Victim node is 976.
2024-02-13 03:43:16,420 - tensor([7650, 7651, 7652], device='cuda:0')
2024-02-13 03:43:16,420 - Classification Fails.
2024-02-13 03:43:16,420 - Link Generation Succeeds.
2024-02-13 03:49:58,556 - Victim node is 2200.
2024-02-13 03:49:58,556 - tensor([7650, 7651, 7652], device='cuda:0')
2024-02-13 03:49:58,556 - Classification Fails.
2024-02-13 03:49:58,556 - Link Generation Succeeds.
2024-02-13 03:56:43,013 - Victim node is 4256.
2024-02-13 03:56:43,013 - tensor([ 593, 2198, 4376], device='cuda:0')
2024-02-13 03:56:43,020 - Classification Succeeds.
2024-02-13 03:56:43,022 - Link Generation Fails.
2024-02-13 04:03:29,583 - Victim node is 4991.
2024-02-13 04:03:29,583 - tensor([ 593, 2198, 2239], device='cuda:0')
2024-02-13 04:03:29,584 - Classification Succeeds.
2024-02-13 04:03:29,584 - Link Generation Fails.
2024-02-13 04:10:20,641 - Victim node is 2340.
2024-02-13 04:10:20,641 - tensor([  80, 4384, 5881], device='cuda:0')
2024-02-13 04:10:20,641 - Classification Succeeds.
2024-02-13 04:10:20,641 - Link Generation Fails.
2024-02-13 04:17:08,672 - Victim node is 2533.
2024-02-13 04:17:08,672 - tensor([ 593, 2198, 6702], device='cuda:0')
2024-02-13 04:17:08,673 - Classification Fails.
2024-02-13 04:17:08,673 - Link Generation Fails.
2024-02-13 04:23:56,643 - Victim node is 3390.
2024-02-13 04:23:56,644 - tensor([4237, 7460, 7620], device='cuda:0')
2024-02-13 04:23:56,644 - Classification Succeeds.
2024-02-13 04:23:56,644 - Link Generation Fails.
2024-02-13 04:30:37,026 - Victim node is 2616.
2024-02-13 04:30:37,027 - tensor([4237, 7460, 7620], device='cuda:0')
2024-02-13 04:30:37,027 - Classification Succeeds.
2024-02-13 04:30:37,027 - Link Generation Fails.
2024-02-13 04:37:28,301 - Victim node is 5271.
2024-02-13 04:37:28,301 - tensor([7650, 7651, 7652], device='cuda:0')
2024-02-13 04:37:28,309 - Classification Fails.
2024-02-13 04:37:28,311 - Link Generation Succeeds.
2024-02-13 04:44:17,470 - Victim node is 7511.
2024-02-13 04:44:17,470 - tensor([1058, 2239, 4376], device='cuda:0')
2024-02-13 04:44:17,484 - Classification Succeeds.
2024-02-13 04:44:17,488 - Link Generation Fails.
2024-02-13 04:51:03,526 - Victim node is 838.
2024-02-13 04:51:03,526 - tensor([7650, 7651, 7652], device='cuda:0')
2024-02-13 04:51:03,527 - Classification Fails.
2024-02-13 04:51:03,527 - Link Generation Succeeds.
2024-02-13 04:57:54,273 - Victim node is 3017.
2024-02-13 04:57:54,273 - tensor([4646, 6433, 7620], device='cuda:0')
2024-02-13 04:57:54,274 - Classification Succeeds.
2024-02-13 04:57:54,274 - Link Generation Fails.
2024-02-13 05:04:41,797 - Victim node is 5028.
2024-02-13 05:04:41,797 - tensor([ 593, 2198, 2239], device='cuda:0')
2024-02-13 05:04:41,798 - Classification Succeeds.
2024-02-13 05:04:41,798 - Link Generation Fails.
2024-02-13 05:11:31,256 - Victim node is 918.
2024-02-13 05:11:31,256 - tensor([7650, 7651, 7652], device='cuda:0')
2024-02-13 05:11:31,256 - Classification Succeeds.
2024-02-13 05:11:31,256 - Link Generation Succeeds.
2024-02-13 05:18:18,378 - Victim node is 2981.
2024-02-13 05:18:18,378 - tensor([  80, 4384, 5132], device='cuda:0')
2024-02-13 05:18:18,379 - Classification Succeeds.
2024-02-13 05:18:18,381 - Link Generation Fails.
2024-02-13 05:25:07,389 - Victim node is 7220.
2024-02-13 05:25:07,389 - tensor([ 932, 4237, 7460], device='cuda:0')
2024-02-13 05:25:07,389 - Classification Succeeds.
2024-02-13 05:25:07,389 - Link Generation Fails.
2024-02-13 05:31:56,306 - Victim node is 3546.
2024-02-13 05:31:56,306 - tensor([  80,  593, 4376], device='cuda:0')
2024-02-13 05:31:56,306 - Classification Succeeds.
2024-02-13 05:31:56,306 - Link Generation Fails.
2024-02-13 05:38:52,064 - Victim node is 1920.
2024-02-13 05:38:52,065 - tensor([7650, 7651, 7652], device='cuda:0')
2024-02-13 05:38:52,070 - Classification Fails.
2024-02-13 05:38:52,070 - Link Generation Succeeds.
2024-02-13 05:45:42,174 - Victim node is 5526.
2024-02-13 05:45:42,174 - tensor([4237, 7460, 7620], device='cuda:0')
2024-02-13 05:45:42,177 - Classification Succeeds.
2024-02-13 05:45:42,177 - Link Generation Fails.
2024-02-13 05:52:34,707 - Victim node is 5814.
2024-02-13 05:52:34,708 - tensor([4237, 7460, 7620], device='cuda:0')
2024-02-13 05:52:34,716 - Classification Succeeds.
2024-02-13 05:52:34,721 - Link Generation Fails.
2024-02-13 05:59:31,873 - Victim node is 7064.
2024-02-13 05:59:31,874 - tensor([4237, 7460, 7620], device='cuda:0')
2024-02-13 05:59:31,882 - Classification Succeeds.
2024-02-13 05:59:31,885 - Link Generation Fails.
2024-02-13 06:06:27,438 - Victim node is 1048.
2024-02-13 06:06:27,438 - tensor([6130, 7460, 7620], device='cuda:0')
2024-02-13 06:06:27,441 - Classification Succeeds.
2024-02-13 06:06:27,443 - Link Generation Fails.
2024-02-13 06:13:16,714 - Victim node is 1681.
2024-02-13 06:13:16,714 - tensor([7651, 7653, 7654], device='cuda:0')
2024-02-13 06:13:16,722 - Classification Fails.
2024-02-13 06:13:16,726 - Link Generation Succeeds.
2024-02-13 06:20:08,880 - Victim node is 1065.
2024-02-13 06:20:08,880 - tensor([4237, 7460, 7620], device='cuda:0')
2024-02-13 06:20:08,883 - Classification Succeeds.
2024-02-13 06:20:08,884 - Link Generation Fails.
2024-02-13 06:27:01,475 - Victim node is 4705.
2024-02-13 06:27:01,476 - tensor([4646, 6130, 7620], device='cuda:0')
2024-02-13 06:27:01,482 - Classification Succeeds.
2024-02-13 06:27:01,485 - Link Generation Fails.
2024-02-13 06:33:58,319 - Victim node is 6277.
2024-02-13 06:33:58,319 - tensor([6130, 7460, 7620], device='cuda:0')
2024-02-13 06:33:58,329 - Classification Succeeds.
2024-02-13 06:33:58,331 - Link Generation Fails.
2024-02-13 06:40:48,892 - Victim node is 3045.
2024-02-13 06:40:48,893 - tensor([7650, 7652, 7653], device='cuda:0')
2024-02-13 06:40:48,893 - Classification Fails.
2024-02-13 06:40:48,894 - Link Generation Succeeds.
2024-02-13 06:47:39,814 - Victim node is 450.
2024-02-13 06:47:39,814 - tensor([ 593, 4376, 6702], device='cuda:0')
2024-02-13 06:47:39,815 - Classification Fails.
2024-02-13 06:47:39,815 - Link Generation Fails.
2024-02-13 06:54:27,299 - Victim node is 3252.
2024-02-13 06:54:27,299 - tensor([2239, 4376, 6702], device='cuda:0')
2024-02-13 06:54:27,300 - Classification Succeeds.
2024-02-13 06:54:27,300 - Link Generation Fails.
2024-02-13 07:01:14,942 - Victim node is 6029.
2024-02-13 07:01:14,942 - tensor([ 593, 2198, 2239], device='cuda:0')
2024-02-13 07:01:14,949 - Classification Succeeds.
2024-02-13 07:01:14,951 - Link Generation Fails.
2024-02-13 07:08:04,253 - Victim node is 3212.
2024-02-13 07:08:04,253 - tensor([  80,  593, 2198], device='cuda:0')
2024-02-13 07:08:04,264 - Classification Succeeds.
2024-02-13 07:08:04,268 - Link Generation Fails.
2024-02-13 07:14:52,540 - Victim node is 4829.
2024-02-13 07:14:52,540 - tensor([ 593, 2198, 4376], device='cuda:0')
2024-02-13 07:14:52,542 - Classification Succeeds.
2024-02-13 07:14:52,542 - Link Generation Fails.
2024-02-13 07:21:39,590 - Victim node is 4328.
2024-02-13 07:21:39,590 - tensor([7650, 7651, 7652], device='cuda:0')
2024-02-13 07:21:39,599 - Classification Succeeds.
2024-02-13 07:21:39,603 - Link Generation Succeeds.
2024-02-13 07:28:26,051 - Victim node is 4097.
2024-02-13 07:28:26,051 - tensor([7652, 7653, 7654], device='cuda:0')
2024-02-13 07:28:26,051 - Classification Succeeds.
2024-02-13 07:28:26,051 - Link Generation Succeeds.
2024-02-13 07:35:12,632 - Victim node is 2828.
2024-02-13 07:35:12,632 - tensor([7650, 7651, 7654], device='cuda:0')
2024-02-13 07:35:12,633 - Classification Succeeds.
2024-02-13 07:35:12,633 - Link Generation Succeeds.
2024-02-13 07:41:58,828 - Victim node is 2975.
2024-02-13 07:41:58,829 - tensor([7650, 7651, 7652], device='cuda:0')
2024-02-13 07:41:58,829 - Classification Succeeds.
2024-02-13 07:41:58,829 - Link Generation Succeeds.
2024-02-13 07:48:45,432 - Victim node is 7105.
2024-02-13 07:48:45,432 - tensor([  80, 4805, 6702], device='cuda:0')
2024-02-13 07:48:45,439 - Classification Succeeds.
2024-02-13 07:48:45,441 - Link Generation Fails.
2024-02-13 07:55:30,363 - Victim node is 1481.
2024-02-13 07:55:30,363 - tensor([4384, 5404, 6551], device='cuda:0')
2024-02-13 07:55:30,364 - Classification Succeeds.
2024-02-13 07:55:30,364 - Link Generation Fails.
2024-02-13 08:02:23,263 - Victim node is 4672.
2024-02-13 08:02:23,263 - tensor([7650, 7651, 7652], device='cuda:0')
2024-02-13 08:02:23,272 - Classification Fails.
2024-02-13 08:02:23,277 - Link Generation Succeeds.
2024-02-13 08:09:14,769 - Victim node is 1886.
2024-02-13 08:09:14,770 - tensor([ 593, 2198, 2239], device='cuda:0')
2024-02-13 08:09:14,781 - Classification Succeeds.
2024-02-13 08:09:14,786 - Link Generation Fails.
2024-02-13 08:16:03,719 - Victim node is 7561.
2024-02-13 08:16:03,719 - tensor([2198, 2239, 4376], device='cuda:0')
2024-02-13 08:16:03,719 - Classification Succeeds.
2024-02-13 08:16:03,719 - Link Generation Fails.
2024-02-13 08:22:56,084 - Victim node is 1100.
2024-02-13 08:22:56,084 - tensor([2198, 2239, 4376], device='cuda:0')
2024-02-13 08:22:56,091 - Classification Succeeds.
2024-02-13 08:22:56,091 - Link Generation Fails.
2024-02-13 08:29:40,410 - Victim node is 5922.
2024-02-13 08:29:40,410 - tensor([7651, 7652, 7653], device='cuda:0')
2024-02-13 08:29:40,417 - Classification Succeeds.
2024-02-13 08:29:40,420 - Link Generation Succeeds.
2024-02-13 08:36:27,674 - Victim node is 7320.
2024-02-13 08:36:27,674 - tensor([7650, 7651, 7652], device='cuda:0')
2024-02-13 08:36:27,674 - Classification Succeeds.
2024-02-13 08:36:27,674 - Link Generation Succeeds.
2024-02-13 08:43:20,082 - Victim node is 2871.
2024-02-13 08:43:20,083 - tensor([7650, 7651, 7652], device='cuda:0')
2024-02-13 08:43:20,083 - Classification Succeeds.
2024-02-13 08:43:20,083 - Link Generation Succeeds.
2024-02-13 08:50:17,616 - Victim node is 1577.
2024-02-13 08:50:17,616 - tensor([1968, 2278, 6433], device='cuda:0')
2024-02-13 08:50:17,616 - Classification Succeeds.
2024-02-13 08:50:17,616 - Link Generation Fails.
2024-02-13 08:57:10,482 - Victim node is 4333.
2024-02-13 08:57:10,482 - tensor([ 593, 2198, 4376], device='cuda:0')
2024-02-13 08:57:10,489 - Classification Succeeds.
2024-02-13 08:57:10,491 - Link Generation Fails.
2024-02-13 09:04:05,155 - Victim node is 5118.
2024-02-13 09:04:05,155 - tensor([7650, 7651, 7652], device='cuda:0')
2024-02-13 09:04:05,156 - Classification Fails.
2024-02-13 09:04:05,156 - Link Generation Succeeds.
2024-02-13 09:10:50,213 - Victim node is 2414.
2024-02-13 09:10:50,213 - tensor([2198, 2239, 4376], device='cuda:0')
2024-02-13 09:10:50,213 - Classification Succeeds.
2024-02-13 09:10:50,213 - Link Generation Fails.
2024-02-13 09:17:38,781 - Victim node is 6956.
2024-02-13 09:17:38,781 - tensor([ 593, 2198, 7654], device='cuda:0')
2024-02-13 09:17:38,781 - Classification Succeeds.
2024-02-13 09:17:38,781 - Link Generation Succeeds.
2024-02-13 09:24:33,222 - Victim node is 7224.
2024-02-13 09:24:33,222 - tensor([ 932, 4237, 7460], device='cuda:0')
2024-02-13 09:24:33,223 - Classification Succeeds.
2024-02-13 09:24:33,223 - Link Generation Fails.
2024-02-13 09:31:17,518 - Victim node is 1423.
2024-02-13 09:31:17,518 - tensor([ 593, 4384, 6702], device='cuda:0')
2024-02-13 09:31:17,518 - Classification Succeeds.
2024-02-13 09:31:17,518 - Link Generation Fails.
2024-02-13 09:38:04,703 - Victim node is 5344.
2024-02-13 09:38:04,703 - tensor([1744, 3895, 4805], device='cuda:0')
2024-02-13 09:38:04,711 - Classification Succeeds.
2024-02-13 09:38:04,715 - Link Generation Fails.
2024-02-13 09:44:51,037 - Victim node is 6461.
2024-02-13 09:44:51,037 - tensor([ 593, 2198, 4376], device='cuda:0')
2024-02-13 09:44:51,044 - Classification Succeeds.
2024-02-13 09:44:51,047 - Link Generation Fails.
2024-02-13 09:51:41,077 - Victim node is 5290.
2024-02-13 09:51:41,077 - tensor([  80, 2239, 4376], device='cuda:0')
2024-02-13 09:51:41,078 - Classification Succeeds.
2024-02-13 09:51:41,078 - Link Generation Fails.
2024-02-13 09:58:31,971 - Victim node is 3347.
2024-02-13 09:58:31,971 - tensor([  80, 2239, 4805], device='cuda:0')
2024-02-13 09:58:31,971 - Classification Succeeds.
2024-02-13 09:58:31,972 - Link Generation Fails.
2024-02-13 10:05:13,291 - Victim node is 6080.
2024-02-13 10:05:13,292 - tensor([11, 16, 17], device='cuda:0')
2024-02-13 10:05:13,292 - Classification Succeeds.
2024-02-13 10:05:13,292 - Link Generation Fails.
2024-02-13 10:12:02,625 - Victim node is 2775.
2024-02-13 10:12:02,626 - tensor([ 593, 2198, 4376], device='cuda:0')
2024-02-13 10:12:02,627 - Classification Succeeds.
2024-02-13 10:12:02,627 - Link Generation Fails.
2024-02-13 10:18:54,771 - Victim node is 4300.
2024-02-13 10:18:54,771 - tensor([ 593, 2198, 2239], device='cuda:0')
2024-02-13 10:18:54,772 - Classification Succeeds.
2024-02-13 10:18:54,772 - Link Generation Fails.
2024-02-13 10:25:44,638 - Victim node is 860.
2024-02-13 10:25:44,638 - tensor([ 593, 2198, 4376], device='cuda:0')
2024-02-13 10:25:44,652 - Classification Succeeds.
2024-02-13 10:25:44,658 - Link Generation Fails.
2024-02-13 10:32:29,050 - Victim node is 3983.
2024-02-13 10:32:29,050 - tensor([4376, 4805, 6702], device='cuda:0')
2024-02-13 10:32:29,050 - Classification Succeeds.
2024-02-13 10:32:29,051 - Link Generation Fails.
2024-02-13 10:39:24,230 - Victim node is 2677.
2024-02-13 10:39:24,230 - tensor([7650, 7653, 7654], device='cuda:0')
2024-02-13 10:39:24,230 - Classification Fails.
2024-02-13 10:39:24,230 - Link Generation Succeeds.
2024-02-13 10:46:11,614 - Victim node is 5070.
2024-02-13 10:46:11,614 - tensor([4384, 5132, 6551], device='cuda:0')
2024-02-13 10:46:11,616 - Classification Succeeds.
2024-02-13 10:46:11,618 - Link Generation Fails.
2024-02-13 10:52:57,810 - Victim node is 7523.
2024-02-13 10:52:57,810 - tensor([7650, 7653, 7654], device='cuda:0')
2024-02-13 10:52:57,817 - Classification Fails.
2024-02-13 10:52:57,819 - Link Generation Succeeds.
2024-02-13 10:59:48,113 - Victim node is 1281.
2024-02-13 10:59:48,113 - tensor([2239, 4376, 6702], device='cuda:0')
2024-02-13 10:59:48,120 - Classification Succeeds.
2024-02-13 10:59:48,123 - Link Generation Fails.
2024-02-13 11:06:42,238 - Victim node is 617.
2024-02-13 11:06:42,238 - tensor([7650, 7651, 7652], device='cuda:0')
2024-02-13 11:06:42,238 - Classification Fails.
2024-02-13 11:06:42,238 - Link Generation Succeeds.
2024-02-13 11:13:33,377 - Victim node is 7137.
2024-02-13 11:13:33,377 - tensor([ 932, 7460, 7620], device='cuda:0')
2024-02-13 11:13:33,377 - Classification Succeeds.
2024-02-13 11:13:33,377 - Link Generation Fails.
2024-02-13 11:20:18,710 - Victim node is 1495.
2024-02-13 11:20:18,710 - tensor([ 593, 2198, 4376], device='cuda:0')
2024-02-13 11:20:18,710 - Classification Succeeds.
2024-02-13 11:20:18,712 - Link Generation Fails.
2024-02-13 11:27:07,381 - Victim node is 717.
2024-02-13 11:27:07,381 - tensor([7650, 7651, 7652], device='cuda:0')
2024-02-13 11:27:07,389 - Classification Fails.
2024-02-13 11:27:07,391 - Link Generation Succeeds.
2024-02-13 11:34:01,835 - Victim node is 518.
2024-02-13 11:34:01,836 - tensor([ 593, 2198, 4376], device='cuda:0')
2024-02-13 11:34:01,849 - Classification Succeeds.
2024-02-13 11:34:01,854 - Link Generation Fails.
2024-02-13 11:40:56,329 - Victim node is 6173.
2024-02-13 11:40:56,329 - tensor([ 932, 4646, 7620], device='cuda:0')
2024-02-13 11:40:56,329 - Classification Succeeds.
2024-02-13 11:40:56,329 - Link Generation Fails.
2024-02-13 11:47:43,418 - Victim node is 2299.
2024-02-13 11:47:43,418 - tensor([7650, 7651, 7652], device='cuda:0')
2024-02-13 11:47:43,427 - Classification Fails.
2024-02-13 11:47:43,431 - Link Generation Succeeds.
2024-02-13 11:54:30,970 - Victim node is 4751.
2024-02-13 11:54:30,970 - tensor([ 593, 2198, 4376], device='cuda:0')
2024-02-13 11:54:30,971 - Classification Succeeds.
2024-02-13 11:54:30,971 - Link Generation Fails.
2024-02-13 12:01:21,632 - Victim node is 6914.
2024-02-13 12:01:21,632 - tensor([ 593, 2198, 4376], device='cuda:0')
2024-02-13 12:01:21,633 - Classification Fails.
2024-02-13 12:01:21,633 - Link Generation Fails.
2024-02-13 12:08:08,735 - Victim node is 6763.
2024-02-13 12:08:08,735 - tensor([7650, 7651, 7652], device='cuda:0')
2024-02-13 12:08:08,736 - Classification Fails.
2024-02-13 12:08:08,736 - Link Generation Succeeds.
2024-02-13 12:15:01,336 - Victim node is 4585.
2024-02-13 12:15:01,336 - tensor([7650, 7651, 7652], device='cuda:0')
2024-02-13 12:15:01,337 - Classification Fails.
2024-02-13 12:15:01,337 - Link Generation Succeeds.
2024-02-13 12:21:52,814 - Victim node is 4747.
2024-02-13 12:21:52,814 - tensor([ 593, 2198, 2239], device='cuda:0')
2024-02-13 12:21:52,814 - Classification Succeeds.
2024-02-13 12:21:52,814 - Link Generation Fails.
2024-02-13 12:28:41,244 - Victim node is 4814.
2024-02-13 12:28:41,244 - tensor([7650, 7651, 7652], device='cuda:0')
2024-02-13 12:28:41,246 - Classification Fails.
2024-02-13 12:28:41,248 - Link Generation Succeeds.
2024-02-13 12:35:26,997 - Victim node is 910.
2024-02-13 12:35:26,997 - tensor([ 593, 2198, 2239], device='cuda:0')
2024-02-13 12:35:27,011 - Classification Fails.
2024-02-13 12:35:27,018 - Link Generation Fails.
2024-02-13 12:42:18,368 - Victim node is 1768.
2024-02-13 12:42:18,369 - tensor([4906, 6433, 7620], device='cuda:0')
2024-02-13 12:42:18,369 - Classification Succeeds.
2024-02-13 12:42:18,369 - Link Generation Fails.
2024-02-13 12:49:11,431 - Victim node is 5714.
2024-02-13 12:49:11,432 - tensor([2239, 4805, 6702], device='cuda:0')
2024-02-13 12:49:11,432 - Classification Succeeds.
2024-02-13 12:49:11,432 - Link Generation Fails.
2024-02-13 12:56:02,965 - Victim node is 4584.
2024-02-13 12:56:02,965 - tensor([7650, 7651, 7652], device='cuda:0')
2024-02-13 12:56:02,965 - Classification Fails.
2024-02-13 12:56:02,965 - Link Generation Succeeds.
2024-02-13 13:02:56,812 - Victim node is 7484.
2024-02-13 13:02:56,812 - tensor([ 593, 2198, 2239], device='cuda:0')
2024-02-13 13:02:56,820 - Classification Succeeds.
2024-02-13 13:02:56,822 - Link Generation Fails.
2024-02-13 13:09:51,079 - Victim node is 6009.
2024-02-13 13:09:51,079 - tensor([ 593, 2198, 2239], device='cuda:0')
2024-02-13 13:09:51,080 - Classification Succeeds.
2024-02-13 13:09:51,080 - Link Generation Fails.
2024-02-13 13:16:39,690 - Victim node is 1722.
2024-02-13 13:16:39,690 - tensor([ 593, 2198, 2239], device='cuda:0')
2024-02-13 13:16:39,690 - Classification Succeeds.
2024-02-13 13:16:39,690 - Link Generation Fails.
2024-02-13 13:23:30,831 - Victim node is 1512.
2024-02-13 13:23:30,831 - tensor([7650, 7652, 7653], device='cuda:0')
2024-02-13 13:23:30,831 - Classification Succeeds.
2024-02-13 13:23:30,831 - Link Generation Succeeds.
2024-02-13 13:30:22,285 - Victim node is 6047.
2024-02-13 13:30:22,286 - tensor([ 593, 4805, 6702], device='cuda:0')
2024-02-13 13:30:22,286 - Classification Fails.
2024-02-13 13:30:22,286 - Link Generation Fails.
2024-02-13 13:37:09,713 - Victim node is 580.
2024-02-13 13:37:09,713 - tensor([7650, 7651, 7652], device='cuda:0')
2024-02-13 13:37:09,720 - Classification Fails.
2024-02-13 13:37:09,724 - Link Generation Succeeds.
2024-02-13 13:44:01,998 - Victim node is 2993.
2024-02-13 13:44:01,999 - tensor([ 593, 2198, 2239], device='cuda:0')
2024-02-13 13:44:01,999 - Classification Succeeds.
2024-02-13 13:44:01,999 - Link Generation Fails.
2024-02-13 13:50:50,653 - Victim node is 800.
2024-02-13 13:50:50,654 - tensor([4376, 4384, 4805], device='cuda:0')
2024-02-13 13:50:50,654 - Classification Succeeds.
2024-02-13 13:50:50,654 - Link Generation Fails.
2024-02-13 13:57:36,342 - Victim node is 2904.
2024-02-13 13:57:36,342 - tensor([ 593, 2239, 4376], device='cuda:0')
2024-02-13 13:57:36,343 - Classification Succeeds.
2024-02-13 13:57:36,343 - Link Generation Fails.
2024-02-13 14:04:19,717 - Victim node is 539.
2024-02-13 14:04:19,717 - tensor([ 593, 2198, 2239], device='cuda:0')
2024-02-13 14:04:19,717 - Classification Succeeds.
2024-02-13 14:04:19,718 - Link Generation Fails.
2024-02-13 14:11:04,954 - Victim node is 382.
2024-02-13 14:11:04,954 - tensor([ 593, 2198, 2239], device='cuda:0')
2024-02-13 14:11:04,954 - Classification Succeeds.
2024-02-13 14:11:04,955 - Link Generation Fails.
2024-02-13 14:17:52,943 - Victim node is 5988.
2024-02-13 14:17:52,943 - tensor([7650, 7651, 7652], device='cuda:0')
2024-02-13 14:17:52,957 - Classification Succeeds.
2024-02-13 14:17:52,963 - Link Generation Succeeds.
2024-02-13 14:24:42,841 - Victim node is 2249.
2024-02-13 14:24:42,841 - tensor([7650, 7651, 7652], device='cuda:0')
2024-02-13 14:24:42,843 - Classification Succeeds.
2024-02-13 14:24:42,846 - Link Generation Succeeds.
2024-02-13 14:31:27,865 - Victim node is 868.
2024-02-13 14:31:27,865 - tensor([2239, 4376, 6702], device='cuda:0')
2024-02-13 14:31:27,872 - Classification Succeeds.
2024-02-13 14:31:27,874 - Link Generation Fails.
2024-02-13 14:38:18,038 - Victim node is 7495.
2024-02-13 14:38:18,038 - tensor([7650, 7651, 7652], device='cuda:0')
2024-02-13 14:38:18,038 - Classification Fails.
2024-02-13 14:38:18,038 - Link Generation Succeeds.
2024-02-13 14:45:08,928 - Victim node is 3758.
2024-02-13 14:45:08,928 - tensor([ 593, 2239, 6702], device='cuda:0')
2024-02-13 14:45:08,931 - Classification Succeeds.
2024-02-13 14:45:08,933 - Link Generation Fails.
2024-02-13 14:52:02,473 - Victim node is 3155.
2024-02-13 14:52:02,473 - tensor([ 593, 2198, 2239], device='cuda:0')
2024-02-13 14:52:02,482 - Classification Succeeds.
2024-02-13 14:52:02,484 - Link Generation Fails.
2024-02-13 14:58:55,090 - Victim node is 6346.
2024-02-13 14:58:55,090 - tensor([7650, 7651, 7652], device='cuda:0')
2024-02-13 14:58:55,094 - Classification Fails.
2024-02-13 14:58:55,098 - Link Generation Succeeds.
2024-02-13 15:05:56,461 - Victim node is 342.
2024-02-13 15:05:56,461 - tensor([7650, 7651, 7652], device='cuda:0')
2024-02-13 15:05:56,468 - Classification Fails.
2024-02-13 15:05:56,473 - Link Generation Succeeds.
2024-02-13 15:12:53,146 - Victim node is 3458.
2024-02-13 15:12:53,146 - tensor([4237, 7460, 7620], device='cuda:0')
2024-02-13 15:12:53,150 - Classification Succeeds.
2024-02-13 15:12:53,153 - Link Generation Fails.
2024-02-13 15:19:47,798 - Victim node is 5206.
2024-02-13 15:19:47,798 - tensor([ 593, 2198, 4376], device='cuda:0')
2024-02-13 15:19:47,798 - Classification Fails.
2024-02-13 15:19:47,798 - Link Generation Fails.
2024-02-13 15:26:43,124 - Victim node is 3798.
2024-02-13 15:26:43,124 - tensor([7651, 7652, 7653], device='cuda:0')
2024-02-13 15:26:43,124 - Classification Fails.
2024-02-13 15:26:43,124 - Link Generation Succeeds.
2024-02-13 15:33:42,599 - Victim node is 3868.
2024-02-13 15:33:42,599 - tensor([7650, 7651, 7652], device='cuda:0')
2024-02-13 15:33:42,600 - Classification Succeeds.
2024-02-13 15:33:42,600 - Link Generation Succeeds.
2024-02-13 15:40:35,182 - Victim node is 5821.
2024-02-13 15:40:35,182 - tensor([6130, 7460, 7620], device='cuda:0')
2024-02-13 15:40:35,183 - Classification Succeeds.
2024-02-13 15:40:35,183 - Link Generation Fails.
2024-02-13 15:47:31,695 - Victim node is 4192.
2024-02-13 15:47:31,695 - tensor([7650, 7651, 7652], device='cuda:0')
2024-02-13 15:47:31,704 - Classification Fails.
2024-02-13 15:47:31,708 - Link Generation Succeeds.
2024-02-13 15:54:27,589 - Victim node is 3301.
2024-02-13 15:54:27,589 - tensor([ 593, 2198, 6702], device='cuda:0')
2024-02-13 15:54:27,591 - Classification Succeeds.
2024-02-13 15:54:27,594 - Link Generation Fails.
2024-02-13 16:01:17,920 - Victim node is 153.
2024-02-13 16:01:17,920 - tensor([6130, 7460, 7620], device='cuda:0')
2024-02-13 16:01:17,931 - Classification Succeeds.
2024-02-13 16:01:17,934 - Link Generation Fails.
2024-02-13 16:08:14,280 - Victim node is 6101.
2024-02-13 16:08:14,280 - tensor([1968, 1971, 2278], device='cuda:0')
2024-02-13 16:08:14,281 - Classification Succeeds.
2024-02-13 16:08:14,281 - Link Generation Fails.
2024-02-13 16:15:08,797 - Victim node is 5511.
2024-02-13 16:15:08,797 - tensor([ 593, 2198, 2239], device='cuda:0')
2024-02-13 16:15:08,798 - Classification Succeeds.
2024-02-13 16:15:08,798 - Link Generation Fails.
2024-02-13 16:22:00,095 - Victim node is 314.
2024-02-13 16:22:00,095 - tensor([4237, 7460, 7620], device='cuda:0')
2024-02-13 16:22:00,095 - Classification Succeeds.
2024-02-13 16:22:00,095 - Link Generation Fails.
2024-02-13 16:28:40,595 - Victim node is 5373.
2024-02-13 16:28:40,595 - tensor([ 593, 2198, 4376], device='cuda:0')
2024-02-13 16:28:40,596 - Classification Succeeds.
2024-02-13 16:28:40,596 - Link Generation Fails.
2024-02-13 16:35:29,654 - Victim node is 2859.
2024-02-13 16:35:29,654 - tensor([2239, 4376, 4805], device='cuda:0')
2024-02-13 16:35:29,654 - Classification Succeeds.
2024-02-13 16:35:29,654 - Link Generation Fails.
2024-02-13 16:42:19,417 - Victim node is 293.
2024-02-13 16:42:19,417 - tensor([4237, 7460, 7620], device='cuda:0')
2024-02-13 16:42:19,424 - Classification Succeeds.
2024-02-13 16:42:19,427 - Link Generation Fails.
2024-02-13 16:49:06,362 - Victim node is 6487.
2024-02-13 16:49:06,362 - tensor([7650, 7651, 7652], device='cuda:0')
2024-02-13 16:49:06,362 - Classification Fails.
2024-02-13 16:49:06,362 - Link Generation Succeeds.
2024-02-13 16:55:53,924 - Victim node is 3488.
2024-02-13 16:55:53,924 - tensor([7650, 7651, 7652], device='cuda:0')
2024-02-13 16:55:53,924 - Classification Fails.
2024-02-13 16:55:53,924 - Link Generation Succeeds.
2024-02-13 17:02:43,262 - Victim node is 6211.
2024-02-13 17:02:43,263 - tensor([ 593, 2198, 2239], device='cuda:0')
2024-02-13 17:02:43,263 - Classification Succeeds.
2024-02-13 17:02:43,263 - Link Generation Fails.
2024-02-13 17:09:32,135 - Victim node is 1119.
2024-02-13 17:09:32,135 - tensor([7650, 7651, 7652], device='cuda:0')
2024-02-13 17:09:32,136 - Classification Fails.
2024-02-13 17:09:32,137 - Link Generation Succeeds.
2024-02-13 17:16:13,104 - Victim node is 6855.
2024-02-13 17:16:13,104 - tensor([4237, 7460, 7620], device='cuda:0')
2024-02-13 17:16:13,107 - Classification Succeeds.
2024-02-13 17:16:13,110 - Link Generation Fails.
2024-02-13 17:23:01,724 - Victim node is 7050.
2024-02-13 17:23:01,724 - tensor([7650, 7651, 7652], device='cuda:0')
2024-02-13 17:23:01,725 - Classification Fails.
2024-02-13 17:23:01,725 - Link Generation Succeeds.
2024-02-13 17:29:51,495 - Victim node is 1475.
2024-02-13 17:29:51,495 - tensor([7650, 7651, 7652], device='cuda:0')
2024-02-13 17:29:51,497 - Classification Fails.
2024-02-13 17:29:51,499 - Link Generation Succeeds.
2024-02-13 17:36:41,228 - Victim node is 7151.
2024-02-13 17:36:41,228 - tensor([  80,  593, 6702], device='cuda:0')
2024-02-13 17:36:41,229 - Classification Succeeds.
2024-02-13 17:36:41,229 - Link Generation Fails.
2024-02-13 17:43:31,771 - Victim node is 5729.
2024-02-13 17:43:31,772 - tensor([7650, 7651, 7652], device='cuda:0')
2024-02-13 17:43:31,772 - Classification Succeeds.
2024-02-13 17:43:31,772 - Link Generation Succeeds.
2024-02-13 17:50:24,555 - Victim node is 6653.
2024-02-13 17:50:24,555 - tensor([3383, 7460, 7620], device='cuda:0')
2024-02-13 17:50:24,557 - Classification Succeeds.
2024-02-13 17:50:24,557 - Link Generation Fails.
2024-02-13 17:57:16,527 - Victim node is 5990.
2024-02-13 17:57:16,528 - tensor([7650, 7651, 7652], device='cuda:0')
2024-02-13 17:57:16,529 - Classification Fails.
2024-02-13 17:57:16,529 - Link Generation Succeeds.
2024-02-13 18:04:08,469 - Victim node is 1102.
2024-02-13 18:04:08,469 - tensor([3895, 4384, 6551], device='cuda:0')
2024-02-13 18:04:08,471 - Classification Succeeds.
2024-02-13 18:04:08,471 - Link Generation Fails.
2024-02-13 18:10:57,469 - Victim node is 4735.
2024-02-13 18:10:57,469 - tensor([7650, 7651, 7652], device='cuda:0')
2024-02-13 18:10:57,470 - Classification Succeeds.
2024-02-13 18:10:57,472 - Link Generation Succeeds.
2024-02-13 18:17:50,999 - Victim node is 1452.
2024-02-13 18:17:50,999 - tensor([7650, 7651, 7652], device='cuda:0')
2024-02-13 18:17:51,000 - Classification Succeeds.
2024-02-13 18:17:51,000 - Link Generation Succeeds.
2024-02-13 18:24:43,362 - Victim node is 2143.
2024-02-13 18:24:43,362 - tensor([7650, 7651, 7652], device='cuda:0')
2024-02-13 18:24:43,367 - Classification Succeeds.
2024-02-13 18:24:43,368 - Link Generation Succeeds.
2024-02-13 18:31:31,069 - Victim node is 607.
2024-02-13 18:31:31,069 - tensor([ 593, 2198, 6702], device='cuda:0')
2024-02-13 18:31:31,069 - Classification Succeeds.
2024-02-13 18:31:31,070 - Link Generation Fails.
2024-02-13 18:38:17,552 - Victim node is 1318.
2024-02-13 18:38:17,553 - tensor([7650, 7651, 7654], device='cuda:0')
2024-02-13 18:38:17,554 - Classification Fails.
2024-02-13 18:38:17,555 - Link Generation Succeeds.
2024-02-13 18:45:01,178 - Victim node is 3572.
2024-02-13 18:45:01,178 - tensor([7650, 7651, 7652], device='cuda:0')
2024-02-13 18:45:01,181 - Classification Succeeds.
2024-02-13 18:45:01,182 - Link Generation Succeeds.
2024-02-13 18:51:50,033 - Victim node is 3930.
2024-02-13 18:51:50,033 - tensor([2198, 2239, 6702], device='cuda:0')
2024-02-13 18:51:50,034 - Classification Fails.
2024-02-13 18:51:50,034 - Link Generation Fails.
2024-02-13 18:58:40,764 - Victim node is 6332.
2024-02-13 18:58:40,764 - tensor([7650, 7651, 7652], device='cuda:0')
2024-02-13 18:58:40,764 - Classification Succeeds.
2024-02-13 18:58:40,764 - Link Generation Succeeds.
2024-02-13 19:05:23,382 - Victim node is 6559.
2024-02-13 19:05:23,382 - tensor([ 593, 2198, 2239], device='cuda:0')
2024-02-13 19:05:23,389 - Classification Succeeds.
2024-02-13 19:05:23,392 - Link Generation Fails.
2024-02-13 19:12:11,827 - Victim node is 3463.
2024-02-13 19:12:11,827 - tensor([1759, 2260, 7620], device='cuda:0')
2024-02-13 19:12:11,827 - Classification Succeeds.
2024-02-13 19:12:11,827 - Link Generation Fails.
2024-02-13 19:18:53,317 - Victim node is 1.
2024-02-13 19:18:53,317 - tensor([ 593, 2198, 4376], device='cuda:0')
2024-02-13 19:18:53,319 - Classification Succeeds.
2024-02-13 19:18:53,321 - Link Generation Fails.
2024-02-13 19:25:42,279 - Victim node is 4036.
2024-02-13 19:25:42,279 - tensor([ 593, 2198, 7654], device='cuda:0')
2024-02-13 19:25:42,286 - Classification Succeeds.
2024-02-13 19:25:42,289 - Link Generation Succeeds.
2024-02-13 19:32:26,738 - Victim node is 3941.
2024-02-13 19:32:26,738 - tensor([7650, 7651, 7652], device='cuda:0')
2024-02-13 19:32:26,739 - Classification Fails.
2024-02-13 19:32:26,739 - Link Generation Succeeds.
2024-02-13 19:39:13,459 - Victim node is 5719.
2024-02-13 19:39:13,459 - tensor([2198, 2239, 4376], device='cuda:0')
2024-02-13 19:39:13,459 - Classification Succeeds.
2024-02-13 19:39:13,459 - Link Generation Fails.
2024-02-13 19:46:01,807 - Victim node is 825.
2024-02-13 19:46:01,807 - tensor([7650, 7651, 7652], device='cuda:0')
2024-02-13 19:46:01,814 - Classification Fails.
2024-02-13 19:46:01,816 - Link Generation Succeeds.
2024-02-13 19:52:52,820 - Victim node is 1664.
2024-02-13 19:52:52,820 - tensor([1759, 6130, 7620], device='cuda:0')
2024-02-13 19:52:52,832 - Classification Succeeds.
2024-02-13 19:52:52,835 - Link Generation Fails.
2024-02-13 19:59:40,338 - Victim node is 312.
2024-02-13 19:59:40,338 - tensor([7650, 7651, 7652], device='cuda:0')
2024-02-13 19:59:40,341 - Classification Succeeds.
2024-02-13 19:59:40,342 - Link Generation Succeeds.
2024-02-13 20:06:31,520 - Victim node is 4507.
2024-02-13 20:06:31,520 - tensor([4237, 7460, 7620], device='cuda:0')
2024-02-13 20:06:31,533 - Classification Succeeds.
2024-02-13 20:06:31,535 - Link Generation Fails.
2024-02-13 20:13:18,783 - Victim node is 5004.
2024-02-13 20:13:18,783 - tensor([ 932, 4237, 7460], device='cuda:0')
2024-02-13 20:13:18,783 - Classification Succeeds.
2024-02-13 20:13:18,783 - Link Generation Fails.
2024-02-13 20:20:08,912 - Victim node is 4165.
2024-02-13 20:20:08,912 - tensor([4646, 6130, 7620], device='cuda:0')
2024-02-13 20:20:08,912 - Classification Succeeds.
2024-02-13 20:20:08,913 - Link Generation Fails.
2024-02-13 20:26:56,903 - Victim node is 5596.
2024-02-13 20:26:56,903 - tensor([7620, 7650, 7653], device='cuda:0')
2024-02-13 20:26:56,903 - Classification Fails.
2024-02-13 20:26:56,903 - Link Generation Succeeds.
2024-02-13 20:33:42,798 - Victim node is 7145.
2024-02-13 20:33:42,798 - tensor([7650, 7651, 7652], device='cuda:0')
2024-02-13 20:33:42,806 - Classification Fails.
2024-02-13 20:33:42,808 - Link Generation Succeeds.
2024-02-13 20:40:32,229 - Victim node is 1022.
2024-02-13 20:40:32,229 - tensor([ 593, 4376, 4384], device='cuda:0')
2024-02-13 20:40:32,229 - Classification Succeeds.
2024-02-13 20:40:32,229 - Link Generation Fails.
2024-02-13 20:47:26,763 - Victim node is 4798.
2024-02-13 20:47:26,763 - tensor([7620, 7652, 7653], device='cuda:0')
2024-02-13 20:47:26,765 - Classification Fails.
2024-02-13 20:47:26,765 - Link Generation Succeeds.
2024-02-13 20:54:14,756 - Victim node is 1123.
2024-02-13 20:54:14,756 - tensor([4646, 6433, 7620], device='cuda:0')
2024-02-13 20:54:14,756 - Classification Succeeds.
2024-02-13 20:54:14,757 - Link Generation Fails.
2024-02-13 21:01:02,570 - Victim node is 937.
2024-02-13 21:01:02,570 - tensor([ 593, 2198, 4376], device='cuda:0')
2024-02-13 21:01:02,570 - Classification Succeeds.
2024-02-13 21:01:02,570 - Link Generation Fails.
2024-02-13 21:07:50,573 - Victim node is 2982.
2024-02-13 21:07:50,573 - tensor([7651, 7652, 7654], device='cuda:0')
2024-02-13 21:07:50,574 - Classification Fails.
2024-02-13 21:07:50,574 - Link Generation Succeeds.
2024-02-13 21:14:34,682 - Victim node is 525.
2024-02-13 21:14:34,682 - tensor([7650, 7651, 7652], device='cuda:0')
2024-02-13 21:14:34,683 - Classification Fails.
2024-02-13 21:14:34,683 - Link Generation Succeeds.
2024-02-13 21:21:26,850 - Victim node is 1340.
2024-02-13 21:21:26,850 - tensor([4237, 7460, 7620], device='cuda:0')
2024-02-13 21:21:26,857 - Classification Succeeds.
2024-02-13 21:21:26,859 - Link Generation Fails.
2024-02-13 21:28:16,710 - Victim node is 6123.
2024-02-13 21:28:16,710 - tensor([ 593, 2198, 2239], device='cuda:0')
2024-02-13 21:28:16,710 - Classification Succeeds.
2024-02-13 21:28:16,710 - Link Generation Fails.
2024-02-13 21:35:12,687 - Victim node is 6971.
2024-02-13 21:35:12,687 - tensor([3895, 4805, 5132], device='cuda:0')
2024-02-13 21:35:12,697 - Classification Succeeds.
2024-02-13 21:35:12,699 - Link Generation Fails.
2024-02-13 21:42:01,551 - Victim node is 1035.
2024-02-13 21:42:01,551 - tensor([11, 12, 13], device='cuda:0')
2024-02-13 21:42:01,554 - Classification Succeeds.
2024-02-13 21:42:01,554 - Link Generation Fails.
2024-02-13 21:48:48,100 - Victim node is 4470.
2024-02-13 21:48:48,100 - tensor([7650, 7652, 7654], device='cuda:0')
2024-02-13 21:48:48,109 - Classification Fails.
2024-02-13 21:48:48,114 - Link Generation Succeeds.
2024-02-13 21:55:36,898 - Victim node is 3620.
2024-02-13 21:55:36,898 - tensor([2239, 4376, 6702], device='cuda:0')
2024-02-13 21:55:36,905 - Classification Succeeds.
2024-02-13 21:55:36,907 - Link Generation Fails.
2024-02-13 22:02:20,295 - Victim node is 2405.
2024-02-13 22:02:20,295 - tensor([ 593, 2198, 4376], device='cuda:0')
2024-02-13 22:02:20,295 - Classification Succeeds.
2024-02-13 22:02:20,295 - Link Generation Fails.
2024-02-13 22:09:11,345 - Victim node is 2476.
2024-02-13 22:09:11,345 - tensor([ 593, 2239, 4376], device='cuda:0')
2024-02-13 22:09:11,346 - Classification Succeeds.
2024-02-13 22:09:11,348 - Link Generation Fails.
2024-02-13 22:16:04,547 - Victim node is 1348.
2024-02-13 22:16:04,548 - tensor([4237, 7460, 7620], device='cuda:0')
2024-02-13 22:16:04,548 - Classification Fails.
2024-02-13 22:16:04,548 - Link Generation Fails.
2024-02-13 22:22:48,226 - Victim node is 1868.
2024-02-13 22:22:48,226 - tensor([11, 16, 17], device='cuda:0')
2024-02-13 22:22:48,227 - Classification Succeeds.
2024-02-13 22:22:48,227 - Link Generation Fails.
2024-02-13 22:29:37,889 - Victim node is 5081.
2024-02-13 22:29:37,889 - tensor([ 593, 2198, 2239], device='cuda:0')
2024-02-13 22:29:37,889 - Classification Succeeds.
2024-02-13 22:29:37,889 - Link Generation Fails.
2024-02-13 22:36:23,011 - Victim node is 3230.
2024-02-13 22:36:23,011 - tensor([7650, 7651, 7652], device='cuda:0')
2024-02-13 22:36:23,021 - Classification Fails.
2024-02-13 22:36:23,024 - Link Generation Succeeds.
2024-02-13 22:43:14,560 - Victim node is 253.
2024-02-13 22:43:14,560 - tensor([6130, 7460, 7650], device='cuda:0')
2024-02-13 22:43:14,561 - Classification Succeeds.
2024-02-13 22:43:14,561 - Link Generation Succeeds.
2024-02-13 22:50:01,960 - Victim node is 1255.
2024-02-13 22:50:01,960 - tensor([7650, 7651, 7652], device='cuda:0')
2024-02-13 22:50:01,972 - Classification Succeeds.
2024-02-13 22:50:01,978 - Link Generation Succeeds.
2024-02-13 22:56:47,557 - Victim node is 1023.
2024-02-13 22:56:47,557 - tensor([2198, 2239, 4376], device='cuda:0')
2024-02-13 22:56:47,558 - Classification Succeeds.
2024-02-13 22:56:47,558 - Link Generation Fails.
2024-02-13 23:03:35,104 - Victim node is 2427.
2024-02-13 23:03:35,104 - tensor([4384, 5404, 6702], device='cuda:0')
2024-02-13 23:03:35,105 - Classification Succeeds.
2024-02-13 23:03:35,107 - Link Generation Fails.
2024-02-13 23:10:17,533 - Victim node is 2807.
2024-02-13 23:10:17,533 - tensor([4237, 7460, 7620], device='cuda:0')
2024-02-13 23:10:17,534 - Classification Succeeds.
2024-02-13 23:10:17,534 - Link Generation Fails.
2024-02-13 23:17:06,119 - Victim node is 2386.
2024-02-13 23:17:06,119 - tensor([4237, 7460, 7620], device='cuda:0')
2024-02-13 23:17:06,119 - Classification Succeeds.
2024-02-13 23:17:06,119 - Link Generation Fails.
2024-02-13 23:23:59,256 - Victim node is 5659.
2024-02-13 23:23:59,256 - tensor([7650, 7651, 7652], device='cuda:0')
2024-02-13 23:23:59,264 - Classification Fails.
2024-02-13 23:23:59,267 - Link Generation Succeeds.
2024-02-13 23:30:44,896 - Victim node is 58.
2024-02-13 23:30:44,896 - tensor([4237, 7460, 7620], device='cuda:0')
2024-02-13 23:30:44,903 - Classification Succeeds.
2024-02-13 23:30:44,905 - Link Generation Fails.
2024-02-13 23:37:29,008 - Victim node is 6183.
2024-02-13 23:37:29,008 - tensor([1798, 4384, 5132], device='cuda:0')
2024-02-13 23:37:29,008 - Classification Succeeds.
2024-02-13 23:37:29,008 - Link Generation Fails.
2024-02-13 23:44:16,286 - Victim node is 6771.
2024-02-13 23:44:16,287 - tensor([4237, 7460, 7620], device='cuda:0')
2024-02-13 23:44:16,287 - Classification Succeeds.
2024-02-13 23:44:16,287 - Link Generation Fails.
2024-02-13 23:50:57,033 - Victim node is 220.
2024-02-13 23:50:57,034 - tensor([  80, 1744, 3895], device='cuda:0')
2024-02-13 23:50:57,034 - Classification Succeeds.
2024-02-13 23:50:57,034 - Link Generation Fails.
2024-02-13 23:57:46,872 - Victim node is 7130.
2024-02-13 23:57:46,873 - tensor([ 593, 2198, 2239], device='cuda:0')
2024-02-13 23:57:46,886 - Classification Succeeds.
2024-02-13 23:57:46,891 - Link Generation Fails.
2024-02-14 00:04:34,782 - Victim node is 5167.
2024-02-14 00:04:34,782 - tensor([ 593, 2198, 4376], device='cuda:0')
2024-02-14 00:04:34,784 - Classification Succeeds.
2024-02-14 00:04:34,788 - Link Generation Fails.
2024-02-14 00:11:28,451 - Victim node is 4216.
2024-02-14 00:11:28,451 - tensor([7650, 7651, 7652], device='cuda:0')
2024-02-14 00:11:28,452 - Classification Fails.
2024-02-14 00:11:28,452 - Link Generation Succeeds.
2024-02-14 00:18:16,944 - Victim node is 5920.
2024-02-14 00:18:16,944 - tensor([ 593, 2198, 7650], device='cuda:0')
2024-02-14 00:18:16,947 - Classification Succeeds.
2024-02-14 00:18:16,948 - Link Generation Succeeds.
2024-02-14 00:25:08,282 - Victim node is 7165.
2024-02-14 00:25:08,282 - tensor([ 932, 7460, 7620], device='cuda:0')
2024-02-14 00:25:08,282 - Classification Succeeds.
2024-02-14 00:25:08,282 - Link Generation Fails.
2024-02-14 00:31:54,102 - Victim node is 7246.
2024-02-14 00:31:54,102 - tensor([4237, 7460, 7620], device='cuda:0')
2024-02-14 00:31:54,103 - Classification Succeeds.
2024-02-14 00:31:54,103 - Link Generation Fails.
2024-02-14 00:38:42,609 - Victim node is 4245.
2024-02-14 00:38:42,609 - tensor([1971, 2278, 4666], device='cuda:0')
2024-02-14 00:38:42,609 - Classification Succeeds.
2024-02-14 00:38:42,609 - Link Generation Fails.
2024-02-14 00:45:24,406 - Victim node is 1241.
2024-02-14 00:45:24,406 - tensor([ 593, 2198, 2239], device='cuda:0')
2024-02-14 00:45:24,413 - Classification Succeeds.
2024-02-14 00:45:24,415 - Link Generation Fails.
2024-02-14 00:52:13,169 - Victim node is 1239.
2024-02-14 00:52:13,169 - tensor([ 593, 2198, 4376], device='cuda:0')
2024-02-14 00:52:13,169 - Classification Fails.
2024-02-14 00:52:13,169 - Link Generation Fails.
2024-02-14 00:58:56,701 - Victim node is 3772.
2024-02-14 00:58:56,701 - tensor([7651, 7653, 7654], device='cuda:0')
2024-02-14 00:58:56,702 - Classification Fails.
2024-02-14 00:58:56,702 - Link Generation Succeeds.
2024-02-14 01:05:42,882 - Victim node is 6161.
2024-02-14 01:05:42,883 - tensor([11, 16, 17], device='cuda:0')
2024-02-14 01:05:42,883 - Classification Succeeds.
2024-02-14 01:05:42,883 - Link Generation Fails.
2024-02-14 01:12:35,103 - Victim node is 6163.
2024-02-14 01:12:35,103 - tensor([7650, 7651, 7652], device='cuda:0')
2024-02-14 01:12:35,110 - Classification Fails.
2024-02-14 01:12:35,112 - Link Generation Succeeds.
2024-02-14 01:19:15,511 - Victim node is 5478.
2024-02-14 01:19:15,511 - tensor([ 593, 2198, 4376], device='cuda:0')
2024-02-14 01:19:15,512 - Classification Succeeds.
2024-02-14 01:19:15,512 - Link Generation Fails.
2024-02-14 01:26:07,134 - Victim node is 348.
2024-02-14 01:26:07,134 - tensor([ 593, 2198, 4376], device='cuda:0')
2024-02-14 01:26:07,141 - Classification Succeeds.
2024-02-14 01:26:07,144 - Link Generation Fails.
2024-02-14 01:32:53,340 - Victim node is 6384.
2024-02-14 01:32:53,341 - tensor([ 593, 2198, 4376], device='cuda:0')
2024-02-14 01:32:53,341 - Classification Succeeds.
2024-02-14 01:32:53,341 - Link Generation Fails.
2024-02-14 01:39:47,204 - Victim node is 3856.
2024-02-14 01:39:47,204 - tensor([7652, 7653, 7654], device='cuda:0')
2024-02-14 01:39:47,205 - Classification Succeeds.
2024-02-14 01:39:47,205 - Link Generation Succeeds.
2024-02-14 01:46:38,409 - Victim node is 6178.
2024-02-14 01:46:38,409 - tensor([ 593, 2198, 4376], device='cuda:0')
2024-02-14 01:46:38,410 - Classification Succeeds.
2024-02-14 01:46:38,410 - Link Generation Fails.
2024-02-14 01:53:30,316 - Victim node is 7086.
2024-02-14 01:53:30,316 - tensor([2198, 7650, 7654], device='cuda:0')
2024-02-14 01:53:30,316 - Classification Fails.
2024-02-14 01:53:30,316 - Link Generation Succeeds.
2024-02-14 02:00:07,495 - Victim node is 5398.
2024-02-14 02:00:07,495 - tensor([ 593, 4384, 6702], device='cuda:0')
2024-02-14 02:00:07,495 - Classification Succeeds.
2024-02-14 02:00:07,495 - Link Generation Fails.
2024-02-14 02:06:48,205 - Victim node is 7271.
2024-02-14 02:06:48,205 - tensor([7650, 7651, 7652], device='cuda:0')
2024-02-14 02:06:48,205 - Classification Fails.
2024-02-14 02:06:48,206 - Link Generation Succeeds.
2024-02-14 02:13:34,072 - Victim node is 3040.
2024-02-14 02:13:34,072 - tensor([ 593, 2198, 4376], device='cuda:0')
2024-02-14 02:13:34,073 - Classification Succeeds.
2024-02-14 02:13:34,073 - Link Generation Fails.
2024-02-14 02:20:25,088 - Victim node is 2748.
2024-02-14 02:20:25,088 - tensor([7650, 7651, 7652], device='cuda:0')
2024-02-14 02:20:25,089 - Classification Succeeds.
2024-02-14 02:20:25,089 - Link Generation Succeeds.
2024-02-14 02:27:09,753 - Victim node is 7275.
2024-02-14 02:27:09,754 - tensor([6130, 7460, 7620], device='cuda:0')
2024-02-14 02:27:09,761 - Classification Succeeds.
2024-02-14 02:27:09,763 - Link Generation Fails.
2024-02-14 02:34:01,198 - Victim node is 1976.
2024-02-14 02:34:01,198 - tensor([ 593, 2198, 4376], device='cuda:0')
2024-02-14 02:34:01,198 - Classification Succeeds.
2024-02-14 02:34:01,198 - Link Generation Fails.
2024-02-14 02:40:52,052 - Victim node is 2650.
2024-02-14 02:40:52,053 - tensor([2239, 4384, 5404], device='cuda:0')
2024-02-14 02:40:52,053 - Classification Fails.
2024-02-14 02:40:52,053 - Link Generation Fails.
2024-02-14 02:47:40,016 - Victim node is 6139.
2024-02-14 02:47:40,016 - tensor([7650, 7651, 7652], device='cuda:0')
2024-02-14 02:47:40,016 - Classification Fails.
2024-02-14 02:47:40,017 - Link Generation Succeeds.
2024-02-14 02:54:26,837 - Victim node is 1078.
2024-02-14 02:54:26,837 - tensor([7650, 7651, 7652], device='cuda:0')
2024-02-14 02:54:26,837 - Classification Fails.
2024-02-14 02:54:26,837 - Link Generation Succeeds.
2024-02-14 03:01:11,109 - Victim node is 3001.
2024-02-14 03:01:11,110 - tensor([2239, 4376, 4384], device='cuda:0')
2024-02-14 03:01:11,110 - Classification Succeeds.
2024-02-14 03:01:11,110 - Link Generation Fails.
2024-02-14 03:07:56,244 - Victim node is 6210.
2024-02-14 03:07:56,244 - tensor([ 593, 2198, 4376], device='cuda:0')
2024-02-14 03:07:56,244 - Classification Succeeds.
2024-02-14 03:07:56,244 - Link Generation Fails.
2024-02-14 03:14:49,902 - Victim node is 7452.
2024-02-14 03:14:49,902 - tensor([ 593, 2198, 2239], device='cuda:0')
2024-02-14 03:14:49,911 - Classification Succeeds.
2024-02-14 03:14:49,916 - Link Generation Fails.
2024-02-14 03:21:41,591 - Victim node is 6887.
2024-02-14 03:21:41,591 - tensor([4376, 4384, 5404], device='cuda:0')
2024-02-14 03:21:41,591 - Classification Succeeds.
2024-02-14 03:21:41,591 - Link Generation Fails.
2024-02-14 03:28:34,400 - Victim node is 5446.
2024-02-14 03:28:34,400 - tensor([ 593, 2198, 4376], device='cuda:0')
2024-02-14 03:28:34,400 - Classification Fails.
2024-02-14 03:28:34,401 - Link Generation Fails.
2024-02-14 03:35:23,429 - Victim node is 6270.
2024-02-14 03:35:23,429 - tensor([7650, 7651, 7652], device='cuda:0')
2024-02-14 03:35:23,439 - Classification Fails.
2024-02-14 03:35:23,442 - Link Generation Succeeds.
2024-02-14 03:42:13,589 - Victim node is 3024.
2024-02-14 03:42:13,589 - tensor([ 593, 2198, 4376], device='cuda:0')
2024-02-14 03:42:13,590 - Classification Succeeds.
2024-02-14 03:42:13,592 - Link Generation Fails.
2024-02-14 03:48:58,606 - Victim node is 6596.
2024-02-14 03:48:58,607 - tensor([2239, 4376, 6702], device='cuda:0')
2024-02-14 03:48:58,607 - Classification Succeeds.
2024-02-14 03:48:58,607 - Link Generation Fails.
2024-02-14 03:55:46,431 - Victim node is 4140.
2024-02-14 03:55:46,431 - tensor([7650, 7653, 7654], device='cuda:0')
2024-02-14 03:55:46,431 - Classification Fails.
2024-02-14 03:55:46,431 - Link Generation Succeeds.
2024-02-14 04:02:30,541 - Victim node is 4443.
2024-02-14 04:02:30,542 - tensor([7650, 7652, 7653], device='cuda:0')
2024-02-14 04:02:30,542 - Classification Succeeds.
2024-02-14 04:02:30,542 - Link Generation Succeeds.
2024-02-14 04:09:17,978 - Victim node is 3864.
2024-02-14 04:09:17,978 - tensor([ 593, 2198, 4376], device='cuda:0')
2024-02-14 04:09:17,994 - Classification Succeeds.
2024-02-14 04:09:17,996 - Link Generation Fails.
2024-02-14 04:16:12,599 - Victim node is 1204.
2024-02-14 04:16:12,599 - tensor([4237, 7460, 7620], device='cuda:0')
2024-02-14 04:16:12,599 - Classification Succeeds.
2024-02-14 04:16:12,599 - Link Generation Fails.
2024-02-14 04:23:00,248 - Victim node is 3352.
2024-02-14 04:23:00,249 - tensor([7650, 7651, 7652], device='cuda:0')
2024-02-14 04:23:00,249 - Classification Fails.
2024-02-14 04:23:00,249 - Link Generation Succeeds.
2024-02-14 04:29:45,146 - Victim node is 3727.
2024-02-14 04:29:45,146 - tensor([7650, 7651, 7652], device='cuda:0')
2024-02-14 04:29:45,146 - Classification Fails.
2024-02-14 04:29:45,146 - Link Generation Succeeds.
2024-02-14 04:36:29,371 - Victim node is 4695.
2024-02-14 04:36:29,371 - tensor([ 593, 2198, 4376], device='cuda:0')
2024-02-14 04:36:29,372 - Classification Succeeds.
2024-02-14 04:36:29,372 - Link Generation Fails.
2024-02-14 04:43:13,437 - Victim node is 6737.
2024-02-14 04:43:13,437 - tensor([7650, 7651, 7652], device='cuda:0')
2024-02-14 04:43:13,438 - Classification Fails.
2024-02-14 04:43:13,438 - Link Generation Succeeds.
2024-02-14 04:50:00,654 - Victim node is 3295.
2024-02-14 04:50:00,654 - tensor([ 593, 2198, 4376], device='cuda:0')
2024-02-14 04:50:00,654 - Classification Succeeds.
2024-02-14 04:50:00,654 - Link Generation Fails.
2024-02-14 04:56:48,688 - Victim node is 4181.
2024-02-14 04:56:48,688 - tensor([7650, 7651, 7652], device='cuda:0')
2024-02-14 04:56:48,688 - Classification Fails.
2024-02-14 04:56:48,689 - Link Generation Succeeds.
2024-02-14 05:03:33,259 - Victim node is 2318.
2024-02-14 05:03:33,259 - tensor([7650, 7651, 7652], device='cuda:0')
2024-02-14 05:03:33,260 - Classification Fails.
2024-02-14 05:03:33,262 - Link Generation Succeeds.
2024-02-14 05:10:22,618 - Victim node is 7045.
2024-02-14 05:10:22,618 - tensor([ 593, 2198, 2239], device='cuda:0')
2024-02-14 05:10:22,619 - Classification Succeeds.
2024-02-14 05:10:22,619 - Link Generation Fails.
2024-02-14 05:17:10,235 - Victim node is 3793.
2024-02-14 05:17:10,235 - tensor([ 593, 2198, 2239], device='cuda:0')
2024-02-14 05:17:10,240 - Classification Fails.
2024-02-14 05:17:10,242 - Link Generation Fails.
2024-02-14 05:23:56,184 - Victim node is 3454.
2024-02-14 05:23:56,184 - tensor([4646, 6433, 7620], device='cuda:0')
2024-02-14 05:23:56,184 - Classification Succeeds.
2024-02-14 05:23:56,184 - Link Generation Fails.
2024-02-14 05:30:43,798 - Victim node is 1588.
2024-02-14 05:30:43,798 - tensor([7650, 7651, 7652], device='cuda:0')
2024-02-14 05:30:43,798 - Classification Fails.
2024-02-14 05:30:43,798 - Link Generation Succeeds.
2024-02-14 05:37:29,383 - Victim node is 7162.
2024-02-14 05:37:29,383 - tensor([7650, 7651, 7652], device='cuda:0')
2024-02-14 05:37:29,386 - Classification Fails.
2024-02-14 05:37:29,389 - Link Generation Succeeds.
2024-02-14 05:44:21,350 - Victim node is 2755.
2024-02-14 05:44:21,350 - tensor([  80, 1058, 6702], device='cuda:0')
2024-02-14 05:44:21,352 - Classification Succeeds.
2024-02-14 05:44:21,356 - Link Generation Fails.
2024-02-14 05:51:16,759 - Victim node is 5600.
2024-02-14 05:51:16,759 - tensor([ 593, 2198, 2239], device='cuda:0')
2024-02-14 05:51:16,763 - Classification Succeeds.
2024-02-14 05:51:16,765 - Link Generation Fails.
2024-02-14 05:58:13,101 - Victim node is 2541.
2024-02-14 05:58:13,101 - tensor([  80, 4376, 4384], device='cuda:0')
2024-02-14 05:58:13,114 - Classification Succeeds.
2024-02-14 05:58:13,117 - Link Generation Fails.
2024-02-14 06:05:05,097 - Victim node is 2153.
2024-02-14 06:05:05,097 - tensor([4237, 7460, 7620], device='cuda:0')
2024-02-14 06:05:05,101 - Classification Succeeds.
2024-02-14 06:05:05,103 - Link Generation Fails.
2024-02-14 06:11:58,004 - Victim node is 1609.
2024-02-14 06:11:58,004 - tensor([ 593, 2198, 4376], device='cuda:0')
2024-02-14 06:11:58,005 - Classification Succeeds.
2024-02-14 06:11:58,007 - Link Generation Fails.
2024-02-14 06:18:54,297 - Victim node is 2086.
2024-02-14 06:18:54,297 - tensor([ 593, 2198, 4376], device='cuda:0')
2024-02-14 06:18:54,306 - Classification Succeeds.
2024-02-14 06:18:54,309 - Link Generation Fails.
2024-02-14 06:25:42,808 - Victim node is 1220.
2024-02-14 06:25:42,808 - tensor([7652, 7653, 7654], device='cuda:0')
2024-02-14 06:25:42,817 - Classification Fails.
2024-02-14 06:25:42,820 - Link Generation Succeeds.
2024-02-14 06:32:33,921 - Victim node is 6588.
2024-02-14 06:32:33,921 - tensor([ 593, 2239, 4805], device='cuda:0')
2024-02-14 06:32:33,921 - Classification Succeeds.
2024-02-14 06:32:33,922 - Link Generation Fails.
2024-02-14 06:39:19,157 - Victim node is 2227.
2024-02-14 06:39:19,158 - tensor([ 593, 2198, 2239], device='cuda:0')
2024-02-14 06:39:19,158 - Classification Succeeds.
2024-02-14 06:39:19,158 - Link Generation Fails.
2024-02-14 06:46:13,684 - Victim node is 2865.
2024-02-14 06:46:13,684 - tensor([7650, 7651, 7652], device='cuda:0')
2024-02-14 06:46:13,685 - Classification Fails.
2024-02-14 06:46:13,685 - Link Generation Succeeds.
2024-02-14 06:53:02,734 - Victim node is 3835.
2024-02-14 06:53:02,734 - tensor([4237, 7460, 7620], device='cuda:0')
2024-02-14 06:53:02,735 - Classification Succeeds.
2024-02-14 06:53:02,735 - Link Generation Fails.
2024-02-14 06:59:50,730 - Victim node is 7510.
2024-02-14 06:59:50,731 - tensor([  80,  593, 4376], device='cuda:0')
2024-02-14 06:59:50,737 - Classification Succeeds.
2024-02-14 06:59:50,740 - Link Generation Fails.
2024-02-14 07:06:37,748 - Victim node is 5583.
2024-02-14 07:06:37,748 - tensor([6130, 7460, 7620], device='cuda:0')
2024-02-14 07:06:37,749 - Classification Succeeds.
2024-02-14 07:06:37,749 - Link Generation Fails.
2024-02-14 07:13:23,555 - Victim node is 257.
2024-02-14 07:13:23,555 - tensor([7650, 7651, 7652], device='cuda:0')
2024-02-14 07:13:23,556 - Classification Fails.
2024-02-14 07:13:23,556 - Link Generation Succeeds.
2024-02-14 07:20:15,752 - Victim node is 2053.
2024-02-14 07:20:15,752 - tensor([7650, 7651, 7652], device='cuda:0')
2024-02-14 07:20:15,762 - Classification Fails.
2024-02-14 07:20:15,764 - Link Generation Succeeds.
2024-02-14 07:27:05,006 - Victim node is 1446.
2024-02-14 07:27:05,006 - tensor([7650, 7651, 7652], device='cuda:0')
2024-02-14 07:27:05,013 - Classification Fails.
2024-02-14 07:27:05,014 - Link Generation Succeeds.
2024-02-14 07:33:54,700 - Victim node is 4250.
2024-02-14 07:33:54,700 - tensor([4237, 7460, 7620], device='cuda:0')
2024-02-14 07:33:54,701 - Classification Succeeds.
2024-02-14 07:33:54,703 - Link Generation Fails.
2024-02-14 07:40:48,019 - Victim node is 4813.
2024-02-14 07:40:48,020 - tensor([7650, 7651, 7652], device='cuda:0')
2024-02-14 07:40:48,020 - Classification Fails.
2024-02-14 07:40:48,022 - Link Generation Succeeds.
2024-02-14 07:47:39,818 - Victim node is 3243.
2024-02-14 07:47:39,819 - tensor([ 593, 2198, 4376], device='cuda:0')
2024-02-14 07:47:39,819 - Classification Succeeds.
2024-02-14 07:47:39,819 - Link Generation Fails.
2024-02-14 07:54:27,587 - Victim node is 3879.
2024-02-14 07:54:27,588 - tensor([4646, 6130, 7620], device='cuda:0')
2024-02-14 07:54:27,597 - Classification Succeeds.
2024-02-14 07:54:27,601 - Link Generation Fails.
2024-02-14 08:01:22,916 - Victim node is 6935.
2024-02-14 08:01:22,917 - tensor([7650, 7651, 7652], device='cuda:0')
2024-02-14 08:01:22,917 - Classification Succeeds.
2024-02-14 08:01:22,917 - Link Generation Succeeds.
2024-02-14 08:08:10,174 - Victim node is 1536.
2024-02-14 08:08:10,174 - tensor([7650, 7651, 7652], device='cuda:0')
2024-02-14 08:08:10,181 - Classification Fails.
2024-02-14 08:08:10,183 - Link Generation Succeeds.
2024-02-14 08:14:50,256 - Victim node is 1628.
2024-02-14 08:14:50,256 - tensor([  80, 4376, 4384], device='cuda:0')
2024-02-14 08:14:50,263 - Classification Succeeds.
2024-02-14 08:14:50,267 - Link Generation Fails.
2024-02-14 08:21:35,990 - Victim node is 2760.
2024-02-14 08:21:35,990 - tensor([6130, 7460, 7620], device='cuda:0')
2024-02-14 08:21:35,990 - Classification Succeeds.
2024-02-14 08:21:35,992 - Link Generation Fails.
2024-02-14 08:28:29,932 - Victim node is 6718.
2024-02-14 08:28:29,932 - tensor([7650, 7651, 7652], device='cuda:0')
2024-02-14 08:28:29,933 - Classification Fails.
2024-02-14 08:28:29,933 - Link Generation Succeeds.
2024-02-14 08:35:18,445 - Victim node is 3785.
2024-02-14 08:35:18,445 - tensor([7651, 7653, 7654], device='cuda:0')
2024-02-14 08:35:18,452 - Classification Fails.
2024-02-14 08:35:18,454 - Link Generation Succeeds.
2024-02-14 08:42:08,710 - Victim node is 1069.
2024-02-14 08:42:08,710 - tensor([ 593, 2198, 2239], device='cuda:0')
2024-02-14 08:42:08,713 - Classification Succeeds.
2024-02-14 08:42:08,713 - Link Generation Fails.
2024-02-14 08:48:52,872 - Victim node is 2440.
2024-02-14 08:48:52,872 - tensor([7650, 7651, 7652], device='cuda:0')
2024-02-14 08:48:52,872 - Classification Fails.
2024-02-14 08:48:52,872 - Link Generation Succeeds.
2024-02-14 08:55:45,049 - Victim node is 1770.
2024-02-14 08:55:45,049 - tensor([7650, 7651, 7652], device='cuda:0')
2024-02-14 08:55:45,049 - Classification Succeeds.
2024-02-14 08:55:45,049 - Link Generation Succeeds.
2024-02-14 09:02:39,594 - Victim node is 6637.
2024-02-14 09:02:39,595 - tensor([7650, 7651, 7652], device='cuda:0')
2024-02-14 09:02:39,595 - Classification Succeeds.
2024-02-14 09:02:39,595 - Link Generation Succeeds.
2024-02-14 09:09:29,273 - Victim node is 3339.
2024-02-14 09:09:29,273 - tensor([ 593, 2239, 4376], device='cuda:0')
2024-02-14 09:09:29,273 - Classification Succeeds.
2024-02-14 09:09:29,273 - Link Generation Fails.
2024-02-14 09:16:13,384 - Victim node is 5505.
2024-02-14 09:16:13,384 - tensor([ 593, 4376, 6702], device='cuda:0')
2024-02-14 09:16:13,398 - Classification Succeeds.
2024-02-14 09:16:13,402 - Link Generation Fails.
2024-02-14 09:23:02,972 - Victim node is 5860.
2024-02-14 09:23:02,972 - tensor([4237, 7460, 7620], device='cuda:0')
2024-02-14 09:23:02,973 - Classification Succeeds.
2024-02-14 09:23:02,973 - Link Generation Fails.
2024-02-14 09:29:55,474 - Victim node is 445.
2024-02-14 09:29:55,474 - tensor([7650, 7651, 7652], device='cuda:0')
2024-02-14 09:29:55,474 - Classification Fails.
2024-02-14 09:29:55,474 - Link Generation Succeeds.
2024-02-14 09:36:43,408 - Victim node is 2488.
2024-02-14 09:36:43,408 - tensor([ 593, 2198, 2239], device='cuda:0')
2024-02-14 09:36:43,409 - Classification Succeeds.
2024-02-14 09:36:43,409 - Link Generation Fails.
2024-02-14 09:43:30,838 - Victim node is 2954.
2024-02-14 09:43:30,838 - tensor([ 593, 2198, 2239], device='cuda:0')
2024-02-14 09:43:30,847 - Classification Succeeds.
2024-02-14 09:43:30,852 - Link Generation Fails.
2024-02-14 09:50:17,908 - Victim node is 1848.
2024-02-14 09:50:17,909 - tensor([7650, 7651, 7652], device='cuda:0')
2024-02-14 09:50:17,909 - Classification Fails.
2024-02-14 09:50:17,909 - Link Generation Succeeds.
2024-02-14 09:57:00,279 - Victim node is 6363.
2024-02-14 09:57:00,279 - tensor([ 593, 2198, 2239], device='cuda:0')
2024-02-14 09:57:00,280 - Classification Succeeds.
2024-02-14 09:57:00,280 - Link Generation Fails.
2024-02-14 10:03:50,576 - Victim node is 1745.
2024-02-14 10:03:50,576 - tensor([4646, 7460, 7620], device='cuda:0')
2024-02-14 10:03:50,579 - Classification Succeeds.
2024-02-14 10:03:50,579 - Link Generation Fails.
2024-02-14 10:10:35,909 - Victim node is 4403.
2024-02-14 10:10:35,909 - tensor([7650, 7653, 7654], device='cuda:0')
2024-02-14 10:10:35,909 - Classification Succeeds.
2024-02-14 10:10:35,909 - Link Generation Succeeds.
2024-02-14 10:17:24,768 - Victim node is 1151.
2024-02-14 10:17:24,768 - tensor([7650, 7651, 7652], device='cuda:0')
2024-02-14 10:17:24,768 - Classification Fails.
2024-02-14 10:17:24,769 - Link Generation Succeeds.
2024-02-14 10:24:13,484 - Victim node is 4650.
2024-02-14 10:24:13,484 - tensor([7650, 7651, 7652], device='cuda:0')
2024-02-14 10:24:13,492 - Classification Fails.
2024-02-14 10:24:13,495 - Link Generation Succeeds.
2024-02-14 10:31:02,020 - Victim node is 3429.
2024-02-14 10:31:02,020 - tensor([7650, 7651, 7652], device='cuda:0')
2024-02-14 10:31:02,020 - Classification Fails.
2024-02-14 10:31:02,020 - Link Generation Succeeds.
2024-02-14 10:37:53,388 - Victim node is 4460.
2024-02-14 10:37:53,389 - tensor([7650, 7651, 7652], device='cuda:0')
2024-02-14 10:37:53,390 - Classification Succeeds.
2024-02-14 10:37:53,390 - Link Generation Succeeds.
2024-02-14 10:44:42,940 - Victim node is 5982.
2024-02-14 10:44:42,940 - tensor([2239, 4384, 5404], device='cuda:0')
2024-02-14 10:44:42,940 - Classification Succeeds.
2024-02-14 10:44:42,940 - Link Generation Fails.
2024-02-14 10:51:26,041 - Victim node is 114.
2024-02-14 10:51:26,041 - tensor([ 593, 2198, 4376], device='cuda:0')
2024-02-14 10:51:26,049 - Classification Succeeds.
2024-02-14 10:51:26,051 - Link Generation Fails.
2024-02-14 10:58:18,856 - Victim node is 2895.
2024-02-14 10:58:18,856 - tensor([ 593, 2198, 2239], device='cuda:0')
2024-02-14 10:58:18,856 - Classification Succeeds.
2024-02-14 10:58:18,856 - Link Generation Fails.
2024-02-14 11:05:04,196 - Victim node is 3536.
2024-02-14 11:05:04,196 - tensor([ 593, 2198, 2239], device='cuda:0')
2024-02-14 11:05:04,197 - Classification Succeeds.
2024-02-14 11:05:04,197 - Link Generation Fails.
2024-02-14 11:11:51,201 - Victim node is 4869.
2024-02-14 11:11:51,201 - tensor([ 593, 2198, 2239], device='cuda:0')
2024-02-14 11:11:51,202 - Classification Succeeds.
2024-02-14 11:11:51,203 - Link Generation Fails.
2024-02-14 11:18:42,554 - Victim node is 5270.
2024-02-14 11:18:42,554 - tensor([ 593, 2198, 4376], device='cuda:0')
2024-02-14 11:18:42,555 - Classification Succeeds.
2024-02-14 11:18:42,555 - Link Generation Fails.
2024-02-14 11:25:27,850 - Victim node is 7031.
2024-02-14 11:25:27,850 - tensor([7650, 7651, 7652], device='cuda:0')
2024-02-14 11:25:27,859 - Classification Fails.
2024-02-14 11:25:27,864 - Link Generation Succeeds.
2024-02-14 11:32:21,492 - Victim node is 938.
2024-02-14 11:32:21,492 - tensor([ 932, 7460, 7620], device='cuda:0')
2024-02-14 11:32:21,494 - Classification Succeeds.
2024-02-14 11:32:21,497 - Link Generation Fails.
2024-02-14 11:39:11,638 - Victim node is 283.
2024-02-14 11:39:11,639 - tensor([  80, 4376, 6702], device='cuda:0')
2024-02-14 11:39:11,639 - Classification Fails.
2024-02-14 11:39:11,639 - Link Generation Fails.
2024-02-14 11:46:05,265 - Victim node is 5440.
2024-02-14 11:46:05,266 - tensor([4237, 7460, 7620], device='cuda:0')
2024-02-14 11:46:05,268 - Classification Succeeds.
2024-02-14 11:46:05,268 - Link Generation Fails.
2024-02-14 11:52:53,348 - Victim node is 353.
2024-02-14 11:52:53,348 - tensor([2239, 4376, 6702], device='cuda:0')
2024-02-14 11:52:53,355 - Classification Succeeds.
2024-02-14 11:52:53,358 - Link Generation Fails.
2024-02-14 11:59:38,017 - Victim node is 3044.
2024-02-14 11:59:38,018 - tensor([1759, 7460, 7620], device='cuda:0')
2024-02-14 11:59:38,018 - Classification Succeeds.
2024-02-14 11:59:38,018 - Link Generation Fails.
2024-02-14 12:06:28,160 - Victim node is 2135.
2024-02-14 12:06:28,160 - tensor([6130, 7460, 7620], device='cuda:0')
2024-02-14 12:06:28,160 - Classification Succeeds.
2024-02-14 12:06:28,161 - Link Generation Fails.
2024-02-14 12:13:19,002 - Victim node is 4655.
2024-02-14 12:13:19,002 - tensor([7650, 7651, 7652], device='cuda:0')
2024-02-14 12:13:19,002 - Classification Succeeds.
2024-02-14 12:13:19,002 - Link Generation Succeeds.
2024-02-14 12:20:10,577 - Victim node is 4418.
2024-02-14 12:20:10,577 - tensor([6130, 7460, 7620], device='cuda:0')
2024-02-14 12:20:10,578 - Classification Succeeds.
2024-02-14 12:20:10,578 - Link Generation Fails.
2024-02-14 12:27:04,332 - Victim node is 2176.
2024-02-14 12:27:04,332 - tensor([ 593, 2198, 4376], device='cuda:0')
2024-02-14 12:27:04,332 - Classification Succeeds.
2024-02-14 12:27:04,332 - Link Generation Fails.
2024-02-14 12:33:51,632 - Victim node is 1147.
2024-02-14 12:33:51,633 - tensor([ 593, 2198, 2239], device='cuda:0')
2024-02-14 12:33:51,633 - Classification Succeeds.
2024-02-14 12:33:51,633 - Link Generation Fails.
2024-02-14 12:40:45,277 - Victim node is 5122.
2024-02-14 12:40:45,277 - tensor([7650, 7651, 7652], device='cuda:0')
2024-02-14 12:40:45,277 - Classification Succeeds.
2024-02-14 12:40:45,277 - Link Generation Succeeds.
2024-02-14 12:47:28,590 - Victim node is 1672.
2024-02-14 12:47:28,590 - tensor([1759, 2198, 2250], device='cuda:0')
2024-02-14 12:47:28,604 - Classification Succeeds.
2024-02-14 12:47:28,608 - Link Generation Fails.
2024-02-14 12:54:22,746 - Victim node is 7553.
2024-02-14 12:54:22,747 - tensor([7650, 7651, 7652], device='cuda:0')
2024-02-14 12:54:22,747 - Classification Fails.
2024-02-14 12:54:22,747 - Link Generation Succeeds.
2024-02-14 13:01:08,120 - Victim node is 5738.
2024-02-14 13:01:08,120 - tensor([1759, 7460, 7620], device='cuda:0')
2024-02-14 13:01:08,120 - Classification Succeeds.
2024-02-14 13:01:08,120 - Link Generation Fails.
2024-02-14 13:07:49,686 - Victim node is 609.
2024-02-14 13:07:49,686 - tensor([ 593, 2198, 2239], device='cuda:0')
2024-02-14 13:07:49,698 - Classification Succeeds.
2024-02-14 13:07:49,700 - Link Generation Fails.
2024-02-14 13:14:43,473 - Victim node is 2332.
2024-02-14 13:14:43,473 - tensor([ 593, 4376, 6702], device='cuda:0')
2024-02-14 13:14:43,473 - Classification Succeeds.
2024-02-14 13:14:43,473 - Link Generation Fails.
2024-02-14 13:21:25,214 - Victim node is 1704.
2024-02-14 13:21:25,214 - tensor([7650, 7651, 7652], device='cuda:0')
2024-02-14 13:21:25,215 - Classification Fails.
2024-02-14 13:21:25,215 - Link Generation Succeeds.
2024-02-14 13:28:13,417 - Victim node is 5779.
2024-02-14 13:28:13,417 - tensor([6130, 7460, 7620], device='cuda:0')
2024-02-14 13:28:13,418 - Classification Succeeds.
2024-02-14 13:28:13,418 - Link Generation Fails.
2024-02-14 13:34:58,212 - Victim node is 6582.
2024-02-14 13:34:58,213 - tensor([1058, 4376, 4805], device='cuda:0')
2024-02-14 13:34:58,219 - Classification Succeeds.
2024-02-14 13:34:58,222 - Link Generation Fails.
2024-02-14 13:41:52,461 - Victim node is 6106.
2024-02-14 13:41:52,462 - tensor([ 593, 2198, 2239], device='cuda:0')
2024-02-14 13:41:52,462 - Classification Succeeds.
2024-02-14 13:41:52,462 - Link Generation Fails.
2024-02-14 13:48:39,438 - Victim node is 7389.
2024-02-14 13:48:39,438 - tensor([ 593, 2198, 2239], device='cuda:0')
2024-02-14 13:48:39,439 - Classification Succeeds.
2024-02-14 13:48:39,439 - Link Generation Fails.
2024-02-14 13:55:24,594 - Victim node is 7569.
2024-02-14 13:55:24,594 - tensor([ 593, 2198, 2239], device='cuda:0')
2024-02-14 13:55:24,594 - Classification Succeeds.
2024-02-14 13:55:24,594 - Link Generation Fails.
2024-02-14 14:02:12,409 - Victim node is 5060.
2024-02-14 14:02:12,409 - tensor([7650, 7652, 7653], device='cuda:0')
2024-02-14 14:02:12,409 - Classification Fails.
2024-02-14 14:02:12,409 - Link Generation Succeeds.
2024-02-14 14:08:58,766 - Victim node is 2899.
2024-02-14 14:08:58,767 - tensor([6130, 7460, 7620], device='cuda:0')
2024-02-14 14:08:58,767 - Classification Succeeds.
2024-02-14 14:08:58,767 - Link Generation Fails.
2024-02-14 14:15:44,568 - Victim node is 766.
2024-02-14 14:15:44,568 - tensor([ 593, 2239, 4376], device='cuda:0')
2024-02-14 14:15:44,576 - Classification Succeeds.
2024-02-14 14:15:44,578 - Link Generation Fails.
2024-02-14 14:22:28,490 - Victim node is 1006.
2024-02-14 14:22:28,490 - tensor([ 9, 11, 13], device='cuda:0')
2024-02-14 14:22:28,490 - Classification Succeeds.
2024-02-14 14:22:28,490 - Link Generation Fails.
2024-02-14 14:29:10,596 - Victim node is 6611.
2024-02-14 14:29:10,596 - tensor([ 593, 2198, 2239], device='cuda:0')
2024-02-14 14:29:10,597 - Classification Succeeds.
2024-02-14 14:29:10,598 - Link Generation Fails.
2024-02-14 14:36:01,348 - Victim node is 1112.
2024-02-14 14:36:01,348 - tensor([7650, 7651, 7652], device='cuda:0')
2024-02-14 14:36:01,349 - Classification Succeeds.
2024-02-14 14:36:01,349 - Link Generation Succeeds.
2024-02-14 14:42:50,415 - Victim node is 1473.
2024-02-14 14:42:50,415 - tensor([ 593, 2198, 4376], device='cuda:0')
2024-02-14 14:42:50,416 - Classification Succeeds.
2024-02-14 14:42:50,416 - Link Generation Fails.
2024-02-14 14:49:38,260 - Victim node is 5834.
2024-02-14 14:49:38,260 - tensor([4237, 7460, 7620], device='cuda:0')
2024-02-14 14:49:38,260 - Classification Succeeds.
2024-02-14 14:49:38,260 - Link Generation Fails.
2024-02-14 14:56:26,202 - Victim node is 5896.
2024-02-14 14:56:26,202 - tensor([ 593, 2198, 2239], device='cuda:0')
2024-02-14 14:56:26,202 - Classification Succeeds.
2024-02-14 14:56:26,202 - Link Generation Fails.
2024-02-14 15:03:18,324 - Victim node is 5025.
2024-02-14 15:03:18,324 - tensor([ 932, 4237, 7620], device='cuda:0')
2024-02-14 15:03:18,333 - Classification Succeeds.
2024-02-14 15:03:18,337 - Link Generation Fails.
2024-02-14 15:09:47,847 - Victim node is 5394.
2024-02-14 15:09:47,847 - tensor([7650, 7651, 7652], device='cuda:0')
2024-02-14 15:09:47,854 - Classification Fails.
2024-02-14 15:09:47,857 - Link Generation Succeeds.
2024-02-14 15:15:31,764 - Victim node is 2994.
2024-02-14 15:15:31,764 - tensor([1759, 7460, 7620], device='cuda:0')
2024-02-14 15:15:31,765 - Classification Succeeds.
2024-02-14 15:15:31,765 - Link Generation Fails.
2024-02-14 15:21:13,888 - Victim node is 3055.
2024-02-14 15:21:13,888 - tensor([ 593, 2198, 2239], device='cuda:0')
2024-02-14 15:21:13,888 - Classification Fails.
2024-02-14 15:21:13,888 - Link Generation Fails.
2024-02-14 15:26:58,554 - Victim node is 6934.
2024-02-14 15:26:58,554 - tensor([7650, 7651, 7652], device='cuda:0')
2024-02-14 15:26:58,554 - Classification Fails.
2024-02-14 15:26:58,554 - Link Generation Succeeds.
2024-02-14 15:26:58,554 - Misclassification Rate: 0.2920
2024-02-14 15:26:58,554 - Link Generation Rate: 0.3450
