2024-01-26 11:02:35,554 - Victim node is 903.
2024-01-26 11:02:35,554 - tensor([ 306, 1358, 1986], device='cuda:0')
2024-01-26 11:02:35,555 - Classification Fails.
2024-01-26 11:02:35,555 - Link Generation Fails.
2024-01-26 11:02:51,025 - Victim node is 1864.
2024-01-26 11:02:51,026 - tensor([ 306, 1358, 1986], device='cuda:0')
2024-01-26 11:02:51,026 - Classification Succeeds.
2024-01-26 11:02:51,026 - Link Generation Fails.
2024-01-26 11:03:25,954 - Victim node is 467.
2024-01-26 11:03:25,954 - tensor([ 306, 1013, 1358], device='cuda:0')
2024-01-26 11:03:25,954 - Classification Fails.
2024-01-26 11:03:25,955 - Link Generation Fails.
2024-01-26 11:03:57,442 - Victim node is 343.
2024-01-26 11:03:57,443 - tensor([1810, 1986, 2034], device='cuda:0')
2024-01-26 11:03:57,447 - Classification Succeeds.
2024-01-26 11:03:57,447 - Link Generation Fails.
2024-01-26 11:04:32,963 - Victim node is 215.
2024-01-26 11:04:32,963 - tensor([1358, 2708, 2712], device='cuda:0')
2024-01-26 11:04:32,964 - Classification Fails.
2024-01-26 11:04:32,964 - Link Generation Succeeds.
2024-01-26 11:05:04,989 - Victim node is 204.
2024-01-26 11:05:04,989 - tensor([ 507, 1413, 1542], device='cuda:0')
2024-01-26 11:05:04,989 - Classification Fails.
2024-01-26 11:05:04,990 - Link Generation Fails.
2024-01-26 11:05:40,647 - Victim node is 2596.
2024-01-26 11:05:40,647 - tensor([2708, 2709, 2710], device='cuda:0')
2024-01-26 11:05:40,650 - Classification Fails.
2024-01-26 11:05:40,651 - Link Generation Succeeds.
2024-01-26 11:06:14,748 - Victim node is 23.
2024-01-26 11:06:14,748 - tensor([ 963, 1257, 1692], device='cuda:0')
2024-01-26 11:06:14,750 - Classification Succeeds.
2024-01-26 11:06:14,750 - Link Generation Fails.
2024-01-26 11:06:47,354 - Victim node is 2037.
2024-01-26 11:06:47,354 - tensor([ 733, 1701, 1810], device='cuda:0')
2024-01-26 11:06:47,355 - Classification Succeeds.
2024-01-26 11:06:47,355 - Link Generation Fails.
2024-01-26 11:07:05,092 - Victim node is 8.
2024-01-26 11:07:05,092 - tensor([2708, 2709, 2710], device='cuda:0')
2024-01-26 11:07:05,092 - Classification Succeeds.
2024-01-26 11:07:05,092 - Link Generation Succeeds.
2024-01-26 11:07:17,293 - Victim node is 156.
2024-01-26 11:07:17,293 - tensor([1169, 1483, 1765], device='cuda:0')
2024-01-26 11:07:17,293 - Classification Succeeds.
2024-01-26 11:07:17,294 - Link Generation Fails.
2024-01-26 11:07:30,083 - Victim node is 1494.
2024-01-26 11:07:30,083 - tensor([1986, 2709, 2712], device='cuda:0')
2024-01-26 11:07:30,084 - Classification Fails.
2024-01-26 11:07:30,084 - Link Generation Succeeds.
2024-01-26 11:07:42,879 - Victim node is 995.
2024-01-26 11:07:42,879 - tensor([ 306, 1358, 1986], device='cuda:0')
2024-01-26 11:07:42,880 - Classification Fails.
2024-01-26 11:07:42,880 - Link Generation Fails.
2024-01-26 11:07:55,382 - Victim node is 2444.
2024-01-26 11:07:55,382 - tensor([1169, 1358, 1441], device='cuda:0')
2024-01-26 11:07:55,382 - Classification Succeeds.
2024-01-26 11:07:55,382 - Link Generation Fails.
2024-01-26 11:08:07,726 - Victim node is 630.
2024-01-26 11:08:07,726 - tensor([ 507, 1542, 1950], device='cuda:0')
2024-01-26 11:08:07,726 - Classification Succeeds.
2024-01-26 11:08:07,727 - Link Generation Fails.
2024-01-26 11:08:20,030 - Victim node is 649.
2024-01-26 11:08:20,030 - tensor([2708, 2709, 2710], device='cuda:0')
2024-01-26 11:08:20,031 - Classification Fails.
2024-01-26 11:08:20,031 - Link Generation Succeeds.
2024-01-26 11:08:32,568 - Victim node is 1046.
2024-01-26 11:08:32,568 - tensor([2708, 2709, 2710], device='cuda:0')
2024-01-26 11:08:32,569 - Classification Fails.
2024-01-26 11:08:32,569 - Link Generation Succeeds.
2024-01-26 11:08:44,822 - Victim node is 1292.
2024-01-26 11:08:44,823 - tensor([ 306, 1701, 1986], device='cuda:0')
2024-01-26 11:08:44,823 - Classification Succeeds.
2024-01-26 11:08:44,823 - Link Generation Fails.
2024-01-26 11:08:57,103 - Victim node is 185.
2024-01-26 11:08:57,103 - tensor([2708, 2711, 2712], device='cuda:0')
2024-01-26 11:08:57,103 - Classification Fails.
2024-01-26 11:08:57,103 - Link Generation Succeeds.
2024-01-26 11:09:09,136 - Victim node is 2508.
2024-01-26 11:09:09,136 - tensor([2708, 2711, 2712], device='cuda:0')
2024-01-26 11:09:09,136 - Classification Fails.
2024-01-26 11:09:09,136 - Link Generation Succeeds.
2024-01-26 11:09:21,510 - Victim node is 2382.
2024-01-26 11:09:21,510 - tensor([2708, 2709, 2710], device='cuda:0')
2024-01-26 11:09:21,511 - Classification Succeeds.
2024-01-26 11:09:21,511 - Link Generation Succeeds.
2024-01-26 11:09:33,401 - Victim node is 1527.
2024-01-26 11:09:33,401 - tensor([ 306, 1013, 1358], device='cuda:0')
2024-01-26 11:09:33,401 - Classification Succeeds.
2024-01-26 11:09:33,401 - Link Generation Fails.
2024-01-26 11:09:45,353 - Victim node is 791.
2024-01-26 11:09:45,353 - tensor([ 733, 1701, 1986], device='cuda:0')
2024-01-26 11:09:45,353 - Classification Fails.
2024-01-26 11:09:45,354 - Link Generation Fails.
2024-01-26 11:09:57,320 - Victim node is 1268.
2024-01-26 11:09:57,320 - tensor([1013, 1701, 1986], device='cuda:0')
2024-01-26 11:09:57,321 - Classification Succeeds.
2024-01-26 11:09:57,321 - Link Generation Fails.
2024-01-26 11:10:09,367 - Victim node is 533.
2024-01-26 11:10:09,367 - tensor([1169, 1358, 1483], device='cuda:0')
2024-01-26 11:10:09,367 - Classification Succeeds.
2024-01-26 11:10:09,367 - Link Generation Fails.
2024-01-26 11:10:21,477 - Victim node is 1275.
2024-01-26 11:10:21,477 - tensor([ 306, 1358, 1623], device='cuda:0')
2024-01-26 11:10:21,477 - Classification Fails.
2024-01-26 11:10:21,477 - Link Generation Fails.
2024-01-26 11:10:33,700 - Victim node is 1498.
2024-01-26 11:10:33,700 - tensor([2708, 2709, 2710], device='cuda:0')
2024-01-26 11:10:33,700 - Classification Fails.
2024-01-26 11:10:33,700 - Link Generation Succeeds.
2024-01-26 11:10:45,779 - Victim node is 385.
2024-01-26 11:10:45,779 - tensor([2708, 2709, 2710], device='cuda:0')
2024-01-26 11:10:45,779 - Classification Fails.
2024-01-26 11:10:45,779 - Link Generation Succeeds.
2024-01-26 11:10:57,680 - Victim node is 1029.
2024-01-26 11:10:57,680 - tensor([2708, 2709, 2710], device='cuda:0')
2024-01-26 11:10:57,681 - Classification Fails.
2024-01-26 11:10:57,681 - Link Generation Succeeds.
2024-01-26 11:11:09,612 - Victim node is 1610.
2024-01-26 11:11:09,612 - tensor([ 306, 1358, 1914], device='cuda:0')
2024-01-26 11:11:09,614 - Classification Fails.
2024-01-26 11:11:09,614 - Link Generation Fails.
2024-01-26 11:11:21,494 - Victim node is 853.
2024-01-26 11:11:21,494 - tensor([2708, 2709, 2710], device='cuda:0')
2024-01-26 11:11:21,494 - Classification Succeeds.
2024-01-26 11:11:21,494 - Link Generation Succeeds.
2024-01-26 11:11:33,370 - Victim node is 1685.
2024-01-26 11:11:33,370 - tensor([ 306, 1358, 1986], device='cuda:0')
2024-01-26 11:11:33,371 - Classification Succeeds.
2024-01-26 11:11:33,371 - Link Generation Fails.
2024-01-26 11:11:45,247 - Victim node is 309.
2024-01-26 11:11:45,247 - tensor([2708, 2709, 2710], device='cuda:0')
2024-01-26 11:11:45,247 - Classification Fails.
2024-01-26 11:11:45,247 - Link Generation Succeeds.
2024-01-26 11:11:57,343 - Victim node is 2175.
2024-01-26 11:11:57,343 - tensor([ 306, 1358, 2712], device='cuda:0')
2024-01-26 11:11:57,344 - Classification Fails.
2024-01-26 11:11:57,344 - Link Generation Succeeds.
2024-01-26 11:12:10,241 - Victim node is 59.
2024-01-26 11:12:10,241 - tensor([ 306, 1013, 1623], device='cuda:0')
2024-01-26 11:12:10,242 - Classification Succeeds.
2024-01-26 11:12:10,242 - Link Generation Fails.
2024-01-26 11:12:22,293 - Victim node is 1823.
2024-01-26 11:12:22,293 - tensor([1358, 1701, 1986], device='cuda:0')
2024-01-26 11:12:22,293 - Classification Succeeds.
2024-01-26 11:12:22,293 - Link Generation Fails.
2024-01-26 11:12:34,291 - Victim node is 2004.
2024-01-26 11:12:34,292 - tensor([2708, 2709, 2710], device='cuda:0')
2024-01-26 11:12:34,292 - Classification Fails.
2024-01-26 11:12:34,292 - Link Generation Succeeds.
2024-01-26 11:12:46,412 - Victim node is 1317.
2024-01-26 11:12:46,412 - tensor([ 306, 1358, 1623], device='cuda:0')
2024-01-26 11:12:46,412 - Classification Succeeds.
2024-01-26 11:12:46,412 - Link Generation Fails.
2024-01-26 11:12:59,033 - Victim node is 1169.
2024-01-26 11:12:59,033 - tensor([ 306, 1701, 1986], device='cuda:0')
2024-01-26 11:12:59,034 - Classification Succeeds.
2024-01-26 11:12:59,034 - Link Generation Fails.
2024-01-26 11:13:11,295 - Victim node is 1919.
2024-01-26 11:13:11,295 - tensor([1013, 2155, 2394], device='cuda:0')
2024-01-26 11:13:11,295 - Classification Succeeds.
2024-01-26 11:13:11,295 - Link Generation Fails.
2024-01-26 11:13:24,089 - Victim node is 2682.
2024-01-26 11:13:24,089 - tensor([2710, 2711, 2712], device='cuda:0')
2024-01-26 11:13:24,089 - Classification Fails.
2024-01-26 11:13:24,089 - Link Generation Succeeds.
2024-01-26 11:13:36,915 - Victim node is 1933.
2024-01-26 11:13:36,915 - tensor([2708, 2709, 2710], device='cuda:0')
2024-01-26 11:13:36,915 - Classification Fails.
2024-01-26 11:13:36,916 - Link Generation Succeeds.
2024-01-26 11:13:49,475 - Victim node is 643.
2024-01-26 11:13:49,475 - tensor([ 306, 1358, 2709], device='cuda:0')
2024-01-26 11:13:49,475 - Classification Fails.
2024-01-26 11:13:49,475 - Link Generation Succeeds.
2024-01-26 11:14:02,081 - Victim node is 201.
2024-01-26 11:14:02,081 - tensor([ 306, 1013, 1358], device='cuda:0')
2024-01-26 11:14:02,081 - Classification Succeeds.
2024-01-26 11:14:02,082 - Link Generation Fails.
2024-01-26 11:14:14,591 - Victim node is 1161.
2024-01-26 11:14:14,591 - tensor([1169, 1358, 1441], device='cuda:0')
2024-01-26 11:14:14,592 - Classification Succeeds.
2024-01-26 11:14:14,592 - Link Generation Fails.
2024-01-26 11:14:26,700 - Victim node is 2323.
2024-01-26 11:14:26,700 - tensor([2708, 2709, 2710], device='cuda:0')
2024-01-26 11:14:26,700 - Classification Succeeds.
2024-01-26 11:14:26,700 - Link Generation Succeeds.
2024-01-26 11:14:38,933 - Victim node is 254.
2024-01-26 11:14:38,933 - tensor([1542, 1701, 1986], device='cuda:0')
2024-01-26 11:14:38,933 - Classification Succeeds.
2024-01-26 11:14:38,933 - Link Generation Fails.
2024-01-26 11:14:51,390 - Victim node is 816.
2024-01-26 11:14:51,391 - tensor([ 306, 1358, 1986], device='cuda:0')
2024-01-26 11:14:51,391 - Classification Succeeds.
2024-01-26 11:14:51,391 - Link Generation Fails.
2024-01-26 11:15:03,675 - Victim node is 2150.
2024-01-26 11:15:03,675 - tensor([2708, 2709, 2710], device='cuda:0')
2024-01-26 11:15:03,675 - Classification Fails.
2024-01-26 11:15:03,676 - Link Generation Succeeds.
2024-01-26 11:15:15,646 - Victim node is 420.
2024-01-26 11:15:15,646 - tensor([2708, 2709, 2711], device='cuda:0')
2024-01-26 11:15:15,647 - Classification Succeeds.
2024-01-26 11:15:15,647 - Link Generation Succeeds.
2024-01-26 11:15:27,528 - Victim node is 632.
2024-01-26 11:15:27,528 - tensor([ 306, 1358, 1986], device='cuda:0')
2024-01-26 11:15:27,528 - Classification Succeeds.
2024-01-26 11:15:27,528 - Link Generation Fails.
2024-01-26 11:15:39,485 - Victim node is 302.
2024-01-26 11:15:39,485 - tensor([1358, 1483, 1623], device='cuda:0')
2024-01-26 11:15:39,486 - Classification Succeeds.
2024-01-26 11:15:39,486 - Link Generation Fails.
2024-01-26 11:15:51,369 - Victim node is 2331.
2024-01-26 11:15:51,369 - tensor([ 306, 1623, 1986], device='cuda:0')
2024-01-26 11:15:51,370 - Classification Succeeds.
2024-01-26 11:15:51,370 - Link Generation Fails.
2024-01-26 11:16:03,286 - Victim node is 2203.
2024-01-26 11:16:03,286 - tensor([ 306, 1701, 1986], device='cuda:0')
2024-01-26 11:16:03,286 - Classification Succeeds.
2024-01-26 11:16:03,286 - Link Generation Fails.
2024-01-26 11:16:15,318 - Victim node is 1934.
2024-01-26 11:16:15,318 - tensor([2708, 2709, 2710], device='cuda:0')
2024-01-26 11:16:15,319 - Classification Fails.
2024-01-26 11:16:15,319 - Link Generation Succeeds.
2024-01-26 11:16:27,540 - Victim node is 2662.
2024-01-26 11:16:27,540 - tensor([2708, 2709, 2710], device='cuda:0')
2024-01-26 11:16:27,540 - Classification Fails.
2024-01-26 11:16:27,540 - Link Generation Succeeds.
2024-01-26 11:16:40,199 - Victim node is 360.
2024-01-26 11:16:40,199 - tensor([2708, 2709, 2710], device='cuda:0')
2024-01-26 11:16:40,199 - Classification Fails.
2024-01-26 11:16:40,200 - Link Generation Succeeds.
2024-01-26 11:16:52,671 - Victim node is 145.
2024-01-26 11:16:52,671 - tensor([2708, 2709, 2710], device='cuda:0')
2024-01-26 11:16:52,671 - Classification Fails.
2024-01-26 11:16:52,672 - Link Generation Succeeds.
2024-01-26 11:17:04,812 - Victim node is 694.
2024-01-26 11:17:04,812 - tensor([1169, 1358, 1483], device='cuda:0')
2024-01-26 11:17:04,812 - Classification Fails.
2024-01-26 11:17:04,814 - Link Generation Fails.
2024-01-26 11:17:16,833 - Victim node is 513.
2024-01-26 11:17:16,833 - tensor([1013, 1358, 1914], device='cuda:0')
2024-01-26 11:17:16,834 - Classification Succeeds.
2024-01-26 11:17:16,834 - Link Generation Fails.
2024-01-26 11:17:29,298 - Victim node is 306.
2024-01-26 11:17:29,298 - tensor([  88, 1358, 1623], device='cuda:0')
2024-01-26 11:17:29,298 - Classification Succeeds.
2024-01-26 11:17:29,298 - Link Generation Fails.
2024-01-26 11:17:41,903 - Victim node is 2436.
2024-01-26 11:17:41,903 - tensor([ 306, 1169, 1358], device='cuda:0')
2024-01-26 11:17:41,903 - Classification Fails.
2024-01-26 11:17:41,903 - Link Generation Fails.
2024-01-26 11:17:54,356 - Victim node is 2402.
2024-01-26 11:17:54,356 - tensor([2034, 2130, 2238], device='cuda:0')
2024-01-26 11:17:54,356 - Classification Fails.
2024-01-26 11:17:54,357 - Link Generation Fails.
2024-01-26 11:18:06,888 - Victim node is 1853.
2024-01-26 11:18:06,888 - tensor([ 306, 1358, 1986], device='cuda:0')
2024-01-26 11:18:06,888 - Classification Fails.
2024-01-26 11:18:06,889 - Link Generation Fails.
2024-01-26 11:18:19,311 - Victim node is 1342.
2024-01-26 11:18:19,311 - tensor([2708, 2709, 2710], device='cuda:0')
2024-01-26 11:18:19,311 - Classification Fails.
2024-01-26 11:18:19,311 - Link Generation Succeeds.
2024-01-26 11:18:31,993 - Victim node is 1064.
2024-01-26 11:18:31,993 - tensor([2708, 2709, 2710], device='cuda:0')
2024-01-26 11:18:31,993 - Classification Fails.
2024-01-26 11:18:31,993 - Link Generation Succeeds.
2024-01-26 11:18:44,663 - Victim node is 1151.
2024-01-26 11:18:44,663 - tensor([2708, 2709, 2710], device='cuda:0')
2024-01-26 11:18:44,663 - Classification Succeeds.
2024-01-26 11:18:44,663 - Link Generation Succeeds.
2024-01-26 11:18:57,342 - Victim node is 1174.
2024-01-26 11:18:57,342 - tensor([1013, 1914, 2155], device='cuda:0')
2024-01-26 11:18:57,342 - Classification Succeeds.
2024-01-26 11:18:57,342 - Link Generation Fails.
2024-01-26 11:19:09,911 - Victim node is 2017.
2024-01-26 11:19:09,911 - tensor([ 306, 1358, 1986], device='cuda:0')
2024-01-26 11:19:09,911 - Classification Succeeds.
2024-01-26 11:19:09,911 - Link Generation Fails.
2024-01-26 11:19:22,450 - Victim node is 2556.
2024-01-26 11:19:22,450 - tensor([ 306, 1358, 1623], device='cuda:0')
2024-01-26 11:19:22,450 - Classification Fails.
2024-01-26 11:19:22,450 - Link Generation Fails.
2024-01-26 11:19:35,622 - Victim node is 1575.
2024-01-26 11:19:35,622 - tensor([2708, 2709, 2710], device='cuda:0')
2024-01-26 11:19:35,622 - Classification Fails.
2024-01-26 11:19:35,622 - Link Generation Succeeds.
2024-01-26 11:19:48,431 - Victim node is 596.
2024-01-26 11:19:48,431 - tensor([ 306, 1358, 1986], device='cuda:0')
2024-01-26 11:19:48,432 - Classification Succeeds.
2024-01-26 11:19:48,432 - Link Generation Fails.
2024-01-26 11:20:01,176 - Victim node is 345.
2024-01-26 11:20:01,176 - tensor([2708, 2709, 2711], device='cuda:0')
2024-01-26 11:20:01,177 - Classification Succeeds.
2024-01-26 11:20:01,177 - Link Generation Succeeds.
2024-01-26 11:20:13,679 - Victim node is 2430.
2024-01-26 11:20:13,679 - tensor([1542, 1701, 1986], device='cuda:0')
2024-01-26 11:20:13,679 - Classification Succeeds.
2024-01-26 11:20:13,679 - Link Generation Fails.
2024-01-26 11:20:26,363 - Victim node is 1614.
2024-01-26 11:20:26,363 - tensor([1701, 1810, 1986], device='cuda:0')
2024-01-26 11:20:26,364 - Classification Succeeds.
2024-01-26 11:20:26,364 - Link Generation Fails.
2024-01-26 11:20:38,968 - Victim node is 2546.
2024-01-26 11:20:38,969 - tensor([1257, 2708, 2710], device='cuda:0')
2024-01-26 11:20:38,969 - Classification Fails.
2024-01-26 11:20:38,969 - Link Generation Succeeds.
2024-01-26 11:20:51,585 - Victim node is 282.
2024-01-26 11:20:51,585 - tensor([2708, 2709, 2710], device='cuda:0')
2024-01-26 11:20:51,586 - Classification Fails.
2024-01-26 11:20:51,586 - Link Generation Succeeds.
2024-01-26 11:21:04,324 - Victim node is 554.
2024-01-26 11:21:04,324 - tensor([1358, 1701, 1986], device='cuda:0')
2024-01-26 11:21:04,324 - Classification Succeeds.
2024-01-26 11:21:04,324 - Link Generation Fails.
2024-01-26 11:21:16,709 - Victim node is 1474.
2024-01-26 11:21:16,709 - tensor([1542, 1701, 1986], device='cuda:0')
2024-01-26 11:21:16,709 - Classification Succeeds.
2024-01-26 11:21:16,709 - Link Generation Fails.
2024-01-26 11:21:29,264 - Victim node is 1363.
2024-01-26 11:21:29,264 - tensor([ 306, 1542, 1701], device='cuda:0')
2024-01-26 11:21:29,265 - Classification Succeeds.
2024-01-26 11:21:29,265 - Link Generation Fails.
2024-01-26 11:21:41,739 - Victim node is 1812.
2024-01-26 11:21:41,740 - tensor([2708, 2709, 2710], device='cuda:0')
2024-01-26 11:21:41,740 - Classification Fails.
2024-01-26 11:21:41,740 - Link Generation Succeeds.
2024-01-26 11:21:54,051 - Victim node is 1966.
2024-01-26 11:21:54,051 - tensor([ 963, 1692, 2238], device='cuda:0')
2024-01-26 11:21:54,052 - Classification Succeeds.
2024-01-26 11:21:54,052 - Link Generation Fails.
2024-01-26 11:22:06,614 - Victim node is 1517.
2024-01-26 11:22:06,614 - tensor([ 306, 1701, 1986], device='cuda:0')
2024-01-26 11:22:06,614 - Classification Fails.
2024-01-26 11:22:06,614 - Link Generation Fails.
2024-01-26 11:22:19,065 - Victim node is 1411.
2024-01-26 11:22:19,065 - tensor([ 306, 1358, 2708], device='cuda:0')
2024-01-26 11:22:19,065 - Classification Fails.
2024-01-26 11:22:19,066 - Link Generation Succeeds.
2024-01-26 11:22:31,478 - Victim node is 1914.
2024-01-26 11:22:31,478 - tensor([ 306, 1358, 1986], device='cuda:0')
2024-01-26 11:22:31,478 - Classification Succeeds.
2024-01-26 11:22:31,478 - Link Generation Fails.
2024-01-26 11:22:43,963 - Victim node is 1041.
2024-01-26 11:22:43,963 - tensor([ 306, 1623, 1986], device='cuda:0')
2024-01-26 11:22:43,963 - Classification Succeeds.
2024-01-26 11:22:43,963 - Link Generation Fails.
2024-01-26 11:22:56,392 - Victim node is 2360.
2024-01-26 11:22:56,392 - tensor([1013, 1914, 1986], device='cuda:0')
2024-01-26 11:22:56,392 - Classification Fails.
2024-01-26 11:22:56,392 - Link Generation Fails.
2024-01-26 11:23:08,906 - Victim node is 670.
2024-01-26 11:23:08,906 - tensor([2708, 2711, 2712], device='cuda:0')
2024-01-26 11:23:08,906 - Classification Fails.
2024-01-26 11:23:08,906 - Link Generation Succeeds.
2024-01-26 11:23:21,490 - Victim node is 2484.
2024-01-26 11:23:21,490 - tensor([2708, 2709, 2710], device='cuda:0')
2024-01-26 11:23:21,491 - Classification Succeeds.
2024-01-26 11:23:21,491 - Link Generation Succeeds.
2024-01-26 11:23:34,044 - Victim node is 2375.
2024-01-26 11:23:34,045 - tensor([ 963, 1257, 1955], device='cuda:0')
2024-01-26 11:23:34,045 - Classification Succeeds.
2024-01-26 11:23:34,045 - Link Generation Fails.
2024-01-26 11:23:46,491 - Victim node is 366.
2024-01-26 11:23:46,491 - tensor([ 306, 1013, 1358], device='cuda:0')
2024-01-26 11:23:46,491 - Classification Fails.
2024-01-26 11:23:46,491 - Link Generation Fails.
2024-01-26 11:23:58,945 - Victim node is 1797.
2024-01-26 11:23:58,945 - tensor([1358, 2710, 2711], device='cuda:0')
2024-01-26 11:23:58,945 - Classification Fails.
2024-01-26 11:23:58,945 - Link Generation Succeeds.
2024-01-26 11:24:11,470 - Victim node is 735.
2024-01-26 11:24:11,470 - tensor([2708, 2709, 2710], device='cuda:0')
2024-01-26 11:24:11,470 - Classification Succeeds.
2024-01-26 11:24:11,470 - Link Generation Succeeds.
2024-01-26 11:24:24,248 - Victim node is 1302.
2024-01-26 11:24:24,248 - tensor([2708, 2709, 2710], device='cuda:0')
2024-01-26 11:24:24,248 - Classification Succeeds.
2024-01-26 11:24:24,248 - Link Generation Succeeds.
2024-01-26 11:24:36,947 - Victim node is 2544.
2024-01-26 11:24:36,948 - tensor([1013, 1701, 1986], device='cuda:0')
2024-01-26 11:24:36,948 - Classification Succeeds.
2024-01-26 11:24:36,948 - Link Generation Fails.
2024-01-26 11:24:49,678 - Victim node is 1624.
2024-01-26 11:24:49,678 - tensor([ 306, 1358, 2708], device='cuda:0')
2024-01-26 11:24:49,678 - Classification Fails.
2024-01-26 11:24:49,678 - Link Generation Succeeds.
2024-01-26 11:25:02,529 - Victim node is 2645.
2024-01-26 11:25:02,529 - tensor([2708, 2709, 2710], device='cuda:0')
2024-01-26 11:25:02,530 - Classification Succeeds.
2024-01-26 11:25:02,530 - Link Generation Succeeds.
2024-01-26 11:25:15,368 - Victim node is 2084.
2024-01-26 11:25:15,368 - tensor([1358, 1623, 1914], device='cuda:0')
2024-01-26 11:25:15,368 - Classification Succeeds.
2024-01-26 11:25:15,368 - Link Generation Fails.
2024-01-26 11:25:28,244 - Victim node is 715.
2024-01-26 11:25:28,245 - tensor([1692, 1701, 2034], device='cuda:0')
2024-01-26 11:25:28,245 - Classification Succeeds.
2024-01-26 11:25:28,245 - Link Generation Fails.
2024-01-26 11:25:41,135 - Victim node is 73.
2024-01-26 11:25:41,136 - tensor([1169, 1725, 1765], device='cuda:0')
2024-01-26 11:25:41,136 - Classification Succeeds.
2024-01-26 11:25:41,136 - Link Generation Fails.
2024-01-26 11:25:53,891 - Victim node is 2191.
2024-01-26 11:25:53,891 - tensor([ 733, 1692, 2034], device='cuda:0')
2024-01-26 11:25:53,892 - Classification Fails.
2024-01-26 11:25:53,892 - Link Generation Fails.
2024-01-26 11:26:06,649 - Victim node is 1219.
2024-01-26 11:26:06,650 - tensor([1701, 1810, 1986], device='cuda:0')
2024-01-26 11:26:06,650 - Classification Fails.
2024-01-26 11:26:06,650 - Link Generation Fails.
2024-01-26 11:26:19,279 - Victim node is 1660.
2024-01-26 11:26:19,279 - tensor([1358, 1701, 1986], device='cuda:0')
2024-01-26 11:26:19,279 - Classification Fails.
2024-01-26 11:26:19,279 - Link Generation Fails.
2024-01-26 11:26:31,815 - Victim node is 1267.
2024-01-26 11:26:31,815 - tensor([2708, 2711, 2712], device='cuda:0')
2024-01-26 11:26:31,816 - Classification Fails.
2024-01-26 11:26:31,816 - Link Generation Succeeds.
2024-01-26 11:26:44,391 - Victim node is 2359.
2024-01-26 11:26:44,391 - tensor([1169, 1358, 1725], device='cuda:0')
2024-01-26 11:26:44,391 - Classification Succeeds.
2024-01-26 11:26:44,391 - Link Generation Fails.
2024-01-26 11:26:56,985 - Victim node is 1958.
2024-01-26 11:26:56,985 - tensor([2708, 2709, 2710], device='cuda:0')
2024-01-26 11:26:56,985 - Classification Succeeds.
2024-01-26 11:26:56,986 - Link Generation Succeeds.
2024-01-26 11:27:09,504 - Victim node is 2258.
2024-01-26 11:27:09,504 - tensor([2708, 2709, 2710], device='cuda:0')
2024-01-26 11:27:09,504 - Classification Fails.
2024-01-26 11:27:09,505 - Link Generation Succeeds.
2024-01-26 11:27:22,041 - Victim node is 2489.
2024-01-26 11:27:22,041 - tensor([ 306, 1358, 1986], device='cuda:0')
2024-01-26 11:27:22,042 - Classification Succeeds.
2024-01-26 11:27:22,042 - Link Generation Fails.
2024-01-26 11:27:34,558 - Victim node is 2006.
2024-01-26 11:27:34,558 - tensor([ 310, 1701, 1810], device='cuda:0')
2024-01-26 11:27:34,558 - Classification Succeeds.
2024-01-26 11:27:34,559 - Link Generation Fails.
2024-01-26 11:27:47,096 - Victim node is 1597.
2024-01-26 11:27:47,096 - tensor([ 963, 1257, 2248], device='cuda:0')
2024-01-26 11:27:47,097 - Classification Fails.
2024-01-26 11:27:47,097 - Link Generation Fails.
2024-01-26 11:27:59,543 - Victim node is 211.
2024-01-26 11:27:59,543 - tensor([1358, 2708, 2712], device='cuda:0')
2024-01-26 11:27:59,544 - Classification Fails.
2024-01-26 11:27:59,544 - Link Generation Succeeds.
2024-01-26 11:28:12,110 - Victim node is 922.
2024-01-26 11:28:12,110 - tensor([2708, 2709, 2710], device='cuda:0')
2024-01-26 11:28:12,110 - Classification Fails.
2024-01-26 11:28:12,110 - Link Generation Succeeds.
2024-01-26 11:28:24,719 - Victim node is 1558.
2024-01-26 11:28:24,719 - tensor([ 306, 1358, 1701], device='cuda:0')
2024-01-26 11:28:24,719 - Classification Succeeds.
2024-01-26 11:28:24,719 - Link Generation Fails.
2024-01-26 11:28:37,270 - Victim node is 1305.
2024-01-26 11:28:37,270 - tensor([ 306, 1013, 1169], device='cuda:0')
2024-01-26 11:28:37,271 - Classification Succeeds.
2024-01-26 11:28:37,271 - Link Generation Fails.
2024-01-26 11:28:49,796 - Victim node is 710.
2024-01-26 11:28:49,796 - tensor([2708, 2710, 2711], device='cuda:0')
2024-01-26 11:28:49,796 - Classification Succeeds.
2024-01-26 11:28:49,796 - Link Generation Succeeds.
2024-01-26 11:29:02,318 - Victim node is 493.
2024-01-26 11:29:02,318 - tensor([2708, 2709, 2712], device='cuda:0')
2024-01-26 11:29:02,318 - Classification Fails.
2024-01-26 11:29:02,318 - Link Generation Succeeds.
2024-01-26 11:29:14,829 - Victim node is 2588.
2024-01-26 11:29:14,829 - tensor([2708, 2709, 2712], device='cuda:0')
2024-01-26 11:29:14,829 - Classification Fails.
2024-01-26 11:29:14,829 - Link Generation Succeeds.
2024-01-26 11:29:27,255 - Victim node is 2131.
2024-01-26 11:29:27,255 - tensor([  88, 1013, 1914], device='cuda:0')
2024-01-26 11:29:27,255 - Classification Succeeds.
2024-01-26 11:29:27,255 - Link Generation Fails.
2024-01-26 11:29:39,733 - Victim node is 15.
2024-01-26 11:29:39,733 - tensor([2709, 2710, 2711], device='cuda:0')
2024-01-26 11:29:39,734 - Classification Succeeds.
2024-01-26 11:29:39,734 - Link Generation Succeeds.
2024-01-26 11:29:52,245 - Victim node is 2101.
2024-01-26 11:29:52,245 - tensor([2708, 2710, 2712], device='cuda:0')
2024-01-26 11:29:52,246 - Classification Fails.
2024-01-26 11:29:52,246 - Link Generation Succeeds.
2024-01-26 11:30:04,711 - Victim node is 1289.
2024-01-26 11:30:04,711 - tensor([ 306, 1358, 1623], device='cuda:0')
2024-01-26 11:30:04,711 - Classification Fails.
2024-01-26 11:30:04,711 - Link Generation Fails.
2024-01-26 11:30:17,301 - Victim node is 2414.
2024-01-26 11:30:17,302 - tensor([2709, 2710, 2712], device='cuda:0')
2024-01-26 11:30:17,302 - Classification Fails.
2024-01-26 11:30:17,302 - Link Generation Succeeds.
2024-01-26 11:30:29,972 - Victim node is 26.
2024-01-26 11:30:29,972 - tensor([2708, 2709, 2710], device='cuda:0')
2024-01-26 11:30:29,972 - Classification Succeeds.
2024-01-26 11:30:29,972 - Link Generation Succeeds.
2024-01-26 11:30:42,739 - Victim node is 1237.
2024-01-26 11:30:42,739 - tensor([2708, 2709, 2710], device='cuda:0')
2024-01-26 11:30:42,740 - Classification Fails.
2024-01-26 11:30:42,740 - Link Generation Succeeds.
2024-01-26 11:30:55,445 - Victim node is 1583.
2024-01-26 11:30:55,445 - tensor([ 306, 1358, 1986], device='cuda:0')
2024-01-26 11:30:55,445 - Classification Fails.
2024-01-26 11:30:55,445 - Link Generation Fails.
2024-01-26 11:31:08,189 - Victim node is 781.
2024-01-26 11:31:08,189 - tensor([1701, 1986, 2034], device='cuda:0')
2024-01-26 11:31:08,189 - Classification Succeeds.
2024-01-26 11:31:08,189 - Link Generation Fails.
2024-01-26 11:31:21,042 - Victim node is 56.
2024-01-26 11:31:21,042 - tensor([1013, 1692, 1914], device='cuda:0')
2024-01-26 11:31:21,042 - Classification Succeeds.
2024-01-26 11:31:21,042 - Link Generation Fails.
2024-01-26 11:31:33,723 - Victim node is 1356.
2024-01-26 11:31:33,724 - tensor([2708, 2709, 2710], device='cuda:0')
2024-01-26 11:31:33,724 - Classification Fails.
2024-01-26 11:31:33,724 - Link Generation Succeeds.
2024-01-26 11:31:46,531 - Victim node is 2438.
2024-01-26 11:31:46,531 - tensor([ 598, 1701, 1986], device='cuda:0')
2024-01-26 11:31:46,531 - Classification Fails.
2024-01-26 11:31:46,531 - Link Generation Fails.
2024-01-26 11:31:59,063 - Victim node is 1589.
2024-01-26 11:31:59,063 - tensor([ 306, 1358, 1701], device='cuda:0')
2024-01-26 11:31:59,065 - Classification Succeeds.
2024-01-26 11:31:59,065 - Link Generation Fails.
2024-01-26 11:32:11,784 - Victim node is 724.
2024-01-26 11:32:11,784 - tensor([ 306, 1701, 1986], device='cuda:0')
2024-01-26 11:32:11,784 - Classification Fails.
2024-01-26 11:32:11,784 - Link Generation Fails.
2024-01-26 11:32:24,491 - Victim node is 1360.
2024-01-26 11:32:24,492 - tensor([  12,  963, 1257], device='cuda:0')
2024-01-26 11:32:24,492 - Classification Succeeds.
2024-01-26 11:32:24,492 - Link Generation Fails.
2024-01-26 11:32:37,038 - Victim node is 1679.
2024-01-26 11:32:37,038 - tensor([2708, 2709, 2710], device='cuda:0')
2024-01-26 11:32:37,038 - Classification Fails.
2024-01-26 11:32:37,039 - Link Generation Succeeds.
2024-01-26 11:32:49,587 - Victim node is 428.
2024-01-26 11:32:49,587 - tensor([2708, 2709, 2710], device='cuda:0')
2024-01-26 11:32:49,588 - Classification Fails.
2024-01-26 11:32:49,588 - Link Generation Succeeds.
2024-01-26 11:33:02,090 - Victim node is 951.
2024-01-26 11:33:02,090 - tensor([1169, 1725, 1765], device='cuda:0')
2024-01-26 11:33:02,090 - Classification Succeeds.
2024-01-26 11:33:02,090 - Link Generation Fails.
2024-01-26 11:33:14,855 - Victim node is 2582.
2024-01-26 11:33:14,855 - tensor([2708, 2709, 2712], device='cuda:0')
2024-01-26 11:33:14,855 - Classification Fails.
2024-01-26 11:33:14,855 - Link Generation Succeeds.
2024-01-26 11:33:27,295 - Victim node is 1644.
2024-01-26 11:33:27,295 - tensor([2708, 2709, 2712], device='cuda:0')
2024-01-26 11:33:27,296 - Classification Fails.
2024-01-26 11:33:27,296 - Link Generation Succeeds.
2024-01-26 11:33:39,781 - Victim node is 763.
2024-01-26 11:33:39,781 - tensor([1542, 1701, 1986], device='cuda:0')
2024-01-26 11:33:39,781 - Classification Fails.
2024-01-26 11:33:39,781 - Link Generation Fails.
2024-01-26 11:33:52,271 - Victim node is 809.
2024-01-26 11:33:52,271 - tensor([ 306, 1358, 1623], device='cuda:0')
2024-01-26 11:33:52,271 - Classification Fails.
2024-01-26 11:33:52,271 - Link Generation Fails.
2024-01-26 11:34:04,672 - Victim node is 1049.
2024-01-26 11:34:04,672 - tensor([1701, 1986, 2034], device='cuda:0')
2024-01-26 11:34:04,673 - Classification Succeeds.
2024-01-26 11:34:04,673 - Link Generation Fails.
2024-01-26 11:34:17,276 - Victim node is 1687.
2024-01-26 11:34:17,276 - tensor([2708, 2709, 2710], device='cuda:0')
2024-01-26 11:34:17,277 - Classification Fails.
2024-01-26 11:34:17,277 - Link Generation Succeeds.
2024-01-26 11:34:29,980 - Victim node is 2532.
2024-01-26 11:34:29,980 - tensor([ 306, 1013, 1358], device='cuda:0')
2024-01-26 11:34:29,981 - Classification Succeeds.
2024-01-26 11:34:29,981 - Link Generation Fails.
2024-01-26 11:34:42,703 - Victim node is 2381.
2024-01-26 11:34:42,703 - tensor([1701, 1986, 2712], device='cuda:0')
2024-01-26 11:34:42,703 - Classification Succeeds.
2024-01-26 11:34:42,703 - Link Generation Succeeds.
2024-01-26 11:34:55,243 - Victim node is 766.
2024-01-26 11:34:55,243 - tensor([ 306, 1358, 1986], device='cuda:0')
2024-01-26 11:34:55,244 - Classification Succeeds.
2024-01-26 11:34:55,244 - Link Generation Fails.
2024-01-26 11:35:07,777 - Victim node is 858.
2024-01-26 11:35:07,777 - tensor([1542, 1701, 1986], device='cuda:0')
2024-01-26 11:35:07,777 - Classification Fails.
2024-01-26 11:35:07,777 - Link Generation Fails.
2024-01-26 11:35:20,163 - Victim node is 588.
2024-01-26 11:35:20,163 - tensor([2708, 2709, 2710], device='cuda:0')
2024-01-26 11:35:20,164 - Classification Fails.
2024-01-26 11:35:20,164 - Link Generation Succeeds.
2024-01-26 11:35:32,553 - Victim node is 2681.
2024-01-26 11:35:32,553 - tensor([2708, 2709, 2710], device='cuda:0')
2024-01-26 11:35:32,553 - Classification Fails.
2024-01-26 11:35:32,553 - Link Generation Succeeds.
2024-01-26 11:35:45,065 - Victim node is 163.
2024-01-26 11:35:45,065 - tensor([2708, 2709, 2710], device='cuda:0')
2024-01-26 11:35:45,065 - Classification Fails.
2024-01-26 11:35:45,065 - Link Generation Succeeds.
2024-01-26 11:35:57,520 - Victim node is 635.
2024-01-26 11:35:57,520 - tensor([2708, 2709, 2711], device='cuda:0')
2024-01-26 11:35:57,520 - Classification Fails.
2024-01-26 11:35:57,530 - Link Generation Succeeds.
2024-01-26 11:36:10,219 - Victim node is 1719.
2024-01-26 11:36:10,219 - tensor([2708, 2709, 2710], device='cuda:0')
2024-01-26 11:36:10,220 - Classification Fails.
2024-01-26 11:36:10,220 - Link Generation Succeeds.
2024-01-26 11:36:22,895 - Victim node is 180.
2024-01-26 11:36:22,895 - tensor([2708, 2709, 2712], device='cuda:0')
2024-01-26 11:36:22,895 - Classification Fails.
2024-01-26 11:36:22,895 - Link Generation Succeeds.
2024-01-26 11:36:35,450 - Victim node is 1055.
2024-01-26 11:36:35,450 - tensor([ 306, 1358, 1986], device='cuda:0')
2024-01-26 11:36:35,450 - Classification Succeeds.
2024-01-26 11:36:35,451 - Link Generation Fails.
2024-01-26 11:36:48,114 - Victim node is 1977.
2024-01-26 11:36:48,114 - tensor([2708, 2710, 2711], device='cuda:0')
2024-01-26 11:36:48,115 - Classification Fails.
2024-01-26 11:36:48,115 - Link Generation Succeeds.
2024-01-26 11:37:01,054 - Victim node is 2077.
2024-01-26 11:37:01,054 - tensor([1701, 1986, 2710], device='cuda:0')
2024-01-26 11:37:01,054 - Classification Fails.
2024-01-26 11:37:01,054 - Link Generation Succeeds.
2024-01-26 11:37:13,758 - Victim node is 2216.
2024-01-26 11:37:13,758 - tensor([1358, 1701, 1986], device='cuda:0')
2024-01-26 11:37:13,758 - Classification Fails.
2024-01-26 11:37:13,758 - Link Generation Fails.
2024-01-26 11:37:26,306 - Victim node is 1376.
2024-01-26 11:37:26,306 - tensor([ 306, 1358, 1986], device='cuda:0')
2024-01-26 11:37:26,306 - Classification Fails.
2024-01-26 11:37:26,306 - Link Generation Fails.
2024-01-26 11:37:39,029 - Victim node is 2319.
2024-01-26 11:37:39,029 - tensor([ 306, 1701, 1986], device='cuda:0')
2024-01-26 11:37:39,029 - Classification Succeeds.
2024-01-26 11:37:39,029 - Link Generation Fails.
2024-01-26 11:37:51,853 - Victim node is 51.
2024-01-26 11:37:51,853 - tensor([1358, 1701, 1986], device='cuda:0')
2024-01-26 11:37:51,853 - Classification Succeeds.
2024-01-26 11:37:51,853 - Link Generation Fails.
2024-01-26 11:38:04,546 - Victim node is 144.
2024-01-26 11:38:04,546 - tensor([ 735, 1257, 2248], device='cuda:0')
2024-01-26 11:38:04,547 - Classification Succeeds.
2024-01-26 11:38:04,547 - Link Generation Fails.
2024-01-26 11:38:17,182 - Victim node is 1697.
2024-01-26 11:38:17,182 - tensor([2708, 2709, 2711], device='cuda:0')
2024-01-26 11:38:17,182 - Classification Fails.
2024-01-26 11:38:17,183 - Link Generation Succeeds.
2024-01-26 11:38:29,926 - Victim node is 1791.
2024-01-26 11:38:29,926 - tensor([1358, 1701, 1986], device='cuda:0')
2024-01-26 11:38:29,927 - Classification Fails.
2024-01-26 11:38:29,927 - Link Generation Fails.
2024-01-26 11:38:42,693 - Victim node is 934.
2024-01-26 11:38:42,693 - tensor([ 306, 1358, 1986], device='cuda:0')
2024-01-26 11:38:42,693 - Classification Succeeds.
2024-01-26 11:38:42,693 - Link Generation Fails.
2024-01-26 11:38:55,466 - Victim node is 774.
2024-01-26 11:38:55,466 - tensor([2708, 2709, 2710], device='cuda:0')
2024-01-26 11:38:55,466 - Classification Fails.
2024-01-26 11:38:55,467 - Link Generation Succeeds.
2024-01-26 11:39:08,064 - Victim node is 782.
2024-01-26 11:39:08,064 - tensor([2708, 2709, 2710], device='cuda:0')
2024-01-26 11:39:08,065 - Classification Fails.
2024-01-26 11:39:08,065 - Link Generation Succeeds.
2024-01-26 11:39:20,733 - Victim node is 1415.
2024-01-26 11:39:20,733 - tensor([2708, 2709, 2712], device='cuda:0')
2024-01-26 11:39:20,733 - Classification Fails.
2024-01-26 11:39:20,733 - Link Generation Succeeds.
2024-01-26 11:39:33,313 - Victim node is 1694.
2024-01-26 11:39:33,313 - tensor([ 306, 1358, 1986], device='cuda:0')
2024-01-26 11:39:33,313 - Classification Succeeds.
2024-01-26 11:39:33,313 - Link Generation Fails.
2024-01-26 11:39:45,858 - Victim node is 2013.
2024-01-26 11:39:45,858 - tensor([ 306, 1358, 1986], device='cuda:0')
2024-01-26 11:39:45,858 - Classification Fails.
2024-01-26 11:39:45,858 - Link Generation Fails.
2024-01-26 11:39:58,245 - Victim node is 1920.
2024-01-26 11:39:58,246 - tensor([ 306, 1358, 1623], device='cuda:0')
2024-01-26 11:39:58,246 - Classification Fails.
2024-01-26 11:39:58,246 - Link Generation Fails.
2024-01-26 11:40:11,179 - Victim node is 1851.
2024-01-26 11:40:11,179 - tensor([ 306, 1358, 2711], device='cuda:0')
2024-01-26 11:40:11,180 - Classification Fails.
2024-01-26 11:40:11,180 - Link Generation Succeeds.
2024-01-26 11:40:23,896 - Victim node is 568.
2024-01-26 11:40:23,896 - tensor([1701, 1986, 2034], device='cuda:0')
2024-01-26 11:40:23,897 - Classification Succeeds.
2024-01-26 11:40:23,897 - Link Generation Fails.
2024-01-26 11:40:36,627 - Victim node is 486.
2024-01-26 11:40:36,627 - tensor([1701, 1810, 2034], device='cuda:0')
2024-01-26 11:40:36,628 - Classification Succeeds.
2024-01-26 11:40:36,628 - Link Generation Fails.
2024-01-26 11:40:49,181 - Victim node is 2207.
2024-01-26 11:40:49,181 - tensor([2708, 2709, 2711], device='cuda:0')
2024-01-26 11:40:49,181 - Classification Fails.
2024-01-26 11:40:49,181 - Link Generation Succeeds.
2024-01-26 11:41:02,003 - Victim node is 2658.
2024-01-26 11:41:02,003 - tensor([2708, 2709, 2712], device='cuda:0')
2024-01-26 11:41:02,003 - Classification Fails.
2024-01-26 11:41:02,003 - Link Generation Succeeds.
2024-01-26 11:41:14,889 - Victim node is 1213.
2024-01-26 11:41:14,889 - tensor([2708, 2709, 2710], device='cuda:0')
2024-01-26 11:41:14,890 - Classification Fails.
2024-01-26 11:41:14,890 - Link Generation Succeeds.
2024-01-26 11:41:27,164 - Victim node is 2018.
2024-01-26 11:41:27,164 - tensor([ 306, 1013, 1358], device='cuda:0')
2024-01-26 11:41:27,165 - Classification Fails.
2024-01-26 11:41:27,165 - Link Generation Fails.
2024-01-26 11:41:39,606 - Victim node is 516.
2024-01-26 11:41:39,606 - tensor([2708, 2709, 2712], device='cuda:0')
2024-01-26 11:41:39,607 - Classification Succeeds.
2024-01-26 11:41:39,607 - Link Generation Succeeds.
2024-01-26 11:41:52,606 - Victim node is 2271.
2024-01-26 11:41:52,606 - tensor([ 963, 1050, 1692], device='cuda:0')
2024-01-26 11:41:52,607 - Classification Succeeds.
2024-01-26 11:41:52,607 - Link Generation Fails.
2024-01-26 11:42:05,135 - Victim node is 1024.
2024-01-26 11:42:05,135 - tensor([ 306, 1701, 1986], device='cuda:0')
2024-01-26 11:42:05,135 - Classification Succeeds.
2024-01-26 11:42:05,135 - Link Generation Fails.
2024-01-26 11:42:17,879 - Victim node is 457.
2024-01-26 11:42:17,880 - tensor([ 963, 1703, 2238], device='cuda:0')
2024-01-26 11:42:17,880 - Classification Fails.
2024-01-26 11:42:17,880 - Link Generation Fails.
2024-01-26 11:42:30,644 - Victim node is 2222.
2024-01-26 11:42:30,644 - tensor([2708, 2709, 2710], device='cuda:0')
2024-01-26 11:42:30,644 - Classification Fails.
2024-01-26 11:42:30,644 - Link Generation Succeeds.
2024-01-26 11:42:43,618 - Victim node is 788.
2024-01-26 11:42:43,618 - tensor([2034, 2711, 2712], device='cuda:0')
2024-01-26 11:42:43,618 - Classification Fails.
2024-01-26 11:42:43,618 - Link Generation Succeeds.
2024-01-26 11:42:56,360 - Victim node is 2229.
2024-01-26 11:42:56,361 - tensor([1119, 2124, 2126], device='cuda:0')
2024-01-26 11:42:56,361 - Classification Succeeds.
2024-01-26 11:42:56,361 - Link Generation Fails.
2024-01-26 11:43:09,114 - Victim node is 2147.
2024-01-26 11:43:09,114 - tensor([2708, 2709, 2710], device='cuda:0')
2024-01-26 11:43:09,116 - Classification Fails.
2024-01-26 11:43:09,116 - Link Generation Succeeds.
2024-01-26 11:43:21,970 - Victim node is 1845.
2024-01-26 11:43:21,970 - tensor([2710, 2711, 2712], device='cuda:0')
2024-01-26 11:43:21,970 - Classification Fails.
2024-01-26 11:43:21,970 - Link Generation Succeeds.
2024-01-26 11:43:34,690 - Victim node is 1700.
2024-01-26 11:43:34,690 - tensor([2708, 2709, 2712], device='cuda:0')
2024-01-26 11:43:34,690 - Classification Fails.
2024-01-26 11:43:34,690 - Link Generation Succeeds.
2024-01-26 11:43:47,449 - Victim node is 397.
2024-01-26 11:43:47,449 - tensor([2708, 2710, 2711], device='cuda:0')
2024-01-26 11:43:47,449 - Classification Succeeds.
2024-01-26 11:43:47,449 - Link Generation Succeeds.
2024-01-26 11:44:00,356 - Victim node is 184.
2024-01-26 11:44:00,357 - tensor([ 306, 1358, 1986], device='cuda:0')
2024-01-26 11:44:00,357 - Classification Fails.
2024-01-26 11:44:00,357 - Link Generation Fails.
2024-01-26 11:44:13,075 - Victim node is 2695.
2024-01-26 11:44:13,075 - tensor([2708, 2709, 2710], device='cuda:0')
2024-01-26 11:44:13,076 - Classification Succeeds.
2024-01-26 11:44:13,076 - Link Generation Succeeds.
2024-01-26 11:44:25,933 - Victim node is 79.
2024-01-26 11:44:25,933 - tensor([2709, 2710, 2712], device='cuda:0')
2024-01-26 11:44:25,933 - Classification Succeeds.
2024-01-26 11:44:25,933 - Link Generation Succeeds.
2024-01-26 11:44:38,701 - Victim node is 320.
2024-01-26 11:44:38,701 - tensor([2708, 2709, 2710], device='cuda:0')
2024-01-26 11:44:38,701 - Classification Fails.
2024-01-26 11:44:38,702 - Link Generation Succeeds.
2024-01-26 11:44:51,453 - Victim node is 921.
2024-01-26 11:44:51,453 - tensor([2708, 2710, 2711], device='cuda:0')
2024-01-26 11:44:51,454 - Classification Fails.
2024-01-26 11:44:51,454 - Link Generation Succeeds.
2024-01-26 11:45:04,069 - Victim node is 2447.
2024-01-26 11:45:04,069 - tensor([ 306, 1358, 1701], device='cuda:0')
2024-01-26 11:45:04,069 - Classification Succeeds.
2024-01-26 11:45:04,069 - Link Generation Fails.
2024-01-26 11:45:16,602 - Victim node is 793.
2024-01-26 11:45:16,602 - tensor([2708, 2709, 2710], device='cuda:0')
2024-01-26 11:45:16,602 - Classification Fails.
2024-01-26 11:45:16,603 - Link Generation Succeeds.
2024-01-26 11:45:29,389 - Victim node is 317.
2024-01-26 11:45:29,389 - tensor([2708, 2709, 2710], device='cuda:0')
2024-01-26 11:45:29,390 - Classification Succeeds.
2024-01-26 11:45:29,390 - Link Generation Succeeds.
2024-01-26 11:45:42,006 - Victim node is 949.
2024-01-26 11:45:42,006 - tensor([1701, 1986, 2034], device='cuda:0')
2024-01-26 11:45:42,006 - Classification Succeeds.
2024-01-26 11:45:42,006 - Link Generation Fails.
2024-01-26 11:45:54,509 - Victim node is 1918.
2024-01-26 11:45:54,509 - tensor([ 306, 1358, 2710], device='cuda:0')
2024-01-26 11:45:54,509 - Classification Fails.
2024-01-26 11:45:54,509 - Link Generation Succeeds.
2024-01-26 11:46:07,136 - Victim node is 797.
2024-01-26 11:46:07,136 - tensor([ 306, 1623, 1914], device='cuda:0')
2024-01-26 11:46:07,137 - Classification Succeeds.
2024-01-26 11:46:07,137 - Link Generation Fails.
2024-01-26 11:46:19,783 - Victim node is 2609.
2024-01-26 11:46:19,783 - tensor([2709, 2710, 2711], device='cuda:0')
2024-01-26 11:46:19,784 - Classification Fails.
2024-01-26 11:46:19,784 - Link Generation Succeeds.
2024-01-26 11:46:32,377 - Victim node is 2351.
2024-01-26 11:46:32,377 - tensor([2708, 2709, 2710], device='cuda:0')
2024-01-26 11:46:32,378 - Classification Fails.
2024-01-26 11:46:32,378 - Link Generation Succeeds.
2024-01-26 11:46:45,032 - Victim node is 2482.
2024-01-26 11:46:45,032 - tensor([1358, 1701, 1986], device='cuda:0')
2024-01-26 11:46:45,033 - Classification Fails.
2024-01-26 11:46:45,033 - Link Generation Fails.
2024-01-26 11:46:57,620 - Victim node is 1876.
2024-01-26 11:46:57,620 - tensor([ 310, 1810, 1950], device='cuda:0')
2024-01-26 11:46:57,620 - Classification Succeeds.
2024-01-26 11:46:57,621 - Link Generation Fails.
2024-01-26 11:47:10,129 - Victim node is 2329.
2024-01-26 11:47:10,129 - tensor([ 306, 1358, 1623], device='cuda:0')
2024-01-26 11:47:10,129 - Classification Succeeds.
2024-01-26 11:47:10,129 - Link Generation Fails.
2024-01-26 11:47:22,707 - Victim node is 1815.
2024-01-26 11:47:22,707 - tensor([ 306, 1358, 1701], device='cuda:0')
2024-01-26 11:47:22,708 - Classification Succeeds.
2024-01-26 11:47:22,708 - Link Generation Fails.
2024-01-26 11:47:35,264 - Victim node is 1680.
2024-01-26 11:47:35,264 - tensor([1542, 1701, 1986], device='cuda:0')
2024-01-26 11:47:35,264 - Classification Fails.
2024-01-26 11:47:35,264 - Link Generation Fails.
2024-01-26 11:47:47,871 - Victim node is 1755.
2024-01-26 11:47:47,871 - tensor([1169, 1441, 1483], device='cuda:0')
2024-01-26 11:47:47,871 - Classification Succeeds.
2024-01-26 11:47:47,871 - Link Generation Fails.
2024-01-26 11:48:00,439 - Victim node is 1539.
2024-01-26 11:48:00,439 - tensor([ 306, 1358, 1986], device='cuda:0')
2024-01-26 11:48:00,439 - Classification Fails.
2024-01-26 11:48:00,439 - Link Generation Fails.
2024-01-26 11:48:12,988 - Victim node is 169.
2024-01-26 11:48:12,988 - tensor([2710, 2711, 2712], device='cuda:0')
2024-01-26 11:48:12,988 - Classification Fails.
2024-01-26 11:48:12,988 - Link Generation Succeeds.
2024-01-26 11:48:25,592 - Victim node is 579.
2024-01-26 11:48:25,592 - tensor([1701, 1986, 2709], device='cuda:0')
2024-01-26 11:48:25,592 - Classification Fails.
2024-01-26 11:48:25,592 - Link Generation Succeeds.
2024-01-26 11:48:37,705 - Victim node is 1992.
2024-01-26 11:48:37,705 - tensor([2708, 2709, 2710], device='cuda:0')
2024-01-26 11:48:37,706 - Classification Fails.
2024-01-26 11:48:37,706 - Link Generation Succeeds.
2024-01-26 11:48:49,939 - Victim node is 425.
2024-01-26 11:48:49,939 - tensor([ 306, 1358, 1986], device='cuda:0')
2024-01-26 11:48:49,939 - Classification Succeeds.
2024-01-26 11:48:49,939 - Link Generation Fails.
2024-01-26 11:49:02,586 - Victim node is 2079.
2024-01-26 11:49:02,586 - tensor([ 306, 1358, 1623], device='cuda:0')
2024-01-26 11:49:02,587 - Classification Succeeds.
2024-01-26 11:49:02,587 - Link Generation Fails.
2024-01-26 11:49:15,119 - Victim node is 2706.
2024-01-26 11:49:15,119 - tensor([ 306, 1358, 1986], device='cuda:0')
2024-01-26 11:49:15,119 - Classification Fails.
2024-01-26 11:49:15,120 - Link Generation Fails.
2024-01-26 11:49:27,724 - Victim node is 2391.
2024-01-26 11:49:27,725 - tensor([ 306, 1358, 1623], device='cuda:0')
2024-01-26 11:49:27,725 - Classification Succeeds.
2024-01-26 11:49:27,725 - Link Generation Fails.
2024-01-26 11:49:40,101 - Victim node is 368.
2024-01-26 11:49:40,101 - tensor([2708, 2709, 2710], device='cuda:0')
2024-01-26 11:49:40,101 - Classification Fails.
2024-01-26 11:49:40,102 - Link Generation Succeeds.
2024-01-26 11:49:52,195 - Victim node is 1.
2024-01-26 11:49:52,195 - tensor([2708, 2709, 2711], device='cuda:0')
2024-01-26 11:49:52,195 - Classification Succeeds.
2024-01-26 11:49:52,196 - Link Generation Succeeds.
2024-01-26 11:50:04,736 - Victim node is 1733.
2024-01-26 11:50:04,736 - tensor([1169, 1483, 1914], device='cuda:0')
2024-01-26 11:50:04,736 - Classification Fails.
2024-01-26 11:50:04,736 - Link Generation Fails.
2024-01-26 11:50:16,779 - Victim node is 662.
2024-01-26 11:50:16,779 - tensor([2708, 2709, 2710], device='cuda:0')
2024-01-26 11:50:16,779 - Classification Fails.
2024-01-26 11:50:16,779 - Link Generation Succeeds.
2024-01-26 11:50:28,762 - Victim node is 1766.
2024-01-26 11:50:28,762 - tensor([1169, 1725, 1765], device='cuda:0')
2024-01-26 11:50:28,763 - Classification Succeeds.
2024-01-26 11:50:28,763 - Link Generation Fails.
2024-01-26 11:50:40,807 - Victim node is 1373.
2024-01-26 11:50:40,807 - tensor([2708, 2709, 2710], device='cuda:0')
2024-01-26 11:50:40,807 - Classification Fails.
2024-01-26 11:50:40,808 - Link Generation Succeeds.
2024-01-26 11:50:52,921 - Victim node is 2501.
2024-01-26 11:50:52,921 - tensor([2708, 2709, 2710], device='cuda:0')
2024-01-26 11:50:52,922 - Classification Fails.
2024-01-26 11:50:52,922 - Link Generation Succeeds.
2024-01-26 11:51:05,018 - Victim node is 13.
2024-01-26 11:51:05,019 - tensor([2709, 2711, 2712], device='cuda:0')
2024-01-26 11:51:05,019 - Classification Succeeds.
2024-01-26 11:51:05,019 - Link Generation Succeeds.
2024-01-26 11:51:17,028 - Victim node is 925.
2024-01-26 11:51:17,028 - tensor([2708, 2709, 2710], device='cuda:0')
2024-01-26 11:51:17,029 - Classification Fails.
2024-01-26 11:51:17,029 - Link Generation Succeeds.
2024-01-26 11:51:28,941 - Victim node is 67.
2024-01-26 11:51:28,941 - tensor([2708, 2709, 2710], device='cuda:0')
2024-01-26 11:51:28,942 - Classification Succeeds.
2024-01-26 11:51:28,942 - Link Generation Succeeds.
2024-01-26 11:51:40,983 - Victim node is 1887.
2024-01-26 11:51:40,983 - tensor([1358, 1986, 2712], device='cuda:0')
2024-01-26 11:51:40,983 - Classification Succeeds.
2024-01-26 11:51:40,984 - Link Generation Succeeds.
2024-01-26 11:51:53,028 - Victim node is 933.
2024-01-26 11:51:53,028 - tensor([ 306, 1358, 1986], device='cuda:0')
2024-01-26 11:51:53,028 - Classification Succeeds.
2024-01-26 11:51:53,028 - Link Generation Fails.
2024-01-26 11:52:05,202 - Victim node is 1952.
2024-01-26 11:52:05,202 - tensor([1701, 2708, 2712], device='cuda:0')
2024-01-26 11:52:05,202 - Classification Fails.
2024-01-26 11:52:05,202 - Link Generation Succeeds.
2024-01-26 11:52:17,594 - Victim node is 2268.
2024-01-26 11:52:17,594 - tensor([ 310, 1701, 2034], device='cuda:0')
2024-01-26 11:52:17,595 - Classification Fails.
2024-01-26 11:52:17,595 - Link Generation Fails.
2024-01-26 11:52:29,761 - Victim node is 666.
2024-01-26 11:52:29,761 - tensor([2708, 2709, 2710], device='cuda:0')
2024-01-26 11:52:29,761 - Classification Fails.
2024-01-26 11:52:29,761 - Link Generation Succeeds.
2024-01-26 11:52:41,914 - Victim node is 669.
2024-01-26 11:52:41,914 - tensor([2708, 2710, 2712], device='cuda:0')
2024-01-26 11:52:41,914 - Classification Fails.
2024-01-26 11:52:41,914 - Link Generation Succeeds.
2024-01-26 11:52:54,158 - Victim node is 1385.
2024-01-26 11:52:54,158 - tensor([2708, 2709, 2710], device='cuda:0')
2024-01-26 11:52:54,159 - Classification Fails.
2024-01-26 11:52:54,159 - Link Generation Succeeds.
2024-01-26 11:53:06,197 - Victim node is 1638.
2024-01-26 11:53:06,197 - tensor([ 306, 1358, 2712], device='cuda:0')
2024-01-26 11:53:06,197 - Classification Succeeds.
2024-01-26 11:53:06,197 - Link Generation Succeeds.
2024-01-26 11:53:18,640 - Victim node is 1362.
2024-01-26 11:53:18,640 - tensor([  88, 1013, 2394], device='cuda:0')
2024-01-26 11:53:18,640 - Classification Succeeds.
2024-01-26 11:53:18,641 - Link Generation Fails.
2024-01-26 11:53:30,868 - Victim node is 1499.
2024-01-26 11:53:30,868 - tensor([ 306, 1701, 1986], device='cuda:0')
2024-01-26 11:53:30,868 - Classification Succeeds.
2024-01-26 11:53:30,868 - Link Generation Fails.
2024-01-26 11:53:42,832 - Victim node is 808.
2024-01-26 11:53:42,832 - tensor([2708, 2709, 2710], device='cuda:0')
2024-01-26 11:53:42,832 - Classification Fails.
2024-01-26 11:53:42,832 - Link Generation Succeeds.
2024-01-26 11:53:54,882 - Victim node is 225.
2024-01-26 11:53:54,882 - tensor([2708, 2709, 2710], device='cuda:0')
2024-01-26 11:53:54,882 - Classification Fails.
2024-01-26 11:53:54,882 - Link Generation Succeeds.
2024-01-26 11:54:07,024 - Victim node is 701.
2024-01-26 11:54:07,025 - tensor([2708, 2709, 2710], device='cuda:0')
2024-01-26 11:54:07,025 - Classification Fails.
2024-01-26 11:54:07,025 - Link Generation Succeeds.
2024-01-26 11:54:19,463 - Victim node is 1435.
2024-01-26 11:54:19,464 - tensor([ 306, 1013, 1358], device='cuda:0')
2024-01-26 11:54:19,464 - Classification Succeeds.
2024-01-26 11:54:19,464 - Link Generation Fails.
2024-01-26 11:54:31,970 - Victim node is 1898.
2024-01-26 11:54:31,970 - tensor([2708, 2709, 2710], device='cuda:0')
2024-01-26 11:54:31,970 - Classification Fails.
2024-01-26 11:54:31,970 - Link Generation Succeeds.
2024-01-26 11:54:44,894 - Victim node is 789.
2024-01-26 11:54:44,895 - tensor([ 963, 2710, 2711], device='cuda:0')
2024-01-26 11:54:44,895 - Classification Fails.
2024-01-26 11:54:44,895 - Link Generation Succeeds.
2024-01-26 11:54:57,340 - Victim node is 1817.
2024-01-26 11:54:57,340 - tensor([2708, 2709, 2712], device='cuda:0')
2024-01-26 11:54:57,340 - Classification Fails.
2024-01-26 11:54:57,340 - Link Generation Succeeds.
2024-01-26 11:55:09,409 - Victim node is 1142.
2024-01-26 11:55:09,409 - tensor([ 306, 1358, 1623], device='cuda:0')
2024-01-26 11:55:09,410 - Classification Succeeds.
2024-01-26 11:55:09,410 - Link Generation Fails.
2024-01-26 11:55:22,087 - Victim node is 2618.
2024-01-26 11:55:22,087 - tensor([2708, 2709, 2710], device='cuda:0')
2024-01-26 11:55:22,088 - Classification Fails.
2024-01-26 11:55:22,088 - Link Generation Succeeds.
2024-01-26 11:55:34,824 - Victim node is 165.
2024-01-26 11:55:34,824 - tensor([ 306, 1358, 1986], device='cuda:0')
2024-01-26 11:55:34,824 - Classification Succeeds.
2024-01-26 11:55:34,824 - Link Generation Fails.
2024-01-26 11:55:47,441 - Victim node is 2346.
2024-01-26 11:55:47,441 - tensor([2708, 2709, 2710], device='cuda:0')
2024-01-26 11:55:47,441 - Classification Fails.
2024-01-26 11:55:47,441 - Link Generation Succeeds.
2024-01-26 11:55:59,867 - Victim node is 1569.
2024-01-26 11:55:59,867 - tensor([2708, 2709, 2710], device='cuda:0')
2024-01-26 11:55:59,867 - Classification Fails.
2024-01-26 11:55:59,867 - Link Generation Succeeds.
2024-01-26 11:56:12,228 - Victim node is 1177.
2024-01-26 11:56:12,228 - tensor([1358, 1701, 1986], device='cuda:0')
2024-01-26 11:56:12,228 - Classification Succeeds.
2024-01-26 11:56:12,228 - Link Generation Fails.
2024-01-26 11:56:24,250 - Victim node is 674.
2024-01-26 11:56:24,250 - tensor([ 119,  735, 1955], device='cuda:0')
2024-01-26 11:56:24,250 - Classification Fails.
2024-01-26 11:56:24,250 - Link Generation Fails.
2024-01-26 11:56:36,133 - Victim node is 639.
2024-01-26 11:56:36,133 - tensor([2708, 2709, 2710], device='cuda:0')
2024-01-26 11:56:36,133 - Classification Fails.
2024-01-26 11:56:36,133 - Link Generation Succeeds.
2024-01-26 11:56:48,045 - Victim node is 313.
2024-01-26 11:56:48,045 - tensor([2708, 2709, 2710], device='cuda:0')
2024-01-26 11:56:48,046 - Classification Fails.
2024-01-26 11:56:48,046 - Link Generation Succeeds.
2024-01-26 11:57:00,102 - Victim node is 1195.
2024-01-26 11:57:00,103 - tensor([  88, 1914, 2394], device='cuda:0')
2024-01-26 11:57:00,103 - Classification Fails.
2024-01-26 11:57:00,103 - Link Generation Fails.
2024-01-26 11:57:12,003 - Victim node is 209.
2024-01-26 11:57:12,003 - tensor([2708, 2709, 2710], device='cuda:0')
2024-01-26 11:57:12,003 - Classification Fails.
2024-01-26 11:57:12,003 - Link Generation Succeeds.
2024-01-26 11:57:23,990 - Victim node is 514.
2024-01-26 11:57:23,990 - tensor([1013, 1914, 2394], device='cuda:0')
2024-01-26 11:57:23,990 - Classification Fails.
2024-01-26 11:57:23,990 - Link Generation Fails.
2024-01-26 11:57:35,895 - Victim node is 671.
2024-01-26 11:57:35,895 - tensor([2708, 2709, 2710], device='cuda:0')
2024-01-26 11:57:35,896 - Classification Fails.
2024-01-26 11:57:35,896 - Link Generation Succeeds.
2024-01-26 11:57:47,740 - Victim node is 746.
2024-01-26 11:57:47,740 - tensor([1257, 2248, 2671], device='cuda:0')
2024-01-26 11:57:47,741 - Classification Succeeds.
2024-01-26 11:57:47,741 - Link Generation Fails.
2024-01-26 11:57:59,681 - Victim node is 1787.
2024-01-26 11:57:59,681 - tensor([1358, 1623, 2708], device='cuda:0')
2024-01-26 11:57:59,681 - Classification Succeeds.
2024-01-26 11:57:59,681 - Link Generation Succeeds.
2024-01-26 11:58:11,671 - Victim node is 1012.
2024-01-26 11:58:11,671 - tensor([ 306, 1358, 1986], device='cuda:0')
2024-01-26 11:58:11,671 - Classification Fails.
2024-01-26 11:58:11,671 - Link Generation Fails.
2024-01-26 11:58:23,682 - Victim node is 942.
2024-01-26 11:58:23,682 - tensor([ 733, 1701, 2034], device='cuda:0')
2024-01-26 11:58:23,683 - Classification Succeeds.
2024-01-26 11:58:23,683 - Link Generation Fails.
2024-01-26 11:58:35,690 - Victim node is 1896.
2024-01-26 11:58:35,690 - tensor([2708, 2709, 2710], device='cuda:0')
2024-01-26 11:58:35,690 - Classification Fails.
2024-01-26 11:58:35,690 - Link Generation Succeeds.
2024-01-26 11:58:47,731 - Victim node is 835.
2024-01-26 11:58:47,732 - tensor([2708, 2709, 2710], device='cuda:0')
2024-01-26 11:58:47,732 - Classification Fails.
2024-01-26 11:58:47,732 - Link Generation Succeeds.
2024-01-26 11:58:59,913 - Victim node is 1867.
2024-01-26 11:58:59,914 - tensor([ 306, 1358, 1623], device='cuda:0')
2024-01-26 11:58:59,914 - Classification Succeeds.
2024-01-26 11:58:59,914 - Link Generation Fails.
2024-01-26 11:59:11,954 - Victim node is 1403.
2024-01-26 11:59:11,954 - tensor([ 306, 1358, 1986], device='cuda:0')
2024-01-26 11:59:11,954 - Classification Succeeds.
2024-01-26 11:59:11,954 - Link Generation Fails.
2024-01-26 11:59:23,901 - Victim node is 1386.
2024-01-26 11:59:23,901 - tensor([2708, 2709, 2710], device='cuda:0')
2024-01-26 11:59:23,901 - Classification Fails.
2024-01-26 11:59:23,901 - Link Generation Succeeds.
2024-01-26 11:59:35,850 - Victim node is 1165.
2024-01-26 11:59:35,850 - tensor([2708, 2709, 2710], device='cuda:0')
2024-01-26 11:59:35,850 - Classification Fails.
2024-01-26 11:59:35,850 - Link Generation Succeeds.
2024-01-26 11:59:47,836 - Victim node is 1296.
2024-01-26 11:59:47,836 - tensor([1169, 1358, 1725], device='cuda:0')
2024-01-26 11:59:47,837 - Classification Fails.
2024-01-26 11:59:47,837 - Link Generation Fails.
2024-01-26 12:00:00,080 - Victim node is 1214.
2024-01-26 12:00:00,080 - tensor([ 306, 1358, 1623], device='cuda:0')
2024-01-26 12:00:00,082 - Classification Succeeds.
2024-01-26 12:00:00,082 - Link Generation Fails.
2024-01-26 12:00:29,085 - Victim node is 584.
2024-01-26 12:00:29,085 - tensor([2708, 2709, 2710], device='cuda:0')
2024-01-26 12:00:29,086 - Classification Fails.
2024-01-26 12:00:29,086 - Link Generation Succeeds.
2024-01-26 12:01:03,459 - Victim node is 2202.
2024-01-26 12:01:03,459 - tensor([ 306, 1013, 1358], device='cuda:0')
2024-01-26 12:01:03,460 - Classification Succeeds.
2024-01-26 12:01:03,460 - Link Generation Fails.
2024-01-26 12:01:36,206 - Victim node is 330.
2024-01-26 12:01:36,206 - tensor([  12,  963, 1257], device='cuda:0')
2024-01-26 12:01:36,207 - Classification Succeeds.
2024-01-26 12:01:36,207 - Link Generation Fails.
2024-01-26 12:02:07,168 - Victim node is 1567.
2024-01-26 12:02:07,168 - tensor([ 733, 1810, 2034], device='cuda:0')
2024-01-26 12:02:07,168 - Classification Succeeds.
2024-01-26 12:02:07,168 - Link Generation Fails.
2024-01-26 12:02:42,258 - Victim node is 1102.
2024-01-26 12:02:42,258 - tensor([2708, 2709, 2710], device='cuda:0')
2024-01-26 12:02:42,259 - Classification Fails.
2024-01-26 12:02:42,259 - Link Generation Succeeds.
2024-01-26 12:03:17,051 - Victim node is 273.
2024-01-26 12:03:17,051 - tensor([2708, 2709, 2710], device='cuda:0')
2024-01-26 12:03:17,052 - Classification Fails.
2024-01-26 12:03:17,052 - Link Generation Succeeds.
2024-01-26 12:03:46,610 - Victim node is 1711.
2024-01-26 12:03:46,610 - tensor([1013, 1701, 1986], device='cuda:0')
2024-01-26 12:03:46,610 - Classification Succeeds.
2024-01-26 12:03:46,610 - Link Generation Fails.
2024-01-26 12:03:58,588 - Victim node is 1965.
2024-01-26 12:03:58,589 - tensor([2708, 2709, 2710], device='cuda:0')
2024-01-26 12:03:58,589 - Classification Fails.
2024-01-26 12:03:58,589 - Link Generation Succeeds.
2024-01-26 12:04:10,616 - Victim node is 1166.
2024-01-26 12:04:10,616 - tensor([1701, 1810, 2034], device='cuda:0')
2024-01-26 12:04:10,616 - Classification Succeeds.
2024-01-26 12:04:10,616 - Link Generation Fails.
2024-01-26 12:04:22,792 - Victim node is 1704.
2024-01-26 12:04:22,792 - tensor([ 310, 1701, 1810], device='cuda:0')
2024-01-26 12:04:22,792 - Classification Succeeds.
2024-01-26 12:04:22,793 - Link Generation Fails.
2024-01-26 12:04:35,002 - Victim node is 2032.
2024-01-26 12:04:35,002 - tensor([1358, 1701, 1986], device='cuda:0')
2024-01-26 12:04:35,002 - Classification Fails.
2024-01-26 12:04:35,002 - Link Generation Fails.
2024-01-26 12:04:47,323 - Victim node is 652.
2024-01-26 12:04:47,323 - tensor([2709, 2710, 2711], device='cuda:0')
2024-01-26 12:04:47,323 - Classification Fails.
2024-01-26 12:04:47,323 - Link Generation Succeeds.
2024-01-26 12:04:59,317 - Victim node is 372.
2024-01-26 12:04:59,318 - tensor([ 306, 1358, 1623], device='cuda:0')
2024-01-26 12:04:59,318 - Classification Succeeds.
2024-01-26 12:04:59,318 - Link Generation Fails.
2024-01-26 12:05:11,567 - Victim node is 1134.
2024-01-26 12:05:11,567 - tensor([2708, 2709, 2710], device='cuda:0')
2024-01-26 12:05:11,567 - Classification Fails.
2024-01-26 12:05:11,567 - Link Generation Succeeds.
2024-01-26 12:05:23,854 - Victim node is 1729.
2024-01-26 12:05:23,854 - tensor([ 306, 1701, 1986], device='cuda:0')
2024-01-26 12:05:23,854 - Classification Succeeds.
2024-01-26 12:05:23,854 - Link Generation Fails.
2024-01-26 12:05:35,725 - Victim node is 426.
2024-01-26 12:05:35,725 - tensor([1013, 1358, 1623], device='cuda:0')
2024-01-26 12:05:35,725 - Classification Succeeds.
2024-01-26 12:05:35,725 - Link Generation Fails.
2024-01-26 12:05:47,582 - Victim node is 929.
2024-01-26 12:05:47,582 - tensor([ 306, 1701, 1986], device='cuda:0')
2024-01-26 12:05:47,582 - Classification Succeeds.
2024-01-26 12:05:47,582 - Link Generation Fails.
2024-01-26 12:05:59,481 - Victim node is 2330.
2024-01-26 12:05:59,481 - tensor([1169, 1358, 1483], device='cuda:0')
2024-01-26 12:05:59,481 - Classification Succeeds.
2024-01-26 12:05:59,481 - Link Generation Fails.
2024-01-26 12:06:11,375 - Victim node is 566.
2024-01-26 12:06:11,375 - tensor([1701, 2710, 2711], device='cuda:0')
2024-01-26 12:06:11,376 - Classification Fails.
2024-01-26 12:06:11,376 - Link Generation Succeeds.
2024-01-26 12:06:23,742 - Victim node is 1358.
2024-01-26 12:06:23,742 - tensor([  88,  306, 1013], device='cuda:0')
2024-01-26 12:06:23,742 - Classification Succeeds.
2024-01-26 12:06:23,742 - Link Generation Fails.
2024-01-26 12:06:36,314 - Victim node is 44.
2024-01-26 12:06:36,314 - tensor([2708, 2709, 2710], device='cuda:0')
2024-01-26 12:06:36,314 - Classification Succeeds.
2024-01-26 12:06:36,315 - Link Generation Succeeds.
2024-01-26 12:06:48,973 - Victim node is 1475.
2024-01-26 12:06:48,973 - tensor([ 306, 1358, 1701], device='cuda:0')
2024-01-26 12:06:48,974 - Classification Fails.
2024-01-26 12:06:48,974 - Link Generation Fails.
2024-01-26 12:07:01,742 - Victim node is 994.
2024-01-26 12:07:01,742 - tensor([ 306, 1358, 1701], device='cuda:0')
2024-01-26 12:07:01,743 - Classification Succeeds.
2024-01-26 12:07:01,743 - Link Generation Fails.
2024-01-26 12:07:14,389 - Victim node is 2059.
2024-01-26 12:07:14,389 - tensor([1358, 2708, 2709], device='cuda:0')
2024-01-26 12:07:14,389 - Classification Fails.
2024-01-26 12:07:14,389 - Link Generation Succeeds.
2024-01-26 12:07:27,094 - Victim node is 1290.
2024-01-26 12:07:27,094 - tensor([2708, 2709, 2710], device='cuda:0')
2024-01-26 12:07:27,095 - Classification Fails.
2024-01-26 12:07:27,095 - Link Generation Succeeds.
2024-01-26 12:07:39,565 - Victim node is 615.
2024-01-26 12:07:39,565 - tensor([2708, 2709, 2711], device='cuda:0')
2024-01-26 12:07:39,566 - Classification Fails.
2024-01-26 12:07:39,566 - Link Generation Succeeds.
2024-01-26 12:07:52,063 - Victim node is 355.
2024-01-26 12:07:52,063 - tensor([ 306, 1358, 1986], device='cuda:0')
2024-01-26 12:07:52,063 - Classification Succeeds.
2024-01-26 12:07:52,063 - Link Generation Fails.
2024-01-26 12:08:04,626 - Victim node is 1750.
2024-01-26 12:08:04,626 - tensor([ 306, 1701, 1986], device='cuda:0')
2024-01-26 12:08:04,626 - Classification Succeeds.
2024-01-26 12:08:04,626 - Link Generation Fails.
2024-01-26 12:08:17,117 - Victim node is 89.
2024-01-26 12:08:17,117 - tensor([2708, 2709, 2710], device='cuda:0')
2024-01-26 12:08:17,117 - Classification Succeeds.
2024-01-26 12:08:17,117 - Link Generation Succeeds.
2024-01-26 12:08:29,114 - Victim node is 1054.
2024-01-26 12:08:29,114 - tensor([1358, 1701, 1986], device='cuda:0')
2024-01-26 12:08:29,114 - Classification Succeeds.
2024-01-26 12:08:29,114 - Link Generation Fails.
2024-01-26 12:08:41,048 - Victim node is 641.
2024-01-26 12:08:41,048 - tensor([  12,  735, 1257], device='cuda:0')
2024-01-26 12:08:41,048 - Classification Fails.
2024-01-26 12:08:41,048 - Link Generation Fails.
2024-01-26 12:08:53,168 - Victim node is 2492.
2024-01-26 12:08:53,168 - tensor([2708, 2709, 2710], device='cuda:0')
2024-01-26 12:08:53,169 - Classification Fails.
2024-01-26 12:08:53,169 - Link Generation Succeeds.
2024-01-26 12:09:05,411 - Victim node is 1057.
2024-01-26 12:09:05,411 - tensor([ 306, 1701, 1986], device='cuda:0')
2024-01-26 12:09:05,411 - Classification Succeeds.
2024-01-26 12:09:05,412 - Link Generation Fails.
2024-01-26 12:09:17,410 - Victim node is 528.
2024-01-26 12:09:17,410 - tensor([2708, 2709, 2710], device='cuda:0')
2024-01-26 12:09:17,410 - Classification Fails.
2024-01-26 12:09:17,410 - Link Generation Succeeds.
2024-01-26 12:09:29,330 - Victim node is 1444.
2024-01-26 12:09:29,330 - tensor([2708, 2709, 2710], device='cuda:0')
2024-01-26 12:09:29,330 - Classification Fails.
2024-01-26 12:09:29,330 - Link Generation Succeeds.
2024-01-26 12:09:41,205 - Victim node is 1016.
2024-01-26 12:09:41,205 - tensor([ 306, 1358, 1986], device='cuda:0')
2024-01-26 12:09:41,205 - Classification Succeeds.
2024-01-26 12:09:41,205 - Link Generation Fails.
2024-01-26 12:09:53,045 - Victim node is 759.
2024-01-26 12:09:53,045 - tensor([2708, 2709, 2710], device='cuda:0')
2024-01-26 12:09:53,045 - Classification Fails.
2024-01-26 12:09:53,045 - Link Generation Succeeds.
2024-01-26 12:10:04,916 - Victim node is 777.
2024-01-26 12:10:04,916 - tensor([ 306, 1013, 1986], device='cuda:0')
2024-01-26 12:10:04,918 - Classification Fails.
2024-01-26 12:10:04,918 - Link Generation Fails.
2024-01-26 12:10:17,010 - Victim node is 2548.
2024-01-26 12:10:17,011 - tensor([2708, 2709, 2710], device='cuda:0')
2024-01-26 12:10:17,011 - Classification Fails.
2024-01-26 12:10:17,011 - Link Generation Succeeds.
2024-01-26 12:10:29,152 - Victim node is 166.
2024-01-26 12:10:29,152 - tensor([2708, 2709, 2710], device='cuda:0')
2024-01-26 12:10:29,153 - Classification Fails.
2024-01-26 12:10:29,153 - Link Generation Succeeds.
2024-01-26 12:10:41,689 - Victim node is 555.
2024-01-26 12:10:41,689 - tensor([ 306, 1623, 1914], device='cuda:0')
2024-01-26 12:10:41,689 - Classification Succeeds.
2024-01-26 12:10:41,690 - Link Generation Fails.
2024-01-26 12:10:53,907 - Victim node is 485.
2024-01-26 12:10:53,907 - tensor([ 306, 1358, 2708], device='cuda:0')
2024-01-26 12:10:53,908 - Classification Fails.
2024-01-26 12:10:53,908 - Link Generation Succeeds.
2024-01-26 12:11:05,772 - Victim node is 325.
2024-01-26 12:11:05,773 - tensor([ 306, 1358, 1986], device='cuda:0')
2024-01-26 12:11:05,773 - Classification Fails.
2024-01-26 12:11:05,774 - Link Generation Fails.
2024-01-26 12:11:17,596 - Victim node is 274.
2024-01-26 12:11:17,596 - tensor([ 306, 1358, 1986], device='cuda:0')
2024-01-26 12:11:17,597 - Classification Fails.
2024-01-26 12:11:17,597 - Link Generation Fails.
2024-01-26 12:11:29,389 - Victim node is 1820.
2024-01-26 12:11:29,389 - tensor([2709, 2710, 2711], device='cuda:0')
2024-01-26 12:11:29,389 - Classification Fails.
2024-01-26 12:11:29,389 - Link Generation Succeeds.
2024-01-26 12:11:41,238 - Victim node is 792.
2024-01-26 12:11:41,238 - tensor([1701, 1810, 2034], device='cuda:0')
2024-01-26 12:11:41,238 - Classification Succeeds.
2024-01-26 12:11:41,238 - Link Generation Fails.
2024-01-26 12:11:53,165 - Victim node is 1378.
2024-01-26 12:11:53,165 - tensor([ 721, 1034, 2711], device='cuda:0')
2024-01-26 12:11:53,165 - Classification Fails.
2024-01-26 12:11:53,165 - Link Generation Succeeds.
2024-01-26 12:12:05,418 - Victim node is 424.
2024-01-26 12:12:05,418 - tensor([1013, 2710, 2712], device='cuda:0')
2024-01-26 12:12:05,419 - Classification Fails.
2024-01-26 12:12:05,419 - Link Generation Succeeds.
2024-01-26 12:12:17,960 - Victim node is 535.
2024-01-26 12:12:17,960 - tensor([1169, 1358, 1765], device='cuda:0')
2024-01-26 12:12:17,961 - Classification Succeeds.
2024-01-26 12:12:17,961 - Link Generation Fails.
2024-01-26 12:12:31,074 - Victim node is 731.
2024-01-26 12:12:31,074 - tensor([ 306, 1358, 1986], device='cuda:0')
2024-01-26 12:12:31,074 - Classification Succeeds.
2024-01-26 12:12:31,075 - Link Generation Fails.
2024-01-26 12:12:44,114 - Victim node is 1917.
2024-01-26 12:12:44,114 - tensor([2708, 2710, 2712], device='cuda:0')
2024-01-26 12:12:44,114 - Classification Fails.
2024-01-26 12:12:44,114 - Link Generation Succeeds.
2024-01-26 12:12:56,964 - Victim node is 1335.
2024-01-26 12:12:56,964 - tensor([ 306, 1358, 1986], device='cuda:0')
2024-01-26 12:12:56,965 - Classification Succeeds.
2024-01-26 12:12:56,965 - Link Generation Fails.
2024-01-26 12:13:09,861 - Victim node is 1231.
2024-01-26 12:13:09,861 - tensor([2708, 2709, 2710], device='cuda:0')
2024-01-26 12:13:09,862 - Classification Fails.
2024-01-26 12:13:09,862 - Link Generation Succeeds.
2024-01-26 12:13:22,668 - Victim node is 1380.
2024-01-26 12:13:22,668 - tensor([2708, 2709, 2710], device='cuda:0')
2024-01-26 12:13:22,668 - Classification Fails.
2024-01-26 12:13:22,668 - Link Generation Succeeds.
2024-01-26 12:13:35,378 - Victim node is 1495.
2024-01-26 12:13:35,378 - tensor([ 118, 1441, 1914], device='cuda:0')
2024-01-26 12:13:35,378 - Classification Succeeds.
2024-01-26 12:13:35,378 - Link Generation Fails.
2024-01-26 12:13:48,187 - Victim node is 2046.
2024-01-26 12:13:48,187 - tensor([1072, 1358, 1623], device='cuda:0')
2024-01-26 12:13:48,189 - Classification Succeeds.
2024-01-26 12:13:48,189 - Link Generation Fails.
2024-01-26 12:14:00,611 - Victim node is 20.
2024-01-26 12:14:00,611 - tensor([2708, 2709, 2710], device='cuda:0')
2024-01-26 12:14:00,612 - Classification Succeeds.
2024-01-26 12:14:00,612 - Link Generation Succeeds.
2024-01-26 12:14:13,201 - Victim node is 1564.
2024-01-26 12:14:13,202 - tensor([ 306, 1358, 1483], device='cuda:0')
2024-01-26 12:14:13,202 - Classification Succeeds.
2024-01-26 12:14:13,202 - Link Generation Fails.
2024-01-26 12:14:25,869 - Victim node is 2696.
2024-01-26 12:14:25,869 - tensor([2708, 2709, 2710], device='cuda:0')
2024-01-26 12:14:25,870 - Classification Fails.
2024-01-26 12:14:25,870 - Link Generation Succeeds.
2024-01-26 12:14:38,314 - Victim node is 4.
2024-01-26 12:14:38,314 - tensor([ 306, 1358, 1701], device='cuda:0')
2024-01-26 12:14:38,314 - Classification Succeeds.
2024-01-26 12:14:38,314 - Link Generation Fails.
2024-01-26 12:14:50,925 - Victim node is 1670.
2024-01-26 12:14:50,925 - tensor([ 306, 1623, 1701], device='cuda:0')
2024-01-26 12:14:50,926 - Classification Succeeds.
2024-01-26 12:14:50,926 - Link Generation Fails.
2024-01-26 12:15:03,672 - Victim node is 2688.
2024-01-26 12:15:03,672 - tensor([2708, 2709, 2710], device='cuda:0')
2024-01-26 12:15:03,673 - Classification Fails.
2024-01-26 12:15:03,673 - Link Generation Succeeds.
2024-01-26 12:15:16,262 - Victim node is 383.
2024-01-26 12:15:16,262 - tensor([1701, 1810, 1986], device='cuda:0')
2024-01-26 12:15:16,262 - Classification Succeeds.
2024-01-26 12:15:16,262 - Link Generation Fails.
2024-01-26 12:15:28,562 - Victim node is 1604.
2024-01-26 12:15:28,562 - tensor([ 306, 1701, 1986], device='cuda:0')
2024-01-26 12:15:28,562 - Classification Succeeds.
2024-01-26 12:15:28,563 - Link Generation Fails.
2024-01-26 12:15:40,779 - Victim node is 2148.
2024-01-26 12:15:40,779 - tensor([2708, 2709, 2710], device='cuda:0')
2024-01-26 12:15:40,779 - Classification Fails.
2024-01-26 12:15:40,779 - Link Generation Succeeds.
2024-01-26 12:15:52,980 - Victim node is 2151.
2024-01-26 12:15:52,980 - tensor([2708, 2709, 2710], device='cuda:0')
2024-01-26 12:15:52,980 - Classification Fails.
2024-01-26 12:15:52,980 - Link Generation Succeeds.
2024-01-26 12:16:05,141 - Victim node is 500.
2024-01-26 12:16:05,141 - tensor([2708, 2709, 2710], device='cuda:0')
2024-01-26 12:16:05,142 - Classification Fails.
2024-01-26 12:16:05,142 - Link Generation Succeeds.
2024-01-26 12:16:17,445 - Victim node is 1443.
2024-01-26 12:16:17,445 - tensor([2708, 2709, 2710], device='cuda:0')
2024-01-26 12:16:17,445 - Classification Fails.
2024-01-26 12:16:17,445 - Link Generation Succeeds.
2024-01-26 12:16:29,955 - Victim node is 1127.
2024-01-26 12:16:29,955 - tensor([ 306, 1358, 1701], device='cuda:0')
2024-01-26 12:16:29,956 - Classification Fails.
2024-01-26 12:16:29,956 - Link Generation Fails.
2024-01-26 12:16:42,345 - Victim node is 2626.
2024-01-26 12:16:42,345 - tensor([2708, 2709, 2710], device='cuda:0')
2024-01-26 12:16:42,345 - Classification Fails.
2024-01-26 12:16:42,345 - Link Generation Succeeds.
2024-01-26 12:16:54,783 - Victim node is 1061.
2024-01-26 12:16:54,783 - tensor([2708, 2709, 2710], device='cuda:0')
2024-01-26 12:16:54,784 - Classification Fails.
2024-01-26 12:16:54,784 - Link Generation Succeeds.
2024-01-26 12:17:07,284 - Victim node is 972.
2024-01-26 12:17:07,284 - tensor([2708, 2709, 2710], device='cuda:0')
2024-01-26 12:17:07,284 - Classification Fails.
2024-01-26 12:17:07,284 - Link Generation Succeeds.
2024-01-26 12:17:19,554 - Victim node is 1023.
2024-01-26 12:17:19,554 - tensor([ 733, 1692, 2034], device='cuda:0')
2024-01-26 12:17:19,554 - Classification Succeeds.
2024-01-26 12:17:19,555 - Link Generation Fails.
2024-01-26 12:17:31,710 - Victim node is 587.
2024-01-26 12:17:31,710 - tensor([2708, 2709, 2710], device='cuda:0')
2024-01-26 12:17:31,710 - Classification Succeeds.
2024-01-26 12:17:31,710 - Link Generation Succeeds.
2024-01-26 12:17:43,955 - Victim node is 2309.
2024-01-26 12:17:43,955 - tensor([ 306, 1701, 1986], device='cuda:0')
2024-01-26 12:17:43,956 - Classification Succeeds.
2024-01-26 12:17:43,956 - Link Generation Fails.
2024-01-26 12:17:56,133 - Victim node is 1673.
2024-01-26 12:17:56,133 - tensor([2708, 2709, 2710], device='cuda:0')
2024-01-26 12:17:56,133 - Classification Fails.
2024-01-26 12:17:56,133 - Link Generation Succeeds.
2024-01-26 12:18:08,305 - Victim node is 1835.
2024-01-26 12:18:08,305 - tensor([2708, 2709, 2710], device='cuda:0')
2024-01-26 12:18:08,305 - Classification Fails.
2024-01-26 12:18:08,305 - Link Generation Succeeds.
2024-01-26 12:18:20,671 - Victim node is 2129.
2024-01-26 12:18:20,672 - tensor([2708, 2710, 2711], device='cuda:0')
2024-01-26 12:18:20,672 - Classification Succeeds.
2024-01-26 12:18:20,672 - Link Generation Succeeds.
2024-01-26 12:18:33,126 - Victim node is 678.
2024-01-26 12:18:33,126 - tensor([2708, 2709, 2710], device='cuda:0')
2024-01-26 12:18:33,127 - Classification Succeeds.
2024-01-26 12:18:33,127 - Link Generation Succeeds.
2024-01-26 12:18:45,574 - Victim node is 191.
2024-01-26 12:18:45,574 - tensor([2708, 2710, 2711], device='cuda:0')
2024-01-26 12:18:45,574 - Classification Fails.
2024-01-26 12:18:45,574 - Link Generation Succeeds.
2024-01-26 12:18:58,316 - Victim node is 1828.
2024-01-26 12:18:58,316 - tensor([2708, 2709, 2710], device='cuda:0')
2024-01-26 12:18:58,316 - Classification Fails.
2024-01-26 12:18:58,316 - Link Generation Succeeds.
2024-01-26 12:19:11,034 - Victim node is 178.
2024-01-26 12:19:11,035 - tensor([ 217,  963, 1119], device='cuda:0')
2024-01-26 12:19:11,035 - Classification Fails.
2024-01-26 12:19:11,035 - Link Generation Fails.
2024-01-26 12:19:23,807 - Victim node is 1287.
2024-01-26 12:19:23,807 - tensor([ 306, 1013, 1441], device='cuda:0')
2024-01-26 12:19:23,807 - Classification Succeeds.
2024-01-26 12:19:23,807 - Link Generation Fails.
2024-01-26 12:19:36,476 - Victim node is 451.
2024-01-26 12:19:36,476 - tensor([1169, 1358, 1483], device='cuda:0')
2024-01-26 12:19:36,477 - Classification Succeeds.
2024-01-26 12:19:36,477 - Link Generation Fails.
2024-01-26 12:19:49,159 - Victim node is 2502.
2024-01-26 12:19:49,159 - tensor([2709, 2710, 2711], device='cuda:0')
2024-01-26 12:19:49,160 - Classification Fails.
2024-01-26 12:19:49,160 - Link Generation Succeeds.
2024-01-26 12:20:01,622 - Victim node is 1114.
2024-01-26 12:20:01,622 - tensor([2708, 2709, 2711], device='cuda:0')
2024-01-26 12:20:01,622 - Classification Fails.
2024-01-26 12:20:01,622 - Link Generation Succeeds.
2024-01-26 12:20:14,198 - Victim node is 2056.
2024-01-26 12:20:14,198 - tensor([1542, 1701, 1986], device='cuda:0')
2024-01-26 12:20:14,199 - Classification Succeeds.
2024-01-26 12:20:14,199 - Link Generation Fails.
2024-01-26 12:20:26,512 - Victim node is 1989.
2024-01-26 12:20:26,512 - tensor([1358, 2708, 2712], device='cuda:0')
2024-01-26 12:20:26,512 - Classification Succeeds.
2024-01-26 12:20:26,512 - Link Generation Succeeds.
2024-01-26 12:20:38,811 - Victim node is 1466.
2024-01-26 12:20:38,812 - tensor([ 306, 1013, 1358], device='cuda:0')
2024-01-26 12:20:38,812 - Classification Succeeds.
2024-01-26 12:20:38,812 - Link Generation Fails.
2024-01-26 12:20:51,249 - Victim node is 1836.
2024-01-26 12:20:51,249 - tensor([2708, 2709, 2710], device='cuda:0')
2024-01-26 12:20:51,249 - Classification Fails.
2024-01-26 12:20:51,249 - Link Generation Succeeds.
2024-01-26 12:21:03,717 - Victim node is 2659.
2024-01-26 12:21:03,717 - tensor([2709, 2710, 2712], device='cuda:0')
2024-01-26 12:21:03,718 - Classification Fails.
2024-01-26 12:21:03,718 - Link Generation Succeeds.
2024-01-26 12:21:16,201 - Victim node is 1761.
2024-01-26 12:21:16,201 - tensor([ 306, 1072, 1623], device='cuda:0')
2024-01-26 12:21:16,201 - Classification Succeeds.
2024-01-26 12:21:16,202 - Link Generation Fails.
2024-01-26 12:21:28,498 - Victim node is 136.
2024-01-26 12:21:28,498 - tensor([ 306, 1358, 1986], device='cuda:0')
2024-01-26 12:21:28,499 - Classification Succeeds.
2024-01-26 12:21:28,499 - Link Generation Fails.
2024-01-26 12:21:40,746 - Victim node is 2055.
2024-01-26 12:21:40,747 - tensor([ 306, 1358, 1986], device='cuda:0')
2024-01-26 12:21:40,747 - Classification Succeeds.
2024-01-26 12:21:40,747 - Link Generation Fails.
2024-01-26 12:21:52,942 - Victim node is 885.
2024-01-26 12:21:52,942 - tensor([2709, 2710, 2712], device='cuda:0')
2024-01-26 12:21:52,942 - Classification Fails.
2024-01-26 12:21:52,942 - Link Generation Succeeds.
2024-01-26 12:22:05,158 - Victim node is 2557.
2024-01-26 12:22:05,158 - tensor([2708, 2709, 2710], device='cuda:0')
2024-01-26 12:22:05,158 - Classification Fails.
2024-01-26 12:22:05,158 - Link Generation Succeeds.
2024-01-26 12:22:17,653 - Victim node is 1205.
2024-01-26 12:22:17,653 - tensor([ 306, 1701, 1986], device='cuda:0')
2024-01-26 12:22:17,654 - Classification Succeeds.
2024-01-26 12:22:17,654 - Link Generation Fails.
2024-01-26 12:22:30,108 - Victim node is 2030.
2024-01-26 12:22:30,109 - tensor([2709, 2711, 2712], device='cuda:0')
2024-01-26 12:22:30,109 - Classification Fails.
2024-01-26 12:22:30,109 - Link Generation Succeeds.
2024-01-26 12:22:42,737 - Victim node is 711.
2024-01-26 12:22:42,737 - tensor([ 306, 1358, 1986], device='cuda:0')
2024-01-26 12:22:42,737 - Classification Fails.
2024-01-26 12:22:42,737 - Link Generation Fails.
2024-01-26 12:22:55,062 - Victim node is 2153.
2024-01-26 12:22:55,062 - tensor([1701, 1914, 1986], device='cuda:0')
2024-01-26 12:22:55,062 - Classification Fails.
2024-01-26 12:22:55,062 - Link Generation Fails.
2024-01-26 12:23:07,339 - Victim node is 2009.
2024-01-26 12:23:07,339 - tensor([ 306, 1701, 2709], device='cuda:0')
2024-01-26 12:23:07,339 - Classification Fails.
2024-01-26 12:23:07,339 - Link Generation Succeeds.
2024-01-26 12:23:19,620 - Victim node is 2195.
2024-01-26 12:23:19,620 - tensor([ 306, 1358, 1701], device='cuda:0')
2024-01-26 12:23:19,620 - Classification Fails.
2024-01-26 12:23:19,620 - Link Generation Fails.
2024-01-26 12:23:31,896 - Victim node is 2570.
2024-01-26 12:23:31,896 - tensor([ 833, 1257, 2001], device='cuda:0')
2024-01-26 12:23:31,896 - Classification Succeeds.
2024-01-26 12:23:31,896 - Link Generation Fails.
2024-01-26 12:23:44,107 - Victim node is 1273.
2024-01-26 12:23:44,107 - tensor([ 429, 1692, 2130], device='cuda:0')
2024-01-26 12:23:44,108 - Classification Succeeds.
2024-01-26 12:23:44,108 - Link Generation Fails.
2024-01-26 12:23:56,403 - Victim node is 75.
2024-01-26 12:23:56,403 - tensor([2708, 2709, 2710], device='cuda:0')
2024-01-26 12:23:56,403 - Classification Succeeds.
2024-01-26 12:23:56,403 - Link Generation Succeeds.
2024-01-26 12:24:08,680 - Victim node is 2124.
2024-01-26 12:24:08,680 - tensor([2708, 2709, 2710], device='cuda:0')
2024-01-26 12:24:08,680 - Classification Succeeds.
2024-01-26 12:24:08,680 - Link Generation Succeeds.
2024-01-26 12:24:21,244 - Victim node is 2699.
2024-01-26 12:24:21,244 - tensor([2708, 2709, 2710], device='cuda:0')
2024-01-26 12:24:21,245 - Classification Succeeds.
2024-01-26 12:24:21,245 - Link Generation Succeeds.
2024-01-26 12:24:33,815 - Victim node is 1728.
2024-01-26 12:24:33,815 - tensor([1692, 2001, 2238], device='cuda:0')
2024-01-26 12:24:33,815 - Classification Succeeds.
2024-01-26 12:24:33,815 - Link Generation Fails.
2024-01-26 12:24:46,553 - Victim node is 1592.
2024-01-26 12:24:46,553 - tensor([ 306, 1358, 1701], device='cuda:0')
2024-01-26 12:24:46,554 - Classification Succeeds.
2024-01-26 12:24:46,554 - Link Generation Fails.
2024-01-26 12:24:59,467 - Victim node is 495.
2024-01-26 12:24:59,467 - tensor([2708, 2709, 2710], device='cuda:0')
2024-01-26 12:24:59,467 - Classification Fails.
2024-01-26 12:24:59,467 - Link Generation Succeeds.
2024-01-26 12:25:12,311 - Victim node is 1150.
2024-01-26 12:25:12,311 - tensor([ 306, 1013, 1358], device='cuda:0')
2024-01-26 12:25:12,311 - Classification Succeeds.
2024-01-26 12:25:12,311 - Link Generation Fails.
2024-01-26 12:25:25,058 - Victim node is 1860.
2024-01-26 12:25:25,058 - tensor([ 306, 1358, 1986], device='cuda:0')
2024-01-26 12:25:25,058 - Classification Succeeds.
2024-01-26 12:25:25,060 - Link Generation Fails.
2024-01-26 12:25:37,677 - Victim node is 2585.
2024-01-26 12:25:37,677 - tensor([ 306, 1358, 1986], device='cuda:0')
2024-01-26 12:25:37,677 - Classification Succeeds.
2024-01-26 12:25:37,677 - Link Generation Fails.
2024-01-26 12:25:50,203 - Victim node is 2615.
2024-01-26 12:25:50,203 - tensor([1692, 2034, 2708], device='cuda:0')
2024-01-26 12:25:50,204 - Classification Succeeds.
2024-01-26 12:25:50,204 - Link Generation Succeeds.
2024-01-26 12:26:02,864 - Victim node is 87.
2024-01-26 12:26:02,866 - tensor([ 306, 1358, 1623], device='cuda:0')
2024-01-26 12:26:02,866 - Classification Succeeds.
2024-01-26 12:26:02,866 - Link Generation Fails.
2024-01-26 12:26:15,475 - Victim node is 2239.
2024-01-26 12:26:15,475 - tensor([2708, 2709, 2710], device='cuda:0')
2024-01-26 12:26:15,475 - Classification Fails.
2024-01-26 12:26:15,475 - Link Generation Succeeds.
2024-01-26 12:26:27,824 - Victim node is 1788.
2024-01-26 12:26:27,824 - tensor([ 306, 1358, 1986], device='cuda:0')
2024-01-26 12:26:27,825 - Classification Succeeds.
2024-01-26 12:26:27,825 - Link Generation Fails.
2024-01-26 12:26:40,125 - Victim node is 387.
2024-01-26 12:26:40,125 - tensor([ 598, 1701, 1986], device='cuda:0')
2024-01-26 12:26:40,126 - Classification Succeeds.
2024-01-26 12:26:40,126 - Link Generation Fails.
2024-01-26 12:26:52,495 - Victim node is 1911.
2024-01-26 12:26:52,495 - tensor([ 306, 1358, 1986], device='cuda:0')
2024-01-26 12:26:52,496 - Classification Fails.
2024-01-26 12:26:52,496 - Link Generation Fails.
2024-01-26 12:27:04,902 - Victim node is 1771.
2024-01-26 12:27:04,902 - tensor([1169, 1358, 1914], device='cuda:0')
2024-01-26 12:27:04,902 - Classification Succeeds.
2024-01-26 12:27:04,902 - Link Generation Fails.
2024-01-26 12:27:17,168 - Victim node is 2640.
2024-01-26 12:27:17,168 - tensor([2708, 2709, 2710], device='cuda:0')
2024-01-26 12:27:17,169 - Classification Fails.
2024-01-26 12:27:17,169 - Link Generation Succeeds.
2024-01-26 12:27:29,506 - Victim node is 790.
2024-01-26 12:27:29,506 - tensor([ 733,  963, 2034], device='cuda:0')
2024-01-26 12:27:29,506 - Classification Fails.
2024-01-26 12:27:29,506 - Link Generation Fails.
2024-01-26 12:27:41,729 - Victim node is 1339.
2024-01-26 12:27:41,729 - tensor([2709, 2710, 2712], device='cuda:0')
2024-01-26 12:27:41,730 - Classification Fails.
2024-01-26 12:27:41,730 - Link Generation Succeeds.
2024-01-26 12:27:53,986 - Victim node is 398.
2024-01-26 12:27:53,987 - tensor([1013, 1358, 1914], device='cuda:0')
2024-01-26 12:27:53,987 - Classification Fails.
2024-01-26 12:27:53,987 - Link Generation Fails.
2024-01-26 12:28:06,423 - Victim node is 1758.
2024-01-26 12:28:06,423 - tensor([ 306, 1013, 1623], device='cuda:0')
2024-01-26 12:28:06,423 - Classification Succeeds.
2024-01-26 12:28:06,424 - Link Generation Fails.
2024-01-26 12:28:18,735 - Victim node is 2693.
2024-01-26 12:28:18,736 - tensor([2708, 2709, 2710], device='cuda:0')
2024-01-26 12:28:18,736 - Classification Fails.
2024-01-26 12:28:18,736 - Link Generation Succeeds.
2024-01-26 12:28:31,110 - Victim node is 332.
2024-01-26 12:28:31,110 - tensor([1542, 1701, 1986], device='cuda:0')
2024-01-26 12:28:31,110 - Classification Fails.
2024-01-26 12:28:31,110 - Link Generation Fails.
2024-01-26 12:28:43,605 - Victim node is 1753.
2024-01-26 12:28:43,605 - tensor([ 306, 2711, 2712], device='cuda:0')
2024-01-26 12:28:43,605 - Classification Fails.
2024-01-26 12:28:43,605 - Link Generation Succeeds.
2024-01-26 12:28:56,057 - Victim node is 2243.
2024-01-26 12:28:56,057 - tensor([2708, 2709, 2712], device='cuda:0')
2024-01-26 12:28:56,057 - Classification Fails.
2024-01-26 12:28:56,058 - Link Generation Succeeds.
2024-01-26 12:29:08,380 - Victim node is 206.
2024-01-26 12:29:08,380 - tensor([ 306, 1358, 1701], device='cuda:0')
2024-01-26 12:29:08,380 - Classification Succeeds.
2024-01-26 12:29:08,381 - Link Generation Fails.
2024-01-26 12:29:20,675 - Victim node is 2575.
2024-01-26 12:29:20,675 - tensor([ 306, 1358, 1623], device='cuda:0')
2024-01-26 12:29:20,676 - Classification Fails.
2024-01-26 12:29:20,676 - Link Generation Fails.
2024-01-26 12:29:32,881 - Victim node is 1852.
2024-01-26 12:29:32,881 - tensor([ 306, 1358, 1986], device='cuda:0')
2024-01-26 12:29:32,881 - Classification Fails.
2024-01-26 12:29:32,881 - Link Generation Fails.
2024-01-26 12:29:45,089 - Victim node is 2061.
2024-01-26 12:29:45,089 - tensor([2708, 2709, 2710], device='cuda:0')
2024-01-26 12:29:45,089 - Classification Fails.
2024-01-26 12:29:45,089 - Link Generation Succeeds.
2024-01-26 12:29:57,436 - Victim node is 2260.
2024-01-26 12:29:57,436 - tensor([2708, 2709, 2710], device='cuda:0')
2024-01-26 12:29:57,437 - Classification Fails.
2024-01-26 12:29:57,437 - Link Generation Succeeds.
2024-01-26 12:30:09,598 - Victim node is 433.
2024-01-26 12:30:09,598 - tensor([2708, 2709, 2710], device='cuda:0')
2024-01-26 12:30:09,599 - Classification Fails.
2024-01-26 12:30:09,599 - Link Generation Succeeds.
2024-01-26 12:30:22,009 - Victim node is 2257.
2024-01-26 12:30:22,010 - tensor([  12, 1257, 2248], device='cuda:0')
2024-01-26 12:30:22,010 - Classification Fails.
2024-01-26 12:30:22,010 - Link Generation Fails.
2024-01-26 12:30:34,563 - Victim node is 1981.
2024-01-26 12:30:34,563 - tensor([ 306, 1914, 1986], device='cuda:0')
2024-01-26 12:30:34,564 - Classification Succeeds.
2024-01-26 12:30:34,564 - Link Generation Fails.
2024-01-26 12:30:47,004 - Victim node is 337.
2024-01-26 12:30:47,004 - tensor([1169, 1483, 2709], device='cuda:0')
2024-01-26 12:30:47,004 - Classification Succeeds.
2024-01-26 12:30:47,004 - Link Generation Succeeds.
2024-01-26 12:30:59,653 - Victim node is 569.
2024-01-26 12:30:59,653 - tensor([2708, 2709, 2710], device='cuda:0')
2024-01-26 12:30:59,653 - Classification Succeeds.
2024-01-26 12:30:59,653 - Link Generation Succeeds.
2024-01-26 12:31:12,440 - Victim node is 712.
2024-01-26 12:31:12,440 - tensor([ 306, 1358, 1986], device='cuda:0')
2024-01-26 12:31:12,440 - Classification Succeeds.
2024-01-26 12:31:12,440 - Link Generation Fails.
2024-01-26 12:31:25,161 - Victim node is 832.
2024-01-26 12:31:25,161 - tensor([2708, 2709, 2710], device='cuda:0')
2024-01-26 12:31:25,162 - Classification Fails.
2024-01-26 12:31:25,162 - Link Generation Succeeds.
2024-01-26 12:31:37,751 - Victim node is 268.
2024-01-26 12:31:37,751 - tensor([ 306, 1358, 1914], device='cuda:0')
2024-01-26 12:31:37,752 - Classification Succeeds.
2024-01-26 12:31:37,752 - Link Generation Fails.
2024-01-26 12:31:50,278 - Victim node is 319.
2024-01-26 12:31:50,278 - tensor([2708, 2710, 2711], device='cuda:0')
2024-01-26 12:31:50,278 - Classification Fails.
2024-01-26 12:31:50,279 - Link Generation Succeeds.
2024-01-26 12:32:02,643 - Victim node is 195.
2024-01-26 12:32:02,643 - tensor([ 963, 1257, 1692], device='cuda:0')
2024-01-26 12:32:02,643 - Classification Succeeds.
2024-01-26 12:32:02,643 - Link Generation Fails.
2024-01-26 12:32:15,011 - Victim node is 2242.
2024-01-26 12:32:15,011 - tensor([2708, 2709, 2710], device='cuda:0')
2024-01-26 12:32:15,011 - Classification Fails.
2024-01-26 12:32:15,011 - Link Generation Succeeds.
2024-01-26 12:32:27,395 - Victim node is 531.
2024-01-26 12:32:27,395 - tensor([2708, 2709, 2712], device='cuda:0')
2024-01-26 12:32:27,395 - Classification Fails.
2024-01-26 12:32:27,395 - Link Generation Succeeds.
2024-01-26 12:32:39,764 - Victim node is 1197.
2024-01-26 12:32:39,764 - tensor([ 733, 1810, 2034], device='cuda:0')
2024-01-26 12:32:39,764 - Classification Fails.
2024-01-26 12:32:39,764 - Link Generation Fails.
2024-01-26 12:32:52,096 - Victim node is 957.
2024-01-26 12:32:52,096 - tensor([ 306, 2710, 2711], device='cuda:0')
2024-01-26 12:32:52,096 - Classification Fails.
2024-01-26 12:32:52,096 - Link Generation Succeeds.
2024-01-26 12:33:04,501 - Victim node is 2425.
2024-01-26 12:33:04,501 - tensor([2708, 2711, 2712], device='cuda:0')
2024-01-26 12:33:04,501 - Classification Fails.
2024-01-26 12:33:04,501 - Link Generation Succeeds.
2024-01-26 12:33:16,890 - Victim node is 336.
2024-01-26 12:33:16,890 - tensor([1701, 1986, 2710], device='cuda:0')
2024-01-26 12:33:16,891 - Classification Fails.
2024-01-26 12:33:16,891 - Link Generation Succeeds.
2024-01-26 12:33:29,226 - Victim node is 653.
2024-01-26 12:33:29,226 - tensor([ 306, 1358, 1986], device='cuda:0')
2024-01-26 12:33:29,226 - Classification Succeeds.
2024-01-26 12:33:29,227 - Link Generation Fails.
2024-01-26 12:33:41,615 - Victim node is 30.
2024-01-26 12:33:41,615 - tensor([ 306, 1701, 1986], device='cuda:0')
2024-01-26 12:33:41,616 - Classification Succeeds.
2024-01-26 12:33:41,616 - Link Generation Fails.
2024-01-26 12:33:53,910 - Victim node is 1136.
2024-01-26 12:33:53,910 - tensor([1169, 1358, 1483], device='cuda:0')
2024-01-26 12:33:53,910 - Classification Succeeds.
2024-01-26 12:33:53,910 - Link Generation Fails.
2024-01-26 12:34:06,133 - Victim node is 2042.
2024-01-26 12:34:06,133 - tensor([2709, 2710, 2711], device='cuda:0')
2024-01-26 12:34:06,133 - Classification Succeeds.
2024-01-26 12:34:06,134 - Link Generation Succeeds.
2024-01-26 12:34:18,498 - Victim node is 321.
2024-01-26 12:34:18,498 - tensor([2708, 2709, 2710], device='cuda:0')
2024-01-26 12:34:18,498 - Classification Fails.
2024-01-26 12:34:18,498 - Link Generation Succeeds.
2024-01-26 12:34:30,918 - Victim node is 2264.
2024-01-26 12:34:30,918 - tensor([  12, 1257, 2539], device='cuda:0')
2024-01-26 12:34:30,918 - Classification Succeeds.
2024-01-26 12:34:30,918 - Link Generation Fails.
2024-01-26 12:34:43,316 - Victim node is 728.
2024-01-26 12:34:43,316 - tensor([2708, 2709, 2710], device='cuda:0')
2024-01-26 12:34:43,316 - Classification Succeeds.
2024-01-26 12:34:43,317 - Link Generation Succeeds.
2024-01-26 12:34:55,657 - Victim node is 1104.
2024-01-26 12:34:55,657 - tensor([2708, 2709, 2712], device='cuda:0')
2024-01-26 12:34:55,657 - Classification Fails.
2024-01-26 12:34:55,657 - Link Generation Succeeds.
2024-01-26 12:35:08,062 - Victim node is 327.
2024-01-26 12:35:08,062 - tensor([2708, 2709, 2710], device='cuda:0')
2024-01-26 12:35:08,062 - Classification Fails.
2024-01-26 12:35:08,062 - Link Generation Succeeds.
2024-01-26 12:35:20,305 - Victim node is 1318.
2024-01-26 12:35:20,305 - tensor([2708, 2709, 2710], device='cuda:0')
2024-01-26 12:35:20,306 - Classification Fails.
2024-01-26 12:35:20,306 - Link Generation Succeeds.
2024-01-26 12:35:32,616 - Victim node is 1844.
2024-01-26 12:35:32,616 - tensor([2708, 2709, 2712], device='cuda:0')
2024-01-26 12:35:32,616 - Classification Fails.
2024-01-26 12:35:32,616 - Link Generation Succeeds.
2024-01-26 12:35:44,846 - Victim node is 998.
2024-01-26 12:35:44,846 - tensor([ 306, 1358, 1986], device='cuda:0')
2024-01-26 12:35:44,846 - Classification Succeeds.
2024-01-26 12:35:44,846 - Link Generation Fails.
2024-01-26 12:35:57,191 - Victim node is 1484.
2024-01-26 12:35:57,192 - tensor([2708, 2709, 2710], device='cuda:0')
2024-01-26 12:35:57,192 - Classification Fails.
2024-01-26 12:35:57,192 - Link Generation Succeeds.
2024-01-26 12:36:09,608 - Victim node is 891.
2024-01-26 12:36:09,609 - tensor([ 306, 1358, 1623], device='cuda:0')
2024-01-26 12:36:09,609 - Classification Succeeds.
2024-01-26 12:36:09,609 - Link Generation Fails.
2024-01-26 12:36:21,976 - Victim node is 1172.
2024-01-26 12:36:21,977 - tensor([1358, 2709, 2712], device='cuda:0')
2024-01-26 12:36:21,977 - Classification Succeeds.
2024-01-26 12:36:21,977 - Link Generation Succeeds.
2024-01-26 12:36:34,372 - Victim node is 473.
2024-01-26 12:36:34,372 - tensor([2708, 2709, 2710], device='cuda:0')
2024-01-26 12:36:34,372 - Classification Succeeds.
2024-01-26 12:36:34,373 - Link Generation Succeeds.
2024-01-26 12:36:46,872 - Victim node is 435.
2024-01-26 12:36:46,872 - tensor([1701, 1810, 1986], device='cuda:0')
2024-01-26 12:36:46,872 - Classification Fails.
2024-01-26 12:36:46,872 - Link Generation Fails.
2024-01-26 12:36:59,643 - Victim node is 1354.
2024-01-26 12:36:59,643 - tensor([2708, 2709, 2710], device='cuda:0')
2024-01-26 12:36:59,643 - Classification Fails.
2024-01-26 12:36:59,643 - Link Generation Succeeds.
2024-01-26 12:37:12,389 - Victim node is 299.
2024-01-26 12:37:12,389 - tensor([2708, 2709, 2710], device='cuda:0')
2024-01-26 12:37:12,390 - Classification Fails.
2024-01-26 12:37:12,390 - Link Generation Succeeds.
2024-01-26 12:37:25,052 - Victim node is 1627.
2024-01-26 12:37:25,052 - tensor([ 306, 1169, 1358], device='cuda:0')
2024-01-26 12:37:25,053 - Classification Succeeds.
2024-01-26 12:37:25,053 - Link Generation Fails.
2024-01-26 12:37:37,791 - Victim node is 1323.
2024-01-26 12:37:37,791 - tensor([1119, 1608, 2124], device='cuda:0')
2024-01-26 12:37:37,791 - Classification Succeeds.
2024-01-26 12:37:37,791 - Link Generation Fails.
2024-01-26 12:37:50,331 - Victim node is 1515.
2024-01-26 12:37:50,331 - tensor([ 306, 1701, 1986], device='cuda:0')
2024-01-26 12:37:50,331 - Classification Succeeds.
2024-01-26 12:37:50,331 - Link Generation Fails.
2024-01-26 12:38:02,804 - Victim node is 2342.
2024-01-26 12:38:02,805 - tensor([2708, 2709, 2712], device='cuda:0')
2024-01-26 12:38:02,805 - Classification Succeeds.
2024-01-26 12:38:02,805 - Link Generation Succeeds.
2024-01-26 12:38:15,359 - Victim node is 1482.
2024-01-26 12:38:15,359 - tensor([ 306, 1358, 2710], device='cuda:0')
2024-01-26 12:38:15,360 - Classification Fails.
2024-01-26 12:38:15,360 - Link Generation Succeeds.
2024-01-26 12:38:27,680 - Victim node is 543.
2024-01-26 12:38:27,680 - tensor([2708, 2709, 2710], device='cuda:0')
2024-01-26 12:38:27,680 - Classification Fails.
2024-01-26 12:38:27,680 - Link Generation Succeeds.
2024-01-26 12:38:40,129 - Victim node is 12.
2024-01-26 12:38:40,129 - tensor([2708, 2709, 2710], device='cuda:0')
2024-01-26 12:38:40,129 - Classification Succeeds.
2024-01-26 12:38:40,130 - Link Generation Succeeds.
2024-01-26 12:38:52,582 - Victim node is 1025.
2024-01-26 12:38:52,582 - tensor([ 306, 1358, 1986], device='cuda:0')
2024-01-26 12:38:52,583 - Classification Fails.
2024-01-26 12:38:52,583 - Link Generation Fails.
2024-01-26 12:39:04,883 - Victim node is 2698.
2024-01-26 12:39:04,883 - tensor([2708, 2709, 2710], device='cuda:0')
2024-01-26 12:39:04,883 - Classification Fails.
2024-01-26 12:39:04,883 - Link Generation Succeeds.
2024-01-26 12:39:17,335 - Victim node is 236.
2024-01-26 12:39:17,335 - tensor([1358, 1701, 1986], device='cuda:0')
2024-01-26 12:39:17,335 - Classification Succeeds.
2024-01-26 12:39:17,335 - Link Generation Fails.
2024-01-26 12:39:29,792 - Victim node is 895.
2024-01-26 12:39:29,792 - tensor([2708, 2710, 2711], device='cuda:0')
2024-01-26 12:39:29,793 - Classification Fails.
2024-01-26 12:39:29,793 - Link Generation Succeeds.
2024-01-26 12:39:42,089 - Victim node is 644.
2024-01-26 12:39:42,089 - tensor([1358, 1914, 2708], device='cuda:0')
2024-01-26 12:39:42,089 - Classification Fails.
2024-01-26 12:39:42,090 - Link Generation Succeeds.
2024-01-26 12:39:54,287 - Victim node is 290.
2024-01-26 12:39:54,287 - tensor([ 306, 1072, 1358], device='cuda:0')
2024-01-26 12:39:54,288 - Classification Succeeds.
2024-01-26 12:39:54,288 - Link Generation Fails.
2024-01-26 12:40:06,486 - Victim node is 393.
2024-01-26 12:40:06,486 - tensor([2708, 2709, 2710], device='cuda:0')
2024-01-26 12:40:06,487 - Classification Fails.
2024-01-26 12:40:06,487 - Link Generation Succeeds.
2024-01-26 12:40:18,856 - Victim node is 2137.
2024-01-26 12:40:18,856 - tensor([  88, 1701, 1986], device='cuda:0')
2024-01-26 12:40:18,857 - Classification Fails.
2024-01-26 12:40:18,857 - Link Generation Fails.
2024-01-26 12:40:31,356 - Victim node is 2168.
2024-01-26 12:40:31,356 - tensor([ 306, 1358, 2712], device='cuda:0')
2024-01-26 12:40:31,356 - Classification Fails.
2024-01-26 12:40:31,356 - Link Generation Succeeds.
2024-01-26 12:40:43,874 - Victim node is 344.
2024-01-26 12:40:43,874 - tensor([2708, 2709, 2710], device='cuda:0')
2024-01-26 12:40:43,875 - Classification Fails.
2024-01-26 12:40:43,875 - Link Generation Succeeds.
2024-01-26 12:40:56,289 - Victim node is 1611.
2024-01-26 12:40:56,289 - tensor([2708, 2709, 2710], device='cuda:0')
2024-01-26 12:40:56,289 - Classification Fails.
2024-01-26 12:40:56,289 - Link Generation Succeeds.
2024-01-26 12:41:08,655 - Victim node is 2450.
2024-01-26 12:41:08,655 - tensor([1358, 2708, 2709], device='cuda:0')
2024-01-26 12:41:08,655 - Classification Fails.
2024-01-26 12:41:08,656 - Link Generation Succeeds.
2024-01-26 12:41:21,137 - Victim node is 41.
2024-01-26 12:41:21,138 - tensor([ 306, 1358, 1623], device='cuda:0')
2024-01-26 12:41:21,138 - Classification Succeeds.
2024-01-26 12:41:21,138 - Link Generation Fails.
2024-01-26 12:41:33,372 - Victim node is 1436.
2024-01-26 12:41:33,372 - tensor([1692, 2034, 2712], device='cuda:0')
2024-01-26 12:41:33,372 - Classification Fails.
2024-01-26 12:41:33,372 - Link Generation Succeeds.
2024-01-26 12:41:45,650 - Victim node is 1510.
2024-01-26 12:41:45,650 - tensor([2708, 2709, 2710], device='cuda:0')
2024-01-26 12:41:45,650 - Classification Succeeds.
2024-01-26 12:41:45,650 - Link Generation Succeeds.
2024-01-26 12:41:57,869 - Victim node is 2275.
2024-01-26 12:41:57,869 - tensor([ 963, 1257, 2709], device='cuda:0')
2024-01-26 12:41:57,870 - Classification Fails.
2024-01-26 12:41:57,870 - Link Generation Succeeds.
2024-01-26 12:42:10,200 - Victim node is 217.
2024-01-26 12:42:10,200 - tensor([2708, 2709, 2710], device='cuda:0')
2024-01-26 12:42:10,201 - Classification Fails.
2024-01-26 12:42:10,201 - Link Generation Succeeds.
2024-01-26 12:42:22,613 - Victim node is 1332.
2024-01-26 12:42:22,613 - tensor([2708, 2709, 2712], device='cuda:0')
2024-01-26 12:42:22,613 - Classification Succeeds.
2024-01-26 12:42:22,613 - Link Generation Succeeds.
2024-01-26 12:42:35,131 - Victim node is 1818.
2024-01-26 12:42:35,131 - tensor([2708, 2709, 2710], device='cuda:0')
2024-01-26 12:42:35,131 - Classification Fails.
2024-01-26 12:42:35,131 - Link Generation Succeeds.
2024-01-26 12:42:47,647 - Victim node is 976.
2024-01-26 12:42:47,647 - tensor([2708, 2709, 2710], device='cuda:0')
2024-01-26 12:42:47,647 - Classification Fails.
2024-01-26 12:42:47,647 - Link Generation Succeeds.
2024-01-26 12:43:00,495 - Victim node is 2140.
2024-01-26 12:43:00,495 - tensor([ 963, 1257, 1966], device='cuda:0')
2024-01-26 12:43:00,495 - Classification Succeeds.
2024-01-26 12:43:00,495 - Link Generation Fails.
2024-01-26 12:43:13,237 - Victim node is 446.
2024-01-26 12:43:13,238 - tensor([1013, 1224, 1914], device='cuda:0')
2024-01-26 12:43:13,238 - Classification Fails.
2024-01-26 12:43:13,238 - Link Generation Fails.
2024-01-26 12:43:25,956 - Victim node is 705.
2024-01-26 12:43:25,956 - tensor([1692, 2001, 2034], device='cuda:0')
2024-01-26 12:43:25,956 - Classification Succeeds.
2024-01-26 12:43:25,956 - Link Generation Fails.
2024-01-26 12:43:38,602 - Victim node is 2127.
2024-01-26 12:43:38,602 - tensor([2708, 2709, 2710], device='cuda:0')
2024-01-26 12:43:38,603 - Classification Fails.
2024-01-26 12:43:38,603 - Link Generation Succeeds.
2024-01-26 12:43:51,180 - Victim node is 1832.
2024-01-26 12:43:51,180 - tensor([2708, 2709, 2710], device='cuda:0')
2024-01-26 12:43:51,180 - Classification Fails.
2024-01-26 12:43:51,180 - Link Generation Succeeds.
2024-01-26 12:44:03,613 - Victim node is 151.
2024-01-26 12:44:03,613 - tensor([ 963, 1692, 2671], device='cuda:0')
2024-01-26 12:44:03,613 - Classification Succeeds.
2024-01-26 12:44:03,613 - Link Generation Fails.
2024-01-26 12:44:16,018 - Victim node is 523.
2024-01-26 12:44:16,018 - tensor([2708, 2709, 2710], device='cuda:0')
2024-01-26 12:44:16,018 - Classification Fails.
2024-01-26 12:44:16,018 - Link Generation Succeeds.
2024-01-26 12:44:28,433 - Victim node is 2679.
2024-01-26 12:44:28,433 - tensor([2708, 2709, 2710], device='cuda:0')
2024-01-26 12:44:28,433 - Classification Fails.
2024-01-26 12:44:28,433 - Link Generation Succeeds.
2024-01-26 12:44:40,712 - Victim node is 395.
2024-01-26 12:44:40,712 - tensor([2708, 2709, 2710], device='cuda:0')
2024-01-26 12:44:40,713 - Classification Succeeds.
2024-01-26 12:44:40,713 - Link Generation Succeeds.
2024-01-26 12:44:53,047 - Victim node is 897.
2024-01-26 12:44:53,047 - tensor([1542, 1701, 1986], device='cuda:0')
2024-01-26 12:44:53,047 - Classification Succeeds.
2024-01-26 12:44:53,047 - Link Generation Fails.
2024-01-26 12:45:05,552 - Victim node is 1622.
2024-01-26 12:45:05,552 - tensor([ 306, 1358, 1986], device='cuda:0')
2024-01-26 12:45:05,552 - Classification Fails.
2024-01-26 12:45:05,552 - Link Generation Fails.
2024-01-26 12:45:17,887 - Victim node is 9.
2024-01-26 12:45:17,887 - tensor([ 306, 1358, 1701], device='cuda:0')
2024-01-26 12:45:17,887 - Classification Succeeds.
2024-01-26 12:45:17,888 - Link Generation Fails.
2024-01-26 12:45:30,167 - Victim node is 2269.
2024-01-26 12:45:30,167 - tensor([2708, 2709, 2710], device='cuda:0')
2024-01-26 12:45:30,167 - Classification Fails.
2024-01-26 12:45:30,168 - Link Generation Succeeds.
2024-01-26 12:45:42,499 - Victim node is 913.
2024-01-26 12:45:42,499 - tensor([ 735, 1903, 1955], device='cuda:0')
2024-01-26 12:45:42,499 - Classification Succeeds.
2024-01-26 12:45:42,500 - Link Generation Fails.
2024-01-26 12:45:54,738 - Victim node is 110.
2024-01-26 12:45:54,738 - tensor([ 306, 1358, 2708], device='cuda:0')
2024-01-26 12:45:54,738 - Classification Succeeds.
2024-01-26 12:45:54,738 - Link Generation Succeeds.
2024-01-26 12:46:07,046 - Victim node is 1027.
2024-01-26 12:46:07,046 - tensor([ 306, 1358, 1701], device='cuda:0')
2024-01-26 12:46:07,046 - Classification Fails.
2024-01-26 12:46:07,046 - Link Generation Fails.
2024-01-26 12:46:19,553 - Victim node is 1212.
2024-01-26 12:46:19,553 - tensor([ 306, 1358, 1986], device='cuda:0')
2024-01-26 12:46:19,553 - Classification Fails.
2024-01-26 12:46:19,554 - Link Generation Fails.
2024-01-26 12:46:31,918 - Victim node is 923.
2024-01-26 12:46:31,918 - tensor([2708, 2709, 2711], device='cuda:0')
2024-01-26 12:46:31,918 - Classification Fails.
2024-01-26 12:46:31,918 - Link Generation Succeeds.
2024-01-26 12:46:44,391 - Victim node is 578.
2024-01-26 12:46:44,391 - tensor([ 306, 1358, 1986], device='cuda:0')
2024-01-26 12:46:44,391 - Classification Fails.
2024-01-26 12:46:44,391 - Link Generation Fails.
2024-01-26 12:46:56,954 - Victim node is 1937.
2024-01-26 12:46:56,954 - tensor([ 306, 1013, 1914], device='cuda:0')
2024-01-26 12:46:56,955 - Classification Fails.
2024-01-26 12:46:56,955 - Link Generation Fails.
2024-01-26 12:47:09,464 - Victim node is 2666.
2024-01-26 12:47:09,465 - tensor([2708, 2709, 2710], device='cuda:0')
2024-01-26 12:47:09,465 - Classification Fails.
2024-01-26 12:47:09,465 - Link Generation Succeeds.
2024-01-26 12:47:21,727 - Victim node is 1463.
2024-01-26 12:47:21,727 - tensor([ 306, 1358, 2710], device='cuda:0')
2024-01-26 12:47:21,727 - Classification Fails.
2024-01-26 12:47:21,727 - Link Generation Succeeds.
2024-01-26 12:47:33,932 - Victim node is 271.
2024-01-26 12:47:33,932 - tensor([2708, 2710, 2711], device='cuda:0')
2024-01-26 12:47:33,932 - Classification Succeeds.
2024-01-26 12:47:33,933 - Link Generation Succeeds.
2024-01-26 12:47:46,158 - Victim node is 987.
2024-01-26 12:47:46,158 - tensor([2708, 2709, 2710], device='cuda:0')
2024-01-26 12:47:46,158 - Classification Fails.
2024-01-26 12:47:46,158 - Link Generation Succeeds.
2024-01-26 12:47:58,431 - Victim node is 244.
2024-01-26 12:47:58,431 - tensor([ 306, 1013, 2711], device='cuda:0')
2024-01-26 12:47:58,431 - Classification Fails.
2024-01-26 12:47:58,431 - Link Generation Succeeds.
2024-01-26 12:48:10,811 - Victim node is 1935.
2024-01-26 12:48:10,811 - tensor([1701, 1950, 2034], device='cuda:0')
2024-01-26 12:48:10,811 - Classification Succeeds.
2024-01-26 12:48:10,811 - Link Generation Fails.
2024-01-26 12:48:23,207 - Victim node is 2226.
2024-01-26 12:48:23,207 - tensor([2708, 2710, 2711], device='cuda:0')
2024-01-26 12:48:23,207 - Classification Fails.
2024-01-26 12:48:23,207 - Link Generation Succeeds.
2024-01-26 12:48:35,638 - Victim node is 1623.
2024-01-26 12:48:35,638 - tensor([ 306, 1358, 1986], device='cuda:0')
2024-01-26 12:48:35,639 - Classification Succeeds.
2024-01-26 12:48:35,639 - Link Generation Fails.
2024-01-26 12:48:48,185 - Victim node is 2625.
2024-01-26 12:48:48,185 - tensor([ 963, 1257, 2248], device='cuda:0')
2024-01-26 12:48:48,185 - Classification Fails.
2024-01-26 12:48:48,186 - Link Generation Fails.
2024-01-26 12:49:00,915 - Victim node is 1032.
2024-01-26 12:49:00,915 - tensor([ 444, 1579, 1647], device='cuda:0')
2024-01-26 12:49:00,915 - Classification Succeeds.
2024-01-26 12:49:00,915 - Link Generation Fails.
2024-01-26 12:49:13,522 - Victim node is 278.
2024-01-26 12:49:13,523 - tensor([ 963, 1257, 2671], device='cuda:0')
2024-01-26 12:49:13,523 - Classification Fails.
2024-01-26 12:49:13,523 - Link Generation Fails.
2024-01-26 12:49:26,046 - Victim node is 1455.
2024-01-26 12:49:26,046 - tensor([2708, 2709, 2711], device='cuda:0')
2024-01-26 12:49:26,046 - Classification Fails.
2024-01-26 12:49:26,046 - Link Generation Succeeds.
2024-01-26 12:49:38,400 - Victim node is 1922.
2024-01-26 12:49:38,400 - tensor([ 306, 1358, 1914], device='cuda:0')
2024-01-26 12:49:38,401 - Classification Succeeds.
2024-01-26 12:49:38,401 - Link Generation Fails.
2024-01-26 12:49:50,824 - Victim node is 1278.
2024-01-26 12:49:50,824 - tensor([ 963, 1257, 1692], device='cuda:0')
2024-01-26 12:49:50,824 - Classification Fails.
2024-01-26 12:49:50,825 - Link Generation Fails.
2024-01-26 12:50:03,540 - Victim node is 1344.
2024-01-26 12:50:03,540 - tensor([  88, 1013, 1914], device='cuda:0')
2024-01-26 12:50:03,540 - Classification Succeeds.
2024-01-26 12:50:03,540 - Link Generation Fails.
2024-01-26 12:50:16,053 - Victim node is 1533.
2024-01-26 12:50:16,054 - tensor([2708, 2709, 2710], device='cuda:0')
2024-01-26 12:50:16,054 - Classification Fails.
2024-01-26 12:50:16,054 - Link Generation Succeeds.
2024-01-26 12:50:28,314 - Victim node is 1546.
2024-01-26 12:50:28,314 - tensor([1013, 1169, 1914], device='cuda:0')
2024-01-26 12:50:28,314 - Classification Succeeds.
2024-01-26 12:50:28,314 - Link Generation Fails.
2024-01-26 12:50:40,666 - Victim node is 1563.
2024-01-26 12:50:40,666 - tensor([1542, 1701, 2710], device='cuda:0')
2024-01-26 12:50:40,666 - Classification Fails.
2024-01-26 12:50:40,666 - Link Generation Succeeds.
2024-01-26 12:50:53,105 - Victim node is 1210.
2024-01-26 12:50:53,105 - tensor([  67,  739, 2709], device='cuda:0')
2024-01-26 12:50:53,105 - Classification Fails.
2024-01-26 12:50:53,105 - Link Generation Succeeds.
2024-01-26 12:51:05,670 - Victim node is 247.
2024-01-26 12:51:05,671 - tensor([2708, 2709, 2710], device='cuda:0')
2024-01-26 12:51:05,671 - Classification Fails.
2024-01-26 12:51:05,671 - Link Generation Succeeds.
2024-01-26 12:51:18,062 - Victim node is 914.
2024-01-26 12:51:18,062 - tensor([2034, 2708, 2712], device='cuda:0')
2024-01-26 12:51:18,062 - Classification Fails.
2024-01-26 12:51:18,062 - Link Generation Succeeds.
2024-01-26 12:51:30,202 - Victim node is 868.
2024-01-26 12:51:30,202 - tensor([ 306, 1358, 1623], device='cuda:0')
2024-01-26 12:51:30,202 - Classification Fails.
2024-01-26 12:51:30,202 - Link Generation Fails.
2024-01-26 12:51:42,429 - Victim node is 2399.
2024-01-26 12:51:42,429 - tensor([2708, 2709, 2710], device='cuda:0')
2024-01-26 12:51:42,429 - Classification Fails.
2024-01-26 12:51:42,429 - Link Generation Succeeds.
2024-01-26 12:51:54,676 - Victim node is 181.
2024-01-26 12:51:54,676 - tensor([  88, 1914, 2394], device='cuda:0')
2024-01-26 12:51:54,676 - Classification Succeeds.
2024-01-26 12:51:54,676 - Link Generation Fails.
2024-01-26 12:52:06,796 - Victim node is 2314.
2024-01-26 12:52:06,796 - tensor([1358, 1701, 1986], device='cuda:0')
2024-01-26 12:52:06,797 - Classification Fails.
2024-01-26 12:52:06,797 - Link Generation Fails.
2024-01-26 12:52:19,281 - Victim node is 685.
2024-01-26 12:52:19,281 - tensor([2708, 2711, 2712], device='cuda:0')
2024-01-26 12:52:19,282 - Classification Succeeds.
2024-01-26 12:52:19,282 - Link Generation Succeeds.
2024-01-26 12:52:31,683 - Victim node is 896.
2024-01-26 12:52:31,683 - tensor([1169, 1358, 1483], device='cuda:0')
2024-01-26 12:52:31,683 - Classification Fails.
2024-01-26 12:52:31,683 - Link Generation Fails.
2024-01-26 12:52:44,390 - Victim node is 1185.
2024-01-26 12:52:44,390 - tensor([2708, 2709, 2710], device='cuda:0')
2024-01-26 12:52:44,391 - Classification Fails.
2024-01-26 12:52:44,391 - Link Generation Succeeds.
2024-01-26 12:52:56,847 - Victim node is 245.
2024-01-26 12:52:56,847 - tensor([2708, 2709, 2710], device='cuda:0')
2024-01-26 12:52:56,847 - Classification Fails.
2024-01-26 12:52:56,847 - Link Generation Succeeds.
2024-01-26 12:53:09,326 - Victim node is 2668.
2024-01-26 12:53:09,326 - tensor([2710, 2711, 2712], device='cuda:0')
2024-01-26 12:53:09,326 - Classification Fails.
2024-01-26 12:53:09,327 - Link Generation Succeeds.
2024-01-26 12:53:21,564 - Victim node is 1035.
2024-01-26 12:53:21,564 - tensor([ 306, 1358, 2710], device='cuda:0')
2024-01-26 12:53:21,564 - Classification Fails.
2024-01-26 12:53:21,565 - Link Generation Succeeds.
2024-01-26 12:53:33,857 - Victim node is 2115.
2024-01-26 12:53:33,857 - tensor([1701, 1986, 2034], device='cuda:0')
2024-01-26 12:53:33,857 - Classification Fails.
2024-01-26 12:53:33,857 - Link Generation Fails.
2024-01-26 12:53:46,047 - Victim node is 150.
2024-01-26 12:53:46,047 - tensor([1358, 1701, 1986], device='cuda:0')
2024-01-26 12:53:46,048 - Classification Succeeds.
2024-01-26 12:53:46,048 - Link Generation Fails.
2024-01-26 12:53:58,192 - Victim node is 1969.
2024-01-26 12:53:58,192 - tensor([2708, 2709, 2710], device='cuda:0')
2024-01-26 12:53:58,193 - Classification Fails.
2024-01-26 12:53:58,193 - Link Generation Succeeds.
2024-01-26 12:54:10,444 - Victim node is 1861.
2024-01-26 12:54:10,444 - tensor([ 598, 1542, 1986], device='cuda:0')
2024-01-26 12:54:10,444 - Classification Succeeds.
2024-01-26 12:54:10,444 - Link Generation Fails.
2024-01-26 12:54:22,805 - Victim node is 1399.
2024-01-26 12:54:22,805 - tensor([ 306, 1701, 1986], device='cuda:0')
2024-01-26 12:54:22,805 - Classification Fails.
2024-01-26 12:54:22,805 - Link Generation Fails.
2024-01-26 12:54:35,254 - Victim node is 377.
2024-01-26 12:54:35,254 - tensor([2710, 2711, 2712], device='cuda:0')
2024-01-26 12:54:35,255 - Classification Succeeds.
2024-01-26 12:54:35,255 - Link Generation Succeeds.
2024-01-26 12:54:47,903 - Victim node is 732.
2024-01-26 12:54:47,903 - tensor([1169, 1358, 1914], device='cuda:0')
2024-01-26 12:54:47,903 - Classification Succeeds.
2024-01-26 12:54:47,903 - Link Generation Fails.
2024-01-26 12:55:00,397 - Victim node is 860.
2024-01-26 12:55:00,397 - tensor([ 306, 1358, 1986], device='cuda:0')
2024-01-26 12:55:00,398 - Classification Succeeds.
2024-01-26 12:55:00,398 - Link Generation Fails.
2024-01-26 12:55:12,833 - Victim node is 1555.
2024-01-26 12:55:12,833 - tensor([2708, 2709, 2712], device='cuda:0')
2024-01-26 12:55:12,833 - Classification Fails.
2024-01-26 12:55:12,833 - Link Generation Succeeds.
2024-01-26 12:55:25,384 - Victim node is 261.
2024-01-26 12:55:25,384 - tensor([1441, 1986, 2709], device='cuda:0')
2024-01-26 12:55:25,384 - Classification Fails.
2024-01-26 12:55:25,384 - Link Generation Succeeds.
2024-01-26 12:55:38,107 - Victim node is 2282.
2024-01-26 12:55:38,107 - tensor([ 306, 1358, 2708], device='cuda:0')
2024-01-26 12:55:38,108 - Classification Fails.
2024-01-26 12:55:38,108 - Link Generation Succeeds.
2024-01-26 12:55:50,694 - Victim node is 1421.
2024-01-26 12:55:50,694 - tensor([ 306, 1013, 1358], device='cuda:0')
2024-01-26 12:55:50,694 - Classification Succeeds.
2024-01-26 12:55:50,694 - Link Generation Fails.
2024-01-26 12:56:03,262 - Victim node is 2133.
2024-01-26 12:56:03,262 - tensor([  88, 1013, 1914], device='cuda:0')
2024-01-26 12:56:03,263 - Classification Succeeds.
2024-01-26 12:56:03,263 - Link Generation Fails.
2024-01-26 12:56:15,929 - Victim node is 2514.
2024-01-26 12:56:15,929 - tensor([ 306, 1358, 1986], device='cuda:0')
2024-01-26 12:56:15,929 - Classification Succeeds.
2024-01-26 12:56:15,930 - Link Generation Fails.
2024-01-26 12:56:28,278 - Victim node is 1121.
2024-01-26 12:56:28,278 - tensor([1701, 1914, 1986], device='cuda:0')
2024-01-26 12:56:28,278 - Classification Succeeds.
2024-01-26 12:56:28,278 - Link Generation Fails.
2024-01-26 12:56:40,577 - Victim node is 1993.
2024-01-26 12:56:40,577 - tensor([2708, 2709, 2710], device='cuda:0')
2024-01-26 12:56:40,577 - Classification Fails.
2024-01-26 12:56:40,577 - Link Generation Succeeds.
2024-01-26 12:56:52,916 - Victim node is 1885.
2024-01-26 12:56:52,916 - tensor([2708, 2709, 2710], device='cuda:0')
2024-01-26 12:56:52,916 - Classification Fails.
2024-01-26 12:56:52,916 - Link Generation Succeeds.
2024-01-26 12:57:05,145 - Victim node is 2233.
2024-01-26 12:57:05,145 - tensor([ 306, 1358, 1986], device='cuda:0')
2024-01-26 12:57:05,145 - Classification Fails.
2024-01-26 12:57:05,145 - Link Generation Fails.
2024-01-26 12:57:17,444 - Victim node is 2313.
2024-01-26 12:57:17,444 - tensor([ 306, 1358, 1986], device='cuda:0')
2024-01-26 12:57:17,445 - Classification Succeeds.
2024-01-26 12:57:17,445 - Link Generation Fails.
2024-01-26 12:57:29,799 - Victim node is 1198.
2024-01-26 12:57:29,799 - tensor([ 306, 1358, 2710], device='cuda:0')
2024-01-26 12:57:29,799 - Classification Fails.
2024-01-26 12:57:29,799 - Link Generation Succeeds.
2024-01-26 12:57:42,080 - Victim node is 905.
2024-01-26 12:57:42,080 - tensor([1358, 2708, 2712], device='cuda:0')
2024-01-26 12:57:42,080 - Classification Fails.
2024-01-26 12:57:42,080 - Link Generation Succeeds.
2024-01-26 12:57:54,342 - Victim node is 146.
2024-01-26 12:57:54,342 - tensor([ 306, 1013, 1358], device='cuda:0')
2024-01-26 12:57:54,343 - Classification Succeeds.
2024-01-26 12:57:54,343 - Link Generation Fails.
2024-01-26 12:58:06,657 - Victim node is 2586.
2024-01-26 12:58:06,657 - tensor([  44, 2624, 2701], device='cuda:0')
2024-01-26 12:58:06,657 - Classification Fails.
2024-01-26 12:58:06,658 - Link Generation Fails.
2024-01-26 12:58:18,913 - Victim node is 1311.
2024-01-26 12:58:18,913 - tensor([1119, 2124, 2126], device='cuda:0')
2024-01-26 12:58:18,913 - Classification Fails.
2024-01-26 12:58:18,913 - Link Generation Fails.
2024-01-26 12:58:31,322 - Victim node is 2664.
2024-01-26 12:58:31,323 - tensor([ 306, 1358, 1701], device='cuda:0')
2024-01-26 12:58:31,323 - Classification Fails.
2024-01-26 12:58:31,323 - Link Generation Fails.
2024-01-26 12:58:43,977 - Victim node is 218.
2024-01-26 12:58:43,977 - tensor([1701, 1986, 2709], device='cuda:0')
2024-01-26 12:58:43,977 - Classification Succeeds.
2024-01-26 12:58:43,977 - Link Generation Succeeds.
2024-01-26 12:58:56,444 - Victim node is 1457.
2024-01-26 12:58:56,444 - tensor([2708, 2709, 2710], device='cuda:0')
2024-01-26 12:58:56,444 - Classification Fails.
2024-01-26 12:58:56,444 - Link Generation Succeeds.
2024-01-26 12:59:08,708 - Victim node is 739.
2024-01-26 12:59:08,708 - tensor([2708, 2709, 2710], device='cuda:0')
2024-01-26 12:59:08,708 - Classification Fails.
2024-01-26 12:59:08,708 - Link Generation Succeeds.
2024-01-26 12:59:21,011 - Victim node is 1886.
2024-01-26 12:59:21,011 - tensor([2709, 2710, 2712], device='cuda:0')
2024-01-26 12:59:21,011 - Classification Fails.
2024-01-26 12:59:21,011 - Link Generation Succeeds.
2024-01-26 12:59:33,287 - Victim node is 1393.
2024-01-26 12:59:33,287 - tensor([2708, 2709, 2710], device='cuda:0')
2024-01-26 12:59:33,288 - Classification Fails.
2024-01-26 12:59:33,288 - Link Generation Succeeds.
2024-01-26 12:59:45,461 - Victim node is 1406.
2024-01-26 12:59:45,461 - tensor([2708, 2709, 2710], device='cuda:0')
2024-01-26 12:59:45,462 - Classification Fails.
2024-01-26 12:59:45,462 - Link Generation Succeeds.
2024-01-26 12:59:57,646 - Victim node is 130.
2024-01-26 12:59:57,646 - tensor([ 306, 1358, 1623], device='cuda:0')
2024-01-26 12:59:57,647 - Classification Succeeds.
2024-01-26 12:59:57,647 - Link Generation Fails.
2024-01-26 13:00:09,801 - Victim node is 2193.
2024-01-26 13:00:09,801 - tensor([1701, 1986, 2710], device='cuda:0')
2024-01-26 13:00:09,801 - Classification Fails.
2024-01-26 13:00:09,802 - Link Generation Succeeds.
2024-01-26 13:00:22,240 - Victim node is 47.
2024-01-26 13:00:22,240 - tensor([2708, 2709, 2710], device='cuda:0')
2024-01-26 13:00:22,241 - Classification Succeeds.
2024-01-26 13:00:22,241 - Link Generation Succeeds.
2024-01-26 13:00:34,681 - Victim node is 1554.
2024-01-26 13:00:34,681 - tensor([2708, 2709, 2710], device='cuda:0')
2024-01-26 13:00:34,681 - Classification Fails.
2024-01-26 13:00:34,681 - Link Generation Succeeds.
2024-01-26 13:00:47,117 - Victim node is 102.
2024-01-26 13:00:47,117 - tensor([ 306, 1358, 1986], device='cuda:0')
2024-01-26 13:00:47,117 - Classification Succeeds.
2024-01-26 13:00:47,117 - Link Generation Fails.
2024-01-26 13:00:59,794 - Victim node is 2624.
2024-01-26 13:00:59,794 - tensor([ 306, 1358, 1701], device='cuda:0')
2024-01-26 13:00:59,794 - Classification Succeeds.
2024-01-26 13:00:59,795 - Link Generation Fails.
2024-01-26 13:01:12,616 - Victim node is 737.
2024-01-26 13:01:12,616 - tensor([ 306, 1358, 1986], device='cuda:0')
2024-01-26 13:01:12,616 - Classification Succeeds.
2024-01-26 13:01:12,616 - Link Generation Fails.
2024-01-26 13:01:25,290 - Victim node is 2595.
2024-01-26 13:01:25,290 - tensor([ 306, 1358, 1986], device='cuda:0')
2024-01-26 13:01:25,290 - Classification Fails.
2024-01-26 13:01:25,290 - Link Generation Fails.
2024-01-26 13:01:37,867 - Victim node is 549.
2024-01-26 13:01:37,867 - tensor([2708, 2709, 2710], device='cuda:0')
2024-01-26 13:01:37,867 - Classification Fails.
2024-01-26 13:01:37,867 - Link Generation Succeeds.
2024-01-26 13:01:50,278 - Victim node is 1044.
2024-01-26 13:01:50,278 - tensor([2708, 2709, 2710], device='cuda:0')
2024-01-26 13:01:50,278 - Classification Fails.
2024-01-26 13:01:50,278 - Link Generation Succeeds.
2024-01-26 13:02:02,738 - Victim node is 100.
2024-01-26 13:02:02,739 - tensor([ 306, 1358, 1986], device='cuda:0')
2024-01-26 13:02:02,739 - Classification Succeeds.
2024-01-26 13:02:02,739 - Link Generation Fails.
2024-01-26 13:02:15,426 - Victim node is 2365.
2024-01-26 13:02:15,427 - tensor([1169, 1358, 1914], device='cuda:0')
2024-01-26 13:02:15,427 - Classification Succeeds.
2024-01-26 13:02:15,427 - Link Generation Fails.
2024-01-26 13:02:28,054 - Victim node is 214.
2024-01-26 13:02:28,054 - tensor([1358, 1701, 1986], device='cuda:0')
2024-01-26 13:02:28,054 - Classification Fails.
2024-01-26 13:02:28,054 - Link Generation Fails.
2024-01-26 13:02:40,701 - Victim node is 2486.
2024-01-26 13:02:40,701 - tensor([2708, 2710, 2711], device='cuda:0')
2024-01-26 13:02:40,701 - Classification Fails.
2024-01-26 13:02:40,701 - Link Generation Succeeds.
2024-01-26 13:02:53,100 - Victim node is 734.
2024-01-26 13:02:53,100 - tensor([ 306, 1701, 1986], device='cuda:0')
2024-01-26 13:02:53,100 - Classification Succeeds.
2024-01-26 13:02:53,100 - Link Generation Fails.
2024-01-26 13:03:05,343 - Victim node is 2234.
2024-01-26 13:03:05,343 - tensor([2708, 2709, 2710], device='cuda:0')
2024-01-26 13:03:05,343 - Classification Fails.
2024-01-26 13:03:05,343 - Link Generation Succeeds.
2024-01-26 13:03:17,637 - Victim node is 292.
2024-01-26 13:03:17,637 - tensor([ 702, 1914, 2709], device='cuda:0')
2024-01-26 13:03:17,637 - Classification Fails.
2024-01-26 13:03:17,637 - Link Generation Succeeds.
2024-01-26 13:03:29,981 - Victim node is 301.
2024-01-26 13:03:29,981 - tensor([2709, 2711, 2712], device='cuda:0')
2024-01-26 13:03:29,982 - Classification Fails.
2024-01-26 13:03:29,982 - Link Generation Succeeds.
2024-01-26 13:03:42,222 - Victim node is 861.
2024-01-26 13:03:42,222 - tensor([ 306, 1358, 1623], device='cuda:0')
2024-01-26 13:03:42,223 - Classification Succeeds.
2024-01-26 13:03:42,223 - Link Generation Fails.
2024-01-26 13:03:54,450 - Victim node is 636.
2024-01-26 13:03:54,450 - tensor([ 306, 1701, 1986], device='cuda:0')
2024-01-26 13:03:54,450 - Classification Fails.
2024-01-26 13:03:54,450 - Link Generation Fails.
2024-01-26 13:04:06,760 - Victim node is 1955.
2024-01-26 13:04:06,761 - tensor([2708, 2709, 2710], device='cuda:0')
2024-01-26 13:04:06,761 - Classification Fails.
2024-01-26 13:04:06,761 - Link Generation Succeeds.
2024-01-26 13:04:19,154 - Victim node is 1645.
2024-01-26 13:04:19,154 - tensor([1169, 1358, 1483], device='cuda:0')
2024-01-26 13:04:19,154 - Classification Fails.
2024-01-26 13:04:19,154 - Link Generation Fails.
2024-01-26 13:04:31,627 - Victim node is 61.
2024-01-26 13:04:31,627 - tensor([ 306, 1701, 1986], device='cuda:0')
2024-01-26 13:04:31,627 - Classification Succeeds.
2024-01-26 13:04:31,627 - Link Generation Fails.
2024-01-26 13:04:44,054 - Victim node is 1821.
2024-01-26 13:04:44,054 - tensor([2710, 2711, 2712], device='cuda:0')
2024-01-26 13:04:44,055 - Classification Fails.
2024-01-26 13:04:44,055 - Link Generation Succeeds.
2024-01-26 13:04:56,453 - Victim node is 810.
2024-01-26 13:04:56,454 - tensor([1119, 2124, 2126], device='cuda:0')
2024-01-26 13:04:56,454 - Classification Fails.
2024-01-26 13:04:56,454 - Link Generation Fails.
2024-01-26 13:05:08,739 - Victim node is 2400.
2024-01-26 13:05:08,739 - tensor([2708, 2709, 2710], device='cuda:0')
2024-01-26 13:05:08,740 - Classification Fails.
2024-01-26 13:05:08,740 - Link Generation Succeeds.
2024-01-26 13:05:20,994 - Victim node is 202.
2024-01-26 13:05:20,994 - tensor([ 306, 1013, 1358], device='cuda:0')
2024-01-26 13:05:20,994 - Classification Succeeds.
2024-01-26 13:05:20,994 - Link Generation Fails.
2024-01-26 13:05:33,205 - Victim node is 718.
2024-01-26 13:05:33,205 - tensor([ 306, 1358, 1701], device='cuda:0')
2024-01-26 13:05:33,205 - Classification Succeeds.
2024-01-26 13:05:33,205 - Link Generation Fails.
2024-01-26 13:05:45,384 - Victim node is 2068.
2024-01-26 13:05:45,384 - tensor([ 963, 1257, 1692], device='cuda:0')
2024-01-26 13:05:45,385 - Classification Fails.
2024-01-26 13:05:45,385 - Link Generation Fails.
2024-01-26 13:05:57,783 - Victim node is 19.
2024-01-26 13:05:57,783 - tensor([2708, 2709, 2710], device='cuda:0')
2024-01-26 13:05:57,784 - Classification Succeeds.
2024-01-26 13:05:57,784 - Link Generation Succeeds.
2024-01-26 13:06:10,044 - Victim node is 2564.
2024-01-26 13:06:10,044 - tensor([2708, 2709, 2711], device='cuda:0')
2024-01-26 13:06:10,044 - Classification Fails.
2024-01-26 13:06:10,044 - Link Generation Succeeds.
2024-01-26 13:06:22,434 - Victim node is 977.
2024-01-26 13:06:22,434 - tensor([2708, 2709, 2710], device='cuda:0')
2024-01-26 13:06:22,435 - Classification Fails.
2024-01-26 13:06:22,435 - Link Generation Succeeds.
2024-01-26 13:06:34,860 - Victim node is 489.
2024-01-26 13:06:34,860 - tensor([1169, 1441, 1914], device='cuda:0')
2024-01-26 13:06:34,861 - Classification Succeeds.
2024-01-26 13:06:34,861 - Link Generation Fails.
2024-01-26 13:06:47,341 - Victim node is 340.
2024-01-26 13:06:47,341 - tensor([2708, 2709, 2710], device='cuda:0')
2024-01-26 13:06:47,341 - Classification Fails.
2024-01-26 13:06:47,341 - Link Generation Succeeds.
2024-01-26 13:07:00,227 - Victim node is 1152.
2024-01-26 13:07:00,227 - tensor([ 306, 1358, 1441], device='cuda:0')
2024-01-26 13:07:00,228 - Classification Succeeds.
2024-01-26 13:07:00,228 - Link Generation Fails.
2024-01-26 13:07:12,814 - Victim node is 1796.
2024-01-26 13:07:12,814 - tensor([2708, 2709, 2710], device='cuda:0')
2024-01-26 13:07:12,814 - Classification Fails.
2024-01-26 13:07:12,815 - Link Generation Succeeds.
2024-01-26 13:07:25,413 - Victim node is 322.
2024-01-26 13:07:25,413 - tensor([ 306, 1358, 1986], device='cuda:0')
2024-01-26 13:07:25,413 - Classification Succeeds.
2024-01-26 13:07:25,414 - Link Generation Fails.
2024-01-26 13:07:38,057 - Victim node is 399.
2024-01-26 13:07:38,058 - tensor([ 306, 1623, 1986], device='cuda:0')
2024-01-26 13:07:38,058 - Classification Succeeds.
2024-01-26 13:07:38,058 - Link Generation Fails.
2024-01-26 13:07:50,749 - Victim node is 2373.
2024-01-26 13:07:50,750 - tensor([2710, 2711, 2712], device='cuda:0')
2024-01-26 13:07:50,750 - Classification Fails.
2024-01-26 13:07:50,750 - Link Generation Succeeds.
2024-01-26 13:08:03,174 - Victim node is 1258.
2024-01-26 13:08:03,174 - tensor([ 306, 1358, 1986], device='cuda:0')
2024-01-26 13:08:03,175 - Classification Succeeds.
2024-01-26 13:08:03,175 - Link Generation Fails.
2024-01-26 13:08:15,710 - Victim node is 369.
2024-01-26 13:08:15,710 - tensor([2708, 2711, 2712], device='cuda:0')
2024-01-26 13:08:15,710 - Classification Fails.
2024-01-26 13:08:15,710 - Link Generation Succeeds.
2024-01-26 13:08:28,154 - Victim node is 2460.
2024-01-26 13:08:28,154 - tensor([ 306, 1358, 1986], device='cuda:0')
2024-01-26 13:08:28,155 - Classification Succeeds.
2024-01-26 13:08:28,155 - Link Generation Fails.
2024-01-26 13:08:40,481 - Victim node is 2211.
2024-01-26 13:08:40,481 - tensor([2709, 2710, 2711], device='cuda:0')
2024-01-26 13:08:40,482 - Classification Fails.
2024-01-26 13:08:40,482 - Link Generation Succeeds.
2024-01-26 13:08:52,853 - Victim node is 223.
2024-01-26 13:08:52,853 - tensor([2708, 2709, 2710], device='cuda:0')
2024-01-26 13:08:52,853 - Classification Fails.
2024-01-26 13:08:52,853 - Link Generation Succeeds.
2024-01-26 13:09:05,310 - Victim node is 423.
2024-01-26 13:09:05,310 - tensor([ 306, 1013, 1358], device='cuda:0')
2024-01-26 13:09:05,310 - Classification Succeeds.
2024-01-26 13:09:05,310 - Link Generation Fails.
2024-01-26 13:09:17,652 - Victim node is 2176.
2024-01-26 13:09:17,652 - tensor([1358, 2709, 2712], device='cuda:0')
2024-01-26 13:09:17,652 - Classification Fails.
2024-01-26 13:09:17,652 - Link Generation Succeeds.
2024-01-26 13:09:30,010 - Victim node is 2378.
2024-01-26 13:09:30,010 - tensor([ 735, 1257, 2248], device='cuda:0')
2024-01-26 13:09:30,010 - Classification Succeeds.
2024-01-26 13:09:30,010 - Link Generation Fails.
2024-01-26 13:09:42,364 - Victim node is 285.
2024-01-26 13:09:42,364 - tensor([ 306, 1358, 1986], device='cuda:0')
2024-01-26 13:09:42,364 - Classification Fails.
2024-01-26 13:09:42,364 - Link Generation Fails.
2024-01-26 13:09:54,631 - Victim node is 563.
2024-01-26 13:09:54,631 - tensor([ 306, 1358, 1986], device='cuda:0')
2024-01-26 13:09:54,631 - Classification Succeeds.
2024-01-26 13:09:54,631 - Link Generation Fails.
2024-01-26 13:10:06,862 - Victim node is 49.
2024-01-26 13:10:06,862 - tensor([ 306, 1358, 1986], device='cuda:0')
2024-01-26 13:10:06,862 - Classification Succeeds.
2024-01-26 13:10:06,862 - Link Generation Fails.
2024-01-26 13:10:19,186 - Victim node is 250.
2024-01-26 13:10:19,186 - tensor([1257, 2708, 2710], device='cuda:0')
2024-01-26 13:10:19,186 - Classification Succeeds.
2024-01-26 13:10:19,186 - Link Generation Succeeds.
2024-01-26 13:10:31,740 - Victim node is 931.
2024-01-26 13:10:31,740 - tensor([2709, 2711, 2712], device='cuda:0')
2024-01-26 13:10:31,741 - Classification Fails.
2024-01-26 13:10:31,741 - Link Generation Succeeds.
2024-01-26 13:10:44,074 - Victim node is 1696.
2024-01-26 13:10:44,074 - tensor([ 306, 1358, 1986], device='cuda:0')
2024-01-26 13:10:44,074 - Classification Fails.
2024-01-26 13:10:44,074 - Link Generation Fails.
2024-01-26 13:10:56,481 - Victim node is 515.
2024-01-26 13:10:56,481 - tensor([2708, 2709, 2710], device='cuda:0')
2024-01-26 13:10:56,481 - Classification Fails.
2024-01-26 13:10:56,481 - Link Generation Succeeds.
2024-01-26 13:11:08,924 - Victim node is 935.
2024-01-26 13:11:08,924 - tensor([2709, 2710, 2711], device='cuda:0')
2024-01-26 13:11:08,924 - Classification Fails.
2024-01-26 13:11:08,924 - Link Generation Succeeds.
2024-01-26 13:11:21,369 - Victim node is 1369.
2024-01-26 13:11:21,369 - tensor([2708, 2709, 2710], device='cuda:0')
2024-01-26 13:11:21,370 - Classification Fails.
2024-01-26 13:11:21,370 - Link Generation Succeeds.
2024-01-26 13:11:33,616 - Victim node is 2002.
2024-01-26 13:11:33,616 - tensor([1701, 1810, 2034], device='cuda:0')
2024-01-26 13:11:33,616 - Classification Fails.
2024-01-26 13:11:33,616 - Link Generation Fails.
2024-01-26 13:11:45,880 - Victim node is 1381.
2024-01-26 13:11:45,880 - tensor([2708, 2709, 2710], device='cuda:0')
2024-01-26 13:11:45,880 - Classification Fails.
2024-01-26 13:11:45,880 - Link Generation Succeeds.
2024-01-26 13:11:58,143 - Victim node is 1162.
2024-01-26 13:11:58,143 - tensor([2708, 2709, 2710], device='cuda:0')
2024-01-26 13:11:58,144 - Classification Fails.
2024-01-26 13:11:58,144 - Link Generation Succeeds.
2024-01-26 13:12:10,393 - Victim node is 362.
2024-01-26 13:12:10,393 - tensor([2708, 2709, 2710], device='cuda:0')
2024-01-26 13:12:10,393 - Classification Succeeds.
2024-01-26 13:12:10,393 - Link Generation Succeeds.
2024-01-26 13:12:22,767 - Victim node is 1026.
2024-01-26 13:12:22,767 - tensor([1701, 1810, 1986], device='cuda:0')
2024-01-26 13:12:22,767 - Classification Succeeds.
2024-01-26 13:12:22,767 - Link Generation Fails.
2024-01-26 13:12:35,176 - Victim node is 358.
2024-01-26 13:12:35,176 - tensor([2710, 2711, 2712], device='cuda:0')
2024-01-26 13:12:35,176 - Classification Fails.
2024-01-26 13:12:35,176 - Link Generation Succeeds.
2024-01-26 13:12:47,753 - Victim node is 2248.
2024-01-26 13:12:47,753 - tensor([2708, 2709, 2710], device='cuda:0')
2024-01-26 13:12:47,753 - Classification Fails.
2024-01-26 13:12:47,753 - Link Generation Succeeds.
2024-01-26 13:13:00,544 - Victim node is 1668.
2024-01-26 13:13:00,545 - tensor([ 702, 1358, 1914], device='cuda:0')
2024-01-26 13:13:00,545 - Classification Fails.
2024-01-26 13:13:00,545 - Link Generation Fails.
2024-01-26 13:13:13,248 - Victim node is 255.
2024-01-26 13:13:13,249 - tensor([1358, 2708, 2710], device='cuda:0')
2024-01-26 13:13:13,249 - Classification Fails.
2024-01-26 13:13:13,249 - Link Generation Succeeds.
2024-01-26 13:13:25,874 - Victim node is 623.
2024-01-26 13:13:25,874 - tensor([2708, 2709, 2710], device='cuda:0')
2024-01-26 13:13:25,874 - Classification Fails.
2024-01-26 13:13:25,874 - Link Generation Succeeds.
2024-01-26 13:13:38,455 - Victim node is 1620.
2024-01-26 13:13:38,456 - tensor([ 306, 1701, 1986], device='cuda:0')
2024-01-26 13:13:38,456 - Classification Fails.
2024-01-26 13:13:38,456 - Link Generation Fails.
2024-01-26 13:13:51,186 - Victim node is 1239.
2024-01-26 13:13:51,186 - tensor([ 306, 1358, 1986], device='cuda:0')
2024-01-26 13:13:51,186 - Classification Fails.
2024-01-26 13:13:51,186 - Link Generation Fails.
2024-01-26 13:14:03,812 - Victim node is 1478.
2024-01-26 13:14:03,812 - tensor([2709, 2711, 2712], device='cuda:0')
2024-01-26 13:14:03,813 - Classification Fails.
2024-01-26 13:14:03,813 - Link Generation Succeeds.
2024-01-26 13:14:16,192 - Victim node is 119.
2024-01-26 13:14:16,193 - tensor([2708, 2709, 2710], device='cuda:0')
2024-01-26 13:14:16,193 - Classification Succeeds.
2024-01-26 13:14:16,193 - Link Generation Succeeds.
2024-01-26 13:14:28,541 - Victim node is 2223.
2024-01-26 13:14:28,541 - tensor([2708, 2711, 2712], device='cuda:0')
2024-01-26 13:14:28,541 - Classification Fails.
2024-01-26 13:14:28,541 - Link Generation Succeeds.
2024-01-26 13:14:40,807 - Victim node is 1502.
2024-01-26 13:14:40,807 - tensor([2708, 2709, 2710], device='cuda:0')
2024-01-26 13:14:40,807 - Classification Succeeds.
2024-01-26 13:14:40,807 - Link Generation Succeeds.
2024-01-26 13:14:53,097 - Victim node is 2182.
2024-01-26 13:14:53,097 - tensor([2708, 2709, 2710], device='cuda:0')
2024-01-26 13:14:53,097 - Classification Fails.
2024-01-26 13:14:53,097 - Link Generation Succeeds.
2024-01-26 13:15:05,684 - Victim node is 676.
2024-01-26 13:15:05,684 - tensor([2709, 2710, 2711], device='cuda:0')
2024-01-26 13:15:05,684 - Classification Fails.
2024-01-26 13:15:05,684 - Link Generation Succeeds.
2024-01-26 13:15:18,062 - Victim node is 1621.
2024-01-26 13:15:18,062 - tensor([2708, 2709, 2710], device='cuda:0')
2024-01-26 13:15:18,062 - Classification Succeeds.
2024-01-26 13:15:18,062 - Link Generation Succeeds.
2024-01-26 13:15:30,364 - Victim node is 1972.
2024-01-26 13:15:30,364 - tensor([ 306, 1358, 1623], device='cuda:0')
2024-01-26 13:15:30,365 - Classification Succeeds.
2024-01-26 13:15:30,365 - Link Generation Fails.
2024-01-26 13:15:42,697 - Victim node is 453.
2024-01-26 13:15:42,697 - tensor([2708, 2709, 2710], device='cuda:0')
2024-01-26 13:15:42,698 - Classification Fails.
2024-01-26 13:15:42,698 - Link Generation Succeeds.
2024-01-26 13:15:54,898 - Victim node is 2565.
2024-01-26 13:15:54,898 - tensor([2708, 2709, 2710], device='cuda:0')
2024-01-26 13:15:54,898 - Classification Succeeds.
2024-01-26 13:15:54,898 - Link Generation Succeeds.
2024-01-26 13:16:07,063 - Victim node is 304.
2024-01-26 13:16:07,063 - tensor([ 306, 1013, 1358], device='cuda:0')
2024-01-26 13:16:07,064 - Classification Succeeds.
2024-01-26 13:16:07,064 - Link Generation Fails.
2024-01-26 13:16:19,411 - Victim node is 2531.
2024-01-26 13:16:19,411 - tensor([2708, 2709, 2710], device='cuda:0')
2024-01-26 13:16:19,413 - Classification Fails.
2024-01-26 13:16:19,413 - Link Generation Succeeds.
2024-01-26 13:16:31,887 - Victim node is 1688.
2024-01-26 13:16:31,887 - tensor([2708, 2709, 2710], device='cuda:0')
2024-01-26 13:16:31,888 - Classification Fails.
2024-01-26 13:16:31,888 - Link Generation Succeeds.
2024-01-26 13:16:44,517 - Victim node is 2087.
2024-01-26 13:16:44,517 - tensor([1358, 1701, 1986], device='cuda:0')
2024-01-26 13:16:44,517 - Classification Succeeds.
2024-01-26 13:16:44,518 - Link Generation Fails.
2024-01-26 13:16:56,890 - Victim node is 1306.
2024-01-26 13:16:56,890 - tensor([ 306, 1358, 1986], device='cuda:0')
2024-01-26 13:16:56,890 - Classification Succeeds.
2024-01-26 13:16:56,890 - Link Generation Fails.
2024-01-26 13:17:09,180 - Victim node is 1637.
2024-01-26 13:17:09,180 - tensor([1058, 1195, 1914], device='cuda:0')
2024-01-26 13:17:09,180 - Classification Fails.
2024-01-26 13:17:09,180 - Link Generation Fails.
2024-01-26 13:17:21,409 - Victim node is 1476.
2024-01-26 13:17:21,410 - tensor([2708, 2709, 2710], device='cuda:0')
2024-01-26 13:17:21,410 - Classification Succeeds.
2024-01-26 13:17:21,410 - Link Generation Succeeds.
2024-01-26 13:17:33,693 - Victim node is 2236.
2024-01-26 13:17:33,693 - tensor([ 963, 2711, 2712], device='cuda:0')
2024-01-26 13:17:33,693 - Classification Fails.
2024-01-26 13:17:33,693 - Link Generation Succeeds.
2024-01-26 13:17:45,915 - Victim node is 604.
2024-01-26 13:17:45,915 - tensor([ 306, 1013, 1623], device='cuda:0')
2024-01-26 13:17:45,915 - Classification Succeeds.
2024-01-26 13:17:45,915 - Link Generation Fails.
2024-01-26 13:17:58,189 - Victim node is 1452.
2024-01-26 13:17:58,190 - tensor([1050, 1257, 2248], device='cuda:0')
2024-01-26 13:17:58,190 - Classification Succeeds.
2024-01-26 13:17:58,190 - Link Generation Fails.
2024-01-26 13:18:10,371 - Victim node is 1556.
2024-01-26 13:18:10,371 - tensor([2708, 2709, 2710], device='cuda:0')
2024-01-26 13:18:10,371 - Classification Fails.
2024-01-26 13:18:10,371 - Link Generation Succeeds.
2024-01-26 13:18:22,785 - Victim node is 1439.
2024-01-26 13:18:22,785 - tensor([2708, 2709, 2710], device='cuda:0')
2024-01-26 13:18:22,785 - Classification Fails.
2024-01-26 13:18:22,785 - Link Generation Succeeds.
2024-01-26 13:18:35,271 - Victim node is 2072.
2024-01-26 13:18:35,271 - tensor([1358, 2708, 2711], device='cuda:0')
2024-01-26 13:18:35,271 - Classification Fails.
2024-01-26 13:18:35,271 - Link Generation Succeeds.
2024-01-26 13:18:48,174 - Victim node is 767.
2024-01-26 13:18:48,174 - tensor([1013, 1914, 1986], device='cuda:0')
2024-01-26 13:18:48,174 - Classification Fails.
2024-01-26 13:18:48,174 - Link Generation Fails.
2024-01-26 13:19:01,088 - Victim node is 1814.
2024-01-26 13:19:01,088 - tensor([2709, 2711, 2712], device='cuda:0')
2024-01-26 13:19:01,088 - Classification Fails.
2024-01-26 13:19:01,088 - Link Generation Succeeds.
2024-01-26 13:19:13,839 - Victim node is 46.
2024-01-26 13:19:13,839 - tensor([ 306, 1358, 1986], device='cuda:0')
2024-01-26 13:19:13,839 - Classification Succeeds.
2024-01-26 13:19:13,839 - Link Generation Fails.
2024-01-26 13:19:26,409 - Victim node is 1018.
2024-01-26 13:19:26,409 - tensor([2708, 2709, 2710], device='cuda:0')
2024-01-26 13:19:26,410 - Classification Fails.
2024-01-26 13:19:26,410 - Link Generation Succeeds.
2024-01-26 13:19:39,032 - Victim node is 2303.
2024-01-26 13:19:39,032 - tensor([1542, 1701, 1986], device='cuda:0')
2024-01-26 13:19:39,032 - Classification Succeeds.
2024-01-26 13:19:39,032 - Link Generation Fails.
2024-01-26 13:19:51,586 - Victim node is 740.
2024-01-26 13:19:51,586 - tensor([1119, 2124, 2126], device='cuda:0')
2024-01-26 13:19:51,587 - Classification Succeeds.
2024-01-26 13:19:51,587 - Link Generation Fails.
2024-01-26 13:20:04,270 - Victim node is 1520.
2024-01-26 13:20:04,270 - tensor([1169, 1358, 2708], device='cuda:0')
2024-01-26 13:20:04,271 - Classification Fails.
2024-01-26 13:20:04,271 - Link Generation Succeeds.
2024-01-26 13:20:16,772 - Victim node is 78.
2024-01-26 13:20:16,773 - tensor([1257, 2248, 2709], device='cuda:0')
2024-01-26 13:20:16,773 - Classification Succeeds.
2024-01-26 13:20:16,773 - Link Generation Succeeds.
2024-01-26 13:20:29,058 - Victim node is 1926.
2024-01-26 13:20:29,058 - tensor([ 306, 1358, 1986], device='cuda:0')
2024-01-26 13:20:29,059 - Classification Succeeds.
2024-01-26 13:20:29,059 - Link Generation Fails.
2024-01-26 13:20:41,350 - Victim node is 2469.
2024-01-26 13:20:41,350 - tensor([2708, 2709, 2710], device='cuda:0')
2024-01-26 13:20:41,350 - Classification Fails.
2024-01-26 13:20:41,350 - Link Generation Succeeds.
2024-01-26 13:20:53,651 - Victim node is 1949.
2024-01-26 13:20:53,651 - tensor([1542, 2709, 2711], device='cuda:0')
2024-01-26 13:20:53,652 - Classification Fails.
2024-01-26 13:20:53,652 - Link Generation Succeeds.
2024-01-26 13:21:05,966 - Victim node is 980.
2024-01-26 13:21:05,966 - tensor([ 306, 1358, 2712], device='cuda:0')
2024-01-26 13:21:05,966 - Classification Succeeds.
2024-01-26 13:21:05,966 - Link Generation Succeeds.
2024-01-26 13:21:18,258 - Victim node is 1976.
2024-01-26 13:21:18,258 - tensor([1224, 1914, 2710], device='cuda:0')
2024-01-26 13:21:18,259 - Classification Fails.
2024-01-26 13:21:18,259 - Link Generation Succeeds.
2024-01-26 13:21:30,606 - Victim node is 2580.
2024-01-26 13:21:30,606 - tensor([2708, 2709, 2710], device='cuda:0')
2024-01-26 13:21:30,607 - Classification Succeeds.
2024-01-26 13:21:30,607 - Link Generation Succeeds.
2024-01-26 13:21:42,848 - Victim node is 479.
2024-01-26 13:21:42,848 - tensor([2708, 2710, 2711], device='cuda:0')
2024-01-26 13:21:42,849 - Classification Fails.
2024-01-26 13:21:42,849 - Link Generation Succeeds.
2024-01-26 13:21:55,096 - Victim node is 1366.
2024-01-26 13:21:55,096 - tensor([2708, 2709, 2710], device='cuda:0')
2024-01-26 13:21:55,096 - Classification Fails.
2024-01-26 13:21:55,096 - Link Generation Succeeds.
2024-01-26 13:22:07,534 - Victim node is 83.
2024-01-26 13:22:07,535 - tensor([1001, 1955, 2662], device='cuda:0')
2024-01-26 13:22:07,535 - Classification Succeeds.
2024-01-26 13:22:07,535 - Link Generation Fails.
2024-01-26 13:22:19,797 - Victim node is 821.
2024-01-26 13:22:19,797 - tensor([2708, 2709, 2710], device='cuda:0')
2024-01-26 13:22:19,798 - Classification Fails.
2024-01-26 13:22:19,798 - Link Generation Succeeds.
2024-01-26 13:22:32,268 - Victim node is 2241.
2024-01-26 13:22:32,268 - tensor([2708, 2709, 2710], device='cuda:0')
2024-01-26 13:22:32,269 - Classification Fails.
2024-01-26 13:22:32,269 - Link Generation Succeeds.
2024-01-26 13:22:44,782 - Victim node is 966.
2024-01-26 13:22:44,782 - tensor([2710, 2711, 2712], device='cuda:0')
2024-01-26 13:22:44,782 - Classification Fails.
2024-01-26 13:22:44,782 - Link Generation Succeeds.
2024-01-26 13:22:57,053 - Victim node is 2025.
2024-01-26 13:22:57,053 - tensor([ 306, 1358, 1986], device='cuda:0')
2024-01-26 13:22:57,053 - Classification Succeeds.
2024-01-26 13:22:57,053 - Link Generation Fails.
2024-01-26 13:23:09,270 - Victim node is 93.
2024-01-26 13:23:09,270 - tensor([ 963, 1257, 1955], device='cuda:0')
2024-01-26 13:23:09,270 - Classification Succeeds.
2024-01-26 13:23:09,270 - Link Generation Fails.
2024-01-26 13:23:21,643 - Victim node is 389.
2024-01-26 13:23:21,643 - tensor([ 306, 1358, 1725], device='cuda:0')
2024-01-26 13:23:21,643 - Classification Succeeds.
2024-01-26 13:23:21,643 - Link Generation Fails.
2024-01-26 13:23:33,989 - Victim node is 1405.
2024-01-26 13:23:33,989 - tensor([ 306, 1358, 1986], device='cuda:0')
2024-01-26 13:23:33,989 - Classification Fails.
2024-01-26 13:23:33,990 - Link Generation Fails.
2024-01-26 13:23:46,289 - Victim node is 1833.
2024-01-26 13:23:46,289 - tensor([ 306, 1358, 1914], device='cuda:0')
2024-01-26 13:23:46,289 - Classification Succeeds.
2024-01-26 13:23:46,290 - Link Generation Fails.
2024-01-26 13:23:58,552 - Victim node is 1910.
2024-01-26 13:23:58,552 - tensor([2708, 2710, 2711], device='cuda:0')
2024-01-26 13:23:58,553 - Classification Succeeds.
2024-01-26 13:23:58,553 - Link Generation Succeeds.
2024-01-26 13:24:11,123 - Victim node is 2363.
2024-01-26 13:24:11,123 - tensor([2708, 2709, 2710], device='cuda:0')
2024-01-26 13:24:11,124 - Classification Succeeds.
2024-01-26 13:24:11,124 - Link Generation Succeeds.
2024-01-26 13:24:23,620 - Victim node is 794.
2024-01-26 13:24:23,620 - tensor([2708, 2709, 2710], device='cuda:0')
2024-01-26 13:24:23,621 - Classification Fails.
2024-01-26 13:24:23,621 - Link Generation Succeeds.
2024-01-26 13:24:36,148 - Victim node is 772.
2024-01-26 13:24:36,148 - tensor([2709, 2711, 2712], device='cuda:0')
2024-01-26 13:24:36,148 - Classification Fails.
2024-01-26 13:24:36,148 - Link Generation Succeeds.
2024-01-26 13:24:48,806 - Victim node is 1038.
2024-01-26 13:24:48,807 - tensor([1169, 1765, 2708], device='cuda:0')
2024-01-26 13:24:48,807 - Classification Succeeds.
2024-01-26 13:24:48,807 - Link Generation Succeeds.
2024-01-26 13:25:01,423 - Victim node is 1286.
2024-01-26 13:25:01,423 - tensor([2708, 2709, 2710], device='cuda:0')
2024-01-26 13:25:01,424 - Classification Fails.
2024-01-26 13:25:01,424 - Link Generation Succeeds.
2024-01-26 13:25:14,273 - Victim node is 1217.
2024-01-26 13:25:14,273 - tensor([2708, 2710, 2712], device='cuda:0')
2024-01-26 13:25:14,273 - Classification Fails.
2024-01-26 13:25:14,273 - Link Generation Succeeds.
2024-01-26 13:25:26,836 - Victim node is 1756.
2024-01-26 13:25:26,836 - tensor([ 306, 1623, 1914], device='cuda:0')
2024-01-26 13:25:26,836 - Classification Succeeds.
2024-01-26 13:25:26,836 - Link Generation Fails.
2024-01-26 13:25:39,413 - Victim node is 610.
2024-01-26 13:25:39,413 - tensor([ 306, 1358, 1986], device='cuda:0')
2024-01-26 13:25:39,414 - Classification Fails.
2024-01-26 13:25:39,414 - Link Generation Fails.
2024-01-26 13:25:51,882 - Victim node is 1346.
2024-01-26 13:25:51,882 - tensor([1358, 1701, 1986], device='cuda:0')
2024-01-26 13:25:51,882 - Classification Succeeds.
2024-01-26 13:25:51,882 - Link Generation Fails.
2024-01-26 13:26:04,490 - Victim node is 1915.
2024-01-26 13:26:04,490 - tensor([1013, 1358, 2710], device='cuda:0')
2024-01-26 13:26:04,490 - Classification Fails.
2024-01-26 13:26:04,490 - Link Generation Succeeds.
2024-01-26 13:26:17,086 - Victim node is 689.
2024-01-26 13:26:17,086 - tensor([ 306, 1701, 1986], device='cuda:0')
2024-01-26 13:26:17,086 - Classification Succeeds.
2024-01-26 13:26:17,087 - Link Generation Fails.
2024-01-26 13:26:29,434 - Victim node is 2255.
2024-01-26 13:26:29,434 - tensor([2708, 2709, 2710], device='cuda:0')
2024-01-26 13:26:29,435 - Classification Fails.
2024-01-26 13:26:29,435 - Link Generation Succeeds.
2024-01-26 13:26:42,033 - Victim node is 619.
2024-01-26 13:26:42,033 - tensor([2708, 2710, 2712], device='cuda:0')
2024-01-26 13:26:42,033 - Classification Succeeds.
2024-01-26 13:26:42,033 - Link Generation Succeeds.
2024-01-26 13:26:54,445 - Victim node is 2040.
2024-01-26 13:26:54,445 - tensor([ 963, 2711, 2712], device='cuda:0')
2024-01-26 13:26:54,445 - Classification Succeeds.
2024-01-26 13:26:54,445 - Link Generation Succeeds.
2024-01-26 13:27:06,699 - Victim node is 1596.
2024-01-26 13:27:06,699 - tensor([1119, 1358, 2124], device='cuda:0')
2024-01-26 13:27:06,700 - Classification Succeeds.
2024-01-26 13:27:06,700 - Link Generation Fails.
2024-01-26 13:27:18,987 - Victim node is 1420.
2024-01-26 13:27:18,987 - tensor([ 306, 1623, 1986], device='cuda:0')
2024-01-26 13:27:18,988 - Classification Fails.
2024-01-26 13:27:18,988 - Link Generation Fails.
2024-01-26 13:27:31,211 - Victim node is 69.
2024-01-26 13:27:31,211 - tensor([ 306, 1358, 1986], device='cuda:0')
2024-01-26 13:27:31,212 - Classification Succeeds.
2024-01-26 13:27:31,212 - Link Generation Fails.
2024-01-26 13:27:43,509 - Victim node is 2098.
2024-01-26 13:27:43,509 - tensor([1257, 1692, 1903], device='cuda:0')
2024-01-26 13:27:43,509 - Classification Fails.
2024-01-26 13:27:43,509 - Link Generation Fails.
2024-01-26 13:27:55,851 - Victim node is 2227.
2024-01-26 13:27:55,851 - tensor([2709, 2711, 2712], device='cuda:0')
2024-01-26 13:27:55,851 - Classification Fails.
2024-01-26 13:27:55,851 - Link Generation Succeeds.
2024-01-26 13:28:08,110 - Victim node is 2033.
2024-01-26 13:28:08,110 - tensor([2708, 2709, 2712], device='cuda:0')
2024-01-26 13:28:08,111 - Classification Succeeds.
2024-01-26 13:28:08,111 - Link Generation Succeeds.
2024-01-26 13:28:20,513 - Victim node is 167.
2024-01-26 13:28:20,513 - tensor([2708, 2709, 2711], device='cuda:0')
2024-01-26 13:28:20,513 - Classification Fails.
2024-01-26 13:28:20,513 - Link Generation Succeeds.
2024-01-26 13:28:32,919 - Victim node is 1748.
2024-01-26 13:28:32,920 - tensor([1013, 1701, 1914], device='cuda:0')
2024-01-26 13:28:32,920 - Classification Succeeds.
2024-01-26 13:28:32,920 - Link Generation Fails.
2024-01-26 13:28:45,285 - Victim node is 750.
2024-01-26 13:28:45,285 - tensor([2710, 2711, 2712], device='cuda:0')
2024-01-26 13:28:45,285 - Classification Fails.
2024-01-26 13:28:45,285 - Link Generation Succeeds.
2024-01-26 13:28:57,592 - Victim node is 680.
2024-01-26 13:28:57,592 - tensor([1701, 1986, 2708], device='cuda:0')
2024-01-26 13:28:57,592 - Classification Fails.
2024-01-26 13:28:57,593 - Link Generation Succeeds.
2024-01-26 13:29:09,974 - Victim node is 2289.
2024-01-26 13:29:09,974 - tensor([2708, 2709, 2710], device='cuda:0')
2024-01-26 13:29:09,975 - Classification Fails.
2024-01-26 13:29:09,975 - Link Generation Succeeds.
2024-01-26 13:29:22,244 - Victim node is 258.
2024-01-26 13:29:22,244 - tensor([2708, 2709, 2710], device='cuda:0')
2024-01-26 13:29:22,244 - Classification Fails.
2024-01-26 13:29:22,244 - Link Generation Succeeds.
2024-01-26 13:29:34,498 - Victim node is 2010.
2024-01-26 13:29:34,498 - tensor([ 306, 1358, 1623], device='cuda:0')
2024-01-26 13:29:34,498 - Classification Fails.
2024-01-26 13:29:34,498 - Link Generation Fails.
2024-01-26 13:29:47,318 - Victim node is 2317.
2024-01-26 13:29:47,318 - tensor([1358, 1701, 1986], device='cuda:0')
2024-01-26 13:29:47,318 - Classification Succeeds.
2024-01-26 13:29:47,318 - Link Generation Fails.
2024-01-26 13:30:00,018 - Victim node is 2163.
2024-01-26 13:30:00,018 - tensor([ 306, 1358, 1986], device='cuda:0')
2024-01-26 13:30:00,018 - Classification Succeeds.
2024-01-26 13:30:00,018 - Link Generation Fails.
2024-01-26 13:30:12,487 - Victim node is 1656.
2024-01-26 13:30:12,487 - tensor([1358, 1623, 1914], device='cuda:0')
2024-01-26 13:30:12,487 - Classification Succeeds.
2024-01-26 13:30:12,487 - Link Generation Fails.
2024-01-26 13:30:25,104 - Victim node is 1730.
2024-01-26 13:30:25,104 - tensor([ 306, 1623, 1986], device='cuda:0')
2024-01-26 13:30:25,105 - Classification Succeeds.
2024-01-26 13:30:25,105 - Link Generation Fails.
2024-01-26 13:30:37,723 - Victim node is 1903.
2024-01-26 13:30:37,723 - tensor([2708, 2709, 2710], device='cuda:0')
2024-01-26 13:30:37,725 - Classification Succeeds.
2024-01-26 13:30:37,725 - Link Generation Succeeds.
2024-01-26 13:30:50,354 - Victim node is 968.
2024-01-26 13:30:50,354 - tensor([1542, 1701, 1810], device='cuda:0')
2024-01-26 13:30:50,354 - Classification Fails.
2024-01-26 13:30:50,354 - Link Generation Fails.
2024-01-26 13:31:03,319 - Victim node is 818.
2024-01-26 13:31:03,320 - tensor([ 306, 1358, 1986], device='cuda:0')
2024-01-26 13:31:03,320 - Classification Fails.
2024-01-26 13:31:03,320 - Link Generation Fails.
2024-01-26 13:31:16,119 - Victim node is 755.
2024-01-26 13:31:16,119 - tensor([ 306, 1358, 2709], device='cuda:0')
2024-01-26 13:31:16,119 - Classification Fails.
2024-01-26 13:31:16,120 - Link Generation Succeeds.
2024-01-26 13:31:28,778 - Victim node is 529.
2024-01-26 13:31:28,778 - tensor([1013, 1358, 1914], device='cuda:0')
2024-01-26 13:31:28,778 - Classification Succeeds.
2024-01-26 13:31:28,778 - Link Generation Fails.
2024-01-26 13:31:41,643 - Victim node is 1873.
2024-01-26 13:31:41,643 - tensor([2708, 2711, 2712], device='cuda:0')
2024-01-26 13:31:41,643 - Classification Fails.
2024-01-26 13:31:41,643 - Link Generation Succeeds.
2024-01-26 13:31:54,436 - Victim node is 1964.
2024-01-26 13:31:54,436 - tensor([2708, 2709, 2710], device='cuda:0')
2024-01-26 13:31:54,436 - Classification Fails.
2024-01-26 13:31:54,436 - Link Generation Succeeds.
2024-01-26 13:32:07,258 - Victim node is 2247.
2024-01-26 13:32:07,259 - tensor([2708, 2709, 2710], device='cuda:0')
2024-01-26 13:32:07,259 - Classification Fails.
2024-01-26 13:32:07,259 - Link Generation Succeeds.
2024-01-26 13:32:19,823 - Victim node is 1980.
2024-01-26 13:32:19,823 - tensor([1013, 1701, 1986], device='cuda:0')
2024-01-26 13:32:19,824 - Classification Fails.
2024-01-26 13:32:19,824 - Link Generation Fails.
2024-01-26 13:32:32,376 - Victim node is 53.
2024-01-26 13:32:32,376 - tensor([ 306, 1701, 1986], device='cuda:0')
2024-01-26 13:32:32,376 - Classification Succeeds.
2024-01-26 13:32:32,376 - Link Generation Fails.
2024-01-26 13:32:45,207 - Victim node is 1149.
2024-01-26 13:32:45,207 - tensor([ 306, 1013, 1914], device='cuda:0')
2024-01-26 13:32:45,207 - Classification Succeeds.
2024-01-26 13:32:45,207 - Link Generation Fails.
2024-01-26 13:32:57,806 - Victim node is 303.
2024-01-26 13:32:57,806 - tensor([ 306, 1358, 1623], device='cuda:0')
2024-01-26 13:32:57,806 - Classification Succeeds.
2024-01-26 13:32:57,806 - Link Generation Fails.
2024-01-26 13:33:10,553 - Victim node is 175.
2024-01-26 13:33:10,553 - tensor([  88,  306, 1358], device='cuda:0')
2024-01-26 13:33:10,553 - Classification Succeeds.
2024-01-26 13:33:10,553 - Link Generation Fails.
2024-01-26 13:33:23,026 - Victim node is 1109.
2024-01-26 13:33:23,026 - tensor([ 963, 1257, 2710], device='cuda:0')
2024-01-26 13:33:23,027 - Classification Succeeds.
2024-01-26 13:33:23,027 - Link Generation Succeeds.
2024-01-26 13:33:35,596 - Victim node is 953.
2024-01-26 13:33:35,596 - tensor([2708, 2709, 2710], device='cuda:0')
2024-01-26 13:33:35,597 - Classification Fails.
2024-01-26 13:33:35,597 - Link Generation Succeeds.
2024-01-26 13:33:48,131 - Victim node is 2608.
2024-01-26 13:33:48,131 - tensor([ 306, 1358, 1914], device='cuda:0')
2024-01-26 13:33:48,132 - Classification Succeeds.
2024-01-26 13:33:48,132 - Link Generation Fails.
2024-01-26 13:34:00,687 - Victim node is 1053.
2024-01-26 13:34:00,687 - tensor([ 306, 1701, 1986], device='cuda:0')
2024-01-26 13:34:00,687 - Classification Succeeds.
2024-01-26 13:34:00,687 - Link Generation Fails.
2024-01-26 13:34:13,170 - Victim node is 1608.
2024-01-26 13:34:13,170 - tensor([2708, 2709, 2710], device='cuda:0')
2024-01-26 13:34:13,170 - Classification Succeeds.
2024-01-26 13:34:13,170 - Link Generation Succeeds.
2024-01-26 13:34:25,826 - Victim node is 2165.
2024-01-26 13:34:25,826 - tensor([ 306, 1013, 1358], device='cuda:0')
2024-01-26 13:34:25,826 - Classification Succeeds.
2024-01-26 13:34:25,826 - Link Generation Fails.
2024-01-26 13:34:38,634 - Victim node is 917.
2024-01-26 13:34:38,634 - tensor([ 306, 1358, 1701], device='cuda:0')
2024-01-26 13:34:38,634 - Classification Fails.
2024-01-26 13:34:38,634 - Link Generation Fails.
2024-01-26 13:34:51,118 - Victim node is 918.
2024-01-26 13:34:51,118 - tensor([ 306, 1358, 1986], device='cuda:0')
2024-01-26 13:34:51,118 - Classification Succeeds.
2024-01-26 13:34:51,119 - Link Generation Fails.
2024-01-26 13:35:03,771 - Victim node is 1714.
2024-01-26 13:35:03,771 - tensor([2708, 2709, 2711], device='cuda:0')
2024-01-26 13:35:03,772 - Classification Fails.
2024-01-26 13:35:03,772 - Link Generation Succeeds.
2024-01-26 13:35:16,184 - Victim node is 2437.
2024-01-26 13:35:16,184 - tensor([1701, 2709, 2710], device='cuda:0')
2024-01-26 13:35:16,185 - Classification Fails.
2024-01-26 13:35:16,185 - Link Generation Succeeds.
2024-01-26 13:35:28,677 - Victim node is 1155.
2024-01-26 13:35:28,677 - tensor([ 306, 1358, 1986], device='cuda:0')
2024-01-26 13:35:28,677 - Classification Succeeds.
2024-01-26 13:35:28,677 - Link Generation Fails.
2024-01-26 13:35:41,194 - Victim node is 2005.
2024-01-26 13:35:41,194 - tensor([1701, 1810, 1950], device='cuda:0')
2024-01-26 13:35:41,195 - Classification Succeeds.
2024-01-26 13:35:41,195 - Link Generation Fails.
2024-01-26 13:35:53,635 - Victim node is 593.
2024-01-26 13:35:53,635 - tensor([2709, 2711, 2712], device='cuda:0')
2024-01-26 13:35:53,636 - Classification Succeeds.
2024-01-26 13:35:53,636 - Link Generation Succeeds.
2024-01-26 13:36:06,029 - Victim node is 1631.
2024-01-26 13:36:06,029 - tensor([ 306, 1358, 1623], device='cuda:0')
2024-01-26 13:36:06,029 - Classification Succeeds.
2024-01-26 13:36:06,029 - Link Generation Fails.
2024-01-26 13:36:18,655 - Victim node is 2296.
2024-01-26 13:36:18,655 - tensor([2709, 2710, 2712], device='cuda:0')
2024-01-26 13:36:18,655 - Classification Fails.
2024-01-26 13:36:18,655 - Link Generation Succeeds.
2024-01-26 13:36:31,220 - Victim node is 1741.
2024-01-26 13:36:31,221 - tensor([ 306, 1013, 2710], device='cuda:0')
2024-01-26 13:36:31,221 - Classification Fails.
2024-01-26 13:36:31,221 - Link Generation Succeeds.
2024-01-26 13:36:44,128 - Victim node is 992.
2024-01-26 13:36:44,128 - tensor([2708, 2709, 2710], device='cuda:0')
2024-01-26 13:36:44,128 - Classification Succeeds.
2024-01-26 13:36:44,128 - Link Generation Succeeds.
2024-01-26 13:36:56,938 - Victim node is 1535.
2024-01-26 13:36:56,938 - tensor([2709, 2711, 2712], device='cuda:0')
2024-01-26 13:36:56,938 - Classification Succeeds.
2024-01-26 13:36:56,938 - Link Generation Succeeds.
2024-01-26 13:37:09,601 - Victim node is 1899.
2024-01-26 13:37:09,601 - tensor([2708, 2709, 2710], device='cuda:0')
2024-01-26 13:37:09,602 - Classification Fails.
2024-01-26 13:37:09,602 - Link Generation Succeeds.
2024-01-26 13:37:22,297 - Victim node is 1297.
2024-01-26 13:37:22,297 - tensor([ 306, 1701, 1986], device='cuda:0')
2024-01-26 13:37:22,297 - Classification Succeeds.
2024-01-26 13:37:22,297 - Link Generation Fails.
2024-01-26 13:37:35,149 - Victim node is 1716.
2024-01-26 13:37:35,149 - tensor([1169, 1483, 1623], device='cuda:0')
2024-01-26 13:37:35,149 - Classification Succeeds.
2024-01-26 13:37:35,149 - Link Generation Fails.
2024-01-26 13:37:47,936 - Victim node is 1331.
2024-01-26 13:37:47,936 - tensor([ 306, 1358, 1986], device='cuda:0')
2024-01-26 13:37:47,936 - Classification Succeeds.
2024-01-26 13:37:47,936 - Link Generation Fails.
2024-01-26 13:38:00,641 - Victim node is 765.
2024-01-26 13:38:00,641 - tensor([2708, 2709, 2710], device='cuda:0')
2024-01-26 13:38:00,641 - Classification Fails.
2024-01-26 13:38:00,641 - Link Generation Succeeds.
2024-01-26 13:38:13,359 - Victim node is 193.
2024-01-26 13:38:13,359 - tensor([2708, 2709, 2710], device='cuda:0')
2024-01-26 13:38:13,359 - Classification Fails.
2024-01-26 13:38:13,359 - Link Generation Succeeds.
2024-01-26 13:38:25,941 - Victim node is 2224.
2024-01-26 13:38:25,941 - tensor([2708, 2709, 2710], device='cuda:0')
2024-01-26 13:38:25,941 - Classification Fails.
2024-01-26 13:38:25,941 - Link Generation Succeeds.
2024-01-26 13:38:38,563 - Victim node is 1946.
2024-01-26 13:38:38,564 - tensor([1701, 1986, 2709], device='cuda:0')
2024-01-26 13:38:38,564 - Classification Fails.
2024-01-26 13:38:38,564 - Link Generation Succeeds.
2024-01-26 13:38:51,073 - Victim node is 806.
2024-01-26 13:38:51,074 - tensor([ 306, 1358, 1986], device='cuda:0')
2024-01-26 13:38:51,074 - Classification Succeeds.
2024-01-26 13:38:51,074 - Link Generation Fails.
2024-01-26 13:39:03,608 - Victim node is 2374.
2024-01-26 13:39:03,608 - tensor([2708, 2709, 2710], device='cuda:0')
2024-01-26 13:39:03,608 - Classification Fails.
2024-01-26 13:39:03,609 - Link Generation Succeeds.
2024-01-26 13:39:16,139 - Victim node is 419.
2024-01-26 13:39:16,139 - tensor([2708, 2709, 2710], device='cuda:0')
2024-01-26 13:39:16,139 - Classification Succeeds.
2024-01-26 13:39:16,139 - Link Generation Succeeds.
2024-01-26 13:39:28,684 - Victim node is 168.
2024-01-26 13:39:28,685 - tensor([1119, 1701, 1986], device='cuda:0')
2024-01-26 13:39:28,685 - Classification Fails.
2024-01-26 13:39:28,685 - Link Generation Fails.
2024-01-26 13:39:41,280 - Victim node is 2130.
2024-01-26 13:39:41,281 - tensor([ 507, 1542, 1692], device='cuda:0')
2024-01-26 13:39:41,281 - Classification Succeeds.
2024-01-26 13:39:41,281 - Link Generation Fails.
2024-01-26 13:39:53,662 - Victim node is 1986.
2024-01-26 13:39:53,662 - tensor([ 507, 1542, 1701], device='cuda:0')
2024-01-26 13:39:53,662 - Classification Succeeds.
2024-01-26 13:39:53,662 - Link Generation Fails.
2024-01-26 13:40:06,181 - Victim node is 1129.
2024-01-26 13:40:06,181 - tensor([2708, 2709, 2710], device='cuda:0')
2024-01-26 13:40:06,181 - Classification Fails.
2024-01-26 13:40:06,181 - Link Generation Succeeds.
2024-01-26 13:40:18,749 - Victim node is 1619.
2024-01-26 13:40:18,749 - tensor([2708, 2709, 2710], device='cuda:0')
2024-01-26 13:40:18,750 - Classification Fails.
2024-01-26 13:40:18,750 - Link Generation Succeeds.
2024-01-26 13:40:31,427 - Victim node is 544.
2024-01-26 13:40:31,427 - tensor([2710, 2711, 2712], device='cuda:0')
2024-01-26 13:40:31,427 - Classification Fails.
2024-01-26 13:40:31,428 - Link Generation Succeeds.
2024-01-26 13:40:43,973 - Victim node is 1639.
2024-01-26 13:40:43,973 - tensor([2708, 2709, 2710], device='cuda:0')
2024-01-26 13:40:43,973 - Classification Fails.
2024-01-26 13:40:43,973 - Link Generation Succeeds.
2024-01-26 13:40:56,555 - Victim node is 2376.
2024-01-26 13:40:56,555 - tensor([2708, 2709, 2710], device='cuda:0')
2024-01-26 13:40:56,555 - Classification Fails.
2024-01-26 13:40:56,555 - Link Generation Succeeds.
2024-01-26 13:41:09,196 - Victim node is 2105.
2024-01-26 13:41:09,196 - tensor([1358, 2709, 2710], device='cuda:0')
2024-01-26 13:41:09,197 - Classification Fails.
2024-01-26 13:41:09,197 - Link Generation Succeeds.
2024-01-26 13:41:21,735 - Victim node is 2139.
2024-01-26 13:41:21,735 - tensor([1701, 1810, 1986], device='cuda:0')
2024-01-26 13:41:21,735 - Classification Succeeds.
2024-01-26 13:41:21,735 - Link Generation Fails.
2024-01-26 13:41:34,255 - Victim node is 2568.
2024-01-26 13:41:34,255 - tensor([1955, 2708, 2712], device='cuda:0')
2024-01-26 13:41:34,255 - Classification Fails.
2024-01-26 13:41:34,255 - Link Generation Succeeds.
2024-01-26 13:41:46,770 - Victim node is 1869.
2024-01-26 13:41:46,770 - tensor([ 733, 1119, 2034], device='cuda:0')
2024-01-26 13:41:46,771 - Classification Succeeds.
2024-01-26 13:41:46,771 - Link Generation Fails.
2024-01-26 13:41:59,314 - Victim node is 849.
2024-01-26 13:41:59,314 - tensor([ 733, 1810, 2034], device='cuda:0')
2024-01-26 13:41:59,314 - Classification Fails.
2024-01-26 13:41:59,315 - Link Generation Fails.
2024-01-26 13:42:12,022 - Victim node is 1409.
2024-01-26 13:42:12,022 - tensor([1257, 2709, 2710], device='cuda:0')
2024-01-26 13:42:12,022 - Classification Fails.
2024-01-26 13:42:12,023 - Link Generation Succeeds.
2024-01-26 13:42:24,950 - Victim node is 1379.
2024-01-26 13:42:24,951 - tensor([2708, 2709, 2710], device='cuda:0')
2024-01-26 13:42:24,951 - Classification Fails.
2024-01-26 13:42:24,951 - Link Generation Succeeds.
2024-01-26 13:42:37,970 - Victim node is 1706.
2024-01-26 13:42:37,970 - tensor([ 306, 1358, 1986], device='cuda:0')
2024-01-26 13:42:37,970 - Classification Succeeds.
2024-01-26 13:42:37,970 - Link Generation Fails.
2024-01-26 13:42:50,877 - Victim node is 2174.
2024-01-26 13:42:50,877 - tensor([2708, 2709, 2710], device='cuda:0')
2024-01-26 13:42:50,877 - Classification Fails.
2024-01-26 13:42:50,878 - Link Generation Succeeds.
2024-01-26 13:43:03,757 - Victim node is 2106.
2024-01-26 13:43:03,757 - tensor([ 306, 1358, 1986], device='cuda:0')
2024-01-26 13:43:03,758 - Classification Succeeds.
2024-01-26 13:43:03,758 - Link Generation Fails.
2024-01-26 13:43:16,448 - Victim node is 2639.
2024-01-26 13:43:16,448 - tensor([2708, 2709, 2710], device='cuda:0')
2024-01-26 13:43:16,448 - Classification Fails.
2024-01-26 13:43:16,448 - Link Generation Succeeds.
2024-01-26 13:43:29,061 - Victim node is 2263.
2024-01-26 13:43:29,061 - tensor([ 963, 1257, 2710], device='cuda:0')
2024-01-26 13:43:29,061 - Classification Succeeds.
2024-01-26 13:43:29,062 - Link Generation Succeeds.
2024-01-26 13:43:41,745 - Victim node is 418.
2024-01-26 13:43:41,745 - tensor([2708, 2709, 2710], device='cuda:0')
2024-01-26 13:43:41,745 - Classification Succeeds.
2024-01-26 13:43:41,745 - Link Generation Succeeds.
2024-01-26 13:43:54,646 - Victim node is 2528.
2024-01-26 13:43:54,647 - tensor([2708, 2709, 2710], device='cuda:0')
2024-01-26 13:43:54,647 - Classification Fails.
2024-01-26 13:43:54,647 - Link Generation Succeeds.
2024-01-26 13:44:07,105 - Victim node is 2394.
2024-01-26 13:44:07,105 - tensor([ 306, 1701, 1986], device='cuda:0')
2024-01-26 13:44:07,105 - Classification Fails.
2024-01-26 13:44:07,105 - Link Generation Fails.
2024-01-26 13:44:19,222 - Victim node is 1888.
2024-01-26 13:44:19,222 - tensor([ 702, 1169, 1358], device='cuda:0')
2024-01-26 13:44:19,223 - Classification Succeeds.
2024-01-26 13:44:19,223 - Link Generation Fails.
2024-01-26 13:44:31,588 - Victim node is 2297.
2024-01-26 13:44:31,588 - tensor([2708, 2709, 2710], device='cuda:0')
2024-01-26 13:44:31,588 - Classification Fails.
2024-01-26 13:44:31,588 - Link Generation Succeeds.
2024-01-26 13:44:43,972 - Victim node is 2491.
2024-01-26 13:44:43,972 - tensor([ 12, 735, 739], device='cuda:0')
2024-01-26 13:44:43,973 - Classification Succeeds.
2024-01-26 13:44:43,973 - Link Generation Fails.
2024-01-26 13:44:56,021 - Victim node is 2704.
2024-01-26 13:44:56,021 - tensor([2708, 2709, 2710], device='cuda:0')
2024-01-26 13:44:56,022 - Classification Fails.
2024-01-26 13:44:56,022 - Link Generation Succeeds.
2024-01-26 13:45:08,075 - Victim node is 259.
2024-01-26 13:45:08,075 - tensor([2708, 2709, 2710], device='cuda:0')
2024-01-26 13:45:08,075 - Classification Fails.
2024-01-26 13:45:08,075 - Link Generation Succeeds.
2024-01-26 13:45:20,117 - Victim node is 212.
2024-01-26 13:45:20,117 - tensor([2708, 2709, 2710], device='cuda:0')
2024-01-26 13:45:20,117 - Classification Fails.
2024-01-26 13:45:20,117 - Link Generation Succeeds.
2024-01-26 13:45:31,981 - Victim node is 364.
2024-01-26 13:45:31,981 - tensor([ 306, 1701, 1986], device='cuda:0')
2024-01-26 13:45:31,981 - Classification Succeeds.
2024-01-26 13:45:31,981 - Link Generation Fails.
2024-01-26 13:45:43,842 - Victim node is 1128.
2024-01-26 13:45:43,843 - tensor([2708, 2709, 2710], device='cuda:0')
2024-01-26 13:45:43,843 - Classification Fails.
2024-01-26 13:45:43,843 - Link Generation Succeeds.
2024-01-26 13:45:55,694 - Victim node is 2031.
2024-01-26 13:45:55,694 - tensor([2708, 2710, 2711], device='cuda:0')
2024-01-26 13:45:55,694 - Classification Succeeds.
2024-01-26 13:45:55,694 - Link Generation Succeeds.
2024-01-26 13:46:07,690 - Victim node is 1262.
2024-01-26 13:46:07,690 - tensor([ 306, 1358, 1986], device='cuda:0')
2024-01-26 13:46:07,691 - Classification Succeeds.
2024-01-26 13:46:07,691 - Link Generation Fails.
2024-01-26 13:46:19,743 - Victim node is 1429.
2024-01-26 13:46:19,743 - tensor([ 963, 1257, 1955], device='cuda:0')
2024-01-26 13:46:19,744 - Classification Succeeds.
2024-01-26 13:46:19,744 - Link Generation Fails.
2024-01-26 13:46:31,889 - Victim node is 2379.
2024-01-26 13:46:31,889 - tensor([1701, 1986, 2034], device='cuda:0')
2024-01-26 13:46:31,889 - Classification Succeeds.
2024-01-26 13:46:31,889 - Link Generation Fails.
2024-01-26 13:46:49,158 - Victim node is 719.
2024-01-26 13:46:49,158 - tensor([1358, 1986, 2709], device='cuda:0')
2024-01-26 13:46:49,159 - Classification Fails.
2024-01-26 13:46:49,159 - Link Generation Succeeds.
2024-01-26 13:47:16,542 - Victim node is 2250.
2024-01-26 13:47:16,544 - tensor([2708, 2709, 2710], device='cuda:0')
2024-01-26 13:47:16,544 - Classification Fails.
2024-01-26 13:47:16,544 - Link Generation Succeeds.
2024-01-26 13:47:46,102 - Victim node is 2377.
2024-01-26 13:47:46,102 - tensor([2708, 2711, 2712], device='cuda:0')
2024-01-26 13:47:46,102 - Classification Fails.
2024-01-26 13:47:46,102 - Link Generation Succeeds.
2024-01-26 13:48:06,966 - Victim node is 352.
2024-01-26 13:48:06,966 - tensor([1701, 1986, 2034], device='cuda:0')
2024-01-26 13:48:06,967 - Classification Succeeds.
2024-01-26 13:48:06,967 - Link Generation Fails.
2024-01-26 13:48:21,921 - Victim node is 2370.
2024-01-26 13:48:21,921 - tensor([2708, 2709, 2710], device='cuda:0')
2024-01-26 13:48:21,922 - Classification Fails.
2024-01-26 13:48:21,922 - Link Generation Succeeds.
2024-01-26 13:48:34,752 - Victim node is 1464.
2024-01-26 13:48:34,752 - tensor([2708, 2709, 2710], device='cuda:0')
2024-01-26 13:48:34,753 - Classification Fails.
2024-01-26 13:48:34,753 - Link Generation Succeeds.
2024-01-26 13:48:47,594 - Victim node is 2075.
2024-01-26 13:48:47,594 - tensor([ 306, 1358, 1986], device='cuda:0')
2024-01-26 13:48:47,594 - Classification Succeeds.
2024-01-26 13:48:47,594 - Link Generation Fails.
2024-01-26 13:49:00,458 - Victim node is 621.
2024-01-26 13:49:00,458 - tensor([2708, 2710, 2712], device='cuda:0')
2024-01-26 13:49:00,458 - Classification Succeeds.
2024-01-26 13:49:00,458 - Link Generation Succeeds.
2024-01-26 13:49:13,496 - Victim node is 970.
2024-01-26 13:49:13,496 - tensor([ 306, 1701, 1986], device='cuda:0')
2024-01-26 13:49:13,496 - Classification Succeeds.
2024-01-26 13:49:13,496 - Link Generation Fails.
2024-01-26 13:49:26,278 - Victim node is 541.
2024-01-26 13:49:26,278 - tensor([2708, 2709, 2710], device='cuda:0')
2024-01-26 13:49:26,279 - Classification Fails.
2024-01-26 13:49:26,279 - Link Generation Succeeds.
2024-01-26 13:49:39,378 - Victim node is 341.
2024-01-26 13:49:39,378 - tensor([ 306, 1701, 1986], device='cuda:0')
2024-01-26 13:49:39,379 - Classification Succeeds.
2024-01-26 13:49:39,379 - Link Generation Fails.
2024-01-26 13:49:52,444 - Victim node is 1884.
2024-01-26 13:49:52,444 - tensor([2708, 2709, 2710], device='cuda:0')
2024-01-26 13:49:52,444 - Classification Fails.
2024-01-26 13:49:52,444 - Link Generation Succeeds.
2024-01-26 13:50:05,242 - Victim node is 2192.
2024-01-26 13:50:05,242 - tensor([2708, 2709, 2710], device='cuda:0')
2024-01-26 13:50:05,242 - Classification Succeeds.
2024-01-26 13:50:05,242 - Link Generation Succeeds.
2024-01-26 13:50:18,150 - Victim node is 1916.
2024-01-26 13:50:18,150 - tensor([ 306, 1358, 1986], device='cuda:0')
2024-01-26 13:50:18,151 - Classification Succeeds.
2024-01-26 13:50:18,151 - Link Generation Fails.
2024-01-26 13:50:31,022 - Victim node is 133.
2024-01-26 13:50:31,022 - tensor([ 306, 1358, 1986], device='cuda:0')
2024-01-26 13:50:31,023 - Classification Succeeds.
2024-01-26 13:50:31,023 - Link Generation Fails.
2024-01-26 13:50:43,795 - Victim node is 1810.
2024-01-26 13:50:43,795 - tensor([ 733, 1703, 2034], device='cuda:0')
2024-01-26 13:50:43,795 - Classification Succeeds.
2024-01-26 13:50:43,795 - Link Generation Fails.
2024-01-26 13:50:56,729 - Victim node is 1902.
2024-01-26 13:50:56,729 - tensor([2708, 2709, 2710], device='cuda:0')
2024-01-26 13:50:56,729 - Classification Fails.
2024-01-26 13:50:56,730 - Link Generation Succeeds.
2024-01-26 13:51:09,583 - Victim node is 825.
2024-01-26 13:51:09,583 - tensor([ 306, 1169, 1358], device='cuda:0')
2024-01-26 13:51:09,583 - Classification Succeeds.
2024-01-26 13:51:09,583 - Link Generation Fails.
2024-01-26 13:51:22,326 - Victim node is 2071.
2024-01-26 13:51:22,326 - tensor([ 306, 1358, 2711], device='cuda:0')
2024-01-26 13:51:22,326 - Classification Fails.
2024-01-26 13:51:22,326 - Link Generation Succeeds.
2024-01-26 13:51:35,076 - Victim node is 1804.
2024-01-26 13:51:35,076 - tensor([2709, 2710, 2712], device='cuda:0')
2024-01-26 13:51:35,076 - Classification Succeeds.
2024-01-26 13:51:35,076 - Link Generation Succeeds.
2024-01-26 13:51:47,836 - Victim node is 573.
2024-01-26 13:51:47,836 - tensor([2708, 2709, 2710], device='cuda:0')
2024-01-26 13:51:47,836 - Classification Succeeds.
2024-01-26 13:51:47,836 - Link Generation Succeeds.
2024-01-26 13:52:00,636 - Victim node is 1612.
2024-01-26 13:52:00,636 - tensor([ 306, 1358, 1623], device='cuda:0')
2024-01-26 13:52:00,636 - Classification Succeeds.
2024-01-26 13:52:00,636 - Link Generation Fails.
2024-01-26 13:52:13,759 - Victim node is 1236.
2024-01-26 13:52:13,759 - tensor([2708, 2709, 2710], device='cuda:0')
2024-01-26 13:52:13,759 - Classification Fails.
2024-01-26 13:52:13,759 - Link Generation Succeeds.
2024-01-26 13:52:26,756 - Victim node is 2067.
2024-01-26 13:52:26,756 - tensor([ 306, 1358, 1986], device='cuda:0')
2024-01-26 13:52:26,757 - Classification Succeeds.
2024-01-26 13:52:26,757 - Link Generation Fails.
2024-01-26 13:52:39,908 - Victim node is 527.
2024-01-26 13:52:39,908 - tensor([1701, 1986, 2034], device='cuda:0')
2024-01-26 13:52:39,909 - Classification Succeeds.
2024-01-26 13:52:39,909 - Link Generation Fails.
2024-01-26 13:52:52,846 - Victim node is 2623.
2024-01-26 13:52:52,847 - tensor([2708, 2709, 2710], device='cuda:0')
2024-01-26 13:52:52,847 - Classification Fails.
2024-01-26 13:52:52,847 - Link Generation Succeeds.
2024-01-26 13:53:05,768 - Victim node is 186.
2024-01-26 13:53:05,768 - tensor([2708, 2709, 2710], device='cuda:0')
2024-01-26 13:53:05,769 - Classification Fails.
2024-01-26 13:53:05,769 - Link Generation Succeeds.
2024-01-26 13:53:19,090 - Victim node is 1187.
2024-01-26 13:53:19,090 - tensor([2708, 2709, 2710], device='cuda:0')
2024-01-26 13:53:19,090 - Classification Fails.
2024-01-26 13:53:19,090 - Link Generation Succeeds.
2024-01-26 13:53:31,944 - Victim node is 1990.
2024-01-26 13:53:31,944 - tensor([ 310, 1701, 1810], device='cuda:0')
2024-01-26 13:53:31,945 - Classification Fails.
2024-01-26 13:53:31,945 - Link Generation Fails.
2024-01-26 13:53:44,728 - Victim node is 1566.
2024-01-26 13:53:44,729 - tensor([ 306, 1358, 1701], device='cuda:0')
2024-01-26 13:53:44,729 - Classification Succeeds.
2024-01-26 13:53:44,729 - Link Generation Fails.
2024-01-26 13:53:57,859 - Victim node is 1310.
2024-01-26 13:53:57,859 - tensor([2708, 2709, 2710], device='cuda:0')
2024-01-26 13:53:57,859 - Classification Fails.
2024-01-26 13:53:57,860 - Link Generation Succeeds.
2024-01-26 13:54:10,711 - Victim node is 1559.
2024-01-26 13:54:10,713 - tensor([1257, 2238, 2248], device='cuda:0')
2024-01-26 13:54:10,713 - Classification Succeeds.
2024-01-26 13:54:10,713 - Link Generation Fails.
2024-01-26 13:54:23,674 - Victim node is 1681.
2024-01-26 13:54:23,674 - tensor([2708, 2709, 2710], device='cuda:0')
2024-01-26 13:54:23,675 - Classification Fails.
2024-01-26 13:54:23,675 - Link Generation Succeeds.
2024-01-26 13:54:37,524 - Victim node is 2607.
2024-01-26 13:54:37,525 - tensor([2708, 2709, 2710], device='cuda:0')
2024-01-26 13:54:37,525 - Classification Fails.
2024-01-26 13:54:37,525 - Link Generation Succeeds.
2024-01-26 13:54:50,544 - Victim node is 1647.
2024-01-26 13:54:50,545 - tensor([2708, 2709, 2710], device='cuda:0')
2024-01-26 13:54:50,545 - Classification Succeeds.
2024-01-26 13:54:50,545 - Link Generation Succeeds.
2024-01-26 13:55:03,552 - Victim node is 2210.
2024-01-26 13:55:03,552 - tensor([ 306, 1358, 2711], device='cuda:0')
2024-01-26 13:55:03,552 - Classification Succeeds.
2024-01-26 13:55:03,552 - Link Generation Succeeds.
2024-01-26 13:55:16,590 - Victim node is 716.
2024-01-26 13:55:16,590 - tensor([ 306, 1358, 1701], device='cuda:0')
2024-01-26 13:55:16,591 - Classification Fails.
2024-01-26 13:55:16,591 - Link Generation Fails.
2024-01-26 13:55:29,675 - Victim node is 738.
2024-01-26 13:55:29,675 - tensor([  88, 1358, 1986], device='cuda:0')
2024-01-26 13:55:29,676 - Classification Fails.
2024-01-26 13:55:29,676 - Link Generation Fails.
2024-01-26 13:55:42,558 - Victim node is 1764.
2024-01-26 13:55:42,558 - tensor([2708, 2710, 2712], device='cuda:0')
2024-01-26 13:55:42,558 - Classification Fails.
2024-01-26 13:55:42,558 - Link Generation Succeeds.
2024-01-26 13:55:55,591 - Victim node is 2198.
2024-01-26 13:55:55,591 - tensor([ 306, 1358, 1986], device='cuda:0')
2024-01-26 13:55:55,591 - Classification Succeeds.
2024-01-26 13:55:55,591 - Link Generation Fails.
2024-01-26 13:56:08,454 - Victim node is 1320.
2024-01-26 13:56:08,454 - tensor([1692, 2001, 2238], device='cuda:0')
2024-01-26 13:56:08,454 - Classification Succeeds.
2024-01-26 13:56:08,454 - Link Generation Fails.
2024-01-26 13:56:21,357 - Victim node is 1655.
2024-01-26 13:56:21,357 - tensor([ 306, 1986, 2711], device='cuda:0')
2024-01-26 13:56:21,357 - Classification Fails.
2024-01-26 13:56:21,358 - Link Generation Succeeds.
2024-01-26 13:56:34,327 - Victim node is 1658.
2024-01-26 13:56:34,328 - tensor([ 306, 1358, 1986], device='cuda:0')
2024-01-26 13:56:34,328 - Classification Fails.
2024-01-26 13:56:34,328 - Link Generation Fails.
2024-01-26 13:56:47,162 - Victim node is 17.
2024-01-26 13:56:47,162 - tensor([2708, 2709, 2710], device='cuda:0')
2024-01-26 13:56:47,163 - Classification Succeeds.
2024-01-26 13:56:47,163 - Link Generation Succeeds.
2024-01-26 13:57:00,092 - Victim node is 481.
2024-01-26 13:57:00,092 - tensor([ 306, 1013, 1358], device='cuda:0')
2024-01-26 13:57:00,092 - Classification Succeeds.
2024-01-26 13:57:00,093 - Link Generation Fails.
2024-01-26 13:57:13,032 - Victim node is 1609.
2024-01-26 13:57:13,032 - tensor([ 306, 1358, 1623], device='cuda:0')
2024-01-26 13:57:13,032 - Classification Succeeds.
2024-01-26 13:57:13,032 - Link Generation Fails.
2024-01-26 13:57:26,049 - Victim node is 1862.
2024-01-26 13:57:26,049 - tensor([2708, 2709, 2710], device='cuda:0')
2024-01-26 13:57:26,049 - Classification Fails.
2024-01-26 13:57:26,049 - Link Generation Succeeds.
2024-01-26 13:57:38,943 - Victim node is 2538.
2024-01-26 13:57:38,943 - tensor([2708, 2709, 2710], device='cuda:0')
2024-01-26 13:57:38,943 - Classification Fails.
2024-01-26 13:57:38,944 - Link Generation Succeeds.
2024-01-26 13:57:51,961 - Victim node is 775.
2024-01-26 13:57:51,961 - tensor([2708, 2709, 2710], device='cuda:0')
2024-01-26 13:57:51,961 - Classification Fails.
2024-01-26 13:57:51,961 - Link Generation Succeeds.
2024-01-26 13:58:04,974 - Victim node is 855.
2024-01-26 13:58:04,974 - tensor([2708, 2709, 2711], device='cuda:0')
2024-01-26 13:58:04,974 - Classification Fails.
2024-01-26 13:58:04,974 - Link Generation Succeeds.
2024-01-26 13:58:18,002 - Victim node is 447.
2024-01-26 13:58:18,002 - tensor([1169, 1358, 1914], device='cuda:0')
2024-01-26 13:58:18,002 - Classification Succeeds.
2024-01-26 13:58:18,002 - Link Generation Fails.
2024-01-26 13:58:30,834 - Victim node is 2074.
2024-01-26 13:58:30,834 - tensor([ 306, 1358, 1623], device='cuda:0')
2024-01-26 13:58:30,834 - Classification Succeeds.
2024-01-26 13:58:30,835 - Link Generation Fails.
2024-01-26 13:58:43,669 - Victim node is 546.
2024-01-26 13:58:43,669 - tensor([2708, 2709, 2710], device='cuda:0')
2024-01-26 13:58:43,669 - Classification Succeeds.
2024-01-26 13:58:43,670 - Link Generation Succeeds.
2024-01-26 13:58:58,610 - Victim node is 1793.
2024-01-26 13:58:58,610 - tensor([2708, 2709, 2710], device='cuda:0')
2024-01-26 13:58:58,611 - Classification Fails.
2024-01-26 13:58:58,611 - Link Generation Succeeds.
2024-01-26 13:59:30,141 - Victim node is 241.
2024-01-26 13:59:30,141 - tensor([2708, 2709, 2710], device='cuda:0')
2024-01-26 13:59:30,143 - Classification Fails.
2024-01-26 13:59:30,143 - Link Generation Succeeds.
2024-01-26 13:59:48,818 - Victim node is 1460.
2024-01-26 13:59:48,818 - tensor([2708, 2709, 2710], device='cuda:0')
2024-01-26 13:59:48,818 - Classification Fails.
2024-01-26 13:59:48,818 - Link Generation Succeeds.
2024-01-26 14:00:01,450 - Victim node is 147.
2024-01-26 14:00:01,450 - tensor([2709, 2710, 2711], device='cuda:0')
2024-01-26 14:00:01,451 - Classification Fails.
2024-01-26 14:00:01,451 - Link Generation Succeeds.
2024-01-26 14:00:14,101 - Victim node is 1454.
2024-01-26 14:00:14,101 - tensor([1701, 1986, 2708], device='cuda:0')
2024-01-26 14:00:14,102 - Classification Fails.
2024-01-26 14:00:14,102 - Link Generation Succeeds.
2024-01-26 14:00:26,957 - Victim node is 2673.
2024-01-26 14:00:26,957 - tensor([2708, 2709, 2710], device='cuda:0')
2024-01-26 14:00:26,958 - Classification Fails.
2024-01-26 14:00:26,958 - Link Generation Succeeds.
2024-01-26 14:00:39,937 - Victim node is 2099.
2024-01-26 14:00:39,937 - tensor([ 306, 1013, 1358], device='cuda:0')
2024-01-26 14:00:39,937 - Classification Succeeds.
2024-01-26 14:00:39,937 - Link Generation Fails.
2024-01-26 14:00:53,402 - Victim node is 2041.
2024-01-26 14:00:53,402 - tensor([ 306, 1358, 1986], device='cuda:0')
2024-01-26 14:00:53,403 - Classification Succeeds.
2024-01-26 14:00:53,403 - Link Generation Fails.
2024-01-26 14:01:06,328 - Victim node is 1760.
2024-01-26 14:01:06,328 - tensor([ 657, 1169, 1765], device='cuda:0')
2024-01-26 14:01:06,329 - Classification Succeeds.
2024-01-26 14:01:06,329 - Link Generation Fails.
2024-01-26 14:01:19,840 - Victim node is 2603.
2024-01-26 14:01:19,840 - tensor([1257, 2708, 2710], device='cuda:0')
2024-01-26 14:01:19,841 - Classification Fails.
2024-01-26 14:01:19,841 - Link Generation Succeeds.
2024-01-26 14:01:32,801 - Victim node is 1465.
2024-01-26 14:01:32,801 - tensor([1257, 1692, 2248], device='cuda:0')
2024-01-26 14:01:32,801 - Classification Fails.
2024-01-26 14:01:32,801 - Link Generation Fails.
2024-01-26 14:01:45,752 - Victim node is 2487.
2024-01-26 14:01:45,752 - tensor([ 306, 1358, 1986], device='cuda:0')
2024-01-26 14:01:45,753 - Classification Succeeds.
2024-01-26 14:01:45,753 - Link Generation Fails.
2024-01-26 14:01:58,775 - Victim node is 2631.
2024-01-26 14:01:58,775 - tensor([2708, 2709, 2710], device='cuda:0')
2024-01-26 14:01:58,775 - Classification Fails.
2024-01-26 14:01:58,775 - Link Generation Succeeds.
2024-01-26 14:02:11,607 - Victim node is 1536.
2024-01-26 14:02:11,607 - tensor([2708, 2709, 2710], device='cuda:0')
2024-01-26 14:02:11,608 - Classification Succeeds.
2024-01-26 14:02:11,608 - Link Generation Succeeds.
2024-01-26 14:02:24,504 - Victim node is 2396.
2024-01-26 14:02:24,504 - tensor([ 306, 1013, 1914], device='cuda:0')
2024-01-26 14:02:24,505 - Classification Succeeds.
2024-01-26 14:02:24,505 - Link Generation Fails.
2024-01-26 14:02:37,361 - Victim node is 974.
2024-01-26 14:02:37,361 - tensor([ 963, 1119, 1257], device='cuda:0')
2024-01-26 14:02:37,362 - Classification Fails.
2024-01-26 14:02:37,362 - Link Generation Fails.
2024-01-26 14:02:50,205 - Victim node is 1255.
2024-01-26 14:02:50,206 - tensor([2708, 2709, 2710], device='cuda:0')
2024-01-26 14:02:50,206 - Classification Fails.
2024-01-26 14:02:50,206 - Link Generation Succeeds.
2024-01-26 14:03:03,317 - Victim node is 2408.
2024-01-26 14:03:03,317 - tensor([ 733, 2034, 2712], device='cuda:0')
2024-01-26 14:03:03,318 - Classification Succeeds.
2024-01-26 14:03:03,318 - Link Generation Succeeds.
2024-01-26 14:03:16,334 - Victim node is 1530.
2024-01-26 14:03:16,335 - tensor([2708, 2709, 2710], device='cuda:0')
2024-01-26 14:03:16,335 - Classification Succeeds.
2024-01-26 14:03:16,335 - Link Generation Succeeds.
2024-01-26 14:03:28,968 - Victim node is 1806.
2024-01-26 14:03:28,968 - tensor([2708, 2709, 2711], device='cuda:0')
2024-01-26 14:03:28,968 - Classification Fails.
2024-01-26 14:03:28,968 - Link Generation Succeeds.
2024-01-26 14:03:41,674 - Victim node is 2335.
2024-01-26 14:03:41,674 - tensor([2708, 2709, 2710], device='cuda:0')
2024-01-26 14:03:41,674 - Classification Succeeds.
2024-01-26 14:03:41,674 - Link Generation Succeeds.
2024-01-26 14:03:54,410 - Victim node is 1800.
2024-01-26 14:03:54,410 - tensor([ 306, 1358, 2711], device='cuda:0')
2024-01-26 14:03:54,411 - Classification Fails.
2024-01-26 14:03:54,411 - Link Generation Succeeds.
2024-01-26 14:04:07,275 - Victim node is 1526.
2024-01-26 14:04:07,275 - tensor([1358, 1701, 1986], device='cuda:0')
2024-01-26 14:04:07,275 - Classification Succeeds.
2024-01-26 14:04:07,275 - Link Generation Fails.
2024-01-26 14:04:20,309 - Victim node is 1882.
2024-01-26 14:04:20,309 - tensor([2708, 2709, 2710], device='cuda:0')
2024-01-26 14:04:20,310 - Classification Fails.
2024-01-26 14:04:20,310 - Link Generation Succeeds.
2024-01-26 14:04:33,402 - Victim node is 1295.
2024-01-26 14:04:33,402 - tensor([1701, 1810, 2034], device='cuda:0')
2024-01-26 14:04:33,403 - Classification Succeeds.
2024-01-26 14:04:33,403 - Link Generation Fails.
2024-01-26 14:04:46,300 - Victim node is 721.
2024-01-26 14:04:46,300 - tensor([2708, 2709, 2710], device='cuda:0')
2024-01-26 14:04:46,300 - Classification Fails.
2024-01-26 14:04:46,300 - Link Generation Succeeds.
2024-01-26 14:04:59,131 - Victim node is 103.
2024-01-26 14:04:59,131 - tensor([1358, 2708, 2709], device='cuda:0')
2024-01-26 14:04:59,131 - Classification Succeeds.
2024-01-26 14:04:59,131 - Link Generation Succeeds.
2024-01-26 14:05:12,291 - Victim node is 2521.
2024-01-26 14:05:12,291 - tensor([2708, 2709, 2710], device='cuda:0')
2024-01-26 14:05:12,291 - Classification Fails.
2024-01-26 14:05:12,292 - Link Generation Succeeds.
2024-01-26 14:05:25,210 - Victim node is 2612.
2024-01-26 14:05:25,210 - tensor([2708, 2709, 2710], device='cuda:0')
2024-01-26 14:05:25,211 - Classification Succeeds.
2024-01-26 14:05:25,211 - Link Generation Succeeds.
2024-01-26 14:05:38,131 - Victim node is 490.
2024-01-26 14:05:38,131 - tensor([2708, 2709, 2711], device='cuda:0')
2024-01-26 14:05:38,131 - Classification Succeeds.
2024-01-26 14:05:38,132 - Link Generation Succeeds.
2024-01-26 14:05:50,990 - Victim node is 231.
2024-01-26 14:05:50,990 - tensor([ 306, 1358, 1986], device='cuda:0')
2024-01-26 14:05:50,990 - Classification Succeeds.
2024-01-26 14:05:50,990 - Link Generation Fails.
2024-01-26 14:06:03,715 - Victim node is 288.
2024-01-26 14:06:03,715 - tensor([ 735,  963, 1257], device='cuda:0')
2024-01-26 14:06:03,715 - Classification Fails.
2024-01-26 14:06:03,715 - Link Generation Fails.
2024-01-26 14:06:16,429 - Victim node is 833.
2024-01-26 14:06:16,429 - tensor([1119, 1701, 1986], device='cuda:0')
2024-01-26 14:06:16,430 - Classification Succeeds.
2024-01-26 14:06:16,430 - Link Generation Fails.
2024-01-26 14:06:29,268 - Victim node is 1284.
2024-01-26 14:06:29,268 - tensor([ 306, 1914, 1986], device='cuda:0')
2024-01-26 14:06:29,269 - Classification Succeeds.
2024-01-26 14:06:29,269 - Link Generation Fails.
2024-01-26 14:06:42,232 - Victim node is 1675.
2024-01-26 14:06:42,232 - tensor([1358, 1542, 1701], device='cuda:0')
2024-01-26 14:06:42,232 - Classification Succeeds.
2024-01-26 14:06:42,232 - Link Generation Fails.
2024-01-26 14:06:55,577 - Victim node is 2049.
2024-01-26 14:06:55,577 - tensor([ 306, 1358, 2709], device='cuda:0')
2024-01-26 14:06:55,578 - Classification Succeeds.
2024-01-26 14:06:55,578 - Link Generation Succeeds.
2024-01-26 14:07:08,571 - Victim node is 1975.
2024-01-26 14:07:08,571 - tensor([ 306, 1358, 1623], device='cuda:0')
2024-01-26 14:07:08,571 - Classification Succeeds.
2024-01-26 14:07:08,571 - Link Generation Fails.
2024-01-26 14:07:21,682 - Victim node is 437.
2024-01-26 14:07:21,682 - tensor([1013, 1914, 2394], device='cuda:0')
2024-01-26 14:07:21,682 - Classification Succeeds.
2024-01-26 14:07:21,682 - Link Generation Fails.
2024-01-26 14:07:34,626 - Victim node is 936.
2024-01-26 14:07:34,626 - tensor([ 306, 1358, 1986], device='cuda:0')
2024-01-26 14:07:34,627 - Classification Succeeds.
2024-01-26 14:07:34,627 - Link Generation Fails.
2024-01-26 14:07:47,625 - Victim node is 1659.
2024-01-26 14:07:47,625 - tensor([ 306, 1169, 1358], device='cuda:0')
2024-01-26 14:07:47,626 - Classification Succeeds.
2024-01-26 14:07:47,626 - Link Generation Fails.
2024-01-26 14:08:00,649 - Victim node is 228.
2024-01-26 14:08:00,649 - tensor([2708, 2709, 2710], device='cuda:0')
2024-01-26 14:08:00,649 - Classification Fails.
2024-01-26 14:08:00,649 - Link Generation Succeeds.
2024-01-26 14:08:13,390 - Victim node is 1164.
2024-01-26 14:08:13,390 - tensor([ 306, 1358, 1914], device='cuda:0')
2024-01-26 14:08:13,390 - Classification Succeeds.
2024-01-26 14:08:13,390 - Link Generation Fails.
2024-01-26 14:08:26,134 - Victim node is 2509.
2024-01-26 14:08:26,134 - tensor([ 733, 1701, 1986], device='cuda:0')
2024-01-26 14:08:26,134 - Classification Succeeds.
2024-01-26 14:08:26,134 - Link Generation Fails.
2024-01-26 14:08:39,017 - Victim node is 2085.
2024-01-26 14:08:39,017 - tensor([1013, 1358, 1986], device='cuda:0')
2024-01-26 14:08:39,017 - Classification Succeeds.
2024-01-26 14:08:39,018 - Link Generation Fails.
2024-01-26 14:08:51,754 - Victim node is 227.
2024-01-26 14:08:51,754 - tensor([ 306, 1358, 1986], device='cuda:0')
2024-01-26 14:08:51,754 - Classification Succeeds.
2024-01-26 14:08:51,754 - Link Generation Fails.
2024-01-26 14:09:05,044 - Victim node is 2172.
2024-01-26 14:09:05,044 - tensor([ 306, 1013, 1358], device='cuda:0')
2024-01-26 14:09:05,044 - Classification Succeeds.
2024-01-26 14:09:05,044 - Link Generation Fails.
2024-01-26 14:09:18,468 - Victim node is 99.
2024-01-26 14:09:18,468 - tensor([2708, 2709, 2710], device='cuda:0')
2024-01-26 14:09:18,469 - Classification Succeeds.
2024-01-26 14:09:18,469 - Link Generation Succeeds.
2024-01-26 14:09:31,542 - Victim node is 229.
2024-01-26 14:09:31,542 - tensor([1701, 1986, 2034], device='cuda:0')
2024-01-26 14:09:31,542 - Classification Succeeds.
2024-01-26 14:09:31,543 - Link Generation Fails.
2024-01-26 14:09:44,994 - Victim node is 1528.
2024-01-26 14:09:44,994 - tensor([1358, 2709, 2711], device='cuda:0')
2024-01-26 14:09:44,995 - Classification Succeeds.
2024-01-26 14:09:44,995 - Link Generation Succeeds.
2024-01-26 14:09:58,550 - Victim node is 1982.
2024-01-26 14:09:58,550 - tensor([ 306, 1358, 1986], device='cuda:0')
2024-01-26 14:09:58,550 - Classification Succeeds.
2024-01-26 14:09:58,550 - Link Generation Fails.
2024-01-26 14:10:12,091 - Victim node is 2073.
2024-01-26 14:10:12,091 - tensor([ 306, 1358, 1986], device='cuda:0')
2024-01-26 14:10:12,092 - Classification Succeeds.
2024-01-26 14:10:12,092 - Link Generation Fails.
2024-01-26 14:10:25,363 - Victim node is 266.
2024-01-26 14:10:25,363 - tensor([2708, 2709, 2710], device='cuda:0')
2024-01-26 14:10:25,364 - Classification Fails.
2024-01-26 14:10:25,364 - Link Generation Succeeds.
2024-01-26 14:10:38,612 - Victim node is 373.
2024-01-26 14:10:38,612 - tensor([ 306, 1701, 1986], device='cuda:0')
2024-01-26 14:10:38,612 - Classification Succeeds.
2024-01-26 14:10:38,612 - Link Generation Fails.
2024-01-26 14:10:51,843 - Victim node is 1726.
2024-01-26 14:10:51,843 - tensor([ 306, 1701, 1986], device='cuda:0')
2024-01-26 14:10:51,843 - Classification Succeeds.
2024-01-26 14:10:51,843 - Link Generation Fails.
2024-01-26 14:11:05,192 - Victim node is 1506.
2024-01-26 14:11:05,192 - tensor([ 306, 1358, 1701], device='cuda:0')
2024-01-26 14:11:05,192 - Classification Succeeds.
2024-01-26 14:11:05,192 - Link Generation Fails.
2024-01-26 14:11:18,565 - Victim node is 2322.
2024-01-26 14:11:18,565 - tensor([ 306, 1358, 1986], device='cuda:0')
2024-01-26 14:11:18,566 - Classification Fails.
2024-01-26 14:11:18,566 - Link Generation Fails.
2024-01-26 14:11:31,841 - Victim node is 727.
2024-01-26 14:11:31,841 - tensor([2708, 2709, 2711], device='cuda:0')
2024-01-26 14:11:31,841 - Classification Fails.
2024-01-26 14:11:31,841 - Link Generation Succeeds.
2024-01-26 14:11:44,765 - Victim node is 2562.
2024-01-26 14:11:44,765 - tensor([2708, 2709, 2710], device='cuda:0')
2024-01-26 14:11:44,766 - Classification Fails.
2024-01-26 14:11:44,766 - Link Generation Succeeds.
2024-01-26 14:11:56,781 - Victim node is 1196.
2024-01-26 14:11:56,781 - tensor([ 306, 1013, 1701], device='cuda:0')
2024-01-26 14:11:56,781 - Classification Fails.
2024-01-26 14:11:56,782 - Link Generation Fails.
2024-01-26 14:12:08,772 - Victim node is 2023.
2024-01-26 14:12:08,772 - tensor([2708, 2711, 2712], device='cuda:0')
2024-01-26 14:12:08,773 - Classification Succeeds.
2024-01-26 14:12:08,773 - Link Generation Succeeds.
2024-01-26 14:12:20,803 - Victim node is 2112.
2024-01-26 14:12:20,803 - tensor([1169, 1358, 1914], device='cuda:0')
2024-01-26 14:12:20,803 - Classification Succeeds.
2024-01-26 14:12:20,803 - Link Generation Fails.
2024-01-26 14:12:32,883 - Victim node is 2265.
2024-01-26 14:12:32,883 - tensor([1692, 2708, 2712], device='cuda:0')
2024-01-26 14:12:32,883 - Classification Fails.
2024-01-26 14:12:32,883 - Link Generation Succeeds.
2024-01-26 14:12:45,076 - Victim node is 879.
2024-01-26 14:12:45,076 - tensor([ 306, 1358, 1986], device='cuda:0')
2024-01-26 14:12:45,076 - Classification Fails.
2024-01-26 14:12:45,076 - Link Generation Fails.
2024-01-26 14:12:58,074 - Victim node is 2697.
2024-01-26 14:12:58,074 - tensor([2708, 2709, 2710], device='cuda:0')
2024-01-26 14:12:58,075 - Classification Fails.
2024-01-26 14:12:58,075 - Link Generation Succeeds.
2024-01-26 14:13:11,098 - Victim node is 2372.
2024-01-26 14:13:11,098 - tensor([ 306, 1358, 1623], device='cuda:0')
2024-01-26 14:13:11,099 - Classification Fails.
2024-01-26 14:13:11,099 - Link Generation Fails.
2024-01-26 14:13:23,851 - Victim node is 2581.
2024-01-26 14:13:23,851 - tensor([2708, 2711, 2712], device='cuda:0')
2024-01-26 14:13:23,852 - Classification Fails.
2024-01-26 14:13:23,852 - Link Generation Succeeds.
2024-01-26 14:13:36,681 - Victim node is 1984.
2024-01-26 14:13:36,682 - tensor([ 306, 1358, 1986], device='cuda:0')
2024-01-26 14:13:36,682 - Classification Succeeds.
2024-01-26 14:13:36,682 - Link Generation Fails.
2024-01-26 14:13:49,529 - Victim node is 1080.
2024-01-26 14:13:49,529 - tensor([ 306, 1701, 1986], device='cuda:0')
2024-01-26 14:13:49,530 - Classification Succeeds.
2024-01-26 14:13:49,530 - Link Generation Fails.
2024-01-26 14:14:02,190 - Victim node is 1120.
2024-01-26 14:14:02,191 - tensor([ 306, 1169, 1358], device='cuda:0')
2024-01-26 14:14:02,191 - Classification Fails.
2024-01-26 14:14:02,191 - Link Generation Fails.
2024-01-26 14:14:14,970 - Victim node is 1085.
2024-01-26 14:14:14,970 - tensor([2708, 2709, 2710], device='cuda:0')
2024-01-26 14:14:14,970 - Classification Succeeds.
2024-01-26 14:14:14,970 - Link Generation Succeeds.
2024-01-26 14:14:27,478 - Victim node is 1824.
2024-01-26 14:14:27,478 - tensor([2708, 2709, 2710], device='cuda:0')
2024-01-26 14:14:27,479 - Classification Fails.
2024-01-26 14:14:27,479 - Link Generation Succeeds.
2024-01-26 14:14:40,044 - Victim node is 1586.
2024-01-26 14:14:40,045 - tensor([ 306, 1358, 1986], device='cuda:0')
2024-01-26 14:14:40,045 - Classification Succeeds.
2024-01-26 14:14:40,045 - Link Generation Fails.
2024-01-26 14:14:52,575 - Victim node is 1699.
2024-01-26 14:14:52,576 - tensor([1169, 1358, 1483], device='cuda:0')
2024-01-26 14:14:52,576 - Classification Succeeds.
2024-01-26 14:14:52,576 - Link Generation Fails.
2024-01-26 14:15:05,172 - Victim node is 1408.
2024-01-26 14:15:05,172 - tensor([2708, 2709, 2710], device='cuda:0')
2024-01-26 14:15:05,173 - Classification Fails.
2024-01-26 14:15:05,173 - Link Generation Succeeds.
2024-01-26 14:15:17,796 - Victim node is 1735.
2024-01-26 14:15:17,796 - tensor([ 306, 1701, 2710], device='cuda:0')
2024-01-26 14:15:17,796 - Classification Fails.
2024-01-26 14:15:17,797 - Link Generation Succeeds.
2024-01-26 14:15:30,335 - Victim node is 629.
2024-01-26 14:15:30,335 - tensor([ 306, 1358, 1483], device='cuda:0')
2024-01-26 14:15:30,335 - Classification Succeeds.
2024-01-26 14:15:30,335 - Link Generation Fails.
2024-01-26 14:15:42,785 - Victim node is 805.
2024-01-26 14:15:42,785 - tensor([2708, 2709, 2710], device='cuda:0')
2024-01-26 14:15:42,785 - Classification Fails.
2024-01-26 14:15:42,786 - Link Generation Succeeds.
2024-01-26 14:15:55,198 - Victim node is 651.
2024-01-26 14:15:55,198 - tensor([ 306, 1358, 1623], device='cuda:0')
2024-01-26 14:15:55,198 - Classification Succeeds.
2024-01-26 14:15:55,198 - Link Generation Fails.
2024-01-26 14:16:07,681 - Victim node is 477.
2024-01-26 14:16:07,681 - tensor([2708, 2709, 2710], device='cuda:0')
2024-01-26 14:16:07,682 - Classification Succeeds.
2024-01-26 14:16:07,682 - Link Generation Succeeds.
2024-01-26 14:16:20,275 - Victim node is 2420.
2024-01-26 14:16:20,275 - tensor([2708, 2709, 2710], device='cuda:0')
2024-01-26 14:16:20,276 - Classification Fails.
2024-01-26 14:16:20,276 - Link Generation Succeeds.
2024-01-26 14:16:32,923 - Victim node is 2149.
2024-01-26 14:16:32,923 - tensor([2708, 2709, 2710], device='cuda:0')
2024-01-26 14:16:32,923 - Classification Fails.
2024-01-26 14:16:32,923 - Link Generation Succeeds.
2024-01-26 14:16:45,546 - Victim node is 1542.
2024-01-26 14:16:45,546 - tensor([ 306, 1358, 1986], device='cuda:0')
2024-01-26 14:16:45,546 - Classification Succeeds.
2024-01-26 14:16:45,546 - Link Generation Fails.
2024-01-26 14:16:58,175 - Victim node is 2057.
2024-01-26 14:16:58,175 - tensor([ 306, 1013, 1986], device='cuda:0')
2024-01-26 14:16:58,176 - Classification Succeeds.
2024-01-26 14:16:58,176 - Link Generation Fails.
2024-01-26 14:17:10,818 - Victim node is 2245.
2024-01-26 14:17:10,818 - tensor([ 963, 1257, 1692], device='cuda:0')
2024-01-26 14:17:10,819 - Classification Fails.
2024-01-26 14:17:10,819 - Link Generation Fails.
2024-01-26 14:17:23,323 - Victim node is 1693.
2024-01-26 14:17:23,323 - tensor([ 306, 1358, 1986], device='cuda:0')
2024-01-26 14:17:23,324 - Classification Succeeds.
2024-01-26 14:17:23,324 - Link Generation Fails.
2024-01-26 14:17:35,690 - Victim node is 869.
2024-01-26 14:17:35,690 - tensor([  88, 1013, 1914], device='cuda:0')
2024-01-26 14:17:35,690 - Classification Succeeds.
2024-01-26 14:17:35,690 - Link Generation Fails.
2024-01-26 14:17:48,071 - Victim node is 1598.
2024-01-26 14:17:48,071 - tensor([1119, 2124, 2708], device='cuda:0')
2024-01-26 14:17:48,071 - Classification Fails.
2024-01-26 14:17:48,072 - Link Generation Succeeds.
2024-01-26 14:18:00,642 - Victim node is 1060.
2024-01-26 14:18:00,642 - tensor([1169, 1358, 1483], device='cuda:0')
2024-01-26 14:18:00,642 - Classification Fails.
2024-01-26 14:18:00,642 - Link Generation Fails.
2024-01-26 14:18:13,157 - Victim node is 2384.
2024-01-26 14:18:13,157 - tensor([2708, 2710, 2712], device='cuda:0')
2024-01-26 14:18:13,157 - Classification Fails.
2024-01-26 14:18:13,157 - Link Generation Succeeds.
2024-01-26 14:18:25,822 - Victim node is 1003.
2024-01-26 14:18:25,822 - tensor([2708, 2710, 2711], device='cuda:0')
2024-01-26 14:18:25,822 - Classification Succeeds.
2024-01-26 14:18:25,822 - Link Generation Succeeds.
2024-01-26 14:18:38,502 - Victim node is 1063.
2024-01-26 14:18:38,502 - tensor([2708, 2710, 2712], device='cuda:0')
2024-01-26 14:18:38,503 - Classification Fails.
2024-01-26 14:18:38,503 - Link Generation Succeeds.
2024-01-26 14:18:51,210 - Victim node is 520.
2024-01-26 14:18:51,210 - tensor([1542, 1701, 1986], device='cuda:0')
2024-01-26 14:18:51,210 - Classification Succeeds.
2024-01-26 14:18:51,210 - Link Generation Fails.
2024-01-26 14:19:04,028 - Victim node is 2605.
2024-01-26 14:19:04,028 - tensor([2708, 2709, 2712], device='cuda:0')
2024-01-26 14:19:04,028 - Classification Fails.
2024-01-26 14:19:04,028 - Link Generation Succeeds.
2024-01-26 14:19:16,834 - Victim node is 1211.
2024-01-26 14:19:16,835 - tensor([1701, 1986, 2708], device='cuda:0')
2024-01-26 14:19:16,835 - Classification Fails.
2024-01-26 14:19:16,835 - Link Generation Succeeds.
2024-01-26 14:19:29,552 - Victim node is 2324.
2024-01-26 14:19:29,552 - tensor([1358, 2710, 2711], device='cuda:0')
2024-01-26 14:19:29,554 - Classification Fails.
2024-01-26 14:19:29,554 - Link Generation Succeeds.
2024-01-26 14:19:42,406 - Victim node is 607.
2024-01-26 14:19:42,406 - tensor([2709, 2711, 2712], device='cuda:0')
2024-01-26 14:19:42,407 - Classification Fails.
2024-01-26 14:19:42,407 - Link Generation Succeeds.
2024-01-26 14:19:55,248 - Victim node is 1578.
2024-01-26 14:19:55,248 - tensor([2709, 2710, 2711], device='cuda:0')
2024-01-26 14:19:55,248 - Classification Fails.
2024-01-26 14:19:55,248 - Link Generation Succeeds.
2024-01-26 14:20:07,900 - Victim node is 2549.
2024-01-26 14:20:07,900 - tensor([2708, 2709, 2710], device='cuda:0')
2024-01-26 14:20:07,901 - Classification Fails.
2024-01-26 14:20:07,901 - Link Generation Succeeds.
2024-01-26 14:20:20,603 - Victim node is 814.
2024-01-26 14:20:20,603 - tensor([2708, 2709, 2710], device='cuda:0')
2024-01-26 14:20:20,604 - Classification Fails.
2024-01-26 14:20:20,604 - Link Generation Succeeds.
2024-01-26 14:20:33,092 - Victim node is 1529.
2024-01-26 14:20:33,093 - tensor([ 306, 1358, 1986], device='cuda:0')
2024-01-26 14:20:33,093 - Classification Succeeds.
2024-01-26 14:20:33,093 - Link Generation Fails.
2024-01-26 14:20:45,653 - Victim node is 2620.
2024-01-26 14:20:45,653 - tensor([  12, 1290, 1318], device='cuda:0')
2024-01-26 14:20:45,654 - Classification Fails.
2024-01-26 14:20:45,654 - Link Generation Fails.
2024-01-26 14:20:58,459 - Victim node is 1871.
2024-01-26 14:20:58,459 - tensor([ 306, 1358, 1986], device='cuda:0')
2024-01-26 14:20:58,459 - Classification Fails.
2024-01-26 14:20:58,459 - Link Generation Fails.
2024-01-26 14:21:11,012 - Victim node is 1632.
2024-01-26 14:21:11,012 - tensor([ 306, 1358, 1986], device='cuda:0')
2024-01-26 14:21:11,012 - Classification Succeeds.
2024-01-26 14:21:11,012 - Link Generation Fails.
2024-01-26 14:21:23,498 - Victim node is 714.
2024-01-26 14:21:23,498 - tensor([2708, 2709, 2711], device='cuda:0')
2024-01-26 14:21:23,499 - Classification Fails.
2024-01-26 14:21:23,499 - Link Generation Succeeds.
2024-01-26 14:21:35,893 - Victim node is 1943.
2024-01-26 14:21:35,893 - tensor([  88, 1986, 2710], device='cuda:0')
2024-01-26 14:21:35,893 - Classification Fails.
2024-01-26 14:21:35,893 - Link Generation Succeeds.
2024-01-26 14:21:48,387 - Victim node is 1301.
2024-01-26 14:21:48,387 - tensor([2708, 2709, 2710], device='cuda:0')
2024-01-26 14:21:48,387 - Classification Succeeds.
2024-01-26 14:21:48,387 - Link Generation Succeeds.
2024-01-26 14:22:00,766 - Victim node is 1367.
2024-01-26 14:22:00,766 - tensor([1358, 1701, 1986], device='cuda:0')
2024-01-26 14:22:00,766 - Classification Succeeds.
2024-01-26 14:22:00,767 - Link Generation Fails.
2024-01-26 14:22:13,226 - Victim node is 1414.
2024-01-26 14:22:13,226 - tensor([2708, 2709, 2710], device='cuda:0')
2024-01-26 14:22:13,226 - Classification Fails.
2024-01-26 14:22:13,226 - Link Generation Succeeds.
2024-01-26 14:22:26,004 - Victim node is 1434.
2024-01-26 14:22:26,004 - tensor([1701, 1810, 2034], device='cuda:0')
2024-01-26 14:22:26,005 - Classification Fails.
2024-01-26 14:22:26,005 - Link Generation Fails.
2024-01-26 14:22:38,572 - Victim node is 2021.
2024-01-26 14:22:38,572 - tensor([2708, 2709, 2710], device='cuda:0')
2024-01-26 14:22:38,573 - Classification Fails.
2024-01-26 14:22:38,573 - Link Generation Succeeds.
2024-01-26 14:22:51,243 - Victim node is 959.
2024-01-26 14:22:51,243 - tensor([ 306, 1358, 1701], device='cuda:0')
2024-01-26 14:22:51,244 - Classification Fails.
2024-01-26 14:22:51,244 - Link Generation Fails.
2024-01-26 14:23:03,808 - Victim node is 1537.
2024-01-26 14:23:03,808 - tensor([2708, 2709, 2710], device='cuda:0')
2024-01-26 14:23:03,808 - Classification Fails.
2024-01-26 14:23:03,808 - Link Generation Succeeds.
2024-01-26 14:23:16,222 - Victim node is 2432.
2024-01-26 14:23:16,222 - tensor([2708, 2709, 2710], device='cuda:0')
2024-01-26 14:23:16,222 - Classification Fails.
2024-01-26 14:23:16,222 - Link Generation Succeeds.
2024-01-26 14:23:28,645 - Victim node is 1493.
2024-01-26 14:23:28,645 - tensor([1119, 2124, 2126], device='cuda:0')
2024-01-26 14:23:28,646 - Classification Succeeds.
2024-01-26 14:23:28,646 - Link Generation Fails.
2024-01-26 14:23:41,064 - Victim node is 269.
2024-01-26 14:23:41,064 - tensor([2708, 2709, 2710], device='cuda:0')
2024-01-26 14:23:41,064 - Classification Fails.
2024-01-26 14:23:41,064 - Link Generation Succeeds.
2024-01-26 14:23:53,588 - Victim node is 403.
2024-01-26 14:23:53,588 - tensor([ 306, 1358, 1986], device='cuda:0')
2024-01-26 14:23:53,588 - Classification Succeeds.
2024-01-26 14:23:53,588 - Link Generation Fails.
2024-01-26 14:24:06,034 - Victim node is 747.
2024-01-26 14:24:06,034 - tensor([2708, 2709, 2710], device='cuda:0')
2024-01-26 14:24:06,035 - Classification Fails.
2024-01-26 14:24:06,035 - Link Generation Succeeds.
2024-01-26 14:24:18,631 - Victim node is 1106.
2024-01-26 14:24:18,631 - tensor([2708, 2709, 2712], device='cuda:0')
2024-01-26 14:24:18,631 - Classification Fails.
2024-01-26 14:24:18,631 - Link Generation Succeeds.
2024-01-26 14:24:31,197 - Victim node is 865.
2024-01-26 14:24:31,199 - tensor([ 306, 1358, 1986], device='cuda:0')
2024-01-26 14:24:31,199 - Classification Fails.
2024-01-26 14:24:31,199 - Link Generation Fails.
2024-01-26 14:24:43,864 - Victim node is 111.
2024-01-26 14:24:43,864 - tensor([1986, 2711, 2712], device='cuda:0')
2024-01-26 14:24:43,864 - Classification Succeeds.
2024-01-26 14:24:43,864 - Link Generation Succeeds.
2024-01-26 14:24:56,481 - Victim node is 2616.
2024-01-26 14:24:56,481 - tensor([2708, 2709, 2710], device='cuda:0')
2024-01-26 14:24:56,481 - Classification Fails.
2024-01-26 14:24:56,481 - Link Generation Succeeds.
2024-01-26 14:25:09,227 - Victim node is 1419.
2024-01-26 14:25:09,227 - tensor([2708, 2709, 2710], device='cuda:0')
2024-01-26 14:25:09,228 - Classification Fails.
2024-01-26 14:25:09,228 - Link Generation Succeeds.
2024-01-26 14:25:22,008 - Victim node is 2293.
2024-01-26 14:25:22,008 - tensor([ 306, 1358, 1701], device='cuda:0')
2024-01-26 14:25:22,009 - Classification Fails.
2024-01-26 14:25:22,009 - Link Generation Fails.
2024-01-26 14:25:34,806 - Victim node is 1698.
2024-01-26 14:25:34,806 - tensor([2708, 2709, 2710], device='cuda:0')
2024-01-26 14:25:34,806 - Classification Fails.
2024-01-26 14:25:34,806 - Link Generation Succeeds.
2024-01-26 14:25:47,572 - Victim node is 2038.
2024-01-26 14:25:47,573 - tensor([ 306, 1358, 1986], device='cuda:0')
2024-01-26 14:25:47,573 - Classification Fails.
2024-01-26 14:25:47,573 - Link Generation Fails.
2024-01-26 14:26:00,115 - Victim node is 1491.
2024-01-26 14:26:00,115 - tensor([2708, 2709, 2710], device='cuda:0')
2024-01-26 14:26:00,115 - Classification Fails.
2024-01-26 14:26:00,115 - Link Generation Succeeds.
2024-01-26 14:26:12,792 - Victim node is 2606.
2024-01-26 14:26:12,792 - tensor([2708, 2709, 2710], device='cuda:0')
2024-01-26 14:26:12,793 - Classification Fails.
2024-01-26 14:26:12,793 - Link Generation Succeeds.
2024-01-26 14:26:25,274 - Victim node is 1330.
2024-01-26 14:26:25,274 - tensor([ 306, 1701, 1986], device='cuda:0')
2024-01-26 14:26:25,275 - Classification Fails.
2024-01-26 14:26:25,275 - Link Generation Fails.
2024-01-26 14:26:37,805 - Victim node is 2125.
2024-01-26 14:26:37,805 - tensor([2708, 2709, 2710], device='cuda:0')
2024-01-26 14:26:37,805 - Classification Succeeds.
2024-01-26 14:26:37,805 - Link Generation Succeeds.
2024-01-26 14:26:50,324 - Victim node is 542.
2024-01-26 14:26:50,324 - tensor([2708, 2709, 2711], device='cuda:0')
2024-01-26 14:26:50,325 - Classification Fails.
2024-01-26 14:26:50,325 - Link Generation Succeeds.
2024-01-26 14:27:02,858 - Victim node is 2587.
2024-01-26 14:27:02,858 - tensor([2708, 2710, 2711], device='cuda:0')
2024-01-26 14:27:02,858 - Classification Fails.
2024-01-26 14:27:02,858 - Link Generation Succeeds.
2024-01-26 14:27:15,350 - Victim node is 883.
2024-01-26 14:27:15,350 - tensor([ 306, 1358, 1623], device='cuda:0')
2024-01-26 14:27:15,350 - Classification Succeeds.
2024-01-26 14:27:15,350 - Link Generation Fails.
2024-01-26 14:27:27,842 - Victim node is 2088.
2024-01-26 14:27:27,842 - tensor([1358, 1623, 1914], device='cuda:0')
2024-01-26 14:27:27,843 - Classification Succeeds.
2024-01-26 14:27:27,843 - Link Generation Fails.
2024-01-26 14:27:40,353 - Victim node is 1543.
2024-01-26 14:27:40,354 - tensor([2708, 2709, 2710], device='cuda:0')
2024-01-26 14:27:40,354 - Classification Fails.
2024-01-26 14:27:40,354 - Link Generation Succeeds.
2024-01-26 14:27:52,934 - Victim node is 1931.
2024-01-26 14:27:52,934 - tensor([2709, 2711, 2712], device='cuda:0')
2024-01-26 14:27:52,934 - Classification Succeeds.
2024-01-26 14:27:52,935 - Link Generation Succeeds.
2024-01-26 14:28:05,403 - Victim node is 1576.
2024-01-26 14:28:05,404 - tensor([ 507,  733, 2034], device='cuda:0')
2024-01-26 14:28:05,404 - Classification Succeeds.
2024-01-26 14:28:05,404 - Link Generation Fails.
2024-01-26 14:28:18,146 - Victim node is 1991.
2024-01-26 14:28:18,146 - tensor([ 306, 1358, 1701], device='cuda:0')
2024-01-26 14:28:18,147 - Classification Succeeds.
2024-01-26 14:28:18,147 - Link Generation Fails.
2024-01-26 14:28:30,767 - Victim node is 472.
2024-01-26 14:28:30,767 - tensor([1955, 2708, 2709], device='cuda:0')
2024-01-26 14:28:30,767 - Classification Fails.
2024-01-26 14:28:30,767 - Link Generation Succeeds.
2024-01-26 14:28:43,602 - Victim node is 1768.
2024-01-26 14:28:43,602 - tensor([ 306, 1358, 1986], device='cuda:0')
2024-01-26 14:28:43,602 - Classification Fails.
2024-01-26 14:28:43,602 - Link Generation Fails.
2024-01-26 14:28:56,149 - Victim node is 105.
2024-01-26 14:28:56,149 - tensor([1169, 1358, 1483], device='cuda:0')
2024-01-26 14:28:56,149 - Classification Succeeds.
2024-01-26 14:28:56,149 - Link Generation Fails.
2024-01-26 14:29:08,694 - Victim node is 2409.
2024-01-26 14:29:08,694 - tensor([ 306, 1701, 1986], device='cuda:0')
2024-01-26 14:29:08,695 - Classification Succeeds.
2024-01-26 14:29:08,695 - Link Generation Fails.
2024-01-26 14:29:21,191 - Victim node is 2649.
2024-01-26 14:29:21,191 - tensor([ 306, 1358, 1986], device='cuda:0')
2024-01-26 14:29:21,191 - Classification Fails.
2024-01-26 14:29:21,191 - Link Generation Fails.
2024-01-26 14:29:33,607 - Victim node is 331.
2024-01-26 14:29:33,607 - tensor([2708, 2709, 2712], device='cuda:0')
2024-01-26 14:29:33,607 - Classification Succeeds.
2024-01-26 14:29:33,608 - Link Generation Succeeds.
2024-01-26 14:29:46,872 - Victim node is 115.
2024-01-26 14:29:46,872 - tensor([2708, 2709, 2711], device='cuda:0')
2024-01-26 14:29:46,872 - Classification Succeeds.
2024-01-26 14:29:46,872 - Link Generation Succeeds.
2024-01-26 14:30:00,017 - Victim node is 996.
2024-01-26 14:30:00,017 - tensor([ 963, 1692, 2238], device='cuda:0')
2024-01-26 14:30:00,017 - Classification Succeeds.
2024-01-26 14:30:00,017 - Link Generation Fails.
2024-01-26 14:30:13,332 - Victim node is 430.
2024-01-26 14:30:13,332 - tensor([2708, 2709, 2710], device='cuda:0')
2024-01-26 14:30:13,332 - Classification Fails.
2024-01-26 14:30:13,332 - Link Generation Succeeds.
2024-01-26 14:30:26,236 - Victim node is 1878.
2024-01-26 14:30:26,236 - tensor([2708, 2711, 2712], device='cuda:0')
2024-01-26 14:30:26,236 - Classification Fails.
2024-01-26 14:30:26,236 - Link Generation Succeeds.
2024-01-26 14:30:39,524 - Victim node is 688.
2024-01-26 14:30:39,524 - tensor([2708, 2709, 2710], device='cuda:0')
2024-01-26 14:30:39,526 - Classification Fails.
2024-01-26 14:30:39,526 - Link Generation Succeeds.
2024-01-26 14:30:52,694 - Victim node is 508.
2024-01-26 14:30:52,694 - tensor([ 306, 1358, 1986], device='cuda:0')
2024-01-26 14:30:52,694 - Classification Fails.
2024-01-26 14:30:52,694 - Link Generation Fails.
2024-01-26 14:31:05,711 - Victim node is 1282.
2024-01-26 14:31:05,711 - tensor([ 306, 1358, 1986], device='cuda:0')
2024-01-26 14:31:05,711 - Classification Succeeds.
2024-01-26 14:31:05,711 - Link Generation Fails.
2024-01-26 14:31:18,904 - Victim node is 2252.
2024-01-26 14:31:18,904 - tensor([2708, 2709, 2710], device='cuda:0')
2024-01-26 14:31:18,904 - Classification Succeeds.
2024-01-26 14:31:18,904 - Link Generation Succeeds.
2024-01-26 14:31:31,967 - Victim node is 1327.
2024-01-26 14:31:31,967 - tensor([2708, 2709, 2710], device='cuda:0')
2024-01-26 14:31:31,967 - Classification Fails.
2024-01-26 14:31:31,967 - Link Generation Succeeds.
2024-01-26 14:31:44,770 - Victim node is 1557.
2024-01-26 14:31:44,770 - tensor([1358, 1914, 2712], device='cuda:0')
2024-01-26 14:31:44,770 - Classification Succeeds.
2024-01-26 14:31:44,770 - Link Generation Succeeds.
2024-01-26 14:31:57,979 - Victim node is 2254.
2024-01-26 14:31:57,979 - tensor([ 306, 1358, 1986], device='cuda:0')
2024-01-26 14:31:57,980 - Classification Succeeds.
2024-01-26 14:31:57,980 - Link Generation Fails.
2024-01-26 14:32:10,798 - Victim node is 856.
2024-01-26 14:32:10,798 - tensor([2710, 2711, 2712], device='cuda:0')
2024-01-26 14:32:10,798 - Classification Fails.
2024-01-26 14:32:10,798 - Link Generation Succeeds.
2024-01-26 14:32:23,577 - Victim node is 379.
2024-01-26 14:32:23,577 - tensor([2709, 2710, 2711], device='cuda:0')
2024-01-26 14:32:23,577 - Classification Fails.
2024-01-26 14:32:23,578 - Link Generation Succeeds.
2024-01-26 14:32:36,916 - Victim node is 2364.
2024-01-26 14:32:36,916 - tensor([ 306, 1358, 2711], device='cuda:0')
2024-01-26 14:32:36,916 - Classification Succeeds.
2024-01-26 14:32:36,916 - Link Generation Succeeds.
2024-01-26 14:32:50,491 - Victim node is 249.
2024-01-26 14:32:50,491 - tensor([2708, 2709, 2710], device='cuda:0')
2024-01-26 14:32:50,492 - Classification Fails.
2024-01-26 14:32:50,492 - Link Generation Succeeds.
2024-01-26 14:33:03,858 - Victim node is 2647.
2024-01-26 14:33:03,859 - tensor([2708, 2709, 2710], device='cuda:0')
2024-01-26 14:33:03,859 - Classification Fails.
2024-01-26 14:33:03,859 - Link Generation Succeeds.
2024-01-26 14:33:17,163 - Victim node is 21.
2024-01-26 14:33:17,163 - tensor([2708, 2709, 2710], device='cuda:0')
2024-01-26 14:33:17,163 - Classification Succeeds.
2024-01-26 14:33:17,163 - Link Generation Succeeds.
2024-01-26 14:33:30,977 - Victim node is 1036.
2024-01-26 14:33:30,978 - tensor([2708, 2709, 2710], device='cuda:0')
2024-01-26 14:33:30,978 - Classification Fails.
2024-01-26 14:33:30,978 - Link Generation Succeeds.
2024-01-26 14:33:44,378 - Victim node is 696.
2024-01-26 14:33:44,378 - tensor([ 306, 1358, 1986], device='cuda:0')
2024-01-26 14:33:44,378 - Classification Succeeds.
2024-01-26 14:33:44,378 - Link Generation Fails.
2024-01-26 14:33:57,434 - Victim node is 1863.
2024-01-26 14:33:57,434 - tensor([2709, 2711, 2712], device='cuda:0')
2024-01-26 14:33:57,435 - Classification Fails.
2024-01-26 14:33:57,435 - Link Generation Succeeds.
2024-01-26 14:34:10,775 - Victim node is 2499.
2024-01-26 14:34:10,775 - tensor([ 306, 1358, 1986], device='cuda:0')
2024-01-26 14:34:10,776 - Classification Fails.
2024-01-26 14:34:10,776 - Link Generation Fails.
2024-01-26 14:34:24,037 - Victim node is 1227.
2024-01-26 14:34:24,037 - tensor([2708, 2709, 2710], device='cuda:0')
2024-01-26 14:34:24,037 - Classification Fails.
2024-01-26 14:34:24,037 - Link Generation Succeeds.
2024-01-26 14:34:36,994 - Victim node is 1795.
2024-01-26 14:34:36,994 - tensor([2708, 2709, 2710], device='cuda:0')
2024-01-26 14:34:36,994 - Classification Fails.
2024-01-26 14:34:36,994 - Link Generation Succeeds.
2024-01-26 14:34:49,804 - Victim node is 663.
2024-01-26 14:34:49,804 - tensor([1169, 1358, 1483], device='cuda:0')
2024-01-26 14:34:49,804 - Classification Fails.
2024-01-26 14:34:49,804 - Link Generation Fails.
2024-01-26 14:35:02,587 - Victim node is 1725.
2024-01-26 14:35:02,587 - tensor([ 306, 1013, 1914], device='cuda:0')
2024-01-26 14:35:02,587 - Classification Succeeds.
2024-01-26 14:35:02,587 - Link Generation Fails.
2024-01-26 14:35:15,313 - Victim node is 537.
2024-01-26 14:35:15,314 - tensor([2708, 2709, 2710], device='cuda:0')
2024-01-26 14:35:15,314 - Classification Fails.
2024-01-26 14:35:15,314 - Link Generation Succeeds.
2024-01-26 14:35:27,980 - Victim node is 2292.
2024-01-26 14:35:27,980 - tensor([ 963, 2708, 2709], device='cuda:0')
2024-01-26 14:35:27,980 - Classification Fails.
2024-01-26 14:35:27,980 - Link Generation Succeeds.
2024-01-26 14:35:40,724 - Victim node is 2401.
2024-01-26 14:35:40,724 - tensor([2708, 2709, 2710], device='cuda:0')
2024-01-26 14:35:40,725 - Classification Fails.
2024-01-26 14:35:40,725 - Link Generation Succeeds.
2024-01-26 14:35:53,478 - Victim node is 135.
2024-01-26 14:35:53,478 - tensor([ 306, 1358, 1986], device='cuda:0')
2024-01-26 14:35:53,478 - Classification Succeeds.
2024-01-26 14:35:53,478 - Link Generation Fails.
2024-01-26 14:36:06,456 - Victim node is 2022.
2024-01-26 14:36:06,456 - tensor([1169, 1358, 1725], device='cuda:0')
2024-01-26 14:36:06,456 - Classification Fails.
2024-01-26 14:36:06,456 - Link Generation Fails.
2024-01-26 14:36:19,279 - Victim node is 2572.
2024-01-26 14:36:19,279 - tensor([2708, 2709, 2712], device='cuda:0')
2024-01-26 14:36:19,279 - Classification Fails.
2024-01-26 14:36:19,280 - Link Generation Succeeds.
2024-01-26 14:36:32,401 - Victim node is 617.
2024-01-26 14:36:32,401 - tensor([2709, 2711, 2712], device='cuda:0')
2024-01-26 14:36:32,402 - Classification Succeeds.
2024-01-26 14:36:32,402 - Link Generation Succeeds.
2024-01-26 14:36:45,587 - Victim node is 2512.
2024-01-26 14:36:45,587 - tensor([ 735,  739, 2464], device='cuda:0')
2024-01-26 14:36:45,587 - Classification Fails.
2024-01-26 14:36:45,587 - Link Generation Fails.
2024-01-26 14:36:58,933 - Victim node is 216.
2024-01-26 14:36:58,933 - tensor([ 306, 1013, 1358], device='cuda:0')
2024-01-26 14:36:58,934 - Classification Succeeds.
2024-01-26 14:36:58,934 - Link Generation Fails.
2024-01-26 14:37:12,237 - Victim node is 2485.
2024-01-26 14:37:12,237 - tensor([ 306, 1358, 1986], device='cuda:0')
2024-01-26 14:37:12,237 - Classification Fails.
2024-01-26 14:37:12,238 - Link Generation Fails.
2024-01-26 14:37:25,440 - Victim node is 2563.
2024-01-26 14:37:25,440 - tensor([2708, 2709, 2710], device='cuda:0')
2024-01-26 14:37:25,440 - Classification Succeeds.
2024-01-26 14:37:25,441 - Link Generation Succeeds.
2024-01-26 14:37:25,441 - Misclassification Rate: 0.5510
2024-01-26 14:37:25,441 - Link Generation Rate: 0.5260
