2024-02-06 05:01:52,962 - Victim node is 5535.
2024-02-06 05:01:52,962 - tensor([1759, 2260, 4666], device='cuda:0')
2024-02-06 05:01:52,963 - Classification Succeeds.
2024-02-06 05:01:52,963 - Link Generation Fails.
2024-02-06 05:02:25,796 - Victim node is 4050.
2024-02-06 05:02:25,796 - tensor([ 593, 2239, 8626], device='cuda:0')
2024-02-06 05:02:25,796 - Classification Fails.
2024-02-06 05:02:25,796 - Link Generation Succeeds.
2024-02-06 05:02:55,964 - Victim node is 1900.
2024-02-06 05:02:55,964 - tensor([1759, 6130, 7460], device='cuda:0')
2024-02-06 05:02:55,964 - Classification Fails.
2024-02-06 05:02:55,965 - Link Generation Fails.
2024-02-06 05:03:26,335 - Victim node is 3248.
2024-02-06 05:03:26,335 - tensor([1759, 6130, 6662], device='cuda:0')
2024-02-06 05:03:26,336 - Classification Succeeds.
2024-02-06 05:03:26,336 - Link Generation Fails.
2024-02-06 05:03:57,254 - Victim node is 2953.
2024-02-06 05:03:57,254 - tensor([1759, 6662, 7620], device='cuda:0')
2024-02-06 05:03:57,255 - Classification Fails.
2024-02-06 05:03:57,255 - Link Generation Fails.
2024-02-06 05:04:28,253 - Victim node is 1192.
2024-02-06 05:04:28,253 - tensor([3383, 6433, 7676], device='cuda:0')
2024-02-06 05:04:28,254 - Classification Fails.
2024-02-06 05:04:28,254 - Link Generation Succeeds.
2024-02-06 05:05:01,115 - Victim node is 2750.
2024-02-06 05:05:01,115 - tensor([7723, 7744, 8260], device='cuda:0')
2024-02-06 05:05:01,116 - Classification Fails.
2024-02-06 05:05:01,116 - Link Generation Succeeds.
2024-02-06 05:05:33,955 - Victim node is 212.
2024-02-06 05:05:33,955 - tensor([ 593, 2198, 2239], device='cuda:0')
2024-02-06 05:05:33,955 - Classification Succeeds.
2024-02-06 05:05:33,955 - Link Generation Fails.
2024-02-06 05:06:06,850 - Victim node is 99.
2024-02-06 05:06:06,850 - tensor([ 593, 2239, 8719], device='cuda:0')
2024-02-06 05:06:06,851 - Classification Succeeds.
2024-02-06 05:06:06,851 - Link Generation Succeeds.
2024-02-06 05:06:37,651 - Victim node is 4336.
2024-02-06 05:06:37,651 - tensor([1759, 2260, 7620], device='cuda:0')
2024-02-06 05:06:37,651 - Classification Succeeds.
2024-02-06 05:06:37,651 - Link Generation Fails.
2024-02-06 05:07:08,076 - Victim node is 4123.
2024-02-06 05:07:08,076 - tensor([1759, 6662, 7620], device='cuda:0')
2024-02-06 05:07:08,077 - Classification Succeeds.
2024-02-06 05:07:08,077 - Link Generation Fails.
2024-02-06 05:07:38,376 - Victim node is 5713.
2024-02-06 05:07:38,376 - tensor([1759, 2260, 7620], device='cuda:0')
2024-02-06 05:07:38,376 - Classification Succeeds.
2024-02-06 05:07:38,376 - Link Generation Fails.
2024-02-06 05:08:08,672 - Victim node is 6355.
2024-02-06 05:08:08,672 - tensor([6279, 7620, 7785], device='cuda:0')
2024-02-06 05:08:08,672 - Classification Fails.
2024-02-06 05:08:08,672 - Link Generation Succeeds.
2024-02-06 05:08:38,719 - Victim node is 3333.
2024-02-06 05:08:38,720 - tensor([3383, 5449, 6499], device='cuda:0')
2024-02-06 05:08:38,720 - Classification Succeeds.
2024-02-06 05:08:38,720 - Link Generation Fails.
2024-02-06 05:09:11,015 - Victim node is 3617.
2024-02-06 05:09:11,015 - tensor([ 593, 2198, 8589], device='cuda:0')
2024-02-06 05:09:11,015 - Classification Fails.
2024-02-06 05:09:11,015 - Link Generation Succeeds.
2024-02-06 05:09:41,182 - Victim node is 4933.
2024-02-06 05:09:41,182 - tensor([6130, 6662, 7620], device='cuda:0')
2024-02-06 05:09:41,182 - Classification Succeeds.
2024-02-06 05:09:41,183 - Link Generation Fails.
2024-02-06 05:10:11,807 - Victim node is 1720.
2024-02-06 05:10:11,807 - tensor([1759, 2260, 4960], device='cuda:0')
2024-02-06 05:10:11,807 - Classification Succeeds.
2024-02-06 05:10:11,807 - Link Generation Fails.
2024-02-06 05:10:42,593 - Victim node is 3498.
2024-02-06 05:10:42,593 - tensor([2198, 2239, 4376], device='cuda:0')
2024-02-06 05:10:42,594 - Classification Fails.
2024-02-06 05:10:42,594 - Link Generation Fails.
2024-02-06 05:11:13,196 - Victim node is 5094.
2024-02-06 05:11:13,196 - tensor([1136, 2818, 4129], device='cuda:0')
2024-02-06 05:11:13,197 - Classification Fails.
2024-02-06 05:11:13,197 - Link Generation Fails.
2024-02-06 05:17:37,568 - Victim node is 2229.
2024-02-06 05:17:37,568 - tensor([7842, 8357, 8371], device='cuda:0')
2024-02-06 05:17:37,568 - Classification Succeeds.
2024-02-06 05:17:37,568 - Link Generation Succeeds.
2024-02-06 05:18:08,492 - Victim node is 5791.
2024-02-06 05:18:08,493 - tensor([ 593, 2198, 2239], device='cuda:0')
2024-02-06 05:18:08,493 - Classification Fails.
2024-02-06 05:18:08,493 - Link Generation Fails.
2024-02-06 05:18:41,170 - Victim node is 2509.
2024-02-06 05:18:41,170 - tensor([ 593, 2198, 8620], device='cuda:0')
2024-02-06 05:18:41,171 - Classification Fails.
2024-02-06 05:18:41,171 - Link Generation Succeeds.
2024-02-06 05:19:11,840 - Victim node is 2395.
2024-02-06 05:19:11,840 - tensor([1759, 6130, 7620], device='cuda:0')
2024-02-06 05:19:11,841 - Classification Succeeds.
2024-02-06 05:19:11,841 - Link Generation Fails.
2024-02-06 05:21:26,728 - Victim node is 7537.
2024-02-06 05:21:26,728 - tensor([2239, 8258, 8875], device='cuda:0')
2024-02-06 05:21:26,728 - Classification Succeeds.
2024-02-06 05:21:26,728 - Link Generation Succeeds.
2024-02-06 05:22:00,331 - Victim node is 704.
2024-02-06 05:22:00,331 - tensor([6130, 7460, 7620], device='cuda:0')
2024-02-06 05:22:00,331 - Classification Succeeds.
2024-02-06 05:22:00,332 - Link Generation Fails.
2024-02-06 05:22:31,104 - Victim node is 5666.
2024-02-06 05:22:31,104 - tensor([3383, 4646, 7620], device='cuda:0')
2024-02-06 05:22:31,104 - Classification Succeeds.
2024-02-06 05:22:31,104 - Link Generation Fails.
2024-02-06 05:23:02,089 - Victim node is 2561.
2024-02-06 05:23:02,089 - tensor([ 593, 2198, 2239], device='cuda:0')
2024-02-06 05:23:02,089 - Classification Fails.
2024-02-06 05:23:02,089 - Link Generation Fails.
2024-02-06 05:23:32,326 - Victim node is 5866.
2024-02-06 05:23:32,326 - tensor([ 593, 2198, 6190], device='cuda:0')
2024-02-06 05:23:32,326 - Classification Fails.
2024-02-06 05:23:32,327 - Link Generation Fails.
2024-02-06 05:24:04,598 - Victim node is 4012.
2024-02-06 05:24:04,598 - tensor([7928, 8603, 8783], device='cuda:0')
2024-02-06 05:24:04,599 - Classification Succeeds.
2024-02-06 05:24:04,599 - Link Generation Succeeds.
2024-02-06 05:24:35,230 - Victim node is 3810.
2024-02-06 05:24:35,230 - tensor([ 593, 2198, 7650], device='cuda:0')
2024-02-06 05:24:35,230 - Classification Succeeds.
2024-02-06 05:24:35,230 - Link Generation Succeeds.
2024-02-06 05:25:05,721 - Victim node is 4487.
2024-02-06 05:25:05,721 - tensor([1136, 5526, 6662], device='cuda:0')
2024-02-06 05:25:05,721 - Classification Succeeds.
2024-02-06 05:25:05,722 - Link Generation Fails.
2024-02-06 05:27:14,891 - Victim node is 3072.
2024-02-06 05:27:14,891 - tensor([ 593, 4376, 8255], device='cuda:0')
2024-02-06 05:27:14,891 - Classification Fails.
2024-02-06 05:27:14,891 - Link Generation Succeeds.
2024-02-06 05:28:20,883 - Victim node is 1534.
2024-02-06 05:28:20,883 - tensor([ 593, 2198, 2239], device='cuda:0')
2024-02-06 05:28:20,884 - Classification Succeeds.
2024-02-06 05:28:20,884 - Link Generation Fails.
2024-02-06 05:28:51,565 - Victim node is 7080.
2024-02-06 05:28:51,565 - tensor([3383, 5449, 6499], device='cuda:0')
2024-02-06 05:28:51,565 - Classification Fails.
2024-02-06 05:28:51,565 - Link Generation Fails.
2024-02-06 05:29:24,465 - Victim node is 4628.
2024-02-06 05:29:24,465 - tensor([2198, 2239, 7620], device='cuda:0')
2024-02-06 05:29:24,465 - Classification Succeeds.
2024-02-06 05:29:24,465 - Link Generation Fails.
2024-02-06 05:32:48,017 - Victim node is 2921.
2024-02-06 05:32:48,017 - tensor([2239, 7829, 8291], device='cuda:0')
2024-02-06 05:32:48,017 - Classification Fails.
2024-02-06 05:32:48,018 - Link Generation Succeeds.
2024-02-06 05:33:18,267 - Victim node is 4360.
2024-02-06 05:33:18,267 - tensor([6190, 6499, 7661], device='cuda:0')
2024-02-06 05:33:18,268 - Classification Succeeds.
2024-02-06 05:33:18,268 - Link Generation Succeeds.
2024-02-06 05:33:50,554 - Victim node is 5576.
2024-02-06 05:33:50,554 - tensor([2198, 8374, 8456], device='cuda:0')
2024-02-06 05:33:50,555 - Classification Succeeds.
2024-02-06 05:33:50,555 - Link Generation Succeeds.
2024-02-06 05:34:24,085 - Victim node is 7493.
2024-02-06 05:34:24,086 - tensor([7711, 7760, 7937], device='cuda:0')
2024-02-06 05:34:24,086 - Classification Fails.
2024-02-06 05:34:24,086 - Link Generation Succeeds.
2024-02-06 05:34:54,480 - Victim node is 2973.
2024-02-06 05:34:54,480 - tensor([ 593, 2198, 2239], device='cuda:0')
2024-02-06 05:34:54,480 - Classification Fails.
2024-02-06 05:34:54,480 - Link Generation Fails.
2024-02-06 05:35:24,602 - Victim node is 6032.
2024-02-06 05:35:24,603 - tensor([6190, 7177, 7542], device='cuda:0')
2024-02-06 05:35:24,603 - Classification Succeeds.
2024-02-06 05:35:24,603 - Link Generation Fails.
2024-02-06 05:35:55,060 - Victim node is 2692.
2024-02-06 05:35:55,060 - tensor([ 593, 2198, 2239], device='cuda:0')
2024-02-06 05:35:55,061 - Classification Fails.
2024-02-06 05:35:55,061 - Link Generation Fails.
2024-02-06 05:36:28,590 - Victim node is 2676.
2024-02-06 05:36:28,590 - tensor([7728, 7731, 8284], device='cuda:0')
2024-02-06 05:36:28,590 - Classification Fails.
2024-02-06 05:36:28,590 - Link Generation Succeeds.
2024-02-06 05:36:59,254 - Victim node is 1750.
2024-02-06 05:36:59,254 - tensor([2198, 2239, 4376], device='cuda:0')
2024-02-06 05:36:59,254 - Classification Succeeds.
2024-02-06 05:36:59,254 - Link Generation Fails.
2024-02-06 05:37:29,688 - Victim node is 5805.
2024-02-06 05:37:29,688 - tensor([6130, 6279, 7620], device='cuda:0')
2024-02-06 05:37:29,689 - Classification Succeeds.
2024-02-06 05:37:29,689 - Link Generation Fails.
2024-02-06 05:38:00,199 - Victim node is 4108.
2024-02-06 05:38:00,199 - tensor([4663, 6130, 7620], device='cuda:0')
2024-02-06 05:38:00,200 - Classification Succeeds.
2024-02-06 05:38:00,200 - Link Generation Fails.
2024-02-06 05:38:31,159 - Victim node is 356.
2024-02-06 05:38:31,159 - tensor([1759, 2260, 6433], device='cuda:0')
2024-02-06 05:38:31,160 - Classification Succeeds.
2024-02-06 05:38:31,160 - Link Generation Fails.
2024-02-06 05:43:06,562 - Victim node is 7054.
2024-02-06 05:43:06,562 - tensor([ 593, 8388, 8403], device='cuda:0')
2024-02-06 05:43:06,562 - Classification Fails.
2024-02-06 05:43:06,562 - Link Generation Succeeds.
2024-02-06 05:43:40,141 - Victim node is 5068.
2024-02-06 05:43:40,141 - tensor([2198, 7768, 8573], device='cuda:0')
2024-02-06 05:43:40,141 - Classification Fails.
2024-02-06 05:43:40,141 - Link Generation Succeeds.
2024-02-06 05:44:10,553 - Victim node is 4506.
2024-02-06 05:44:10,553 - tensor([1759, 2260, 4666], device='cuda:0')
2024-02-06 05:44:10,553 - Classification Fails.
2024-02-06 05:44:10,553 - Link Generation Fails.
2024-02-06 05:50:46,672 - Victim node is 4511.
2024-02-06 05:50:46,672 - tensor([8330, 8343, 9003], device='cuda:0')
2024-02-06 05:50:46,674 - Classification Succeeds.
2024-02-06 05:50:46,674 - Link Generation Succeeds.
2024-02-06 05:52:03,516 - Victim node is 405.
2024-02-06 05:52:03,516 - tensor([1759, 6130, 7620], device='cuda:0')
2024-02-06 05:52:03,516 - Classification Fails.
2024-02-06 05:52:03,516 - Link Generation Fails.
2024-02-06 05:52:34,531 - Victim node is 333.
2024-02-06 05:52:34,531 - tensor([2200, 4906, 6433], device='cuda:0')
2024-02-06 05:52:34,531 - Classification Succeeds.
2024-02-06 05:52:34,531 - Link Generation Fails.
2024-02-06 05:53:07,612 - Victim node is 4237.
2024-02-06 05:53:07,612 - tensor([4663, 6130, 7620], device='cuda:0')
2024-02-06 05:53:07,613 - Classification Fails.
2024-02-06 05:53:07,613 - Link Generation Fails.
2024-02-06 05:53:37,797 - Victim node is 6873.
2024-02-06 05:53:37,798 - tensor([1374, 6279, 7620], device='cuda:0')
2024-02-06 05:53:37,798 - Classification Fails.
2024-02-06 05:53:37,798 - Link Generation Fails.
2024-02-06 05:54:08,013 - Victim node is 6535.
2024-02-06 05:54:08,013 - tensor([ 593, 2198, 6702], device='cuda:0')
2024-02-06 05:54:08,014 - Classification Succeeds.
2024-02-06 05:54:08,014 - Link Generation Fails.
2024-02-06 05:54:39,096 - Victim node is 3349.
2024-02-06 05:54:39,096 - tensor([3383, 6433, 7362], device='cuda:0')
2024-02-06 05:54:39,097 - Classification Fails.
2024-02-06 05:54:39,097 - Link Generation Fails.
2024-02-06 05:55:09,687 - Victim node is 330.
2024-02-06 05:55:09,687 - tensor([7658, 7671, 7728], device='cuda:0')
2024-02-06 05:55:09,688 - Classification Succeeds.
2024-02-06 05:55:09,688 - Link Generation Succeeds.
2024-02-06 05:55:42,661 - Victim node is 5506.
2024-02-06 05:55:42,661 - tensor([ 593, 2198, 2239], device='cuda:0')
2024-02-06 05:55:42,662 - Classification Succeeds.
2024-02-06 05:55:42,662 - Link Generation Fails.
2024-02-06 05:56:13,568 - Victim node is 4955.
2024-02-06 05:56:13,568 - tensor([6190, 7780, 7799], device='cuda:0')
2024-02-06 05:56:13,568 - Classification Fails.
2024-02-06 05:56:13,568 - Link Generation Succeeds.
2024-02-06 06:02:59,925 - Victim node is 3672.
2024-02-06 06:02:59,925 - tensor([2239, 7844, 8367], device='cuda:0')
2024-02-06 06:02:59,925 - Classification Fails.
2024-02-06 06:02:59,925 - Link Generation Succeeds.
2024-02-06 06:03:30,085 - Victim node is 3175.
2024-02-06 06:03:30,085 - tensor([1155, 6130, 7714], device='cuda:0')
2024-02-06 06:03:30,085 - Classification Succeeds.
2024-02-06 06:03:30,085 - Link Generation Succeeds.
2024-02-06 06:04:03,239 - Victim node is 1596.
2024-02-06 06:04:03,239 - tensor([ 593, 2198, 2239], device='cuda:0')
2024-02-06 06:04:03,240 - Classification Fails.
2024-02-06 06:04:03,240 - Link Generation Fails.
2024-02-06 06:04:34,142 - Victim node is 2131.
2024-02-06 06:04:34,142 - tensor([ 526, 4666, 7749], device='cuda:0')
2024-02-06 06:04:34,142 - Classification Fails.
2024-02-06 06:04:34,142 - Link Generation Succeeds.
2024-02-06 06:11:15,071 - Victim node is 3445.
2024-02-06 06:11:15,071 - tensor([7824, 8293, 8931], device='cuda:0')
2024-02-06 06:11:15,071 - Classification Succeeds.
2024-02-06 06:11:15,071 - Link Generation Succeeds.
2024-02-06 06:11:46,418 - Victim node is 4551.
2024-02-06 06:11:46,418 - tensor([1759, 2260, 4666], device='cuda:0')
2024-02-06 06:11:46,418 - Classification Succeeds.
2024-02-06 06:11:46,418 - Link Generation Fails.
2024-02-06 06:12:18,897 - Victim node is 2001.
2024-02-06 06:12:18,897 - tensor([ 593, 2239, 7902], device='cuda:0')
2024-02-06 06:12:18,898 - Classification Fails.
2024-02-06 06:12:18,898 - Link Generation Succeeds.
2024-02-06 06:12:51,431 - Victim node is 2040.
2024-02-06 06:12:51,431 - tensor([ 593, 2198, 8647], device='cuda:0')
2024-02-06 06:12:51,431 - Classification Succeeds.
2024-02-06 06:12:51,431 - Link Generation Succeeds.
2024-02-06 06:13:23,941 - Victim node is 6500.
2024-02-06 06:13:23,941 - tensor([2198, 7927, 8607], device='cuda:0')
2024-02-06 06:13:23,941 - Classification Succeeds.
2024-02-06 06:13:23,941 - Link Generation Succeeds.
2024-02-06 06:13:56,526 - Victim node is 1910.
2024-02-06 06:13:56,526 - tensor([ 593, 2198, 2239], device='cuda:0')
2024-02-06 06:13:56,526 - Classification Fails.
2024-02-06 06:13:56,526 - Link Generation Fails.
2024-02-06 06:14:27,035 - Victim node is 1199.
2024-02-06 06:14:27,035 - tensor([ 593, 2198, 2239], device='cuda:0')
2024-02-06 06:14:27,035 - Classification Fails.
2024-02-06 06:14:27,035 - Link Generation Fails.
2024-02-06 06:14:57,416 - Victim node is 7177.
2024-02-06 06:14:57,416 - tensor([ 593, 2198, 4376], device='cuda:0')
2024-02-06 06:14:57,416 - Classification Succeeds.
2024-02-06 06:14:57,416 - Link Generation Fails.
2024-02-06 06:15:27,458 - Victim node is 6472.
2024-02-06 06:15:27,458 - tensor([6279, 7542, 7761], device='cuda:0')
2024-02-06 06:15:27,459 - Classification Succeeds.
2024-02-06 06:15:27,459 - Link Generation Succeeds.
2024-02-06 06:15:59,985 - Victim node is 6137.
2024-02-06 06:15:59,985 - tensor([7917, 8542, 8562], device='cuda:0')
2024-02-06 06:15:59,986 - Classification Succeeds.
2024-02-06 06:15:59,986 - Link Generation Succeeds.
2024-02-06 06:16:31,086 - Victim node is 6465.
2024-02-06 06:16:31,086 - tensor([1759, 6279, 7620], device='cuda:0')
2024-02-06 06:16:31,086 - Classification Fails.
2024-02-06 06:16:31,087 - Link Generation Fails.
2024-02-06 06:17:03,966 - Victim node is 160.
2024-02-06 06:17:03,966 - tensor([1759, 4646, 7620], device='cuda:0')
2024-02-06 06:17:03,966 - Classification Succeeds.
2024-02-06 06:17:03,966 - Link Generation Fails.
2024-02-06 06:17:34,283 - Victim node is 6380.
2024-02-06 06:17:34,283 - tensor([3383, 6662, 7542], device='cuda:0')
2024-02-06 06:17:34,284 - Classification Fails.
2024-02-06 06:17:34,284 - Link Generation Fails.
2024-02-06 06:18:04,791 - Victim node is 6912.
2024-02-06 06:18:04,791 - tensor([1759, 2260, 4666], device='cuda:0')
2024-02-06 06:18:04,792 - Classification Succeeds.
2024-02-06 06:18:04,792 - Link Generation Fails.
2024-02-06 06:18:35,728 - Victim node is 2556.
2024-02-06 06:18:35,728 - tensor([ 593, 2198, 2239], device='cuda:0')
2024-02-06 06:18:35,729 - Classification Succeeds.
2024-02-06 06:18:35,729 - Link Generation Fails.
2024-02-06 06:19:06,221 - Victim node is 6356.
2024-02-06 06:19:06,221 - tensor([4628, 4906, 6433], device='cuda:0')
2024-02-06 06:19:06,221 - Classification Succeeds.
2024-02-06 06:19:06,222 - Link Generation Fails.
2024-02-06 06:19:36,802 - Victim node is 2217.
2024-02-06 06:19:36,802 - tensor([2923, 6190, 7542], device='cuda:0')
2024-02-06 06:19:36,802 - Classification Fails.
2024-02-06 06:19:36,803 - Link Generation Fails.
2024-02-06 06:20:07,332 - Victim node is 7146.
2024-02-06 06:20:07,332 - tensor([3383, 6499, 7362], device='cuda:0')
2024-02-06 06:20:07,333 - Classification Succeeds.
2024-02-06 06:20:07,333 - Link Generation Fails.
2024-02-06 06:20:39,799 - Victim node is 4127.
2024-02-06 06:20:39,799 - tensor([2198, 7878, 8437], device='cuda:0')
2024-02-06 06:20:39,800 - Classification Succeeds.
2024-02-06 06:20:39,800 - Link Generation Succeeds.
2024-02-06 06:21:10,039 - Victim node is 2181.
2024-02-06 06:21:10,039 - tensor([6662, 7776, 7827], device='cuda:0')
2024-02-06 06:21:10,039 - Classification Fails.
2024-02-06 06:21:10,039 - Link Generation Succeeds.
2024-02-06 06:21:40,287 - Victim node is 7282.
2024-02-06 06:21:40,287 - tensor([1136, 7557, 7620], device='cuda:0')
2024-02-06 06:21:40,287 - Classification Fails.
2024-02-06 06:21:40,287 - Link Generation Fails.
2024-02-06 06:22:10,941 - Victim node is 5753.
2024-02-06 06:22:10,941 - tensor([2260, 6662, 7620], device='cuda:0')
2024-02-06 06:22:10,941 - Classification Fails.
2024-02-06 06:22:10,941 - Link Generation Fails.
2024-02-06 06:22:41,659 - Victim node is 681.
2024-02-06 06:22:41,659 - tensor([1374, 6662, 7542], device='cuda:0')
2024-02-06 06:22:41,659 - Classification Fails.
2024-02-06 06:22:41,659 - Link Generation Fails.
2024-02-06 06:23:11,865 - Victim node is 2584.
2024-02-06 06:23:11,865 - tensor([ 593, 2198, 6702], device='cuda:0')
2024-02-06 06:23:11,865 - Classification Fails.
2024-02-06 06:23:11,865 - Link Generation Fails.
2024-02-06 06:23:42,226 - Victim node is 6508.
2024-02-06 06:23:42,226 - tensor([1136, 6130, 6279], device='cuda:0')
2024-02-06 06:23:42,226 - Classification Succeeds.
2024-02-06 06:23:42,226 - Link Generation Fails.
2024-02-06 06:24:12,963 - Victim node is 5019.
2024-02-06 06:24:12,963 - tensor([2260, 6130, 7620], device='cuda:0')
2024-02-06 06:24:12,963 - Classification Fails.
2024-02-06 06:24:12,963 - Link Generation Fails.
2024-02-06 06:24:43,798 - Victim node is 4945.
2024-02-06 06:24:43,798 - tensor([1599, 5356, 6662], device='cuda:0')
2024-02-06 06:24:43,798 - Classification Fails.
2024-02-06 06:24:43,798 - Link Generation Fails.
2024-02-06 06:25:14,519 - Victim node is 2519.
2024-02-06 06:25:14,519 - tensor([ 593, 2198, 2239], device='cuda:0')
2024-02-06 06:25:14,519 - Classification Fails.
2024-02-06 06:25:14,519 - Link Generation Fails.
2024-02-06 06:25:44,962 - Victim node is 3743.
2024-02-06 06:25:44,962 - tensor([2198, 7805, 7912], device='cuda:0')
2024-02-06 06:25:44,963 - Classification Fails.
2024-02-06 06:25:44,963 - Link Generation Succeeds.
2024-02-06 06:26:18,515 - Victim node is 509.
2024-02-06 06:26:18,516 - tensor([ 593, 2198, 6702], device='cuda:0')
2024-02-06 06:26:18,516 - Classification Succeeds.
2024-02-06 06:26:18,516 - Link Generation Fails.
2024-02-06 06:29:07,099 - Victim node is 4155.
2024-02-06 06:29:07,099 - tensor([ 593, 7808, 8811], device='cuda:0')
2024-02-06 06:29:07,100 - Classification Succeeds.
2024-02-06 06:29:07,100 - Link Generation Succeeds.
2024-02-06 06:29:38,066 - Victim node is 3435.
2024-02-06 06:29:38,066 - tensor([3383, 6130, 7620], device='cuda:0')
2024-02-06 06:29:38,066 - Classification Succeeds.
2024-02-06 06:29:38,066 - Link Generation Fails.
2024-02-06 06:30:08,538 - Victim node is 4756.
2024-02-06 06:30:08,538 - tensor([3383, 6499, 7362], device='cuda:0')
2024-02-06 06:30:08,539 - Classification Succeeds.
2024-02-06 06:30:08,539 - Link Generation Fails.
2024-02-06 06:30:42,115 - Victim node is 6130.
2024-02-06 06:30:42,115 - tensor([4237, 5875, 7620], device='cuda:0')
2024-02-06 06:30:42,115 - Classification Fails.
2024-02-06 06:30:42,116 - Link Generation Fails.
2024-02-06 06:31:12,838 - Victim node is 1845.
2024-02-06 06:31:12,838 - tensor([1600, 6190, 6279], device='cuda:0')
2024-02-06 06:31:12,839 - Classification Fails.
2024-02-06 06:31:12,839 - Link Generation Fails.
2024-02-06 06:31:43,222 - Victim node is 2411.
2024-02-06 06:31:43,222 - tensor([1759, 6433, 7801], device='cuda:0')
2024-02-06 06:31:43,223 - Classification Succeeds.
2024-02-06 06:31:43,223 - Link Generation Succeeds.
2024-02-06 06:32:14,103 - Victim node is 1601.
2024-02-06 06:32:14,103 - tensor([2198, 2239, 4376], device='cuda:0')
2024-02-06 06:32:14,103 - Classification Succeeds.
2024-02-06 06:32:14,103 - Link Generation Fails.
2024-02-06 06:32:44,569 - Victim node is 2305.
2024-02-06 06:32:44,570 - tensor([3383, 6190, 6499], device='cuda:0')
2024-02-06 06:32:44,570 - Classification Fails.
2024-02-06 06:32:44,570 - Link Generation Fails.
2024-02-06 06:33:14,813 - Victim node is 5946.
2024-02-06 06:33:14,813 - tensor([1374, 1600, 7620], device='cuda:0')
2024-02-06 06:33:14,813 - Classification Succeeds.
2024-02-06 06:33:14,813 - Link Generation Fails.
2024-02-06 06:33:47,470 - Victim node is 621.
2024-02-06 06:33:47,470 - tensor([2198, 2239, 4376], device='cuda:0')
2024-02-06 06:33:47,472 - Classification Succeeds.
2024-02-06 06:33:47,472 - Link Generation Fails.
2024-02-06 06:34:20,769 - Victim node is 4361.
2024-02-06 06:34:20,769 - tensor([7460, 8011, 8184], device='cuda:0')
2024-02-06 06:34:20,770 - Classification Fails.
2024-02-06 06:34:20,770 - Link Generation Succeeds.
2024-02-06 06:34:51,166 - Victim node is 4995.
2024-02-06 06:34:51,166 - tensor([7620, 7748, 7769], device='cuda:0')
2024-02-06 06:34:51,166 - Classification Succeeds.
2024-02-06 06:34:51,166 - Link Generation Succeeds.
2024-02-06 06:37:37,710 - Victim node is 411.
2024-02-06 06:37:37,710 - tensor([ 593, 8769, 8793], device='cuda:0')
2024-02-06 06:37:37,711 - Classification Fails.
2024-02-06 06:37:37,711 - Link Generation Succeeds.
2024-02-06 06:38:11,816 - Victim node is 2062.
2024-02-06 06:38:11,816 - tensor([2198, 7713, 7725], device='cuda:0')
2024-02-06 06:38:11,816 - Classification Fails.
2024-02-06 06:38:11,816 - Link Generation Succeeds.
2024-02-06 06:41:02,226 - Victim node is 2770.
2024-02-06 06:41:02,227 - tensor([2239, 8265, 8895], device='cuda:0')
2024-02-06 06:41:02,227 - Classification Succeeds.
2024-02-06 06:41:02,227 - Link Generation Succeeds.
2024-02-06 06:41:33,383 - Victim node is 7039.
2024-02-06 06:41:33,383 - tensor([2198, 2239, 4376], device='cuda:0')
2024-02-06 06:41:33,383 - Classification Fails.
2024-02-06 06:41:33,383 - Link Generation Fails.
2024-02-06 06:42:04,169 - Victim node is 6396.
2024-02-06 06:42:04,169 - tensor([2731, 6662, 7728], device='cuda:0')
2024-02-06 06:42:04,170 - Classification Fails.
2024-02-06 06:42:04,170 - Link Generation Succeeds.
2024-02-06 06:48:48,556 - Victim node is 372.
2024-02-06 06:48:48,556 - tensor([ 593, 8321, 8336], device='cuda:0')
2024-02-06 06:48:48,556 - Classification Fails.
2024-02-06 06:48:48,556 - Link Generation Succeeds.
2024-02-06 06:57:50,779 - Victim node is 3234.
2024-02-06 06:57:50,781 - tensor([7838, 8345, 8359], device='cuda:0')
2024-02-06 06:57:50,781 - Classification Succeeds.
2024-02-06 06:57:50,781 - Link Generation Succeeds.
2024-02-06 06:58:21,913 - Victim node is 6598.
2024-02-06 06:58:21,913 - tensor([2731, 6279, 7620], device='cuda:0')
2024-02-06 06:58:21,914 - Classification Fails.
2024-02-06 06:58:21,914 - Link Generation Fails.
2024-02-06 06:58:52,705 - Victim node is 7307.
2024-02-06 06:58:52,705 - tensor([2198, 2239, 4376], device='cuda:0')
2024-02-06 06:58:52,706 - Classification Fails.
2024-02-06 06:58:52,706 - Link Generation Fails.
2024-02-06 06:59:23,052 - Victim node is 6590.
2024-02-06 06:59:23,052 - tensor([2198, 2239, 4376], device='cuda:0')
2024-02-06 06:59:23,052 - Classification Fails.
2024-02-06 06:59:23,052 - Link Generation Fails.
2024-02-06 06:59:55,393 - Victim node is 6696.
2024-02-06 06:59:55,393 - tensor([2198, 7746, 8412], device='cuda:0')
2024-02-06 06:59:55,393 - Classification Fails.
2024-02-06 06:59:55,393 - Link Generation Succeeds.
2024-02-06 07:00:29,219 - Victim node is 2193.
2024-02-06 07:00:29,219 - tensor([7735, 7847, 8348], device='cuda:0')
2024-02-06 07:00:29,220 - Classification Succeeds.
2024-02-06 07:00:29,220 - Link Generation Succeeds.
2024-02-06 07:01:02,026 - Victim node is 3612.
2024-02-06 07:01:02,026 - tensor([2198, 2239, 7920], device='cuda:0')
2024-02-06 07:01:02,028 - Classification Fails.
2024-02-06 07:01:02,028 - Link Generation Succeeds.
2024-02-06 07:01:32,628 - Victim node is 5619.
2024-02-06 07:01:32,628 - tensor([4646, 6433, 7620], device='cuda:0')
2024-02-06 07:01:32,628 - Classification Fails.
2024-02-06 07:01:32,628 - Link Generation Fails.
2024-02-06 07:02:03,273 - Victim node is 4949.
2024-02-06 07:02:03,273 - tensor([4663, 6130, 7620], device='cuda:0')
2024-02-06 07:02:03,273 - Classification Fails.
2024-02-06 07:02:03,274 - Link Generation Fails.
2024-02-06 07:08:50,183 - Victim node is 669.
2024-02-06 07:08:50,183 - tensor([ 593, 2239, 8314], device='cuda:0')
2024-02-06 07:08:50,183 - Classification Fails.
2024-02-06 07:08:50,183 - Link Generation Succeeds.
2024-02-06 07:10:07,998 - Victim node is 7313.
2024-02-06 07:10:07,998 - tensor([2198, 2239, 4376], device='cuda:0')
2024-02-06 07:10:07,998 - Classification Fails.
2024-02-06 07:10:07,998 - Link Generation Fails.
2024-02-06 07:10:38,467 - Victim node is 4720.
2024-02-06 07:10:38,468 - tensor([1600, 3383, 6130], device='cuda:0')
2024-02-06 07:10:38,468 - Classification Succeeds.
2024-02-06 07:10:38,468 - Link Generation Fails.
2024-02-06 07:11:09,264 - Victim node is 5161.
2024-02-06 07:11:09,264 - tensor([3383, 7620, 7657], device='cuda:0')
2024-02-06 07:11:09,264 - Classification Fails.
2024-02-06 07:11:09,264 - Link Generation Succeeds.
2024-02-06 07:11:39,665 - Victim node is 2879.
2024-02-06 07:11:39,665 - tensor([2198, 2239, 4376], device='cuda:0')
2024-02-06 07:11:39,665 - Classification Succeeds.
2024-02-06 07:11:39,665 - Link Generation Fails.
2024-02-06 07:12:10,227 - Victim node is 1562.
2024-02-06 07:12:10,227 - tensor([3383, 6962, 7620], device='cuda:0')
2024-02-06 07:12:10,227 - Classification Succeeds.
2024-02-06 07:12:10,228 - Link Generation Fails.
2024-02-06 07:12:43,060 - Victim node is 6291.
2024-02-06 07:12:43,061 - tensor([ 593, 2239, 8670], device='cuda:0')
2024-02-06 07:12:43,061 - Classification Succeeds.
2024-02-06 07:12:43,061 - Link Generation Succeeds.
2024-02-06 07:13:15,756 - Victim node is 3062.
2024-02-06 07:13:15,756 - tensor([2198, 7920, 8659], device='cuda:0')
2024-02-06 07:13:15,756 - Classification Fails.
2024-02-06 07:13:15,756 - Link Generation Succeeds.
2024-02-06 07:13:48,029 - Victim node is 898.
2024-02-06 07:13:48,030 - tensor([ 593, 2198, 7841], device='cuda:0')
2024-02-06 07:13:48,030 - Classification Fails.
2024-02-06 07:13:48,030 - Link Generation Succeeds.
2024-02-06 07:14:18,807 - Victim node is 3000.
2024-02-06 07:14:18,807 - tensor([3383, 7362, 7542], device='cuda:0')
2024-02-06 07:14:18,808 - Classification Fails.
2024-02-06 07:14:18,808 - Link Generation Fails.
2024-02-06 07:20:36,137 - Victim node is 5330.
2024-02-06 07:20:36,137 - tensor([7827, 8312, 8325], device='cuda:0')
2024-02-06 07:20:36,138 - Classification Succeeds.
2024-02-06 07:20:36,138 - Link Generation Succeeds.
2024-02-06 07:21:56,394 - Victim node is 2668.
2024-02-06 07:21:56,394 - tensor([ 593, 2198, 7753], device='cuda:0')
2024-02-06 07:21:56,394 - Classification Succeeds.
2024-02-06 07:21:56,394 - Link Generation Succeeds.
2024-02-06 07:27:22,859 - Victim node is 6098.
2024-02-06 07:27:22,860 - tensor([ 593, 2239, 8435], device='cuda:0')
2024-02-06 07:27:22,860 - Classification Fails.
2024-02-06 07:27:22,860 - Link Generation Succeeds.
2024-02-06 07:27:55,855 - Victim node is 5181.
2024-02-06 07:27:55,856 - tensor([ 593, 2198, 2239], device='cuda:0')
2024-02-06 07:27:55,856 - Classification Fails.
2024-02-06 07:27:55,856 - Link Generation Fails.
2024-02-06 07:28:26,951 - Victim node is 4226.
2024-02-06 07:28:26,951 - tensor([1136, 1599, 5526], device='cuda:0')
2024-02-06 07:28:26,951 - Classification Fails.
2024-02-06 07:28:26,952 - Link Generation Fails.
2024-02-06 07:28:57,203 - Victim node is 1897.
2024-02-06 07:28:57,203 - tensor([7542, 7651, 7653], device='cuda:0')
2024-02-06 07:28:57,203 - Classification Fails.
2024-02-06 07:28:57,203 - Link Generation Succeeds.
2024-02-06 07:29:27,054 - Victim node is 2715.
2024-02-06 07:29:27,054 - tensor([3383, 7460, 7620], device='cuda:0')
2024-02-06 07:29:27,054 - Classification Succeeds.
2024-02-06 07:29:27,054 - Link Generation Fails.
2024-02-06 07:29:59,498 - Victim node is 7478.
2024-02-06 07:29:59,498 - tensor([ 593, 2198, 2239], device='cuda:0')
2024-02-06 07:29:59,499 - Classification Fails.
2024-02-06 07:29:59,499 - Link Generation Fails.
2024-02-06 07:30:30,411 - Victim node is 5913.
2024-02-06 07:30:30,411 - tensor([4646, 6433, 7620], device='cuda:0')
2024-02-06 07:30:30,412 - Classification Succeeds.
2024-02-06 07:30:30,412 - Link Generation Fails.
2024-02-06 07:31:00,832 - Victim node is 2448.
2024-02-06 07:31:00,832 - tensor([3383, 6499, 7362], device='cuda:0')
2024-02-06 07:31:00,833 - Classification Succeeds.
2024-02-06 07:31:00,833 - Link Generation Fails.
2024-02-06 07:31:31,151 - Victim node is 2091.
2024-02-06 07:31:31,151 - tensor([6190, 6662, 7177], device='cuda:0')
2024-02-06 07:31:31,152 - Classification Fails.
2024-02-06 07:31:31,152 - Link Generation Fails.
2024-02-06 07:32:04,206 - Victim node is 4731.
2024-02-06 07:32:04,206 - tensor([ 593, 2198, 2239], device='cuda:0')
2024-02-06 07:32:04,206 - Classification Fails.
2024-02-06 07:32:04,206 - Link Generation Fails.
2024-02-06 07:32:36,664 - Victim node is 3105.
2024-02-06 07:32:36,664 - tensor([2239, 7947, 8654], device='cuda:0')
2024-02-06 07:32:36,664 - Classification Succeeds.
2024-02-06 07:32:36,664 - Link Generation Succeeds.
2024-02-06 07:33:06,993 - Victim node is 1761.
2024-02-06 07:33:06,993 - tensor([2198, 2239, 4376], device='cuda:0')
2024-02-06 07:33:06,994 - Classification Fails.
2024-02-06 07:33:06,994 - Link Generation Fails.
2024-02-06 07:33:37,215 - Victim node is 3286.
2024-02-06 07:33:37,215 - tensor([ 593, 2198, 2239], device='cuda:0')
2024-02-06 07:33:37,215 - Classification Fails.
2024-02-06 07:33:37,215 - Link Generation Fails.
2024-02-06 07:34:07,512 - Victim node is 870.
2024-02-06 07:34:07,512 - tensor([ 593, 2198, 2239], device='cuda:0')
2024-02-06 07:34:07,513 - Classification Fails.
2024-02-06 07:34:07,513 - Link Generation Fails.
2024-02-06 07:34:38,407 - Victim node is 1529.
2024-02-06 07:34:38,408 - tensor([6130, 6279, 7620], device='cuda:0')
2024-02-06 07:34:38,408 - Classification Succeeds.
2024-02-06 07:34:38,408 - Link Generation Fails.
2024-02-06 07:35:08,441 - Victim node is 5597.
2024-02-06 07:35:08,441 - tensor([ 593, 2198, 2239], device='cuda:0')
2024-02-06 07:35:08,442 - Classification Succeeds.
2024-02-06 07:35:08,442 - Link Generation Fails.
2024-02-06 07:35:41,219 - Victim node is 2597.
2024-02-06 07:35:41,219 - tensor([6662, 7460, 7620], device='cuda:0')
2024-02-06 07:35:41,220 - Classification Fails.
2024-02-06 07:35:41,220 - Link Generation Fails.
2024-02-06 07:36:11,865 - Victim node is 7574.
2024-02-06 07:36:11,866 - tensor([3383, 6499, 7362], device='cuda:0')
2024-02-06 07:36:11,866 - Classification Fails.
2024-02-06 07:36:11,866 - Link Generation Fails.
2024-02-06 07:43:46,772 - Victim node is 495.
2024-02-06 07:43:46,772 - tensor([ 593, 2198, 2239], device='cuda:0')
2024-02-06 07:43:46,772 - Classification Fails.
2024-02-06 07:43:46,772 - Link Generation Fails.
2024-02-06 07:44:17,372 - Victim node is 646.
2024-02-06 07:44:17,372 - tensor([7362, 7542, 7651], device='cuda:0')
2024-02-06 07:44:17,372 - Classification Fails.
2024-02-06 07:44:17,372 - Link Generation Succeeds.
2024-02-06 07:44:49,744 - Victim node is 2809.
2024-02-06 07:44:49,744 - tensor([2198, 2239, 7765], device='cuda:0')
2024-02-06 07:44:49,744 - Classification Fails.
2024-02-06 07:44:49,744 - Link Generation Succeeds.
2024-02-06 07:45:19,840 - Victim node is 4011.
2024-02-06 07:45:19,840 - tensor([ 593, 2198, 2239], device='cuda:0')
2024-02-06 07:45:19,840 - Classification Fails.
2024-02-06 07:45:19,840 - Link Generation Fails.
2024-02-06 07:45:52,132 - Victim node is 5317.
2024-02-06 07:45:52,132 - tensor([2198, 7736, 7756], device='cuda:0')
2024-02-06 07:45:52,132 - Classification Fails.
2024-02-06 07:45:52,132 - Link Generation Succeeds.
2024-02-06 07:46:23,151 - Victim node is 4505.
2024-02-06 07:46:23,152 - tensor([6433, 7714, 7728], device='cuda:0')
2024-02-06 07:46:23,152 - Classification Succeeds.
2024-02-06 07:46:23,152 - Link Generation Succeeds.
2024-02-06 07:46:56,281 - Victim node is 1498.
2024-02-06 07:46:56,281 - tensor([2198, 7838, 8294], device='cuda:0')
2024-02-06 07:46:56,281 - Classification Succeeds.
2024-02-06 07:46:56,281 - Link Generation Succeeds.
2024-02-06 07:49:55,531 - Victim node is 2812.
2024-02-06 07:49:55,531 - tensor([7975, 8769, 8794], device='cuda:0')
2024-02-06 07:49:55,531 - Classification Succeeds.
2024-02-06 07:49:55,531 - Link Generation Succeeds.
2024-02-06 07:51:15,666 - Victim node is 729.
2024-02-06 07:51:15,666 - tensor([1599, 1600, 5449], device='cuda:0')
2024-02-06 07:51:15,667 - Classification Fails.
2024-02-06 07:51:15,667 - Link Generation Fails.
2024-02-06 07:58:29,186 - Victim node is 3226.
2024-02-06 07:58:29,187 - tensor([7845, 8346, 8360], device='cuda:0')
2024-02-06 07:58:29,187 - Classification Succeeds.
2024-02-06 07:58:29,187 - Link Generation Succeeds.
2024-02-06 08:04:19,683 - Victim node is 5979.
2024-02-06 08:04:19,683 - tensor([7841, 8353, 8367], device='cuda:0')
2024-02-06 08:04:19,683 - Classification Fails.
2024-02-06 08:04:19,683 - Link Generation Succeeds.
2024-02-06 08:09:12,505 - Victim node is 5415.
2024-02-06 08:09:12,505 - tensor([7855, 8392, 8406], device='cuda:0')
2024-02-06 08:09:12,505 - Classification Succeeds.
2024-02-06 08:09:12,505 - Link Generation Succeeds.
2024-02-06 08:10:28,675 - Victim node is 6174.
2024-02-06 08:10:28,675 - tensor([1759, 2198, 4666], device='cuda:0')
2024-02-06 08:10:28,676 - Classification Fails.
2024-02-06 08:10:28,676 - Link Generation Fails.
2024-02-06 08:10:59,302 - Victim node is 1992.
2024-02-06 08:10:59,302 - tensor([7653, 7672, 7699], device='cuda:0')
2024-02-06 08:10:59,302 - Classification Succeeds.
2024-02-06 08:10:59,302 - Link Generation Succeeds.
2024-02-06 08:11:29,387 - Victim node is 1187.
2024-02-06 08:11:29,387 - tensor([ 593, 2198, 2239], device='cuda:0')
2024-02-06 08:11:29,387 - Classification Fails.
2024-02-06 08:11:29,387 - Link Generation Fails.
2024-02-06 08:12:00,006 - Victim node is 2002.
2024-02-06 08:12:00,006 - tensor([2198, 2239, 4376], device='cuda:0')
2024-02-06 08:12:00,006 - Classification Fails.
2024-02-06 08:12:00,007 - Link Generation Fails.
2024-02-06 08:12:30,945 - Victim node is 3468.
2024-02-06 08:12:30,945 - tensor([ 593, 2198, 2239], device='cuda:0')
2024-02-06 08:12:30,945 - Classification Fails.
2024-02-06 08:12:30,946 - Link Generation Fails.
2024-02-06 08:13:01,456 - Victim node is 47.
2024-02-06 08:13:01,457 - tensor([ 593, 2198, 2239], device='cuda:0')
2024-02-06 08:13:01,457 - Classification Succeeds.
2024-02-06 08:13:01,457 - Link Generation Fails.
2024-02-06 08:13:31,830 - Victim node is 1680.
2024-02-06 08:13:31,830 - tensor([2144, 3383, 7669], device='cuda:0')
2024-02-06 08:13:31,831 - Classification Fails.
2024-02-06 08:13:31,831 - Link Generation Succeeds.
2024-02-06 08:14:04,947 - Victim node is 107.
2024-02-06 08:14:04,947 - tensor([ 593, 2198, 7834], device='cuda:0')
2024-02-06 08:14:04,948 - Classification Fails.
2024-02-06 08:14:04,948 - Link Generation Succeeds.
2024-02-06 08:14:35,836 - Victim node is 6681.
2024-02-06 08:14:35,836 - tensor([1599, 5875, 7620], device='cuda:0')
2024-02-06 08:14:35,836 - Classification Fails.
2024-02-06 08:14:35,836 - Link Generation Fails.
2024-02-06 08:15:06,014 - Victim node is 7099.
2024-02-06 08:15:06,014 - tensor([3836, 6190, 7177], device='cuda:0')
2024-02-06 08:15:06,014 - Classification Fails.
2024-02-06 08:15:06,014 - Link Generation Fails.
2024-02-06 08:15:36,128 - Victim node is 3943.
2024-02-06 08:15:36,128 - tensor([ 593, 2198, 2239], device='cuda:0')
2024-02-06 08:15:36,128 - Classification Fails.
2024-02-06 08:15:36,128 - Link Generation Fails.
2024-02-06 08:16:06,646 - Victim node is 7009.
2024-02-06 08:16:06,646 - tensor([1136, 1374, 5526], device='cuda:0')
2024-02-06 08:16:06,646 - Classification Fails.
2024-02-06 08:16:06,646 - Link Generation Fails.
2024-02-06 08:16:39,412 - Victim node is 5716.
2024-02-06 08:16:39,412 - tensor([7730, 7939, 8274], device='cuda:0')
2024-02-06 08:16:39,412 - Classification Fails.
2024-02-06 08:16:39,413 - Link Generation Succeeds.
2024-02-06 08:17:12,248 - Victim node is 3382.
2024-02-06 08:17:12,248 - tensor([ 593, 2198, 8374], device='cuda:0')
2024-02-06 08:17:12,248 - Classification Fails.
2024-02-06 08:17:12,249 - Link Generation Succeeds.
2024-02-06 08:17:42,319 - Victim node is 2980.
2024-02-06 08:17:42,319 - tensor([ 593, 2198, 4376], device='cuda:0')
2024-02-06 08:17:42,319 - Classification Fails.
2024-02-06 08:17:42,319 - Link Generation Fails.
2024-02-06 08:24:12,126 - Victim node is 1513.
2024-02-06 08:24:12,126 - tensor([7852, 8368, 8383], device='cuda:0')
2024-02-06 08:24:12,127 - Classification Succeeds.
2024-02-06 08:24:12,127 - Link Generation Succeeds.
2024-02-06 08:28:39,282 - Victim node is 1997.
2024-02-06 08:28:39,282 - tensor([7825, 8272, 8284], device='cuda:0')
2024-02-06 08:28:39,283 - Classification Succeeds.
2024-02-06 08:28:39,283 - Link Generation Succeeds.
2024-02-06 08:29:55,648 - Victim node is 4544.
2024-02-06 08:29:55,648 - tensor([6279, 6662, 7542], device='cuda:0')
2024-02-06 08:29:55,649 - Classification Fails.
2024-02-06 08:29:55,649 - Link Generation Fails.
2024-02-06 08:30:28,331 - Victim node is 7430.
2024-02-06 08:30:28,331 - tensor([ 593, 2198, 8577], device='cuda:0')
2024-02-06 08:30:28,331 - Classification Fails.
2024-02-06 08:30:28,331 - Link Generation Succeeds.
2024-02-06 08:37:25,417 - Victim node is 986.
2024-02-06 08:37:25,417 - tensor([ 593, 2239, 8314], device='cuda:0')
2024-02-06 08:37:25,417 - Classification Fails.
2024-02-06 08:37:25,417 - Link Generation Succeeds.
2024-02-06 08:37:57,019 - Victim node is 5072.
2024-02-06 08:37:57,019 - tensor([1374, 6130, 7620], device='cuda:0')
2024-02-06 08:37:57,020 - Classification Succeeds.
2024-02-06 08:37:57,020 - Link Generation Fails.
2024-02-06 08:38:27,690 - Victim node is 1114.
2024-02-06 08:38:27,690 - tensor([ 593, 2198, 2239], device='cuda:0')
2024-02-06 08:38:27,691 - Classification Fails.
2024-02-06 08:38:27,691 - Link Generation Fails.
2024-02-06 08:38:58,381 - Victim node is 4640.
2024-02-06 08:38:58,381 - tensor([4646, 7620, 7720], device='cuda:0')
2024-02-06 08:38:58,382 - Classification Fails.
2024-02-06 08:38:58,382 - Link Generation Succeeds.
2024-02-06 08:39:28,321 - Victim node is 7542.
2024-02-06 08:39:28,321 - tensor([3383, 6499, 7362], device='cuda:0')
2024-02-06 08:39:28,321 - Classification Fails.
2024-02-06 08:39:28,322 - Link Generation Fails.
2024-02-06 08:39:58,970 - Victim node is 5345.
2024-02-06 08:39:58,971 - tensor([6130, 6662, 7620], device='cuda:0')
2024-02-06 08:39:58,971 - Classification Succeeds.
2024-02-06 08:39:58,971 - Link Generation Fails.
2024-02-06 08:47:11,567 - Victim node is 7428.
2024-02-06 08:47:11,567 - tensor([7837, 8332, 8346], device='cuda:0')
2024-02-06 08:47:11,567 - Classification Succeeds.
2024-02-06 08:47:11,567 - Link Generation Succeeds.
2024-02-06 08:47:44,773 - Victim node is 3107.
2024-02-06 08:47:44,774 - tensor([6130, 7460, 7620], device='cuda:0')
2024-02-06 08:47:44,774 - Classification Succeeds.
2024-02-06 08:47:44,774 - Link Generation Fails.
2024-02-06 08:48:15,794 - Victim node is 7019.
2024-02-06 08:48:15,794 - tensor([1759, 2260, 7620], device='cuda:0')
2024-02-06 08:48:15,795 - Classification Succeeds.
2024-02-06 08:48:15,795 - Link Generation Fails.
2024-02-06 08:48:46,341 - Victim node is 4773.
2024-02-06 08:48:46,341 - tensor([ 593, 2198, 2239], device='cuda:0')
2024-02-06 08:48:46,341 - Classification Fails.
2024-02-06 08:48:46,342 - Link Generation Fails.
2024-02-06 08:49:16,963 - Victim node is 97.
2024-02-06 08:49:16,963 - tensor([3383, 6499, 7542], device='cuda:0')
2024-02-06 08:49:16,963 - Classification Succeeds.
2024-02-06 08:49:16,963 - Link Generation Fails.
2024-02-06 08:49:49,382 - Victim node is 576.
2024-02-06 08:49:49,382 - tensor([2198, 2239, 8600], device='cuda:0')
2024-02-06 08:49:49,382 - Classification Fails.
2024-02-06 08:49:49,382 - Link Generation Succeeds.
2024-02-06 08:50:20,310 - Victim node is 4707.
2024-02-06 08:50:20,310 - tensor([ 593, 2198, 2239], device='cuda:0')
2024-02-06 08:50:20,311 - Classification Fails.
2024-02-06 08:50:20,311 - Link Generation Fails.
2024-02-06 08:50:53,243 - Victim node is 2999.
2024-02-06 08:50:53,243 - tensor([7720, 7778, 8383], device='cuda:0')
2024-02-06 08:50:53,244 - Classification Fails.
2024-02-06 08:50:53,244 - Link Generation Succeeds.
2024-02-06 08:51:23,537 - Victim node is 1038.
2024-02-06 08:51:23,537 - tensor([1599, 6130, 7620], device='cuda:0')
2024-02-06 08:51:23,537 - Classification Fails.
2024-02-06 08:51:23,537 - Link Generation Fails.
2024-02-06 08:57:13,294 - Victim node is 593.
2024-02-06 08:57:13,294 - tensor([ 28,  73, 305], device='cuda:0')
2024-02-06 08:57:13,294 - Classification Succeeds.
2024-02-06 08:57:13,294 - Link Generation Fails.
2024-02-06 08:57:43,611 - Victim node is 1277.
2024-02-06 08:57:43,611 - tensor([2198, 4376, 4805], device='cuda:0')
2024-02-06 08:57:43,611 - Classification Fails.
2024-02-06 08:57:43,611 - Link Generation Fails.
2024-02-06 09:03:07,327 - Victim node is 3183.
2024-02-06 09:03:07,328 - tensor([2239, 4805, 6702], device='cuda:0')
2024-02-06 09:03:07,328 - Classification Succeeds.
2024-02-06 09:03:07,328 - Link Generation Fails.
2024-02-06 09:03:38,165 - Victim node is 1221.
2024-02-06 09:03:38,166 - tensor([1374, 6279, 7620], device='cuda:0')
2024-02-06 09:03:38,166 - Classification Fails.
2024-02-06 09:03:38,166 - Link Generation Fails.
2024-02-06 09:04:08,701 - Victim node is 1397.
2024-02-06 09:04:08,701 - tensor([6279, 7620, 7771], device='cuda:0')
2024-02-06 09:04:08,701 - Classification Fails.
2024-02-06 09:04:08,701 - Link Generation Succeeds.
2024-02-06 09:04:41,493 - Victim node is 770.
2024-02-06 09:04:41,493 - tensor([2239, 7949, 8670], device='cuda:0')
2024-02-06 09:04:41,493 - Classification Succeeds.
2024-02-06 09:04:41,493 - Link Generation Succeeds.
2024-02-06 09:11:48,367 - Victim node is 2645.
2024-02-06 09:11:48,367 - tensor([7835, 8333, 8347], device='cuda:0')
2024-02-06 09:11:48,367 - Classification Succeeds.
2024-02-06 09:11:48,367 - Link Generation Succeeds.
2024-02-06 09:12:19,343 - Victim node is 6420.
2024-02-06 09:12:19,343 - tensor([2198, 2239, 4376], device='cuda:0')
2024-02-06 09:12:19,344 - Classification Succeeds.
2024-02-06 09:12:19,344 - Link Generation Fails.
2024-02-06 09:12:49,986 - Victim node is 1626.
2024-02-06 09:12:49,986 - tensor([1759, 2260, 7620], device='cuda:0')
2024-02-06 09:12:49,987 - Classification Succeeds.
2024-02-06 09:12:49,987 - Link Generation Fails.
2024-02-06 09:13:22,492 - Victim node is 2152.
2024-02-06 09:13:22,492 - tensor([ 593, 2198, 8262], device='cuda:0')
2024-02-06 09:13:22,492 - Classification Fails.
2024-02-06 09:13:22,493 - Link Generation Succeeds.
2024-02-06 09:20:12,873 - Victim node is 6468.
2024-02-06 09:20:12,873 - tensor([7837, 8292, 8304], device='cuda:0')
2024-02-06 09:20:12,874 - Classification Succeeds.
2024-02-06 09:20:12,874 - Link Generation Succeeds.
2024-02-06 09:20:44,542 - Victim node is 7060.
2024-02-06 09:20:44,542 - tensor([2818, 5528, 6962], device='cuda:0')
2024-02-06 09:20:44,542 - Classification Fails.
2024-02-06 09:20:44,542 - Link Generation Fails.
2024-02-06 09:21:14,996 - Victim node is 3004.
2024-02-06 09:21:14,996 - tensor([ 526, 4663, 7668], device='cuda:0')
2024-02-06 09:21:14,996 - Classification Fails.
2024-02-06 09:21:14,996 - Link Generation Succeeds.
2024-02-06 09:21:47,444 - Victim node is 2207.
2024-02-06 09:21:47,444 - tensor([7728, 7815, 8240], device='cuda:0')
2024-02-06 09:21:47,445 - Classification Succeeds.
2024-02-06 09:21:47,445 - Link Generation Succeeds.
2024-02-06 09:22:18,121 - Victim node is 2767.
2024-02-06 09:22:18,121 - tensor([ 526, 2863, 3578], device='cuda:0')
2024-02-06 09:22:18,121 - Classification Fails.
2024-02-06 09:22:18,121 - Link Generation Fails.
2024-02-06 09:22:51,242 - Victim node is 7300.
2024-02-06 09:22:51,242 - tensor([ 593, 2198, 2239], device='cuda:0')
2024-02-06 09:22:51,242 - Classification Fails.
2024-02-06 09:22:51,243 - Link Generation Fails.
2024-02-06 09:23:23,621 - Victim node is 6433.
2024-02-06 09:23:23,621 - tensor([2198, 2239, 7620], device='cuda:0')
2024-02-06 09:23:23,622 - Classification Succeeds.
2024-02-06 09:23:23,622 - Link Generation Fails.
2024-02-06 09:23:56,045 - Victim node is 934.
2024-02-06 09:23:56,045 - tensor([2198, 7761, 8558], device='cuda:0')
2024-02-06 09:23:56,045 - Classification Fails.
2024-02-06 09:23:56,045 - Link Generation Succeeds.
2024-02-06 09:24:26,992 - Victim node is 3802.
2024-02-06 09:24:26,992 - tensor([ 593, 2198, 2239], device='cuda:0')
2024-02-06 09:24:26,992 - Classification Fails.
2024-02-06 09:24:26,992 - Link Generation Fails.
2024-02-06 09:24:57,629 - Victim node is 2245.
2024-02-06 09:24:57,629 - tensor([4129, 5875, 6662], device='cuda:0')
2024-02-06 09:24:57,630 - Classification Succeeds.
2024-02-06 09:24:57,630 - Link Generation Fails.
2024-02-06 09:25:28,068 - Victim node is 4005.
2024-02-06 09:25:28,068 - tensor([1599, 6279, 6662], device='cuda:0')
2024-02-06 09:25:28,068 - Classification Fails.
2024-02-06 09:25:28,068 - Link Generation Fails.
2024-02-06 09:26:00,704 - Victim node is 3607.
2024-02-06 09:26:00,704 - tensor([ 593, 2198, 2239], device='cuda:0')
2024-02-06 09:26:00,704 - Classification Fails.
2024-02-06 09:26:00,704 - Link Generation Fails.
2024-02-06 09:26:31,514 - Victim node is 7200.
2024-02-06 09:26:31,514 - tensor([2198, 2239, 4376], device='cuda:0')
2024-02-06 09:26:31,514 - Classification Succeeds.
2024-02-06 09:26:31,514 - Link Generation Fails.
2024-02-06 09:27:03,765 - Victim node is 616.
2024-02-06 09:27:03,765 - tensor([ 593, 2198, 8706], device='cuda:0')
2024-02-06 09:27:03,766 - Classification Fails.
2024-02-06 09:27:03,766 - Link Generation Succeeds.
2024-02-06 09:34:45,809 - Victim node is 1152.
2024-02-06 09:34:45,809 - tensor([7846, 8361, 8375], device='cuda:0')
2024-02-06 09:34:45,809 - Classification Succeeds.
2024-02-06 09:34:45,809 - Link Generation Succeeds.
2024-02-06 09:35:16,648 - Victim node is 5279.
2024-02-06 09:35:16,648 - tensor([2818, 6279, 6662], device='cuda:0')
2024-02-06 09:35:16,648 - Classification Fails.
2024-02-06 09:35:16,649 - Link Generation Fails.
2024-02-06 09:35:47,281 - Victim node is 1857.
2024-02-06 09:35:47,281 - tensor([1136, 1599, 5526], device='cuda:0')
2024-02-06 09:35:47,283 - Classification Fails.
2024-02-06 09:35:47,283 - Link Generation Fails.
2024-02-06 09:36:18,458 - Victim node is 7261.
2024-02-06 09:36:18,458 - tensor([1599, 6130, 7767], device='cuda:0')
2024-02-06 09:36:18,459 - Classification Succeeds.
2024-02-06 09:36:18,459 - Link Generation Succeeds.
2024-02-06 09:36:49,523 - Victim node is 7040.
2024-02-06 09:36:49,523 - tensor([ 593, 2198, 2239], device='cuda:0')
2024-02-06 09:36:49,523 - Classification Succeeds.
2024-02-06 09:36:49,524 - Link Generation Fails.
2024-02-06 09:37:19,876 - Victim node is 458.
2024-02-06 09:37:19,876 - tensor([3383, 7679, 7732], device='cuda:0')
2024-02-06 09:37:19,877 - Classification Fails.
2024-02-06 09:37:19,877 - Link Generation Succeeds.
2024-02-06 09:37:50,434 - Victim node is 650.
2024-02-06 09:37:50,434 - tensor([4646, 6130, 7620], device='cuda:0')
2024-02-06 09:37:50,434 - Classification Succeeds.
2024-02-06 09:37:50,434 - Link Generation Fails.
2024-02-06 09:38:21,301 - Victim node is 4766.
2024-02-06 09:38:21,301 - tensor([3383, 5449, 6499], device='cuda:0')
2024-02-06 09:38:21,301 - Classification Succeeds.
2024-02-06 09:38:21,302 - Link Generation Fails.
2024-02-06 09:41:21,542 - Victim node is 4174.
2024-02-06 09:41:21,543 - tensor([2198, 8252, 8265], device='cuda:0')
2024-02-06 09:41:21,543 - Classification Succeeds.
2024-02-06 09:41:21,543 - Link Generation Succeeds.
2024-02-06 09:41:54,152 - Victim node is 7599.
2024-02-06 09:41:54,152 - tensor([ 593, 2198, 2239], device='cuda:0')
2024-02-06 09:41:54,153 - Classification Succeeds.
2024-02-06 09:41:54,153 - Link Generation Fails.
2024-02-06 09:42:25,623 - Victim node is 1276.
2024-02-06 09:42:25,623 - tensor([4663, 6130, 7620], device='cuda:0')
2024-02-06 09:42:25,624 - Classification Succeeds.
2024-02-06 09:42:25,624 - Link Generation Fails.
2024-02-06 09:42:56,706 - Victim node is 6238.
2024-02-06 09:42:56,706 - tensor([3383, 6190, 7542], device='cuda:0')
2024-02-06 09:42:56,706 - Classification Fails.
2024-02-06 09:42:56,706 - Link Generation Fails.
2024-02-06 09:43:27,330 - Victim node is 3263.
2024-02-06 09:43:27,330 - tensor([4663, 6279, 6433], device='cuda:0')
2024-02-06 09:43:27,330 - Classification Fails.
2024-02-06 09:43:27,330 - Link Generation Fails.
2024-02-06 09:43:57,504 - Victim node is 2837.
2024-02-06 09:43:57,504 - tensor([5356, 6190, 7542], device='cuda:0')
2024-02-06 09:43:57,505 - Classification Fails.
2024-02-06 09:43:57,505 - Link Generation Fails.
2024-02-06 09:44:28,130 - Victim node is 4717.
2024-02-06 09:44:28,130 - tensor([5356, 6190, 7542], device='cuda:0')
2024-02-06 09:44:28,130 - Classification Succeeds.
2024-02-06 09:44:28,130 - Link Generation Fails.
2024-02-06 09:44:58,562 - Victim node is 1292.
2024-02-06 09:44:58,562 - tensor([2731, 6962, 7620], device='cuda:0')
2024-02-06 09:44:58,563 - Classification Succeeds.
2024-02-06 09:44:58,563 - Link Generation Fails.
2024-02-06 09:45:25,357 - Victim node is 96.
2024-02-06 09:45:25,357 - tensor([1136, 1600, 5526], device='cuda:0')
2024-02-06 09:45:25,357 - Classification Fails.
2024-02-06 09:45:25,357 - Link Generation Fails.
2024-02-06 09:45:55,833 - Victim node is 6922.
2024-02-06 09:45:55,833 - tensor([2198, 2239, 4376], device='cuda:0')
2024-02-06 09:45:55,834 - Classification Fails.
2024-02-06 09:45:55,834 - Link Generation Fails.
2024-02-06 09:49:08,269 - Victim node is 1042.
2024-02-06 09:49:08,269 - tensor([ 593, 2239, 8242], device='cuda:0')
2024-02-06 09:49:08,270 - Classification Fails.
2024-02-06 09:49:08,270 - Link Generation Succeeds.
2024-02-06 09:49:41,644 - Victim node is 1624.
2024-02-06 09:49:41,644 - tensor([2198, 2239, 8654], device='cuda:0')
2024-02-06 09:49:41,644 - Classification Fails.
2024-02-06 09:49:41,644 - Link Generation Succeeds.
2024-02-06 09:50:15,122 - Victim node is 5493.
2024-02-06 09:50:15,122 - tensor([2198, 7876, 8411], device='cuda:0')
2024-02-06 09:50:15,122 - Classification Succeeds.
2024-02-06 09:50:15,122 - Link Generation Succeeds.
2024-02-06 09:50:46,835 - Victim node is 4795.
2024-02-06 09:50:46,835 - tensor([1600, 4646, 7620], device='cuda:0')
2024-02-06 09:50:46,835 - Classification Fails.
2024-02-06 09:50:46,836 - Link Generation Fails.
2024-02-06 09:51:18,088 - Victim node is 6741.
2024-02-06 09:51:18,089 - tensor([2198, 2239, 4376], device='cuda:0')
2024-02-06 09:51:18,089 - Classification Fails.
2024-02-06 09:51:18,089 - Link Generation Fails.
2024-02-06 09:51:49,870 - Victim node is 4275.
2024-02-06 09:51:49,870 - tensor([1136, 3470, 5526], device='cuda:0')
2024-02-06 09:51:49,871 - Classification Succeeds.
2024-02-06 09:51:49,871 - Link Generation Fails.
2024-02-06 09:52:24,152 - Victim node is 3140.
2024-02-06 09:52:24,152 - tensor([ 593, 2198, 8350], device='cuda:0')
2024-02-06 09:52:24,153 - Classification Fails.
2024-02-06 09:52:24,153 - Link Generation Succeeds.
2024-02-06 09:52:54,802 - Victim node is 3562.
2024-02-06 09:52:54,802 - tensor([3383, 4246, 7460], device='cuda:0')
2024-02-06 09:52:54,802 - Classification Fails.
2024-02-06 09:52:54,802 - Link Generation Fails.
2024-02-06 09:53:24,818 - Victim node is 4056.
2024-02-06 09:53:24,818 - tensor([2260, 4960, 7620], device='cuda:0')
2024-02-06 09:53:24,818 - Classification Fails.
2024-02-06 09:53:24,818 - Link Generation Fails.
2024-02-06 09:53:56,138 - Victim node is 7253.
2024-02-06 09:53:56,138 - tensor([1759, 2260, 7697], device='cuda:0')
2024-02-06 09:53:56,139 - Classification Succeeds.
2024-02-06 09:53:56,139 - Link Generation Succeeds.
2024-02-06 09:54:27,525 - Victim node is 5830.
2024-02-06 09:54:27,525 - tensor([2923, 3383, 6499], device='cuda:0')
2024-02-06 09:54:27,525 - Classification Fails.
2024-02-06 09:54:27,525 - Link Generation Fails.
2024-02-06 09:54:58,158 - Victim node is 4893.
2024-02-06 09:54:58,158 - tensor([2198, 2239, 4376], device='cuda:0')
2024-02-06 09:54:58,158 - Classification Fails.
2024-02-06 09:54:58,158 - Link Generation Fails.
2024-02-06 09:55:31,714 - Victim node is 3854.
2024-02-06 09:55:31,715 - tensor([ 593, 2198, 2239], device='cuda:0')
2024-02-06 09:55:31,715 - Classification Fails.
2024-02-06 09:55:31,715 - Link Generation Fails.
2024-02-06 09:56:02,923 - Victim node is 1084.
2024-02-06 09:56:02,923 - tensor([2198, 2239, 4376], device='cuda:0')
2024-02-06 09:56:02,924 - Classification Fails.
2024-02-06 09:56:02,924 - Link Generation Fails.
2024-02-06 09:56:35,962 - Victim node is 4694.
2024-02-06 09:56:35,962 - tensor([7744, 7953, 8308], device='cuda:0')
2024-02-06 09:56:35,963 - Classification Succeeds.
2024-02-06 09:56:35,963 - Link Generation Succeeds.
2024-02-06 10:02:02,010 - Victim node is 7481.
2024-02-06 10:02:02,010 - tensor([ 593, 8395, 8408], device='cuda:0')
2024-02-06 10:02:02,010 - Classification Fails.
2024-02-06 10:02:02,011 - Link Generation Succeeds.
2024-02-06 10:03:18,956 - Victim node is 4126.
2024-02-06 10:03:18,956 - tensor([1136, 1759, 5526], device='cuda:0')
2024-02-06 10:03:18,957 - Classification Fails.
2024-02-06 10:03:18,957 - Link Generation Fails.
2024-02-06 10:03:50,025 - Victim node is 605.
2024-02-06 10:03:50,025 - tensor([1759, 2260, 4666], device='cuda:0')
2024-02-06 10:03:50,025 - Classification Fails.
2024-02-06 10:03:50,025 - Link Generation Fails.
2024-02-06 10:04:23,636 - Victim node is 849.
2024-02-06 10:04:23,636 - tensor([2239, 7938, 8643], device='cuda:0')
2024-02-06 10:04:23,636 - Classification Succeeds.
2024-02-06 10:04:23,636 - Link Generation Succeeds.
2024-02-06 10:04:55,008 - Victim node is 899.
2024-02-06 10:04:55,008 - tensor([ 593, 2198, 2239], device='cuda:0')
2024-02-06 10:04:55,008 - Classification Succeeds.
2024-02-06 10:04:55,008 - Link Generation Fails.
2024-02-06 10:05:25,770 - Victim node is 6125.
2024-02-06 10:05:25,770 - tensor([6190, 6662, 7542], device='cuda:0')
2024-02-06 10:05:25,770 - Classification Fails.
2024-02-06 10:05:25,771 - Link Generation Fails.
2024-02-06 10:05:55,859 - Victim node is 859.
2024-02-06 10:05:55,859 - tensor([3383, 5449, 7620], device='cuda:0')
2024-02-06 10:05:55,859 - Classification Fails.
2024-02-06 10:05:55,859 - Link Generation Fails.
2024-02-06 10:06:27,132 - Victim node is 1573.
2024-02-06 10:06:27,132 - tensor([ 526, 3578, 7330], device='cuda:0')
2024-02-06 10:06:27,132 - Classification Fails.
2024-02-06 10:06:27,132 - Link Generation Fails.
2024-02-06 10:06:58,692 - Victim node is 447.
2024-02-06 10:06:58,692 - tensor([3383, 6662, 7542], device='cuda:0')
2024-02-06 10:06:58,692 - Classification Fails.
2024-02-06 10:06:58,692 - Link Generation Fails.
2024-02-06 10:07:29,472 - Victim node is 3795.
2024-02-06 10:07:29,473 - tensor([ 593, 2198, 6702], device='cuda:0')
2024-02-06 10:07:29,473 - Classification Succeeds.
2024-02-06 10:07:29,473 - Link Generation Fails.
2024-02-06 10:08:02,743 - Victim node is 5832.
2024-02-06 10:08:02,744 - tensor([2198, 2239, 7763], device='cuda:0')
2024-02-06 10:08:02,744 - Classification Fails.
2024-02-06 10:08:02,744 - Link Generation Succeeds.
2024-02-06 10:11:11,559 - Victim node is 3328.
2024-02-06 10:11:11,559 - tensor([ 593, 2239, 8267], device='cuda:0')
2024-02-06 10:11:11,560 - Classification Fails.
2024-02-06 10:11:11,560 - Link Generation Succeeds.
2024-02-06 10:22:04,790 - Victim node is 5667.
2024-02-06 10:22:04,790 - tensor([ 593, 8347, 8360], device='cuda:0')
2024-02-06 10:22:04,792 - Classification Fails.
2024-02-06 10:22:04,792 - Link Generation Succeeds.
2024-02-06 10:22:36,484 - Victim node is 74.
2024-02-06 10:22:36,484 - tensor([2144, 6279, 7620], device='cuda:0')
2024-02-06 10:22:36,484 - Classification Succeeds.
2024-02-06 10:22:36,484 - Link Generation Fails.
2024-02-06 10:23:07,662 - Victim node is 2054.
2024-02-06 10:23:07,662 - tensor([1759, 3780, 6662], device='cuda:0')
2024-02-06 10:23:07,662 - Classification Fails.
2024-02-06 10:23:07,662 - Link Generation Fails.
2024-02-06 10:23:38,056 - Victim node is 1433.
2024-02-06 10:23:38,056 - tensor([3383, 6499, 7542], device='cuda:0')
2024-02-06 10:23:38,056 - Classification Fails.
2024-02-06 10:23:38,056 - Link Generation Fails.
2024-02-06 10:24:09,187 - Victim node is 5498.
2024-02-06 10:24:09,187 - tensor([ 593, 2198, 2239], device='cuda:0')
2024-02-06 10:24:09,188 - Classification Fails.
2024-02-06 10:24:09,188 - Link Generation Fails.
2024-02-06 10:24:42,244 - Victim node is 7398.
2024-02-06 10:24:42,244 - tensor([2239, 7949, 8716], device='cuda:0')
2024-02-06 10:24:42,244 - Classification Succeeds.
2024-02-06 10:24:42,244 - Link Generation Succeeds.
2024-02-06 10:25:14,064 - Victim node is 1091.
2024-02-06 10:25:14,064 - tensor([ 593, 2198, 2239], device='cuda:0')
2024-02-06 10:25:14,064 - Classification Fails.
2024-02-06 10:25:14,065 - Link Generation Fails.
2024-02-06 10:25:46,653 - Victim node is 4261.
2024-02-06 10:25:46,653 - tensor([ 593, 2239, 8606], device='cuda:0')
2024-02-06 10:25:46,654 - Classification Succeeds.
2024-02-06 10:25:46,654 - Link Generation Succeeds.
2024-02-06 10:26:20,474 - Victim node is 6761.
2024-02-06 10:26:20,474 - tensor([2198, 7729, 7749], device='cuda:0')
2024-02-06 10:26:20,474 - Classification Fails.
2024-02-06 10:26:20,474 - Link Generation Succeeds.
2024-02-06 10:29:35,683 - Victim node is 2745.
2024-02-06 10:29:35,683 - tensor([7818, 8250, 8866], device='cuda:0')
2024-02-06 10:29:35,683 - Classification Succeeds.
2024-02-06 10:29:35,683 - Link Generation Succeeds.
2024-02-06 10:30:06,776 - Victim node is 978.
2024-02-06 10:30:06,776 - tensor([7658, 7671, 7680], device='cuda:0')
2024-02-06 10:30:06,778 - Classification Succeeds.
2024-02-06 10:30:06,778 - Link Generation Succeeds.
2024-02-06 10:30:40,572 - Victim node is 402.
2024-02-06 10:30:40,572 - tensor([6130, 7460, 7620], device='cuda:0')
2024-02-06 10:30:40,572 - Classification Succeeds.
2024-02-06 10:30:40,572 - Link Generation Fails.
2024-02-06 10:31:11,078 - Victim node is 5353.
2024-02-06 10:31:11,078 - tensor([ 593, 2198, 2239], device='cuda:0')
2024-02-06 10:31:11,078 - Classification Succeeds.
2024-02-06 10:31:11,078 - Link Generation Fails.
2024-02-06 10:31:42,041 - Victim node is 45.
2024-02-06 10:31:42,041 - tensor([1759, 2260, 7620], device='cuda:0')
2024-02-06 10:31:42,041 - Classification Succeeds.
2024-02-06 10:31:42,041 - Link Generation Fails.
2024-02-06 10:34:48,966 - Victim node is 4803.
2024-02-06 10:34:48,966 - tensor([ 593, 2198, 8270], device='cuda:0')
2024-02-06 10:34:48,967 - Classification Succeeds.
2024-02-06 10:34:48,967 - Link Generation Succeeds.
2024-02-06 10:35:19,929 - Victim node is 1155.
2024-02-06 10:35:19,929 - tensor([3383, 7362, 7651], device='cuda:0')
2024-02-06 10:35:19,929 - Classification Fails.
2024-02-06 10:35:19,929 - Link Generation Succeeds.
2024-02-06 10:35:50,912 - Victim node is 2029.
2024-02-06 10:35:50,912 - tensor([ 593, 2198, 2239], device='cuda:0')
2024-02-06 10:35:50,912 - Classification Fails.
2024-02-06 10:35:50,912 - Link Generation Fails.
2024-02-06 10:36:24,538 - Victim node is 1154.
2024-02-06 10:36:24,538 - tensor([ 593, 2198, 2239], device='cuda:0')
2024-02-06 10:36:24,538 - Classification Fails.
2024-02-06 10:36:24,538 - Link Generation Fails.
2024-02-06 10:36:56,372 - Victim node is 4890.
2024-02-06 10:36:56,372 - tensor([ 593, 2198, 2239], device='cuda:0')
2024-02-06 10:36:56,372 - Classification Fails.
2024-02-06 10:36:56,372 - Link Generation Fails.
2024-02-06 10:40:01,574 - Victim node is 5307.
2024-02-06 10:40:01,575 - tensor([ 593, 2239, 8751], device='cuda:0')
2024-02-06 10:40:01,575 - Classification Fails.
2024-02-06 10:40:01,575 - Link Generation Succeeds.
2024-02-06 10:40:35,268 - Victim node is 6005.
2024-02-06 10:40:35,268 - tensor([2198, 2239, 7620], device='cuda:0')
2024-02-06 10:40:35,268 - Classification Succeeds.
2024-02-06 10:40:35,268 - Link Generation Fails.
2024-02-06 10:41:05,708 - Victim node is 2359.
2024-02-06 10:41:05,710 - tensor([2198, 4805, 7661], device='cuda:0')
2024-02-06 10:41:05,710 - Classification Fails.
2024-02-06 10:41:05,710 - Link Generation Succeeds.
2024-02-06 10:41:35,941 - Victim node is 7453.
2024-02-06 10:41:35,941 - tensor([2198, 2239, 4376], device='cuda:0')
2024-02-06 10:41:35,941 - Classification Fails.
2024-02-06 10:41:35,941 - Link Generation Fails.
2024-02-06 10:42:06,560 - Victim node is 7559.
2024-02-06 10:42:06,560 - tensor([1759, 2260, 6190], device='cuda:0')
2024-02-06 10:42:06,561 - Classification Fails.
2024-02-06 10:42:06,561 - Link Generation Fails.
2024-02-06 10:42:37,467 - Victim node is 159.
2024-02-06 10:42:37,467 - tensor([3437, 4906, 6433], device='cuda:0')
2024-02-06 10:42:37,467 - Classification Succeeds.
2024-02-06 10:42:37,467 - Link Generation Fails.
2024-02-06 10:43:07,835 - Victim node is 6459.
2024-02-06 10:43:07,835 - tensor([1759, 2260, 4666], device='cuda:0')
2024-02-06 10:43:07,835 - Classification Succeeds.
2024-02-06 10:43:07,835 - Link Generation Fails.
2024-02-06 10:43:41,130 - Victim node is 963.
2024-02-06 10:43:41,130 - tensor([2198, 7839, 8296], device='cuda:0')
2024-02-06 10:43:41,130 - Classification Succeeds.
2024-02-06 10:43:41,130 - Link Generation Succeeds.
2024-02-06 10:44:12,234 - Victim node is 5323.
2024-02-06 10:44:12,234 - tensor([6662, 7542, 8083], device='cuda:0')
2024-02-06 10:44:12,234 - Classification Succeeds.
2024-02-06 10:44:12,234 - Link Generation Succeeds.
2024-02-06 10:44:45,331 - Victim node is 1248.
2024-02-06 10:44:45,331 - tensor([1599, 6279, 7620], device='cuda:0')
2024-02-06 10:44:45,331 - Classification Succeeds.
2024-02-06 10:44:45,331 - Link Generation Fails.
2024-02-06 10:45:16,192 - Victim node is 694.
2024-02-06 10:45:16,192 - tensor([  16, 3383, 7542], device='cuda:0')
2024-02-06 10:45:16,193 - Classification Succeeds.
2024-02-06 10:45:16,193 - Link Generation Fails.
2024-02-06 10:45:46,919 - Victim node is 1049.
2024-02-06 10:45:46,919 - tensor([1599, 4129, 6662], device='cuda:0')
2024-02-06 10:45:46,920 - Classification Succeeds.
2024-02-06 10:45:46,920 - Link Generation Fails.
2024-02-06 10:46:18,067 - Victim node is 2.
2024-02-06 10:46:18,067 - tensor([2198, 2239, 4376], device='cuda:0')
2024-02-06 10:46:18,068 - Classification Fails.
2024-02-06 10:46:18,068 - Link Generation Fails.
2024-02-06 10:46:48,551 - Victim node is 406.
2024-02-06 10:46:48,551 - tensor([2198, 2239, 4376], device='cuda:0')
2024-02-06 10:46:48,551 - Classification Fails.
2024-02-06 10:46:48,551 - Link Generation Fails.
2024-02-06 10:53:31,668 - Victim node is 6723.
2024-02-06 10:53:31,668 - tensor([7845, 8358, 8372], device='cuda:0')
2024-02-06 10:53:31,669 - Classification Succeeds.
2024-02-06 10:53:31,669 - Link Generation Succeeds.
2024-02-06 10:54:02,266 - Victim node is 1332.
2024-02-06 10:54:02,266 - tensor([5449, 6279, 7620], device='cuda:0')
2024-02-06 10:54:02,267 - Classification Fails.
2024-02-06 10:54:02,267 - Link Generation Fails.
2024-02-06 10:54:36,106 - Victim node is 6724.
2024-02-06 10:54:36,106 - tensor([ 593, 2198, 7728], device='cuda:0')
2024-02-06 10:54:36,108 - Classification Fails.
2024-02-06 10:54:36,108 - Link Generation Succeeds.
2024-02-06 11:01:55,234 - Victim node is 7008.
2024-02-06 11:01:55,234 - tensor([8315, 8328, 8987], device='cuda:0')
2024-02-06 11:01:55,234 - Classification Succeeds.
2024-02-06 11:01:55,235 - Link Generation Succeeds.
2024-02-06 11:02:59,517 - Victim node is 3582.
2024-02-06 11:02:59,517 - tensor([2198, 7900, 8502], device='cuda:0')
2024-02-06 11:02:59,518 - Classification Succeeds.
2024-02-06 11:02:59,518 - Link Generation Succeeds.
2024-02-06 11:07:43,831 - Victim node is 4691.
2024-02-06 11:07:43,832 - tensor([ 593, 2239, 8296], device='cuda:0')
2024-02-06 11:07:43,832 - Classification Fails.
2024-02-06 11:07:43,832 - Link Generation Succeeds.
2024-02-06 11:08:15,631 - Victim node is 6482.
2024-02-06 11:08:15,631 - tensor([1599, 6279, 7620], device='cuda:0')
2024-02-06 11:08:15,631 - Classification Fails.
2024-02-06 11:08:15,631 - Link Generation Fails.
2024-02-06 11:08:48,264 - Victim node is 804.
2024-02-06 11:08:48,264 - tensor([2198, 2239, 7751], device='cuda:0')
2024-02-06 11:08:48,264 - Classification Fails.
2024-02-06 11:08:48,264 - Link Generation Succeeds.
2024-02-06 11:17:00,043 - Victim node is 1915.
2024-02-06 11:17:00,043 - tensor([ 593, 8339, 8354], device='cuda:0')
2024-02-06 11:17:00,043 - Classification Fails.
2024-02-06 11:17:00,043 - Link Generation Succeeds.
2024-02-06 11:17:31,331 - Victim node is 7188.
2024-02-06 11:17:31,331 - tensor([1759, 2260, 4666], device='cuda:0')
2024-02-06 11:17:31,332 - Classification Fails.
2024-02-06 11:17:31,332 - Link Generation Fails.
2024-02-06 11:18:02,616 - Victim node is 1807.
2024-02-06 11:18:02,616 - tensor([4129, 6279, 7542], device='cuda:0')
2024-02-06 11:18:02,616 - Classification Fails.
2024-02-06 11:18:02,616 - Link Generation Fails.
2024-02-06 11:24:27,285 - Victim node is 3049.
2024-02-06 11:24:27,285 - tensor([4384, 6702, 7888], device='cuda:0')
2024-02-06 11:24:27,286 - Classification Fails.
2024-02-06 11:24:27,286 - Link Generation Succeeds.
2024-02-06 11:24:58,821 - Victim node is 3067.
2024-02-06 11:24:58,821 - tensor([6190, 7542, 7715], device='cuda:0')
2024-02-06 11:24:58,821 - Classification Succeeds.
2024-02-06 11:24:58,821 - Link Generation Succeeds.
2024-02-06 11:28:23,930 - Victim node is 4528.
2024-02-06 11:28:23,931 - tensor([2239, 7963, 8755], device='cuda:0')
2024-02-06 11:28:23,931 - Classification Fails.
2024-02-06 11:28:23,931 - Link Generation Succeeds.
2024-02-06 11:28:55,377 - Victim node is 6697.
2024-02-06 11:28:55,377 - tensor([ 593, 2198, 2239], device='cuda:0')
2024-02-06 11:28:55,378 - Classification Fails.
2024-02-06 11:28:55,378 - Link Generation Fails.
2024-02-06 11:29:27,738 - Victim node is 689.
2024-02-06 11:29:27,738 - tensor([2239, 7976, 8670], device='cuda:0')
2024-02-06 11:29:27,738 - Classification Succeeds.
2024-02-06 11:29:27,738 - Link Generation Succeeds.
2024-02-06 11:29:58,458 - Victim node is 3573.
2024-02-06 11:29:58,458 - tensor([ 526, 2198, 3578], device='cuda:0')
2024-02-06 11:29:58,458 - Classification Fails.
2024-02-06 11:29:58,458 - Link Generation Fails.
2024-02-06 11:30:30,061 - Victim node is 4701.
2024-02-06 11:30:30,061 - tensor([ 593, 2198, 2239], device='cuda:0')
2024-02-06 11:30:30,061 - Classification Fails.
2024-02-06 11:30:30,061 - Link Generation Fails.
2024-02-06 11:31:04,251 - Victim node is 1623.
2024-02-06 11:31:04,251 - tensor([2198, 2239, 8080], device='cuda:0')
2024-02-06 11:31:04,251 - Classification Fails.
2024-02-06 11:31:04,251 - Link Generation Succeeds.
2024-02-06 11:31:35,861 - Victim node is 104.
2024-02-06 11:31:35,861 - tensor([ 593, 2198, 2239], device='cuda:0')
2024-02-06 11:31:35,862 - Classification Fails.
2024-02-06 11:31:35,862 - Link Generation Fails.
2024-02-06 11:32:07,347 - Victim node is 3318.
2024-02-06 11:32:07,348 - tensor([ 593, 2198, 2239], device='cuda:0')
2024-02-06 11:32:07,348 - Classification Fails.
2024-02-06 11:32:07,348 - Link Generation Fails.
2024-02-06 11:32:40,760 - Victim node is 377.
2024-02-06 11:32:40,760 - tensor([2198, 8734, 8755], device='cuda:0')
2024-02-06 11:32:40,761 - Classification Succeeds.
2024-02-06 11:32:40,761 - Link Generation Succeeds.
2024-02-06 11:38:49,769 - Victim node is 7139.
2024-02-06 11:38:49,769 - tensor([4376, 7834, 8313], device='cuda:0')
2024-02-06 11:38:49,770 - Classification Succeeds.
2024-02-06 11:38:49,770 - Link Generation Succeeds.
2024-02-06 11:39:23,657 - Victim node is 5541.
2024-02-06 11:39:23,657 - tensor([ 593, 2198, 2239], device='cuda:0')
2024-02-06 11:39:23,658 - Classification Fails.
2024-02-06 11:39:23,658 - Link Generation Fails.
2024-02-06 11:39:54,401 - Victim node is 5894.
2024-02-06 11:39:54,401 - tensor([1759, 2260, 7620], device='cuda:0')
2024-02-06 11:39:54,401 - Classification Succeeds.
2024-02-06 11:39:54,401 - Link Generation Fails.
2024-02-06 11:43:05,082 - Victim node is 1700.
2024-02-06 11:43:05,082 - tensor([ 593, 8261, 8274], device='cuda:0')
2024-02-06 11:43:05,082 - Classification Fails.
2024-02-06 11:43:05,082 - Link Generation Succeeds.
2024-02-06 11:43:37,062 - Victim node is 6006.
2024-02-06 11:43:37,062 - tensor([1136, 5526, 6279], device='cuda:0')
2024-02-06 11:43:37,062 - Classification Fails.
2024-02-06 11:43:37,062 - Link Generation Fails.
2024-02-06 11:44:07,914 - Victim node is 5837.
2024-02-06 11:44:07,914 - tensor([2144, 6190, 7542], device='cuda:0')
2024-02-06 11:44:07,914 - Classification Fails.
2024-02-06 11:44:07,914 - Link Generation Fails.
2024-02-06 11:44:38,885 - Victim node is 4334.
2024-02-06 11:44:38,885 - tensor([1759, 2260, 4960], device='cuda:0')
2024-02-06 11:44:38,885 - Classification Fails.
2024-02-06 11:44:38,886 - Link Generation Fails.
2024-02-06 11:45:08,957 - Victim node is 7432.
2024-02-06 11:45:08,957 - tensor([  16, 6190, 7542], device='cuda:0')
2024-02-06 11:45:08,957 - Classification Fails.
2024-02-06 11:45:08,957 - Link Generation Fails.
2024-02-06 11:45:39,532 - Victim node is 5803.
2024-02-06 11:45:39,533 - tensor([1136, 5526, 6662], device='cuda:0')
2024-02-06 11:45:39,533 - Classification Fails.
2024-02-06 11:45:39,533 - Link Generation Fails.
2024-02-06 11:46:10,729 - Victim node is 1059.
2024-02-06 11:46:10,729 - tensor([2198, 2239, 4376], device='cuda:0')
2024-02-06 11:46:10,729 - Classification Fails.
2024-02-06 11:46:10,729 - Link Generation Fails.
2024-02-06 11:46:41,786 - Victim node is 988.
2024-02-06 11:46:41,786 - tensor([4663, 6130, 7620], device='cuda:0')
2024-02-06 11:46:41,787 - Classification Succeeds.
2024-02-06 11:46:41,787 - Link Generation Fails.
2024-02-06 11:47:12,519 - Victim node is 3764.
2024-02-06 11:47:12,519 - tensor([1374, 7620, 7675], device='cuda:0')
2024-02-06 11:47:12,519 - Classification Fails.
2024-02-06 11:47:12,519 - Link Generation Succeeds.
2024-02-06 11:47:44,820 - Victim node is 4248.
2024-02-06 11:47:44,820 - tensor([ 593, 2239, 8650], device='cuda:0')
2024-02-06 11:47:44,820 - Classification Succeeds.
2024-02-06 11:47:44,821 - Link Generation Succeeds.
2024-02-06 11:48:15,569 - Victim node is 7583.
2024-02-06 11:48:15,570 - tensor([1759, 2260, 4666], device='cuda:0')
2024-02-06 11:48:15,570 - Classification Succeeds.
2024-02-06 11:48:15,570 - Link Generation Fails.
2024-02-06 11:48:46,584 - Victim node is 4958.
2024-02-06 11:48:46,584 - tensor([2198, 2239, 4376], device='cuda:0')
2024-02-06 11:48:46,584 - Classification Fails.
2024-02-06 11:48:46,585 - Link Generation Fails.
2024-02-06 11:51:54,269 - Victim node is 2195.
2024-02-06 11:51:54,269 - tensor([ 593, 8245, 8944], device='cuda:0')
2024-02-06 11:51:54,270 - Classification Succeeds.
2024-02-06 11:51:54,270 - Link Generation Succeeds.
2024-02-06 11:52:25,556 - Victim node is 740.
2024-02-06 11:52:25,556 - tensor([1136, 5526, 7620], device='cuda:0')
2024-02-06 11:52:25,556 - Classification Fails.
2024-02-06 11:52:25,556 - Link Generation Fails.
2024-02-06 11:52:58,266 - Victim node is 3319.
2024-02-06 11:52:58,267 - tensor([ 593, 2198, 7732], device='cuda:0')
2024-02-06 11:52:58,267 - Classification Succeeds.
2024-02-06 11:52:58,267 - Link Generation Succeeds.
2024-02-06 11:53:28,625 - Victim node is 3342.
2024-02-06 11:53:28,625 - tensor([2198, 2239, 4376], device='cuda:0')
2024-02-06 11:53:28,625 - Classification Succeeds.
2024-02-06 11:53:28,625 - Link Generation Fails.
2024-02-06 11:53:58,891 - Victim node is 2918.
2024-02-06 11:53:58,891 - tensor([ 526, 2198, 4805], device='cuda:0')
2024-02-06 11:53:58,891 - Classification Succeeds.
2024-02-06 11:53:58,891 - Link Generation Fails.
2024-02-06 11:54:29,264 - Victim node is 1323.
2024-02-06 11:54:29,264 - tensor([1136, 5526, 6662], device='cuda:0')
2024-02-06 11:54:29,264 - Classification Fails.
2024-02-06 11:54:29,264 - Link Generation Fails.
2024-02-06 11:54:58,900 - Victim node is 2178.
2024-02-06 11:54:58,900 - tensor([4129, 6190, 7542], device='cuda:0')
2024-02-06 11:54:58,901 - Classification Fails.
2024-02-06 11:54:58,901 - Link Generation Fails.
2024-02-06 11:55:31,547 - Victim node is 1174.
2024-02-06 11:55:31,547 - tensor([ 593, 2198, 8364], device='cuda:0')
2024-02-06 11:55:31,547 - Classification Fails.
2024-02-06 11:55:31,547 - Link Generation Succeeds.
2024-02-06 11:56:04,783 - Victim node is 1082.
2024-02-06 11:56:04,783 - tensor([2198, 7863, 8254], device='cuda:0')
2024-02-06 11:56:04,784 - Classification Succeeds.
2024-02-06 11:56:04,784 - Link Generation Succeeds.
2024-02-06 12:02:50,075 - Victim node is 4167.
2024-02-06 12:02:50,076 - tensor([7833, 8301, 8313], device='cuda:0')
2024-02-06 12:02:50,076 - Classification Succeeds.
2024-02-06 12:02:50,076 - Link Generation Succeeds.
2024-02-06 12:03:24,267 - Victim node is 4499.
2024-02-06 12:03:24,267 - tensor([7709, 7887, 8166], device='cuda:0')
2024-02-06 12:03:24,267 - Classification Succeeds.
2024-02-06 12:03:24,268 - Link Generation Succeeds.
2024-02-06 12:03:56,402 - Victim node is 5442.
2024-02-06 12:03:56,402 - tensor([2198, 7845, 8382], device='cuda:0')
2024-02-06 12:03:56,402 - Classification Succeeds.
2024-02-06 12:03:56,402 - Link Generation Succeeds.
2024-02-06 12:04:26,758 - Victim node is 3981.
2024-02-06 12:04:26,758 - tensor([6130, 6279, 7620], device='cuda:0')
2024-02-06 12:04:26,759 - Classification Succeeds.
2024-02-06 12:04:26,759 - Link Generation Fails.
2024-02-06 12:04:57,059 - Victim node is 5018.
2024-02-06 12:04:57,059 - tensor([ 593, 2198, 2239], device='cuda:0')
2024-02-06 12:04:57,059 - Classification Fails.
2024-02-06 12:04:57,059 - Link Generation Fails.
2024-02-06 12:05:27,196 - Victim node is 2074.
2024-02-06 12:05:27,196 - tensor([6130, 6279, 7620], device='cuda:0')
2024-02-06 12:05:27,196 - Classification Succeeds.
2024-02-06 12:05:27,196 - Link Generation Fails.
2024-02-06 12:05:57,779 - Victim node is 537.
2024-02-06 12:05:57,779 - tensor([4663, 6130, 7620], device='cuda:0')
2024-02-06 12:05:57,779 - Classification Fails.
2024-02-06 12:05:57,779 - Link Generation Fails.
2024-02-06 12:06:28,397 - Victim node is 1758.
2024-02-06 12:06:28,397 - tensor([3383, 7666, 7671], device='cuda:0')
2024-02-06 12:06:28,397 - Classification Fails.
2024-02-06 12:06:28,397 - Link Generation Succeeds.
2024-02-06 12:06:59,665 - Victim node is 3186.
2024-02-06 12:06:59,665 - tensor([4646, 6662, 7620], device='cuda:0')
2024-02-06 12:06:59,665 - Classification Succeeds.
2024-02-06 12:06:59,665 - Link Generation Fails.
2024-02-06 12:07:30,367 - Victim node is 1804.
2024-02-06 12:07:30,367 - tensor([1136, 5875, 7620], device='cuda:0')
2024-02-06 12:07:30,368 - Classification Fails.
2024-02-06 12:07:30,368 - Link Generation Fails.
2024-02-06 12:14:42,068 - Victim node is 7170.
2024-02-06 12:14:42,068 - tensor([2239, 7829, 8292], device='cuda:0')
2024-02-06 12:14:42,068 - Classification Succeeds.
2024-02-06 12:14:42,069 - Link Generation Succeeds.
2024-02-06 12:15:13,531 - Victim node is 6266.
2024-02-06 12:15:13,531 - tensor([2198, 2239, 4376], device='cuda:0')
2024-02-06 12:15:13,531 - Classification Fails.
2024-02-06 12:15:13,531 - Link Generation Fails.
2024-02-06 12:18:26,225 - Victim node is 696.
2024-02-06 12:18:26,225 - tensor([2198, 8266, 8983], device='cuda:0')
2024-02-06 12:18:26,225 - Classification Fails.
2024-02-06 12:18:26,225 - Link Generation Succeeds.
2024-02-06 12:18:59,819 - Victim node is 403.
2024-02-06 12:18:59,819 - tensor([ 593, 2198, 2239], device='cuda:0')
2024-02-06 12:18:59,819 - Classification Fails.
2024-02-06 12:18:59,819 - Link Generation Fails.
2024-02-06 12:19:30,397 - Victim node is 2892.
2024-02-06 12:19:30,397 - tensor([3383, 6433, 7620], device='cuda:0')
2024-02-06 12:19:30,397 - Classification Fails.
2024-02-06 12:19:30,397 - Link Generation Fails.
2024-02-06 12:20:03,216 - Victim node is 736.
2024-02-06 12:20:03,216 - tensor([2198, 7880, 8466], device='cuda:0')
2024-02-06 12:20:03,216 - Classification Succeeds.
2024-02-06 12:20:03,216 - Link Generation Succeeds.
2024-02-06 12:20:34,056 - Victim node is 3336.
2024-02-06 12:20:34,056 - tensor([ 526, 2198, 3578], device='cuda:0')
2024-02-06 12:20:34,056 - Classification Fails.
2024-02-06 12:20:34,057 - Link Generation Fails.
2024-02-06 12:21:06,756 - Victim node is 1197.
2024-02-06 12:21:06,756 - tensor([7920, 8582, 8756], device='cuda:0')
2024-02-06 12:21:06,756 - Classification Succeeds.
2024-02-06 12:21:06,756 - Link Generation Succeeds.
2024-02-06 12:29:03,849 - Victim node is 6707.
2024-02-06 12:29:03,850 - tensor([4805, 7860, 8381], device='cuda:0')
2024-02-06 12:29:03,850 - Classification Succeeds.
2024-02-06 12:29:03,850 - Link Generation Succeeds.
2024-02-06 12:29:40,702 - Victim node is 4922.
2024-02-06 12:29:40,702 - tensor([2198, 2239, 7620], device='cuda:0')
2024-02-06 12:29:40,702 - Classification Succeeds.
2024-02-06 12:29:40,702 - Link Generation Fails.
2024-02-06 12:30:11,934 - Victim node is 5391.
2024-02-06 12:30:11,935 - tensor([6130, 7460, 7620], device='cuda:0')
2024-02-06 12:30:11,935 - Classification Succeeds.
2024-02-06 12:30:11,935 - Link Generation Fails.
2024-02-06 12:30:44,673 - Victim node is 3179.
2024-02-06 12:30:44,673 - tensor([2198, 7804, 8778], device='cuda:0')
2024-02-06 12:30:44,673 - Classification Fails.
2024-02-06 12:30:44,673 - Link Generation Succeeds.
2024-02-06 12:31:15,236 - Victim node is 6175.
2024-02-06 12:31:15,236 - tensor([2198, 7691, 8137], device='cuda:0')
2024-02-06 12:31:15,237 - Classification Succeeds.
2024-02-06 12:31:15,237 - Link Generation Succeeds.
2024-02-06 12:31:47,643 - Victim node is 6171.
2024-02-06 12:31:47,643 - tensor([ 593, 2198, 2239], device='cuda:0')
2024-02-06 12:31:47,643 - Classification Fails.
2024-02-06 12:31:47,643 - Link Generation Fails.
2024-02-06 12:32:18,511 - Victim node is 1972.
2024-02-06 12:32:18,511 - tensor([1599, 4246, 6662], device='cuda:0')
2024-02-06 12:32:18,512 - Classification Fails.
2024-02-06 12:32:18,512 - Link Generation Fails.
2024-02-06 12:32:49,162 - Victim node is 1726.
2024-02-06 12:32:49,163 - tensor([2198, 4376, 4805], device='cuda:0')
2024-02-06 12:32:49,163 - Classification Fails.
2024-02-06 12:32:49,163 - Link Generation Fails.
2024-02-06 12:33:19,409 - Victim node is 3441.
2024-02-06 12:33:19,409 - tensor([1136, 1374, 5526], device='cuda:0')
2024-02-06 12:33:19,409 - Classification Succeeds.
2024-02-06 12:33:19,409 - Link Generation Fails.
2024-02-06 12:38:37,308 - Victim node is 4870.
2024-02-06 12:38:37,309 - tensor([7861, 8427, 8441], device='cuda:0')
2024-02-06 12:38:37,309 - Classification Succeeds.
2024-02-06 12:38:37,309 - Link Generation Succeeds.
2024-02-06 12:39:08,071 - Victim node is 6340.
2024-02-06 12:39:08,071 - tensor([6130, 6662, 7620], device='cuda:0')
2024-02-06 12:39:08,071 - Classification Succeeds.
2024-02-06 12:39:08,071 - Link Generation Fails.
2024-02-06 12:39:38,574 - Victim node is 2962.
2024-02-06 12:39:38,574 - tensor([1600, 6130, 7620], device='cuda:0')
2024-02-06 12:39:38,574 - Classification Fails.
2024-02-06 12:39:38,574 - Link Generation Fails.
2024-02-06 12:40:08,992 - Victim node is 6711.
2024-02-06 12:40:08,992 - tensor([6499, 7542, 7620], device='cuda:0')
2024-02-06 12:40:08,992 - Classification Succeeds.
2024-02-06 12:40:08,993 - Link Generation Fails.
2024-02-06 12:40:39,806 - Victim node is 560.
2024-02-06 12:40:39,806 - tensor([3383, 4960, 7620], device='cuda:0')
2024-02-06 12:40:39,806 - Classification Succeeds.
2024-02-06 12:40:39,806 - Link Generation Fails.
2024-02-06 12:41:12,795 - Victim node is 1810.
2024-02-06 12:41:12,795 - tensor([ 593, 2198, 2239], device='cuda:0')
2024-02-06 12:41:12,795 - Classification Fails.
2024-02-06 12:41:12,795 - Link Generation Fails.
2024-02-06 12:46:11,034 - Victim node is 3832.
2024-02-06 12:46:11,034 - tensor([7863, 8405, 8420], device='cuda:0')
2024-02-06 12:46:11,035 - Classification Fails.
2024-02-06 12:46:11,035 - Link Generation Succeeds.
2024-02-06 12:46:41,907 - Victim node is 6010.
2024-02-06 12:46:41,907 - tensor([4666, 6662, 7620], device='cuda:0')
2024-02-06 12:46:41,907 - Classification Fails.
2024-02-06 12:46:41,907 - Link Generation Fails.
2024-02-06 12:47:14,501 - Victim node is 4306.
2024-02-06 12:47:14,501 - tensor([ 593, 7948, 8679], device='cuda:0')
2024-02-06 12:47:14,501 - Classification Succeeds.
2024-02-06 12:47:14,501 - Link Generation Succeeds.
2024-02-06 12:52:40,950 - Victim node is 6414.
2024-02-06 12:52:40,950 - tensor([7852, 8410, 8424], device='cuda:0')
2024-02-06 12:52:40,952 - Classification Succeeds.
2024-02-06 12:52:40,952 - Link Generation Succeeds.
2024-02-06 12:53:11,142 - Victim node is 5743.
2024-02-06 12:53:11,142 - tensor([2198, 2239, 4376], device='cuda:0')
2024-02-06 12:53:11,142 - Classification Fails.
2024-02-06 12:53:11,142 - Link Generation Fails.
2024-02-06 12:53:41,534 - Victim node is 3624.
2024-02-06 12:53:41,535 - tensor([1136, 5526, 6662], device='cuda:0')
2024-02-06 12:53:41,535 - Classification Succeeds.
2024-02-06 12:53:41,535 - Link Generation Fails.
2024-02-06 12:54:13,810 - Victim node is 5166.
2024-02-06 12:54:13,810 - tensor([ 593, 2198, 8542], device='cuda:0')
2024-02-06 12:54:13,812 - Classification Succeeds.
2024-02-06 12:54:13,812 - Link Generation Succeeds.
2024-02-06 12:54:44,259 - Victim node is 5643.
2024-02-06 12:54:44,259 - tensor([3383, 6499, 7654], device='cuda:0')
2024-02-06 12:54:44,260 - Classification Succeeds.
2024-02-06 12:54:44,260 - Link Generation Succeeds.
2024-02-06 12:55:16,572 - Victim node is 5218.
2024-02-06 12:55:16,572 - tensor([ 593, 2198, 7770], device='cuda:0')
2024-02-06 12:55:16,572 - Classification Fails.
2024-02-06 12:55:16,572 - Link Generation Succeeds.
2024-02-06 12:55:46,673 - Victim node is 6546.
2024-02-06 12:55:46,674 - tensor([2198, 2239, 4376], device='cuda:0')
2024-02-06 12:55:46,674 - Classification Succeeds.
2024-02-06 12:55:46,674 - Link Generation Fails.
2024-02-06 12:56:17,405 - Victim node is 4477.
2024-02-06 12:56:17,405 - tensor([2198, 2239, 4376], device='cuda:0')
2024-02-06 12:56:17,406 - Classification Fails.
2024-02-06 12:56:17,406 - Link Generation Fails.
2024-02-06 12:56:47,645 - Victim node is 3899.
2024-02-06 12:56:47,645 - tensor([5449, 6190, 7542], device='cuda:0')
2024-02-06 12:56:47,646 - Classification Fails.
2024-02-06 12:56:47,646 - Link Generation Fails.
2024-02-06 12:57:17,973 - Victim node is 631.
2024-02-06 12:57:17,973 - tensor([2198, 2239, 4376], device='cuda:0')
2024-02-06 12:57:17,973 - Classification Succeeds.
2024-02-06 12:57:17,973 - Link Generation Fails.
2024-02-06 12:57:48,107 - Victim node is 4389.
2024-02-06 12:57:48,107 - tensor([ 593, 2198, 2239], device='cuda:0')
2024-02-06 12:57:48,108 - Classification Fails.
2024-02-06 12:57:48,108 - Link Generation Fails.
2024-02-06 13:01:20,694 - Victim node is 5551.
2024-02-06 13:01:20,694 - tensor([7819, 8262, 8998], device='cuda:0')
2024-02-06 13:01:20,694 - Classification Fails.
2024-02-06 13:01:20,694 - Link Generation Succeeds.
2024-02-06 13:07:50,462 - Victim node is 5707.
2024-02-06 13:07:50,462 - tensor([4805, 7854, 7995], device='cuda:0')
2024-02-06 13:07:50,463 - Classification Succeeds.
2024-02-06 13:07:50,463 - Link Generation Succeeds.
2024-02-06 13:08:21,436 - Victim node is 5613.
2024-02-06 13:08:21,436 - tensor([1155, 6190, 7542], device='cuda:0')
2024-02-06 13:08:21,437 - Classification Fails.
2024-02-06 13:08:21,437 - Link Generation Fails.
2024-02-06 13:08:52,120 - Victim node is 3813.
2024-02-06 13:08:52,120 - tensor([6068, 6130, 7620], device='cuda:0')
2024-02-06 13:08:52,120 - Classification Succeeds.
2024-02-06 13:08:52,120 - Link Generation Fails.
2024-02-06 13:09:22,761 - Victim node is 665.
2024-02-06 13:09:22,761 - tensor([3383, 7678, 7687], device='cuda:0')
2024-02-06 13:09:22,761 - Classification Succeeds.
2024-02-06 13:09:22,761 - Link Generation Succeeds.
2024-02-06 13:09:53,335 - Victim node is 676.
2024-02-06 13:09:53,335 - tensor([1759, 2260, 7620], device='cuda:0')
2024-02-06 13:09:53,336 - Classification Succeeds.
2024-02-06 13:09:53,336 - Link Generation Fails.
2024-02-06 13:10:24,348 - Victim node is 2596.
2024-02-06 13:10:24,349 - tensor([6130, 7620, 7699], device='cuda:0')
2024-02-06 13:10:24,349 - Classification Fails.
2024-02-06 13:10:24,349 - Link Generation Succeeds.
2024-02-06 13:10:54,748 - Victim node is 2023.
2024-02-06 13:10:54,748 - tensor([3383, 6499, 7362], device='cuda:0')
2024-02-06 13:10:54,748 - Classification Fails.
2024-02-06 13:10:54,748 - Link Generation Fails.
2024-02-06 13:11:24,904 - Victim node is 7129.
2024-02-06 13:11:24,904 - tensor([4646, 6130, 7620], device='cuda:0')
2024-02-06 13:11:24,904 - Classification Succeeds.
2024-02-06 13:11:24,905 - Link Generation Fails.
2024-02-06 13:11:55,432 - Victim node is 2099.
2024-02-06 13:11:55,432 - tensor([6130, 6662, 7620], device='cuda:0')
2024-02-06 13:11:55,432 - Classification Fails.
2024-02-06 13:11:55,432 - Link Generation Fails.
2024-02-06 13:19:06,356 - Victim node is 4295.
2024-02-06 13:19:06,356 - tensor([ 593, 8320, 8333], device='cuda:0')
2024-02-06 13:19:06,357 - Classification Fails.
2024-02-06 13:19:06,357 - Link Generation Succeeds.
2024-02-06 13:19:38,222 - Victim node is 3541.
2024-02-06 13:19:38,222 - tensor([ 593, 2198, 2239], device='cuda:0')
2024-02-06 13:19:38,222 - Classification Fails.
2024-02-06 13:19:38,222 - Link Generation Fails.
2024-02-06 13:20:11,410 - Victim node is 6757.
2024-02-06 13:20:11,410 - tensor([7460, 7620, 8022], device='cuda:0')
2024-02-06 13:20:11,410 - Classification Succeeds.
2024-02-06 13:20:11,410 - Link Generation Succeeds.
2024-02-06 13:23:20,199 - Victim node is 906.
2024-02-06 13:23:20,199 - tensor([2239, 7808, 8242], device='cuda:0')
2024-02-06 13:23:20,199 - Classification Succeeds.
2024-02-06 13:23:20,199 - Link Generation Succeeds.
2024-02-06 13:23:50,564 - Victim node is 2092.
2024-02-06 13:23:50,564 - tensor([ 593, 2198, 2239], device='cuda:0')
2024-02-06 13:23:50,565 - Classification Fails.
2024-02-06 13:23:50,565 - Link Generation Fails.
2024-02-06 13:29:14,032 - Victim node is 1634.
2024-02-06 13:29:14,032 - tensor([7856, 8399, 8414], device='cuda:0')
2024-02-06 13:29:14,032 - Classification Succeeds.
2024-02-06 13:29:14,032 - Link Generation Succeeds.
2024-02-06 13:29:44,876 - Victim node is 3965.
2024-02-06 13:29:44,876 - tensor([2198, 2239, 4376], device='cuda:0')
2024-02-06 13:29:44,876 - Classification Succeeds.
2024-02-06 13:29:44,876 - Link Generation Fails.
2024-02-06 13:30:15,335 - Victim node is 2499.
2024-02-06 13:30:15,335 - tensor([6130, 7460, 7620], device='cuda:0')
2024-02-06 13:30:15,336 - Classification Succeeds.
2024-02-06 13:30:15,336 - Link Generation Fails.
2024-02-06 13:30:47,558 - Victim node is 6636.
2024-02-06 13:30:47,558 - tensor([2198, 7751, 7896], device='cuda:0')
2024-02-06 13:30:47,558 - Classification Fails.
2024-02-06 13:30:47,558 - Link Generation Succeeds.
2024-02-06 13:31:17,961 - Victim node is 120.
2024-02-06 13:31:17,961 - tensor([1374, 4129, 6662], device='cuda:0')
2024-02-06 13:31:17,961 - Classification Fails.
2024-02-06 13:31:17,961 - Link Generation Fails.
2024-02-06 13:31:50,683 - Victim node is 1651.
2024-02-06 13:31:50,683 - tensor([2198, 7779, 8715], device='cuda:0')
2024-02-06 13:31:50,683 - Classification Fails.
2024-02-06 13:31:50,683 - Link Generation Succeeds.
2024-02-06 13:32:21,615 - Victim node is 5673.
2024-02-06 13:32:21,615 - tensor([4129, 4552, 7815], device='cuda:0')
2024-02-06 13:32:21,615 - Classification Fails.
2024-02-06 13:32:21,615 - Link Generation Succeeds.
2024-02-06 13:35:34,974 - Victim node is 6284.
2024-02-06 13:35:34,974 - tensor([2239, 7825, 8280], device='cuda:0')
2024-02-06 13:35:34,974 - Classification Succeeds.
2024-02-06 13:35:34,974 - Link Generation Succeeds.
2024-02-06 13:36:05,681 - Victim node is 519.
2024-02-06 13:36:05,681 - tensor([  16, 6190, 7542], device='cuda:0')
2024-02-06 13:36:05,681 - Classification Fails.
2024-02-06 13:36:05,681 - Link Generation Fails.
2024-02-06 13:36:36,596 - Victim node is 147.
2024-02-06 13:36:36,596 - tensor([6130, 6279, 7620], device='cuda:0')
2024-02-06 13:36:36,598 - Classification Succeeds.
2024-02-06 13:36:36,598 - Link Generation Fails.
2024-02-06 13:37:09,187 - Victim node is 2102.
2024-02-06 13:37:09,187 - tensor([7932, 8613, 8796], device='cuda:0')
2024-02-06 13:37:09,188 - Classification Succeeds.
2024-02-06 13:37:09,188 - Link Generation Succeeds.
2024-02-06 13:37:42,347 - Victim node is 3686.
2024-02-06 13:37:42,347 - tensor([ 593, 2198, 2239], device='cuda:0')
2024-02-06 13:37:42,348 - Classification Fails.
2024-02-06 13:37:42,348 - Link Generation Fails.
2024-02-06 13:38:13,140 - Victim node is 7206.
2024-02-06 13:38:13,140 - tensor([7730, 7787, 7970], device='cuda:0')
2024-02-06 13:38:13,140 - Classification Fails.
2024-02-06 13:38:13,140 - Link Generation Succeeds.
2024-02-06 13:38:45,579 - Victim node is 3559.
2024-02-06 13:38:45,579 - tensor([2198, 2239, 8697], device='cuda:0')
2024-02-06 13:38:45,580 - Classification Fails.
2024-02-06 13:38:45,580 - Link Generation Succeeds.
2024-02-06 13:39:15,868 - Victim node is 506.
2024-02-06 13:39:15,868 - tensor([2198, 2239, 4376], device='cuda:0')
2024-02-06 13:39:15,868 - Classification Fails.
2024-02-06 13:39:15,868 - Link Generation Fails.
2024-02-06 13:39:46,042 - Victim node is 7598.
2024-02-06 13:39:46,042 - tensor([1374, 6190, 6279], device='cuda:0')
2024-02-06 13:39:46,043 - Classification Succeeds.
2024-02-06 13:39:46,043 - Link Generation Fails.
2024-02-06 13:40:19,256 - Victim node is 2192.
2024-02-06 13:40:19,256 - tensor([ 593, 2198, 2239], device='cuda:0')
2024-02-06 13:40:19,257 - Classification Fails.
2024-02-06 13:40:19,257 - Link Generation Fails.
2024-02-06 13:40:50,227 - Victim node is 6739.
2024-02-06 13:40:50,227 - tensor([1599, 5875, 7620], device='cuda:0')
2024-02-06 13:40:50,228 - Classification Succeeds.
2024-02-06 13:40:50,228 - Link Generation Fails.
2024-02-06 13:41:20,277 - Victim node is 5366.
2024-02-06 13:41:20,277 - tensor([ 593, 2198, 2239], device='cuda:0')
2024-02-06 13:41:20,278 - Classification Fails.
2024-02-06 13:41:20,278 - Link Generation Fails.
2024-02-06 13:46:43,663 - Victim node is 629.
2024-02-06 13:46:43,663 - tensor([2239, 7850, 8405], device='cuda:0')
2024-02-06 13:46:43,664 - Classification Fails.
2024-02-06 13:46:43,664 - Link Generation Succeeds.
2024-02-06 13:47:25,622 - Victim node is 1727.
2024-02-06 13:47:25,622 - tensor([2239, 7940, 8644], device='cuda:0')
2024-02-06 13:47:25,622 - Classification Succeeds.
2024-02-06 13:47:25,622 - Link Generation Succeeds.
2024-02-06 13:47:55,828 - Victim node is 755.
2024-02-06 13:47:55,828 - tensor([1759, 4666, 4960], device='cuda:0')
2024-02-06 13:47:55,829 - Classification Fails.
2024-02-06 13:47:55,829 - Link Generation Fails.
2024-02-06 13:48:26,884 - Victim node is 1075.
2024-02-06 13:48:26,884 - tensor([1759, 2260, 7620], device='cuda:0')
2024-02-06 13:48:26,884 - Classification Succeeds.
2024-02-06 13:48:26,884 - Link Generation Fails.
2024-02-06 13:48:57,343 - Victim node is 3530.
2024-02-06 13:48:57,343 - tensor([4129, 6190, 6662], device='cuda:0')
2024-02-06 13:48:57,343 - Classification Fails.
2024-02-06 13:48:57,343 - Link Generation Fails.
2024-02-06 13:49:27,481 - Victim node is 1677.
2024-02-06 13:49:27,481 - tensor([3383, 6190, 7542], device='cuda:0')
2024-02-06 13:49:27,482 - Classification Fails.
2024-02-06 13:49:27,482 - Link Generation Fails.
2024-02-06 13:49:57,849 - Victim node is 6298.
2024-02-06 13:49:57,850 - tensor([2198, 2239, 4376], device='cuda:0')
2024-02-06 13:49:57,850 - Classification Fails.
2024-02-06 13:49:57,850 - Link Generation Fails.
2024-02-06 13:53:07,601 - Victim node is 1421.
2024-02-06 13:53:07,601 - tensor([7827, 8273, 8909], device='cuda:0')
2024-02-06 13:53:07,601 - Classification Succeeds.
2024-02-06 13:53:07,601 - Link Generation Succeeds.
2024-02-06 13:53:38,961 - Victim node is 6766.
2024-02-06 13:53:38,961 - tensor([2198, 2239, 4376], device='cuda:0')
2024-02-06 13:53:38,961 - Classification Succeeds.
2024-02-06 13:53:38,961 - Link Generation Fails.
2024-02-06 13:54:09,749 - Victim node is 1640.
2024-02-06 13:54:09,749 - tensor([6190, 7460, 7542], device='cuda:0')
2024-02-06 13:54:09,749 - Classification Fails.
2024-02-06 13:54:09,749 - Link Generation Fails.
2024-02-06 13:54:40,740 - Victim node is 4187.
2024-02-06 13:54:40,740 - tensor([ 593, 2198, 2239], device='cuda:0')
2024-02-06 13:54:40,740 - Classification Fails.
2024-02-06 13:54:40,740 - Link Generation Fails.
2024-02-06 13:55:11,386 - Victim node is 4432.
2024-02-06 13:55:11,387 - tensor([3383, 6190, 7542], device='cuda:0')
2024-02-06 13:55:11,387 - Classification Succeeds.
2024-02-06 13:55:11,387 - Link Generation Fails.
2024-02-06 13:55:44,458 - Victim node is 3550.
2024-02-06 13:55:44,458 - tensor([2198, 7746, 8339], device='cuda:0')
2024-02-06 13:55:44,459 - Classification Fails.
2024-02-06 13:55:44,459 - Link Generation Succeeds.
2024-02-06 13:56:15,255 - Victim node is 5267.
2024-02-06 13:56:15,256 - tensor([3383, 6190, 7542], device='cuda:0')
2024-02-06 13:56:15,256 - Classification Fails.
2024-02-06 13:56:15,256 - Link Generation Fails.
2024-02-06 13:56:45,374 - Victim node is 6237.
2024-02-06 13:56:45,374 - tensor([2198, 7755, 7997], device='cuda:0')
2024-02-06 13:56:45,374 - Classification Fails.
2024-02-06 13:56:45,375 - Link Generation Succeeds.
2024-02-06 14:04:02,798 - Victim node is 3695.
2024-02-06 14:04:02,798 - tensor([ 593, 8356, 8370], device='cuda:0')
2024-02-06 14:04:02,798 - Classification Fails.
2024-02-06 14:04:02,798 - Link Generation Succeeds.
2024-02-06 14:04:33,723 - Victim node is 3315.
2024-02-06 14:04:33,723 - tensor([6130, 6662, 7620], device='cuda:0')
2024-02-06 14:04:33,723 - Classification Fails.
2024-02-06 14:04:33,723 - Link Generation Fails.
2024-02-06 14:05:03,843 - Victim node is 6645.
2024-02-06 14:05:03,843 - tensor([6068, 6279, 6662], device='cuda:0')
2024-02-06 14:05:03,843 - Classification Fails.
2024-02-06 14:05:03,843 - Link Generation Fails.
2024-02-06 14:05:35,823 - Victim node is 2883.
2024-02-06 14:05:35,823 - tensor([ 593, 2239, 8712], device='cuda:0')
2024-02-06 14:05:35,823 - Classification Succeeds.
2024-02-06 14:05:35,824 - Link Generation Succeeds.
2024-02-06 14:06:06,023 - Victim node is 6605.
2024-02-06 14:06:06,023 - tensor([1759, 2260, 4552], device='cuda:0')
2024-02-06 14:06:06,023 - Classification Fails.
2024-02-06 14:06:06,023 - Link Generation Fails.
2024-02-06 14:06:36,877 - Victim node is 7594.
2024-02-06 14:06:36,877 - tensor([1759, 2260, 7620], device='cuda:0')
2024-02-06 14:06:36,877 - Classification Succeeds.
2024-02-06 14:06:36,877 - Link Generation Fails.
2024-02-06 14:07:07,510 - Victim node is 1016.
2024-02-06 14:07:07,510 - tensor([6130, 6662, 7620], device='cuda:0')
2024-02-06 14:07:07,510 - Classification Fails.
2024-02-06 14:07:07,510 - Link Generation Fails.
2024-02-06 14:07:37,677 - Victim node is 1077.
2024-02-06 14:07:37,677 - tensor([6190, 6662, 7666], device='cuda:0')
2024-02-06 14:07:37,677 - Classification Succeeds.
2024-02-06 14:07:37,677 - Link Generation Succeeds.
2024-02-06 14:08:08,197 - Victim node is 4163.
2024-02-06 14:08:08,197 - tensor([ 593, 2198, 2239], device='cuda:0')
2024-02-06 14:08:08,198 - Classification Fails.
2024-02-06 14:08:08,198 - Link Generation Fails.
2024-02-06 14:11:12,836 - Victim node is 2484.
2024-02-06 14:11:12,836 - tensor([ 593, 8758, 8780], device='cuda:0')
2024-02-06 14:11:12,836 - Classification Succeeds.
2024-02-06 14:11:12,836 - Link Generation Succeeds.
2024-02-06 14:11:42,938 - Victim node is 2690.
2024-02-06 14:11:42,938 - tensor([ 593, 2198, 2239], device='cuda:0')
2024-02-06 14:11:42,939 - Classification Fails.
2024-02-06 14:11:42,939 - Link Generation Fails.
2024-02-06 14:12:13,648 - Victim node is 4921.
2024-02-06 14:12:13,648 - tensor([1374, 5449, 6279], device='cuda:0')
2024-02-06 14:12:13,649 - Classification Succeeds.
2024-02-06 14:12:13,649 - Link Generation Fails.
2024-02-06 14:12:44,290 - Victim node is 4077.
2024-02-06 14:12:44,290 - tensor([1136, 2818, 6662], device='cuda:0')
2024-02-06 14:12:44,290 - Classification Fails.
2024-02-06 14:12:44,290 - Link Generation Fails.
2024-02-06 14:13:14,526 - Victim node is 4748.
2024-02-06 14:13:14,526 - tensor([1599, 7557, 7620], device='cuda:0')
2024-02-06 14:13:14,527 - Classification Fails.
2024-02-06 14:13:14,527 - Link Generation Fails.
2024-02-06 14:13:46,757 - Victim node is 7363.
2024-02-06 14:13:46,757 - tensor([2198, 7734, 8191], device='cuda:0')
2024-02-06 14:13:46,757 - Classification Fails.
2024-02-06 14:13:46,758 - Link Generation Succeeds.
2024-02-06 14:14:17,518 - Victim node is 3275.
2024-02-06 14:14:17,518 - tensor([ 593, 2198, 2239], device='cuda:0')
2024-02-06 14:14:17,519 - Classification Fails.
2024-02-06 14:14:17,519 - Link Generation Fails.
2024-02-06 14:14:47,795 - Victim node is 1115.
2024-02-06 14:14:47,795 - tensor([6279, 6662, 7542], device='cuda:0')
2024-02-06 14:14:47,795 - Classification Fails.
2024-02-06 14:14:47,795 - Link Generation Fails.
2024-02-06 14:15:19,907 - Victim node is 1730.
2024-02-06 14:15:19,907 - tensor([2198, 7757, 8481], device='cuda:0')
2024-02-06 14:15:19,907 - Classification Fails.
2024-02-06 14:15:19,907 - Link Generation Succeeds.
2024-02-06 14:15:49,971 - Victim node is 827.
2024-02-06 14:15:49,971 - tensor([3383, 4646, 7620], device='cuda:0')
2024-02-06 14:15:49,971 - Classification Fails.
2024-02-06 14:15:49,972 - Link Generation Fails.
2024-02-06 14:16:20,950 - Victim node is 3635.
2024-02-06 14:16:20,950 - tensor([2198, 2239, 4376], device='cuda:0')
2024-02-06 14:16:20,950 - Classification Succeeds.
2024-02-06 14:16:20,950 - Link Generation Fails.
2024-02-06 14:16:53,871 - Victim node is 6219.
2024-02-06 14:16:53,871 - tensor([ 593, 2198, 2239], device='cuda:0')
2024-02-06 14:16:53,871 - Classification Fails.
2024-02-06 14:16:53,871 - Link Generation Fails.
2024-02-06 14:17:23,448 - Victim node is 5482.
2024-02-06 14:17:23,448 - tensor([1374, 1599, 6279], device='cuda:0')
2024-02-06 14:17:23,449 - Classification Succeeds.
2024-02-06 14:17:23,449 - Link Generation Fails.
2024-02-06 14:17:53,677 - Victim node is 3111.
2024-02-06 14:17:53,677 - tensor([1600, 5449, 7542], device='cuda:0')
2024-02-06 14:17:53,677 - Classification Fails.
2024-02-06 14:17:53,677 - Link Generation Fails.
2024-02-06 14:18:27,016 - Victim node is 3250.
2024-02-06 14:18:27,016 - tensor([ 593, 2198, 2239], device='cuda:0')
2024-02-06 14:18:27,018 - Classification Fails.
2024-02-06 14:18:27,018 - Link Generation Fails.
2024-02-06 14:18:57,347 - Victim node is 5479.
2024-02-06 14:18:57,347 - tensor([ 593, 2198, 2239], device='cuda:0')
2024-02-06 14:18:57,347 - Classification Fails.
2024-02-06 14:18:57,347 - Link Generation Fails.
2024-02-06 14:19:27,569 - Victim node is 7025.
2024-02-06 14:19:27,569 - tensor([4646, 6130, 7620], device='cuda:0')
2024-02-06 14:19:27,570 - Classification Succeeds.
2024-02-06 14:19:27,570 - Link Generation Fails.
2024-02-06 14:26:16,324 - Victim node is 4791.
2024-02-06 14:26:16,324 - tensor([ 593, 8342, 8354], device='cuda:0')
2024-02-06 14:26:16,324 - Classification Succeeds.
2024-02-06 14:26:16,324 - Link Generation Succeeds.
2024-02-06 14:26:47,130 - Victim node is 2424.
2024-02-06 14:26:47,130 - tensor([3383, 6190, 7542], device='cuda:0')
2024-02-06 14:26:47,130 - Classification Fails.
2024-02-06 14:26:47,131 - Link Generation Fails.
2024-02-06 14:27:17,235 - Victim node is 7489.
2024-02-06 14:27:17,235 - tensor([6130, 6279, 7620], device='cuda:0')
2024-02-06 14:27:17,235 - Classification Succeeds.
2024-02-06 14:27:17,236 - Link Generation Fails.
2024-02-06 14:27:47,172 - Victim node is 4318.
2024-02-06 14:27:47,172 - tensor([ 593, 2198, 6702], device='cuda:0')
2024-02-06 14:27:47,173 - Classification Succeeds.
2024-02-06 14:27:47,173 - Link Generation Fails.
2024-02-06 14:28:17,941 - Victim node is 1009.
2024-02-06 14:28:17,942 - tensor([6279, 7620, 7653], device='cuda:0')
2024-02-06 14:28:17,942 - Classification Succeeds.
2024-02-06 14:28:17,942 - Link Generation Succeeds.
2024-02-06 14:28:48,070 - Victim node is 2008.
2024-02-06 14:28:48,070 - tensor([2198, 2239, 7620], device='cuda:0')
2024-02-06 14:28:48,070 - Classification Fails.
2024-02-06 14:28:48,070 - Link Generation Fails.
2024-02-06 14:29:17,976 - Victim node is 5533.
2024-02-06 14:29:17,977 - tensor([6279, 6662, 6962], device='cuda:0')
2024-02-06 14:29:17,977 - Classification Succeeds.
2024-02-06 14:29:17,977 - Link Generation Fails.
2024-02-06 14:29:49,995 - Victim node is 4590.
2024-02-06 14:29:49,995 - tensor([2239, 7960, 8711], device='cuda:0')
2024-02-06 14:29:49,995 - Classification Succeeds.
2024-02-06 14:29:49,995 - Link Generation Succeeds.
2024-02-06 14:30:20,850 - Victim node is 2177.
2024-02-06 14:30:20,850 - tensor([1759, 2260, 3383], device='cuda:0')
2024-02-06 14:30:20,852 - Classification Succeeds.
2024-02-06 14:30:20,852 - Link Generation Fails.
2024-02-06 14:30:51,111 - Victim node is 3420.
2024-02-06 14:30:51,111 - tensor([  16, 3780, 7505], device='cuda:0')
2024-02-06 14:30:51,111 - Classification Fails.
2024-02-06 14:30:51,111 - Link Generation Fails.
2024-02-06 14:33:55,883 - Victim node is 4162.
2024-02-06 14:33:55,883 - tensor([ 593, 7971, 8758], device='cuda:0')
2024-02-06 14:33:55,883 - Classification Succeeds.
2024-02-06 14:33:55,883 - Link Generation Succeeds.
2024-02-06 14:41:00,633 - Victim node is 1610.
2024-02-06 14:41:00,633 - tensor([2198, 8312, 8329], device='cuda:0')
2024-02-06 14:41:00,634 - Classification Fails.
2024-02-06 14:41:00,634 - Link Generation Succeeds.
2024-02-06 14:44:59,295 - Victim node is 2042.
2024-02-06 14:44:59,296 - tensor([ 593, 7831, 8259], device='cuda:0')
2024-02-06 14:44:59,296 - Classification Succeeds.
2024-02-06 14:44:59,296 - Link Generation Succeeds.
2024-02-06 14:45:29,811 - Victim node is 5480.
2024-02-06 14:45:29,811 - tensor([6279, 7681, 7684], device='cuda:0')
2024-02-06 14:45:29,811 - Classification Fails.
2024-02-06 14:45:29,812 - Link Generation Succeeds.
2024-02-06 14:46:00,327 - Victim node is 7016.
2024-02-06 14:46:00,327 - tensor([1374, 6279, 7620], device='cuda:0')
2024-02-06 14:46:00,328 - Classification Succeeds.
2024-02-06 14:46:00,328 - Link Generation Fails.
2024-02-06 14:46:34,040 - Victim node is 2371.
2024-02-06 14:46:34,040 - tensor([ 593, 2198, 2239], device='cuda:0')
2024-02-06 14:46:34,040 - Classification Fails.
2024-02-06 14:46:34,040 - Link Generation Fails.
2024-02-06 14:47:03,996 - Victim node is 4913.
2024-02-06 14:47:03,996 - tensor([2198, 2239, 4376], device='cuda:0')
2024-02-06 14:47:03,997 - Classification Fails.
2024-02-06 14:47:03,997 - Link Generation Fails.
2024-02-06 14:52:25,079 - Victim node is 4479.
2024-02-06 14:52:25,079 - tensor([7870, 8441, 8455], device='cuda:0')
2024-02-06 14:52:25,080 - Classification Fails.
2024-02-06 14:52:25,080 - Link Generation Succeeds.
2024-02-06 14:53:43,529 - Victim node is 5283.
2024-02-06 14:53:43,529 - tensor([2731, 6279, 7620], device='cuda:0')
2024-02-06 14:53:43,529 - Classification Fails.
2024-02-06 14:53:43,529 - Link Generation Fails.
2024-02-06 14:54:16,840 - Victim node is 3124.
2024-02-06 14:54:16,840 - tensor([ 593, 2198, 2239], device='cuda:0')
2024-02-06 14:54:16,840 - Classification Fails.
2024-02-06 14:54:16,840 - Link Generation Fails.
2024-02-06 14:54:47,457 - Victim node is 4178.
2024-02-06 14:54:47,457 - tensor([2198, 2239, 4376], device='cuda:0')
2024-02-06 14:54:47,457 - Classification Fails.
2024-02-06 14:54:47,457 - Link Generation Fails.
2024-02-06 14:55:17,573 - Victim node is 2678.
2024-02-06 14:55:17,573 - tensor([ 593, 2198, 7929], device='cuda:0')
2024-02-06 14:55:17,574 - Classification Fails.
2024-02-06 14:55:17,574 - Link Generation Succeeds.
2024-02-06 14:58:22,473 - Victim node is 2336.
2024-02-06 14:58:22,473 - tensor([2239, 7795, 8742], device='cuda:0')
2024-02-06 14:58:22,473 - Classification Succeeds.
2024-02-06 14:58:22,474 - Link Generation Succeeds.
2024-02-06 14:58:52,709 - Victim node is 6334.
2024-02-06 14:58:52,709 - tensor([3383, 6499, 7651], device='cuda:0')
2024-02-06 14:58:52,710 - Classification Succeeds.
2024-02-06 14:58:52,710 - Link Generation Succeeds.
2024-02-06 14:59:22,633 - Victim node is 961.
2024-02-06 14:59:22,633 - tensor([7654, 7659, 7667], device='cuda:0')
2024-02-06 14:59:22,633 - Classification Succeeds.
2024-02-06 14:59:22,634 - Link Generation Succeeds.
2024-02-06 14:59:52,770 - Victim node is 4079.
2024-02-06 14:59:52,770 - tensor([1136, 5526, 7620], device='cuda:0')
2024-02-06 14:59:52,770 - Classification Fails.
2024-02-06 14:59:52,770 - Link Generation Fails.
2024-02-06 15:00:23,730 - Victim node is 189.
2024-02-06 15:00:23,730 - tensor([6130, 7460, 7620], device='cuda:0')
2024-02-06 15:00:23,731 - Classification Fails.
2024-02-06 15:00:23,731 - Link Generation Fails.
2024-02-06 15:00:54,267 - Victim node is 812.
2024-02-06 15:00:54,267 - tensor([5449, 6279, 7620], device='cuda:0')
2024-02-06 15:00:54,267 - Classification Succeeds.
2024-02-06 15:00:54,267 - Link Generation Fails.
2024-02-06 15:01:24,740 - Victim node is 5771.
2024-02-06 15:01:24,740 - tensor([ 526, 3578, 4805], device='cuda:0')
2024-02-06 15:01:24,740 - Classification Fails.
2024-02-06 15:01:24,741 - Link Generation Fails.
2024-02-06 15:06:57,844 - Victim node is 6968.
2024-02-06 15:06:57,844 - tensor([7856, 8392, 8406], device='cuda:0')
2024-02-06 15:06:57,844 - Classification Succeeds.
2024-02-06 15:06:57,844 - Link Generation Succeeds.
2024-02-06 15:14:10,786 - Victim node is 1665.
2024-02-06 15:14:10,786 - tensor([2239, 8312, 8977], device='cuda:0')
2024-02-06 15:14:10,787 - Classification Succeeds.
2024-02-06 15:14:10,787 - Link Generation Succeeds.
2024-02-06 15:21:41,841 - Victim node is 7174.
2024-02-06 15:21:41,841 - tensor([2239, 7849, 8356], device='cuda:0')
2024-02-06 15:21:41,841 - Classification Succeeds.
2024-02-06 15:21:41,841 - Link Generation Succeeds.
2024-02-06 15:25:02,391 - Victim node is 4194.
2024-02-06 15:25:02,391 - tensor([ 593, 2198, 8846], device='cuda:0')
2024-02-06 15:25:02,392 - Classification Fails.
2024-02-06 15:25:02,392 - Link Generation Succeeds.
2024-02-06 15:25:33,082 - Victim node is 4118.
2024-02-06 15:25:33,082 - tensor([ 593, 2198, 2239], device='cuda:0')
2024-02-06 15:25:33,082 - Classification Succeeds.
2024-02-06 15:25:33,082 - Link Generation Fails.
2024-02-06 15:28:39,743 - Victim node is 7477.
2024-02-06 15:28:39,743 - tensor([2239, 7976, 8819], device='cuda:0')
2024-02-06 15:28:39,744 - Classification Succeeds.
2024-02-06 15:28:39,744 - Link Generation Succeeds.
2024-02-06 15:29:09,630 - Victim node is 5628.
2024-02-06 15:29:09,630 - tensor([2198, 2239, 4376], device='cuda:0')
2024-02-06 15:29:09,632 - Classification Fails.
2024-02-06 15:29:09,632 - Link Generation Fails.
2024-02-06 15:29:39,935 - Victim node is 6842.
2024-02-06 15:29:39,935 - tensor([1136, 1374, 5526], device='cuda:0')
2024-02-06 15:29:39,935 - Classification Fails.
2024-02-06 15:29:39,936 - Link Generation Fails.
2024-02-06 15:30:10,658 - Victim node is 2928.
2024-02-06 15:30:10,658 - tensor([4628, 4906, 6433], device='cuda:0')
2024-02-06 15:30:10,658 - Classification Succeeds.
2024-02-06 15:30:10,658 - Link Generation Fails.
2024-02-06 15:30:41,204 - Victim node is 3509.
2024-02-06 15:30:41,204 - tensor([2198, 2239, 4376], device='cuda:0')
2024-02-06 15:30:41,205 - Classification Fails.
2024-02-06 15:30:41,205 - Link Generation Fails.
2024-02-06 15:31:14,314 - Victim node is 6854.
2024-02-06 15:31:14,314 - tensor([ 593, 2198, 8350], device='cuda:0')
2024-02-06 15:31:14,314 - Classification Fails.
2024-02-06 15:31:14,314 - Link Generation Succeeds.
2024-02-06 15:34:23,265 - Victim node is 4303.
2024-02-06 15:34:23,266 - tensor([2198, 7808, 8826], device='cuda:0')
2024-02-06 15:34:23,266 - Classification Succeeds.
2024-02-06 15:34:23,266 - Link Generation Succeeds.
2024-02-06 15:37:31,741 - Victim node is 3462.
2024-02-06 15:37:31,741 - tensor([2239, 7968, 8769], device='cuda:0')
2024-02-06 15:37:31,741 - Classification Succeeds.
2024-02-06 15:37:31,741 - Link Generation Succeeds.
2024-02-06 15:38:04,544 - Victim node is 6578.
2024-02-06 15:38:04,544 - tensor([ 593, 2198, 8647], device='cuda:0')
2024-02-06 15:38:04,545 - Classification Fails.
2024-02-06 15:38:04,545 - Link Generation Succeeds.
2024-02-06 15:38:35,314 - Victim node is 1728.
2024-02-06 15:38:35,314 - tensor([7670, 7700, 7808], device='cuda:0')
2024-02-06 15:38:35,314 - Classification Fails.
2024-02-06 15:38:35,314 - Link Generation Succeeds.
2024-02-06 15:39:05,590 - Victim node is 6329.
2024-02-06 15:39:05,590 - tensor([3383, 7620, 7694], device='cuda:0')
2024-02-06 15:39:05,591 - Classification Succeeds.
2024-02-06 15:39:05,591 - Link Generation Succeeds.
2024-02-06 15:39:35,647 - Victim node is 688.
2024-02-06 15:39:35,649 - tensor([6279, 6662, 7620], device='cuda:0')
2024-02-06 15:39:35,649 - Classification Succeeds.
2024-02-06 15:39:35,649 - Link Generation Fails.
2024-02-06 15:40:06,331 - Victim node is 7515.
2024-02-06 15:40:06,331 - tensor([1759, 2260, 7620], device='cuda:0')
2024-02-06 15:40:06,331 - Classification Fails.
2024-02-06 15:40:06,331 - Link Generation Fails.
2024-02-06 15:40:39,422 - Victim node is 5616.
2024-02-06 15:40:39,422 - tensor([6130, 7620, 7987], device='cuda:0')
2024-02-06 15:40:39,424 - Classification Succeeds.
2024-02-06 15:40:39,424 - Link Generation Succeeds.
2024-02-06 15:43:42,717 - Victim node is 3282.
2024-02-06 15:43:42,717 - tensor([ 593, 7974, 8756], device='cuda:0')
2024-02-06 15:43:42,717 - Classification Succeeds.
2024-02-06 15:43:42,718 - Link Generation Succeeds.
2024-02-06 15:44:14,429 - Victim node is 454.
2024-02-06 15:44:14,430 - tensor([6279, 6662, 7620], device='cuda:0')
2024-02-06 15:44:14,430 - Classification Succeeds.
2024-02-06 15:44:14,430 - Link Generation Fails.
2024-02-06 15:49:36,955 - Victim node is 6354.
2024-02-06 15:49:36,956 - tensor([7853, 8404, 8419], device='cuda:0')
2024-02-06 15:49:36,956 - Classification Fails.
2024-02-06 15:49:36,956 - Link Generation Succeeds.
2024-02-06 15:50:39,604 - Victim node is 2483.
2024-02-06 15:50:39,604 - tensor([1759, 2260, 7620], device='cuda:0')
2024-02-06 15:50:39,605 - Classification Fails.
2024-02-06 15:50:39,605 - Link Generation Fails.
2024-02-06 15:51:09,712 - Victim node is 2161.
2024-02-06 15:51:09,712 - tensor([  16, 6190, 7542], device='cuda:0')
2024-02-06 15:51:09,712 - Classification Succeeds.
2024-02-06 15:51:09,712 - Link Generation Fails.
2024-02-06 15:51:39,962 - Victim node is 6206.
2024-02-06 15:51:39,962 - tensor([1155, 6359, 7542], device='cuda:0')
2024-02-06 15:51:39,963 - Classification Fails.
2024-02-06 15:51:39,963 - Link Generation Fails.
2024-02-06 15:52:10,528 - Victim node is 7263.
2024-02-06 15:52:10,529 - tensor([1759, 6130, 7620], device='cuda:0')
2024-02-06 15:52:10,529 - Classification Succeeds.
2024-02-06 15:52:10,529 - Link Generation Fails.
2024-02-06 15:52:41,105 - Victim node is 5715.
2024-02-06 15:52:41,105 - tensor([2144, 3383, 7542], device='cuda:0')
2024-02-06 15:52:41,105 - Classification Succeeds.
2024-02-06 15:52:41,105 - Link Generation Fails.
2024-02-06 15:53:11,135 - Victim node is 4555.
2024-02-06 15:53:11,135 - tensor([2198, 2239, 4376], device='cuda:0')
2024-02-06 15:53:11,136 - Classification Fails.
2024-02-06 15:53:11,136 - Link Generation Fails.
2024-02-06 15:53:41,087 - Victim node is 6025.
2024-02-06 15:53:41,087 - tensor([1136, 5526, 6279], device='cuda:0')
2024-02-06 15:53:41,089 - Classification Succeeds.
2024-02-06 15:53:41,089 - Link Generation Fails.
2024-02-06 15:54:11,857 - Victim node is 7318.
2024-02-06 15:54:11,857 - tensor([ 526, 2980, 7680], device='cuda:0')
2024-02-06 15:54:11,857 - Classification Succeeds.
2024-02-06 15:54:11,857 - Link Generation Succeeds.
2024-02-06 15:57:04,226 - Victim node is 3514.
2024-02-06 15:57:04,226 - tensor([2239, 7822, 8284], device='cuda:0')
2024-02-06 15:57:04,226 - Classification Succeeds.
2024-02-06 15:57:04,226 - Link Generation Succeeds.
2024-02-06 15:57:35,237 - Victim node is 6344.
2024-02-06 15:57:35,237 - tensor([5449, 6279, 6662], device='cuda:0')
2024-02-06 15:57:35,237 - Classification Fails.
2024-02-06 15:57:35,237 - Link Generation Fails.
2024-02-06 15:58:05,974 - Victim node is 130.
2024-02-06 15:58:05,974 - tensor([  16, 6190, 7542], device='cuda:0')
2024-02-06 15:58:05,975 - Classification Fails.
2024-02-06 15:58:05,975 - Link Generation Fails.
2024-02-06 15:58:36,826 - Victim node is 6520.
2024-02-06 15:58:36,826 - tensor([ 593, 2198, 2239], device='cuda:0')
2024-02-06 15:58:36,826 - Classification Fails.
2024-02-06 15:58:36,826 - Link Generation Fails.
2024-02-06 15:59:06,793 - Victim node is 4777.
2024-02-06 15:59:06,793 - tensor([5356, 6190, 7542], device='cuda:0')
2024-02-06 15:59:06,793 - Classification Succeeds.
2024-02-06 15:59:06,793 - Link Generation Fails.
2024-02-06 15:59:39,558 - Victim node is 4473.
2024-02-06 15:59:39,558 - tensor([ 593, 2198, 8354], device='cuda:0')
2024-02-06 15:59:39,558 - Classification Succeeds.
2024-02-06 15:59:39,558 - Link Generation Succeeds.
2024-02-06 16:00:10,293 - Victim node is 5017.
2024-02-06 16:00:10,293 - tensor([3383, 5875, 7542], device='cuda:0')
2024-02-06 16:00:10,293 - Classification Fails.
2024-02-06 16:00:10,293 - Link Generation Fails.
2024-02-06 16:00:43,453 - Victim node is 5561.
2024-02-06 16:00:43,453 - tensor([2198, 7711, 8345], device='cuda:0')
2024-02-06 16:00:43,453 - Classification Fails.
2024-02-06 16:00:43,453 - Link Generation Succeeds.
2024-02-06 16:01:13,748 - Victim node is 4635.
2024-02-06 16:01:13,748 - tensor([3383, 6190, 7542], device='cuda:0')
2024-02-06 16:01:13,749 - Classification Fails.
2024-02-06 16:01:13,749 - Link Generation Fails.
2024-02-06 16:01:44,075 - Victim node is 4137.
2024-02-06 16:01:44,075 - tensor([2260, 6662, 7620], device='cuda:0')
2024-02-06 16:01:44,075 - Classification Succeeds.
2024-02-06 16:01:44,076 - Link Generation Fails.
2024-02-06 16:02:14,909 - Victim node is 642.
2024-02-06 16:02:14,909 - tensor([1136, 5526, 6279], device='cuda:0')
2024-02-06 16:02:14,909 - Classification Succeeds.
2024-02-06 16:02:14,909 - Link Generation Fails.
2024-02-06 16:02:45,488 - Victim node is 5192.
2024-02-06 16:02:45,489 - tensor([4010, 6190, 7542], device='cuda:0')
2024-02-06 16:02:45,489 - Classification Fails.
2024-02-06 16:02:45,489 - Link Generation Fails.
2024-02-06 16:03:15,510 - Victim node is 6351.
2024-02-06 16:03:15,510 - tensor([1759, 2260, 4666], device='cuda:0')
2024-02-06 16:03:15,510 - Classification Succeeds.
2024-02-06 16:03:15,510 - Link Generation Fails.
2024-02-06 16:03:45,874 - Victim node is 520.
2024-02-06 16:03:45,874 - tensor([1136, 1599, 5526], device='cuda:0')
2024-02-06 16:03:45,874 - Classification Fails.
2024-02-06 16:03:45,874 - Link Generation Fails.
2024-02-06 16:04:18,450 - Victim node is 7180.
2024-02-06 16:04:18,451 - tensor([2198, 2239, 8622], device='cuda:0')
2024-02-06 16:04:18,451 - Classification Succeeds.
2024-02-06 16:04:18,451 - Link Generation Succeeds.
2024-02-06 16:04:48,757 - Victim node is 6506.
2024-02-06 16:04:48,757 - tensor([ 593, 2198, 2239], device='cuda:0')
2024-02-06 16:04:48,757 - Classification Succeeds.
2024-02-06 16:04:48,757 - Link Generation Fails.
2024-02-06 16:05:18,485 - Victim node is 1806.
2024-02-06 16:05:18,485 - tensor([3383, 6499, 7542], device='cuda:0')
2024-02-06 16:05:18,487 - Classification Fails.
2024-02-06 16:05:18,487 - Link Generation Fails.
2024-02-06 16:08:27,459 - Victim node is 6990.
2024-02-06 16:08:27,459 - tensor([ 593, 2239, 8242], device='cuda:0')
2024-02-06 16:08:27,459 - Classification Succeeds.
2024-02-06 16:08:27,459 - Link Generation Succeeds.
2024-02-06 16:08:58,837 - Victim node is 4370.
2024-02-06 16:08:58,837 - tensor([6190, 7690, 7784], device='cuda:0')
2024-02-06 16:08:58,837 - Classification Succeeds.
2024-02-06 16:08:58,837 - Link Generation Succeeds.
2024-02-06 16:09:28,840 - Victim node is 5570.
2024-02-06 16:09:28,840 - tensor([1136, 5526, 6662], device='cuda:0')
2024-02-06 16:09:28,840 - Classification Succeeds.
2024-02-06 16:09:28,840 - Link Generation Fails.
2024-02-06 16:10:01,397 - Victim node is 5197.
2024-02-06 16:10:01,397 - tensor([2198, 7771, 8530], device='cuda:0')
2024-02-06 16:10:01,398 - Classification Fails.
2024-02-06 16:10:01,398 - Link Generation Succeeds.
2024-02-06 16:10:32,140 - Victim node is 5540.
2024-02-06 16:10:32,140 - tensor([1759, 6130, 7620], device='cuda:0')
2024-02-06 16:10:32,140 - Classification Fails.
2024-02-06 16:10:32,141 - Link Generation Fails.
2024-02-06 16:11:02,056 - Victim node is 7062.
2024-02-06 16:11:02,056 - tensor([3383, 6190, 7542], device='cuda:0')
2024-02-06 16:11:02,056 - Classification Succeeds.
2024-02-06 16:11:02,056 - Link Generation Fails.
2024-02-06 16:11:32,155 - Victim node is 428.
2024-02-06 16:11:32,155 - tensor([1759, 2260, 3383], device='cuda:0')
2024-02-06 16:11:32,155 - Classification Succeeds.
2024-02-06 16:11:32,155 - Link Generation Fails.
2024-02-06 16:12:02,714 - Victim node is 7273.
2024-02-06 16:12:02,715 - tensor([1897, 6190, 7542], device='cuda:0')
2024-02-06 16:12:02,715 - Classification Fails.
2024-02-06 16:12:02,715 - Link Generation Fails.
2024-02-06 16:12:33,540 - Victim node is 4043.
2024-02-06 16:12:33,540 - tensor([ 526, 1759, 3578], device='cuda:0')
2024-02-06 16:12:33,540 - Classification Fails.
2024-02-06 16:12:33,541 - Link Generation Fails.
2024-02-06 16:19:45,930 - Victim node is 3545.
2024-02-06 16:19:45,930 - tensor([ 593, 2239, 8318], device='cuda:0')
2024-02-06 16:19:45,930 - Classification Fails.
2024-02-06 16:19:45,930 - Link Generation Succeeds.
2024-02-06 16:20:19,920 - Victim node is 4450.
2024-02-06 16:20:19,920 - tensor([ 593, 7963, 8742], device='cuda:0')
2024-02-06 16:20:19,920 - Classification Fails.
2024-02-06 16:20:19,920 - Link Generation Succeeds.
2024-02-06 16:20:50,274 - Victim node is 1543.
2024-02-06 16:20:50,274 - tensor([1759, 6130, 7460], device='cuda:0')
2024-02-06 16:20:50,275 - Classification Succeeds.
2024-02-06 16:20:50,275 - Link Generation Fails.
2024-02-06 16:21:20,597 - Victim node is 4288.
2024-02-06 16:21:20,597 - tensor([2584, 6190, 7542], device='cuda:0')
2024-02-06 16:21:20,597 - Classification Fails.
2024-02-06 16:21:20,597 - Link Generation Fails.
2024-02-06 16:21:50,734 - Victim node is 6435.
2024-02-06 16:21:50,734 - tensor([ 593, 2198, 4376], device='cuda:0')
2024-02-06 16:21:50,734 - Classification Succeeds.
2024-02-06 16:21:50,734 - Link Generation Fails.
2024-02-06 16:22:23,594 - Victim node is 4044.
2024-02-06 16:22:23,594 - tensor([2198, 7924, 8678], device='cuda:0')
2024-02-06 16:22:23,595 - Classification Fails.
2024-02-06 16:22:23,595 - Link Generation Succeeds.
2024-02-06 16:22:53,432 - Victim node is 2449.
2024-02-06 16:22:53,432 - tensor([6068, 7542, 7620], device='cuda:0')
2024-02-06 16:22:53,433 - Classification Succeeds.
2024-02-06 16:22:53,433 - Link Generation Fails.
2024-02-06 16:23:25,530 - Victim node is 2060.
2024-02-06 16:23:25,531 - tensor([2198, 2239, 8684], device='cuda:0')
2024-02-06 16:23:25,532 - Classification Succeeds.
2024-02-06 16:23:25,532 - Link Generation Succeeds.
2024-02-06 16:23:55,908 - Victim node is 783.
2024-02-06 16:23:55,908 - tensor([4663, 5875, 7620], device='cuda:0')
2024-02-06 16:23:55,910 - Classification Fails.
2024-02-06 16:23:55,910 - Link Generation Fails.
2024-02-06 16:24:26,818 - Victim node is 3778.
2024-02-06 16:24:26,818 - tensor([1759, 2260, 4666], device='cuda:0')
2024-02-06 16:24:26,818 - Classification Succeeds.
2024-02-06 16:24:26,818 - Link Generation Fails.
2024-02-06 16:24:57,350 - Victim node is 644.
2024-02-06 16:24:57,350 - tensor([2198, 2239, 4376], device='cuda:0')
2024-02-06 16:24:57,350 - Classification Fails.
2024-02-06 16:24:57,350 - Link Generation Fails.
2024-02-06 16:25:27,355 - Victim node is 1454.
2024-02-06 16:25:27,355 - tensor([4663, 6130, 7620], device='cuda:0')
2024-02-06 16:25:27,355 - Classification Succeeds.
2024-02-06 16:25:27,355 - Link Generation Fails.
2024-02-06 16:25:59,785 - Victim node is 6303.
2024-02-06 16:25:59,785 - tensor([2198, 7915, 8570], device='cuda:0')
2024-02-06 16:25:59,785 - Classification Succeeds.
2024-02-06 16:25:59,786 - Link Generation Succeeds.
2024-02-06 16:26:30,424 - Victim node is 3059.
2024-02-06 16:26:30,424 - tensor([ 593, 2198, 4376], device='cuda:0')
2024-02-06 16:26:30,424 - Classification Fails.
2024-02-06 16:26:30,424 - Link Generation Fails.
2024-02-06 16:27:02,457 - Victim node is 6448.
2024-02-06 16:27:02,457 - tensor([ 593, 2198, 8618], device='cuda:0')
2024-02-06 16:27:02,457 - Classification Succeeds.
2024-02-06 16:27:02,457 - Link Generation Succeeds.
2024-02-06 16:27:34,461 - Victim node is 5637.
2024-02-06 16:27:34,462 - tensor([7938, 8628, 8811], device='cuda:0')
2024-02-06 16:27:34,462 - Classification Succeeds.
2024-02-06 16:27:34,462 - Link Generation Succeeds.
2024-02-06 16:28:07,069 - Victim node is 306.
2024-02-06 16:28:07,069 - tensor([ 593, 2198, 2239], device='cuda:0')
2024-02-06 16:28:07,069 - Classification Fails.
2024-02-06 16:28:07,070 - Link Generation Fails.
2024-02-06 16:28:39,667 - Victim node is 4700.
2024-02-06 16:28:39,667 - tensor([2239, 7933, 8604], device='cuda:0')
2024-02-06 16:28:39,667 - Classification Succeeds.
2024-02-06 16:28:39,668 - Link Generation Succeeds.
2024-02-06 16:29:09,434 - Victim node is 1791.
2024-02-06 16:29:09,434 - tensor([1136, 6662, 7620], device='cuda:0')
2024-02-06 16:29:09,434 - Classification Fails.
2024-02-06 16:29:09,434 - Link Generation Fails.
2024-02-06 16:29:42,133 - Victim node is 4448.
2024-02-06 16:29:42,133 - tensor([ 593, 2198, 8007], device='cuda:0')
2024-02-06 16:29:42,133 - Classification Fails.
2024-02-06 16:29:42,133 - Link Generation Succeeds.
2024-02-06 16:30:13,029 - Victim node is 5387.
2024-02-06 16:30:13,029 - tensor([2198, 2239, 4376], device='cuda:0')
2024-02-06 16:30:13,030 - Classification Succeeds.
2024-02-06 16:30:13,030 - Link Generation Fails.
2024-02-06 16:30:43,729 - Victim node is 786.
2024-02-06 16:30:43,729 - tensor([4960, 6662, 7620], device='cuda:0')
2024-02-06 16:30:43,729 - Classification Fails.
2024-02-06 16:30:43,729 - Link Generation Fails.
2024-02-06 16:31:14,225 - Victim node is 1696.
2024-02-06 16:31:14,225 - tensor([2250, 4663, 7620], device='cuda:0')
2024-02-06 16:31:14,226 - Classification Fails.
2024-02-06 16:31:14,226 - Link Generation Fails.
2024-02-06 16:31:44,506 - Victim node is 2259.
2024-02-06 16:31:44,506 - tensor([1136, 5526, 7460], device='cuda:0')
2024-02-06 16:31:44,506 - Classification Succeeds.
2024-02-06 16:31:44,506 - Link Generation Fails.
2024-02-06 16:34:53,681 - Victim node is 7352.
2024-02-06 16:34:53,681 - tensor([2239, 7818, 8267], device='cuda:0')
2024-02-06 16:34:53,682 - Classification Succeeds.
2024-02-06 16:34:53,682 - Link Generation Succeeds.
2024-02-06 16:35:25,711 - Victim node is 4392.
2024-02-06 16:35:25,711 - tensor([2198, 7782, 8570], device='cuda:0')
2024-02-06 16:35:25,711 - Classification Succeeds.
2024-02-06 16:35:25,711 - Link Generation Succeeds.
2024-02-06 16:35:56,124 - Victim node is 5996.
2024-02-06 16:35:56,124 - tensor([ 593, 2198, 2239], device='cuda:0')
2024-02-06 16:35:56,125 - Classification Succeeds.
2024-02-06 16:35:56,125 - Link Generation Fails.
2024-02-06 16:43:16,434 - Victim node is 2010.
2024-02-06 16:43:16,435 - tensor([7848, 8354, 8367], device='cuda:0')
2024-02-06 16:43:16,435 - Classification Succeeds.
2024-02-06 16:43:16,435 - Link Generation Succeeds.
2024-02-06 16:43:49,886 - Victim node is 2988.
2024-02-06 16:43:49,886 - tensor([ 593, 2198, 2239], device='cuda:0')
2024-02-06 16:43:49,886 - Classification Fails.
2024-02-06 16:43:49,887 - Link Generation Fails.
2024-02-06 16:50:03,689 - Victim node is 5772.
2024-02-06 16:50:03,689 - tensor([ 593, 8428, 8443], device='cuda:0')
2024-02-06 16:50:03,689 - Classification Fails.
2024-02-06 16:50:03,689 - Link Generation Succeeds.
2024-02-06 16:51:59,624 - Victim node is 1253.
2024-02-06 16:51:59,624 - tensor([ 593, 2198, 7721], device='cuda:0')
2024-02-06 16:51:59,624 - Classification Fails.
2024-02-06 16:51:59,624 - Link Generation Succeeds.
2024-02-06 16:52:30,789 - Victim node is 6734.
2024-02-06 16:52:30,789 - tensor([3383, 4808, 5875], device='cuda:0')
2024-02-06 16:52:30,790 - Classification Fails.
2024-02-06 16:52:30,790 - Link Generation Fails.
2024-02-06 16:53:01,181 - Victim node is 385.
2024-02-06 16:53:01,181 - tensor([1759, 3383, 7620], device='cuda:0')
2024-02-06 16:53:01,182 - Classification Succeeds.
2024-02-06 16:53:01,182 - Link Generation Fails.
2024-02-06 16:53:31,370 - Victim node is 5491.
2024-02-06 16:53:31,370 - tensor([  16, 6190, 7542], device='cuda:0')
2024-02-06 16:53:31,370 - Classification Fails.
2024-02-06 16:53:31,370 - Link Generation Fails.
2024-02-06 16:54:01,939 - Victim node is 2990.
2024-02-06 16:54:01,940 - tensor([  63, 5449, 7620], device='cuda:0')
2024-02-06 16:54:01,940 - Classification Fails.
2024-02-06 16:54:01,940 - Link Generation Fails.
2024-02-06 16:54:35,352 - Victim node is 2610.
2024-02-06 16:54:35,352 - tensor([ 593, 2198, 2239], device='cuda:0')
2024-02-06 16:54:35,352 - Classification Fails.
2024-02-06 16:54:35,352 - Link Generation Fails.
2024-02-06 16:55:07,910 - Victim node is 3304.
2024-02-06 16:55:07,910 - tensor([2239, 7957, 8608], device='cuda:0')
2024-02-06 16:55:07,911 - Classification Fails.
2024-02-06 16:55:07,911 - Link Generation Succeeds.
2024-02-06 16:55:38,163 - Victim node is 6194.
2024-02-06 16:55:38,163 - tensor([1599, 5449, 7620], device='cuda:0')
2024-02-06 16:55:38,164 - Classification Fails.
2024-02-06 16:55:38,164 - Link Generation Fails.
2024-02-06 16:58:30,127 - Victim node is 6673.
2024-02-06 16:58:30,127 - tensor([2239, 4376, 8821], device='cuda:0')
2024-02-06 16:58:30,128 - Classification Succeeds.
2024-02-06 16:58:30,128 - Link Generation Succeeds.
2024-02-06 16:59:00,794 - Victim node is 175.
2024-02-06 16:59:00,794 - tensor([2198, 7764, 7909], device='cuda:0')
2024-02-06 16:59:00,795 - Classification Fails.
2024-02-06 16:59:00,795 - Link Generation Succeeds.
2024-02-06 16:59:30,851 - Victim node is 7027.
2024-02-06 16:59:30,851 - tensor([2144, 6190, 7542], device='cuda:0')
2024-02-06 16:59:30,852 - Classification Fails.
2024-02-06 16:59:30,852 - Link Generation Fails.
2024-02-06 17:02:35,640 - Victim node is 2856.
2024-02-06 17:02:35,640 - tensor([ 593, 2239, 8728], device='cuda:0')
2024-02-06 17:02:35,641 - Classification Succeeds.
2024-02-06 17:02:35,641 - Link Generation Succeeds.
2024-02-06 17:03:05,990 - Victim node is 4753.
2024-02-06 17:03:05,990 - tensor([  16, 6190, 7505], device='cuda:0')
2024-02-06 17:03:05,990 - Classification Fails.
2024-02-06 17:03:05,990 - Link Generation Fails.
2024-02-06 17:03:36,026 - Victim node is 4762.
2024-02-06 17:03:36,026 - tensor([1759, 2260, 4666], device='cuda:0')
2024-02-06 17:03:36,028 - Classification Succeeds.
2024-02-06 17:03:36,028 - Link Generation Fails.
2024-02-06 17:04:06,372 - Victim node is 7015.
2024-02-06 17:04:06,372 - tensor([1600, 5528, 5875], device='cuda:0')
2024-02-06 17:04:06,373 - Classification Succeeds.
2024-02-06 17:04:06,373 - Link Generation Fails.
2024-02-06 17:07:16,887 - Victim node is 527.
2024-02-06 17:07:16,887 - tensor([2239, 8266, 8884], device='cuda:0')
2024-02-06 17:07:16,887 - Classification Succeeds.
2024-02-06 17:07:16,888 - Link Generation Succeeds.
2024-02-06 17:07:47,491 - Victim node is 3329.
2024-02-06 17:07:47,491 - tensor([2198, 2239, 4376], device='cuda:0')
2024-02-06 17:07:47,492 - Classification Succeeds.
2024-02-06 17:07:47,492 - Link Generation Fails.
2024-02-06 17:15:01,953 - Victim node is 358.
2024-02-06 17:15:01,953 - tensor([2239, 7826, 8297], device='cuda:0')
2024-02-06 17:15:01,953 - Classification Succeeds.
2024-02-06 17:15:01,953 - Link Generation Succeeds.
2024-02-06 17:15:35,646 - Victim node is 5695.
2024-02-06 17:15:35,646 - tensor([ 593, 2198, 8572], device='cuda:0')
2024-02-06 17:15:35,646 - Classification Fails.
2024-02-06 17:15:35,647 - Link Generation Succeeds.
2024-02-06 17:16:06,208 - Victim node is 122.
2024-02-06 17:16:06,208 - tensor([6279, 7848, 7849], device='cuda:0')
2024-02-06 17:16:06,209 - Classification Fails.
2024-02-06 17:16:06,209 - Link Generation Succeeds.
2024-02-06 17:16:36,824 - Victim node is 6227.
2024-02-06 17:16:36,824 - tensor([6279, 6662, 7620], device='cuda:0')
2024-02-06 17:16:36,824 - Classification Succeeds.
2024-02-06 17:16:36,824 - Link Generation Fails.
2024-02-06 17:17:08,998 - Victim node is 6474.
2024-02-06 17:17:08,998 - tensor([2198, 7748, 8420], device='cuda:0')
2024-02-06 17:17:08,999 - Classification Fails.
2024-02-06 17:17:08,999 - Link Generation Succeeds.
2024-02-06 17:17:39,009 - Victim node is 6102.
2024-02-06 17:17:39,009 - tensor([3836, 6190, 6662], device='cuda:0')
2024-02-06 17:17:39,010 - Classification Succeeds.
2024-02-06 17:17:39,010 - Link Generation Fails.
2024-02-06 17:18:12,354 - Victim node is 2505.
2024-02-06 17:18:12,354 - tensor([ 593, 2198, 2239], device='cuda:0')
2024-02-06 17:18:12,355 - Classification Succeeds.
2024-02-06 17:18:12,355 - Link Generation Fails.
2024-02-06 17:18:43,196 - Victim node is 6652.
2024-02-06 17:18:43,196 - tensor([1374, 1599, 5449], device='cuda:0')
2024-02-06 17:18:43,196 - Classification Fails.
2024-02-06 17:18:43,196 - Link Generation Fails.
2024-02-06 17:19:13,881 - Victim node is 641.
2024-02-06 17:19:13,881 - tensor([1759, 2260, 7620], device='cuda:0')
2024-02-06 17:19:13,881 - Classification Fails.
2024-02-06 17:19:13,881 - Link Generation Fails.
2024-02-06 17:19:44,317 - Victim node is 752.
2024-02-06 17:19:44,319 - tensor([ 593, 2198, 2239], device='cuda:0')
2024-02-06 17:19:44,319 - Classification Fails.
2024-02-06 17:19:44,319 - Link Generation Fails.
2024-02-06 17:20:17,571 - Victim node is 6438.
2024-02-06 17:20:17,571 - tensor([6130, 7460, 7620], device='cuda:0')
2024-02-06 17:20:17,572 - Classification Fails.
2024-02-06 17:20:17,572 - Link Generation Fails.
2024-02-06 17:20:50,675 - Victim node is 2186.
2024-02-06 17:20:50,675 - tensor([ 593, 2198, 2239], device='cuda:0')
2024-02-06 17:20:50,675 - Classification Fails.
2024-02-06 17:20:50,675 - Link Generation Fails.
2024-02-06 17:21:22,867 - Victim node is 2393.
2024-02-06 17:21:22,867 - tensor([2198, 2239, 8657], device='cuda:0')
2024-02-06 17:21:22,867 - Classification Succeeds.
2024-02-06 17:21:22,867 - Link Generation Succeeds.
2024-02-06 17:24:44,842 - Victim node is 3077.
2024-02-06 17:24:44,843 - tensor([ 593, 2239, 8279], device='cuda:0')
2024-02-06 17:24:44,844 - Classification Fails.
2024-02-06 17:24:44,844 - Link Generation Succeeds.
2024-02-06 17:25:36,099 - Victim node is 2445.
2024-02-06 17:25:36,099 - tensor([2198, 2239, 4376], device='cuda:0')
2024-02-06 17:25:36,100 - Classification Succeeds.
2024-02-06 17:25:36,100 - Link Generation Fails.
2024-02-06 17:26:09,093 - Victim node is 5943.
2024-02-06 17:26:09,093 - tensor([ 593, 2198, 8108], device='cuda:0')
2024-02-06 17:26:09,094 - Classification Succeeds.
2024-02-06 17:26:09,094 - Link Generation Succeeds.
2024-02-06 17:33:52,636 - Victim node is 6892.
2024-02-06 17:33:52,636 - tensor([8354, 8368, 9066], device='cuda:0')
2024-02-06 17:33:52,636 - Classification Succeeds.
2024-02-06 17:33:52,637 - Link Generation Succeeds.
2024-02-06 17:34:24,277 - Victim node is 3153.
2024-02-06 17:34:24,277 - tensor([7664, 7693, 7694], device='cuda:0')
2024-02-06 17:34:24,277 - Classification Succeeds.
2024-02-06 17:34:24,278 - Link Generation Succeeds.
2024-02-06 17:34:55,625 - Victim node is 5310.
2024-02-06 17:34:55,625 - tensor([4663, 6130, 7620], device='cuda:0')
2024-02-06 17:34:55,625 - Classification Succeeds.
2024-02-06 17:34:55,626 - Link Generation Fails.
2024-02-06 17:40:50,212 - Victim node is 3671.
2024-02-06 17:40:50,212 - tensor([ 593, 8462, 8482], device='cuda:0')
2024-02-06 17:40:50,212 - Classification Fails.
2024-02-06 17:40:50,212 - Link Generation Succeeds.
2024-02-06 17:41:20,870 - Victim node is 6386.
2024-02-06 17:41:20,870 - tensor([2198, 4666, 4805], device='cuda:0')
2024-02-06 17:41:20,870 - Classification Fails.
2024-02-06 17:41:20,871 - Link Generation Fails.
2024-02-06 17:41:51,782 - Victim node is 1839.
2024-02-06 17:41:51,782 - tensor([7680, 7701, 7729], device='cuda:0')
2024-02-06 17:41:51,782 - Classification Fails.
2024-02-06 17:41:51,782 - Link Generation Succeeds.
2024-02-06 17:42:22,695 - Victim node is 6742.
2024-02-06 17:42:22,695 - tensor([1136, 5526, 6279], device='cuda:0')
2024-02-06 17:42:22,695 - Classification Fails.
2024-02-06 17:42:22,695 - Link Generation Fails.
2024-02-06 17:42:53,628 - Victim node is 6950.
2024-02-06 17:42:53,628 - tensor([6190, 7177, 7333], device='cuda:0')
2024-02-06 17:42:53,629 - Classification Succeeds.
2024-02-06 17:42:53,629 - Link Generation Fails.
2024-02-06 17:43:24,553 - Victim node is 442.
2024-02-06 17:43:24,553 - tensor([1969, 4960, 7620], device='cuda:0')
2024-02-06 17:43:24,553 - Classification Fails.
2024-02-06 17:43:24,553 - Link Generation Fails.
2024-02-06 17:43:54,633 - Victim node is 4663.
2024-02-06 17:43:54,634 - tensor([6068, 6130, 7620], device='cuda:0')
2024-02-06 17:43:54,634 - Classification Succeeds.
2024-02-06 17:43:54,634 - Link Generation Fails.
2024-02-06 17:44:24,785 - Victim node is 6091.
2024-02-06 17:44:24,786 - tensor([1599, 7620, 7651], device='cuda:0')
2024-02-06 17:44:24,786 - Classification Fails.
2024-02-06 17:44:24,786 - Link Generation Succeeds.
2024-02-06 17:44:51,588 - Victim node is 4838.
2024-02-06 17:44:51,588 - tensor([4663, 6130, 7620], device='cuda:0')
2024-02-06 17:44:51,589 - Classification Succeeds.
2024-02-06 17:44:51,589 - Link Generation Fails.
2024-02-06 17:45:23,664 - Victim node is 1739.
2024-02-06 17:45:23,664 - tensor([ 593, 2198, 2239], device='cuda:0')
2024-02-06 17:45:23,664 - Classification Fails.
2024-02-06 17:45:23,664 - Link Generation Fails.
2024-02-06 17:45:53,674 - Victim node is 166.
2024-02-06 17:45:53,674 - tensor([5449, 6662, 7620], device='cuda:0')
2024-02-06 17:45:53,674 - Classification Fails.
2024-02-06 17:45:53,674 - Link Generation Fails.
2024-02-06 17:46:24,644 - Victim node is 1983.
2024-02-06 17:46:24,644 - tensor([1136, 6279, 7620], device='cuda:0')
2024-02-06 17:46:24,644 - Classification Fails.
2024-02-06 17:46:24,644 - Link Generation Fails.
2024-02-06 17:46:55,057 - Victim node is 2570.
2024-02-06 17:46:55,057 - tensor([2198, 2239, 4376], device='cuda:0')
2024-02-06 17:46:55,058 - Classification Succeeds.
2024-02-06 17:46:55,058 - Link Generation Fails.
2024-02-06 17:54:34,867 - Victim node is 3438.
2024-02-06 17:54:34,869 - tensor([7836, 8342, 8356], device='cuda:0')
2024-02-06 17:54:34,869 - Classification Succeeds.
2024-02-06 17:54:34,869 - Link Generation Succeeds.
2024-02-06 17:55:49,538 - Victim node is 2914.
2024-02-06 17:55:49,538 - tensor([3383, 7620, 7723], device='cuda:0')
2024-02-06 17:55:49,538 - Classification Succeeds.
2024-02-06 17:55:49,539 - Link Generation Succeeds.
2024-02-06 17:56:22,362 - Victim node is 3189.
2024-02-06 17:56:22,363 - tensor([2198, 7877, 8422], device='cuda:0')
2024-02-06 17:56:22,363 - Classification Fails.
2024-02-06 17:56:22,363 - Link Generation Succeeds.
2024-02-06 17:56:52,186 - Victim node is 7397.
2024-02-06 17:56:52,186 - tensor([2198, 2239, 4376], device='cuda:0')
2024-02-06 17:56:52,186 - Classification Fails.
2024-02-06 17:56:52,186 - Link Generation Fails.
2024-02-06 18:04:11,638 - Victim node is 3962.
2024-02-06 18:04:11,638 - tensor([ 593, 2239, 8311], device='cuda:0')
2024-02-06 18:04:11,638 - Classification Fails.
2024-02-06 18:04:11,638 - Link Generation Succeeds.
2024-02-06 18:04:45,895 - Victim node is 3920.
2024-02-06 18:04:45,895 - tensor([ 593, 2198, 2239], device='cuda:0')
2024-02-06 18:04:45,895 - Classification Succeeds.
2024-02-06 18:04:45,895 - Link Generation Fails.
2024-02-06 18:12:21,753 - Victim node is 3225.
2024-02-06 18:12:21,754 - tensor([7841, 8325, 8338], device='cuda:0')
2024-02-06 18:12:21,754 - Classification Succeeds.
2024-02-06 18:12:21,754 - Link Generation Succeeds.
2024-02-06 18:12:52,912 - Victim node is 2452.
2024-02-06 18:12:52,912 - tensor([3383, 7668, 7711], device='cuda:0')
2024-02-06 18:12:52,913 - Classification Succeeds.
2024-02-06 18:12:52,913 - Link Generation Succeeds.
2024-02-06 18:13:23,876 - Victim node is 4789.
2024-02-06 18:13:23,876 - tensor([6190, 7460, 7542], device='cuda:0')
2024-02-06 18:13:23,876 - Classification Fails.
2024-02-06 18:13:23,876 - Link Generation Fails.
2024-02-06 18:20:22,707 - Victim node is 3370.
2024-02-06 18:20:22,707 - tensor([2239, 7841, 8352], device='cuda:0')
2024-02-06 18:20:22,708 - Classification Succeeds.
2024-02-06 18:20:22,708 - Link Generation Succeeds.
2024-02-06 18:20:54,475 - Victim node is 1272.
2024-02-06 18:20:54,475 - tensor([1374, 6279, 6662], device='cuda:0')
2024-02-06 18:20:54,475 - Classification Fails.
2024-02-06 18:20:54,475 - Link Generation Fails.
2024-02-06 18:21:25,757 - Victim node is 2756.
2024-02-06 18:21:25,757 - tensor([1136, 5526, 7833], device='cuda:0')
2024-02-06 18:21:25,758 - Classification Fails.
2024-02-06 18:21:25,758 - Link Generation Succeeds.
2024-02-06 18:28:21,480 - Victim node is 456.
2024-02-06 18:28:21,480 - tensor([ 593, 4384, 5404], device='cuda:0')
2024-02-06 18:28:21,481 - Classification Fails.
2024-02-06 18:28:21,481 - Link Generation Fails.
2024-02-06 18:29:00,334 - Victim node is 86.
2024-02-06 18:29:00,335 - tensor([ 593, 2198, 8372], device='cuda:0')
2024-02-06 18:29:00,335 - Classification Fails.
2024-02-06 18:29:00,335 - Link Generation Succeeds.
2024-02-06 18:29:30,906 - Victim node is 2489.
2024-02-06 18:29:30,906 - tensor([6130, 7460, 7620], device='cuda:0')
2024-02-06 18:29:30,907 - Classification Succeeds.
2024-02-06 18:29:30,907 - Link Generation Fails.
2024-02-06 18:30:01,570 - Victim node is 5306.
2024-02-06 18:30:01,570 - tensor([2198, 2239, 4376], device='cuda:0')
2024-02-06 18:30:01,571 - Classification Fails.
2024-02-06 18:30:01,571 - Link Generation Fails.
2024-02-06 18:30:33,927 - Victim node is 1499.
2024-02-06 18:30:33,927 - tensor([2198, 7733, 8572], device='cuda:0')
2024-02-06 18:30:33,928 - Classification Fails.
2024-02-06 18:30:33,928 - Link Generation Succeeds.
2024-02-06 18:31:05,168 - Victim node is 3972.
2024-02-06 18:31:05,168 - tensor([ 932, 4237, 7460], device='cuda:0')
2024-02-06 18:31:05,168 - Classification Succeeds.
2024-02-06 18:31:05,168 - Link Generation Fails.
2024-02-06 18:31:36,220 - Victim node is 154.
2024-02-06 18:31:36,221 - tensor([2198, 2239, 4376], device='cuda:0')
2024-02-06 18:31:36,221 - Classification Fails.
2024-02-06 18:31:36,221 - Link Generation Fails.
2024-02-06 18:39:04,090 - Victim node is 5007.
2024-02-06 18:39:04,090 - tensor([7841, 8341, 8354], device='cuda:0')
2024-02-06 18:39:04,090 - Classification Succeeds.
2024-02-06 18:39:04,090 - Link Generation Succeeds.
2024-02-06 18:39:35,587 - Victim node is 4796.
2024-02-06 18:39:35,588 - tensor([4129, 6190, 7542], device='cuda:0')
2024-02-06 18:39:35,588 - Classification Fails.
2024-02-06 18:39:35,588 - Link Generation Fails.
2024-02-06 18:40:07,193 - Victim node is 32.
2024-02-06 18:40:07,193 - tensor([3383, 7672, 7698], device='cuda:0')
2024-02-06 18:40:07,194 - Classification Succeeds.
2024-02-06 18:40:07,194 - Link Generation Succeeds.
2024-02-06 18:40:38,488 - Victim node is 4084.
2024-02-06 18:40:38,488 - tensor([2198, 2239, 4376], device='cuda:0')
2024-02-06 18:40:38,490 - Classification Fails.
2024-02-06 18:40:38,490 - Link Generation Fails.
2024-02-06 18:41:09,353 - Victim node is 2083.
2024-02-06 18:41:09,353 - tensor([6130, 6662, 7620], device='cuda:0')
2024-02-06 18:41:09,353 - Classification Succeeds.
2024-02-06 18:41:09,353 - Link Generation Fails.
2024-02-06 18:41:40,644 - Victim node is 3892.
2024-02-06 18:41:40,644 - tensor([1155, 6359, 6662], device='cuda:0')
2024-02-06 18:41:40,644 - Classification Fails.
2024-02-06 18:41:40,644 - Link Generation Fails.
2024-02-06 18:42:12,882 - Victim node is 2473.
2024-02-06 18:42:12,882 - tensor([6130, 6662, 7620], device='cuda:0')
2024-02-06 18:42:12,883 - Classification Succeeds.
2024-02-06 18:42:12,883 - Link Generation Fails.
2024-02-06 18:42:41,594 - Victim node is 4666.
2024-02-06 18:42:41,594 - tensor([ 593, 2198, 2239], device='cuda:0')
2024-02-06 18:42:41,594 - Classification Fails.
2024-02-06 18:42:41,594 - Link Generation Fails.
2024-02-06 18:43:12,603 - Victim node is 2821.
2024-02-06 18:43:12,603 - tensor([2198, 2239, 4376], device='cuda:0')
2024-02-06 18:43:12,603 - Classification Fails.
2024-02-06 18:43:12,603 - Link Generation Fails.
2024-02-06 18:46:32,377 - Victim node is 7465.
2024-02-06 18:46:32,377 - tensor([2198, 8271, 8866], device='cuda:0')
2024-02-06 18:46:32,378 - Classification Succeeds.
2024-02-06 18:46:32,378 - Link Generation Succeeds.
2024-02-06 18:47:06,429 - Victim node is 3712.
2024-02-06 18:47:06,429 - tensor([2198, 7717, 8367], device='cuda:0')
2024-02-06 18:47:06,430 - Classification Fails.
2024-02-06 18:47:06,430 - Link Generation Succeeds.
2024-02-06 18:47:37,171 - Victim node is 7356.
2024-02-06 18:47:37,171 - tensor([1600, 5449, 6279], device='cuda:0')
2024-02-06 18:47:37,171 - Classification Fails.
2024-02-06 18:47:37,171 - Link Generation Fails.
2024-02-06 18:48:08,479 - Victim node is 2824.
2024-02-06 18:48:08,479 - tensor([1136, 1374, 5526], device='cuda:0')
2024-02-06 18:48:08,479 - Classification Fails.
2024-02-06 18:48:08,479 - Link Generation Fails.
2024-02-06 18:48:40,266 - Victim node is 844.
2024-02-06 18:48:40,266 - tensor([3383, 7678, 7689], device='cuda:0')
2024-02-06 18:48:40,267 - Classification Fails.
2024-02-06 18:48:40,267 - Link Generation Succeeds.
2024-02-06 18:49:11,636 - Victim node is 54.
2024-02-06 18:49:11,636 - tensor([1136, 5526, 7620], device='cuda:0')
2024-02-06 18:49:11,637 - Classification Fails.
2024-02-06 18:49:11,637 - Link Generation Fails.
2024-02-06 18:56:54,730 - Victim node is 5459.
2024-02-06 18:56:54,730 - tensor([ 593, 8350, 8364], device='cuda:0')
2024-02-06 18:56:54,730 - Classification Succeeds.
2024-02-06 18:56:54,730 - Link Generation Succeeds.
2024-02-06 19:04:33,231 - Victim node is 7046.
2024-02-06 19:04:33,231 - tensor([2239, 7831, 8303], device='cuda:0')
2024-02-06 19:04:33,231 - Classification Succeeds.
2024-02-06 19:04:33,231 - Link Generation Succeeds.
2024-02-06 19:05:04,578 - Victim node is 7615.
2024-02-06 19:05:04,579 - tensor([2818, 6662, 7620], device='cuda:0')
2024-02-06 19:05:04,579 - Classification Fails.
2024-02-06 19:05:04,579 - Link Generation Fails.
2024-02-06 19:05:34,874 - Victim node is 773.
2024-02-06 19:05:34,874 - tensor([1599, 5875, 6662], device='cuda:0')
2024-02-06 19:05:34,874 - Classification Fails.
2024-02-06 19:05:34,874 - Link Generation Fails.
2024-02-06 19:06:04,972 - Victim node is 3041.
2024-02-06 19:06:04,972 - tensor([1599, 6662, 7620], device='cuda:0')
2024-02-06 19:06:04,972 - Classification Fails.
2024-02-06 19:06:04,973 - Link Generation Fails.
2024-02-06 19:06:35,880 - Victim node is 1909.
2024-02-06 19:06:35,880 - tensor([1136, 6662, 7620], device='cuda:0')
2024-02-06 19:06:35,880 - Classification Fails.
2024-02-06 19:06:35,880 - Link Generation Fails.
2024-02-06 19:09:51,475 - Victim node is 6951.
2024-02-06 19:09:51,475 - tensor([ 593, 2198, 8288], device='cuda:0')
2024-02-06 19:09:51,475 - Classification Fails.
2024-02-06 19:09:51,476 - Link Generation Succeeds.
2024-02-06 19:11:08,892 - Victim node is 7245.
2024-02-06 19:11:08,892 - tensor([4646, 6279, 7620], device='cuda:0')
2024-02-06 19:11:08,893 - Classification Succeeds.
2024-02-06 19:11:08,893 - Link Generation Fails.
2024-02-06 19:11:39,034 - Victim node is 388.
2024-02-06 19:11:39,034 - tensor([2198, 7806, 8127], device='cuda:0')
2024-02-06 19:11:39,034 - Classification Fails.
2024-02-06 19:11:39,034 - Link Generation Succeeds.
2024-02-06 19:12:09,496 - Victim node is 4833.
2024-02-06 19:12:09,496 - tensor([3200, 4906, 6433], device='cuda:0')
2024-02-06 19:12:09,496 - Classification Succeeds.
2024-02-06 19:12:09,497 - Link Generation Fails.
2024-02-06 19:12:42,151 - Victim node is 3213.
2024-02-06 19:12:42,151 - tensor([2239, 8566, 8585], device='cuda:0')
2024-02-06 19:12:42,151 - Classification Fails.
2024-02-06 19:12:42,152 - Link Generation Succeeds.
2024-02-06 19:13:12,285 - Victim node is 4966.
2024-02-06 19:13:12,285 - tensor([3383, 7460, 7620], device='cuda:0')
2024-02-06 19:13:12,285 - Classification Succeeds.
2024-02-06 19:13:12,286 - Link Generation Fails.
2024-02-06 19:16:38,810 - Victim node is 2201.
2024-02-06 19:16:38,810 - tensor([ 593, 7822, 8274], device='cuda:0')
2024-02-06 19:16:38,811 - Classification Fails.
2024-02-06 19:16:38,811 - Link Generation Succeeds.
2024-02-06 19:17:09,202 - Victim node is 4138.
2024-02-06 19:17:09,202 - tensor([3383, 5823, 7620], device='cuda:0')
2024-02-06 19:17:09,202 - Classification Fails.
2024-02-06 19:17:09,202 - Link Generation Fails.
2024-02-06 19:24:54,107 - Victim node is 7353.
2024-02-06 19:24:54,107 - tensor([7845, 8332, 8345], device='cuda:0')
2024-02-06 19:24:54,107 - Classification Succeeds.
2024-02-06 19:24:54,108 - Link Generation Succeeds.
2024-02-06 19:26:14,176 - Victim node is 4741.
2024-02-06 19:26:14,176 - tensor([1136, 5526, 7620], device='cuda:0')
2024-02-06 19:26:14,177 - Classification Fails.
2024-02-06 19:26:14,177 - Link Generation Fails.
2024-02-06 19:26:43,547 - Victim node is 4563.
2024-02-06 19:26:43,547 - tensor([3383, 5449, 6499], device='cuda:0')
2024-02-06 19:26:43,547 - Classification Succeeds.
2024-02-06 19:26:43,548 - Link Generation Fails.
2024-02-06 19:31:18,010 - Victim node is 1847.
2024-02-06 19:31:18,010 - tensor([7837, 8313, 8327], device='cuda:0')
2024-02-06 19:31:18,011 - Classification Succeeds.
2024-02-06 19:31:18,011 - Link Generation Succeeds.
2024-02-06 19:31:52,420 - Victim node is 5331.
2024-02-06 19:31:52,420 - tensor([1599, 6653, 6662], device='cuda:0')
2024-02-06 19:31:52,421 - Classification Succeeds.
2024-02-06 19:31:52,421 - Link Generation Fails.
2024-02-06 19:32:24,826 - Victim node is 976.
2024-02-06 19:32:24,827 - tensor([2584, 6662, 7177], device='cuda:0')
2024-02-06 19:32:24,827 - Classification Succeeds.
2024-02-06 19:32:24,827 - Link Generation Fails.
2024-02-06 19:32:57,395 - Victim node is 2200.
2024-02-06 19:32:57,395 - tensor([4646, 6130, 7620], device='cuda:0')
2024-02-06 19:32:57,395 - Classification Fails.
2024-02-06 19:32:57,395 - Link Generation Fails.
2024-02-06 19:33:29,057 - Victim node is 4256.
2024-02-06 19:33:29,057 - tensor([1759, 2260, 6662], device='cuda:0')
2024-02-06 19:33:29,058 - Classification Fails.
2024-02-06 19:33:29,058 - Link Generation Fails.
2024-02-06 19:34:03,897 - Victim node is 4991.
2024-02-06 19:34:03,897 - tensor([ 593, 2198, 2239], device='cuda:0')
2024-02-06 19:34:03,898 - Classification Fails.
2024-02-06 19:34:03,898 - Link Generation Fails.
2024-02-06 19:41:36,082 - Victim node is 2340.
2024-02-06 19:41:36,082 - tensor([7835, 8322, 8336], device='cuda:0')
2024-02-06 19:41:36,083 - Classification Succeeds.
2024-02-06 19:41:36,083 - Link Generation Succeeds.
2024-02-06 19:42:42,469 - Victim node is 2533.
2024-02-06 19:42:42,469 - tensor([ 593, 2198, 7729], device='cuda:0')
2024-02-06 19:42:42,470 - Classification Fails.
2024-02-06 19:42:42,470 - Link Generation Succeeds.
2024-02-06 19:43:15,190 - Victim node is 3390.
2024-02-06 19:43:15,190 - tensor([ 593, 2198, 2239], device='cuda:0')
2024-02-06 19:43:15,191 - Classification Fails.
2024-02-06 19:43:15,191 - Link Generation Fails.
2024-02-06 19:43:47,823 - Victim node is 2616.
2024-02-06 19:43:47,823 - tensor([  16, 6190, 7542], device='cuda:0')
2024-02-06 19:43:47,824 - Classification Succeeds.
2024-02-06 19:43:47,824 - Link Generation Fails.
2024-02-06 19:44:20,619 - Victim node is 5271.
2024-02-06 19:44:20,619 - tensor([1599, 6190, 6662], device='cuda:0')
2024-02-06 19:44:20,619 - Classification Fails.
2024-02-06 19:44:20,619 - Link Generation Fails.
2024-02-06 19:47:59,202 - Victim node is 7511.
2024-02-06 19:47:59,202 - tensor([2239, 7821, 8290], device='cuda:0')
2024-02-06 19:47:59,202 - Classification Fails.
2024-02-06 19:47:59,202 - Link Generation Succeeds.
2024-02-06 19:48:32,562 - Victim node is 838.
2024-02-06 19:48:32,562 - tensor([4663, 6130, 7620], device='cuda:0')
2024-02-06 19:48:32,562 - Classification Succeeds.
2024-02-06 19:48:32,562 - Link Generation Fails.
2024-02-06 19:49:04,585 - Victim node is 3017.
2024-02-06 19:49:04,585 - tensor([3383, 6662, 7656], device='cuda:0')
2024-02-06 19:49:04,585 - Classification Succeeds.
2024-02-06 19:49:04,585 - Link Generation Succeeds.
2024-02-06 19:49:36,360 - Victim node is 5028.
2024-02-06 19:49:36,360 - tensor([2260, 4666, 7620], device='cuda:0')
2024-02-06 19:49:36,360 - Classification Fails.
2024-02-06 19:49:36,360 - Link Generation Fails.
2024-02-06 19:50:10,780 - Victim node is 918.
2024-02-06 19:50:10,780 - tensor([6130, 7460, 7620], device='cuda:0')
2024-02-06 19:50:10,781 - Classification Succeeds.
2024-02-06 19:50:10,781 - Link Generation Fails.
2024-02-06 19:58:31,704 - Victim node is 2981.
2024-02-06 19:58:31,705 - tensor([8338, 8352, 9027], device='cuda:0')
2024-02-06 19:58:31,705 - Classification Succeeds.
2024-02-06 19:58:31,705 - Link Generation Succeeds.
2024-02-06 19:59:03,658 - Victim node is 7220.
2024-02-06 19:59:03,659 - tensor([1897, 5130, 6190], device='cuda:0')
2024-02-06 19:59:03,659 - Classification Fails.
2024-02-06 19:59:03,659 - Link Generation Fails.
2024-02-06 20:02:15,427 - Victim node is 3546.
2024-02-06 20:02:15,427 - tensor([ 593, 2239, 8265], device='cuda:0')
2024-02-06 20:02:15,427 - Classification Succeeds.
2024-02-06 20:02:15,427 - Link Generation Succeeds.
2024-02-06 20:02:51,338 - Victim node is 1920.
2024-02-06 20:02:51,338 - tensor([6130, 6662, 7620], device='cuda:0')
2024-02-06 20:02:51,338 - Classification Fails.
2024-02-06 20:02:51,338 - Link Generation Fails.
2024-02-06 20:03:23,291 - Victim node is 5526.
2024-02-06 20:03:23,291 - tensor([3383, 6499, 7362], device='cuda:0')
2024-02-06 20:03:23,291 - Classification Succeeds.
2024-02-06 20:03:23,291 - Link Generation Fails.
2024-02-06 20:03:55,222 - Victim node is 5814.
2024-02-06 20:03:55,222 - tensor([ 526, 4906, 6433], device='cuda:0')
2024-02-06 20:03:55,223 - Classification Succeeds.
2024-02-06 20:03:55,223 - Link Generation Fails.
2024-02-06 20:04:27,364 - Victim node is 7064.
2024-02-06 20:04:27,365 - tensor([1599, 1759, 7620], device='cuda:0')
2024-02-06 20:04:27,365 - Classification Succeeds.
2024-02-06 20:04:27,365 - Link Generation Fails.
2024-02-06 20:04:59,337 - Victim node is 1048.
2024-02-06 20:04:59,337 - tensor([6130, 6662, 7620], device='cuda:0')
2024-02-06 20:04:59,338 - Classification Fails.
2024-02-06 20:04:59,338 - Link Generation Fails.
2024-02-06 20:05:31,323 - Victim node is 1681.
2024-02-06 20:05:31,323 - tensor([4663, 6130, 7620], device='cuda:0')
2024-02-06 20:05:31,323 - Classification Succeeds.
2024-02-06 20:05:31,324 - Link Generation Fails.
2024-02-06 20:06:03,214 - Victim node is 1065.
2024-02-06 20:06:03,214 - tensor([1136, 6662, 7620], device='cuda:0')
2024-02-06 20:06:03,215 - Classification Fails.
2024-02-06 20:06:03,215 - Link Generation Fails.
2024-02-06 20:06:37,426 - Victim node is 4705.
2024-02-06 20:06:37,426 - tensor([4663, 6662, 7620], device='cuda:0')
2024-02-06 20:06:37,426 - Classification Succeeds.
2024-02-06 20:06:37,426 - Link Generation Fails.
2024-02-06 20:07:08,956 - Victim node is 6277.
2024-02-06 20:07:08,956 - tensor([1759, 2260, 4666], device='cuda:0')
2024-02-06 20:07:08,957 - Classification Succeeds.
2024-02-06 20:07:08,957 - Link Generation Fails.
2024-02-06 20:07:40,497 - Victim node is 3045.
2024-02-06 20:07:40,497 - tensor([ 593, 2198, 6702], device='cuda:0')
2024-02-06 20:07:40,497 - Classification Fails.
2024-02-06 20:07:40,497 - Link Generation Fails.
2024-02-06 20:10:55,395 - Victim node is 450.
2024-02-06 20:10:55,395 - tensor([ 593, 7833, 8299], device='cuda:0')
2024-02-06 20:10:55,396 - Classification Succeeds.
2024-02-06 20:10:55,396 - Link Generation Succeeds.
2024-02-06 20:12:02,317 - Victim node is 3252.
2024-02-06 20:12:02,317 - tensor([2239, 7937, 8637], device='cuda:0')
2024-02-06 20:12:02,317 - Classification Succeeds.
2024-02-06 20:12:02,317 - Link Generation Succeeds.
2024-02-06 20:12:35,817 - Victim node is 6029.
2024-02-06 20:12:35,817 - tensor([ 593, 2198, 2239], device='cuda:0')
2024-02-06 20:12:35,818 - Classification Fails.
2024-02-06 20:12:35,818 - Link Generation Fails.
2024-02-06 20:13:06,096 - Victim node is 3212.
2024-02-06 20:13:06,097 - tensor([7740, 7744, 8294], device='cuda:0')
2024-02-06 20:13:06,097 - Classification Fails.
2024-02-06 20:13:06,097 - Link Generation Succeeds.
2024-02-06 20:13:36,573 - Victim node is 4829.
2024-02-06 20:13:36,573 - tensor([1759, 2260, 7716], device='cuda:0')
2024-02-06 20:13:36,573 - Classification Fails.
2024-02-06 20:13:36,573 - Link Generation Succeeds.
2024-02-06 20:14:07,232 - Victim node is 4328.
2024-02-06 20:14:07,232 - tensor([4646, 4663, 7620], device='cuda:0')
2024-02-06 20:14:07,232 - Classification Succeeds.
2024-02-06 20:14:07,232 - Link Generation Fails.
2024-02-06 20:21:42,473 - Victim node is 4097.
2024-02-06 20:21:42,473 - tensor([ 593, 2239, 8358], device='cuda:0')
2024-02-06 20:21:42,474 - Classification Fails.
2024-02-06 20:21:42,474 - Link Generation Succeeds.
2024-02-06 20:22:12,341 - Victim node is 2828.
2024-02-06 20:22:12,341 - tensor([7653, 7654, 7656], device='cuda:0')
2024-02-06 20:22:12,343 - Classification Fails.
2024-02-06 20:22:12,343 - Link Generation Succeeds.
2024-02-06 20:22:43,037 - Victim node is 2975.
2024-02-06 20:22:43,038 - tensor([6130, 6279, 7620], device='cuda:0')
2024-02-06 20:22:43,038 - Classification Fails.
2024-02-06 20:22:43,038 - Link Generation Fails.
2024-02-06 20:30:01,457 - Victim node is 7105.
2024-02-06 20:30:01,457 - tensor([8318, 8331, 8995], device='cuda:0')
2024-02-06 20:30:01,457 - Classification Succeeds.
2024-02-06 20:30:01,458 - Link Generation Succeeds.
2024-02-06 20:39:36,978 - Victim node is 1481.
2024-02-06 20:39:36,978 - tensor([7843, 8353, 8366], device='cuda:0')
2024-02-06 20:39:36,978 - Classification Fails.
2024-02-06 20:39:36,979 - Link Generation Succeeds.
2024-02-06 20:47:15,274 - Victim node is 4672.
2024-02-06 20:47:15,274 - tensor([ 593, 8321, 8335], device='cuda:0')
2024-02-06 20:47:15,275 - Classification Fails.
2024-02-06 20:47:15,275 - Link Generation Succeeds.
2024-02-06 20:47:45,743 - Victim node is 1886.
2024-02-06 20:47:45,743 - tensor([ 593, 2198, 6702], device='cuda:0')
2024-02-06 20:47:45,743 - Classification Fails.
2024-02-06 20:47:45,744 - Link Generation Fails.
2024-02-06 20:48:18,826 - Victim node is 7561.
2024-02-06 20:48:18,826 - tensor([7812, 8239, 8338], device='cuda:0')
2024-02-06 20:48:18,827 - Classification Fails.
2024-02-06 20:48:18,827 - Link Generation Succeeds.
2024-02-06 20:48:51,750 - Victim node is 1100.
2024-02-06 20:48:51,750 - tensor([2198, 7876, 8427], device='cuda:0')
2024-02-06 20:48:51,750 - Classification Succeeds.
2024-02-06 20:48:51,750 - Link Generation Succeeds.
2024-02-06 20:49:22,474 - Victim node is 5922.
2024-02-06 20:49:22,474 - tensor([4663, 6662, 7620], device='cuda:0')
2024-02-06 20:49:22,474 - Classification Succeeds.
2024-02-06 20:49:22,474 - Link Generation Fails.
2024-02-06 20:54:36,858 - Victim node is 7320.
2024-02-06 20:54:36,858 - tensor([7852, 8403, 8419], device='cuda:0')
2024-02-06 20:54:36,859 - Classification Succeeds.
2024-02-06 20:54:36,859 - Link Generation Succeeds.
2024-02-06 21:00:40,184 - Victim node is 2871.
2024-02-06 21:00:40,184 - tensor([2198, 8396, 8410], device='cuda:0')
2024-02-06 21:00:40,185 - Classification Fails.
2024-02-06 21:00:40,185 - Link Generation Succeeds.
2024-02-06 21:01:10,488 - Victim node is 1577.
2024-02-06 21:01:10,488 - tensor([1136, 6190, 6962], device='cuda:0')
2024-02-06 21:01:10,488 - Classification Fails.
2024-02-06 21:01:10,489 - Link Generation Fails.
2024-02-06 21:01:42,754 - Victim node is 4333.
2024-02-06 21:01:42,754 - tensor([7849, 8386, 8506], device='cuda:0')
2024-02-06 21:01:42,754 - Classification Succeeds.
2024-02-06 21:01:42,754 - Link Generation Succeeds.
2024-02-06 21:02:13,302 - Victim node is 5118.
2024-02-06 21:02:13,302 - tensor([6190, 6279, 7542], device='cuda:0')
2024-02-06 21:02:13,302 - Classification Fails.
2024-02-06 21:02:13,302 - Link Generation Fails.
2024-02-06 21:02:45,066 - Victim node is 2414.
2024-02-06 21:02:45,066 - tensor([2198, 7925, 8631], device='cuda:0')
2024-02-06 21:02:45,067 - Classification Fails.
2024-02-06 21:02:45,067 - Link Generation Succeeds.
2024-02-06 21:03:15,222 - Victim node is 6956.
2024-02-06 21:03:15,222 - tensor([1155, 1600, 6359], device='cuda:0')
2024-02-06 21:03:15,223 - Classification Fails.
2024-02-06 21:03:15,223 - Link Generation Fails.
2024-02-06 21:03:47,412 - Victim node is 7224.
2024-02-06 21:03:47,412 - tensor([4646, 6130, 7460], device='cuda:0')
2024-02-06 21:03:47,412 - Classification Succeeds.
2024-02-06 21:03:47,413 - Link Generation Fails.
2024-02-06 21:07:00,715 - Victim node is 1423.
2024-02-06 21:07:00,715 - tensor([7822, 8263, 8875], device='cuda:0')
2024-02-06 21:07:00,717 - Classification Succeeds.
2024-02-06 21:07:00,717 - Link Generation Succeeds.
2024-02-06 21:16:00,081 - Victim node is 5344.
2024-02-06 21:16:00,081 - tensor([7842, 8328, 8341], device='cuda:0')
2024-02-06 21:16:00,082 - Classification Succeeds.
2024-02-06 21:16:00,082 - Link Generation Succeeds.
2024-02-06 21:17:01,291 - Victim node is 6461.
2024-02-06 21:17:01,291 - tensor([7818, 8242, 8338], device='cuda:0')
2024-02-06 21:17:01,292 - Classification Succeeds.
2024-02-06 21:17:01,292 - Link Generation Succeeds.
2024-02-06 21:20:05,100 - Victim node is 5290.
2024-02-06 21:20:05,100 - tensor([2239, 7815, 8262], device='cuda:0')
2024-02-06 21:20:05,100 - Classification Succeeds.
2024-02-06 21:20:05,100 - Link Generation Succeeds.
2024-02-06 21:23:31,417 - Victim node is 3347.
2024-02-06 21:23:31,417 - tensor([2239, 7826, 8281], device='cuda:0')
2024-02-06 21:23:31,417 - Classification Succeeds.
2024-02-06 21:23:31,417 - Link Generation Succeeds.
2024-02-06 21:24:03,135 - Victim node is 6080.
2024-02-06 21:24:03,135 - tensor([3383, 6130, 7620], device='cuda:0')
2024-02-06 21:24:03,135 - Classification Fails.
2024-02-06 21:24:03,135 - Link Generation Fails.
2024-02-06 21:24:33,533 - Victim node is 2775.
2024-02-06 21:24:33,533 - tensor([1759, 4960, 7620], device='cuda:0')
2024-02-06 21:24:33,533 - Classification Fails.
2024-02-06 21:24:33,533 - Link Generation Fails.
2024-02-06 21:25:04,961 - Victim node is 4300.
2024-02-06 21:25:04,961 - tensor([1759, 2260, 7620], device='cuda:0')
2024-02-06 21:25:04,962 - Classification Fails.
2024-02-06 21:25:04,962 - Link Generation Fails.
2024-02-06 21:25:35,274 - Victim node is 860.
2024-02-06 21:25:35,274 - tensor([ 593, 2198, 2239], device='cuda:0')
2024-02-06 21:25:35,275 - Classification Fails.
2024-02-06 21:25:35,275 - Link Generation Fails.
2024-02-06 21:28:47,107 - Victim node is 3983.
2024-02-06 21:28:47,107 - tensor([7831, 8281, 8292], device='cuda:0')
2024-02-06 21:28:47,108 - Classification Fails.
2024-02-06 21:28:47,108 - Link Generation Succeeds.
2024-02-06 21:29:19,379 - Victim node is 2677.
2024-02-06 21:29:19,379 - tensor([2239, 7781, 8664], device='cuda:0')
2024-02-06 21:29:19,380 - Classification Fails.
2024-02-06 21:29:19,380 - Link Generation Succeeds.
2024-02-06 21:34:41,430 - Victim node is 5070.
2024-02-06 21:34:41,430 - tensor([7858, 8398, 8411], device='cuda:0')
2024-02-06 21:34:41,430 - Classification Succeeds.
2024-02-06 21:34:41,430 - Link Generation Succeeds.
2024-02-06 21:35:14,446 - Victim node is 7523.
2024-02-06 21:35:14,446 - tensor([ 593, 2198, 8497], device='cuda:0')
2024-02-06 21:35:14,447 - Classification Fails.
2024-02-06 21:35:14,447 - Link Generation Succeeds.
2024-02-06 21:35:46,872 - Victim node is 1281.
2024-02-06 21:35:46,872 - tensor([2239, 7950, 8864], device='cuda:0')
2024-02-06 21:35:46,872 - Classification Succeeds.
2024-02-06 21:35:46,873 - Link Generation Succeeds.
2024-02-06 21:36:17,826 - Victim node is 617.
2024-02-06 21:36:17,826 - tensor([1155, 1374, 7620], device='cuda:0')
2024-02-06 21:36:17,827 - Classification Fails.
2024-02-06 21:36:17,827 - Link Generation Fails.
2024-02-06 21:36:51,294 - Victim node is 7137.
2024-02-06 21:36:51,294 - tensor([ 593, 2198, 2239], device='cuda:0')
2024-02-06 21:36:51,295 - Classification Fails.
2024-02-06 21:36:51,295 - Link Generation Fails.
2024-02-06 21:39:58,668 - Victim node is 1495.
2024-02-06 21:39:58,668 - tensor([2198, 7990, 8775], device='cuda:0')
2024-02-06 21:39:58,669 - Classification Fails.
2024-02-06 21:39:58,669 - Link Generation Succeeds.
2024-02-06 21:43:08,346 - Victim node is 717.
2024-02-06 21:43:08,346 - tensor([2239, 7970, 8752], device='cuda:0')
2024-02-06 21:43:08,346 - Classification Succeeds.
2024-02-06 21:43:08,346 - Link Generation Succeeds.
2024-02-06 21:43:45,672 - Victim node is 518.
2024-02-06 21:43:45,672 - tensor([2198, 8280, 8296], device='cuda:0')
2024-02-06 21:43:45,672 - Classification Succeeds.
2024-02-06 21:43:45,672 - Link Generation Succeeds.
2024-02-06 21:44:16,290 - Victim node is 6173.
2024-02-06 21:44:16,290 - tensor([1599, 4129, 7620], device='cuda:0')
2024-02-06 21:44:16,291 - Classification Fails.
2024-02-06 21:44:16,291 - Link Generation Fails.
2024-02-06 21:51:31,772 - Victim node is 2299.
2024-02-06 21:51:31,772 - tensor([ 593, 2239, 8332], device='cuda:0')
2024-02-06 21:51:31,772 - Classification Fails.
2024-02-06 21:51:31,772 - Link Generation Succeeds.
2024-02-06 21:52:49,152 - Victim node is 4751.
2024-02-06 21:52:49,152 - tensor([4572, 7704, 7938], device='cuda:0')
2024-02-06 21:52:49,152 - Classification Fails.
2024-02-06 21:52:49,152 - Link Generation Succeeds.
2024-02-06 21:53:19,547 - Victim node is 6914.
2024-02-06 21:53:19,547 - tensor([2198, 2239, 4376], device='cuda:0')
2024-02-06 21:53:19,548 - Classification Fails.
2024-02-06 21:53:19,548 - Link Generation Fails.
2024-02-06 21:53:49,933 - Victim node is 6763.
2024-02-06 21:53:49,933 - tensor([1155, 3383, 6359], device='cuda:0')
2024-02-06 21:53:49,933 - Classification Fails.
2024-02-06 21:53:49,933 - Link Generation Fails.
2024-02-06 21:54:20,819 - Victim node is 4585.
2024-02-06 21:54:20,819 - tensor([5449, 6279, 7620], device='cuda:0')
2024-02-06 21:54:20,820 - Classification Succeeds.
2024-02-06 21:54:20,820 - Link Generation Fails.
2024-02-06 21:54:51,387 - Victim node is 4747.
2024-02-06 21:54:51,387 - tensor([ 593, 2198, 2239], device='cuda:0')
2024-02-06 21:54:51,388 - Classification Fails.
2024-02-06 21:54:51,388 - Link Generation Fails.
2024-02-06 21:55:21,927 - Victim node is 4814.
2024-02-06 21:55:21,928 - tensor([1374, 6279, 6962], device='cuda:0')
2024-02-06 21:55:21,928 - Classification Fails.
2024-02-06 21:55:21,928 - Link Generation Fails.
2024-02-06 21:55:52,189 - Victim node is 910.
2024-02-06 21:55:52,189 - tensor([ 526, 2198, 3578], device='cuda:0')
2024-02-06 21:55:52,189 - Classification Fails.
2024-02-06 21:55:52,189 - Link Generation Fails.
2024-02-06 21:56:22,917 - Victim node is 1768.
2024-02-06 21:56:22,917 - tensor([6433, 7739, 7757], device='cuda:0')
2024-02-06 21:56:22,918 - Classification Fails.
2024-02-06 21:56:22,918 - Link Generation Succeeds.
2024-02-06 22:03:29,779 - Victim node is 5714.
2024-02-06 22:03:29,779 - tensor([2239, 7827, 8293], device='cuda:0')
2024-02-06 22:03:29,780 - Classification Succeeds.
2024-02-06 22:03:29,780 - Link Generation Succeeds.
2024-02-06 22:04:03,838 - Victim node is 4584.
2024-02-06 22:04:03,838 - tensor([ 593, 2198, 2239], device='cuda:0')
2024-02-06 22:04:03,839 - Classification Fails.
2024-02-06 22:04:03,839 - Link Generation Fails.
2024-02-06 22:04:34,894 - Victim node is 7484.
2024-02-06 22:04:34,894 - tensor([  16, 3383, 7620], device='cuda:0')
2024-02-06 22:04:34,894 - Classification Fails.
2024-02-06 22:04:34,894 - Link Generation Fails.
2024-02-06 22:05:07,819 - Victim node is 6009.
2024-02-06 22:05:07,819 - tensor([ 593, 2198, 2239], device='cuda:0')
2024-02-06 22:05:07,820 - Classification Succeeds.
2024-02-06 22:05:07,820 - Link Generation Fails.
2024-02-06 22:05:40,648 - Victim node is 1722.
2024-02-06 22:05:40,650 - tensor([ 593, 2198, 2239], device='cuda:0')
2024-02-06 22:05:40,650 - Classification Fails.
2024-02-06 22:05:40,650 - Link Generation Fails.
2024-02-06 22:06:11,358 - Victim node is 1512.
2024-02-06 22:06:11,358 - tensor([1759, 2260, 4666], device='cuda:0')
2024-02-06 22:06:11,358 - Classification Succeeds.
2024-02-06 22:06:11,358 - Link Generation Fails.
2024-02-06 22:13:32,378 - Victim node is 6047.
2024-02-06 22:13:32,378 - tensor([7839, 8342, 8356], device='cuda:0')
2024-02-06 22:13:32,378 - Classification Fails.
2024-02-06 22:13:32,378 - Link Generation Succeeds.
2024-02-06 22:14:05,064 - Victim node is 580.
2024-02-06 22:14:05,064 - tensor([1136, 2144, 4129], device='cuda:0')
2024-02-06 22:14:05,064 - Classification Fails.
2024-02-06 22:14:05,064 - Link Generation Fails.
2024-02-06 22:14:37,817 - Victim node is 2993.
2024-02-06 22:14:37,818 - tensor([ 593, 2198, 2239], device='cuda:0')
2024-02-06 22:14:37,818 - Classification Fails.
2024-02-06 22:14:37,818 - Link Generation Fails.
2024-02-06 22:18:09,905 - Victim node is 800.
2024-02-06 22:18:09,905 - tensor([7829, 8272, 8284], device='cuda:0')
2024-02-06 22:18:09,905 - Classification Succeeds.
2024-02-06 22:18:09,906 - Link Generation Succeeds.
2024-02-06 22:23:10,521 - Victim node is 2904.
2024-02-06 22:23:10,521 - tensor([ 593, 2239, 8279], device='cuda:0')
2024-02-06 22:23:10,521 - Classification Fails.
2024-02-06 22:23:10,521 - Link Generation Succeeds.
2024-02-06 22:25:45,136 - Victim node is 539.
2024-02-06 22:25:45,137 - tensor([ 593, 2198, 8078], device='cuda:0')
2024-02-06 22:25:45,137 - Classification Fails.
2024-02-06 22:25:45,137 - Link Generation Succeeds.
2024-02-06 22:26:19,099 - Victim node is 382.
2024-02-06 22:26:19,099 - tensor([ 593, 2198, 2239], device='cuda:0')
2024-02-06 22:26:19,099 - Classification Fails.
2024-02-06 22:26:19,100 - Link Generation Fails.
2024-02-06 22:26:50,274 - Victim node is 5988.
2024-02-06 22:26:50,274 - tensor([4663, 6130, 7620], device='cuda:0')
2024-02-06 22:26:50,275 - Classification Succeeds.
2024-02-06 22:26:50,275 - Link Generation Fails.
2024-02-06 22:27:21,272 - Victim node is 2249.
2024-02-06 22:27:21,272 - tensor([1897, 3848, 5130], device='cuda:0')
2024-02-06 22:27:21,272 - Classification Fails.
2024-02-06 22:27:21,273 - Link Generation Fails.
2024-02-06 22:27:53,794 - Victim node is 868.
2024-02-06 22:27:53,795 - tensor([2239, 7941, 8635], device='cuda:0')
2024-02-06 22:27:53,795 - Classification Succeeds.
2024-02-06 22:27:53,795 - Link Generation Succeeds.
2024-02-06 22:28:25,255 - Victim node is 7495.
2024-02-06 22:28:25,255 - tensor([7177, 7683, 7709], device='cuda:0')
2024-02-06 22:28:25,255 - Classification Succeeds.
2024-02-06 22:28:25,255 - Link Generation Succeeds.
2024-02-06 22:32:59,576 - Victim node is 3758.
2024-02-06 22:32:59,576 - tensor([2239, 7828, 8300], device='cuda:0')
2024-02-06 22:32:59,576 - Classification Succeeds.
2024-02-06 22:32:59,576 - Link Generation Succeeds.
2024-02-06 22:33:33,279 - Victim node is 3155.
2024-02-06 22:33:33,279 - tensor([ 593, 2198, 7889], device='cuda:0')
2024-02-06 22:33:33,279 - Classification Fails.
2024-02-06 22:33:33,279 - Link Generation Succeeds.
2024-02-06 22:34:03,679 - Victim node is 6346.
2024-02-06 22:34:03,679 - tensor([7655, 7671, 7711], device='cuda:0')
2024-02-06 22:34:03,681 - Classification Succeeds.
2024-02-06 22:34:03,681 - Link Generation Succeeds.
2024-02-06 22:34:35,543 - Victim node is 342.
2024-02-06 22:34:35,543 - tensor([1374, 1600, 6279], device='cuda:0')
2024-02-06 22:34:35,543 - Classification Fails.
2024-02-06 22:34:35,543 - Link Generation Fails.
2024-02-06 22:35:06,306 - Victim node is 3458.
2024-02-06 22:35:06,307 - tensor([3383, 4960, 7542], device='cuda:0')
2024-02-06 22:35:06,307 - Classification Fails.
2024-02-06 22:35:06,307 - Link Generation Fails.
2024-02-06 22:35:38,785 - Victim node is 5206.
2024-02-06 22:35:38,785 - tensor([ 593, 2198, 8367], device='cuda:0')
2024-02-06 22:35:38,785 - Classification Fails.
2024-02-06 22:35:38,785 - Link Generation Succeeds.
2024-02-06 22:36:10,524 - Victim node is 3798.
2024-02-06 22:36:10,524 - tensor([1759, 2260, 3383], device='cuda:0')
2024-02-06 22:36:10,524 - Classification Succeeds.
2024-02-06 22:36:10,525 - Link Generation Fails.
2024-02-06 22:36:44,246 - Victim node is 3868.
2024-02-06 22:36:44,246 - tensor([2198, 7761, 8500], device='cuda:0')
2024-02-06 22:36:44,246 - Classification Fails.
2024-02-06 22:36:44,247 - Link Generation Succeeds.
2024-02-06 22:37:15,706 - Victim node is 5821.
2024-02-06 22:37:15,706 - tensor([1759, 2260, 7620], device='cuda:0')
2024-02-06 22:37:15,706 - Classification Succeeds.
2024-02-06 22:37:15,706 - Link Generation Fails.
2024-02-06 22:37:46,996 - Victim node is 4192.
2024-02-06 22:37:46,996 - tensor([2168, 6190, 7542], device='cuda:0')
2024-02-06 22:37:46,997 - Classification Fails.
2024-02-06 22:37:46,997 - Link Generation Fails.
2024-02-06 22:38:18,360 - Victim node is 3301.
2024-02-06 22:38:18,360 - tensor([ 593, 2198, 7948], device='cuda:0')
2024-02-06 22:38:18,360 - Classification Succeeds.
2024-02-06 22:38:18,360 - Link Generation Succeeds.
2024-02-06 22:38:48,378 - Victim node is 153.
2024-02-06 22:38:48,379 - tensor([1759, 2250, 2260], device='cuda:0')
2024-02-06 22:38:48,379 - Classification Succeeds.
2024-02-06 22:38:48,379 - Link Generation Fails.
2024-02-06 22:39:20,493 - Victim node is 6101.
2024-02-06 22:39:20,494 - tensor([7711, 7758, 7931], device='cuda:0')
2024-02-06 22:39:20,494 - Classification Fails.
2024-02-06 22:39:20,494 - Link Generation Succeeds.
2024-02-06 22:39:52,743 - Victim node is 5511.
2024-02-06 22:39:52,743 - tensor([2198, 2239, 7764], device='cuda:0')
2024-02-06 22:39:52,744 - Classification Fails.
2024-02-06 22:39:52,744 - Link Generation Succeeds.
2024-02-06 22:40:23,328 - Victim node is 314.
2024-02-06 22:40:23,328 - tensor([4966, 6662, 7620], device='cuda:0')
2024-02-06 22:40:23,329 - Classification Fails.
2024-02-06 22:40:23,329 - Link Generation Fails.
2024-02-06 22:40:56,506 - Victim node is 5373.
2024-02-06 22:40:56,506 - tensor([ 593, 2198, 8516], device='cuda:0')
2024-02-06 22:40:56,506 - Classification Succeeds.
2024-02-06 22:40:56,506 - Link Generation Succeeds.
2024-02-06 22:44:14,226 - Victim node is 2859.
2024-02-06 22:44:14,226 - tensor([2239, 7969, 8745], device='cuda:0')
2024-02-06 22:44:14,227 - Classification Succeeds.
2024-02-06 22:44:14,227 - Link Generation Succeeds.
2024-02-06 22:44:47,950 - Victim node is 293.
2024-02-06 22:44:47,950 - tensor([ 593, 2198, 2239], device='cuda:0')
2024-02-06 22:44:47,951 - Classification Succeeds.
2024-02-06 22:44:47,951 - Link Generation Fails.
2024-02-06 22:45:21,257 - Victim node is 6487.
2024-02-06 22:45:21,257 - tensor([2198, 8651, 8675], device='cuda:0')
2024-02-06 22:45:21,258 - Classification Succeeds.
2024-02-06 22:45:21,258 - Link Generation Succeeds.
2024-02-06 22:45:54,340 - Victim node is 3488.
2024-02-06 22:45:54,340 - tensor([ 593, 2239, 8656], device='cuda:0')
2024-02-06 22:45:54,342 - Classification Succeeds.
2024-02-06 22:45:54,342 - Link Generation Succeeds.
2024-02-06 22:46:27,385 - Victim node is 6211.
2024-02-06 22:46:27,385 - tensor([ 593, 2198, 2239], device='cuda:0')
2024-02-06 22:46:27,386 - Classification Fails.
2024-02-06 22:46:27,386 - Link Generation Fails.
2024-02-06 22:46:58,624 - Victim node is 1119.
2024-02-06 22:46:58,624 - tensor([1155, 3383, 7542], device='cuda:0')
2024-02-06 22:46:58,624 - Classification Fails.
2024-02-06 22:46:58,624 - Link Generation Fails.
2024-02-06 22:47:29,852 - Victim node is 6855.
2024-02-06 22:47:29,852 - tensor([6662, 7713, 7773], device='cuda:0')
2024-02-06 22:47:29,853 - Classification Fails.
2024-02-06 22:47:29,853 - Link Generation Succeeds.
2024-02-06 22:48:01,126 - Victim node is 7050.
2024-02-06 22:48:01,126 - tensor([1600, 3383, 7620], device='cuda:0')
2024-02-06 22:48:01,126 - Classification Succeeds.
2024-02-06 22:48:01,126 - Link Generation Fails.
2024-02-06 22:48:32,281 - Victim node is 1475.
2024-02-06 22:48:32,281 - tensor([1374, 1600, 6130], device='cuda:0')
2024-02-06 22:48:32,282 - Classification Succeeds.
2024-02-06 22:48:32,282 - Link Generation Fails.
2024-02-06 22:56:46,760 - Victim node is 7151.
2024-02-06 22:56:46,760 - tensor([ 593, 8323, 9009], device='cuda:0')
2024-02-06 22:56:46,760 - Classification Succeeds.
2024-02-06 22:56:46,760 - Link Generation Succeeds.
2024-02-06 22:57:19,981 - Victim node is 5729.
2024-02-06 22:57:19,981 - tensor([1136, 1599, 7970], device='cuda:0')
2024-02-06 22:57:19,982 - Classification Succeeds.
2024-02-06 22:57:19,982 - Link Generation Succeeds.
2024-02-06 22:57:51,113 - Victim node is 6653.
2024-02-06 22:57:51,113 - tensor([1136, 5526, 6662], device='cuda:0')
2024-02-06 22:57:51,113 - Classification Fails.
2024-02-06 22:57:51,113 - Link Generation Fails.
2024-02-06 22:58:22,513 - Victim node is 5990.
2024-02-06 22:58:22,513 - tensor([ 593, 2198, 4376], device='cuda:0')
2024-02-06 22:58:22,513 - Classification Fails.
2024-02-06 22:58:22,513 - Link Generation Fails.
2024-02-06 23:04:23,629 - Victim node is 1102.
2024-02-06 23:04:23,629 - tensor([7858, 8410, 8426], device='cuda:0')
2024-02-06 23:04:23,631 - Classification Fails.
2024-02-06 23:04:23,631 - Link Generation Succeeds.
2024-02-06 23:08:21,539 - Victim node is 4735.
2024-02-06 23:08:21,539 - tensor([2198, 8776, 8800], device='cuda:0')
2024-02-06 23:08:21,540 - Classification Fails.
2024-02-06 23:08:21,540 - Link Generation Succeeds.
2024-02-06 23:08:52,898 - Victim node is 1452.
2024-02-06 23:08:52,898 - tensor([1759, 2260, 7620], device='cuda:0')
2024-02-06 23:08:52,898 - Classification Succeeds.
2024-02-06 23:08:52,898 - Link Generation Fails.
2024-02-06 23:09:26,047 - Victim node is 2143.
2024-02-06 23:09:26,047 - tensor([ 593, 2198, 2239], device='cuda:0')
2024-02-06 23:09:26,047 - Classification Fails.
2024-02-06 23:09:26,047 - Link Generation Fails.
2024-02-06 23:12:55,215 - Victim node is 607.
2024-02-06 23:12:55,215 - tensor([2198, 7806, 8758], device='cuda:0')
2024-02-06 23:12:55,216 - Classification Succeeds.
2024-02-06 23:12:55,216 - Link Generation Succeeds.
2024-02-06 23:13:27,838 - Victim node is 1318.
2024-02-06 23:13:27,839 - tensor([ 593, 2198, 2239], device='cuda:0')
2024-02-06 23:13:27,839 - Classification Fails.
2024-02-06 23:13:27,839 - Link Generation Fails.
2024-02-06 23:13:59,356 - Victim node is 3572.
2024-02-06 23:13:59,356 - tensor([1897, 5130, 6190], device='cuda:0')
2024-02-06 23:13:59,356 - Classification Fails.
2024-02-06 23:13:59,356 - Link Generation Fails.
2024-02-06 23:14:33,167 - Victim node is 3930.
2024-02-06 23:14:33,167 - tensor([2198, 2239, 8710], device='cuda:0')
2024-02-06 23:14:33,167 - Classification Fails.
2024-02-06 23:14:33,167 - Link Generation Succeeds.
2024-02-06 23:15:05,210 - Victim node is 6332.
2024-02-06 23:15:05,210 - tensor([6190, 6662, 6962], device='cuda:0')
2024-02-06 23:15:05,211 - Classification Fails.
2024-02-06 23:15:05,211 - Link Generation Fails.
2024-02-06 23:15:37,050 - Victim node is 6559.
2024-02-06 23:15:37,050 - tensor([1759, 6130, 7620], device='cuda:0')
2024-02-06 23:15:37,050 - Classification Fails.
2024-02-06 23:15:37,050 - Link Generation Fails.
2024-02-06 23:16:08,706 - Victim node is 3463.
2024-02-06 23:16:08,706 - tensor([3383, 7620, 7772], device='cuda:0')
2024-02-06 23:16:08,706 - Classification Succeeds.
2024-02-06 23:16:08,706 - Link Generation Succeeds.
2024-02-06 23:16:40,449 - Victim node is 1.
2024-02-06 23:16:40,450 - tensor([ 593, 2198, 2239], device='cuda:0')
2024-02-06 23:16:40,450 - Classification Fails.
2024-02-06 23:16:40,450 - Link Generation Fails.
2024-02-06 23:17:14,330 - Victim node is 4036.
2024-02-06 23:17:14,330 - tensor([ 593, 2198, 2239], device='cuda:0')
2024-02-06 23:17:14,330 - Classification Fails.
2024-02-06 23:17:14,331 - Link Generation Fails.
2024-02-06 23:17:45,627 - Victim node is 3941.
2024-02-06 23:17:45,627 - tensor([1600, 2731, 6279], device='cuda:0')
2024-02-06 23:17:45,628 - Classification Fails.
2024-02-06 23:17:45,628 - Link Generation Fails.
2024-02-06 23:18:17,567 - Victim node is 5719.
2024-02-06 23:18:17,567 - tensor([ 593, 2198, 2239], device='cuda:0')
2024-02-06 23:18:17,567 - Classification Fails.
2024-02-06 23:18:17,568 - Link Generation Fails.
2024-02-06 23:18:49,583 - Victim node is 825.
2024-02-06 23:18:49,584 - tensor([3383, 7683, 7704], device='cuda:0')
2024-02-06 23:18:49,584 - Classification Fails.
2024-02-06 23:18:49,584 - Link Generation Succeeds.
2024-02-06 23:19:21,642 - Victim node is 1664.
2024-02-06 23:19:21,642 - tensor([3383, 6068, 7177], device='cuda:0')
2024-02-06 23:19:21,643 - Classification Fails.
2024-02-06 23:19:21,643 - Link Generation Fails.
2024-02-06 23:22:52,413 - Victim node is 312.
2024-02-06 23:22:52,414 - tensor([4376, 7824, 8268], device='cuda:0')
2024-02-06 23:22:52,414 - Classification Succeeds.
2024-02-06 23:22:52,414 - Link Generation Succeeds.
2024-02-06 23:24:18,422 - Victim node is 4507.
2024-02-06 23:24:18,422 - tensor([2198, 2239, 4376], device='cuda:0')
2024-02-06 23:24:18,422 - Classification Succeeds.
2024-02-06 23:24:18,422 - Link Generation Fails.
2024-02-06 23:25:44,919 - Victim node is 5004.
2024-02-06 23:25:44,919 - tensor([2198, 2239, 4376], device='cuda:0')
2024-02-06 23:25:44,919 - Classification Fails.
2024-02-06 23:25:44,919 - Link Generation Fails.
2024-02-06 23:26:16,432 - Victim node is 4165.
2024-02-06 23:26:16,432 - tensor([3383, 6130, 7620], device='cuda:0')
2024-02-06 23:26:16,432 - Classification Fails.
2024-02-06 23:26:16,432 - Link Generation Fails.
2024-02-06 23:26:48,215 - Victim node is 5596.
2024-02-06 23:26:48,216 - tensor([1759, 6662, 7620], device='cuda:0')
2024-02-06 23:26:48,216 - Classification Succeeds.
2024-02-06 23:26:48,216 - Link Generation Fails.
2024-02-06 23:27:19,816 - Victim node is 7145.
2024-02-06 23:27:19,816 - tensor([1759, 7620, 7670], device='cuda:0')
2024-02-06 23:27:19,816 - Classification Succeeds.
2024-02-06 23:27:19,816 - Link Generation Succeeds.
2024-02-06 23:30:42,952 - Victim node is 1022.
2024-02-06 23:30:42,952 - tensor([ 593, 7982, 8813], device='cuda:0')
2024-02-06 23:30:42,952 - Classification Succeeds.
2024-02-06 23:30:42,953 - Link Generation Succeeds.
2024-02-06 23:31:13,917 - Victim node is 4798.
2024-02-06 23:31:13,917 - tensor([7542, 7651, 7654], device='cuda:0')
2024-02-06 23:31:13,918 - Classification Succeeds.
2024-02-06 23:31:13,918 - Link Generation Succeeds.
2024-02-06 23:31:44,251 - Victim node is 1123.
2024-02-06 23:31:44,252 - tensor([4646, 6433, 7620], device='cuda:0')
2024-02-06 23:31:44,252 - Classification Succeeds.
2024-02-06 23:31:44,252 - Link Generation Fails.
2024-02-06 23:32:14,508 - Victim node is 937.
2024-02-06 23:32:14,508 - tensor([1136, 1374, 5526], device='cuda:0')
2024-02-06 23:32:14,508 - Classification Fails.
2024-02-06 23:32:14,508 - Link Generation Fails.
2024-02-06 23:32:44,770 - Victim node is 2982.
2024-02-06 23:32:44,770 - tensor([2584, 5472, 6190], device='cuda:0')
2024-02-06 23:32:44,771 - Classification Fails.
2024-02-06 23:32:44,771 - Link Generation Fails.
2024-02-06 23:33:14,868 - Victim node is 525.
2024-02-06 23:33:14,868 - tensor([2198, 2239, 4805], device='cuda:0')
2024-02-06 23:33:14,868 - Classification Succeeds.
2024-02-06 23:33:14,868 - Link Generation Fails.
2024-02-06 23:33:44,998 - Victim node is 1340.
2024-02-06 23:33:44,998 - tensor([4663, 6130, 7620], device='cuda:0')
2024-02-06 23:33:44,998 - Classification Succeeds.
2024-02-06 23:33:44,998 - Link Generation Fails.
2024-02-06 23:34:15,666 - Victim node is 6123.
2024-02-06 23:34:15,666 - tensor([ 593, 2198, 2239], device='cuda:0')
2024-02-06 23:34:15,667 - Classification Fails.
2024-02-06 23:34:15,667 - Link Generation Fails.
2024-02-06 23:42:08,541 - Victim node is 6971.
2024-02-06 23:42:08,541 - tensor([7857, 8395, 8409], device='cuda:0')
2024-02-06 23:42:08,541 - Classification Succeeds.
2024-02-06 23:42:08,541 - Link Generation Succeeds.
2024-02-06 23:42:41,887 - Victim node is 1035.
2024-02-06 23:42:41,887 - tensor([4663, 6130, 7620], device='cuda:0')
2024-02-06 23:42:41,887 - Classification Succeeds.
2024-02-06 23:42:41,887 - Link Generation Fails.
2024-02-06 23:43:11,979 - Victim node is 4470.
2024-02-06 23:43:11,979 - tensor([6190, 6662, 6962], device='cuda:0')
2024-02-06 23:43:11,979 - Classification Succeeds.
2024-02-06 23:43:11,979 - Link Generation Fails.
2024-02-06 23:43:43,965 - Victim node is 3620.
2024-02-06 23:43:43,965 - tensor([2239, 7932, 8608], device='cuda:0')
2024-02-06 23:43:43,965 - Classification Succeeds.
2024-02-06 23:43:43,965 - Link Generation Succeeds.
2024-02-06 23:44:14,313 - Victim node is 2405.
2024-02-06 23:44:14,313 - tensor([ 593, 2198, 2239], device='cuda:0')
2024-02-06 23:44:14,313 - Classification Fails.
2024-02-06 23:44:14,313 - Link Generation Fails.
2024-02-06 23:44:46,483 - Victim node is 2476.
2024-02-06 23:44:46,483 - tensor([ 593, 2239, 8647], device='cuda:0')
2024-02-06 23:44:46,484 - Classification Succeeds.
2024-02-06 23:44:46,484 - Link Generation Succeeds.
2024-02-06 23:45:16,525 - Victim node is 1348.
2024-02-06 23:45:16,525 - tensor([ 526, 2863, 6433], device='cuda:0')
2024-02-06 23:45:16,525 - Classification Fails.
2024-02-06 23:45:16,525 - Link Generation Fails.
2024-02-06 23:45:46,412 - Victim node is 1868.
2024-02-06 23:45:46,412 - tensor([1374, 1600, 1897], device='cuda:0')
2024-02-06 23:45:46,412 - Classification Fails.
2024-02-06 23:45:46,412 - Link Generation Fails.
2024-02-06 23:46:17,036 - Victim node is 5081.
2024-02-06 23:46:17,036 - tensor([ 593, 2198, 7834], device='cuda:0')
2024-02-06 23:46:17,037 - Classification Fails.
2024-02-06 23:46:17,037 - Link Generation Succeeds.
2024-02-06 23:46:47,072 - Victim node is 3230.
2024-02-06 23:46:47,073 - tensor([6130, 7460, 7620], device='cuda:0')
2024-02-06 23:46:47,073 - Classification Fails.
2024-02-06 23:46:47,073 - Link Generation Fails.
2024-02-06 23:47:17,281 - Victim node is 253.
2024-02-06 23:47:17,281 - tensor([ 526, 2863, 3578], device='cuda:0')
2024-02-06 23:47:17,281 - Classification Succeeds.
2024-02-06 23:47:17,281 - Link Generation Fails.
2024-02-06 23:47:47,027 - Victim node is 1255.
2024-02-06 23:47:47,027 - tensor([ 481, 4663, 7620], device='cuda:0')
2024-02-06 23:47:47,027 - Classification Succeeds.
2024-02-06 23:47:47,027 - Link Generation Fails.
2024-02-06 23:48:19,613 - Victim node is 1023.
2024-02-06 23:48:19,613 - tensor([7728, 7833, 8283], device='cuda:0')
2024-02-06 23:48:19,614 - Classification Succeeds.
2024-02-06 23:48:19,614 - Link Generation Succeeds.
2024-02-06 23:54:03,920 - Victim node is 2427.
2024-02-06 23:54:03,920 - tensor([7853, 8428, 8442], device='cuda:0')
2024-02-06 23:54:03,920 - Classification Fails.
2024-02-06 23:54:03,920 - Link Generation Succeeds.
2024-02-06 23:54:37,953 - Victim node is 2807.
2024-02-06 23:54:37,953 - tensor([ 593, 2198, 2239], device='cuda:0')
2024-02-06 23:54:37,954 - Classification Succeeds.
2024-02-06 23:54:37,954 - Link Generation Fails.
2024-02-06 23:55:08,364 - Victim node is 2386.
2024-02-06 23:55:08,364 - tensor([1759, 2260, 4960], device='cuda:0')
2024-02-06 23:55:08,365 - Classification Succeeds.
2024-02-06 23:55:08,365 - Link Generation Fails.
2024-02-06 23:55:38,553 - Victim node is 5659.
2024-02-06 23:55:38,553 - tensor([2198, 7755, 7903], device='cuda:0')
2024-02-06 23:55:38,555 - Classification Fails.
2024-02-06 23:55:38,555 - Link Generation Succeeds.
2024-02-06 23:56:08,944 - Victim node is 58.
2024-02-06 23:56:08,945 - tensor([1759, 7460, 7620], device='cuda:0')
2024-02-06 23:56:08,945 - Classification Succeeds.
2024-02-06 23:56:08,945 - Link Generation Fails.
2024-02-07 00:03:29,948 - Victim node is 6183.
2024-02-07 00:03:29,948 - tensor([7835, 8334, 8348], device='cuda:0')
2024-02-07 00:03:29,948 - Classification Succeeds.
2024-02-07 00:03:29,948 - Link Generation Succeeds.
2024-02-07 00:04:00,843 - Victim node is 6771.
2024-02-07 00:04:00,843 - tensor([2818, 6068, 7620], device='cuda:0')
2024-02-07 00:04:00,844 - Classification Fails.
2024-02-07 00:04:00,844 - Link Generation Fails.
2024-02-07 00:11:20,820 - Victim node is 220.
2024-02-07 00:11:20,820 - tensor([7842, 8347, 8361], device='cuda:0')
2024-02-07 00:11:20,820 - Classification Succeeds.
2024-02-07 00:11:20,821 - Link Generation Succeeds.
2024-02-07 00:11:58,307 - Victim node is 7130.
2024-02-07 00:11:58,307 - tensor([2198, 7863, 8341], device='cuda:0')
2024-02-07 00:11:58,307 - Classification Fails.
2024-02-07 00:11:58,307 - Link Generation Succeeds.
2024-02-07 00:12:31,860 - Victim node is 5167.
2024-02-07 00:12:31,860 - tensor([ 593, 2198, 8356], device='cuda:0')
2024-02-07 00:12:31,860 - Classification Succeeds.
2024-02-07 00:12:31,860 - Link Generation Succeeds.
2024-02-07 00:13:04,624 - Victim node is 4216.
2024-02-07 00:13:04,624 - tensor([2198, 7768, 8578], device='cuda:0')
2024-02-07 00:13:04,624 - Classification Fails.
2024-02-07 00:13:04,624 - Link Generation Succeeds.
2024-02-07 00:13:35,284 - Victim node is 5920.
2024-02-07 00:13:35,284 - tensor([1600, 5449, 6279], device='cuda:0')
2024-02-07 00:13:35,285 - Classification Succeeds.
2024-02-07 00:13:35,285 - Link Generation Fails.
2024-02-07 00:14:06,506 - Victim node is 7165.
2024-02-07 00:14:06,506 - tensor([1155, 6279, 6359], device='cuda:0')
2024-02-07 00:14:06,506 - Classification Fails.
2024-02-07 00:14:06,506 - Link Generation Fails.
2024-02-07 00:14:36,974 - Victim node is 7246.
2024-02-07 00:14:36,974 - tensor([1759, 2260, 3383], device='cuda:0')
2024-02-07 00:14:36,975 - Classification Succeeds.
2024-02-07 00:14:36,975 - Link Generation Fails.
2024-02-07 00:15:06,823 - Victim node is 4245.
2024-02-07 00:15:06,823 - tensor([1969, 4666, 7620], device='cuda:0')
2024-02-07 00:15:06,823 - Classification Fails.
2024-02-07 00:15:06,823 - Link Generation Fails.
2024-02-07 00:15:39,576 - Victim node is 1241.
2024-02-07 00:15:39,576 - tensor([ 593, 2198, 8188], device='cuda:0')
2024-02-07 00:15:39,576 - Classification Fails.
2024-02-07 00:15:39,576 - Link Generation Succeeds.
2024-02-07 00:16:11,455 - Victim node is 1239.
2024-02-07 00:16:11,455 - tensor([ 593, 2198, 8470], device='cuda:0')
2024-02-07 00:16:11,455 - Classification Fails.
2024-02-07 00:16:11,456 - Link Generation Succeeds.
2024-02-07 00:16:43,506 - Victim node is 3772.
2024-02-07 00:16:43,506 - tensor([2198, 7720, 7793], device='cuda:0')
2024-02-07 00:16:43,506 - Classification Fails.
2024-02-07 00:16:43,506 - Link Generation Succeeds.
2024-02-07 00:17:13,454 - Victim node is 6161.
2024-02-07 00:17:13,454 - tensor([ 593, 2198, 2239], device='cuda:0')
2024-02-07 00:17:13,454 - Classification Fails.
2024-02-07 00:17:13,454 - Link Generation Fails.
2024-02-07 00:17:43,178 - Victim node is 6163.
2024-02-07 00:17:43,178 - tensor([1374, 1897, 5130], device='cuda:0')
2024-02-07 00:17:43,178 - Classification Fails.
2024-02-07 00:17:43,178 - Link Generation Fails.
2024-02-07 00:18:16,259 - Victim node is 5478.
2024-02-07 00:18:16,260 - tensor([2198, 7967, 8063], device='cuda:0')
2024-02-07 00:18:16,260 - Classification Fails.
2024-02-07 00:18:16,260 - Link Generation Succeeds.
2024-02-07 00:18:46,858 - Victim node is 348.
2024-02-07 00:18:46,858 - tensor([ 593, 2198, 2239], device='cuda:0')
2024-02-07 00:18:46,858 - Classification Fails.
2024-02-07 00:18:46,859 - Link Generation Fails.
2024-02-07 00:19:16,988 - Victim node is 6384.
2024-02-07 00:19:16,988 - tensor([ 593, 2198, 2239], device='cuda:0')
2024-02-07 00:19:16,988 - Classification Fails.
2024-02-07 00:19:16,988 - Link Generation Fails.
2024-02-07 00:27:30,502 - Victim node is 3856.
2024-02-07 00:27:30,502 - tensor([4376, 7904, 8588], device='cuda:0')
2024-02-07 00:27:30,503 - Classification Fails.
2024-02-07 00:27:30,503 - Link Generation Succeeds.
2024-02-07 00:28:01,987 - Victim node is 6178.
2024-02-07 00:28:01,987 - tensor([2198, 2239, 4376], device='cuda:0')
2024-02-07 00:28:01,987 - Classification Succeeds.
2024-02-07 00:28:01,987 - Link Generation Fails.
2024-02-07 00:28:32,538 - Victim node is 7086.
2024-02-07 00:28:32,538 - tensor([2260, 6130, 7620], device='cuda:0')
2024-02-07 00:28:32,538 - Classification Fails.
2024-02-07 00:28:32,538 - Link Generation Fails.
2024-02-07 00:31:45,948 - Victim node is 5398.
2024-02-07 00:31:45,948 - tensor([ 593, 8290, 8302], device='cuda:0')
2024-02-07 00:31:45,948 - Classification Succeeds.
2024-02-07 00:31:45,949 - Link Generation Succeeds.
2024-02-07 00:33:04,486 - Victim node is 7271.
2024-02-07 00:33:04,486 - tensor([1136, 1599, 7804], device='cuda:0')
2024-02-07 00:33:04,487 - Classification Fails.
2024-02-07 00:33:04,487 - Link Generation Succeeds.
2024-02-07 00:33:36,716 - Victim node is 3040.
2024-02-07 00:33:36,716 - tensor([ 593, 2198, 6702], device='cuda:0')
2024-02-07 00:33:36,717 - Classification Fails.
2024-02-07 00:33:36,717 - Link Generation Fails.
2024-02-07 00:34:09,643 - Victim node is 2748.
2024-02-07 00:34:09,644 - tensor([1599, 6130, 7575], device='cuda:0')
2024-02-07 00:34:09,644 - Classification Succeeds.
2024-02-07 00:34:09,644 - Link Generation Fails.
2024-02-07 00:34:40,166 - Victim node is 7275.
2024-02-07 00:34:40,166 - tensor([6130, 6279, 7620], device='cuda:0')
2024-02-07 00:34:40,166 - Classification Fails.
2024-02-07 00:34:40,166 - Link Generation Fails.
2024-02-07 00:35:10,096 - Victim node is 1976.
2024-02-07 00:35:10,096 - tensor([ 593, 2198, 2239], device='cuda:0')
2024-02-07 00:35:10,097 - Classification Fails.
2024-02-07 00:35:10,097 - Link Generation Fails.
2024-02-07 00:42:35,233 - Victim node is 2650.
2024-02-07 00:42:35,234 - tensor([2239, 7834, 8350], device='cuda:0')
2024-02-07 00:42:35,234 - Classification Fails.
2024-02-07 00:42:35,234 - Link Generation Succeeds.
2024-02-07 00:43:05,410 - Victim node is 6139.
2024-02-07 00:43:05,411 - tensor([4646, 6130, 7620], device='cuda:0')
2024-02-07 00:43:05,411 - Classification Succeeds.
2024-02-07 00:43:05,411 - Link Generation Fails.
2024-02-07 00:43:38,288 - Victim node is 1078.
2024-02-07 00:43:38,288 - tensor([ 593, 2198, 2239], device='cuda:0')
2024-02-07 00:43:38,288 - Classification Fails.
2024-02-07 00:43:38,288 - Link Generation Fails.
2024-02-07 00:44:10,534 - Victim node is 3001.
2024-02-07 00:44:10,534 - tensor([2239, 7959, 8705], device='cuda:0')
2024-02-07 00:44:10,534 - Classification Succeeds.
2024-02-07 00:44:10,534 - Link Generation Succeeds.
2024-02-07 00:44:43,321 - Victim node is 6210.
2024-02-07 00:44:43,321 - tensor([ 593, 2198, 2239], device='cuda:0')
2024-02-07 00:44:43,322 - Classification Fails.
2024-02-07 00:44:43,322 - Link Generation Fails.
2024-02-07 00:47:45,833 - Victim node is 7452.
2024-02-07 00:47:45,833 - tensor([2198, 2239, 7797], device='cuda:0')
2024-02-07 00:47:45,833 - Classification Fails.
2024-02-07 00:47:45,833 - Link Generation Succeeds.
2024-02-07 00:53:40,246 - Victim node is 6887.
2024-02-07 00:53:40,246 - tensor([7854, 8390, 8403], device='cuda:0')
2024-02-07 00:53:40,246 - Classification Succeeds.
2024-02-07 00:53:40,246 - Link Generation Succeeds.
2024-02-07 00:54:16,629 - Victim node is 5446.
2024-02-07 00:54:16,629 - tensor([ 593, 2198, 2239], device='cuda:0')
2024-02-07 00:54:16,629 - Classification Fails.
2024-02-07 00:54:16,631 - Link Generation Fails.
2024-02-07 00:54:47,069 - Victim node is 6270.
2024-02-07 00:54:47,069 - tensor([6279, 6662, 7620], device='cuda:0')
2024-02-07 00:54:47,069 - Classification Succeeds.
2024-02-07 00:54:47,069 - Link Generation Fails.
2024-02-07 00:55:17,516 - Victim node is 3024.
2024-02-07 00:55:17,516 - tensor([1759, 2260, 7620], device='cuda:0')
2024-02-07 00:55:17,517 - Classification Fails.
2024-02-07 00:55:17,517 - Link Generation Fails.
2024-02-07 00:55:49,630 - Victim node is 6596.
2024-02-07 00:55:49,631 - tensor([2239, 7932, 8806], device='cuda:0')
2024-02-07 00:55:49,631 - Classification Succeeds.
2024-02-07 00:55:49,631 - Link Generation Succeeds.
2024-02-07 00:56:20,063 - Victim node is 4140.
2024-02-07 00:56:20,063 - tensor([2198, 2239, 4376], device='cuda:0')
2024-02-07 00:56:20,063 - Classification Fails.
2024-02-07 00:56:20,063 - Link Generation Fails.
2024-02-07 00:56:50,243 - Victim node is 4443.
2024-02-07 00:56:50,243 - tensor([1599, 4129, 7620], device='cuda:0')
2024-02-07 00:56:50,243 - Classification Fails.
2024-02-07 00:56:50,243 - Link Generation Fails.
2024-02-07 00:57:20,148 - Victim node is 3864.
2024-02-07 00:57:20,148 - tensor([1759, 2260, 4666], device='cuda:0')
2024-02-07 00:57:20,149 - Classification Fails.
2024-02-07 00:57:20,149 - Link Generation Fails.
2024-02-07 00:57:50,201 - Victim node is 1204.
2024-02-07 00:57:50,201 - tensor([1600, 6279, 7362], device='cuda:0')
2024-02-07 00:57:50,201 - Classification Fails.
2024-02-07 00:57:50,201 - Link Generation Fails.
2024-02-07 00:58:20,904 - Victim node is 3352.
2024-02-07 00:58:20,904 - tensor([4663, 6662, 7620], device='cuda:0')
2024-02-07 00:58:20,905 - Classification Succeeds.
2024-02-07 00:58:20,905 - Link Generation Fails.
2024-02-07 00:58:50,897 - Victim node is 3727.
2024-02-07 00:58:50,897 - tensor([ 593, 2198, 4376], device='cuda:0')
2024-02-07 00:58:50,897 - Classification Fails.
2024-02-07 00:58:50,898 - Link Generation Fails.
2024-02-07 00:59:23,432 - Victim node is 4695.
2024-02-07 00:59:23,432 - tensor([7714, 7895, 7917], device='cuda:0')
2024-02-07 00:59:23,433 - Classification Succeeds.
2024-02-07 00:59:23,433 - Link Generation Succeeds.
2024-02-07 00:59:56,177 - Victim node is 6737.
2024-02-07 00:59:56,177 - tensor([ 593, 2198, 2239], device='cuda:0')
2024-02-07 00:59:56,177 - Classification Fails.
2024-02-07 00:59:56,177 - Link Generation Fails.
2024-02-07 01:03:02,727 - Victim node is 3295.
2024-02-07 01:03:02,727 - tensor([2198, 8805, 8827], device='cuda:0')
2024-02-07 01:03:02,727 - Classification Succeeds.
2024-02-07 01:03:02,727 - Link Generation Succeeds.
2024-02-07 01:03:33,393 - Victim node is 4181.
2024-02-07 01:03:33,393 - tensor([4552, 7871, 7934], device='cuda:0')
2024-02-07 01:03:33,393 - Classification Fails.
2024-02-07 01:03:33,393 - Link Generation Succeeds.
2024-02-07 01:04:03,612 - Victim node is 2318.
2024-02-07 01:04:03,612 - tensor([1136, 5526, 7620], device='cuda:0')
2024-02-07 01:04:03,612 - Classification Fails.
2024-02-07 01:04:03,612 - Link Generation Fails.
2024-02-07 01:04:34,254 - Victim node is 7045.
2024-02-07 01:04:34,254 - tensor([2198, 2239, 4376], device='cuda:0')
2024-02-07 01:04:34,254 - Classification Succeeds.
2024-02-07 01:04:34,255 - Link Generation Fails.
2024-02-07 01:05:06,273 - Victim node is 3793.
2024-02-07 01:05:06,273 - tensor([2198, 2239, 7740], device='cuda:0')
2024-02-07 01:05:06,274 - Classification Succeeds.
2024-02-07 01:05:06,274 - Link Generation Succeeds.
2024-02-07 01:05:36,415 - Victim node is 3454.
2024-02-07 01:05:36,417 - tensor([3383, 7659, 7716], device='cuda:0')
2024-02-07 01:05:36,417 - Classification Succeeds.
2024-02-07 01:05:36,417 - Link Generation Succeeds.
2024-02-07 01:06:06,793 - Victim node is 1588.
2024-02-07 01:06:06,793 - tensor([1136, 1374, 6279], device='cuda:0')
2024-02-07 01:06:06,793 - Classification Succeeds.
2024-02-07 01:06:06,794 - Link Generation Fails.
2024-02-07 01:06:37,468 - Victim node is 7162.
2024-02-07 01:06:37,468 - tensor([1136, 1374, 6662], device='cuda:0')
2024-02-07 01:06:37,468 - Classification Fails.
2024-02-07 01:06:37,468 - Link Generation Fails.
2024-02-07 01:12:10,407 - Victim node is 2755.
2024-02-07 01:12:10,407 - tensor([7853, 8379, 8393], device='cuda:0')
2024-02-07 01:12:10,407 - Classification Succeeds.
2024-02-07 01:12:10,407 - Link Generation Succeeds.
2024-02-07 01:12:40,893 - Victim node is 5600.
2024-02-07 01:12:40,893 - tensor([6130, 6279, 7620], device='cuda:0')
2024-02-07 01:12:40,894 - Classification Fails.
2024-02-07 01:12:40,894 - Link Generation Fails.
2024-02-07 01:15:53,694 - Victim node is 2541.
2024-02-07 01:15:53,694 - tensor([7831, 8288, 8300], device='cuda:0')
2024-02-07 01:15:53,695 - Classification Succeeds.
2024-02-07 01:15:53,695 - Link Generation Succeeds.
2024-02-07 01:16:24,509 - Victim node is 2153.
2024-02-07 01:16:24,509 - tensor([5449, 6433, 7620], device='cuda:0')
2024-02-07 01:16:24,509 - Classification Fails.
2024-02-07 01:16:24,509 - Link Generation Fails.
2024-02-07 01:16:54,763 - Victim node is 1609.
2024-02-07 01:16:54,763 - tensor([1374, 6279, 7620], device='cuda:0')
2024-02-07 01:16:54,763 - Classification Fails.
2024-02-07 01:16:54,763 - Link Generation Fails.
2024-02-07 01:17:26,671 - Victim node is 2086.
2024-02-07 01:17:26,671 - tensor([ 593, 2198, 2239], device='cuda:0')
2024-02-07 01:17:26,672 - Classification Succeeds.
2024-02-07 01:17:26,672 - Link Generation Fails.
2024-02-07 01:17:56,808 - Victim node is 1220.
2024-02-07 01:17:56,808 - tensor([1374, 6662, 7620], device='cuda:0')
2024-02-07 01:17:56,808 - Classification Fails.
2024-02-07 01:17:56,808 - Link Generation Fails.
2024-02-07 01:26:02,729 - Victim node is 6588.
2024-02-07 01:26:02,729 - tensor([ 593, 2239, 8377], device='cuda:0')
2024-02-07 01:26:02,730 - Classification Fails.
2024-02-07 01:26:02,730 - Link Generation Succeeds.
2024-02-07 01:26:32,990 - Victim node is 2227.
2024-02-07 01:26:32,990 - tensor([3383, 6499, 7362], device='cuda:0')
2024-02-07 01:26:32,991 - Classification Fails.
2024-02-07 01:26:32,991 - Link Generation Fails.
2024-02-07 01:27:03,186 - Victim node is 2865.
2024-02-07 01:27:03,186 - tensor([  16, 2584, 6190], device='cuda:0')
2024-02-07 01:27:03,186 - Classification Succeeds.
2024-02-07 01:27:03,186 - Link Generation Fails.
2024-02-07 01:27:32,997 - Victim node is 3835.
2024-02-07 01:27:32,997 - tensor([ 593, 6190, 7058], device='cuda:0')
2024-02-07 01:27:32,997 - Classification Fails.
2024-02-07 01:27:32,998 - Link Generation Fails.
2024-02-07 01:30:45,978 - Victim node is 7510.
2024-02-07 01:30:45,978 - tensor([ 593, 8291, 8304], device='cuda:0')
2024-02-07 01:30:45,979 - Classification Fails.
2024-02-07 01:30:45,979 - Link Generation Succeeds.
2024-02-07 01:31:17,241 - Victim node is 5583.
2024-02-07 01:31:17,241 - tensor([1759, 2260, 7620], device='cuda:0')
2024-02-07 01:31:17,242 - Classification Succeeds.
2024-02-07 01:31:17,242 - Link Generation Fails.
2024-02-07 01:31:47,710 - Victim node is 257.
2024-02-07 01:31:47,710 - tensor([3383, 7690, 7748], device='cuda:0')
2024-02-07 01:31:47,710 - Classification Fails.
2024-02-07 01:31:47,710 - Link Generation Succeeds.
2024-02-07 01:32:18,163 - Victim node is 2053.
2024-02-07 01:32:18,163 - tensor([1599, 7662, 7681], device='cuda:0')
2024-02-07 01:32:18,163 - Classification Fails.
2024-02-07 01:32:18,163 - Link Generation Succeeds.
2024-02-07 01:32:48,232 - Victim node is 1446.
2024-02-07 01:32:48,232 - tensor([1374, 4663, 7620], device='cuda:0')
2024-02-07 01:32:48,233 - Classification Fails.
2024-02-07 01:32:48,233 - Link Generation Fails.
2024-02-07 01:33:18,038 - Victim node is 4250.
2024-02-07 01:33:18,038 - tensor([3383, 6499, 7460], device='cuda:0')
2024-02-07 01:33:18,040 - Classification Fails.
2024-02-07 01:33:18,040 - Link Generation Fails.
2024-02-07 01:33:47,908 - Victim node is 4813.
2024-02-07 01:33:47,908 - tensor([  16, 6190, 7542], device='cuda:0')
2024-02-07 01:33:47,908 - Classification Fails.
2024-02-07 01:33:47,909 - Link Generation Fails.
2024-02-07 01:34:18,274 - Victim node is 3243.
2024-02-07 01:34:18,274 - tensor([ 593, 2198, 2239], device='cuda:0')
2024-02-07 01:34:18,275 - Classification Succeeds.
2024-02-07 01:34:18,275 - Link Generation Fails.
2024-02-07 01:34:48,499 - Victim node is 3879.
2024-02-07 01:34:48,499 - tensor([6130, 6279, 7620], device='cuda:0')
2024-02-07 01:34:48,499 - Classification Fails.
2024-02-07 01:34:48,499 - Link Generation Fails.
2024-02-07 01:35:18,387 - Victim node is 6935.
2024-02-07 01:35:18,387 - tensor([1374, 4129, 6962], device='cuda:0')
2024-02-07 01:35:18,388 - Classification Fails.
2024-02-07 01:35:18,388 - Link Generation Fails.
2024-02-07 01:35:48,457 - Victim node is 1536.
2024-02-07 01:35:48,457 - tensor([4663, 6130, 7620], device='cuda:0')
2024-02-07 01:35:48,457 - Classification Succeeds.
2024-02-07 01:35:48,457 - Link Generation Fails.
2024-02-07 01:36:21,061 - Victim node is 1628.
2024-02-07 01:36:21,061 - tensor([2239, 7967, 8721], device='cuda:0')
2024-02-07 01:36:21,061 - Classification Succeeds.
2024-02-07 01:36:21,062 - Link Generation Succeeds.
2024-02-07 01:36:51,281 - Victim node is 2760.
2024-02-07 01:36:51,282 - tensor([7660, 7688, 7762], device='cuda:0')
2024-02-07 01:36:51,282 - Classification Fails.
2024-02-07 01:36:51,282 - Link Generation Succeeds.
2024-02-07 01:37:21,537 - Victim node is 6718.
2024-02-07 01:37:21,537 - tensor([1136, 1599, 2818], device='cuda:0')
2024-02-07 01:37:21,537 - Classification Fails.
2024-02-07 01:37:21,537 - Link Generation Fails.
2024-02-07 01:37:51,827 - Victim node is 3785.
2024-02-07 01:37:51,827 - tensor([ 593, 2198, 2239], device='cuda:0')
2024-02-07 01:37:51,827 - Classification Fails.
2024-02-07 01:37:51,827 - Link Generation Fails.
2024-02-07 01:38:24,278 - Victim node is 1069.
2024-02-07 01:38:24,278 - tensor([ 593, 2198, 2239], device='cuda:0')
2024-02-07 01:38:24,279 - Classification Fails.
2024-02-07 01:38:24,279 - Link Generation Fails.
2024-02-07 01:38:56,480 - Victim node is 2440.
2024-02-07 01:38:56,480 - tensor([2198, 7762, 8532], device='cuda:0')
2024-02-07 01:38:56,480 - Classification Fails.
2024-02-07 01:38:56,480 - Link Generation Succeeds.
2024-02-07 01:39:26,257 - Victim node is 1770.
2024-02-07 01:39:26,257 - tensor([3383, 6499, 7362], device='cuda:0')
2024-02-07 01:39:26,257 - Classification Succeeds.
2024-02-07 01:39:26,258 - Link Generation Fails.
2024-02-07 01:39:56,243 - Victim node is 6637.
2024-02-07 01:39:56,243 - tensor([6662, 6962, 7542], device='cuda:0')
2024-02-07 01:39:56,244 - Classification Fails.
2024-02-07 01:39:56,244 - Link Generation Fails.
2024-02-07 01:47:15,767 - Victim node is 3339.
2024-02-07 01:47:15,767 - tensor([ 593, 2239, 8363], device='cuda:0')
2024-02-07 01:47:15,768 - Classification Fails.
2024-02-07 01:47:15,768 - Link Generation Succeeds.
2024-02-07 01:54:33,900 - Victim node is 5505.
2024-02-07 01:54:33,901 - tensor([ 593, 8334, 8348], device='cuda:0')
2024-02-07 01:54:33,901 - Classification Fails.
2024-02-07 01:54:33,901 - Link Generation Succeeds.
2024-02-07 01:55:49,968 - Victim node is 5860.
2024-02-07 01:55:49,968 - tensor([1136, 5526, 7620], device='cuda:0')
2024-02-07 01:55:49,968 - Classification Fails.
2024-02-07 01:55:49,968 - Link Generation Fails.
2024-02-07 01:56:22,419 - Victim node is 445.
2024-02-07 01:56:22,419 - tensor([2239, 7934, 8628], device='cuda:0')
2024-02-07 01:56:22,419 - Classification Succeeds.
2024-02-07 01:56:22,419 - Link Generation Succeeds.
2024-02-07 01:56:55,202 - Victim node is 2488.
2024-02-07 01:56:55,202 - tensor([ 593, 2198, 2239], device='cuda:0')
2024-02-07 01:56:55,202 - Classification Fails.
2024-02-07 01:56:55,202 - Link Generation Fails.
2024-02-07 01:57:27,811 - Victim node is 2954.
2024-02-07 01:57:27,811 - tensor([2198, 7723, 7792], device='cuda:0')
2024-02-07 01:57:27,811 - Classification Fails.
2024-02-07 01:57:27,812 - Link Generation Succeeds.
2024-02-07 01:57:58,019 - Victim node is 1848.
2024-02-07 01:57:58,019 - tensor([6190, 6662, 7542], device='cuda:0')
2024-02-07 01:57:58,020 - Classification Fails.
2024-02-07 01:57:58,020 - Link Generation Fails.
2024-02-07 01:58:28,452 - Victim node is 6363.
2024-02-07 01:58:28,452 - tensor([1759, 2260, 4666], device='cuda:0')
2024-02-07 01:58:28,453 - Classification Fails.
2024-02-07 01:58:28,453 - Link Generation Fails.
2024-02-07 01:58:58,411 - Victim node is 1745.
2024-02-07 01:58:58,411 - tensor([ 593, 2198, 2239], device='cuda:0')
2024-02-07 01:58:58,412 - Classification Fails.
2024-02-07 01:58:58,412 - Link Generation Fails.
2024-02-07 01:59:28,175 - Victim node is 4403.
2024-02-07 01:59:28,175 - tensor([1136, 6662, 7620], device='cuda:0')
2024-02-07 01:59:28,175 - Classification Fails.
2024-02-07 01:59:28,175 - Link Generation Fails.
2024-02-07 01:59:58,353 - Victim node is 1151.
2024-02-07 01:59:58,353 - tensor([1897, 5130, 7542], device='cuda:0')
2024-02-07 01:59:58,353 - Classification Fails.
2024-02-07 01:59:58,354 - Link Generation Fails.
2024-02-07 02:00:31,739 - Victim node is 4650.
2024-02-07 02:00:31,739 - tensor([2198, 7839, 8346], device='cuda:0')
2024-02-07 02:00:31,739 - Classification Succeeds.
2024-02-07 02:00:31,739 - Link Generation Succeeds.
2024-02-07 02:01:04,524 - Victim node is 3429.
2024-02-07 02:01:04,524 - tensor([6279, 6653, 7914], device='cuda:0')
2024-02-07 02:01:04,525 - Classification Succeeds.
2024-02-07 02:01:04,525 - Link Generation Succeeds.
2024-02-07 02:01:34,744 - Victim node is 4460.
2024-02-07 02:01:34,745 - tensor([1759, 2260, 4960], device='cuda:0')
2024-02-07 02:01:34,745 - Classification Succeeds.
2024-02-07 02:01:34,745 - Link Generation Fails.
2024-02-07 02:04:45,913 - Victim node is 5982.
2024-02-07 02:04:45,913 - tensor([2239, 7815, 8266], device='cuda:0')
2024-02-07 02:04:45,914 - Classification Succeeds.
2024-02-07 02:04:45,914 - Link Generation Succeeds.
2024-02-07 02:05:18,214 - Victim node is 114.
2024-02-07 02:05:18,215 - tensor([2198, 8127, 8465], device='cuda:0')
2024-02-07 02:05:18,215 - Classification Fails.
2024-02-07 02:05:18,215 - Link Generation Succeeds.
2024-02-07 02:05:48,491 - Victim node is 2895.
2024-02-07 02:05:48,491 - tensor([1599, 6662, 7620], device='cuda:0')
2024-02-07 02:05:48,492 - Classification Fails.
2024-02-07 02:05:48,492 - Link Generation Fails.
2024-02-07 02:06:19,232 - Victim node is 3536.
2024-02-07 02:06:19,232 - tensor([1759, 2260, 6433], device='cuda:0')
2024-02-07 02:06:19,232 - Classification Fails.
2024-02-07 02:06:19,232 - Link Generation Fails.
2024-02-07 02:06:51,554 - Victim node is 4869.
2024-02-07 02:06:51,554 - tensor([2198, 7743, 7873], device='cuda:0')
2024-02-07 02:06:51,554 - Classification Fails.
2024-02-07 02:06:51,555 - Link Generation Succeeds.
2024-02-07 02:07:21,722 - Victim node is 5270.
2024-02-07 02:07:21,723 - tensor([1599, 1600, 6279], device='cuda:0')
2024-02-07 02:07:21,723 - Classification Succeeds.
2024-02-07 02:07:21,723 - Link Generation Fails.
2024-02-07 02:07:51,925 - Victim node is 7031.
2024-02-07 02:07:51,925 - tensor([6130, 7460, 7620], device='cuda:0')
2024-02-07 02:07:51,926 - Classification Succeeds.
2024-02-07 02:07:51,926 - Link Generation Fails.
2024-02-07 02:08:22,270 - Victim node is 938.
2024-02-07 02:08:22,270 - tensor([ 593, 2198, 6702], device='cuda:0')
2024-02-07 02:08:22,270 - Classification Fails.
2024-02-07 02:08:22,270 - Link Generation Fails.
2024-02-07 02:12:58,756 - Victim node is 283.
2024-02-07 02:12:58,756 - tensor([7839, 8359, 8374], device='cuda:0')
2024-02-07 02:12:58,756 - Classification Fails.
2024-02-07 02:12:58,757 - Link Generation Succeeds.
2024-02-07 02:13:29,050 - Victim node is 5440.
2024-02-07 02:13:29,050 - tensor([4646, 6433, 7620], device='cuda:0')
2024-02-07 02:13:29,050 - Classification Succeeds.
2024-02-07 02:13:29,050 - Link Generation Fails.
2024-02-07 02:16:34,058 - Victim node is 353.
2024-02-07 02:16:34,058 - tensor([2239, 7969, 8753], device='cuda:0')
2024-02-07 02:16:34,058 - Classification Succeeds.
2024-02-07 02:16:34,059 - Link Generation Succeeds.
2024-02-07 02:17:04,465 - Victim node is 3044.
2024-02-07 02:17:04,465 - tensor([3383, 7666, 7698], device='cuda:0')
2024-02-07 02:17:04,465 - Classification Fails.
2024-02-07 02:17:04,466 - Link Generation Succeeds.
2024-02-07 02:17:34,359 - Victim node is 2135.
2024-02-07 02:17:34,359 - tensor([4646, 6130, 7620], device='cuda:0')
2024-02-07 02:17:34,359 - Classification Succeeds.
2024-02-07 02:17:34,361 - Link Generation Fails.
2024-02-07 02:18:04,834 - Victim node is 4655.
2024-02-07 02:18:04,834 - tensor([1600, 3383, 6279], device='cuda:0')
2024-02-07 02:18:04,835 - Classification Fails.
2024-02-07 02:18:04,835 - Link Generation Fails.
2024-02-07 02:18:35,142 - Victim node is 4418.
2024-02-07 02:18:35,142 - tensor([1600, 7460, 7620], device='cuda:0')
2024-02-07 02:18:35,142 - Classification Fails.
2024-02-07 02:18:35,142 - Link Generation Fails.
2024-02-07 02:19:05,308 - Victim node is 2176.
2024-02-07 02:19:05,308 - tensor([1897, 5130, 6190], device='cuda:0')
2024-02-07 02:19:05,308 - Classification Fails.
2024-02-07 02:19:05,308 - Link Generation Fails.
2024-02-07 02:19:35,473 - Victim node is 1147.
2024-02-07 02:19:35,473 - tensor([ 593, 2198, 2239], device='cuda:0')
2024-02-07 02:19:35,474 - Classification Fails.
2024-02-07 02:19:35,474 - Link Generation Fails.
2024-02-07 02:20:05,868 - Victim node is 5122.
2024-02-07 02:20:05,869 - tensor([1759, 6433, 7767], device='cuda:0')
2024-02-07 02:20:05,869 - Classification Fails.
2024-02-07 02:20:05,869 - Link Generation Succeeds.
2024-02-07 02:20:36,173 - Victim node is 1672.
2024-02-07 02:20:36,173 - tensor([1599, 6662, 7620], device='cuda:0')
2024-02-07 02:20:36,173 - Classification Fails.
2024-02-07 02:20:36,173 - Link Generation Fails.
2024-02-07 02:21:08,159 - Victim node is 7553.
2024-02-07 02:21:08,159 - tensor([2198, 7777, 8601], device='cuda:0')
2024-02-07 02:21:08,159 - Classification Fails.
2024-02-07 02:21:08,159 - Link Generation Succeeds.
2024-02-07 02:21:38,786 - Victim node is 5738.
2024-02-07 02:21:38,786 - tensor([7542, 7660, 7779], device='cuda:0')
2024-02-07 02:21:38,786 - Classification Fails.
2024-02-07 02:21:38,786 - Link Generation Succeeds.
2024-02-07 02:22:09,335 - Victim node is 609.
2024-02-07 02:22:09,335 - tensor([1374, 1759, 2260], device='cuda:0')
2024-02-07 02:22:09,336 - Classification Succeeds.
2024-02-07 02:22:09,336 - Link Generation Fails.
2024-02-07 02:29:27,082 - Victim node is 2332.
2024-02-07 02:29:27,083 - tensor([ 593, 8344, 8359], device='cuda:0')
2024-02-07 02:29:27,083 - Classification Fails.
2024-02-07 02:29:27,083 - Link Generation Succeeds.
2024-02-07 02:29:57,325 - Victim node is 1704.
2024-02-07 02:29:57,325 - tensor([3383, 4646, 6433], device='cuda:0')
2024-02-07 02:29:57,326 - Classification Succeeds.
2024-02-07 02:29:57,326 - Link Generation Fails.
2024-02-07 02:30:27,769 - Victim node is 5779.
2024-02-07 02:30:27,769 - tensor([3383, 5356, 7058], device='cuda:0')
2024-02-07 02:30:27,769 - Classification Succeeds.
2024-02-07 02:30:27,770 - Link Generation Fails.
2024-02-07 02:33:40,885 - Victim node is 6582.
2024-02-07 02:33:40,885 - tensor([7833, 8289, 8301], device='cuda:0')
2024-02-07 02:33:40,885 - Classification Succeeds.
2024-02-07 02:33:40,885 - Link Generation Succeeds.
2024-02-07 02:34:12,583 - Victim node is 6106.
2024-02-07 02:34:12,583 - tensor([1374, 6130, 7620], device='cuda:0')
2024-02-07 02:34:12,584 - Classification Fails.
2024-02-07 02:34:12,584 - Link Generation Fails.
2024-02-07 02:34:42,949 - Victim node is 7389.
2024-02-07 02:34:42,950 - tensor([ 526, 3578, 4805], device='cuda:0')
2024-02-07 02:34:42,950 - Classification Fails.
2024-02-07 02:34:42,950 - Link Generation Fails.
2024-02-07 02:35:15,025 - Victim node is 7569.
2024-02-07 02:35:15,025 - tensor([ 593, 2198, 2239], device='cuda:0')
2024-02-07 02:35:15,025 - Classification Fails.
2024-02-07 02:35:15,025 - Link Generation Fails.
2024-02-07 02:35:45,090 - Victim node is 5060.
2024-02-07 02:35:45,090 - tensor([3200, 6433, 7199], device='cuda:0')
2024-02-07 02:35:45,090 - Classification Succeeds.
2024-02-07 02:35:45,091 - Link Generation Fails.
2024-02-07 02:36:15,851 - Victim node is 2899.
2024-02-07 02:36:15,851 - tensor([1759, 2260, 7620], device='cuda:0')
2024-02-07 02:36:15,852 - Classification Fails.
2024-02-07 02:36:15,852 - Link Generation Fails.
2024-02-07 02:41:32,337 - Victim node is 766.
2024-02-07 02:41:32,337 - tensor([ 593, 2239, 4376], device='cuda:0')
2024-02-07 02:41:32,337 - Classification Fails.
2024-02-07 02:41:32,338 - Link Generation Fails.
2024-02-07 02:42:02,960 - Victim node is 1006.
2024-02-07 02:42:02,960 - tensor([ 593, 2198, 6702], device='cuda:0')
2024-02-07 02:42:02,960 - Classification Succeeds.
2024-02-07 02:42:02,961 - Link Generation Fails.
2024-02-07 02:42:36,057 - Victim node is 6611.
2024-02-07 02:42:36,057 - tensor([2198, 7704, 7763], device='cuda:0')
2024-02-07 02:42:36,057 - Classification Fails.
2024-02-07 02:42:36,057 - Link Generation Succeeds.
2024-02-07 02:43:09,130 - Victim node is 1112.
2024-02-07 02:43:09,130 - tensor([ 593, 2198, 8346], device='cuda:0')
2024-02-07 02:43:09,131 - Classification Succeeds.
2024-02-07 02:43:09,131 - Link Generation Succeeds.
2024-02-07 02:43:39,493 - Victim node is 1473.
2024-02-07 02:43:39,494 - tensor([ 593, 2198, 2239], device='cuda:0')
2024-02-07 02:43:39,494 - Classification Fails.
2024-02-07 02:43:39,494 - Link Generation Fails.
2024-02-07 02:44:09,823 - Victim node is 5834.
2024-02-07 02:44:09,823 - tensor([  16, 6190, 7542], device='cuda:0')
2024-02-07 02:44:09,823 - Classification Fails.
2024-02-07 02:44:09,824 - Link Generation Fails.
2024-02-07 02:44:40,178 - Victim node is 5896.
2024-02-07 02:44:40,178 - tensor([1759, 6130, 7620], device='cuda:0')
2024-02-07 02:44:40,178 - Classification Succeeds.
2024-02-07 02:44:40,178 - Link Generation Fails.
2024-02-07 02:45:09,818 - Victim node is 5025.
2024-02-07 02:45:09,818 - tensor([7695, 7773, 7834], device='cuda:0')
2024-02-07 02:45:09,818 - Classification Fails.
2024-02-07 02:45:09,819 - Link Generation Succeeds.
2024-02-07 02:45:39,559 - Victim node is 5394.
2024-02-07 02:45:39,560 - tensor([1600, 6279, 7620], device='cuda:0')
2024-02-07 02:45:39,560 - Classification Succeeds.
2024-02-07 02:45:39,560 - Link Generation Fails.
2024-02-07 02:46:09,885 - Victim node is 2994.
2024-02-07 02:46:09,885 - tensor([3383, 6279, 7620], device='cuda:0')
2024-02-07 02:46:09,886 - Classification Succeeds.
2024-02-07 02:46:09,886 - Link Generation Fails.
2024-02-07 02:46:40,426 - Victim node is 3055.
2024-02-07 02:46:40,426 - tensor([ 593, 2198, 2239], device='cuda:0')
2024-02-07 02:46:40,426 - Classification Succeeds.
2024-02-07 02:46:40,427 - Link Generation Fails.
2024-02-07 02:47:10,185 - Victim node is 6934.
2024-02-07 02:47:10,185 - tensor([1136, 5526, 6662], device='cuda:0')
2024-02-07 02:47:10,185 - Classification Fails.
2024-02-07 02:47:10,185 - Link Generation Fails.
2024-02-07 02:47:10,186 - Misclassification Rate: 0.5680
2024-02-07 02:47:10,186 - Link Generation Rate: 0.3940
