2024-01-30 00:36:02,941 - Victim node is 5535.
2024-01-30 00:36:02,942 - tensor([ 526, 2863, 3578], device='cuda:0')
2024-01-30 00:36:02,944 - Classification Succeeds.
2024-01-30 00:36:02,944 - Link Generation Fails.
2024-01-30 00:36:50,989 - Victim node is 4050.
2024-01-30 00:36:50,989 - tensor([ 593, 6702, 8626], device='cuda:0')
2024-01-30 00:36:50,990 - Classification Fails.
2024-01-30 00:36:50,990 - Link Generation Succeeds.
2024-01-30 00:37:20,485 - Victim node is 1900.
2024-01-30 00:37:20,485 - tensor([5449, 6190, 7460], device='cuda:0')
2024-01-30 00:37:20,485 - Classification Fails.
2024-01-30 00:37:20,485 - Link Generation Fails.
2024-01-30 00:37:49,896 - Victim node is 3248.
2024-01-30 00:37:49,896 - tensor([4646, 6130, 6279], device='cuda:0')
2024-01-30 00:37:49,896 - Classification Succeeds.
2024-01-30 00:37:49,896 - Link Generation Fails.
2024-01-30 00:38:19,083 - Victim node is 2953.
2024-01-30 00:38:19,083 - tensor([4646, 6433, 7620], device='cuda:0')
2024-01-30 00:38:19,083 - Classification Fails.
2024-01-30 00:38:19,083 - Link Generation Fails.
2024-01-30 00:38:48,129 - Victim node is 1192.
2024-01-30 00:38:48,129 - tensor([ 593, 2198, 2239], device='cuda:0')
2024-01-30 00:38:48,129 - Classification Succeeds.
2024-01-30 00:38:48,129 - Link Generation Fails.
2024-01-30 00:39:19,623 - Victim node is 2750.
2024-01-30 00:39:19,624 - tensor([ 593, 2198, 4376], device='cuda:0')
2024-01-30 00:39:19,624 - Classification Fails.
2024-01-30 00:39:19,624 - Link Generation Fails.
2024-01-30 00:39:51,275 - Victim node is 212.
2024-01-30 00:39:51,275 - tensor([ 593, 2198, 2239], device='cuda:0')
2024-01-30 00:39:51,276 - Classification Succeeds.
2024-01-30 00:39:51,276 - Link Generation Fails.
2024-01-30 00:40:23,017 - Victim node is 99.
2024-01-30 00:40:23,017 - tensor([ 593, 6702, 8719], device='cuda:0')
2024-01-30 00:40:23,018 - Classification Succeeds.
2024-01-30 00:40:23,018 - Link Generation Succeeds.
2024-01-30 00:40:51,911 - Victim node is 4336.
2024-01-30 00:40:51,911 - tensor([4646, 6433, 7620], device='cuda:0')
2024-01-30 00:40:51,912 - Classification Succeeds.
2024-01-30 00:40:51,912 - Link Generation Fails.
2024-01-30 00:41:20,756 - Victim node is 4123.
2024-01-30 00:41:20,756 - tensor([1600, 6130, 7620], device='cuda:0')
2024-01-30 00:41:20,757 - Classification Succeeds.
2024-01-30 00:41:20,757 - Link Generation Fails.
2024-01-30 00:41:49,529 - Victim node is 5713.
2024-01-30 00:41:49,529 - tensor([4646, 6433, 7620], device='cuda:0')
2024-01-30 00:41:49,529 - Classification Succeeds.
2024-01-30 00:41:49,529 - Link Generation Fails.
2024-01-30 00:42:18,586 - Victim node is 6355.
2024-01-30 00:42:18,586 - tensor([1374, 2144, 5356], device='cuda:0')
2024-01-30 00:42:18,586 - Classification Fails.
2024-01-30 00:42:18,586 - Link Generation Fails.
2024-01-30 00:42:46,831 - Victim node is 3333.
2024-01-30 00:42:46,831 - tensor([7620, 7655, 7658], device='cuda:0')
2024-01-30 00:42:46,832 - Classification Succeeds.
2024-01-30 00:42:46,832 - Link Generation Succeeds.
2024-01-30 00:43:13,692 - Victim node is 3617.
2024-01-30 00:43:13,692 - tensor([ 593, 2198, 4384], device='cuda:0')
2024-01-30 00:43:13,692 - Classification Fails.
2024-01-30 00:43:13,692 - Link Generation Fails.
2024-01-30 00:43:42,335 - Victim node is 4933.
2024-01-30 00:43:42,335 - tensor([6279, 6433, 7620], device='cuda:0')
2024-01-30 00:43:42,336 - Classification Succeeds.
2024-01-30 00:43:42,336 - Link Generation Fails.
2024-01-30 00:44:10,999 - Victim node is 1720.
2024-01-30 00:44:10,999 - tensor([3383, 7362, 7460], device='cuda:0')
2024-01-30 00:44:10,999 - Classification Succeeds.
2024-01-30 00:44:10,999 - Link Generation Fails.
2024-01-30 00:44:39,696 - Victim node is 3498.
2024-01-30 00:44:39,697 - tensor([ 593, 2198, 2239], device='cuda:0')
2024-01-30 00:44:39,697 - Classification Fails.
2024-01-30 00:44:39,697 - Link Generation Fails.
2024-01-30 00:45:08,547 - Victim node is 5094.
2024-01-30 00:45:08,547 - tensor([6130, 6279, 7620], device='cuda:0')
2024-01-30 00:45:08,547 - Classification Fails.
2024-01-30 00:45:08,547 - Link Generation Fails.
2024-01-30 00:51:11,864 - Victim node is 2229.
2024-01-30 00:51:11,864 - tensor([6702, 7842, 8357], device='cuda:0')
2024-01-30 00:51:11,864 - Classification Succeeds.
2024-01-30 00:51:11,864 - Link Generation Succeeds.
2024-01-30 00:51:40,975 - Victim node is 5791.
2024-01-30 00:51:40,975 - tensor([ 593, 2198, 2239], device='cuda:0')
2024-01-30 00:51:40,976 - Classification Fails.
2024-01-30 00:51:40,976 - Link Generation Fails.
2024-01-30 00:52:12,881 - Victim node is 2509.
2024-01-30 00:52:12,881 - tensor([ 593, 2198, 8620], device='cuda:0')
2024-01-30 00:52:12,882 - Classification Fails.
2024-01-30 00:52:12,882 - Link Generation Succeeds.
2024-01-30 00:52:42,191 - Victim node is 2395.
2024-01-30 00:52:42,191 - tensor([6130, 6279, 7620], device='cuda:0')
2024-01-30 00:52:42,191 - Classification Succeeds.
2024-01-30 00:52:42,191 - Link Generation Fails.
2024-01-30 00:54:44,673 - Victim node is 7537.
2024-01-30 00:54:44,674 - tensor([8258, 8875, 8879], device='cuda:0')
2024-01-30 00:54:44,674 - Classification Succeeds.
2024-01-30 00:54:44,674 - Link Generation Succeeds.
2024-01-30 00:55:18,144 - Victim node is 704.
2024-01-30 00:55:18,146 - tensor([1599, 4663, 7620], device='cuda:0')
2024-01-30 00:55:18,146 - Classification Succeeds.
2024-01-30 00:55:18,146 - Link Generation Fails.
2024-01-30 00:55:47,181 - Victim node is 5666.
2024-01-30 00:55:47,181 - tensor([3383, 6130, 7620], device='cuda:0')
2024-01-30 00:55:47,182 - Classification Succeeds.
2024-01-30 00:55:47,182 - Link Generation Fails.
2024-01-30 00:56:16,268 - Victim node is 2561.
2024-01-30 00:56:16,268 - tensor([ 593, 2198, 2239], device='cuda:0')
2024-01-30 00:56:16,268 - Classification Fails.
2024-01-30 00:56:16,268 - Link Generation Fails.
2024-01-30 00:56:45,239 - Victim node is 5866.
2024-01-30 00:56:45,239 - tensor([ 593, 2198, 6702], device='cuda:0')
2024-01-30 00:56:45,239 - Classification Succeeds.
2024-01-30 00:56:45,239 - Link Generation Fails.
2024-01-30 00:57:18,027 - Victim node is 4012.
2024-01-30 00:57:18,027 - tensor([7783, 7928, 8603], device='cuda:0')
2024-01-30 00:57:18,027 - Classification Fails.
2024-01-30 00:57:18,028 - Link Generation Succeeds.
2024-01-30 00:57:46,739 - Victim node is 3810.
2024-01-30 00:57:46,739 - tensor([1703, 4572, 7177], device='cuda:0')
2024-01-30 00:57:46,739 - Classification Succeeds.
2024-01-30 00:57:46,740 - Link Generation Fails.
2024-01-30 00:58:16,091 - Victim node is 4487.
2024-01-30 00:58:16,091 - tensor([1600, 6130, 7620], device='cuda:0')
2024-01-30 00:58:16,091 - Classification Succeeds.
2024-01-30 00:58:16,092 - Link Generation Fails.
2024-01-30 01:00:13,967 - Victim node is 3072.
2024-01-30 01:00:13,967 - tensor([ 593, 6702, 8255], device='cuda:0')
2024-01-30 01:00:13,968 - Classification Fails.
2024-01-30 01:00:13,968 - Link Generation Succeeds.
2024-01-30 01:00:46,879 - Victim node is 1534.
2024-01-30 01:00:46,879 - tensor([2198, 2239, 7620], device='cuda:0')
2024-01-30 01:00:46,880 - Classification Succeeds.
2024-01-30 01:00:46,880 - Link Generation Fails.
2024-01-30 01:01:16,117 - Victim node is 7080.
2024-01-30 01:01:16,117 - tensor([3383, 7676, 7680], device='cuda:0')
2024-01-30 01:01:16,117 - Classification Fails.
2024-01-30 01:01:16,118 - Link Generation Succeeds.
2024-01-30 01:01:47,854 - Victim node is 4628.
2024-01-30 01:01:47,854 - tensor([2198, 4646, 7620], device='cuda:0')
2024-01-30 01:01:47,854 - Classification Succeeds.
2024-01-30 01:01:47,855 - Link Generation Fails.
2024-01-30 01:05:02,387 - Victim node is 2921.
2024-01-30 01:05:02,387 - tensor([2239, 4376, 8291], device='cuda:0')
2024-01-30 01:05:02,387 - Classification Fails.
2024-01-30 01:05:02,387 - Link Generation Succeeds.
2024-01-30 01:05:31,230 - Victim node is 4360.
2024-01-30 01:05:31,231 - tensor([7651, 7653, 7670], device='cuda:0')
2024-01-30 01:05:31,231 - Classification Succeeds.
2024-01-30 01:05:31,231 - Link Generation Succeeds.
2024-01-30 01:06:02,584 - Victim node is 5576.
2024-01-30 01:06:02,584 - tensor([2198, 8374, 8735], device='cuda:0')
2024-01-30 01:06:02,584 - Classification Succeeds.
2024-01-30 01:06:02,584 - Link Generation Succeeds.
2024-01-30 01:06:34,315 - Victim node is 7493.
2024-01-30 01:06:34,315 - tensor([2198, 7711, 7937], device='cuda:0')
2024-01-30 01:06:34,316 - Classification Fails.
2024-01-30 01:06:34,316 - Link Generation Succeeds.
2024-01-30 01:07:03,225 - Victim node is 2973.
2024-01-30 01:07:03,225 - tensor([ 593, 2198, 2239], device='cuda:0')
2024-01-30 01:07:03,226 - Classification Fails.
2024-01-30 01:07:03,226 - Link Generation Fails.
2024-01-30 01:07:32,231 - Victim node is 6032.
2024-01-30 01:07:32,231 - tensor([6190, 7460, 7542], device='cuda:0')
2024-01-30 01:07:32,231 - Classification Fails.
2024-01-30 01:07:32,231 - Link Generation Fails.
2024-01-30 01:08:01,428 - Victim node is 2692.
2024-01-30 01:08:01,428 - tensor([ 593, 2198, 2239], device='cuda:0')
2024-01-30 01:08:01,428 - Classification Fails.
2024-01-30 01:08:01,428 - Link Generation Fails.
2024-01-30 01:08:33,358 - Victim node is 2676.
2024-01-30 01:08:33,359 - tensor([ 593, 2198, 4376], device='cuda:0')
2024-01-30 01:08:33,359 - Classification Fails.
2024-01-30 01:08:33,359 - Link Generation Fails.
2024-01-30 01:09:02,558 - Victim node is 1750.
2024-01-30 01:09:02,558 - tensor([4646, 6130, 7620], device='cuda:0')
2024-01-30 01:09:02,558 - Classification Succeeds.
2024-01-30 01:09:02,558 - Link Generation Fails.
2024-01-30 01:09:31,431 - Victim node is 5805.
2024-01-30 01:09:31,431 - tensor([3383, 6190, 7620], device='cuda:0')
2024-01-30 01:09:31,432 - Classification Succeeds.
2024-01-30 01:09:31,432 - Link Generation Fails.
2024-01-30 01:10:00,508 - Victim node is 4108.
2024-01-30 01:10:00,508 - tensor([4646, 6279, 7620], device='cuda:0')
2024-01-30 01:10:00,509 - Classification Succeeds.
2024-01-30 01:10:00,509 - Link Generation Fails.
2024-01-30 01:10:29,363 - Victim node is 356.
2024-01-30 01:10:29,363 - tensor([1759, 2260, 4960], device='cuda:0')
2024-01-30 01:10:29,363 - Classification Succeeds.
2024-01-30 01:10:29,363 - Link Generation Fails.
2024-01-30 01:14:32,611 - Victim node is 7054.
2024-01-30 01:14:32,611 - tensor([ 593, 6702, 8388], device='cuda:0')
2024-01-30 01:14:32,612 - Classification Fails.
2024-01-30 01:14:32,612 - Link Generation Succeeds.
2024-01-30 01:15:05,221 - Victim node is 5068.
2024-01-30 01:15:05,221 - tensor([ 593, 2198, 8573], device='cuda:0')
2024-01-30 01:15:05,221 - Classification Fails.
2024-01-30 01:15:05,222 - Link Generation Succeeds.
2024-01-30 01:15:33,622 - Victim node is 4506.
2024-01-30 01:15:33,622 - tensor([7663, 7666, 7674], device='cuda:0')
2024-01-30 01:15:33,622 - Classification Succeeds.
2024-01-30 01:15:33,622 - Link Generation Succeeds.
2024-01-30 01:21:34,319 - Victim node is 4511.
2024-01-30 01:21:34,320 - tensor([8330, 8343, 9003], device='cuda:0')
2024-01-30 01:21:34,320 - Classification Succeeds.
2024-01-30 01:21:34,320 - Link Generation Succeeds.
2024-01-30 01:22:27,356 - Victim node is 405.
2024-01-30 01:22:27,357 - tensor([ 593, 2198, 4376], device='cuda:0')
2024-01-30 01:22:27,357 - Classification Fails.
2024-01-30 01:22:27,357 - Link Generation Fails.
2024-01-30 01:22:56,131 - Victim node is 333.
2024-01-30 01:22:56,131 - tensor([1759, 4666, 7687], device='cuda:0')
2024-01-30 01:22:56,131 - Classification Succeeds.
2024-01-30 01:22:56,132 - Link Generation Succeeds.
2024-01-30 01:23:27,244 - Victim node is 4237.
2024-01-30 01:23:27,244 - tensor([4663, 6130, 7620], device='cuda:0')
2024-01-30 01:23:27,244 - Classification Fails.
2024-01-30 01:23:27,244 - Link Generation Fails.
2024-01-30 01:23:56,313 - Victim node is 6873.
2024-01-30 01:23:56,313 - tensor([5449, 6130, 6279], device='cuda:0')
2024-01-30 01:23:56,313 - Classification Fails.
2024-01-30 01:23:56,313 - Link Generation Fails.
2024-01-30 01:24:25,214 - Victim node is 6535.
2024-01-30 01:24:25,214 - tensor([ 593, 2198, 6702], device='cuda:0')
2024-01-30 01:24:25,215 - Classification Succeeds.
2024-01-30 01:24:25,215 - Link Generation Fails.
2024-01-30 01:24:54,097 - Victim node is 3349.
2024-01-30 01:24:54,097 - tensor([3200, 6433, 7199], device='cuda:0')
2024-01-30 01:24:54,097 - Classification Fails.
2024-01-30 01:24:54,097 - Link Generation Fails.
2024-01-30 01:25:22,881 - Victim node is 330.
2024-01-30 01:25:22,881 - tensor([2923, 6190, 7542], device='cuda:0')
2024-01-30 01:25:22,882 - Classification Succeeds.
2024-01-30 01:25:22,882 - Link Generation Fails.
2024-01-30 01:25:54,340 - Victim node is 5506.
2024-01-30 01:25:54,340 - tensor([2198, 2239, 7620], device='cuda:0')
2024-01-30 01:25:54,340 - Classification Succeeds.
2024-01-30 01:25:54,340 - Link Generation Fails.
2024-01-30 01:26:23,320 - Victim node is 4955.
2024-01-30 01:26:23,321 - tensor([2923, 6190, 7574], device='cuda:0')
2024-01-30 01:26:23,321 - Classification Fails.
2024-01-30 01:26:23,321 - Link Generation Fails.
2024-01-30 01:32:29,267 - Victim node is 3672.
2024-01-30 01:32:29,267 - tensor([2239, 7844, 8367], device='cuda:0')
2024-01-30 01:32:29,267 - Classification Fails.
2024-01-30 01:32:29,267 - Link Generation Succeeds.
2024-01-30 01:32:58,720 - Victim node is 3175.
2024-01-30 01:32:58,720 - tensor([1599, 4663, 6130], device='cuda:0')
2024-01-30 01:32:58,720 - Classification Succeeds.
2024-01-30 01:32:58,720 - Link Generation Fails.
2024-01-30 01:33:30,351 - Victim node is 1596.
2024-01-30 01:33:30,351 - tensor([ 593, 2198, 2239], device='cuda:0')
2024-01-30 01:33:30,352 - Classification Fails.
2024-01-30 01:33:30,352 - Link Generation Fails.
2024-01-30 01:33:59,379 - Victim node is 2131.
2024-01-30 01:33:59,379 - tensor([2863, 4663, 6433], device='cuda:0')
2024-01-30 01:33:59,379 - Classification Fails.
2024-01-30 01:33:59,379 - Link Generation Fails.
2024-01-30 01:39:49,248 - Victim node is 3445.
2024-01-30 01:39:49,248 - tensor([7824, 8293, 8931], device='cuda:0')
2024-01-30 01:39:49,249 - Classification Succeeds.
2024-01-30 01:39:49,249 - Link Generation Succeeds.
2024-01-30 01:40:20,830 - Victim node is 4551.
2024-01-30 01:40:20,830 - tensor([3437, 4906, 6433], device='cuda:0')
2024-01-30 01:40:20,830 - Classification Succeeds.
2024-01-30 01:40:20,830 - Link Generation Fails.
2024-01-30 01:40:52,103 - Victim node is 2001.
2024-01-30 01:40:52,103 - tensor([7769, 7902, 8517], device='cuda:0')
2024-01-30 01:40:52,103 - Classification Fails.
2024-01-30 01:40:52,103 - Link Generation Succeeds.
2024-01-30 01:41:23,452 - Victim node is 2040.
2024-01-30 01:41:23,452 - tensor([2198, 7793, 8647], device='cuda:0')
2024-01-30 01:41:23,452 - Classification Succeeds.
2024-01-30 01:41:23,452 - Link Generation Succeeds.
2024-01-30 01:41:55,088 - Victim node is 6500.
2024-01-30 01:41:55,088 - tensor([2198, 7927, 8607], device='cuda:0')
2024-01-30 01:41:55,089 - Classification Succeeds.
2024-01-30 01:41:55,089 - Link Generation Succeeds.
2024-01-30 01:42:26,564 - Victim node is 1910.
2024-01-30 01:42:26,564 - tensor([ 593, 2198, 4376], device='cuda:0')
2024-01-30 01:42:26,564 - Classification Fails.
2024-01-30 01:42:26,564 - Link Generation Fails.
2024-01-30 01:42:55,664 - Victim node is 1199.
2024-01-30 01:42:55,664 - tensor([ 593, 2198, 2239], device='cuda:0')
2024-01-30 01:42:55,664 - Classification Fails.
2024-01-30 01:42:55,666 - Link Generation Fails.
2024-01-30 01:43:24,067 - Victim node is 7177.
2024-01-30 01:43:24,067 - tensor([ 593, 2198, 4376], device='cuda:0')
2024-01-30 01:43:24,068 - Classification Succeeds.
2024-01-30 01:43:24,068 - Link Generation Fails.
2024-01-30 01:43:53,200 - Victim node is 6472.
2024-01-30 01:43:53,200 - tensor([4663, 6130, 6279], device='cuda:0')
2024-01-30 01:43:53,201 - Classification Succeeds.
2024-01-30 01:43:53,201 - Link Generation Fails.
2024-01-30 01:44:24,669 - Victim node is 6137.
2024-01-30 01:44:24,669 - tensor([ 593, 7917, 8542], device='cuda:0')
2024-01-30 01:44:24,669 - Classification Succeeds.
2024-01-30 01:44:24,670 - Link Generation Succeeds.
2024-01-30 01:44:53,646 - Victim node is 6465.
2024-01-30 01:44:53,646 - tensor([2198, 2239, 4376], device='cuda:0')
2024-01-30 01:44:53,646 - Classification Fails.
2024-01-30 01:44:53,646 - Link Generation Fails.
2024-01-30 01:45:24,606 - Victim node is 160.
2024-01-30 01:45:24,606 - tensor([4646, 6130, 7620], device='cuda:0')
2024-01-30 01:45:24,606 - Classification Succeeds.
2024-01-30 01:45:24,606 - Link Generation Fails.
2024-01-30 01:45:53,439 - Victim node is 6380.
2024-01-30 01:45:53,439 - tensor([2144, 2923, 3383], device='cuda:0')
2024-01-30 01:45:53,439 - Classification Fails.
2024-01-30 01:45:53,439 - Link Generation Fails.
2024-01-30 01:46:22,483 - Victim node is 6912.
2024-01-30 01:46:22,483 - tensor([1759, 2260, 4666], device='cuda:0')
2024-01-30 01:46:22,484 - Classification Succeeds.
2024-01-30 01:46:22,484 - Link Generation Fails.
2024-01-30 01:46:51,366 - Victim node is 2556.
2024-01-30 01:46:51,366 - tensor([ 593, 2198, 4376], device='cuda:0')
2024-01-30 01:46:51,366 - Classification Succeeds.
2024-01-30 01:46:51,366 - Link Generation Fails.
2024-01-30 01:47:19,853 - Victim node is 6356.
2024-01-30 01:47:19,853 - tensor([3383, 4906, 6433], device='cuda:0')
2024-01-30 01:47:19,854 - Classification Succeeds.
2024-01-30 01:47:19,854 - Link Generation Fails.
2024-01-30 01:47:48,682 - Victim node is 2217.
2024-01-30 01:47:48,682 - tensor([1897, 6190, 7460], device='cuda:0')
2024-01-30 01:47:48,683 - Classification Fails.
2024-01-30 01:47:48,683 - Link Generation Fails.
2024-01-30 01:48:17,751 - Victim node is 7146.
2024-01-30 01:48:17,751 - tensor([5449, 6662, 7177], device='cuda:0')
2024-01-30 01:48:17,751 - Classification Fails.
2024-01-30 01:48:17,753 - Link Generation Fails.
2024-01-30 01:48:49,231 - Victim node is 4127.
2024-01-30 01:48:49,231 - tensor([2198, 7878, 8437], device='cuda:0')
2024-01-30 01:48:49,231 - Classification Succeeds.
2024-01-30 01:48:49,231 - Link Generation Succeeds.
2024-01-30 01:49:18,075 - Victim node is 2181.
2024-01-30 01:49:18,076 - tensor([ 932, 7058, 7460], device='cuda:0')
2024-01-30 01:49:18,076 - Classification Fails.
2024-01-30 01:49:18,076 - Link Generation Fails.
2024-01-30 01:49:47,129 - Victim node is 7282.
2024-01-30 01:49:47,129 - tensor([1136, 1374, 5449], device='cuda:0')
2024-01-30 01:49:47,129 - Classification Fails.
2024-01-30 01:49:47,130 - Link Generation Fails.
2024-01-30 01:50:16,897 - Victim node is 5753.
2024-01-30 01:50:16,897 - tensor([ 593, 2198, 2239], device='cuda:0')
2024-01-30 01:50:16,898 - Classification Fails.
2024-01-30 01:50:16,898 - Link Generation Fails.
2024-01-30 01:50:45,696 - Victim node is 681.
2024-01-30 01:50:45,696 - tensor([1374, 1599, 6130], device='cuda:0')
2024-01-30 01:50:45,696 - Classification Fails.
2024-01-30 01:50:45,696 - Link Generation Fails.
2024-01-30 01:51:14,132 - Victim node is 2584.
2024-01-30 01:51:14,132 - tensor([6130, 7620, 7650], device='cuda:0')
2024-01-30 01:51:14,132 - Classification Fails.
2024-01-30 01:51:14,132 - Link Generation Succeeds.
2024-01-30 01:51:42,865 - Victim node is 6508.
2024-01-30 01:51:42,865 - tensor([1600, 4646, 7620], device='cuda:0')
2024-01-30 01:51:42,866 - Classification Succeeds.
2024-01-30 01:51:42,866 - Link Generation Fails.
2024-01-30 01:52:12,395 - Victim node is 5019.
2024-01-30 01:52:12,395 - tensor([1599, 5449, 6279], device='cuda:0')
2024-01-30 01:52:12,396 - Classification Fails.
2024-01-30 01:52:12,396 - Link Generation Fails.
2024-01-30 01:52:41,452 - Victim node is 4945.
2024-01-30 01:52:41,452 - tensor([1374, 6130, 7620], device='cuda:0')
2024-01-30 01:52:41,453 - Classification Fails.
2024-01-30 01:52:41,453 - Link Generation Fails.
2024-01-30 01:53:10,398 - Victim node is 2519.
2024-01-30 01:53:10,398 - tensor([4663, 6130, 7620], device='cuda:0')
2024-01-30 01:53:10,398 - Classification Fails.
2024-01-30 01:53:10,398 - Link Generation Fails.
2024-01-30 01:53:39,384 - Victim node is 3743.
2024-01-30 01:53:39,384 - tensor([2198, 2239, 7912], device='cuda:0')
2024-01-30 01:53:39,384 - Classification Fails.
2024-01-30 01:53:39,385 - Link Generation Succeeds.
2024-01-30 01:54:11,616 - Victim node is 509.
2024-01-30 01:54:11,616 - tensor([2198, 7743, 8292], device='cuda:0')
2024-01-30 01:54:11,617 - Classification Succeeds.
2024-01-30 01:54:11,617 - Link Generation Succeeds.
2024-01-30 01:56:11,858 - Victim node is 4155.
2024-01-30 01:56:11,858 - tensor([ 593, 6702, 8811], device='cuda:0')
2024-01-30 01:56:11,858 - Classification Succeeds.
2024-01-30 01:56:11,858 - Link Generation Succeeds.
2024-01-30 01:56:41,931 - Victim node is 3435.
2024-01-30 01:56:41,931 - tensor([ 481, 4663, 7620], device='cuda:0')
2024-01-30 01:56:41,931 - Classification Succeeds.
2024-01-30 01:56:41,932 - Link Generation Fails.
2024-01-30 01:57:10,277 - Victim node is 4756.
2024-01-30 01:57:10,277 - tensor([1759, 2260, 4960], device='cuda:0')
2024-01-30 01:57:10,278 - Classification Succeeds.
2024-01-30 01:57:10,278 - Link Generation Fails.
2024-01-30 01:57:41,334 - Victim node is 6130.
2024-01-30 01:57:41,334 - tensor([4663, 6190, 7620], device='cuda:0')
2024-01-30 01:57:41,334 - Classification Fails.
2024-01-30 01:57:41,334 - Link Generation Fails.
2024-01-30 01:58:10,414 - Victim node is 1845.
2024-01-30 01:58:10,415 - tensor([1599, 7542, 7731], device='cuda:0')
2024-01-30 01:58:10,415 - Classification Fails.
2024-01-30 01:58:10,415 - Link Generation Succeeds.
2024-01-30 01:58:39,301 - Victim node is 2411.
2024-01-30 01:58:39,301 - tensor([4663, 6130, 7620], device='cuda:0')
2024-01-30 01:58:39,301 - Classification Succeeds.
2024-01-30 01:58:39,301 - Link Generation Fails.
2024-01-30 01:59:08,096 - Victim node is 1601.
2024-01-30 01:59:08,096 - tensor([ 593, 2198, 2239], device='cuda:0')
2024-01-30 01:59:08,097 - Classification Fails.
2024-01-30 01:59:08,097 - Link Generation Fails.
2024-01-30 01:59:36,430 - Victim node is 2305.
2024-01-30 01:59:36,430 - tensor([2144, 6190, 7542], device='cuda:0')
2024-01-30 01:59:36,431 - Classification Succeeds.
2024-01-30 01:59:36,431 - Link Generation Fails.
2024-01-30 02:00:05,610 - Victim node is 5946.
2024-01-30 02:00:05,610 - tensor([1600, 6130, 7620], device='cuda:0')
2024-01-30 02:00:05,610 - Classification Succeeds.
2024-01-30 02:00:05,610 - Link Generation Fails.
2024-01-30 02:00:37,101 - Victim node is 621.
2024-01-30 02:00:37,101 - tensor([2198, 4646, 7620], device='cuda:0')
2024-01-30 02:00:37,101 - Classification Succeeds.
2024-01-30 02:00:37,101 - Link Generation Fails.
2024-01-30 02:01:08,699 - Victim node is 4361.
2024-01-30 02:01:08,699 - tensor([3231, 4663, 6130], device='cuda:0')
2024-01-30 02:01:08,699 - Classification Succeeds.
2024-01-30 02:01:08,699 - Link Generation Fails.
2024-01-30 02:01:37,572 - Victim node is 4995.
2024-01-30 02:01:37,573 - tensor([3383, 7790, 7796], device='cuda:0')
2024-01-30 02:01:37,573 - Classification Fails.
2024-01-30 02:01:37,573 - Link Generation Succeeds.
2024-01-30 02:03:36,054 - Victim node is 411.
2024-01-30 02:03:36,054 - tensor([ 593, 6702, 8769], device='cuda:0')
2024-01-30 02:03:36,054 - Classification Fails.
2024-01-30 02:03:36,055 - Link Generation Succeeds.
2024-01-30 02:04:09,137 - Victim node is 2062.
2024-01-30 02:04:09,137 - tensor([ 593, 2198, 2239], device='cuda:0')
2024-01-30 02:04:09,137 - Classification Fails.
2024-01-30 02:04:09,137 - Link Generation Fails.
2024-01-30 02:06:11,712 - Victim node is 2770.
2024-01-30 02:06:11,712 - tensor([ 593, 7821, 8265], device='cuda:0')
2024-01-30 02:06:11,713 - Classification Succeeds.
2024-01-30 02:06:11,713 - Link Generation Succeeds.
2024-01-30 02:06:42,871 - Victim node is 7039.
2024-01-30 02:06:42,871 - tensor([2198, 2239, 4376], device='cuda:0')
2024-01-30 02:06:42,871 - Classification Fails.
2024-01-30 02:06:42,871 - Link Generation Fails.
2024-01-30 02:07:11,915 - Victim node is 6396.
2024-01-30 02:07:11,915 - tensor([3231, 6279, 7620], device='cuda:0')
2024-01-30 02:07:11,916 - Classification Fails.
2024-01-30 02:07:11,916 - Link Generation Fails.
2024-01-30 02:13:06,105 - Victim node is 372.
2024-01-30 02:13:06,105 - tensor([ 593, 6702, 8321], device='cuda:0')
2024-01-30 02:13:06,105 - Classification Fails.
2024-01-30 02:13:06,106 - Link Generation Succeeds.
2024-01-30 02:21:30,803 - Victim node is 3234.
2024-01-30 02:21:30,803 - tensor([7838, 8345, 8359], device='cuda:0')
2024-01-30 02:21:30,804 - Classification Succeeds.
2024-01-30 02:21:30,804 - Link Generation Succeeds.
2024-01-30 02:22:00,022 - Victim node is 6598.
2024-01-30 02:22:00,022 - tensor([1374, 4663, 7620], device='cuda:0')
2024-01-30 02:22:00,022 - Classification Fails.
2024-01-30 02:22:00,022 - Link Generation Fails.
2024-01-30 02:22:29,414 - Victim node is 7307.
2024-01-30 02:22:29,414 - tensor([ 593, 2198, 2239], device='cuda:0')
2024-01-30 02:22:29,415 - Classification Succeeds.
2024-01-30 02:22:29,415 - Link Generation Fails.
2024-01-30 02:22:58,337 - Victim node is 6590.
2024-01-30 02:22:58,337 - tensor([4906, 6433, 7620], device='cuda:0')
2024-01-30 02:22:58,337 - Classification Fails.
2024-01-30 02:22:58,337 - Link Generation Fails.
2024-01-30 02:23:29,275 - Victim node is 6696.
2024-01-30 02:23:29,275 - tensor([2198, 7746, 8412], device='cuda:0')
2024-01-30 02:23:29,276 - Classification Fails.
2024-01-30 02:23:29,276 - Link Generation Succeeds.
2024-01-30 02:24:01,295 - Victim node is 2193.
2024-01-30 02:24:01,295 - tensor([7740, 7847, 8348], device='cuda:0')
2024-01-30 02:24:01,296 - Classification Succeeds.
2024-01-30 02:24:01,296 - Link Generation Succeeds.
2024-01-30 02:24:32,929 - Victim node is 3612.
2024-01-30 02:24:32,929 - tensor([ 593, 2198, 8543], device='cuda:0')
2024-01-30 02:24:32,929 - Classification Fails.
2024-01-30 02:24:32,929 - Link Generation Succeeds.
2024-01-30 02:25:01,536 - Victim node is 5619.
2024-01-30 02:25:01,537 - tensor([4646, 6130, 7620], device='cuda:0')
2024-01-30 02:25:01,537 - Classification Fails.
2024-01-30 02:25:01,537 - Link Generation Fails.
2024-01-30 02:25:30,475 - Victim node is 4949.
2024-01-30 02:25:30,476 - tensor([ 593, 2198, 6702], device='cuda:0')
2024-01-30 02:25:30,476 - Classification Fails.
2024-01-30 02:25:30,476 - Link Generation Fails.
2024-01-30 02:31:26,919 - Victim node is 669.
2024-01-30 02:31:26,919 - tensor([ 593, 2239, 8314], device='cuda:0')
2024-01-30 02:31:26,919 - Classification Fails.
2024-01-30 02:31:26,920 - Link Generation Succeeds.
2024-01-30 02:32:39,979 - Victim node is 7313.
2024-01-30 02:32:39,980 - tensor([2198, 2239, 4376], device='cuda:0')
2024-01-30 02:32:39,980 - Classification Succeeds.
2024-01-30 02:32:39,980 - Link Generation Fails.
2024-01-30 02:33:08,597 - Victim node is 4720.
2024-01-30 02:33:08,597 - tensor([1600, 2731, 6130], device='cuda:0')
2024-01-30 02:33:08,597 - Classification Succeeds.
2024-01-30 02:33:08,597 - Link Generation Fails.
2024-01-30 02:33:37,207 - Victim node is 5161.
2024-01-30 02:33:37,207 - tensor([3383, 5449, 6499], device='cuda:0')
2024-01-30 02:33:37,207 - Classification Fails.
2024-01-30 02:33:37,208 - Link Generation Fails.
2024-01-30 02:34:06,329 - Victim node is 2879.
2024-01-30 02:34:06,329 - tensor([ 495,  526, 3578], device='cuda:0')
2024-01-30 02:34:06,330 - Classification Fails.
2024-01-30 02:34:06,330 - Link Generation Fails.
2024-01-30 02:34:35,437 - Victim node is 1562.
2024-01-30 02:34:35,437 - tensor([5449, 6130, 7718], device='cuda:0')
2024-01-30 02:34:35,437 - Classification Succeeds.
2024-01-30 02:34:35,437 - Link Generation Succeeds.
2024-01-30 02:35:06,622 - Victim node is 6291.
2024-01-30 02:35:06,622 - tensor([7954, 8670, 8869], device='cuda:0')
2024-01-30 02:35:06,622 - Classification Succeeds.
2024-01-30 02:35:06,622 - Link Generation Succeeds.
2024-01-30 02:35:38,063 - Victim node is 3062.
2024-01-30 02:35:38,063 - tensor([2198, 2239, 7920], device='cuda:0')
2024-01-30 02:35:38,063 - Classification Fails.
2024-01-30 02:35:38,063 - Link Generation Succeeds.
2024-01-30 02:36:09,549 - Victim node is 898.
2024-01-30 02:36:09,549 - tensor([2198, 7841, 8277], device='cuda:0')
2024-01-30 02:36:09,549 - Classification Fails.
2024-01-30 02:36:09,549 - Link Generation Succeeds.
2024-01-30 02:36:38,298 - Victim node is 3000.
2024-01-30 02:36:38,298 - tensor([4237, 7460, 7620], device='cuda:0')
2024-01-30 02:36:38,299 - Classification Fails.
2024-01-30 02:36:38,299 - Link Generation Fails.
2024-01-30 02:42:06,849 - Victim node is 5330.
2024-01-30 02:42:06,849 - tensor([7827, 8312, 9645], device='cuda:0')
2024-01-30 02:42:06,850 - Classification Succeeds.
2024-01-30 02:42:06,850 - Link Generation Succeeds.
2024-01-30 02:43:24,619 - Victim node is 2668.
2024-01-30 02:43:24,620 - tensor([1374, 1600, 5449], device='cuda:0')
2024-01-30 02:43:24,620 - Classification Succeeds.
2024-01-30 02:43:24,620 - Link Generation Fails.
2024-01-30 02:48:38,318 - Victim node is 6098.
2024-01-30 02:48:38,319 - tensor([ 593, 2239, 6702], device='cuda:0')
2024-01-30 02:48:38,319 - Classification Fails.
2024-01-30 02:48:38,319 - Link Generation Fails.
2024-01-30 02:49:09,573 - Victim node is 5181.
2024-01-30 02:49:09,573 - tensor([ 593, 2198, 2239], device='cuda:0')
2024-01-30 02:49:09,574 - Classification Fails.
2024-01-30 02:49:09,574 - Link Generation Fails.
2024-01-30 02:49:38,686 - Victim node is 4226.
2024-01-30 02:49:38,686 - tensor([1374, 6279, 7542], device='cuda:0')
2024-01-30 02:49:38,686 - Classification Fails.
2024-01-30 02:49:38,686 - Link Generation Fails.
2024-01-30 02:50:07,523 - Victim node is 1897.
2024-01-30 02:50:07,523 - tensor([7650, 7651, 7653], device='cuda:0')
2024-01-30 02:50:07,523 - Classification Fails.
2024-01-30 02:50:07,524 - Link Generation Succeeds.
2024-01-30 02:50:36,030 - Victim node is 2715.
2024-01-30 02:50:36,030 - tensor([4237, 7460, 7620], device='cuda:0')
2024-01-30 02:50:36,031 - Classification Succeeds.
2024-01-30 02:50:36,031 - Link Generation Fails.
2024-01-30 02:51:07,180 - Victim node is 7478.
2024-01-30 02:51:07,180 - tensor([ 593, 2198, 4376], device='cuda:0')
2024-01-30 02:51:07,180 - Classification Fails.
2024-01-30 02:51:07,180 - Link Generation Fails.
2024-01-30 02:51:35,961 - Victim node is 5913.
2024-01-30 02:51:35,961 - tensor([1374, 6130, 7620], device='cuda:0')
2024-01-30 02:51:35,961 - Classification Succeeds.
2024-01-30 02:51:35,961 - Link Generation Fails.
2024-01-30 02:52:04,550 - Victim node is 2448.
2024-01-30 02:52:04,550 - tensor([4237, 7460, 7620], device='cuda:0')
2024-01-30 02:52:04,551 - Classification Fails.
2024-01-30 02:52:04,551 - Link Generation Fails.
2024-01-30 02:52:33,183 - Victim node is 2091.
2024-01-30 02:52:33,183 - tensor([11, 16, 17], device='cuda:0')
2024-01-30 02:52:33,184 - Classification Fails.
2024-01-30 02:52:33,184 - Link Generation Fails.
2024-01-30 02:53:04,949 - Victim node is 4731.
2024-01-30 02:53:04,949 - tensor([ 593, 2198, 2239], device='cuda:0')
2024-01-30 02:53:04,950 - Classification Fails.
2024-01-30 02:53:04,950 - Link Generation Fails.
2024-01-30 02:53:36,238 - Victim node is 3105.
2024-01-30 02:53:36,238 - tensor([7947, 8654, 8676], device='cuda:0')
2024-01-30 02:53:36,238 - Classification Succeeds.
2024-01-30 02:53:36,238 - Link Generation Succeeds.
2024-01-30 02:54:05,314 - Victim node is 1761.
2024-01-30 02:54:05,314 - tensor([2198, 4376, 4805], device='cuda:0')
2024-01-30 02:54:05,315 - Classification Fails.
2024-01-30 02:54:05,315 - Link Generation Fails.
2024-01-30 02:54:34,767 - Victim node is 3286.
2024-01-30 02:54:34,767 - tensor([ 593, 2198, 4376], device='cuda:0')
2024-01-30 02:54:34,767 - Classification Fails.
2024-01-30 02:54:34,768 - Link Generation Fails.
2024-01-30 02:55:03,143 - Victim node is 870.
2024-01-30 02:55:03,143 - tensor([ 9, 11, 16], device='cuda:0')
2024-01-30 02:55:03,144 - Classification Fails.
2024-01-30 02:55:03,144 - Link Generation Fails.
2024-01-30 02:55:32,036 - Victim node is 1529.
2024-01-30 02:55:32,036 - tensor([5449, 6130, 7620], device='cuda:0')
2024-01-30 02:55:32,037 - Classification Succeeds.
2024-01-30 02:55:32,037 - Link Generation Fails.
2024-01-30 02:56:01,103 - Victim node is 5597.
2024-01-30 02:56:01,103 - tensor([ 593, 2198, 6702], device='cuda:0')
2024-01-30 02:56:01,104 - Classification Succeeds.
2024-01-30 02:56:01,104 - Link Generation Fails.
2024-01-30 02:56:32,445 - Victim node is 2597.
2024-01-30 02:56:32,445 - tensor([4663, 6279, 7620], device='cuda:0')
2024-01-30 02:56:32,446 - Classification Succeeds.
2024-01-30 02:56:32,446 - Link Generation Fails.
2024-01-30 02:57:00,701 - Victim node is 7574.
2024-01-30 02:57:00,701 - tensor([6130, 7460, 7620], device='cuda:0')
2024-01-30 02:57:00,701 - Classification Fails.
2024-01-30 02:57:00,701 - Link Generation Fails.
2024-01-30 03:04:07,179 - Victim node is 495.
2024-01-30 03:04:07,179 - tensor([ 593, 2198, 2239], device='cuda:0')
2024-01-30 03:04:07,180 - Classification Fails.
2024-01-30 03:04:07,180 - Link Generation Fails.
2024-01-30 03:04:36,364 - Victim node is 646.
2024-01-30 03:04:36,364 - tensor([1759, 3200, 6433], device='cuda:0')
2024-01-30 03:04:36,364 - Classification Fails.
2024-01-30 03:04:36,364 - Link Generation Fails.
2024-01-30 03:05:07,551 - Victim node is 2809.
2024-01-30 03:05:07,551 - tensor([ 593, 2198, 7765], device='cuda:0')
2024-01-30 03:05:07,551 - Classification Fails.
2024-01-30 03:05:07,551 - Link Generation Succeeds.
2024-01-30 03:05:36,462 - Victim node is 4011.
2024-01-30 03:05:36,462 - tensor([2198, 2239, 4376], device='cuda:0')
2024-01-30 03:05:36,463 - Classification Fails.
2024-01-30 03:05:36,463 - Link Generation Fails.
2024-01-30 03:06:07,735 - Victim node is 5317.
2024-01-30 03:06:07,735 - tensor([ 593, 2198, 4376], device='cuda:0')
2024-01-30 03:06:07,735 - Classification Fails.
2024-01-30 03:06:07,735 - Link Generation Fails.
2024-01-30 03:06:36,754 - Victim node is 4505.
2024-01-30 03:06:36,754 - tensor([1759, 3200, 6433], device='cuda:0')
2024-01-30 03:06:36,754 - Classification Succeeds.
2024-01-30 03:06:36,754 - Link Generation Fails.
2024-01-30 03:07:08,686 - Victim node is 1498.
2024-01-30 03:07:08,686 - tensor([2198, 7838, 8294], device='cuda:0')
2024-01-30 03:07:08,686 - Classification Succeeds.
2024-01-30 03:07:08,686 - Link Generation Succeeds.
2024-01-30 03:09:23,360 - Victim node is 2812.
2024-01-30 03:09:23,360 - tensor([7975, 8769, 8794], device='cuda:0')
2024-01-30 03:09:23,361 - Classification Succeeds.
2024-01-30 03:09:23,361 - Link Generation Succeeds.
2024-01-30 03:10:42,009 - Victim node is 729.
2024-01-30 03:10:42,009 - tensor([1600, 5875, 7620], device='cuda:0')
2024-01-30 03:10:42,010 - Classification Fails.
2024-01-30 03:10:42,010 - Link Generation Fails.
2024-01-30 03:17:08,323 - Victim node is 3226.
2024-01-30 03:17:08,323 - tensor([7845, 8346, 8360], device='cuda:0')
2024-01-30 03:17:08,324 - Classification Succeeds.
2024-01-30 03:17:08,324 - Link Generation Succeeds.
2024-01-30 03:22:16,263 - Victim node is 5979.
2024-01-30 03:22:16,263 - tensor([4384, 7841, 8353], device='cuda:0')
2024-01-30 03:22:16,263 - Classification Succeeds.
2024-01-30 03:22:16,263 - Link Generation Succeeds.
2024-01-30 03:26:54,094 - Victim node is 5415.
2024-01-30 03:26:54,094 - tensor([7855, 8392, 8406], device='cuda:0')
2024-01-30 03:26:54,095 - Classification Succeeds.
2024-01-30 03:26:54,095 - Link Generation Succeeds.
2024-01-30 03:28:09,296 - Victim node is 6174.
2024-01-30 03:28:09,296 - tensor([2198, 2239, 4376], device='cuda:0')
2024-01-30 03:28:09,296 - Classification Fails.
2024-01-30 03:28:09,296 - Link Generation Fails.
2024-01-30 03:28:38,134 - Victim node is 1992.
2024-01-30 03:28:38,134 - tensor([  16, 7505, 7659], device='cuda:0')
2024-01-30 03:28:38,135 - Classification Succeeds.
2024-01-30 03:28:38,135 - Link Generation Succeeds.
2024-01-30 03:29:07,007 - Victim node is 1187.
2024-01-30 03:29:07,007 - tensor([2198, 2239, 4376], device='cuda:0')
2024-01-30 03:29:07,008 - Classification Fails.
2024-01-30 03:29:07,008 - Link Generation Fails.
2024-01-30 03:29:35,893 - Victim node is 2002.
2024-01-30 03:29:35,893 - tensor([ 593, 2198, 2239], device='cuda:0')
2024-01-30 03:29:35,893 - Classification Fails.
2024-01-30 03:29:35,893 - Link Generation Fails.
2024-01-30 03:30:05,093 - Victim node is 3468.
2024-01-30 03:30:05,093 - tensor([ 593, 2198, 2239], device='cuda:0')
2024-01-30 03:30:05,094 - Classification Fails.
2024-01-30 03:30:05,094 - Link Generation Fails.
2024-01-30 03:30:34,067 - Victim node is 47.
2024-01-30 03:30:34,067 - tensor([2278, 2863, 4119], device='cuda:0')
2024-01-30 03:30:34,068 - Classification Succeeds.
2024-01-30 03:30:34,068 - Link Generation Fails.
2024-01-30 03:31:02,804 - Victim node is 1680.
2024-01-30 03:31:02,804 - tensor([7656, 7664, 7669], device='cuda:0')
2024-01-30 03:31:02,804 - Classification Fails.
2024-01-30 03:31:02,804 - Link Generation Succeeds.
2024-01-30 03:31:34,131 - Victim node is 107.
2024-01-30 03:31:34,131 - tensor([ 593, 2198, 2239], device='cuda:0')
2024-01-30 03:31:34,131 - Classification Fails.
2024-01-30 03:31:34,131 - Link Generation Fails.
2024-01-30 03:32:03,370 - Victim node is 6681.
2024-01-30 03:32:03,370 - tensor([3383, 7396, 7620], device='cuda:0')
2024-01-30 03:32:03,371 - Classification Fails.
2024-01-30 03:32:03,371 - Link Generation Fails.
2024-01-30 03:32:32,048 - Victim node is 7099.
2024-01-30 03:32:32,048 - tensor([1759, 2260, 4666], device='cuda:0')
2024-01-30 03:32:32,050 - Classification Succeeds.
2024-01-30 03:32:32,050 - Link Generation Fails.
2024-01-30 03:33:01,014 - Victim node is 3943.
2024-01-30 03:33:01,014 - tensor([2198, 2239, 4376], device='cuda:0')
2024-01-30 03:33:01,014 - Classification Fails.
2024-01-30 03:33:01,015 - Link Generation Fails.
2024-01-30 03:33:29,811 - Victim node is 7009.
2024-01-30 03:33:29,811 - tensor([6130, 6279, 7620], device='cuda:0')
2024-01-30 03:33:29,812 - Classification Fails.
2024-01-30 03:33:29,812 - Link Generation Fails.
2024-01-30 03:34:01,207 - Victim node is 5716.
2024-01-30 03:34:01,207 - tensor([7837, 7939, 8274], device='cuda:0')
2024-01-30 03:34:01,208 - Classification Fails.
2024-01-30 03:34:01,208 - Link Generation Succeeds.
2024-01-30 03:34:32,867 - Victim node is 3382.
2024-01-30 03:34:32,867 - tensor([ 593, 2198, 8374], device='cuda:0')
2024-01-30 03:34:32,868 - Classification Fails.
2024-01-30 03:34:32,868 - Link Generation Succeeds.
2024-01-30 03:35:01,149 - Victim node is 2980.
2024-01-30 03:35:01,150 - tensor([ 593, 2198, 4376], device='cuda:0')
2024-01-30 03:35:01,150 - Classification Fails.
2024-01-30 03:35:01,150 - Link Generation Fails.
2024-01-30 03:41:00,306 - Victim node is 1513.
2024-01-30 03:41:00,306 - tensor([7852, 8368, 8383], device='cuda:0')
2024-01-30 03:41:00,306 - Classification Succeeds.
2024-01-30 03:41:00,306 - Link Generation Succeeds.
2024-01-30 03:43:32,647 - Victim node is 1997.
2024-01-30 03:43:32,647 - tensor([ 593, 8272, 8284], device='cuda:0')
2024-01-30 03:43:32,647 - Classification Succeeds.
2024-01-30 03:43:32,647 - Link Generation Succeeds.
2024-01-30 03:44:03,376 - Victim node is 4544.
2024-01-30 03:44:03,376 - tensor([2144, 6190, 7542], device='cuda:0')
2024-01-30 03:44:03,377 - Classification Fails.
2024-01-30 03:44:03,377 - Link Generation Fails.
2024-01-30 03:44:34,827 - Victim node is 7430.
2024-01-30 03:44:34,827 - tensor([2198, 8558, 8577], device='cuda:0')
2024-01-30 03:44:34,827 - Classification Fails.
2024-01-30 03:44:34,827 - Link Generation Succeeds.
2024-01-30 03:50:53,786 - Victim node is 986.
2024-01-30 03:50:53,786 - tensor([ 593, 2239, 8314], device='cuda:0')
2024-01-30 03:50:53,786 - Classification Fails.
2024-01-30 03:50:53,786 - Link Generation Succeeds.
2024-01-30 03:52:09,581 - Victim node is 5072.
2024-01-30 03:52:09,581 - tensor([3383, 5449, 7620], device='cuda:0')
2024-01-30 03:52:09,582 - Classification Succeeds.
2024-01-30 03:52:09,582 - Link Generation Fails.
2024-01-30 03:52:38,757 - Victim node is 1114.
2024-01-30 03:52:38,757 - tensor([2198, 2239, 4376], device='cuda:0')
2024-01-30 03:52:38,758 - Classification Fails.
2024-01-30 03:52:38,758 - Link Generation Fails.
2024-01-30 03:53:07,475 - Victim node is 4640.
2024-01-30 03:53:07,475 - tensor([3383, 4646, 7620], device='cuda:0')
2024-01-30 03:53:07,475 - Classification Fails.
2024-01-30 03:53:07,475 - Link Generation Fails.
2024-01-30 03:53:35,819 - Victim node is 7542.
2024-01-30 03:53:35,819 - tensor([6130, 7460, 7620], device='cuda:0')
2024-01-30 03:53:35,819 - Classification Fails.
2024-01-30 03:53:35,819 - Link Generation Fails.
2024-01-30 03:54:05,066 - Victim node is 5345.
2024-01-30 03:54:05,066 - tensor([4646, 6433, 7620], device='cuda:0')
2024-01-30 03:54:05,067 - Classification Succeeds.
2024-01-30 03:54:05,067 - Link Generation Fails.
2024-01-30 04:00:37,657 - Victim node is 7428.
2024-01-30 04:00:37,657 - tensor([7837, 8332, 8346], device='cuda:0')
2024-01-30 04:00:37,658 - Classification Succeeds.
2024-01-30 04:00:37,658 - Link Generation Succeeds.
2024-01-30 04:01:09,245 - Victim node is 3107.
2024-01-30 04:01:09,245 - tensor([4663, 6130, 7620], device='cuda:0')
2024-01-30 04:01:09,245 - Classification Succeeds.
2024-01-30 04:01:09,246 - Link Generation Fails.
2024-01-30 04:01:38,031 - Victim node is 7019.
2024-01-30 04:01:38,031 - tensor([6130, 7460, 7620], device='cuda:0')
2024-01-30 04:01:38,031 - Classification Succeeds.
2024-01-30 04:01:38,031 - Link Generation Fails.
2024-01-30 04:02:07,128 - Victim node is 4773.
2024-01-30 04:02:07,128 - tensor([2198, 2239, 4376], device='cuda:0')
2024-01-30 04:02:07,128 - Classification Fails.
2024-01-30 04:02:07,128 - Link Generation Fails.
2024-01-30 04:02:35,863 - Victim node is 97.
2024-01-30 04:02:35,864 - tensor([6130, 6190, 7620], device='cuda:0')
2024-01-30 04:02:35,864 - Classification Succeeds.
2024-01-30 04:02:35,864 - Link Generation Fails.
2024-01-30 04:03:07,281 - Victim node is 576.
2024-01-30 04:03:07,281 - tensor([2198, 7768, 8600], device='cuda:0')
2024-01-30 04:03:07,281 - Classification Fails.
2024-01-30 04:03:07,282 - Link Generation Succeeds.
2024-01-30 04:03:36,102 - Victim node is 4707.
2024-01-30 04:03:36,102 - tensor([2198, 2239, 4376], device='cuda:0')
2024-01-30 04:03:36,102 - Classification Fails.
2024-01-30 04:03:36,102 - Link Generation Fails.
2024-01-30 04:04:07,855 - Victim node is 2999.
2024-01-30 04:04:07,855 - tensor([ 593, 2198, 4376], device='cuda:0')
2024-01-30 04:04:07,855 - Classification Fails.
2024-01-30 04:04:07,856 - Link Generation Fails.
2024-01-30 04:04:37,034 - Victim node is 1038.
2024-01-30 04:04:37,034 - tensor([2198, 2239, 4376], device='cuda:0')
2024-01-30 04:04:37,034 - Classification Fails.
2024-01-30 04:04:37,034 - Link Generation Fails.
2024-01-30 04:10:13,791 - Victim node is 593.
2024-01-30 04:10:13,791 - tensor([ 28,  73, 305], device='cuda:0')
2024-01-30 04:10:13,792 - Classification Succeeds.
2024-01-30 04:10:13,792 - Link Generation Fails.
2024-01-30 04:10:42,562 - Victim node is 1277.
2024-01-30 04:10:42,562 - tensor([2198, 2239, 4376], device='cuda:0')
2024-01-30 04:10:42,562 - Classification Fails.
2024-01-30 04:10:42,562 - Link Generation Fails.
2024-01-30 04:15:53,758 - Victim node is 3183.
2024-01-30 04:15:53,759 - tensor([2239, 4805, 5404], device='cuda:0')
2024-01-30 04:15:53,759 - Classification Succeeds.
2024-01-30 04:15:53,759 - Link Generation Fails.
2024-01-30 04:16:24,750 - Victim node is 1221.
2024-01-30 04:16:24,750 - tensor([ 593, 2198, 2239], device='cuda:0')
2024-01-30 04:16:24,751 - Classification Fails.
2024-01-30 04:16:24,751 - Link Generation Fails.
2024-01-30 04:16:53,712 - Victim node is 1397.
2024-01-30 04:16:53,712 - tensor([1600, 6130, 7620], device='cuda:0')
2024-01-30 04:16:53,712 - Classification Succeeds.
2024-01-30 04:16:53,712 - Link Generation Fails.
2024-01-30 04:17:25,237 - Victim node is 770.
2024-01-30 04:17:25,237 - tensor([ 593, 2239, 4376], device='cuda:0')
2024-01-30 04:17:25,238 - Classification Succeeds.
2024-01-30 04:17:25,238 - Link Generation Fails.
2024-01-30 04:24:01,199 - Victim node is 2645.
2024-01-30 04:24:01,199 - tensor([7835, 8333, 8347], device='cuda:0')
2024-01-30 04:24:01,200 - Classification Succeeds.
2024-01-30 04:24:01,200 - Link Generation Succeeds.
2024-01-30 04:24:30,752 - Victim node is 6420.
2024-01-30 04:24:30,753 - tensor([4663, 6130, 7620], device='cuda:0')
2024-01-30 04:24:30,753 - Classification Succeeds.
2024-01-30 04:24:30,753 - Link Generation Fails.
2024-01-30 04:24:59,906 - Victim node is 1626.
2024-01-30 04:24:59,906 - tensor([1599, 6130, 7620], device='cuda:0')
2024-01-30 04:24:59,906 - Classification Succeeds.
2024-01-30 04:24:59,906 - Link Generation Fails.
2024-01-30 04:25:31,255 - Victim node is 2152.
2024-01-30 04:25:31,255 - tensor([ 593, 2198, 4376], device='cuda:0')
2024-01-30 04:25:31,255 - Classification Succeeds.
2024-01-30 04:25:31,256 - Link Generation Fails.
2024-01-30 04:31:53,498 - Victim node is 6468.
2024-01-30 04:31:53,498 - tensor([7837, 8292, 8304], device='cuda:0')
2024-01-30 04:31:53,499 - Classification Succeeds.
2024-01-30 04:31:53,499 - Link Generation Succeeds.
2024-01-30 04:32:24,478 - Victim node is 7060.
2024-01-30 04:32:24,478 - tensor([1759, 2250, 4960], device='cuda:0')
2024-01-30 04:32:24,479 - Classification Fails.
2024-01-30 04:32:24,479 - Link Generation Fails.
2024-01-30 04:32:53,355 - Victim node is 3004.
2024-01-30 04:32:53,355 - tensor([1759, 2260, 4666], device='cuda:0')
2024-01-30 04:32:53,355 - Classification Fails.
2024-01-30 04:32:53,355 - Link Generation Fails.
2024-01-30 04:33:24,825 - Victim node is 2207.
2024-01-30 04:33:24,825 - tensor([2198, 7728, 8240], device='cuda:0')
2024-01-30 04:33:24,825 - Classification Succeeds.
2024-01-30 04:33:24,825 - Link Generation Succeeds.
2024-01-30 04:33:53,650 - Victim node is 2767.
2024-01-30 04:33:53,651 - tensor([ 526, 2278, 2863], device='cuda:0')
2024-01-30 04:33:53,651 - Classification Fails.
2024-01-30 04:33:53,651 - Link Generation Fails.
2024-01-30 04:34:25,592 - Victim node is 7300.
2024-01-30 04:34:25,592 - tensor([ 593, 2198, 2239], device='cuda:0')
2024-01-30 04:34:25,592 - Classification Succeeds.
2024-01-30 04:34:25,592 - Link Generation Fails.
2024-01-30 04:34:57,004 - Victim node is 6433.
2024-01-30 04:34:57,004 - tensor([4646, 6130, 7620], device='cuda:0')
2024-01-30 04:34:57,004 - Classification Succeeds.
2024-01-30 04:34:57,004 - Link Generation Fails.
2024-01-30 04:35:28,304 - Victim node is 934.
2024-01-30 04:35:28,304 - tensor([ 593, 2198, 7761], device='cuda:0')
2024-01-30 04:35:28,305 - Classification Fails.
2024-01-30 04:35:28,305 - Link Generation Succeeds.
2024-01-30 04:35:57,871 - Victim node is 3802.
2024-01-30 04:35:57,871 - tensor([ 593, 2198, 2239], device='cuda:0')
2024-01-30 04:35:57,872 - Classification Fails.
2024-01-30 04:35:57,872 - Link Generation Fails.
2024-01-30 04:36:27,371 - Victim node is 2245.
2024-01-30 04:36:27,371 - tensor([5449, 6130, 6279], device='cuda:0')
2024-01-30 04:36:27,372 - Classification Succeeds.
2024-01-30 04:36:27,372 - Link Generation Fails.
2024-01-30 04:36:56,619 - Victim node is 4005.
2024-01-30 04:36:56,619 - tensor([ 481, 4663, 7620], device='cuda:0')
2024-01-30 04:36:56,619 - Classification Fails.
2024-01-30 04:36:56,619 - Link Generation Fails.
2024-01-30 04:37:27,960 - Victim node is 3607.
2024-01-30 04:37:27,960 - tensor([ 593, 2198, 2239], device='cuda:0')
2024-01-30 04:37:27,960 - Classification Fails.
2024-01-30 04:37:27,961 - Link Generation Fails.
2024-01-30 04:37:57,181 - Victim node is 7200.
2024-01-30 04:37:57,182 - tensor([2198, 6433, 7620], device='cuda:0')
2024-01-30 04:37:57,182 - Classification Succeeds.
2024-01-30 04:37:57,182 - Link Generation Fails.
2024-01-30 04:38:29,153 - Victim node is 616.
2024-01-30 04:38:29,153 - tensor([ 593, 2198, 8706], device='cuda:0')
2024-01-30 04:38:29,154 - Classification Fails.
2024-01-30 04:38:29,154 - Link Generation Succeeds.
2024-01-30 04:45:35,833 - Victim node is 1152.
2024-01-30 04:45:35,834 - tensor([7846, 8361, 8375], device='cuda:0')
2024-01-30 04:45:35,834 - Classification Succeeds.
2024-01-30 04:45:35,834 - Link Generation Succeeds.
2024-01-30 04:46:05,890 - Victim node is 5279.
2024-01-30 04:46:05,890 - tensor([2731, 3231, 7460], device='cuda:0')
2024-01-30 04:46:05,891 - Classification Fails.
2024-01-30 04:46:05,891 - Link Generation Fails.
2024-01-30 04:46:35,270 - Victim node is 1857.
2024-01-30 04:46:35,271 - tensor([1374, 3383, 7620], device='cuda:0')
2024-01-30 04:46:35,271 - Classification Fails.
2024-01-30 04:46:35,271 - Link Generation Fails.
2024-01-30 04:47:04,253 - Victim node is 7261.
2024-01-30 04:47:04,253 - tensor([ 481, 4663, 6130], device='cuda:0')
2024-01-30 04:47:04,253 - Classification Succeeds.
2024-01-30 04:47:04,253 - Link Generation Fails.
2024-01-30 04:47:33,415 - Victim node is 7040.
2024-01-30 04:47:33,415 - tensor([ 593, 2198, 2239], device='cuda:0')
2024-01-30 04:47:33,416 - Classification Fails.
2024-01-30 04:47:33,416 - Link Generation Fails.
2024-01-30 04:48:02,589 - Victim node is 458.
2024-01-30 04:48:02,589 - tensor([6130, 6190, 7460], device='cuda:0')
2024-01-30 04:48:02,590 - Classification Fails.
2024-01-30 04:48:02,590 - Link Generation Fails.
2024-01-30 04:48:32,251 - Victim node is 650.
2024-01-30 04:48:32,251 - tensor([4663, 6130, 7620], device='cuda:0')
2024-01-30 04:48:32,252 - Classification Succeeds.
2024-01-30 04:48:32,252 - Link Generation Fails.
2024-01-30 04:49:01,175 - Victim node is 4766.
2024-01-30 04:49:01,175 - tensor([2584, 7655, 7656], device='cuda:0')
2024-01-30 04:49:01,176 - Classification Fails.
2024-01-30 04:49:01,176 - Link Generation Succeeds.
2024-01-30 04:51:31,262 - Victim node is 4174.
2024-01-30 04:51:31,263 - tensor([2198, 8252, 8265], device='cuda:0')
2024-01-30 04:51:31,263 - Classification Succeeds.
2024-01-30 04:51:31,263 - Link Generation Succeeds.
2024-01-30 04:52:03,544 - Victim node is 7599.
2024-01-30 04:52:03,544 - tensor([ 593, 2198, 8617], device='cuda:0')
2024-01-30 04:52:03,545 - Classification Succeeds.
2024-01-30 04:52:03,545 - Link Generation Succeeds.
2024-01-30 04:52:33,114 - Victim node is 1276.
2024-01-30 04:52:33,114 - tensor([4663, 6130, 7620], device='cuda:0')
2024-01-30 04:52:33,115 - Classification Succeeds.
2024-01-30 04:52:33,115 - Link Generation Fails.
2024-01-30 04:53:01,935 - Victim node is 6238.
2024-01-30 04:53:01,935 - tensor([3383, 7460, 7658], device='cuda:0')
2024-01-30 04:53:01,935 - Classification Fails.
2024-01-30 04:53:01,935 - Link Generation Succeeds.
2024-01-30 04:53:30,705 - Victim node is 3263.
2024-01-30 04:53:30,705 - tensor([3383, 7362, 7681], device='cuda:0')
2024-01-30 04:53:30,706 - Classification Fails.
2024-01-30 04:53:30,706 - Link Generation Succeeds.
2024-01-30 04:54:00,070 - Victim node is 2837.
2024-01-30 04:54:00,070 - tensor([7703, 7714, 7761], device='cuda:0')
2024-01-30 04:54:00,071 - Classification Fails.
2024-01-30 04:54:00,071 - Link Generation Succeeds.
2024-01-30 04:54:29,316 - Victim node is 4717.
2024-01-30 04:54:29,316 - tensor([6662, 6962, 7542], device='cuda:0')
2024-01-30 04:54:29,318 - Classification Succeeds.
2024-01-30 04:54:29,318 - Link Generation Fails.
2024-01-30 04:54:58,372 - Victim node is 1292.
2024-01-30 04:54:58,372 - tensor([1600, 6068, 7620], device='cuda:0')
2024-01-30 04:54:58,373 - Classification Succeeds.
2024-01-30 04:54:58,373 - Link Generation Fails.
2024-01-30 04:55:27,363 - Victim node is 96.
2024-01-30 04:55:27,363 - tensor([6190, 6279, 7542], device='cuda:0')
2024-01-30 04:55:27,364 - Classification Fails.
2024-01-30 04:55:27,364 - Link Generation Fails.
2024-01-30 04:55:56,657 - Victim node is 6922.
2024-01-30 04:55:56,657 - tensor([2198, 2239, 4805], device='cuda:0')
2024-01-30 04:55:56,657 - Classification Fails.
2024-01-30 04:55:56,658 - Link Generation Fails.
2024-01-30 04:58:24,138 - Victim node is 1042.
2024-01-30 04:58:24,138 - tensor([ 593, 7805, 8242], device='cuda:0')
2024-01-30 04:58:24,138 - Classification Fails.
2024-01-30 04:58:24,138 - Link Generation Succeeds.
2024-01-30 04:58:56,196 - Victim node is 1624.
2024-01-30 04:58:56,196 - tensor([ 593, 2198, 2239], device='cuda:0')
2024-01-30 04:58:56,196 - Classification Fails.
2024-01-30 04:58:56,196 - Link Generation Fails.
2024-01-30 04:59:27,338 - Victim node is 5493.
2024-01-30 04:59:27,338 - tensor([2198, 2239, 4376], device='cuda:0')
2024-01-30 04:59:27,338 - Classification Succeeds.
2024-01-30 04:59:27,338 - Link Generation Fails.
2024-01-30 04:59:56,386 - Victim node is 4795.
2024-01-30 04:59:56,386 - tensor([3383, 6068, 7672], device='cuda:0')
2024-01-30 04:59:56,387 - Classification Fails.
2024-01-30 04:59:56,387 - Link Generation Succeeds.
2024-01-30 05:00:25,883 - Victim node is 6741.
2024-01-30 05:00:25,883 - tensor([2198, 2239, 4376], device='cuda:0')
2024-01-30 05:00:25,883 - Classification Fails.
2024-01-30 05:00:25,883 - Link Generation Fails.
2024-01-30 05:00:55,131 - Victim node is 4275.
2024-01-30 05:00:55,131 - tensor([4663, 6130, 6279], device='cuda:0')
2024-01-30 05:00:55,131 - Classification Succeeds.
2024-01-30 05:00:55,132 - Link Generation Fails.
2024-01-30 05:01:27,149 - Victim node is 3140.
2024-01-30 05:01:27,149 - tensor([ 593, 2198, 2239], device='cuda:0')
2024-01-30 05:01:27,149 - Classification Fails.
2024-01-30 05:01:27,149 - Link Generation Fails.
2024-01-30 05:01:56,300 - Victim node is 3562.
2024-01-30 05:01:56,300 - tensor([6190, 6499, 7460], device='cuda:0')
2024-01-30 05:01:56,300 - Classification Fails.
2024-01-30 05:01:56,300 - Link Generation Fails.
2024-01-30 05:02:25,867 - Victim node is 4056.
2024-01-30 05:02:25,867 - tensor([ 593, 2198, 2239], device='cuda:0')
2024-01-30 05:02:25,867 - Classification Fails.
2024-01-30 05:02:25,867 - Link Generation Fails.
2024-01-30 05:02:54,745 - Victim node is 7253.
2024-01-30 05:02:54,746 - tensor([1759, 2260, 4666], device='cuda:0')
2024-01-30 05:02:54,746 - Classification Succeeds.
2024-01-30 05:02:54,746 - Link Generation Fails.
2024-01-30 05:03:23,304 - Victim node is 5830.
2024-01-30 05:03:23,304 - tensor([6662, 7653, 7654], device='cuda:0')
2024-01-30 05:03:23,305 - Classification Fails.
2024-01-30 05:03:23,305 - Link Generation Succeeds.
2024-01-30 05:03:52,519 - Victim node is 4893.
2024-01-30 05:03:52,519 - tensor([2198, 2239, 4376], device='cuda:0')
2024-01-30 05:03:52,519 - Classification Fails.
2024-01-30 05:03:52,520 - Link Generation Fails.
2024-01-30 05:04:24,896 - Victim node is 3854.
2024-01-30 05:04:24,896 - tensor([ 593, 2198, 4376], device='cuda:0')
2024-01-30 05:04:24,897 - Classification Fails.
2024-01-30 05:04:24,897 - Link Generation Fails.
2024-01-30 05:04:54,045 - Victim node is 1084.
2024-01-30 05:04:54,045 - tensor([2198, 2239, 4805], device='cuda:0')
2024-01-30 05:04:54,045 - Classification Fails.
2024-01-30 05:04:54,045 - Link Generation Fails.
2024-01-30 05:05:25,847 - Victim node is 4694.
2024-01-30 05:05:25,847 - tensor([2198, 7744, 8308], device='cuda:0')
2024-01-30 05:05:25,847 - Classification Succeeds.
2024-01-30 05:05:25,847 - Link Generation Succeeds.
2024-01-30 05:10:34,446 - Victim node is 7481.
2024-01-30 05:10:34,446 - tensor([ 593, 8395, 8408], device='cuda:0')
2024-01-30 05:10:34,447 - Classification Fails.
2024-01-30 05:10:34,447 - Link Generation Succeeds.
2024-01-30 05:11:04,639 - Victim node is 4126.
2024-01-30 05:11:04,640 - tensor([1136, 1374, 5526], device='cuda:0')
2024-01-30 05:11:04,640 - Classification Fails.
2024-01-30 05:11:04,640 - Link Generation Fails.
2024-01-30 05:11:33,472 - Victim node is 605.
2024-01-30 05:11:33,472 - tensor([2198, 3578, 4805], device='cuda:0')
2024-01-30 05:11:33,473 - Classification Fails.
2024-01-30 05:11:33,473 - Link Generation Fails.
2024-01-30 05:12:05,486 - Victim node is 849.
2024-01-30 05:12:05,486 - tensor([7938, 8643, 8823], device='cuda:0')
2024-01-30 05:12:05,487 - Classification Succeeds.
2024-01-30 05:12:05,487 - Link Generation Succeeds.
2024-01-30 05:12:35,138 - Victim node is 899.
2024-01-30 05:12:35,138 - tensor([ 593, 2198, 4376], device='cuda:0')
2024-01-30 05:12:35,138 - Classification Succeeds.
2024-01-30 05:12:35,138 - Link Generation Fails.
2024-01-30 05:13:04,437 - Victim node is 6125.
2024-01-30 05:13:04,438 - tensor([5356, 6130, 7620], device='cuda:0')
2024-01-30 05:13:04,438 - Classification Fails.
2024-01-30 05:13:04,438 - Link Generation Fails.
2024-01-30 05:13:33,398 - Victim node is 859.
2024-01-30 05:13:33,399 - tensor([3437, 4646, 4906], device='cuda:0')
2024-01-30 05:13:33,399 - Classification Succeeds.
2024-01-30 05:13:33,399 - Link Generation Fails.
2024-01-30 05:14:02,625 - Victim node is 1573.
2024-01-30 05:14:02,625 - tensor([2198, 2239, 4805], device='cuda:0')
2024-01-30 05:14:02,625 - Classification Fails.
2024-01-30 05:14:02,625 - Link Generation Fails.
2024-01-30 05:14:31,750 - Victim node is 447.
2024-01-30 05:14:31,750 - tensor([5925, 7177, 7542], device='cuda:0')
2024-01-30 05:14:31,750 - Classification Fails.
2024-01-30 05:14:31,750 - Link Generation Fails.
2024-01-30 05:15:00,322 - Victim node is 3795.
2024-01-30 05:15:00,322 - tensor([5356, 6190, 7542], device='cuda:0')
2024-01-30 05:15:00,322 - Classification Succeeds.
2024-01-30 05:15:00,322 - Link Generation Fails.
2024-01-30 05:15:31,732 - Victim node is 5832.
2024-01-30 05:15:31,732 - tensor([ 593, 2198, 7763], device='cuda:0')
2024-01-30 05:15:31,733 - Classification Fails.
2024-01-30 05:15:31,733 - Link Generation Succeeds.
2024-01-30 05:18:01,849 - Victim node is 3328.
2024-01-30 05:18:01,849 - tensor([7822, 8267, 9491], device='cuda:0')
2024-01-30 05:18:01,850 - Classification Fails.
2024-01-30 05:18:01,850 - Link Generation Succeeds.
2024-01-30 05:27:54,442 - Victim node is 5667.
2024-01-30 05:27:54,442 - tensor([ 593, 8347, 8360], device='cuda:0')
2024-01-30 05:27:54,443 - Classification Fails.
2024-01-30 05:27:54,443 - Link Generation Succeeds.
2024-01-30 05:28:23,933 - Victim node is 74.
2024-01-30 05:28:23,933 - tensor([6130, 6279, 7620], device='cuda:0')
2024-01-30 05:28:23,935 - Classification Succeeds.
2024-01-30 05:28:23,935 - Link Generation Fails.
2024-01-30 05:28:52,840 - Victim node is 2054.
2024-01-30 05:28:52,840 - tensor([3383, 6130, 6190], device='cuda:0')
2024-01-30 05:28:52,840 - Classification Fails.
2024-01-30 05:28:52,840 - Link Generation Fails.
2024-01-30 05:29:21,647 - Victim node is 1433.
2024-01-30 05:29:21,647 - tensor([2144, 3780, 6190], device='cuda:0')
2024-01-30 05:29:21,647 - Classification Fails.
2024-01-30 05:29:21,647 - Link Generation Fails.
2024-01-30 05:29:50,851 - Victim node is 5498.
2024-01-30 05:29:50,851 - tensor([2198, 2239, 4376], device='cuda:0')
2024-01-30 05:29:50,852 - Classification Fails.
2024-01-30 05:29:50,852 - Link Generation Fails.
2024-01-30 05:30:22,920 - Victim node is 7398.
2024-01-30 05:30:22,920 - tensor([2239, 7949, 8716], device='cuda:0')
2024-01-30 05:30:22,920 - Classification Succeeds.
2024-01-30 05:30:22,920 - Link Generation Succeeds.
2024-01-30 05:30:54,337 - Victim node is 1091.
2024-01-30 05:30:54,337 - tensor([2198, 8405, 8946], device='cuda:0')
2024-01-30 05:30:54,338 - Classification Fails.
2024-01-30 05:30:54,338 - Link Generation Succeeds.
2024-01-30 05:31:25,929 - Victim node is 4261.
2024-01-30 05:31:25,929 - tensor([ 593, 7930, 8606], device='cuda:0')
2024-01-30 05:31:25,929 - Classification Succeeds.
2024-01-30 05:31:25,929 - Link Generation Succeeds.
2024-01-30 05:31:57,761 - Victim node is 6761.
2024-01-30 05:31:57,762 - tensor([ 593, 2198, 2239], device='cuda:0')
2024-01-30 05:31:57,762 - Classification Fails.
2024-01-30 05:31:57,762 - Link Generation Fails.
2024-01-30 05:34:29,081 - Victim node is 2745.
2024-01-30 05:34:29,081 - tensor([ 593, 7818, 8250], device='cuda:0')
2024-01-30 05:34:29,081 - Classification Succeeds.
2024-01-30 05:34:29,081 - Link Generation Succeeds.
2024-01-30 05:34:58,327 - Victim node is 978.
2024-01-30 05:34:58,327 - tensor([4646, 7620, 7680], device='cuda:0')
2024-01-30 05:34:58,328 - Classification Succeeds.
2024-01-30 05:34:58,328 - Link Generation Succeeds.
2024-01-30 05:35:30,627 - Victim node is 402.
2024-01-30 05:35:30,627 - tensor([4663, 6130, 7620], device='cuda:0')
2024-01-30 05:35:30,628 - Classification Succeeds.
2024-01-30 05:35:30,628 - Link Generation Fails.
2024-01-30 05:36:00,697 - Victim node is 5353.
2024-01-30 05:36:00,697 - tensor([ 593, 2198, 2239], device='cuda:0')
2024-01-30 05:36:00,697 - Classification Succeeds.
2024-01-30 05:36:00,698 - Link Generation Fails.
2024-01-30 05:36:30,315 - Victim node is 45.
2024-01-30 05:36:30,315 - tensor([1599, 6279, 7620], device='cuda:0')
2024-01-30 05:36:30,316 - Classification Succeeds.
2024-01-30 05:36:30,316 - Link Generation Fails.
2024-01-30 05:38:59,214 - Victim node is 4803.
2024-01-30 05:38:59,214 - tensor([ 593, 2198, 8270], device='cuda:0')
2024-01-30 05:38:59,214 - Classification Succeeds.
2024-01-30 05:38:59,214 - Link Generation Succeeds.
2024-01-30 05:39:27,820 - Victim node is 1155.
2024-01-30 05:39:27,820 - tensor([4237, 7460, 7620], device='cuda:0')
2024-01-30 05:39:27,820 - Classification Fails.
2024-01-30 05:39:27,820 - Link Generation Fails.
2024-01-30 05:39:57,187 - Victim node is 2029.
2024-01-30 05:39:57,187 - tensor([ 593, 2198, 2239], device='cuda:0')
2024-01-30 05:39:57,187 - Classification Fails.
2024-01-30 05:39:57,188 - Link Generation Fails.
2024-01-30 05:40:28,905 - Victim node is 1154.
2024-01-30 05:40:28,905 - tensor([ 593, 2198, 4376], device='cuda:0')
2024-01-30 05:40:28,906 - Classification Fails.
2024-01-30 05:40:28,906 - Link Generation Fails.
2024-01-30 05:41:00,069 - Victim node is 4890.
2024-01-30 05:41:00,069 - tensor([ 593, 2198, 2239], device='cuda:0')
2024-01-30 05:41:00,069 - Classification Succeeds.
2024-01-30 05:41:00,069 - Link Generation Fails.
2024-01-30 05:43:27,313 - Victim node is 5307.
2024-01-30 05:43:27,314 - tensor([ 593, 2239, 8751], device='cuda:0')
2024-01-30 05:43:27,314 - Classification Fails.
2024-01-30 05:43:27,314 - Link Generation Succeeds.
2024-01-30 05:44:00,325 - Victim node is 6005.
2024-01-30 05:44:00,327 - tensor([4646, 6130, 7620], device='cuda:0')
2024-01-30 05:44:00,327 - Classification Succeeds.
2024-01-30 05:44:00,327 - Link Generation Fails.
2024-01-30 05:44:29,396 - Victim node is 2359.
2024-01-30 05:44:29,396 - tensor([2198, 4376, 4805], device='cuda:0')
2024-01-30 05:44:29,396 - Classification Fails.
2024-01-30 05:44:29,396 - Link Generation Fails.
2024-01-30 05:44:58,271 - Victim node is 7453.
2024-01-30 05:44:58,271 - tensor([1759, 2260, 4666], device='cuda:0')
2024-01-30 05:44:58,271 - Classification Fails.
2024-01-30 05:44:58,272 - Link Generation Fails.
2024-01-30 05:45:26,946 - Victim node is 7559.
2024-01-30 05:45:26,946 - tensor([3383, 7460, 7542], device='cuda:0')
2024-01-30 05:45:26,946 - Classification Fails.
2024-01-30 05:45:26,946 - Link Generation Fails.
2024-01-30 05:45:55,917 - Victim node is 159.
2024-01-30 05:45:55,917 - tensor([2863, 4906, 6433], device='cuda:0')
2024-01-30 05:45:55,918 - Classification Succeeds.
2024-01-30 05:45:55,918 - Link Generation Fails.
2024-01-30 05:46:25,119 - Victim node is 6459.
2024-01-30 05:46:25,119 - tensor([1759, 2260, 7660], device='cuda:0')
2024-01-30 05:46:25,119 - Classification Fails.
2024-01-30 05:46:25,119 - Link Generation Succeeds.
2024-01-30 05:46:57,064 - Victim node is 963.
2024-01-30 05:46:57,064 - tensor([2198, 2239, 4376], device='cuda:0')
2024-01-30 05:46:57,065 - Classification Succeeds.
2024-01-30 05:46:57,065 - Link Generation Fails.
2024-01-30 05:47:26,148 - Victim node is 5323.
2024-01-30 05:47:26,148 - tensor([6130, 6279, 7620], device='cuda:0')
2024-01-30 05:47:26,148 - Classification Succeeds.
2024-01-30 05:47:26,148 - Link Generation Fails.
2024-01-30 05:47:57,753 - Victim node is 1248.
2024-01-30 05:47:57,753 - tensor([4663, 6130, 7620], device='cuda:0')
2024-01-30 05:47:57,755 - Classification Succeeds.
2024-01-30 05:47:57,755 - Link Generation Fails.
2024-01-30 05:48:26,905 - Victim node is 694.
2024-01-30 05:48:26,905 - tensor([3383, 6130, 7620], device='cuda:0')
2024-01-30 05:48:26,906 - Classification Succeeds.
2024-01-30 05:48:26,906 - Link Generation Fails.
2024-01-30 05:48:56,090 - Victim node is 1049.
2024-01-30 05:48:56,090 - tensor([4646, 4663, 6130], device='cuda:0')
2024-01-30 05:48:56,091 - Classification Succeeds.
2024-01-30 05:48:56,091 - Link Generation Fails.
2024-01-30 05:49:24,865 - Victim node is 2.
2024-01-30 05:49:24,865 - tensor([2198, 2239, 4376], device='cuda:0')
2024-01-30 05:49:24,866 - Classification Succeeds.
2024-01-30 05:49:24,866 - Link Generation Fails.
2024-01-30 05:49:54,334 - Victim node is 406.
2024-01-30 05:49:54,334 - tensor([ 593, 2198, 2239], device='cuda:0')
2024-01-30 05:49:54,335 - Classification Fails.
2024-01-30 05:49:54,335 - Link Generation Fails.
2024-01-30 05:56:01,514 - Victim node is 6723.
2024-01-30 05:56:01,514 - tensor([8358, 8372, 9074], device='cuda:0')
2024-01-30 05:56:01,515 - Classification Succeeds.
2024-01-30 05:56:01,515 - Link Generation Succeeds.
2024-01-30 05:56:30,710 - Victim node is 1332.
2024-01-30 05:56:30,711 - tensor([5925, 6130, 7620], device='cuda:0')
2024-01-30 05:56:30,711 - Classification Fails.
2024-01-30 05:56:30,711 - Link Generation Fails.
2024-01-30 05:57:02,635 - Victim node is 6724.
2024-01-30 05:57:02,635 - tensor([ 593, 2198, 7728], device='cuda:0')
2024-01-30 05:57:02,635 - Classification Fails.
2024-01-30 05:57:02,635 - Link Generation Succeeds.
2024-01-30 06:03:36,187 - Victim node is 7008.
2024-01-30 06:03:36,187 - tensor([7838, 8315, 8328], device='cuda:0')
2024-01-30 06:03:36,188 - Classification Succeeds.
2024-01-30 06:03:36,188 - Link Generation Succeeds.
2024-01-30 06:04:31,132 - Victim node is 3582.
2024-01-30 06:04:31,133 - tensor([8502, 8521, 8656], device='cuda:0')
2024-01-30 06:04:31,133 - Classification Succeeds.
2024-01-30 06:04:31,133 - Link Generation Succeeds.
2024-01-30 06:11:58,114 - Victim node is 4691.
2024-01-30 06:11:58,116 - tensor([ 593, 2239, 8296], device='cuda:0')
2024-01-30 06:11:58,116 - Classification Fails.
2024-01-30 06:11:58,116 - Link Generation Succeeds.
2024-01-30 06:12:29,099 - Victim node is 6482.
2024-01-30 06:12:29,100 - tensor([1600, 3231, 5449], device='cuda:0')
2024-01-30 06:12:29,100 - Classification Fails.
2024-01-30 06:12:29,100 - Link Generation Fails.
2024-01-30 06:13:00,576 - Victim node is 804.
2024-01-30 06:13:00,576 - tensor([ 593, 2198, 7751], device='cuda:0')
2024-01-30 06:13:00,577 - Classification Fails.
2024-01-30 06:13:00,577 - Link Generation Succeeds.
2024-01-30 06:19:44,273 - Victim node is 1915.
2024-01-30 06:19:44,273 - tensor([ 593, 6702, 8339], device='cuda:0')
2024-01-30 06:19:44,274 - Classification Succeeds.
2024-01-30 06:19:44,274 - Link Generation Succeeds.
2024-01-30 06:20:13,593 - Victim node is 7188.
2024-01-30 06:20:13,593 - tensor([2144, 6662, 7542], device='cuda:0')
2024-01-30 06:20:13,593 - Classification Fails.
2024-01-30 06:20:13,593 - Link Generation Fails.
2024-01-30 06:20:42,866 - Victim node is 1807.
2024-01-30 06:20:42,866 - tensor([1374, 5449, 6279], device='cuda:0')
2024-01-30 06:20:42,867 - Classification Fails.
2024-01-30 06:20:42,867 - Link Generation Fails.
2024-01-30 06:26:17,011 - Victim node is 3049.
2024-01-30 06:26:17,011 - tensor([4384, 6702, 7888], device='cuda:0')
2024-01-30 06:26:17,012 - Classification Fails.
2024-01-30 06:26:17,012 - Link Generation Succeeds.
2024-01-30 06:26:45,988 - Victim node is 3067.
2024-01-30 06:26:45,988 - tensor([6190, 6662, 6962], device='cuda:0')
2024-01-30 06:26:45,988 - Classification Succeeds.
2024-01-30 06:26:45,989 - Link Generation Fails.
2024-01-30 06:29:12,980 - Victim node is 4528.
2024-01-30 06:29:12,980 - tensor([7793, 7963, 8755], device='cuda:0')
2024-01-30 06:29:12,980 - Classification Fails.
2024-01-30 06:29:12,980 - Link Generation Succeeds.
2024-01-30 06:29:42,159 - Victim node is 6697.
2024-01-30 06:29:42,160 - tensor([ 593, 2198, 2239], device='cuda:0')
2024-01-30 06:29:42,160 - Classification Fails.
2024-01-30 06:29:42,160 - Link Generation Fails.
2024-01-30 06:30:14,309 - Victim node is 689.
2024-01-30 06:30:14,309 - tensor([ 593, 7976, 8670], device='cuda:0')
2024-01-30 06:30:14,310 - Classification Succeeds.
2024-01-30 06:30:14,310 - Link Generation Succeeds.
2024-01-30 06:30:43,571 - Victim node is 3573.
2024-01-30 06:30:43,571 - tensor([2198, 2239, 4376], device='cuda:0')
2024-01-30 06:30:43,571 - Classification Fails.
2024-01-30 06:30:43,572 - Link Generation Fails.
2024-01-30 06:31:12,585 - Victim node is 4701.
2024-01-30 06:31:12,585 - tensor([ 593, 2198, 6702], device='cuda:0')
2024-01-30 06:31:12,585 - Classification Fails.
2024-01-30 06:31:12,585 - Link Generation Fails.
2024-01-30 06:31:44,087 - Victim node is 1623.
2024-01-30 06:31:44,087 - tensor([ 593, 2198, 2239], device='cuda:0')
2024-01-30 06:31:44,088 - Classification Fails.
2024-01-30 06:31:44,088 - Link Generation Fails.
2024-01-30 06:32:13,850 - Victim node is 104.
2024-01-30 06:32:13,850 - tensor([2198, 2239, 4376], device='cuda:0')
2024-01-30 06:32:13,851 - Classification Fails.
2024-01-30 06:32:13,851 - Link Generation Fails.
2024-01-30 06:32:43,100 - Victim node is 3318.
2024-01-30 06:32:43,100 - tensor([2198, 3578, 4805], device='cuda:0')
2024-01-30 06:32:43,100 - Classification Fails.
2024-01-30 06:32:43,100 - Link Generation Fails.
2024-01-30 06:33:15,318 - Victim node is 377.
2024-01-30 06:33:15,318 - tensor([ 593, 2198, 6702], device='cuda:0')
2024-01-30 06:33:15,318 - Classification Succeeds.
2024-01-30 06:33:15,318 - Link Generation Fails.
2024-01-30 06:38:17,741 - Victim node is 7139.
2024-01-30 06:38:17,741 - tensor([4376, 7834, 8313], device='cuda:0')
2024-01-30 06:38:17,742 - Classification Succeeds.
2024-01-30 06:38:17,742 - Link Generation Succeeds.
2024-01-30 06:38:50,742 - Victim node is 5541.
2024-01-30 06:38:50,742 - tensor([7704, 7755, 8172], device='cuda:0')
2024-01-30 06:38:50,742 - Classification Fails.
2024-01-30 06:38:50,742 - Link Generation Succeeds.
2024-01-30 06:39:19,749 - Victim node is 5894.
2024-01-30 06:39:19,749 - tensor([7620, 7794, 7988], device='cuda:0')
2024-01-30 06:39:19,750 - Classification Succeeds.
2024-01-30 06:39:19,750 - Link Generation Succeeds.
2024-01-30 06:41:50,996 - Victim node is 1700.
2024-01-30 06:41:50,996 - tensor([ 593, 8261, 8274], device='cuda:0')
2024-01-30 06:41:50,997 - Classification Fails.
2024-01-30 06:41:50,997 - Link Generation Succeeds.
2024-01-30 06:42:22,318 - Victim node is 6006.
2024-01-30 06:42:22,318 - tensor([1897, 6662, 7460], device='cuda:0')
2024-01-30 06:42:22,318 - Classification Fails.
2024-01-30 06:42:22,319 - Link Generation Fails.
2024-01-30 06:42:51,251 - Victim node is 5837.
2024-01-30 06:42:51,251 - tensor([2144, 6190, 7542], device='cuda:0')
2024-01-30 06:42:51,252 - Classification Fails.
2024-01-30 06:42:51,252 - Link Generation Fails.
2024-01-30 06:43:20,067 - Victim node is 4334.
2024-01-30 06:43:20,067 - tensor([2144, 6130, 7460], device='cuda:0')
2024-01-30 06:43:20,067 - Classification Fails.
2024-01-30 06:43:20,067 - Link Generation Fails.
2024-01-30 06:43:48,840 - Victim node is 7432.
2024-01-30 06:43:48,840 - tensor([6190, 6499, 7542], device='cuda:0')
2024-01-30 06:43:48,841 - Classification Fails.
2024-01-30 06:43:48,841 - Link Generation Fails.
2024-01-30 06:44:18,491 - Victim node is 5803.
2024-01-30 06:44:18,491 - tensor([6190, 6279, 7542], device='cuda:0')
2024-01-30 06:44:18,492 - Classification Fails.
2024-01-30 06:44:18,492 - Link Generation Fails.
2024-01-30 06:44:47,601 - Victim node is 1059.
2024-01-30 06:44:47,601 - tensor([ 593, 6190, 7177], device='cuda:0')
2024-01-30 06:44:47,601 - Classification Fails.
2024-01-30 06:44:47,602 - Link Generation Fails.
2024-01-30 06:45:16,508 - Victim node is 988.
2024-01-30 06:45:16,508 - tensor([1759, 4646, 7620], device='cuda:0')
2024-01-30 06:45:16,509 - Classification Succeeds.
2024-01-30 06:45:16,509 - Link Generation Fails.
2024-01-30 06:45:45,662 - Victim node is 3764.
2024-01-30 06:45:45,662 - tensor([6130, 7460, 7620], device='cuda:0')
2024-01-30 06:45:45,662 - Classification Fails.
2024-01-30 06:45:45,662 - Link Generation Fails.
2024-01-30 06:46:17,800 - Victim node is 4248.
2024-01-30 06:46:17,800 - tensor([ 593, 2239, 8650], device='cuda:0')
2024-01-30 06:46:17,800 - Classification Succeeds.
2024-01-30 06:46:17,800 - Link Generation Succeeds.
2024-01-30 06:46:46,824 - Victim node is 7583.
2024-01-30 06:46:46,824 - tensor([2863, 4906, 6433], device='cuda:0')
2024-01-30 06:46:46,824 - Classification Succeeds.
2024-01-30 06:46:46,824 - Link Generation Fails.
2024-01-30 06:47:15,753 - Victim node is 4958.
2024-01-30 06:47:15,753 - tensor([ 593, 2198, 2239], device='cuda:0')
2024-01-30 06:47:15,754 - Classification Fails.
2024-01-30 06:47:15,754 - Link Generation Fails.
2024-01-30 06:49:45,683 - Victim node is 2195.
2024-01-30 06:49:45,683 - tensor([ 593, 4376, 8245], device='cuda:0')
2024-01-30 06:49:45,683 - Classification Fails.
2024-01-30 06:49:45,683 - Link Generation Succeeds.
2024-01-30 06:50:16,551 - Victim node is 740.
2024-01-30 06:50:16,551 - tensor([ 932, 3231, 7460], device='cuda:0')
2024-01-30 06:50:16,551 - Classification Fails.
2024-01-30 06:50:16,551 - Link Generation Fails.
2024-01-30 06:50:47,890 - Victim node is 3319.
2024-01-30 06:50:47,890 - tensor([ 593, 2198, 4376], device='cuda:0')
2024-01-30 06:50:47,891 - Classification Succeeds.
2024-01-30 06:50:47,891 - Link Generation Fails.
2024-01-30 06:51:16,836 - Victim node is 3342.
2024-01-30 06:51:16,836 - tensor([4646, 6433, 7620], device='cuda:0')
2024-01-30 06:51:16,836 - Classification Succeeds.
2024-01-30 06:51:16,837 - Link Generation Fails.
2024-01-30 06:51:45,896 - Victim node is 2918.
2024-01-30 06:51:45,896 - tensor([ 526, 2278, 3578], device='cuda:0')
2024-01-30 06:51:45,896 - Classification Succeeds.
2024-01-30 06:51:45,897 - Link Generation Fails.
2024-01-30 06:52:15,459 - Victim node is 1323.
2024-01-30 06:52:15,459 - tensor([5472, 5875, 7542], device='cuda:0')
2024-01-30 06:52:15,459 - Classification Fails.
2024-01-30 06:52:15,459 - Link Generation Fails.
2024-01-30 06:52:44,505 - Victim node is 2178.
2024-01-30 06:52:44,505 - tensor([5449, 6190, 7542], device='cuda:0')
2024-01-30 06:52:44,506 - Classification Fails.
2024-01-30 06:52:44,506 - Link Generation Fails.
2024-01-30 06:53:16,134 - Victim node is 1174.
2024-01-30 06:53:16,134 - tensor([ 593, 2198, 2239], device='cuda:0')
2024-01-30 06:53:16,135 - Classification Fails.
2024-01-30 06:53:16,135 - Link Generation Fails.
2024-01-30 06:53:47,692 - Victim node is 1082.
2024-01-30 06:53:47,692 - tensor([ 593, 2198, 2239], device='cuda:0')
2024-01-30 06:53:47,693 - Classification Fails.
2024-01-30 06:53:47,693 - Link Generation Fails.
2024-01-30 06:59:48,542 - Victim node is 4167.
2024-01-30 06:59:48,542 - tensor([7833, 8301, 8313], device='cuda:0')
2024-01-30 06:59:48,543 - Classification Succeeds.
2024-01-30 06:59:48,543 - Link Generation Succeeds.
2024-01-30 07:00:21,893 - Victim node is 4499.
2024-01-30 07:00:21,893 - tensor([2198, 7709, 8166], device='cuda:0')
2024-01-30 07:00:21,893 - Classification Succeeds.
2024-01-30 07:00:21,893 - Link Generation Succeeds.
2024-01-30 07:00:53,384 - Victim node is 5442.
2024-01-30 07:00:53,384 - tensor([2198, 7845, 8382], device='cuda:0')
2024-01-30 07:00:53,384 - Classification Succeeds.
2024-01-30 07:00:53,385 - Link Generation Succeeds.
2024-01-30 07:01:22,357 - Victim node is 3981.
2024-01-30 07:01:22,357 - tensor([4646, 6433, 7620], device='cuda:0')
2024-01-30 07:01:22,357 - Classification Succeeds.
2024-01-30 07:01:22,359 - Link Generation Fails.
2024-01-30 07:01:51,673 - Victim node is 5018.
2024-01-30 07:01:51,674 - tensor([ 593, 2198, 6702], device='cuda:0')
2024-01-30 07:01:51,674 - Classification Fails.
2024-01-30 07:01:51,674 - Link Generation Fails.
2024-01-30 07:02:21,190 - Victim node is 2074.
2024-01-30 07:02:21,190 - tensor([4663, 6130, 7620], device='cuda:0')
2024-01-30 07:02:21,191 - Classification Succeeds.
2024-01-30 07:02:21,191 - Link Generation Fails.
2024-01-30 07:02:50,674 - Victim node is 537.
2024-01-30 07:02:50,674 - tensor([ 593, 2198, 2239], device='cuda:0')
2024-01-30 07:02:50,675 - Classification Fails.
2024-01-30 07:02:50,675 - Link Generation Fails.
2024-01-30 07:03:19,208 - Victim node is 1758.
2024-01-30 07:03:19,208 - tensor([7656, 7668, 7679], device='cuda:0')
2024-01-30 07:03:19,208 - Classification Fails.
2024-01-30 07:03:19,208 - Link Generation Succeeds.
2024-01-30 07:03:48,466 - Victim node is 3186.
2024-01-30 07:03:48,466 - tensor([4646, 6279, 7620], device='cuda:0')
2024-01-30 07:03:48,467 - Classification Succeeds.
2024-01-30 07:03:48,467 - Link Generation Fails.
2024-01-30 07:04:18,291 - Victim node is 1804.
2024-01-30 07:04:18,291 - tensor([ 481, 4663, 7620], device='cuda:0')
2024-01-30 07:04:18,292 - Classification Fails.
2024-01-30 07:04:18,292 - Link Generation Fails.
2024-01-30 07:10:44,723 - Victim node is 7170.
2024-01-30 07:10:44,723 - tensor([7829, 8292, 9610], device='cuda:0')
2024-01-30 07:10:44,723 - Classification Succeeds.
2024-01-30 07:10:44,723 - Link Generation Succeeds.
2024-01-30 07:11:14,825 - Victim node is 6266.
2024-01-30 07:11:14,826 - tensor([2198, 2239, 4376], device='cuda:0')
2024-01-30 07:11:14,826 - Classification Fails.
2024-01-30 07:11:14,826 - Link Generation Fails.
2024-01-30 07:13:47,843 - Victim node is 696.
2024-01-30 07:13:47,844 - tensor([ 593, 2198, 8266], device='cuda:0')
2024-01-30 07:13:47,844 - Classification Fails.
2024-01-30 07:13:47,844 - Link Generation Succeeds.
2024-01-30 07:14:19,887 - Victim node is 403.
2024-01-30 07:14:19,889 - tensor([ 593, 2198, 2239], device='cuda:0')
2024-01-30 07:14:19,889 - Classification Fails.
2024-01-30 07:14:19,889 - Link Generation Fails.
2024-01-30 07:14:48,623 - Victim node is 2892.
2024-01-30 07:14:48,623 - tensor([3383, 4646, 7620], device='cuda:0')
2024-01-30 07:14:48,624 - Classification Fails.
2024-01-30 07:14:48,624 - Link Generation Fails.
2024-01-30 07:15:19,857 - Victim node is 736.
2024-01-30 07:15:19,857 - tensor([2198, 4376, 4384], device='cuda:0')
2024-01-30 07:15:19,857 - Classification Succeeds.
2024-01-30 07:15:19,857 - Link Generation Fails.
2024-01-30 07:15:48,911 - Victim node is 3336.
2024-01-30 07:15:48,911 - tensor([2278, 2580, 4119], device='cuda:0')
2024-01-30 07:15:48,912 - Classification Fails.
2024-01-30 07:15:48,912 - Link Generation Fails.
2024-01-30 07:16:20,848 - Victim node is 1197.
2024-01-30 07:16:20,848 - tensor([ 593, 2239, 8582], device='cuda:0')
2024-01-30 07:16:20,849 - Classification Succeeds.
2024-01-30 07:16:20,849 - Link Generation Succeeds.
2024-01-30 07:23:33,634 - Victim node is 6707.
2024-01-30 07:23:33,634 - tensor([4805, 7860, 7997], device='cuda:0')
2024-01-30 07:23:33,634 - Classification Succeeds.
2024-01-30 07:23:33,635 - Link Generation Succeeds.
2024-01-30 07:24:09,911 - Victim node is 4922.
2024-01-30 07:24:09,911 - tensor([4663, 6130, 7620], device='cuda:0')
2024-01-30 07:24:09,912 - Classification Succeeds.
2024-01-30 07:24:09,912 - Link Generation Fails.
2024-01-30 07:24:39,521 - Victim node is 5391.
2024-01-30 07:24:39,522 - tensor([6130, 6279, 7620], device='cuda:0')
2024-01-30 07:24:39,522 - Classification Succeeds.
2024-01-30 07:24:39,522 - Link Generation Fails.
2024-01-30 07:25:11,351 - Victim node is 3179.
2024-01-30 07:25:11,351 - tensor([2198, 7804, 8778], device='cuda:0')
2024-01-30 07:25:11,351 - Classification Fails.
2024-01-30 07:25:11,351 - Link Generation Succeeds.
2024-01-30 07:25:40,671 - Victim node is 6175.
2024-01-30 07:25:40,671 - tensor([ 593, 2198, 4376], device='cuda:0')
2024-01-30 07:25:40,672 - Classification Succeeds.
2024-01-30 07:25:40,672 - Link Generation Fails.
2024-01-30 07:26:12,142 - Victim node is 6171.
2024-01-30 07:26:12,142 - tensor([ 593, 2198, 2239], device='cuda:0')
2024-01-30 07:26:12,142 - Classification Fails.
2024-01-30 07:26:12,142 - Link Generation Fails.
2024-01-30 07:26:41,277 - Victim node is 1972.
2024-01-30 07:26:41,277 - tensor([ 593, 2198, 6702], device='cuda:0')
2024-01-30 07:26:41,277 - Classification Fails.
2024-01-30 07:26:41,277 - Link Generation Fails.
2024-01-30 07:27:10,032 - Victim node is 1726.
2024-01-30 07:27:10,032 - tensor([ 526, 3578, 4805], device='cuda:0')
2024-01-30 07:27:10,033 - Classification Fails.
2024-01-30 07:27:10,033 - Link Generation Fails.
2024-01-30 07:27:38,865 - Victim node is 3441.
2024-01-30 07:27:38,866 - tensor([1599, 6130, 6279], device='cuda:0')
2024-01-30 07:27:38,866 - Classification Succeeds.
2024-01-30 07:27:38,866 - Link Generation Fails.
2024-01-30 07:32:42,069 - Victim node is 4870.
2024-01-30 07:32:42,069 - tensor([7861, 8427, 8441], device='cuda:0')
2024-01-30 07:32:42,070 - Classification Succeeds.
2024-01-30 07:32:42,070 - Link Generation Succeeds.
2024-01-30 07:33:11,133 - Victim node is 6340.
2024-01-30 07:33:11,133 - tensor([1759, 2260, 7620], device='cuda:0')
2024-01-30 07:33:11,133 - Classification Succeeds.
2024-01-30 07:33:11,134 - Link Generation Fails.
2024-01-30 07:33:40,061 - Victim node is 2962.
2024-01-30 07:33:40,061 - tensor([6433, 7620, 7742], device='cuda:0')
2024-01-30 07:33:40,061 - Classification Succeeds.
2024-01-30 07:33:40,062 - Link Generation Succeeds.
2024-01-30 07:34:09,392 - Victim node is 6711.
2024-01-30 07:34:09,392 - tensor([5449, 7460, 7653], device='cuda:0')
2024-01-30 07:34:09,393 - Classification Succeeds.
2024-01-30 07:34:09,393 - Link Generation Succeeds.
2024-01-30 07:34:38,483 - Victim node is 560.
2024-01-30 07:34:38,483 - tensor([3383, 4646, 7620], device='cuda:0')
2024-01-30 07:34:38,483 - Classification Succeeds.
2024-01-30 07:34:38,483 - Link Generation Fails.
2024-01-30 07:35:10,052 - Victim node is 1810.
2024-01-30 07:35:10,052 - tensor([ 593, 2198, 2239], device='cuda:0')
2024-01-30 07:35:10,052 - Classification Fails.
2024-01-30 07:35:10,052 - Link Generation Fails.
2024-01-30 07:39:36,034 - Victim node is 3832.
2024-01-30 07:39:36,034 - tensor([7863, 8405, 8420], device='cuda:0')
2024-01-30 07:39:36,034 - Classification Fails.
2024-01-30 07:39:36,036 - Link Generation Succeeds.
2024-01-30 07:40:05,948 - Victim node is 6010.
2024-01-30 07:40:05,948 - tensor([2198, 2239, 4376], device='cuda:0')
2024-01-30 07:40:05,948 - Classification Fails.
2024-01-30 07:40:05,948 - Link Generation Fails.
2024-01-30 07:40:37,816 - Victim node is 4306.
2024-01-30 07:40:37,816 - tensor([ 593, 6702, 8679], device='cuda:0')
2024-01-30 07:40:37,816 - Classification Succeeds.
2024-01-30 07:40:37,816 - Link Generation Succeeds.
2024-01-30 07:45:54,821 - Victim node is 6414.
2024-01-30 07:45:54,821 - tensor([1058, 3895, 4384], device='cuda:0')
2024-01-30 07:45:54,822 - Classification Succeeds.
2024-01-30 07:45:54,822 - Link Generation Fails.
2024-01-30 07:46:24,235 - Victim node is 5743.
2024-01-30 07:46:24,235 - tensor([1759, 2260, 4666], device='cuda:0')
2024-01-30 07:46:24,235 - Classification Succeeds.
2024-01-30 07:46:24,235 - Link Generation Fails.
2024-01-30 07:46:53,557 - Victim node is 3624.
2024-01-30 07:46:53,558 - tensor([4663, 6130, 7620], device='cuda:0')
2024-01-30 07:46:53,558 - Classification Succeeds.
2024-01-30 07:46:53,558 - Link Generation Fails.
2024-01-30 07:47:24,777 - Victim node is 5166.
2024-01-30 07:47:24,777 - tensor([7907, 8542, 8703], device='cuda:0')
2024-01-30 07:47:24,778 - Classification Fails.
2024-01-30 07:47:24,778 - Link Generation Succeeds.
2024-01-30 07:47:53,739 - Victim node is 5643.
2024-01-30 07:47:53,740 - tensor([4646, 6433, 7620], device='cuda:0')
2024-01-30 07:47:53,740 - Classification Fails.
2024-01-30 07:47:53,740 - Link Generation Fails.
2024-01-30 07:48:25,879 - Victim node is 5218.
2024-01-30 07:48:25,879 - tensor([ 593, 2198, 4376], device='cuda:0')
2024-01-30 07:48:25,879 - Classification Fails.
2024-01-30 07:48:25,879 - Link Generation Fails.
2024-01-30 07:48:54,793 - Victim node is 6546.
2024-01-30 07:48:54,793 - tensor([2198, 2239, 4376], device='cuda:0')
2024-01-30 07:48:54,794 - Classification Succeeds.
2024-01-30 07:48:54,794 - Link Generation Fails.
2024-01-30 07:49:23,823 - Victim node is 4477.
2024-01-30 07:49:23,824 - tensor([2198, 2239, 4376], device='cuda:0')
2024-01-30 07:49:23,824 - Classification Fails.
2024-01-30 07:49:23,824 - Link Generation Fails.
2024-01-30 07:49:52,668 - Victim node is 3899.
2024-01-30 07:49:52,668 - tensor([7651, 7652, 7669], device='cuda:0')
2024-01-30 07:49:52,669 - Classification Fails.
2024-01-30 07:49:52,669 - Link Generation Succeeds.
2024-01-30 07:50:22,276 - Victim node is 631.
2024-01-30 07:50:22,276 - tensor([4646, 6433, 7620], device='cuda:0')
2024-01-30 07:50:22,276 - Classification Succeeds.
2024-01-30 07:50:22,276 - Link Generation Fails.
2024-01-30 07:50:51,437 - Victim node is 4389.
2024-01-30 07:50:51,437 - tensor([2198, 2239, 4376], device='cuda:0')
2024-01-30 07:50:51,437 - Classification Fails.
2024-01-30 07:50:51,437 - Link Generation Fails.
2024-01-30 07:53:23,950 - Victim node is 5551.
2024-01-30 07:53:23,950 - tensor([ 593, 7819, 8262], device='cuda:0')
2024-01-30 07:53:23,951 - Classification Succeeds.
2024-01-30 07:53:23,951 - Link Generation Succeeds.
2024-01-30 07:58:32,146 - Victim node is 5707.
2024-01-30 07:58:32,146 - tensor([1798, 3578, 3895], device='cuda:0')
2024-01-30 07:58:32,147 - Classification Succeeds.
2024-01-30 07:58:32,147 - Link Generation Fails.
2024-01-30 07:59:01,172 - Victim node is 5613.
2024-01-30 07:59:01,172 - tensor([6130, 7460, 7620], device='cuda:0')
2024-01-30 07:59:01,173 - Classification Fails.
2024-01-30 07:59:01,173 - Link Generation Fails.
2024-01-30 07:59:30,246 - Victim node is 3813.
2024-01-30 07:59:30,246 - tensor([1600, 4646, 7620], device='cuda:0')
2024-01-30 07:59:30,246 - Classification Succeeds.
2024-01-30 07:59:30,246 - Link Generation Fails.
2024-01-30 07:59:59,294 - Victim node is 665.
2024-01-30 07:59:59,294 - tensor([6130, 7620, 7690], device='cuda:0')
2024-01-30 07:59:59,294 - Classification Fails.
2024-01-30 07:59:59,294 - Link Generation Succeeds.
2024-01-30 08:00:28,962 - Victim node is 676.
2024-01-30 08:00:28,962 - tensor([3200, 4646, 7620], device='cuda:0')
2024-01-30 08:00:28,962 - Classification Succeeds.
2024-01-30 08:00:28,962 - Link Generation Fails.
2024-01-30 08:00:58,382 - Victim node is 2596.
2024-01-30 08:00:58,382 - tensor([1759, 4666, 7620], device='cuda:0')
2024-01-30 08:00:58,382 - Classification Fails.
2024-01-30 08:00:58,383 - Link Generation Fails.
2024-01-30 08:01:27,114 - Victim node is 2023.
2024-01-30 08:01:27,114 - tensor([4646, 7460, 7620], device='cuda:0')
2024-01-30 08:01:27,114 - Classification Fails.
2024-01-30 08:01:27,114 - Link Generation Fails.
2024-01-30 08:01:56,552 - Victim node is 7129.
2024-01-30 08:01:56,552 - tensor([5449, 6130, 7620], device='cuda:0')
2024-01-30 08:01:56,553 - Classification Succeeds.
2024-01-30 08:01:56,553 - Link Generation Fails.
2024-01-30 08:02:25,930 - Victim node is 2099.
2024-01-30 08:02:25,930 - tensor([ 593, 2198, 2239], device='cuda:0')
2024-01-30 08:02:25,930 - Classification Fails.
2024-01-30 08:02:25,930 - Link Generation Fails.
2024-01-30 08:08:53,738 - Victim node is 4295.
2024-01-30 08:08:53,738 - tensor([ 593, 4376, 8320], device='cuda:0')
2024-01-30 08:08:53,739 - Classification Fails.
2024-01-30 08:08:53,739 - Link Generation Succeeds.
2024-01-30 08:09:23,774 - Victim node is 3541.
2024-01-30 08:09:23,774 - tensor([2198, 2239, 4805], device='cuda:0')
2024-01-30 08:09:23,775 - Classification Fails.
2024-01-30 08:09:23,775 - Link Generation Fails.
2024-01-30 08:09:55,421 - Victim node is 6757.
2024-01-30 08:09:55,421 - tensor([4663, 6130, 7620], device='cuda:0')
2024-01-30 08:09:55,421 - Classification Succeeds.
2024-01-30 08:09:55,421 - Link Generation Fails.
2024-01-30 08:12:25,866 - Victim node is 906.
2024-01-30 08:12:25,866 - tensor([2239, 7808, 8242], device='cuda:0')
2024-01-30 08:12:25,866 - Classification Succeeds.
2024-01-30 08:12:25,866 - Link Generation Succeeds.
2024-01-30 08:12:56,204 - Victim node is 2092.
2024-01-30 08:12:56,204 - tensor([ 593, 2198, 2239], device='cuda:0')
2024-01-30 08:12:56,204 - Classification Fails.
2024-01-30 08:12:56,205 - Link Generation Fails.
2024-01-30 08:18:07,485 - Victim node is 1634.
2024-01-30 08:18:07,485 - tensor([7856, 8399, 8414], device='cuda:0')
2024-01-30 08:18:07,486 - Classification Succeeds.
2024-01-30 08:18:07,486 - Link Generation Succeeds.
2024-01-30 08:18:38,339 - Victim node is 3965.
2024-01-30 08:18:38,339 - tensor([2198, 2239, 4376], device='cuda:0')
2024-01-30 08:18:38,339 - Classification Succeeds.
2024-01-30 08:18:38,339 - Link Generation Fails.
2024-01-30 08:19:07,499 - Victim node is 2499.
2024-01-30 08:19:07,499 - tensor([7620, 7721, 7732], device='cuda:0')
2024-01-30 08:19:07,499 - Classification Succeeds.
2024-01-30 08:19:07,499 - Link Generation Succeeds.
2024-01-30 08:19:39,153 - Victim node is 6636.
2024-01-30 08:19:39,153 - tensor([2198, 7751, 8486], device='cuda:0')
2024-01-30 08:19:39,154 - Classification Fails.
2024-01-30 08:19:39,154 - Link Generation Succeeds.
2024-01-30 08:20:08,774 - Victim node is 120.
2024-01-30 08:20:08,774 - tensor([6130, 6279, 7542], device='cuda:0')
2024-01-30 08:20:08,775 - Classification Fails.
2024-01-30 08:20:08,775 - Link Generation Fails.
2024-01-30 08:20:40,761 - Victim node is 1651.
2024-01-30 08:20:40,762 - tensor([ 593, 2198, 7779], device='cuda:0')
2024-01-30 08:20:40,762 - Classification Fails.
2024-01-30 08:20:40,762 - Link Generation Succeeds.
2024-01-30 08:21:09,769 - Victim node is 5673.
2024-01-30 08:21:09,769 - tensor([1136, 1599, 5526], device='cuda:0')
2024-01-30 08:21:09,769 - Classification Fails.
2024-01-30 08:21:09,770 - Link Generation Fails.
2024-01-30 08:23:43,842 - Victim node is 6284.
2024-01-30 08:23:43,842 - tensor([2239, 7825, 8280], device='cuda:0')
2024-01-30 08:23:43,842 - Classification Succeeds.
2024-01-30 08:23:43,842 - Link Generation Succeeds.
2024-01-30 08:24:13,284 - Victim node is 519.
2024-01-30 08:24:13,284 - tensor([  16, 6499, 7542], device='cuda:0')
2024-01-30 08:24:13,285 - Classification Fails.
2024-01-30 08:24:13,285 - Link Generation Fails.
2024-01-30 08:24:42,782 - Victim node is 147.
2024-01-30 08:24:42,784 - tensor([4646, 6433, 7620], device='cuda:0')
2024-01-30 08:24:42,784 - Classification Fails.
2024-01-30 08:24:42,784 - Link Generation Fails.
2024-01-30 08:25:14,593 - Victim node is 2102.
2024-01-30 08:25:14,593 - tensor([7780, 7932, 8613], device='cuda:0')
2024-01-30 08:25:14,594 - Classification Succeeds.
2024-01-30 08:25:14,594 - Link Generation Succeeds.
2024-01-30 08:25:46,562 - Victim node is 3686.
2024-01-30 08:25:46,562 - tensor([ 593, 2198, 2239], device='cuda:0')
2024-01-30 08:25:46,562 - Classification Fails.
2024-01-30 08:25:46,562 - Link Generation Fails.
2024-01-30 08:26:16,413 - Victim node is 7206.
2024-01-30 08:26:16,413 - tensor([ 593, 2198, 4376], device='cuda:0')
2024-01-30 08:26:16,413 - Classification Fails.
2024-01-30 08:26:16,414 - Link Generation Fails.
2024-01-30 08:26:48,240 - Victim node is 3559.
2024-01-30 08:26:48,240 - tensor([ 593, 2198, 2239], device='cuda:0')
2024-01-30 08:26:48,240 - Classification Fails.
2024-01-30 08:26:48,240 - Link Generation Fails.
2024-01-30 08:27:17,053 - Victim node is 506.
2024-01-30 08:27:17,053 - tensor([2198, 2239, 4376], device='cuda:0')
2024-01-30 08:27:17,053 - Classification Fails.
2024-01-30 08:27:17,054 - Link Generation Fails.
2024-01-30 08:27:46,076 - Victim node is 7598.
2024-01-30 08:27:46,076 - tensor([6130, 6279, 7620], device='cuda:0')
2024-01-30 08:27:46,077 - Classification Succeeds.
2024-01-30 08:27:46,077 - Link Generation Fails.
2024-01-30 08:28:18,055 - Victim node is 2192.
2024-01-30 08:28:18,055 - tensor([ 593, 2198, 2239], device='cuda:0')
2024-01-30 08:28:18,056 - Classification Fails.
2024-01-30 08:28:18,056 - Link Generation Fails.
2024-01-30 08:28:47,240 - Victim node is 6739.
2024-01-30 08:28:47,240 - tensor([4663, 6130, 7620], device='cuda:0')
2024-01-30 08:28:47,241 - Classification Succeeds.
2024-01-30 08:28:47,241 - Link Generation Fails.
2024-01-30 08:29:16,073 - Victim node is 5366.
2024-01-30 08:29:16,073 - tensor([2198, 4376, 4805], device='cuda:0')
2024-01-30 08:29:16,073 - Classification Fails.
2024-01-30 08:29:16,073 - Link Generation Fails.
2024-01-30 08:34:26,739 - Victim node is 629.
2024-01-30 08:34:26,739 - tensor([2239, 7850, 8405], device='cuda:0')
2024-01-30 08:34:26,740 - Classification Fails.
2024-01-30 08:34:26,740 - Link Generation Succeeds.
2024-01-30 08:35:06,969 - Victim node is 1727.
2024-01-30 08:35:06,969 - tensor([2239, 4376, 8644], device='cuda:0')
2024-01-30 08:35:06,970 - Classification Succeeds.
2024-01-30 08:35:06,970 - Link Generation Succeeds.
2024-01-30 08:35:35,773 - Victim node is 755.
2024-01-30 08:35:35,773 - tensor([ 593, 2198, 4376], device='cuda:0')
2024-01-30 08:35:35,774 - Classification Fails.
2024-01-30 08:35:35,774 - Link Generation Fails.
2024-01-30 08:36:05,301 - Victim node is 1075.
2024-01-30 08:36:05,301 - tensor([4663, 6130, 7620], device='cuda:0')
2024-01-30 08:36:05,302 - Classification Succeeds.
2024-01-30 08:36:05,302 - Link Generation Fails.
2024-01-30 08:36:34,760 - Victim node is 3530.
2024-01-30 08:36:34,760 - tensor([1600, 7620, 7832], device='cuda:0')
2024-01-30 08:36:34,760 - Classification Fails.
2024-01-30 08:36:34,761 - Link Generation Succeeds.
2024-01-30 08:37:03,668 - Victim node is 1677.
2024-01-30 08:37:03,668 - tensor([3383, 7177, 7542], device='cuda:0')
2024-01-30 08:37:03,668 - Classification Succeeds.
2024-01-30 08:37:03,668 - Link Generation Fails.
2024-01-30 08:37:32,747 - Victim node is 6298.
2024-01-30 08:37:32,748 - tensor([ 526, 3578, 4805], device='cuda:0')
2024-01-30 08:37:32,748 - Classification Fails.
2024-01-30 08:37:32,748 - Link Generation Fails.
2024-01-30 08:40:04,348 - Victim node is 1421.
2024-01-30 08:40:04,349 - tensor([2239, 7827, 8273], device='cuda:0')
2024-01-30 08:40:04,349 - Classification Succeeds.
2024-01-30 08:40:04,349 - Link Generation Succeeds.
2024-01-30 08:40:35,556 - Victim node is 6766.
2024-01-30 08:40:35,556 - tensor([ 526, 2863, 6433], device='cuda:0')
2024-01-30 08:40:35,557 - Classification Fails.
2024-01-30 08:40:35,557 - Link Generation Fails.
2024-01-30 08:41:04,619 - Victim node is 1640.
2024-01-30 08:41:04,619 - tensor([  16, 6190, 7542], device='cuda:0')
2024-01-30 08:41:04,620 - Classification Fails.
2024-01-30 08:41:04,620 - Link Generation Fails.
2024-01-30 08:41:33,598 - Victim node is 4187.
2024-01-30 08:41:33,598 - tensor([ 593, 2198, 6702], device='cuda:0')
2024-01-30 08:41:33,598 - Classification Fails.
2024-01-30 08:41:33,598 - Link Generation Fails.
2024-01-30 08:42:02,719 - Victim node is 4432.
2024-01-30 08:42:02,720 - tensor([6190, 7542, 7724], device='cuda:0')
2024-01-30 08:42:02,720 - Classification Succeeds.
2024-01-30 08:42:02,720 - Link Generation Succeeds.
2024-01-30 08:42:35,123 - Victim node is 3550.
2024-01-30 08:42:35,123 - tensor([2198, 7856, 8339], device='cuda:0')
2024-01-30 08:42:35,123 - Classification Fails.
2024-01-30 08:42:35,123 - Link Generation Succeeds.
2024-01-30 08:43:04,184 - Victim node is 5267.
2024-01-30 08:43:04,184 - tensor([2694, 6190, 7542], device='cuda:0')
2024-01-30 08:43:04,184 - Classification Fails.
2024-01-30 08:43:04,184 - Link Generation Fails.
2024-01-30 08:43:33,566 - Victim node is 6237.
2024-01-30 08:43:33,566 - tensor([ 593, 2198, 2239], device='cuda:0')
2024-01-30 08:43:33,567 - Classification Fails.
2024-01-30 08:43:33,567 - Link Generation Fails.
2024-01-30 08:50:09,664 - Victim node is 3695.
2024-01-30 08:50:09,665 - tensor([ 593, 8356, 8370], device='cuda:0')
2024-01-30 08:50:09,665 - Classification Fails.
2024-01-30 08:50:09,665 - Link Generation Succeeds.
2024-01-30 08:50:38,928 - Victim node is 3315.
2024-01-30 08:50:38,928 - tensor([6279, 7542, 7620], device='cuda:0')
2024-01-30 08:50:38,928 - Classification Fails.
2024-01-30 08:50:38,928 - Link Generation Fails.
2024-01-30 08:51:07,873 - Victim node is 6645.
2024-01-30 08:51:07,873 - tensor([1599, 2144, 6190], device='cuda:0')
2024-01-30 08:51:07,873 - Classification Fails.
2024-01-30 08:51:07,873 - Link Generation Fails.
2024-01-30 08:51:39,282 - Victim node is 2883.
2024-01-30 08:51:39,282 - tensor([ 593, 2239, 8712], device='cuda:0')
2024-01-30 08:51:39,283 - Classification Succeeds.
2024-01-30 08:51:39,283 - Link Generation Succeeds.
2024-01-30 08:52:08,284 - Victim node is 6605.
2024-01-30 08:52:08,284 - tensor([ 593, 2198, 2239], device='cuda:0')
2024-01-30 08:52:08,285 - Classification Fails.
2024-01-30 08:52:08,285 - Link Generation Fails.
2024-01-30 08:52:37,768 - Victim node is 7594.
2024-01-30 08:52:37,768 - tensor([4646, 6433, 7620], device='cuda:0')
2024-01-30 08:52:37,768 - Classification Succeeds.
2024-01-30 08:52:37,768 - Link Generation Fails.
2024-01-30 08:53:06,969 - Victim node is 1016.
2024-01-30 08:53:06,969 - tensor([ 593, 2198, 2239], device='cuda:0')
2024-01-30 08:53:06,969 - Classification Fails.
2024-01-30 08:53:06,969 - Link Generation Fails.
2024-01-30 08:53:35,533 - Victim node is 1077.
2024-01-30 08:53:35,533 - tensor([7654, 7662, 7666], device='cuda:0')
2024-01-30 08:53:35,534 - Classification Succeeds.
2024-01-30 08:53:35,534 - Link Generation Succeeds.
2024-01-30 08:54:05,047 - Victim node is 4163.
2024-01-30 08:54:05,047 - tensor([ 593, 2198, 2239], device='cuda:0')
2024-01-30 08:54:05,048 - Classification Fails.
2024-01-30 08:54:05,048 - Link Generation Fails.
2024-01-30 08:56:32,183 - Victim node is 2484.
2024-01-30 08:56:32,183 - tensor([ 593, 8758, 8780], device='cuda:0')
2024-01-30 08:56:32,184 - Classification Succeeds.
2024-01-30 08:56:32,184 - Link Generation Succeeds.
2024-01-30 08:57:00,837 - Victim node is 2690.
2024-01-30 08:57:00,837 - tensor([ 593, 2198, 4376], device='cuda:0')
2024-01-30 08:57:00,838 - Classification Fails.
2024-01-30 08:57:00,838 - Link Generation Fails.
2024-01-30 08:57:29,769 - Victim node is 4921.
2024-01-30 08:57:29,769 - tensor([3470, 6130, 7620], device='cuda:0')
2024-01-30 08:57:29,769 - Classification Fails.
2024-01-30 08:57:29,769 - Link Generation Fails.
2024-01-30 08:57:58,868 - Victim node is 4077.
2024-01-30 08:57:58,868 - tensor([6190, 7694, 7699], device='cuda:0')
2024-01-30 08:57:58,869 - Classification Fails.
2024-01-30 08:57:58,869 - Link Generation Succeeds.
2024-01-30 08:58:28,362 - Victim node is 4748.
2024-01-30 08:58:28,362 - tensor([1599, 5449, 5875], device='cuda:0')
2024-01-30 08:58:28,363 - Classification Fails.
2024-01-30 08:58:28,363 - Link Generation Fails.
2024-01-30 08:58:59,635 - Victim node is 7363.
2024-01-30 08:58:59,635 - tensor([ 593, 2198, 4376], device='cuda:0')
2024-01-30 08:58:59,635 - Classification Fails.
2024-01-30 08:58:59,636 - Link Generation Fails.
2024-01-30 08:59:28,486 - Victim node is 3275.
2024-01-30 08:59:28,486 - tensor([ 593, 2198, 2239], device='cuda:0')
2024-01-30 08:59:28,486 - Classification Fails.
2024-01-30 08:59:28,486 - Link Generation Fails.
2024-01-30 08:59:58,188 - Victim node is 1115.
2024-01-30 08:59:58,188 - tensor([3231, 5528, 7542], device='cuda:0')
2024-01-30 08:59:58,188 - Classification Fails.
2024-01-30 08:59:58,188 - Link Generation Fails.
2024-01-30 09:00:30,171 - Victim node is 1730.
2024-01-30 09:00:30,171 - tensor([ 593, 2198, 8481], device='cuda:0')
2024-01-30 09:00:30,172 - Classification Fails.
2024-01-30 09:00:30,172 - Link Generation Succeeds.
2024-01-30 09:00:59,471 - Victim node is 827.
2024-01-30 09:00:59,471 - tensor([3383, 6433, 7620], device='cuda:0')
2024-01-30 09:00:59,472 - Classification Succeeds.
2024-01-30 09:00:59,472 - Link Generation Fails.
2024-01-30 09:01:28,680 - Victim node is 3635.
2024-01-30 09:01:28,680 - tensor([ 593, 2198, 2239], device='cuda:0')
2024-01-30 09:01:28,681 - Classification Succeeds.
2024-01-30 09:01:28,681 - Link Generation Fails.
2024-01-30 09:02:00,371 - Victim node is 6219.
2024-01-30 09:02:00,371 - tensor([ 593, 2198, 2239], device='cuda:0')
2024-01-30 09:02:00,371 - Classification Fails.
2024-01-30 09:02:00,371 - Link Generation Fails.
2024-01-30 09:02:29,860 - Victim node is 5482.
2024-01-30 09:02:29,860 - tensor([5449, 6130, 7620], device='cuda:0')
2024-01-30 09:02:29,861 - Classification Succeeds.
2024-01-30 09:02:29,861 - Link Generation Fails.
2024-01-30 09:02:58,533 - Victim node is 3111.
2024-01-30 09:02:58,533 - tensor([6190, 7177, 7654], device='cuda:0')
2024-01-30 09:02:58,534 - Classification Fails.
2024-01-30 09:02:58,534 - Link Generation Succeeds.
2024-01-30 09:03:29,851 - Victim node is 3250.
2024-01-30 09:03:29,851 - tensor([ 593, 2198, 2239], device='cuda:0')
2024-01-30 09:03:29,851 - Classification Fails.
2024-01-30 09:03:29,851 - Link Generation Fails.
2024-01-30 09:03:59,169 - Victim node is 5479.
2024-01-30 09:03:59,169 - tensor([ 593, 2198, 2239], device='cuda:0')
2024-01-30 09:03:59,170 - Classification Fails.
2024-01-30 09:03:59,170 - Link Generation Fails.
2024-01-30 09:04:28,607 - Victim node is 7025.
2024-01-30 09:04:28,608 - tensor([4663, 6433, 7620], device='cuda:0')
2024-01-30 09:04:28,608 - Classification Succeeds.
2024-01-30 09:04:28,608 - Link Generation Fails.
2024-01-30 09:10:35,603 - Victim node is 4791.
2024-01-30 09:10:35,603 - tensor([ 593, 8342, 9023], device='cuda:0')
2024-01-30 09:10:35,603 - Classification Succeeds.
2024-01-30 09:10:35,604 - Link Generation Succeeds.
2024-01-30 09:11:04,612 - Victim node is 2424.
2024-01-30 09:11:04,612 - tensor([3383, 5449, 7542], device='cuda:0')
2024-01-30 09:11:04,612 - Classification Fails.
2024-01-30 09:11:04,612 - Link Generation Fails.
2024-01-30 09:11:33,677 - Victim node is 7489.
2024-01-30 09:11:33,677 - tensor([6130, 7460, 7620], device='cuda:0')
2024-01-30 09:11:33,677 - Classification Succeeds.
2024-01-30 09:11:33,678 - Link Generation Fails.
2024-01-30 09:12:02,930 - Victim node is 4318.
2024-01-30 09:12:02,930 - tensor([4646, 6130, 7620], device='cuda:0')
2024-01-30 09:12:02,931 - Classification Fails.
2024-01-30 09:12:02,931 - Link Generation Fails.
2024-01-30 09:12:32,660 - Victim node is 1009.
2024-01-30 09:12:32,660 - tensor([4646, 6130, 7620], device='cuda:0')
2024-01-30 09:12:32,661 - Classification Succeeds.
2024-01-30 09:12:32,661 - Link Generation Fails.
2024-01-30 09:13:01,558 - Victim node is 2008.
2024-01-30 09:13:01,558 - tensor([ 593, 2198, 2239], device='cuda:0')
2024-01-30 09:13:01,558 - Classification Fails.
2024-01-30 09:13:01,558 - Link Generation Fails.
2024-01-30 09:13:30,896 - Victim node is 5533.
2024-01-30 09:13:30,896 - tensor([ 481, 4244, 4663], device='cuda:0')
2024-01-30 09:13:30,897 - Classification Succeeds.
2024-01-30 09:13:30,897 - Link Generation Fails.
2024-01-30 09:14:03,172 - Victim node is 4590.
2024-01-30 09:14:03,172 - tensor([2239, 7960, 8711], device='cuda:0')
2024-01-30 09:14:03,173 - Classification Succeeds.
2024-01-30 09:14:03,173 - Link Generation Succeeds.
2024-01-30 09:14:32,373 - Victim node is 2177.
2024-01-30 09:14:32,373 - tensor([3437, 4906, 6433], device='cuda:0')
2024-01-30 09:14:32,373 - Classification Succeeds.
2024-01-30 09:14:32,373 - Link Generation Fails.
2024-01-30 09:15:01,183 - Victim node is 3420.
2024-01-30 09:15:01,183 - tensor([ 932, 7460, 7542], device='cuda:0')
2024-01-30 09:15:01,183 - Classification Fails.
2024-01-30 09:15:01,184 - Link Generation Fails.
2024-01-30 09:17:28,407 - Victim node is 4162.
2024-01-30 09:17:28,407 - tensor([7971, 8758, 8963], device='cuda:0')
2024-01-30 09:17:28,408 - Classification Succeeds.
2024-01-30 09:17:28,408 - Link Generation Succeeds.
2024-01-30 09:23:52,811 - Victim node is 1610.
2024-01-30 09:23:52,811 - tensor([ 593, 2198, 8329], device='cuda:0')
2024-01-30 09:23:52,811 - Classification Fails.
2024-01-30 09:23:52,811 - Link Generation Succeeds.
2024-01-30 09:26:38,313 - Victim node is 2042.
2024-01-30 09:26:38,313 - tensor([ 593, 4376, 6702], device='cuda:0')
2024-01-30 09:26:38,313 - Classification Succeeds.
2024-01-30 09:26:38,314 - Link Generation Fails.
2024-01-30 09:27:08,820 - Victim node is 5480.
2024-01-30 09:27:08,820 - tensor([1374, 1600, 7683], device='cuda:0')
2024-01-30 09:27:08,820 - Classification Fails.
2024-01-30 09:27:08,820 - Link Generation Succeeds.
2024-01-30 09:27:37,584 - Victim node is 7016.
2024-01-30 09:27:37,584 - tensor([ 593, 2198, 2239], device='cuda:0')
2024-01-30 09:27:37,584 - Classification Succeeds.
2024-01-30 09:27:37,584 - Link Generation Fails.
2024-01-30 09:28:09,517 - Victim node is 2371.
2024-01-30 09:28:09,517 - tensor([ 593, 2198, 2239], device='cuda:0')
2024-01-30 09:28:09,517 - Classification Fails.
2024-01-30 09:28:09,517 - Link Generation Fails.
2024-01-30 09:28:38,759 - Victim node is 4913.
2024-01-30 09:28:38,760 - tensor([2198, 2239, 4805], device='cuda:0')
2024-01-30 09:28:38,760 - Classification Succeeds.
2024-01-30 09:28:38,760 - Link Generation Fails.
2024-01-30 09:34:08,084 - Victim node is 4479.
2024-01-30 09:34:08,085 - tensor([6702, 7870, 8441], device='cuda:0')
2024-01-30 09:34:08,085 - Classification Fails.
2024-01-30 09:34:08,085 - Link Generation Succeeds.
2024-01-30 09:34:39,288 - Victim node is 5283.
2024-01-30 09:34:39,288 - tensor([3231, 6190, 7460], device='cuda:0')
2024-01-30 09:34:39,289 - Classification Fails.
2024-01-30 09:34:39,289 - Link Generation Fails.
2024-01-30 09:35:10,676 - Victim node is 3124.
2024-01-30 09:35:10,676 - tensor([ 593, 2198, 4376], device='cuda:0')
2024-01-30 09:35:10,677 - Classification Fails.
2024-01-30 09:35:10,677 - Link Generation Fails.
2024-01-30 09:35:39,978 - Victim node is 4178.
2024-01-30 09:35:39,978 - tensor([ 593, 2198, 2239], device='cuda:0')
2024-01-30 09:35:39,978 - Classification Succeeds.
2024-01-30 09:35:39,978 - Link Generation Fails.
2024-01-30 09:36:09,725 - Victim node is 2678.
2024-01-30 09:36:09,725 - tensor([ 593, 2198, 4376], device='cuda:0')
2024-01-30 09:36:09,726 - Classification Fails.
2024-01-30 09:36:09,726 - Link Generation Fails.
2024-01-30 09:38:37,394 - Victim node is 2336.
2024-01-30 09:38:37,394 - tensor([7795, 7963, 8742], device='cuda:0')
2024-01-30 09:38:37,394 - Classification Succeeds.
2024-01-30 09:38:37,394 - Link Generation Succeeds.
2024-01-30 09:39:06,054 - Victim node is 6334.
2024-01-30 09:39:06,054 - tensor([4646, 4906, 6433], device='cuda:0')
2024-01-30 09:39:06,054 - Classification Succeeds.
2024-01-30 09:39:06,055 - Link Generation Fails.
2024-01-30 09:39:34,617 - Victim node is 961.
2024-01-30 09:39:34,617 - tensor([7650, 7653, 7667], device='cuda:0')
2024-01-30 09:39:34,617 - Classification Succeeds.
2024-01-30 09:39:34,618 - Link Generation Succeeds.
2024-01-30 09:40:03,868 - Victim node is 4079.
2024-01-30 09:40:03,868 - tensor([4646, 6130, 7620], device='cuda:0')
2024-01-30 09:40:03,869 - Classification Fails.
2024-01-30 09:40:03,869 - Link Generation Fails.
2024-01-30 09:40:33,317 - Victim node is 189.
2024-01-30 09:40:33,317 - tensor([1759, 2260, 7620], device='cuda:0')
2024-01-30 09:40:33,317 - Classification Fails.
2024-01-30 09:40:33,317 - Link Generation Fails.
2024-01-30 09:41:02,347 - Victim node is 812.
2024-01-30 09:41:02,347 - tensor([1600, 5472, 7620], device='cuda:0')
2024-01-30 09:41:02,348 - Classification Succeeds.
2024-01-30 09:41:02,348 - Link Generation Fails.
2024-01-30 09:41:31,094 - Victim node is 5771.
2024-01-30 09:41:31,094 - tensor([1759, 2260, 4666], device='cuda:0')
2024-01-30 09:41:31,095 - Classification Fails.
2024-01-30 09:41:31,095 - Link Generation Fails.
2024-01-30 09:46:19,290 - Victim node is 6968.
2024-01-30 09:46:19,290 - tensor([7856, 8392, 8406], device='cuda:0')
2024-01-30 09:46:19,290 - Classification Succeeds.
2024-01-30 09:46:19,290 - Link Generation Succeeds.
2024-01-30 09:52:51,279 - Victim node is 1665.
2024-01-30 09:52:51,279 - tensor([ 593, 2239, 8312], device='cuda:0')
2024-01-30 09:52:51,281 - Classification Succeeds.
2024-01-30 09:52:51,282 - Link Generation Succeeds.
2024-01-30 09:59:37,390 - Victim node is 7174.
2024-01-30 09:59:37,390 - tensor([2239, 4376, 8356], device='cuda:0')
2024-01-30 09:59:37,390 - Classification Succeeds.
2024-01-30 09:59:37,390 - Link Generation Succeeds.
2024-01-30 10:02:17,533 - Victim node is 4194.
2024-01-30 10:02:17,533 - tensor([2198, 8825, 8846], device='cuda:0')
2024-01-30 10:02:17,534 - Classification Succeeds.
2024-01-30 10:02:17,534 - Link Generation Succeeds.
2024-01-30 10:02:46,856 - Victim node is 4118.
2024-01-30 10:02:46,856 - tensor([2198, 2239, 4376], device='cuda:0')
2024-01-30 10:02:46,856 - Classification Fails.
2024-01-30 10:02:46,856 - Link Generation Fails.
2024-01-30 10:05:15,844 - Victim node is 7477.
2024-01-30 10:05:15,844 - tensor([2239, 7976, 8819], device='cuda:0')
2024-01-30 10:05:15,844 - Classification Succeeds.
2024-01-30 10:05:15,845 - Link Generation Succeeds.
2024-01-30 10:05:45,366 - Victim node is 5628.
2024-01-30 10:05:45,366 - tensor([2198, 2239, 4376], device='cuda:0')
2024-01-30 10:05:45,366 - Classification Fails.
2024-01-30 10:05:45,367 - Link Generation Fails.
2024-01-30 10:06:15,067 - Victim node is 6842.
2024-01-30 10:06:15,067 - tensor([2198, 2239, 4376], device='cuda:0')
2024-01-30 10:06:15,067 - Classification Fails.
2024-01-30 10:06:15,068 - Link Generation Fails.
2024-01-30 10:06:44,380 - Victim node is 2928.
2024-01-30 10:06:44,380 - tensor([3383, 4906, 6433], device='cuda:0')
2024-01-30 10:06:44,381 - Classification Succeeds.
2024-01-30 10:06:44,381 - Link Generation Fails.
2024-01-30 10:07:13,757 - Victim node is 3509.
2024-01-30 10:07:13,757 - tensor([4646, 6130, 7620], device='cuda:0')
2024-01-30 10:07:13,758 - Classification Succeeds.
2024-01-30 10:07:13,758 - Link Generation Fails.
2024-01-30 10:07:46,042 - Victim node is 6854.
2024-01-30 10:07:46,042 - tensor([2198, 8350, 8682], device='cuda:0')
2024-01-30 10:07:46,043 - Classification Fails.
2024-01-30 10:07:46,043 - Link Generation Succeeds.
2024-01-30 10:10:16,609 - Victim node is 4303.
2024-01-30 10:10:16,609 - tensor([ 593, 2198, 8826], device='cuda:0')
2024-01-30 10:10:16,609 - Classification Succeeds.
2024-01-30 10:10:16,609 - Link Generation Succeeds.
2024-01-30 10:12:48,803 - Victim node is 3462.
2024-01-30 10:12:48,803 - tensor([ 593, 7968, 8769], device='cuda:0')
2024-01-30 10:12:48,804 - Classification Succeeds.
2024-01-30 10:12:48,804 - Link Generation Succeeds.
2024-01-30 10:13:20,498 - Victim node is 6578.
2024-01-30 10:13:20,498 - tensor([ 593, 2198, 6702], device='cuda:0')
2024-01-30 10:13:20,498 - Classification Fails.
2024-01-30 10:13:20,498 - Link Generation Fails.
2024-01-30 10:13:49,977 - Victim node is 1728.
2024-01-30 10:13:49,979 - tensor([1599, 6130, 7620], device='cuda:0')
2024-01-30 10:13:49,979 - Classification Fails.
2024-01-30 10:13:49,979 - Link Generation Fails.
2024-01-30 10:14:19,296 - Victim node is 6329.
2024-01-30 10:14:19,296 - tensor([3383, 4906, 6433], device='cuda:0')
2024-01-30 10:14:19,297 - Classification Succeeds.
2024-01-30 10:14:19,297 - Link Generation Fails.
2024-01-30 10:14:48,221 - Victim node is 688.
2024-01-30 10:14:48,221 - tensor([5875, 6279, 7620], device='cuda:0')
2024-01-30 10:14:48,222 - Classification Succeeds.
2024-01-30 10:14:48,222 - Link Generation Fails.
2024-01-30 10:15:16,788 - Victim node is 7515.
2024-01-30 10:15:16,788 - tensor([4646, 6433, 7620], device='cuda:0')
2024-01-30 10:15:16,788 - Classification Fails.
2024-01-30 10:15:16,788 - Link Generation Fails.
2024-01-30 10:15:48,021 - Victim node is 5616.
2024-01-30 10:15:48,021 - tensor([4663, 6130, 7620], device='cuda:0')
2024-01-30 10:15:48,022 - Classification Succeeds.
2024-01-30 10:15:48,022 - Link Generation Fails.
2024-01-30 10:18:14,017 - Victim node is 3282.
2024-01-30 10:18:14,017 - tensor([ 593, 8024, 8756], device='cuda:0')
2024-01-30 10:18:14,018 - Classification Succeeds.
2024-01-30 10:18:14,018 - Link Generation Succeeds.
2024-01-30 10:18:44,419 - Victim node is 454.
2024-01-30 10:18:44,419 - tensor([3200, 6130, 7620], device='cuda:0')
2024-01-30 10:18:44,419 - Classification Succeeds.
2024-01-30 10:18:44,419 - Link Generation Fails.
2024-01-30 10:24:11,295 - Victim node is 6354.
2024-01-30 10:24:11,295 - tensor([7853, 8404, 8419], device='cuda:0')
2024-01-30 10:24:11,295 - Classification Fails.
2024-01-30 10:24:11,295 - Link Generation Succeeds.
2024-01-30 10:25:12,107 - Victim node is 2483.
2024-01-30 10:25:12,107 - tensor([3383, 5449, 7658], device='cuda:0')
2024-01-30 10:25:12,107 - Classification Fails.
2024-01-30 10:25:12,107 - Link Generation Succeeds.
2024-01-30 10:25:41,189 - Victim node is 2161.
2024-01-30 10:25:41,189 - tensor([2278, 4119, 6433], device='cuda:0')
2024-01-30 10:25:41,190 - Classification Fails.
2024-01-30 10:25:41,190 - Link Generation Fails.
2024-01-30 10:26:10,505 - Victim node is 6206.
2024-01-30 10:26:10,506 - tensor([ 932, 7460, 7542], device='cuda:0')
2024-01-30 10:26:10,506 - Classification Fails.
2024-01-30 10:26:10,506 - Link Generation Fails.
2024-01-30 10:26:39,795 - Victim node is 7263.
2024-01-30 10:26:39,795 - tensor([3231, 6130, 7620], device='cuda:0')
2024-01-30 10:26:39,796 - Classification Fails.
2024-01-30 10:26:39,796 - Link Generation Fails.
2024-01-30 10:27:08,372 - Victim node is 5715.
2024-01-30 10:27:08,372 - tensor([3383, 7542, 7620], device='cuda:0')
2024-01-30 10:27:08,372 - Classification Succeeds.
2024-01-30 10:27:08,373 - Link Generation Fails.
2024-01-30 10:27:37,380 - Victim node is 4555.
2024-01-30 10:27:37,380 - tensor([2198, 2239, 4376], device='cuda:0')
2024-01-30 10:27:37,381 - Classification Succeeds.
2024-01-30 10:27:37,381 - Link Generation Fails.
2024-01-30 10:28:06,867 - Victim node is 6025.
2024-01-30 10:28:06,867 - tensor([3231, 4663, 6130], device='cuda:0')
2024-01-30 10:28:06,867 - Classification Succeeds.
2024-01-30 10:28:06,867 - Link Generation Fails.
2024-01-30 10:28:35,999 - Victim node is 7318.
2024-01-30 10:28:35,999 - tensor([2278, 2863, 4663], device='cuda:0')
2024-01-30 10:28:35,999 - Classification Fails.
2024-01-30 10:28:35,999 - Link Generation Fails.
2024-01-30 10:30:56,791 - Victim node is 3514.
2024-01-30 10:30:56,792 - tensor([7822, 8284, 8934], device='cuda:0')
2024-01-30 10:30:56,792 - Classification Succeeds.
2024-01-30 10:30:56,792 - Link Generation Succeeds.
2024-01-30 10:31:26,963 - Victim node is 6344.
2024-01-30 10:31:26,963 - tensor([2923, 7542, 7574], device='cuda:0')
2024-01-30 10:31:26,963 - Classification Fails.
2024-01-30 10:31:26,964 - Link Generation Fails.
2024-01-30 10:31:56,158 - Victim node is 130.
2024-01-30 10:31:56,159 - tensor([3383, 6190, 7542], device='cuda:0')
2024-01-30 10:31:56,159 - Classification Fails.
2024-01-30 10:31:56,159 - Link Generation Fails.
2024-01-30 10:32:25,642 - Victim node is 6520.
2024-01-30 10:32:25,642 - tensor([ 593, 2198, 2239], device='cuda:0')
2024-01-30 10:32:25,642 - Classification Fails.
2024-01-30 10:32:25,642 - Link Generation Fails.
2024-01-30 10:32:54,490 - Victim node is 4777.
2024-01-30 10:32:54,490 - tensor([3383, 5875, 7620], device='cuda:0')
2024-01-30 10:32:54,490 - Classification Fails.
2024-01-30 10:32:54,490 - Link Generation Fails.
2024-01-30 10:33:26,368 - Victim node is 4473.
2024-01-30 10:33:26,368 - tensor([ 593, 2198, 4376], device='cuda:0')
2024-01-30 10:33:26,369 - Classification Fails.
2024-01-30 10:33:26,369 - Link Generation Fails.
2024-01-30 10:33:55,369 - Victim node is 5017.
2024-01-30 10:33:55,369 - tensor([6190, 6499, 7620], device='cuda:0')
2024-01-30 10:33:55,370 - Classification Fails.
2024-01-30 10:33:55,370 - Link Generation Fails.
2024-01-30 10:34:27,511 - Victim node is 5561.
2024-01-30 10:34:27,511 - tensor([2198, 7711, 7772], device='cuda:0')
2024-01-30 10:34:27,511 - Classification Fails.
2024-01-30 10:34:27,511 - Link Generation Succeeds.
2024-01-30 10:34:56,230 - Victim node is 4635.
2024-01-30 10:34:56,230 - tensor([1703, 2144, 6190], device='cuda:0')
2024-01-30 10:34:56,230 - Classification Fails.
2024-01-30 10:34:56,230 - Link Generation Fails.
2024-01-30 10:35:25,342 - Victim node is 4137.
2024-01-30 10:35:25,342 - tensor([4646, 6130, 7620], device='cuda:0')
2024-01-30 10:35:25,343 - Classification Succeeds.
2024-01-30 10:35:25,343 - Link Generation Fails.
2024-01-30 10:35:54,606 - Victim node is 642.
2024-01-30 10:35:54,606 - tensor([3231, 6130, 7460], device='cuda:0')
2024-01-30 10:35:54,606 - Classification Fails.
2024-01-30 10:35:54,607 - Link Generation Fails.
2024-01-30 10:36:24,003 - Victim node is 5192.
2024-01-30 10:36:24,003 - tensor([2144, 6190, 7542], device='cuda:0')
2024-01-30 10:36:24,003 - Classification Fails.
2024-01-30 10:36:24,003 - Link Generation Fails.
2024-01-30 10:36:52,806 - Victim node is 6351.
2024-01-30 10:36:52,806 - tensor([4646, 6433, 7620], device='cuda:0')
2024-01-30 10:36:52,807 - Classification Succeeds.
2024-01-30 10:36:52,807 - Link Generation Fails.
2024-01-30 10:37:21,981 - Victim node is 520.
2024-01-30 10:37:21,981 - tensor([1599, 1600, 7620], device='cuda:0')
2024-01-30 10:37:21,982 - Classification Fails.
2024-01-30 10:37:21,982 - Link Generation Fails.
2024-01-30 10:37:54,041 - Victim node is 7180.
2024-01-30 10:37:54,041 - tensor([7778, 7920, 8622], device='cuda:0')
2024-01-30 10:37:54,042 - Classification Succeeds.
2024-01-30 10:37:54,042 - Link Generation Succeeds.
2024-01-30 10:38:23,422 - Victim node is 6506.
2024-01-30 10:38:23,422 - tensor([ 593, 2198, 2239], device='cuda:0')
2024-01-30 10:38:23,422 - Classification Succeeds.
2024-01-30 10:38:23,423 - Link Generation Fails.
2024-01-30 10:38:52,289 - Victim node is 1806.
2024-01-30 10:38:52,290 - tensor([  16, 6190, 7505], device='cuda:0')
2024-01-30 10:38:52,290 - Classification Fails.
2024-01-30 10:38:52,290 - Link Generation Fails.
2024-01-30 10:41:22,719 - Victim node is 6990.
2024-01-30 10:41:22,719 - tensor([ 593, 2239, 8242], device='cuda:0')
2024-01-30 10:41:22,720 - Classification Succeeds.
2024-01-30 10:41:22,720 - Link Generation Succeeds.
2024-01-30 10:41:53,459 - Victim node is 4370.
2024-01-30 10:41:53,459 - tensor([3383, 7620, 7834], device='cuda:0')
2024-01-30 10:41:53,460 - Classification Succeeds.
2024-01-30 10:41:53,460 - Link Generation Succeeds.
2024-01-30 10:42:22,931 - Victim node is 5570.
2024-01-30 10:42:22,931 - tensor([3231, 5449, 7881], device='cuda:0')
2024-01-30 10:42:22,933 - Classification Succeeds.
2024-01-30 10:42:22,933 - Link Generation Succeeds.
2024-01-30 10:42:54,565 - Victim node is 5197.
2024-01-30 10:42:54,565 - tensor([2198, 7771, 8530], device='cuda:0')
2024-01-30 10:42:54,565 - Classification Succeeds.
2024-01-30 10:42:54,565 - Link Generation Succeeds.
2024-01-30 10:43:23,875 - Victim node is 5540.
2024-01-30 10:43:23,875 - tensor([2198, 2239, 4376], device='cuda:0')
2024-01-30 10:43:23,875 - Classification Fails.
2024-01-30 10:43:23,875 - Link Generation Fails.
2024-01-30 10:43:52,702 - Victim node is 7062.
2024-01-30 10:43:52,702 - tensor([6130, 7460, 7620], device='cuda:0')
2024-01-30 10:43:52,703 - Classification Succeeds.
2024-01-30 10:43:52,703 - Link Generation Fails.
2024-01-30 10:44:22,048 - Victim node is 428.
2024-01-30 10:44:22,048 - tensor([1759, 3383, 6433], device='cuda:0')
2024-01-30 10:44:22,048 - Classification Succeeds.
2024-01-30 10:44:22,048 - Link Generation Fails.
2024-01-30 10:44:50,843 - Victim node is 7273.
2024-01-30 10:44:50,843 - tensor([2923, 7542, 7574], device='cuda:0')
2024-01-30 10:44:50,843 - Classification Fails.
2024-01-30 10:44:50,843 - Link Generation Fails.
2024-01-30 10:45:19,420 - Victim node is 4043.
2024-01-30 10:45:19,420 - tensor([ 526, 3578, 4805], device='cuda:0')
2024-01-30 10:45:19,421 - Classification Fails.
2024-01-30 10:45:19,421 - Link Generation Fails.
2024-01-30 10:51:52,787 - Victim node is 3545.
2024-01-30 10:51:52,787 - tensor([ 593, 2239, 8318], device='cuda:0')
2024-01-30 10:51:52,788 - Classification Fails.
2024-01-30 10:51:52,789 - Link Generation Succeeds.
2024-01-30 10:52:25,529 - Victim node is 4450.
2024-01-30 10:52:25,529 - tensor([ 593, 6702, 8742], device='cuda:0')
2024-01-30 10:52:25,529 - Classification Fails.
2024-01-30 10:52:25,529 - Link Generation Succeeds.
2024-01-30 10:52:54,566 - Victim node is 1543.
2024-01-30 10:52:54,566 - tensor([1374, 5449, 6279], device='cuda:0')
2024-01-30 10:52:54,567 - Classification Fails.
2024-01-30 10:52:54,567 - Link Generation Fails.
2024-01-30 10:53:23,449 - Victim node is 4288.
2024-01-30 10:53:23,449 - tensor([2584, 6190, 7542], device='cuda:0')
2024-01-30 10:53:23,449 - Classification Fails.
2024-01-30 10:53:23,450 - Link Generation Fails.
2024-01-30 10:53:52,365 - Victim node is 6435.
2024-01-30 10:53:52,365 - tensor([ 593, 2198, 2239], device='cuda:0')
2024-01-30 10:53:52,367 - Classification Succeeds.
2024-01-30 10:53:52,367 - Link Generation Fails.
2024-01-30 10:54:24,549 - Victim node is 4044.
2024-01-30 10:54:24,549 - tensor([2198, 7924, 8678], device='cuda:0')
2024-01-30 10:54:24,549 - Classification Fails.
2024-01-30 10:54:24,549 - Link Generation Succeeds.
2024-01-30 10:54:53,939 - Victim node is 2449.
2024-01-30 10:54:53,939 - tensor([1600, 5449, 7620], device='cuda:0')
2024-01-30 10:54:53,940 - Classification Succeeds.
2024-01-30 10:54:53,940 - Link Generation Fails.
2024-01-30 10:55:25,857 - Victim node is 2060.
2024-01-30 10:55:25,857 - tensor([ 593, 2198, 2239], device='cuda:0')
2024-01-30 10:55:25,858 - Classification Succeeds.
2024-01-30 10:55:25,858 - Link Generation Fails.
2024-01-30 10:55:55,196 - Victim node is 783.
2024-01-30 10:55:55,196 - tensor([7620, 7704, 7870], device='cuda:0')
2024-01-30 10:55:55,197 - Classification Fails.
2024-01-30 10:55:55,197 - Link Generation Succeeds.
2024-01-30 10:56:24,703 - Victim node is 3778.
2024-01-30 10:56:24,703 - tensor([3578, 4906, 6433], device='cuda:0')
2024-01-30 10:56:24,704 - Classification Succeeds.
2024-01-30 10:56:24,704 - Link Generation Fails.
2024-01-30 10:56:53,602 - Victim node is 644.
2024-01-30 10:56:53,602 - tensor([ 593, 2198, 2239], device='cuda:0')
2024-01-30 10:56:53,602 - Classification Fails.
2024-01-30 10:56:53,602 - Link Generation Fails.
2024-01-30 10:57:22,455 - Victim node is 1454.
2024-01-30 10:57:22,455 - tensor([4646, 6130, 7620], device='cuda:0')
2024-01-30 10:57:22,456 - Classification Succeeds.
2024-01-30 10:57:22,456 - Link Generation Fails.
2024-01-30 10:57:53,963 - Victim node is 6303.
2024-01-30 10:57:53,963 - tensor([2198, 7915, 8570], device='cuda:0')
2024-01-30 10:57:53,964 - Classification Succeeds.
2024-01-30 10:57:53,964 - Link Generation Succeeds.
2024-01-30 10:58:23,131 - Victim node is 3059.
2024-01-30 10:58:23,132 - tensor([ 593, 2198, 4376], device='cuda:0')
2024-01-30 10:58:23,132 - Classification Fails.
2024-01-30 10:58:23,132 - Link Generation Fails.
2024-01-30 10:58:54,564 - Victim node is 6448.
2024-01-30 10:58:54,565 - tensor([ 593, 2198, 4376], device='cuda:0')
2024-01-30 10:58:54,565 - Classification Succeeds.
2024-01-30 10:58:54,565 - Link Generation Fails.
2024-01-30 10:59:26,180 - Victim node is 5637.
2024-01-30 10:59:26,180 - tensor([4376, 4384, 8628], device='cuda:0')
2024-01-30 10:59:26,180 - Classification Succeeds.
2024-01-30 10:59:26,180 - Link Generation Succeeds.
2024-01-30 10:59:58,155 - Victim node is 306.
2024-01-30 10:59:58,156 - tensor([ 593, 2198, 2239], device='cuda:0')
2024-01-30 10:59:58,156 - Classification Fails.
2024-01-30 10:59:58,156 - Link Generation Fails.
2024-01-30 11:00:30,409 - Victim node is 4700.
2024-01-30 11:00:30,409 - tensor([2239, 7933, 8604], device='cuda:0')
2024-01-30 11:00:30,409 - Classification Succeeds.
2024-01-30 11:00:30,410 - Link Generation Succeeds.
2024-01-30 11:01:00,106 - Victim node is 1791.
2024-01-30 11:01:00,106 - tensor([4663, 6279, 7620], device='cuda:0')
2024-01-30 11:01:00,107 - Classification Fails.
2024-01-30 11:01:00,107 - Link Generation Fails.
2024-01-30 11:01:31,639 - Victim node is 4448.
2024-01-30 11:01:31,639 - tensor([ 593, 2198, 8007], device='cuda:0')
2024-01-30 11:01:31,640 - Classification Fails.
2024-01-30 11:01:31,640 - Link Generation Succeeds.
2024-01-30 11:02:01,238 - Victim node is 5387.
2024-01-30 11:02:01,238 - tensor([4646, 6433, 7620], device='cuda:0')
2024-01-30 11:02:01,238 - Classification Succeeds.
2024-01-30 11:02:01,238 - Link Generation Fails.
2024-01-30 11:02:30,766 - Victim node is 786.
2024-01-30 11:02:30,767 - tensor([ 593, 2198, 2239], device='cuda:0')
2024-01-30 11:02:30,767 - Classification Fails.
2024-01-30 11:02:30,767 - Link Generation Fails.
2024-01-30 11:02:59,921 - Victim node is 1696.
2024-01-30 11:02:59,922 - tensor([ 593, 2198, 2239], device='cuda:0')
2024-01-30 11:02:59,922 - Classification Fails.
2024-01-30 11:02:59,923 - Link Generation Fails.
2024-01-30 11:03:28,482 - Victim node is 2259.
2024-01-30 11:03:28,482 - tensor([6130, 7460, 7620], device='cuda:0')
2024-01-30 11:03:28,482 - Classification Succeeds.
2024-01-30 11:03:28,482 - Link Generation Fails.
2024-01-30 11:05:59,733 - Victim node is 7352.
2024-01-30 11:05:59,734 - tensor([2239, 7818, 8267], device='cuda:0')
2024-01-30 11:05:59,734 - Classification Succeeds.
2024-01-30 11:05:59,734 - Link Generation Succeeds.
2024-01-30 11:06:31,648 - Victim node is 4392.
2024-01-30 11:06:31,648 - tensor([ 593, 2198, 6702], device='cuda:0')
2024-01-30 11:06:31,648 - Classification Succeeds.
2024-01-30 11:06:31,648 - Link Generation Fails.
2024-01-30 11:07:00,662 - Victim node is 5996.
2024-01-30 11:07:00,662 - tensor([ 481, 2863, 4663], device='cuda:0')
2024-01-30 11:07:00,663 - Classification Succeeds.
2024-01-30 11:07:00,663 - Link Generation Fails.
2024-01-30 11:13:39,658 - Victim node is 2010.
2024-01-30 11:13:39,658 - tensor([7848, 8354, 8367], device='cuda:0')
2024-01-30 11:13:39,658 - Classification Succeeds.
2024-01-30 11:13:39,659 - Link Generation Succeeds.
2024-01-30 11:14:11,682 - Victim node is 2988.
2024-01-30 11:14:11,682 - tensor([2198, 2239, 7620], device='cuda:0')
2024-01-30 11:14:11,683 - Classification Succeeds.
2024-01-30 11:14:11,683 - Link Generation Fails.
2024-01-30 11:20:12,914 - Victim node is 5772.
2024-01-30 11:20:12,914 - tensor([ 593, 6702, 8428], device='cuda:0')
2024-01-30 11:20:12,914 - Classification Fails.
2024-01-30 11:20:12,914 - Link Generation Succeeds.
2024-01-30 11:22:07,900 - Victim node is 1253.
2024-01-30 11:22:07,900 - tensor([ 593, 2198, 2239], device='cuda:0')
2024-01-30 11:22:07,901 - Classification Fails.
2024-01-30 11:22:07,901 - Link Generation Fails.
2024-01-30 11:22:37,321 - Victim node is 6734.
2024-01-30 11:22:37,321 - tensor([2923, 3383, 7574], device='cuda:0')
2024-01-30 11:22:37,322 - Classification Fails.
2024-01-30 11:22:37,322 - Link Generation Fails.
2024-01-30 11:23:06,130 - Victim node is 385.
2024-01-30 11:23:06,130 - tensor([3200, 3383, 5875], device='cuda:0')
2024-01-30 11:23:06,131 - Classification Succeeds.
2024-01-30 11:23:06,131 - Link Generation Fails.
2024-01-30 11:23:34,904 - Victim node is 5491.
2024-01-30 11:23:34,904 - tensor([2923, 6190, 7362], device='cuda:0')
2024-01-30 11:23:34,904 - Classification Fails.
2024-01-30 11:23:34,904 - Link Generation Fails.
2024-01-30 11:24:04,210 - Victim node is 2990.
2024-01-30 11:24:04,210 - tensor([3383, 6190, 7620], device='cuda:0')
2024-01-30 11:24:04,211 - Classification Fails.
2024-01-30 11:24:04,211 - Link Generation Fails.
2024-01-30 11:24:36,276 - Victim node is 2610.
2024-01-30 11:24:36,276 - tensor([ 593, 2198, 2239], device='cuda:0')
2024-01-30 11:24:36,277 - Classification Fails.
2024-01-30 11:24:36,277 - Link Generation Fails.
2024-01-30 11:25:08,451 - Victim node is 3304.
2024-01-30 11:25:08,451 - tensor([7773, 7957, 8608], device='cuda:0')
2024-01-30 11:25:08,451 - Classification Fails.
2024-01-30 11:25:08,451 - Link Generation Succeeds.
2024-01-30 11:25:37,894 - Victim node is 6194.
2024-01-30 11:25:37,894 - tensor([1600, 6130, 7620], device='cuda:0')
2024-01-30 11:25:37,894 - Classification Fails.
2024-01-30 11:25:37,895 - Link Generation Fails.
2024-01-30 11:27:57,213 - Victim node is 6673.
2024-01-30 11:27:57,213 - tensor([2239, 4376, 4384], device='cuda:0')
2024-01-30 11:27:57,213 - Classification Succeeds.
2024-01-30 11:27:57,213 - Link Generation Fails.
2024-01-30 11:28:27,951 - Victim node is 175.
2024-01-30 11:28:27,951 - tensor([ 526, 4906, 6433], device='cuda:0')
2024-01-30 11:28:27,952 - Classification Fails.
2024-01-30 11:28:27,952 - Link Generation Fails.
2024-01-30 11:28:56,802 - Victim node is 7027.
2024-01-30 11:28:56,802 - tensor([3383, 3780, 6190], device='cuda:0')
2024-01-30 11:28:56,803 - Classification Fails.
2024-01-30 11:28:56,803 - Link Generation Fails.
2024-01-30 11:31:24,026 - Victim node is 2856.
2024-01-30 11:31:24,026 - tensor([ 593, 2239, 8728], device='cuda:0')
2024-01-30 11:31:24,026 - Classification Succeeds.
2024-01-30 11:31:24,026 - Link Generation Succeeds.
2024-01-30 11:31:53,221 - Victim node is 4753.
2024-01-30 11:31:53,221 - tensor([3383, 6190, 6499], device='cuda:0')
2024-01-30 11:31:53,222 - Classification Fails.
2024-01-30 11:31:53,222 - Link Generation Fails.
2024-01-30 11:32:22,603 - Victim node is 4762.
2024-01-30 11:32:22,603 - tensor([2198, 2239, 4376], device='cuda:0')
2024-01-30 11:32:22,604 - Classification Succeeds.
2024-01-30 11:32:22,604 - Link Generation Fails.
2024-01-30 11:32:51,772 - Victim node is 7015.
2024-01-30 11:32:51,773 - tensor([1136, 5526, 7620], device='cuda:0')
2024-01-30 11:32:51,773 - Classification Succeeds.
2024-01-30 11:32:51,773 - Link Generation Fails.
2024-01-30 11:35:23,759 - Victim node is 527.
2024-01-30 11:35:23,759 - tensor([7822, 8266, 8278], device='cuda:0')
2024-01-30 11:35:23,759 - Classification Succeeds.
2024-01-30 11:35:23,759 - Link Generation Succeeds.
2024-01-30 11:35:53,692 - Victim node is 3329.
2024-01-30 11:35:53,692 - tensor([ 526, 3578, 7737], device='cuda:0')
2024-01-30 11:35:53,692 - Classification Fails.
2024-01-30 11:35:53,692 - Link Generation Succeeds.
2024-01-30 11:42:27,124 - Victim node is 358.
2024-01-30 11:42:27,124 - tensor([2239, 4376, 8297], device='cuda:0')
2024-01-30 11:42:27,124 - Classification Succeeds.
2024-01-30 11:42:27,124 - Link Generation Succeeds.
2024-01-30 11:42:59,526 - Victim node is 5695.
2024-01-30 11:42:59,526 - tensor([2198, 8551, 8572], device='cuda:0')
2024-01-30 11:42:59,526 - Classification Fails.
2024-01-30 11:42:59,526 - Link Generation Succeeds.
2024-01-30 11:43:28,636 - Victim node is 122.
2024-01-30 11:43:28,636 - tensor([5449, 6279, 6662], device='cuda:0')
2024-01-30 11:43:28,637 - Classification Fails.
2024-01-30 11:43:28,637 - Link Generation Fails.
2024-01-30 11:43:57,851 - Victim node is 6227.
2024-01-30 11:43:57,851 - tensor([ 424, 6130, 7620], device='cuda:0')
2024-01-30 11:43:57,852 - Classification Succeeds.
2024-01-30 11:43:57,852 - Link Generation Fails.
2024-01-30 11:44:29,611 - Victim node is 6474.
2024-01-30 11:44:29,611 - tensor([ 593, 2198, 7876], device='cuda:0')
2024-01-30 11:44:29,611 - Classification Fails.
2024-01-30 11:44:29,612 - Link Generation Succeeds.
2024-01-30 11:44:58,252 - Victim node is 6102.
2024-01-30 11:44:58,252 - tensor([6130, 7460, 7670], device='cuda:0')
2024-01-30 11:44:58,253 - Classification Succeeds.
2024-01-30 11:44:58,253 - Link Generation Succeeds.
2024-01-30 11:45:29,436 - Victim node is 2505.
2024-01-30 11:45:29,436 - tensor([2198, 2239, 7620], device='cuda:0')
2024-01-30 11:45:29,437 - Classification Succeeds.
2024-01-30 11:45:29,437 - Link Generation Fails.
2024-01-30 11:45:58,570 - Victim node is 6652.
2024-01-30 11:45:58,570 - tensor([1374, 5449, 7620], device='cuda:0')
2024-01-30 11:45:58,570 - Classification Fails.
2024-01-30 11:45:58,570 - Link Generation Fails.
2024-01-30 11:46:27,698 - Victim node is 641.
2024-01-30 11:46:27,698 - tensor([ 749, 4960, 7542], device='cuda:0')
2024-01-30 11:46:27,698 - Classification Fails.
2024-01-30 11:46:27,698 - Link Generation Fails.
2024-01-30 11:46:56,901 - Victim node is 752.
2024-01-30 11:46:56,901 - tensor([2198, 2239, 4376], device='cuda:0')
2024-01-30 11:46:56,902 - Classification Fails.
2024-01-30 11:46:56,902 - Link Generation Fails.
2024-01-30 11:47:28,499 - Victim node is 6438.
2024-01-30 11:47:28,499 - tensor([4663, 6130, 7620], device='cuda:0')
2024-01-30 11:47:28,499 - Classification Succeeds.
2024-01-30 11:47:28,500 - Link Generation Fails.
2024-01-30 11:48:00,435 - Victim node is 2186.
2024-01-30 11:48:00,435 - tensor([ 593, 2198, 4376], device='cuda:0')
2024-01-30 11:48:00,436 - Classification Fails.
2024-01-30 11:48:00,436 - Link Generation Fails.
2024-01-30 11:48:32,472 - Victim node is 2393.
2024-01-30 11:48:32,472 - tensor([2198, 7783, 8657], device='cuda:0')
2024-01-30 11:48:32,473 - Classification Succeeds.
2024-01-30 11:48:32,473 - Link Generation Succeeds.
2024-01-30 11:51:06,456 - Victim node is 3077.
2024-01-30 11:51:06,456 - tensor([ 593, 2239, 8279], device='cuda:0')
2024-01-30 11:51:06,457 - Classification Fails.
2024-01-30 11:51:06,457 - Link Generation Succeeds.
2024-01-30 11:51:35,167 - Victim node is 2445.
2024-01-30 11:51:35,167 - tensor([2198, 2239, 4376], device='cuda:0')
2024-01-30 11:51:35,168 - Classification Succeeds.
2024-01-30 11:51:35,168 - Link Generation Fails.
2024-01-30 11:52:06,800 - Victim node is 5943.
2024-01-30 11:52:06,800 - tensor([ 593, 2198, 2239], device='cuda:0')
2024-01-30 11:52:06,800 - Classification Fails.
2024-01-30 11:52:06,800 - Link Generation Fails.
2024-01-30 11:58:24,907 - Victim node is 6892.
2024-01-30 11:58:24,908 - tensor([7845, 8354, 8368], device='cuda:0')
2024-01-30 11:58:24,908 - Classification Succeeds.
2024-01-30 11:58:24,908 - Link Generation Succeeds.
2024-01-30 11:58:53,634 - Victim node is 3153.
2024-01-30 11:58:53,634 - tensor([7657, 7668, 7670], device='cuda:0')
2024-01-30 11:58:53,635 - Classification Succeeds.
2024-01-30 11:58:53,635 - Link Generation Succeeds.
2024-01-30 11:59:22,652 - Victim node is 5310.
2024-01-30 11:59:22,652 - tensor([4663, 6130, 7620], device='cuda:0')
2024-01-30 11:59:22,653 - Classification Succeeds.
2024-01-30 11:59:22,653 - Link Generation Fails.
2024-01-30 12:04:57,566 - Victim node is 3671.
2024-01-30 12:04:57,566 - tensor([ 593, 8462, 8482], device='cuda:0')
2024-01-30 12:04:57,566 - Classification Succeeds.
2024-01-30 12:04:57,566 - Link Generation Succeeds.
2024-01-30 12:05:26,910 - Victim node is 6386.
2024-01-30 12:05:26,910 - tensor([ 526, 3578, 4805], device='cuda:0')
2024-01-30 12:05:26,910 - Classification Fails.
2024-01-30 12:05:26,910 - Link Generation Fails.
2024-01-30 12:05:55,836 - Victim node is 1839.
2024-01-30 12:05:55,836 - tensor([1599, 7542, 7715], device='cuda:0')
2024-01-30 12:05:55,837 - Classification Fails.
2024-01-30 12:05:55,837 - Link Generation Succeeds.
2024-01-30 12:06:25,108 - Victim node is 6742.
2024-01-30 12:06:25,108 - tensor([7542, 7698, 7702], device='cuda:0')
2024-01-30 12:06:25,108 - Classification Fails.
2024-01-30 12:06:25,109 - Link Generation Succeeds.
2024-01-30 12:06:54,074 - Victim node is 6950.
2024-01-30 12:06:54,074 - tensor([7673, 7676, 7685], device='cuda:0')
2024-01-30 12:06:54,075 - Classification Succeeds.
2024-01-30 12:06:54,075 - Link Generation Succeeds.
2024-01-30 12:07:23,180 - Victim node is 442.
2024-01-30 12:07:23,180 - tensor([ 593, 2198, 4376], device='cuda:0')
2024-01-30 12:07:23,181 - Classification Fails.
2024-01-30 12:07:23,181 - Link Generation Fails.
2024-01-30 12:07:52,419 - Victim node is 4663.
2024-01-30 12:07:52,419 - tensor([1600, 6130, 7620], device='cuda:0')
2024-01-30 12:07:52,419 - Classification Succeeds.
2024-01-30 12:07:52,420 - Link Generation Fails.
2024-01-30 12:08:21,983 - Victim node is 6091.
2024-01-30 12:08:21,983 - tensor([ 593, 2198, 2239], device='cuda:0')
2024-01-30 12:08:21,985 - Classification Fails.
2024-01-30 12:08:21,985 - Link Generation Fails.
2024-01-30 12:08:50,860 - Victim node is 4838.
2024-01-30 12:08:50,860 - tensor([4646, 4906, 6433], device='cuda:0')
2024-01-30 12:08:50,860 - Classification Succeeds.
2024-01-30 12:08:50,860 - Link Generation Fails.
2024-01-30 12:09:22,110 - Victim node is 1739.
2024-01-30 12:09:22,110 - tensor([ 593, 2198, 2239], device='cuda:0')
2024-01-30 12:09:22,110 - Classification Fails.
2024-01-30 12:09:22,111 - Link Generation Fails.
2024-01-30 12:09:51,364 - Victim node is 166.
2024-01-30 12:09:51,364 - tensor([1374, 3231, 7620], device='cuda:0')
2024-01-30 12:09:51,364 - Classification Fails.
2024-01-30 12:09:51,364 - Link Generation Fails.
2024-01-30 12:10:21,007 - Victim node is 1983.
2024-01-30 12:10:21,007 - tensor([2818, 5449, 7620], device='cuda:0')
2024-01-30 12:10:21,007 - Classification Fails.
2024-01-30 12:10:21,007 - Link Generation Fails.
2024-01-30 12:10:49,872 - Victim node is 2570.
2024-01-30 12:10:49,872 - tensor([1759, 2260, 4666], device='cuda:0')
2024-01-30 12:10:49,872 - Classification Succeeds.
2024-01-30 12:10:49,873 - Link Generation Fails.
2024-01-30 12:17:26,405 - Victim node is 3438.
2024-01-30 12:17:26,405 - tensor([7836, 8342, 8356], device='cuda:0')
2024-01-30 12:17:26,407 - Classification Succeeds.
2024-01-30 12:17:26,407 - Link Generation Succeeds.
2024-01-30 12:17:56,404 - Victim node is 2914.
2024-01-30 12:17:56,404 - tensor([6130, 7460, 7620], device='cuda:0')
2024-01-30 12:17:56,405 - Classification Succeeds.
2024-01-30 12:17:56,405 - Link Generation Fails.
2024-01-30 12:18:28,181 - Victim node is 3189.
2024-01-30 12:18:28,181 - tensor([2198, 7877, 8422], device='cuda:0')
2024-01-30 12:18:28,182 - Classification Fails.
2024-01-30 12:18:28,182 - Link Generation Succeeds.
2024-01-30 12:18:57,470 - Victim node is 7397.
2024-01-30 12:18:57,470 - tensor([4663, 6130, 7620], device='cuda:0')
2024-01-30 12:18:57,471 - Classification Succeeds.
2024-01-30 12:18:57,471 - Link Generation Fails.
2024-01-30 12:25:26,204 - Victim node is 3962.
2024-01-30 12:25:26,204 - tensor([ 593, 2239, 8311], device='cuda:0')
2024-01-30 12:25:26,204 - Classification Fails.
2024-01-30 12:25:26,204 - Link Generation Succeeds.
2024-01-30 12:25:59,078 - Victim node is 3920.
2024-01-30 12:25:59,078 - tensor([ 593, 2198, 2239], device='cuda:0')
2024-01-30 12:25:59,078 - Classification Fails.
2024-01-30 12:25:59,078 - Link Generation Fails.
2024-01-30 12:32:35,556 - Victim node is 3225.
2024-01-30 12:32:35,556 - tensor([6702, 8325, 8338], device='cuda:0')
2024-01-30 12:32:35,556 - Classification Succeeds.
2024-01-30 12:32:35,556 - Link Generation Succeeds.
2024-01-30 12:33:04,797 - Victim node is 2452.
2024-01-30 12:33:04,797 - tensor([4646, 6130, 7620], device='cuda:0')
2024-01-30 12:33:04,797 - Classification Succeeds.
2024-01-30 12:33:04,797 - Link Generation Fails.
2024-01-30 12:33:33,525 - Victim node is 4789.
2024-01-30 12:33:33,525 - tensor([6190, 7460, 7542], device='cuda:0')
2024-01-30 12:33:33,526 - Classification Fails.
2024-01-30 12:33:33,526 - Link Generation Fails.
2024-01-30 12:39:38,788 - Victim node is 3370.
2024-01-30 12:39:38,788 - tensor([2239, 6702, 8352], device='cuda:0')
2024-01-30 12:39:38,789 - Classification Succeeds.
2024-01-30 12:39:38,789 - Link Generation Succeeds.
2024-01-30 12:40:08,313 - Victim node is 1272.
2024-01-30 12:40:08,313 - tensor([4663, 6130, 7620], device='cuda:0')
2024-01-30 12:40:08,314 - Classification Fails.
2024-01-30 12:40:08,314 - Link Generation Fails.
2024-01-30 12:40:37,511 - Victim node is 2756.
2024-01-30 12:40:37,511 - tensor([1599, 6190, 7542], device='cuda:0')
2024-01-30 12:40:37,511 - Classification Fails.
2024-01-30 12:40:37,511 - Link Generation Fails.
2024-01-30 12:46:16,790 - Victim node is 456.
2024-01-30 12:46:16,790 - tensor([ 593, 4384, 5404], device='cuda:0')
2024-01-30 12:46:16,790 - Classification Fails.
2024-01-30 12:46:16,790 - Link Generation Fails.
2024-01-30 12:46:53,074 - Victim node is 86.
2024-01-30 12:46:53,075 - tensor([ 593, 2198, 4376], device='cuda:0')
2024-01-30 12:46:53,075 - Classification Fails.
2024-01-30 12:46:53,075 - Link Generation Fails.
2024-01-30 12:47:21,901 - Victim node is 2489.
2024-01-30 12:47:21,901 - tensor([4646, 6433, 7620], device='cuda:0')
2024-01-30 12:47:21,901 - Classification Succeeds.
2024-01-30 12:47:21,901 - Link Generation Fails.
2024-01-30 12:47:51,138 - Victim node is 5306.
2024-01-30 12:47:51,139 - tensor([2260, 4960, 7620], device='cuda:0')
2024-01-30 12:47:51,139 - Classification Fails.
2024-01-30 12:47:51,139 - Link Generation Fails.
2024-01-30 12:48:22,885 - Victim node is 1499.
2024-01-30 12:48:22,885 - tensor([ 593, 2198, 2239], device='cuda:0')
2024-01-30 12:48:22,885 - Classification Fails.
2024-01-30 12:48:22,886 - Link Generation Fails.
2024-01-30 12:48:52,307 - Victim node is 3972.
2024-01-30 12:48:52,307 - tensor([4663, 6130, 6279], device='cuda:0')
2024-01-30 12:48:52,307 - Classification Succeeds.
2024-01-30 12:48:52,308 - Link Generation Fails.
2024-01-30 12:49:21,584 - Victim node is 154.
2024-01-30 12:49:21,584 - tensor([ 593, 2198, 4376], device='cuda:0')
2024-01-30 12:49:21,584 - Classification Fails.
2024-01-30 12:49:21,584 - Link Generation Fails.
2024-01-30 12:56:10,099 - Victim node is 5007.
2024-01-30 12:56:10,099 - tensor([4376, 8341, 8354], device='cuda:0')
2024-01-30 12:56:10,099 - Classification Succeeds.
2024-01-30 12:56:10,100 - Link Generation Succeeds.
2024-01-30 12:56:39,145 - Victim node is 4796.
2024-01-30 12:56:39,145 - tensor([6190, 7069, 7542], device='cuda:0')
2024-01-30 12:56:39,145 - Classification Fails.
2024-01-30 12:56:39,146 - Link Generation Fails.
2024-01-30 12:57:07,905 - Victim node is 32.
2024-01-30 12:57:07,905 - tensor([3200, 4646, 7620], device='cuda:0')
2024-01-30 12:57:07,905 - Classification Succeeds.
2024-01-30 12:57:07,905 - Link Generation Fails.
2024-01-30 12:57:36,754 - Victim node is 4084.
2024-01-30 12:57:36,754 - tensor([1759, 2260, 4666], device='cuda:0')
2024-01-30 12:57:36,754 - Classification Fails.
2024-01-30 12:57:36,754 - Link Generation Fails.
2024-01-30 12:58:06,235 - Victim node is 2083.
2024-01-30 12:58:06,235 - tensor([1599, 6279, 7620], device='cuda:0')
2024-01-30 12:58:06,236 - Classification Succeeds.
2024-01-30 12:58:06,236 - Link Generation Fails.
2024-01-30 12:58:35,381 - Victim node is 3892.
2024-01-30 12:58:35,383 - tensor([2144, 5449, 6279], device='cuda:0')
2024-01-30 12:58:35,383 - Classification Fails.
2024-01-30 12:58:35,383 - Link Generation Fails.
2024-01-30 12:59:04,380 - Victim node is 2473.
2024-01-30 12:59:04,380 - tensor([4663, 6130, 7620], device='cuda:0')
2024-01-30 12:59:04,380 - Classification Succeeds.
2024-01-30 12:59:04,380 - Link Generation Fails.
2024-01-30 12:59:33,453 - Victim node is 4666.
2024-01-30 12:59:33,453 - tensor([ 593, 2198, 2239], device='cuda:0')
2024-01-30 12:59:33,454 - Classification Fails.
2024-01-30 12:59:33,454 - Link Generation Fails.
2024-01-30 13:00:02,804 - Victim node is 2821.
2024-01-30 13:00:02,804 - tensor([2198, 2239, 4376], device='cuda:0')
2024-01-30 13:00:02,805 - Classification Fails.
2024-01-30 13:00:02,805 - Link Generation Fails.
2024-01-30 13:02:42,048 - Victim node is 7465.
2024-01-30 13:02:42,048 - tensor([2198, 2239, 6702], device='cuda:0')
2024-01-30 13:02:42,049 - Classification Succeeds.
2024-01-30 13:02:42,049 - Link Generation Fails.
2024-01-30 13:03:15,042 - Victim node is 3712.
2024-01-30 13:03:15,042 - tensor([ 593, 2198, 2239], device='cuda:0')
2024-01-30 13:03:15,043 - Classification Fails.
2024-01-30 13:03:15,043 - Link Generation Fails.
2024-01-30 13:03:43,853 - Victim node is 7356.
2024-01-30 13:03:43,853 - tensor([2818, 6190, 7542], device='cuda:0')
2024-01-30 13:03:43,853 - Classification Fails.
2024-01-30 13:03:43,854 - Link Generation Fails.
2024-01-30 13:04:13,197 - Victim node is 2824.
2024-01-30 13:04:13,197 - tensor([1600, 5449, 6130], device='cuda:0')
2024-01-30 13:04:13,198 - Classification Fails.
2024-01-30 13:04:13,198 - Link Generation Fails.
2024-01-30 13:04:42,169 - Victim node is 844.
2024-01-30 13:04:42,169 - tensor([ 932, 6130, 7460], device='cuda:0')
2024-01-30 13:04:42,169 - Classification Fails.
2024-01-30 13:04:42,170 - Link Generation Fails.
2024-01-30 13:05:11,075 - Victim node is 54.
2024-01-30 13:05:11,075 - tensor([1374, 6130, 7620], device='cuda:0')
2024-01-30 13:05:11,076 - Classification Fails.
2024-01-30 13:05:11,076 - Link Generation Fails.
2024-01-30 13:11:59,208 - Victim node is 5459.
2024-01-30 13:11:59,208 - tensor([8350, 8364, 9201], device='cuda:0')
2024-01-30 13:11:59,209 - Classification Succeeds.
2024-01-30 13:11:59,209 - Link Generation Succeeds.
2024-01-30 13:18:36,374 - Victim node is 7046.
2024-01-30 13:18:36,374 - tensor([2239, 7831, 8303], device='cuda:0')
2024-01-30 13:18:36,375 - Classification Fails.
2024-01-30 13:18:36,375 - Link Generation Succeeds.
2024-01-30 13:19:07,018 - Victim node is 7615.
2024-01-30 13:19:07,018 - tensor([5875, 6662, 7719], device='cuda:0')
2024-01-30 13:19:07,018 - Classification Fails.
2024-01-30 13:19:07,018 - Link Generation Succeeds.
2024-01-30 13:19:36,486 - Victim node is 773.
2024-01-30 13:19:36,486 - tensor([4663, 7542, 7620], device='cuda:0')
2024-01-30 13:19:36,487 - Classification Fails.
2024-01-30 13:19:36,487 - Link Generation Fails.
2024-01-30 13:20:05,972 - Victim node is 3041.
2024-01-30 13:20:05,972 - tensor([4129, 6279, 7620], device='cuda:0')
2024-01-30 13:20:05,973 - Classification Fails.
2024-01-30 13:20:05,973 - Link Generation Fails.
2024-01-30 13:20:35,469 - Victim node is 1909.
2024-01-30 13:20:35,469 - tensor([1759, 4663, 7620], device='cuda:0')
2024-01-30 13:20:35,469 - Classification Fails.
2024-01-30 13:20:35,469 - Link Generation Fails.
2024-01-30 13:23:16,205 - Victim node is 6951.
2024-01-30 13:23:16,205 - tensor([2198, 8288, 8917], device='cuda:0')
2024-01-30 13:23:16,206 - Classification Fails.
2024-01-30 13:23:16,206 - Link Generation Succeeds.
2024-01-30 13:24:32,864 - Victim node is 7245.
2024-01-30 13:24:32,864 - tensor([4646, 6279, 7620], device='cuda:0')
2024-01-30 13:24:32,865 - Classification Succeeds.
2024-01-30 13:24:32,865 - Link Generation Fails.
2024-01-30 13:25:02,250 - Victim node is 388.
2024-01-30 13:25:02,250 - tensor([ 593, 2198, 4376], device='cuda:0')
2024-01-30 13:25:02,250 - Classification Fails.
2024-01-30 13:25:02,250 - Link Generation Fails.
2024-01-30 13:25:30,990 - Victim node is 4833.
2024-01-30 13:25:30,990 - tensor([4906, 6433, 6499], device='cuda:0')
2024-01-30 13:25:30,990 - Classification Fails.
2024-01-30 13:25:30,990 - Link Generation Fails.
2024-01-30 13:26:02,684 - Victim node is 3213.
2024-01-30 13:26:02,684 - tensor([ 593, 2239, 8566], device='cuda:0')
2024-01-30 13:26:02,685 - Classification Fails.
2024-01-30 13:26:02,685 - Link Generation Succeeds.
2024-01-30 13:26:31,717 - Victim node is 4966.
2024-01-30 13:26:31,717 - tensor([ 593, 2198, 2239], device='cuda:0')
2024-01-30 13:26:31,718 - Classification Succeeds.
2024-01-30 13:26:31,718 - Link Generation Fails.
2024-01-30 13:29:11,346 - Victim node is 2201.
2024-01-30 13:29:11,346 - tensor([ 593, 7822, 8274], device='cuda:0')
2024-01-30 13:29:11,347 - Classification Fails.
2024-01-30 13:29:11,347 - Link Generation Succeeds.
2024-01-30 13:29:40,044 - Victim node is 4138.
2024-01-30 13:29:40,044 - tensor([3200, 6433, 7199], device='cuda:0')
2024-01-30 13:29:40,045 - Classification Fails.
2024-01-30 13:29:40,045 - Link Generation Fails.
2024-01-30 13:36:24,664 - Victim node is 7353.
2024-01-30 13:36:24,664 - tensor([7845, 8332, 8345], device='cuda:0')
2024-01-30 13:36:24,664 - Classification Succeeds.
2024-01-30 13:36:24,664 - Link Generation Succeeds.
2024-01-30 13:37:08,431 - Victim node is 4741.
2024-01-30 13:37:08,431 - tensor([2250, 2260, 4960], device='cuda:0')
2024-01-30 13:37:08,431 - Classification Fails.
2024-01-30 13:37:08,431 - Link Generation Fails.
2024-01-30 13:37:37,316 - Victim node is 4563.
2024-01-30 13:37:37,316 - tensor([7620, 7653, 7654], device='cuda:0')
2024-01-30 13:37:37,317 - Classification Fails.
2024-01-30 13:37:37,317 - Link Generation Succeeds.
2024-01-30 13:41:25,756 - Victim node is 1847.
2024-01-30 13:41:25,756 - tensor([7837, 8313, 8982], device='cuda:0')
2024-01-30 13:41:25,757 - Classification Succeeds.
2024-01-30 13:41:25,757 - Link Generation Succeeds.
2024-01-30 13:42:37,024 - Victim node is 5331.
2024-01-30 13:42:37,024 - tensor([ 481, 4663, 6130], device='cuda:0')
2024-01-30 13:42:37,024 - Classification Succeeds.
2024-01-30 13:42:37,025 - Link Generation Fails.
2024-01-30 13:43:06,007 - Victim node is 976.
2024-01-30 13:43:06,007 - tensor([ 593, 2198, 4376], device='cuda:0')
2024-01-30 13:43:06,007 - Classification Succeeds.
2024-01-30 13:43:06,007 - Link Generation Fails.
2024-01-30 13:43:34,799 - Victim node is 2200.
2024-01-30 13:43:34,799 - tensor([6130, 7460, 7620], device='cuda:0')
2024-01-30 13:43:34,799 - Classification Fails.
2024-01-30 13:43:34,799 - Link Generation Fails.
2024-01-30 13:44:04,154 - Victim node is 4256.
2024-01-30 13:44:04,154 - tensor([ 593, 2198, 6702], device='cuda:0')
2024-01-30 13:44:04,155 - Classification Fails.
2024-01-30 13:44:04,156 - Link Generation Fails.
2024-01-30 13:44:36,787 - Victim node is 4991.
2024-01-30 13:44:36,787 - tensor([ 593, 2198, 4376], device='cuda:0')
2024-01-30 13:44:36,787 - Classification Fails.
2024-01-30 13:44:36,787 - Link Generation Fails.
2024-01-30 13:51:22,630 - Victim node is 2340.
2024-01-30 13:51:22,630 - tensor([7835, 8322, 8336], device='cuda:0')
2024-01-30 13:51:22,631 - Classification Succeeds.
2024-01-30 13:51:22,631 - Link Generation Succeeds.
2024-01-30 13:52:03,992 - Victim node is 2533.
2024-01-30 13:52:03,992 - tensor([2198, 7729, 8279], device='cuda:0')
2024-01-30 13:52:03,993 - Classification Fails.
2024-01-30 13:52:03,993 - Link Generation Succeeds.
2024-01-30 13:52:33,598 - Victim node is 3390.
2024-01-30 13:52:33,598 - tensor([ 593, 6190, 7177], device='cuda:0')
2024-01-30 13:52:33,598 - Classification Fails.
2024-01-30 13:52:33,598 - Link Generation Fails.
2024-01-30 13:53:02,654 - Victim node is 2616.
2024-01-30 13:53:02,655 - tensor([6130, 7460, 7542], device='cuda:0')
2024-01-30 13:53:02,655 - Classification Succeeds.
2024-01-30 13:53:02,655 - Link Generation Fails.
2024-01-30 13:53:31,818 - Victim node is 5271.
2024-01-30 13:53:31,818 - tensor([ 932, 6279, 7542], device='cuda:0')
2024-01-30 13:53:31,819 - Classification Fails.
2024-01-30 13:53:31,819 - Link Generation Fails.
2024-01-30 13:56:15,339 - Victim node is 7511.
2024-01-30 13:56:15,339 - tensor([2239, 4376, 8290], device='cuda:0')
2024-01-30 13:56:15,340 - Classification Succeeds.
2024-01-30 13:56:15,340 - Link Generation Succeeds.
2024-01-30 13:56:45,850 - Victim node is 838.
2024-01-30 13:56:45,850 - tensor([5449, 6130, 7620], device='cuda:0')
2024-01-30 13:56:45,851 - Classification Succeeds.
2024-01-30 13:56:45,851 - Link Generation Fails.
2024-01-30 13:57:14,329 - Victim node is 3017.
2024-01-30 13:57:14,329 - tensor([6130, 7460, 7620], device='cuda:0')
2024-01-30 13:57:14,330 - Classification Succeeds.
2024-01-30 13:57:14,330 - Link Generation Fails.
2024-01-30 13:57:43,477 - Victim node is 5028.
2024-01-30 13:57:43,477 - tensor([ 593, 2198, 2239], device='cuda:0')
2024-01-30 13:57:43,478 - Classification Fails.
2024-01-30 13:57:43,478 - Link Generation Fails.
2024-01-30 13:58:15,429 - Victim node is 918.
2024-01-30 13:58:15,429 - tensor([4663, 6130, 7620], device='cuda:0')
2024-01-30 13:58:15,430 - Classification Succeeds.
2024-01-30 13:58:15,430 - Link Generation Fails.
2024-01-30 14:04:59,100 - Victim node is 2981.
2024-01-30 14:04:59,100 - tensor([8338, 8352, 9027], device='cuda:0')
2024-01-30 14:04:59,100 - Classification Succeeds.
2024-01-30 14:04:59,101 - Link Generation Succeeds.
2024-01-30 14:05:28,036 - Victim node is 7220.
2024-01-30 14:05:28,037 - tensor([6190, 7058, 7542], device='cuda:0')
2024-01-30 14:05:28,037 - Classification Fails.
2024-01-30 14:05:28,037 - Link Generation Fails.
2024-01-30 14:07:54,641 - Victim node is 3546.
2024-01-30 14:07:54,641 - tensor([ 593, 2239, 8265], device='cuda:0')
2024-01-30 14:07:54,641 - Classification Succeeds.
2024-01-30 14:07:54,641 - Link Generation Succeeds.
2024-01-30 14:08:26,659 - Victim node is 1920.
2024-01-30 14:08:26,659 - tensor([4663, 6130, 7620], device='cuda:0')
2024-01-30 14:08:26,660 - Classification Fails.
2024-01-30 14:08:26,660 - Link Generation Fails.
2024-01-30 14:08:55,300 - Victim node is 5526.
2024-01-30 14:08:55,300 - tensor([6499, 7460, 7620], device='cuda:0')
2024-01-30 14:08:55,301 - Classification Fails.
2024-01-30 14:08:55,301 - Link Generation Fails.
2024-01-30 14:09:24,193 - Victim node is 5814.
2024-01-30 14:09:24,194 - tensor([1759, 2260, 4666], device='cuda:0')
2024-01-30 14:09:24,194 - Classification Succeeds.
2024-01-30 14:09:24,194 - Link Generation Fails.
2024-01-30 14:09:53,481 - Victim node is 7064.
2024-01-30 14:09:53,481 - tensor([4663, 6130, 7620], device='cuda:0')
2024-01-30 14:09:53,481 - Classification Succeeds.
2024-01-30 14:09:53,483 - Link Generation Fails.
2024-01-30 14:10:23,321 - Victim node is 1048.
2024-01-30 14:10:23,321 - tensor([4646, 6130, 7620], device='cuda:0')
2024-01-30 14:10:23,321 - Classification Succeeds.
2024-01-30 14:10:23,323 - Link Generation Fails.
2024-01-30 14:10:52,486 - Victim node is 1681.
2024-01-30 14:10:52,486 - tensor([6130, 6279, 7620], device='cuda:0')
2024-01-30 14:10:52,486 - Classification Succeeds.
2024-01-30 14:10:52,486 - Link Generation Fails.
2024-01-30 14:11:21,497 - Victim node is 1065.
2024-01-30 14:11:21,497 - tensor([1374, 4663, 7620], device='cuda:0')
2024-01-30 14:11:21,498 - Classification Fails.
2024-01-30 14:11:21,498 - Link Generation Fails.
2024-01-30 14:11:53,113 - Victim node is 4705.
2024-01-30 14:11:53,113 - tensor([4663, 6130, 7620], device='cuda:0')
2024-01-30 14:11:53,113 - Classification Succeeds.
2024-01-30 14:11:53,113 - Link Generation Fails.
2024-01-30 14:12:22,505 - Victim node is 6277.
2024-01-30 14:12:22,505 - tensor([1759, 2250, 6433], device='cuda:0')
2024-01-30 14:12:22,506 - Classification Succeeds.
2024-01-30 14:12:22,506 - Link Generation Fails.
2024-01-30 14:12:51,488 - Victim node is 3045.
2024-01-30 14:12:51,488 - tensor([ 593, 2198, 2239], device='cuda:0')
2024-01-30 14:12:51,488 - Classification Fails.
2024-01-30 14:12:51,488 - Link Generation Fails.
2024-01-30 14:15:32,206 - Victim node is 450.
2024-01-30 14:15:32,206 - tensor([ 593, 6702, 8299], device='cuda:0')
2024-01-30 14:15:32,207 - Classification Succeeds.
2024-01-30 14:15:32,207 - Link Generation Succeeds.
2024-01-30 14:16:06,710 - Victim node is 3252.
2024-01-30 14:16:06,710 - tensor([4376, 4384, 6702], device='cuda:0')
2024-01-30 14:16:06,711 - Classification Succeeds.
2024-01-30 14:16:06,711 - Link Generation Fails.
2024-01-30 14:17:07,239 - Victim node is 6029.
2024-01-30 14:17:07,239 - tensor([ 593, 2198, 2239], device='cuda:0')
2024-01-30 14:17:07,240 - Classification Fails.
2024-01-30 14:17:07,241 - Link Generation Fails.
2024-01-30 14:17:39,112 - Victim node is 3212.
2024-01-30 14:17:39,112 - tensor([ 593, 2198, 7744], device='cuda:0')
2024-01-30 14:17:39,113 - Classification Fails.
2024-01-30 14:17:39,113 - Link Generation Succeeds.
2024-01-30 14:18:08,561 - Victim node is 4829.
2024-01-30 14:18:08,561 - tensor([ 593, 2198, 6702], device='cuda:0')
2024-01-30 14:18:08,562 - Classification Fails.
2024-01-30 14:18:08,562 - Link Generation Fails.
2024-01-30 14:18:38,007 - Victim node is 4328.
2024-01-30 14:18:38,007 - tensor([4646, 4906, 6433], device='cuda:0')
2024-01-30 14:18:38,008 - Classification Succeeds.
2024-01-30 14:18:38,008 - Link Generation Fails.
2024-01-30 14:25:22,475 - Victim node is 4097.
2024-01-30 14:25:22,476 - tensor([ 593, 2239, 8358], device='cuda:0')
2024-01-30 14:25:22,476 - Classification Fails.
2024-01-30 14:25:22,476 - Link Generation Succeeds.
2024-01-30 14:25:51,176 - Victim node is 2828.
2024-01-30 14:25:51,177 - tensor([7177, 7651, 7655], device='cuda:0')
2024-01-30 14:25:51,177 - Classification Succeeds.
2024-01-30 14:25:51,177 - Link Generation Succeeds.
2024-01-30 14:26:20,694 - Victim node is 2975.
2024-01-30 14:26:20,694 - tensor([1759, 2260, 7620], device='cuda:0')
2024-01-30 14:26:20,694 - Classification Fails.
2024-01-30 14:26:20,695 - Link Generation Fails.
2024-01-30 14:33:01,544 - Victim node is 7105.
2024-01-30 14:33:01,545 - tensor([8318, 8331, 8995], device='cuda:0')
2024-01-30 14:33:01,545 - Classification Succeeds.
2024-01-30 14:33:01,545 - Link Generation Succeeds.
2024-01-30 14:40:54,805 - Victim node is 1481.
2024-01-30 14:40:54,805 - tensor([7843, 8353, 8366], device='cuda:0')
2024-01-30 14:40:54,806 - Classification Fails.
2024-01-30 14:40:54,806 - Link Generation Succeeds.
2024-01-30 14:47:51,620 - Victim node is 4672.
2024-01-30 14:47:51,620 - tensor([ 593, 8321, 8335], device='cuda:0')
2024-01-30 14:47:51,621 - Classification Fails.
2024-01-30 14:47:51,621 - Link Generation Succeeds.
2024-01-30 14:48:21,584 - Victim node is 1886.
2024-01-30 14:48:21,584 - tensor([ 593, 2198, 6702], device='cuda:0')
2024-01-30 14:48:21,585 - Classification Fails.
2024-01-30 14:48:21,585 - Link Generation Fails.
2024-01-30 14:48:53,198 - Victim node is 7561.
2024-01-30 14:48:53,198 - tensor([2198, 2239, 4376], device='cuda:0')
2024-01-30 14:48:53,199 - Classification Fails.
2024-01-30 14:48:53,199 - Link Generation Fails.
2024-01-30 14:49:25,045 - Victim node is 1100.
2024-01-30 14:49:25,045 - tensor([2198, 7876, 8427], device='cuda:0')
2024-01-30 14:49:25,046 - Classification Succeeds.
2024-01-30 14:49:25,046 - Link Generation Succeeds.
2024-01-30 14:49:54,443 - Victim node is 5922.
2024-01-30 14:49:54,443 - tensor([4663, 6130, 7620], device='cuda:0')
2024-01-30 14:49:54,443 - Classification Fails.
2024-01-30 14:49:54,443 - Link Generation Fails.
2024-01-30 14:54:53,129 - Victim node is 7320.
2024-01-30 14:54:53,129 - tensor([7852, 8403, 8419], device='cuda:0')
2024-01-30 14:54:53,129 - Classification Succeeds.
2024-01-30 14:54:53,130 - Link Generation Succeeds.
2024-01-30 15:00:09,696 - Victim node is 2871.
2024-01-30 15:00:09,696 - tensor([2198, 7851, 8396], device='cuda:0')
2024-01-30 15:00:09,697 - Classification Fails.
2024-01-30 15:00:09,697 - Link Generation Succeeds.
2024-01-30 15:00:39,561 - Victim node is 1577.
2024-01-30 15:00:39,561 - tensor([1968, 2278, 6433], device='cuda:0')
2024-01-30 15:00:39,561 - Classification Fails.
2024-01-30 15:00:39,561 - Link Generation Fails.
2024-01-30 15:01:11,064 - Victim node is 4333.
2024-01-30 15:01:11,064 - tensor([ 593, 2198, 8386], device='cuda:0')
2024-01-30 15:01:11,065 - Classification Succeeds.
2024-01-30 15:01:11,065 - Link Generation Succeeds.
2024-01-30 15:01:40,152 - Victim node is 5118.
2024-01-30 15:01:40,152 - tensor([6190, 7460, 7542], device='cuda:0')
2024-01-30 15:01:40,153 - Classification Succeeds.
2024-01-30 15:01:40,153 - Link Generation Fails.
2024-01-30 15:02:12,278 - Victim node is 2414.
2024-01-30 15:02:12,278 - tensor([2198, 7925, 8631], device='cuda:0')
2024-01-30 15:02:12,278 - Classification Succeeds.
2024-01-30 15:02:12,278 - Link Generation Succeeds.
2024-01-30 15:02:41,583 - Victim node is 6956.
2024-01-30 15:02:41,583 - tensor([ 593, 2198, 6702], device='cuda:0')
2024-01-30 15:02:41,583 - Classification Fails.
2024-01-30 15:02:41,583 - Link Generation Fails.
2024-01-30 15:03:12,971 - Victim node is 7224.
2024-01-30 15:03:12,971 - tensor([4663, 6130, 7460], device='cuda:0')
2024-01-30 15:03:12,972 - Classification Succeeds.
2024-01-30 15:03:12,972 - Link Generation Fails.
2024-01-30 15:05:53,356 - Victim node is 1423.
2024-01-30 15:05:53,356 - tensor([ 593, 8263, 8875], device='cuda:0')
2024-01-30 15:05:53,357 - Classification Succeeds.
2024-01-30 15:05:53,357 - Link Generation Succeeds.
2024-01-30 15:14:12,732 - Victim node is 5344.
2024-01-30 15:14:12,732 - tensor([7842, 8328, 8341], device='cuda:0')
2024-01-30 15:14:12,733 - Classification Succeeds.
2024-01-30 15:14:12,733 - Link Generation Succeeds.
2024-01-30 15:14:53,055 - Victim node is 6461.
2024-01-30 15:14:53,055 - tensor([ 593, 2198, 4376], device='cuda:0')
2024-01-30 15:14:53,055 - Classification Succeeds.
2024-01-30 15:14:53,055 - Link Generation Fails.
2024-01-30 15:16:55,229 - Victim node is 5290.
2024-01-30 15:16:55,229 - tensor([2239, 7815, 8262], device='cuda:0')
2024-01-30 15:16:55,229 - Classification Succeeds.
2024-01-30 15:16:55,229 - Link Generation Succeeds.
2024-01-30 15:20:36,568 - Victim node is 3347.
2024-01-30 15:20:36,569 - tensor([2239, 8281, 8293], device='cuda:0')
2024-01-30 15:20:36,569 - Classification Succeeds.
2024-01-30 15:20:36,569 - Link Generation Succeeds.
2024-01-30 15:21:35,361 - Victim node is 6080.
2024-01-30 15:21:35,361 - tensor([3780, 5875, 7460], device='cuda:0')
2024-01-30 15:21:35,361 - Classification Fails.
2024-01-30 15:21:35,361 - Link Generation Fails.
2024-01-30 15:22:04,728 - Victim node is 2775.
2024-01-30 15:22:04,728 - tensor([ 593, 2198, 2239], device='cuda:0')
2024-01-30 15:22:04,728 - Classification Fails.
2024-01-30 15:22:04,729 - Link Generation Fails.
2024-01-30 15:22:34,272 - Victim node is 4300.
2024-01-30 15:22:34,272 - tensor([1759, 2260, 6433], device='cuda:0')
2024-01-30 15:22:34,274 - Classification Fails.
2024-01-30 15:22:34,274 - Link Generation Fails.
2024-01-30 15:23:03,436 - Victim node is 860.
2024-01-30 15:23:03,436 - tensor([ 593, 2198, 2239], device='cuda:0')
2024-01-30 15:23:03,436 - Classification Fails.
2024-01-30 15:23:03,436 - Link Generation Fails.
2024-01-30 15:25:44,687 - Victim node is 3983.
2024-01-30 15:25:44,687 - tensor([7831, 8281, 8292], device='cuda:0')
2024-01-30 15:25:44,687 - Classification Fails.
2024-01-30 15:25:44,687 - Link Generation Succeeds.
2024-01-30 15:26:16,830 - Victim node is 2677.
2024-01-30 15:26:16,830 - tensor([ 593, 6702, 8664], device='cuda:0')
2024-01-30 15:26:16,831 - Classification Fails.
2024-01-30 15:26:16,831 - Link Generation Succeeds.
2024-01-30 15:31:25,951 - Victim node is 5070.
2024-01-30 15:31:25,951 - tensor([4384, 7858, 8398], device='cuda:0')
2024-01-30 15:31:25,951 - Classification Succeeds.
2024-01-30 15:31:25,951 - Link Generation Succeeds.
2024-01-30 15:32:04,710 - Victim node is 7523.
2024-01-30 15:32:04,711 - tensor([ 593, 2198, 4376], device='cuda:0')
2024-01-30 15:32:04,711 - Classification Succeeds.
2024-01-30 15:32:04,711 - Link Generation Fails.
2024-01-30 15:32:36,642 - Victim node is 1281.
2024-01-30 15:32:36,642 - tensor([2239, 4376, 6702], device='cuda:0')
2024-01-30 15:32:36,643 - Classification Succeeds.
2024-01-30 15:32:36,643 - Link Generation Fails.
2024-01-30 15:33:05,846 - Victim node is 617.
2024-01-30 15:33:05,846 - tensor([4663, 7460, 7620], device='cuda:0')
2024-01-30 15:33:05,847 - Classification Fails.
2024-01-30 15:33:05,847 - Link Generation Fails.
2024-01-30 15:33:39,546 - Victim node is 7137.
2024-01-30 15:33:39,546 - tensor([ 593, 2198, 2239], device='cuda:0')
2024-01-30 15:33:39,547 - Classification Fails.
2024-01-30 15:33:39,547 - Link Generation Fails.
2024-01-30 15:36:16,534 - Victim node is 1495.
2024-01-30 15:36:16,534 - tensor([ 593, 2198, 8775], device='cuda:0')
2024-01-30 15:36:16,536 - Classification Fails.
2024-01-30 15:36:16,536 - Link Generation Succeeds.
2024-01-30 15:39:33,965 - Victim node is 717.
2024-01-30 15:39:33,965 - tensor([7970, 8752, 8963], device='cuda:0')
2024-01-30 15:39:33,965 - Classification Succeeds.
2024-01-30 15:39:33,965 - Link Generation Succeeds.
2024-01-30 15:40:06,867 - Victim node is 518.
2024-01-30 15:40:06,867 - tensor([ 593, 2198, 4376], device='cuda:0')
2024-01-30 15:40:06,868 - Classification Fails.
2024-01-30 15:40:06,868 - Link Generation Fails.
2024-01-30 15:40:36,239 - Victim node is 6173.
2024-01-30 15:40:36,239 - tensor([1374, 4663, 7620], device='cuda:0')
2024-01-30 15:40:36,240 - Classification Fails.
2024-01-30 15:40:36,240 - Link Generation Fails.
2024-01-30 15:48:07,644 - Victim node is 2299.
2024-01-30 15:48:07,644 - tensor([ 593, 2239, 8332], device='cuda:0')
2024-01-30 15:48:07,645 - Classification Fails.
2024-01-30 15:48:07,645 - Link Generation Succeeds.
2024-01-30 15:49:12,585 - Victim node is 4751.
2024-01-30 15:49:12,585 - tensor([ 593, 2198, 2239], device='cuda:0')
2024-01-30 15:49:12,585 - Classification Fails.
2024-01-30 15:49:12,586 - Link Generation Fails.
2024-01-30 15:49:41,749 - Victim node is 6914.
2024-01-30 15:49:41,749 - tensor([ 526, 2980, 6433], device='cuda:0')
2024-01-30 15:49:41,750 - Classification Succeeds.
2024-01-30 15:49:41,750 - Link Generation Fails.
2024-01-30 15:50:11,223 - Victim node is 6763.
2024-01-30 15:50:11,223 - tensor([ 481, 4663, 6433], device='cuda:0')
2024-01-30 15:50:11,224 - Classification Fails.
2024-01-30 15:50:11,224 - Link Generation Fails.
2024-01-30 15:50:40,344 - Victim node is 4585.
2024-01-30 15:50:40,344 - tensor([1136, 1374, 6130], device='cuda:0')
2024-01-30 15:50:40,344 - Classification Succeeds.
2024-01-30 15:50:40,344 - Link Generation Fails.
2024-01-30 15:51:09,396 - Victim node is 4747.
2024-01-30 15:51:09,396 - tensor([1759, 2260, 4666], device='cuda:0')
2024-01-30 15:51:09,397 - Classification Succeeds.
2024-01-30 15:51:09,397 - Link Generation Fails.
2024-01-30 15:51:38,543 - Victim node is 4814.
2024-01-30 15:51:38,543 - tensor([1759, 6130, 7620], device='cuda:0')
2024-01-30 15:51:38,543 - Classification Fails.
2024-01-30 15:51:38,543 - Link Generation Fails.
2024-01-30 15:52:07,566 - Victim node is 910.
2024-01-30 15:52:07,566 - tensor([2198, 2239, 4376], device='cuda:0')
2024-01-30 15:52:07,567 - Classification Fails.
2024-01-30 15:52:07,567 - Link Generation Fails.
2024-01-30 15:52:36,685 - Victim node is 1768.
2024-01-30 15:52:36,685 - tensor([2278, 2863, 6433], device='cuda:0')
2024-01-30 15:52:36,686 - Classification Fails.
2024-01-30 15:52:36,686 - Link Generation Fails.
2024-01-30 15:59:10,107 - Victim node is 5714.
2024-01-30 15:59:10,107 - tensor([2239, 7827, 8293], device='cuda:0')
2024-01-30 15:59:10,107 - Classification Succeeds.
2024-01-30 15:59:10,107 - Link Generation Succeeds.
2024-01-30 15:59:42,313 - Victim node is 4584.
2024-01-30 15:59:42,313 - tensor([ 593, 2198, 2239], device='cuda:0')
2024-01-30 15:59:42,313 - Classification Succeeds.
2024-01-30 15:59:42,313 - Link Generation Fails.
2024-01-30 16:00:11,661 - Victim node is 7484.
2024-01-30 16:00:11,661 - tensor([5449, 6130, 7460], device='cuda:0')
2024-01-30 16:00:11,662 - Classification Fails.
2024-01-30 16:00:11,662 - Link Generation Fails.
2024-01-30 16:00:43,837 - Victim node is 6009.
2024-01-30 16:00:43,837 - tensor([4663, 6130, 7620], device='cuda:0')
2024-01-30 16:00:43,837 - Classification Succeeds.
2024-01-30 16:00:43,837 - Link Generation Fails.
2024-01-30 16:01:15,755 - Victim node is 1722.
2024-01-30 16:01:15,755 - tensor([ 593, 2198, 2239], device='cuda:0')
2024-01-30 16:01:15,755 - Classification Fails.
2024-01-30 16:01:15,756 - Link Generation Fails.
2024-01-30 16:01:44,830 - Victim node is 1512.
2024-01-30 16:01:44,830 - tensor([1759, 2250, 4666], device='cuda:0')
2024-01-30 16:01:44,830 - Classification Fails.
2024-01-30 16:01:44,831 - Link Generation Fails.
2024-01-30 16:08:29,595 - Victim node is 6047.
2024-01-30 16:08:29,596 - tensor([ 593, 8342, 8356], device='cuda:0')
2024-01-30 16:08:29,596 - Classification Fails.
2024-01-30 16:08:29,596 - Link Generation Succeeds.
2024-01-30 16:08:58,609 - Victim node is 580.
2024-01-30 16:08:58,609 - tensor([2144, 6279, 7542], device='cuda:0')
2024-01-30 16:08:58,609 - Classification Fails.
2024-01-30 16:08:58,609 - Link Generation Fails.
2024-01-30 16:09:29,918 - Victim node is 2993.
2024-01-30 16:09:29,919 - tensor([ 593, 2198, 2239], device='cuda:0')
2024-01-30 16:09:29,919 - Classification Fails.
2024-01-30 16:09:29,919 - Link Generation Fails.
2024-01-30 16:12:09,885 - Victim node is 800.
2024-01-30 16:12:09,885 - tensor([7829, 8272, 8284], device='cuda:0')
2024-01-30 16:12:09,886 - Classification Succeeds.
2024-01-30 16:12:09,886 - Link Generation Succeeds.
2024-01-30 16:15:30,175 - Victim node is 2904.
2024-01-30 16:15:30,175 - tensor([ 593, 2239, 8279], device='cuda:0')
2024-01-30 16:15:30,175 - Classification Fails.
2024-01-30 16:15:30,175 - Link Generation Succeeds.
2024-01-30 16:16:03,760 - Victim node is 539.
2024-01-30 16:16:03,761 - tensor([ 593, 2198, 2239], device='cuda:0')
2024-01-30 16:16:03,761 - Classification Fails.
2024-01-30 16:16:03,761 - Link Generation Fails.
2024-01-30 16:16:35,706 - Victim node is 382.
2024-01-30 16:16:35,706 - tensor([ 593, 2198, 2239], device='cuda:0')
2024-01-30 16:16:35,706 - Classification Fails.
2024-01-30 16:16:35,707 - Link Generation Fails.
2024-01-30 16:17:04,874 - Victim node is 5988.
2024-01-30 16:17:04,874 - tensor([6130, 6279, 7620], device='cuda:0')
2024-01-30 16:17:04,874 - Classification Succeeds.
2024-01-30 16:17:04,875 - Link Generation Fails.
2024-01-30 16:17:33,834 - Victim node is 2249.
2024-01-30 16:17:33,834 - tensor([6130, 7652, 7735], device='cuda:0')
2024-01-30 16:17:33,835 - Classification Fails.
2024-01-30 16:17:33,835 - Link Generation Succeeds.
2024-01-30 16:18:05,874 - Victim node is 868.
2024-01-30 16:18:05,874 - tensor([2239, 4376, 6702], device='cuda:0')
2024-01-30 16:18:05,875 - Classification Succeeds.
2024-01-30 16:18:05,875 - Link Generation Fails.
2024-01-30 16:18:35,326 - Victim node is 7495.
2024-01-30 16:18:35,326 - tensor([7684, 7708, 7715], device='cuda:0')
2024-01-30 16:18:35,327 - Classification Succeeds.
2024-01-30 16:18:35,327 - Link Generation Succeeds.
2024-01-30 16:22:22,954 - Victim node is 3758.
2024-01-30 16:22:22,954 - tensor([ 593, 2239, 8300], device='cuda:0')
2024-01-30 16:22:22,954 - Classification Succeeds.
2024-01-30 16:22:22,955 - Link Generation Succeeds.
2024-01-30 16:22:55,488 - Victim node is 3155.
2024-01-30 16:22:55,488 - tensor([ 593, 2198, 2239], device='cuda:0')
2024-01-30 16:22:55,488 - Classification Fails.
2024-01-30 16:22:55,488 - Link Generation Fails.
2024-01-30 16:23:24,224 - Victim node is 6346.
2024-01-30 16:23:24,224 - tensor([6190, 7177, 7542], device='cuda:0')
2024-01-30 16:23:24,225 - Classification Fails.
2024-01-30 16:23:24,225 - Link Generation Fails.
2024-01-30 16:23:53,464 - Victim node is 342.
2024-01-30 16:23:53,464 - tensor([1599, 2818, 7460], device='cuda:0')
2024-01-30 16:23:53,464 - Classification Fails.
2024-01-30 16:23:53,465 - Link Generation Fails.
2024-01-30 16:24:22,857 - Victim node is 3458.
2024-01-30 16:24:22,857 - tensor([5449, 6190, 7542], device='cuda:0')
2024-01-30 16:24:22,857 - Classification Fails.
2024-01-30 16:24:22,857 - Link Generation Fails.
2024-01-30 16:24:54,484 - Victim node is 5206.
2024-01-30 16:24:54,484 - tensor([ 593, 2198, 8367], device='cuda:0')
2024-01-30 16:24:54,485 - Classification Fails.
2024-01-30 16:24:54,485 - Link Generation Succeeds.
2024-01-30 16:25:23,410 - Victim node is 3798.
2024-01-30 16:25:23,410 - tensor([4646, 6433, 7620], device='cuda:0')
2024-01-30 16:25:23,411 - Classification Fails.
2024-01-30 16:25:23,411 - Link Generation Fails.
2024-01-30 16:25:55,311 - Victim node is 3868.
2024-01-30 16:25:55,311 - tensor([2198, 7761, 8500], device='cuda:0')
2024-01-30 16:25:55,312 - Classification Fails.
2024-01-30 16:25:55,312 - Link Generation Succeeds.
2024-01-30 16:26:25,059 - Victim node is 5821.
2024-01-30 16:26:25,059 - tensor([4646, 6279, 7620], device='cuda:0')
2024-01-30 16:26:25,059 - Classification Succeeds.
2024-01-30 16:26:25,059 - Link Generation Fails.
2024-01-30 16:26:54,777 - Victim node is 4192.
2024-01-30 16:26:54,777 - tensor([1600, 4246, 7620], device='cuda:0')
2024-01-30 16:26:54,778 - Classification Fails.
2024-01-30 16:26:54,778 - Link Generation Fails.
2024-01-30 16:27:23,884 - Victim node is 3301.
2024-01-30 16:27:23,885 - tensor([2198, 2239, 4376], device='cuda:0')
2024-01-30 16:27:23,885 - Classification Succeeds.
2024-01-30 16:27:23,885 - Link Generation Fails.
2024-01-30 16:27:52,866 - Victim node is 153.
2024-01-30 16:27:52,866 - tensor([4237, 7460, 7620], device='cuda:0')
2024-01-30 16:27:52,867 - Classification Succeeds.
2024-01-30 16:27:52,867 - Link Generation Fails.
2024-01-30 16:28:25,021 - Victim node is 6101.
2024-01-30 16:28:25,021 - tensor([ 593, 2198, 4384], device='cuda:0')
2024-01-30 16:28:25,023 - Classification Fails.
2024-01-30 16:28:25,023 - Link Generation Fails.
2024-01-30 16:28:56,571 - Victim node is 5511.
2024-01-30 16:28:56,571 - tensor([ 593, 2198, 2239], device='cuda:0')
2024-01-30 16:28:56,572 - Classification Fails.
2024-01-30 16:28:56,572 - Link Generation Fails.
2024-01-30 16:29:25,815 - Victim node is 314.
2024-01-30 16:29:25,815 - tensor([4663, 5449, 7620], device='cuda:0')
2024-01-30 16:29:25,815 - Classification Fails.
2024-01-30 16:29:25,815 - Link Generation Fails.
2024-01-30 16:29:57,638 - Victim node is 5373.
2024-01-30 16:29:57,638 - tensor([ 593, 2198, 4376], device='cuda:0')
2024-01-30 16:29:57,638 - Classification Succeeds.
2024-01-30 16:29:57,638 - Link Generation Fails.
2024-01-30 16:32:31,913 - Victim node is 2859.
2024-01-30 16:32:31,913 - tensor([7969, 8745, 8952], device='cuda:0')
2024-01-30 16:32:31,913 - Classification Succeeds.
2024-01-30 16:32:31,913 - Link Generation Succeeds.
2024-01-30 16:33:04,479 - Victim node is 293.
2024-01-30 16:33:04,479 - tensor([2198, 2239, 7620], device='cuda:0')
2024-01-30 16:33:04,479 - Classification Fails.
2024-01-30 16:33:04,479 - Link Generation Fails.
2024-01-30 16:33:36,055 - Victim node is 6487.
2024-01-30 16:33:36,055 - tensor([ 593, 2198, 8651], device='cuda:0')
2024-01-30 16:33:36,055 - Classification Succeeds.
2024-01-30 16:33:36,055 - Link Generation Succeeds.
2024-01-30 16:34:08,105 - Victim node is 3488.
2024-01-30 16:34:08,105 - tensor([ 593, 6702, 8656], device='cuda:0')
2024-01-30 16:34:08,106 - Classification Succeeds.
2024-01-30 16:34:08,106 - Link Generation Succeeds.
2024-01-30 16:34:39,915 - Victim node is 6211.
2024-01-30 16:34:39,915 - tensor([2198, 7788, 8688], device='cuda:0')
2024-01-30 16:34:39,915 - Classification Fails.
2024-01-30 16:34:39,916 - Link Generation Succeeds.
2024-01-30 16:35:08,596 - Victim node is 1119.
2024-01-30 16:35:08,597 - tensor([3383, 6190, 7542], device='cuda:0')
2024-01-30 16:35:08,597 - Classification Fails.
2024-01-30 16:35:08,597 - Link Generation Fails.
2024-01-30 16:35:37,991 - Victim node is 6855.
2024-01-30 16:35:37,991 - tensor([4663, 7460, 7620], device='cuda:0')
2024-01-30 16:35:37,991 - Classification Fails.
2024-01-30 16:35:37,991 - Link Generation Fails.
2024-01-30 16:36:07,559 - Victim node is 7050.
2024-01-30 16:36:07,559 - tensor([3383, 6190, 7620], device='cuda:0')
2024-01-30 16:36:07,560 - Classification Succeeds.
2024-01-30 16:36:07,560 - Link Generation Fails.
2024-01-30 16:36:37,050 - Victim node is 1475.
2024-01-30 16:36:37,050 - tensor([1374, 6130, 7460], device='cuda:0')
2024-01-30 16:36:37,051 - Classification Succeeds.
2024-01-30 16:36:37,051 - Link Generation Fails.
2024-01-30 16:43:23,231 - Victim node is 7151.
2024-01-30 16:43:23,231 - tensor([ 593, 6702, 8323], device='cuda:0')
2024-01-30 16:43:23,232 - Classification Succeeds.
2024-01-30 16:43:23,232 - Link Generation Succeeds.
2024-01-30 16:43:54,971 - Victim node is 5729.
2024-01-30 16:43:54,971 - tensor([ 593, 2198, 4384], device='cuda:0')
2024-01-30 16:43:54,971 - Classification Fails.
2024-01-30 16:43:54,971 - Link Generation Fails.
2024-01-30 16:44:24,892 - Victim node is 6653.
2024-01-30 16:44:24,892 - tensor([4663, 6130, 7620], device='cuda:0')
2024-01-30 16:44:24,892 - Classification Fails.
2024-01-30 16:44:24,893 - Link Generation Fails.
2024-01-30 16:44:53,654 - Victim node is 5990.
2024-01-30 16:44:53,654 - tensor([3383, 4906, 6433], device='cuda:0')
2024-01-30 16:44:53,655 - Classification Fails.
2024-01-30 16:44:53,655 - Link Generation Fails.
2024-01-30 16:50:05,938 - Victim node is 1102.
2024-01-30 16:50:05,938 - tensor([7858, 8410, 8426], device='cuda:0')
2024-01-30 16:50:05,938 - Classification Fails.
2024-01-30 16:50:05,938 - Link Generation Succeeds.
2024-01-30 16:53:07,600 - Victim node is 4735.
2024-01-30 16:53:07,600 - tensor([ 593, 2198, 8776], device='cuda:0')
2024-01-30 16:53:07,601 - Classification Fails.
2024-01-30 16:53:07,601 - Link Generation Succeeds.
2024-01-30 16:53:37,433 - Victim node is 1452.
2024-01-30 16:53:37,433 - tensor([4663, 6130, 7620], device='cuda:0')
2024-01-30 16:53:37,434 - Classification Succeeds.
2024-01-30 16:53:37,434 - Link Generation Fails.
2024-01-30 16:54:09,125 - Victim node is 2143.
2024-01-30 16:54:09,126 - tensor([ 593, 2198, 2239], device='cuda:0')
2024-01-30 16:54:09,126 - Classification Fails.
2024-01-30 16:54:09,126 - Link Generation Fails.
2024-01-30 16:56:45,441 - Victim node is 607.
2024-01-30 16:56:45,441 - tensor([ 593, 2198, 8758], device='cuda:0')
2024-01-30 16:56:45,441 - Classification Succeeds.
2024-01-30 16:56:45,441 - Link Generation Succeeds.
2024-01-30 16:57:15,639 - Victim node is 1318.
2024-01-30 16:57:15,639 - tensor([ 593, 2198, 6702], device='cuda:0')
2024-01-30 16:57:15,639 - Classification Fails.
2024-01-30 16:57:15,639 - Link Generation Fails.
2024-01-30 16:57:44,413 - Victim node is 3572.
2024-01-30 16:57:44,413 - tensor([2923, 7177, 7542], device='cuda:0')
2024-01-30 16:57:44,414 - Classification Fails.
2024-01-30 16:57:44,414 - Link Generation Fails.
2024-01-30 16:58:16,657 - Victim node is 3930.
2024-01-30 16:58:16,657 - tensor([2198, 7947, 8710], device='cuda:0')
2024-01-30 16:58:16,658 - Classification Fails.
2024-01-30 16:58:16,658 - Link Generation Succeeds.
2024-01-30 16:58:45,344 - Victim node is 6332.
2024-01-30 16:58:45,344 - tensor([7654, 7655, 7667], device='cuda:0')
2024-01-30 16:58:45,345 - Classification Succeeds.
2024-01-30 16:58:45,345 - Link Generation Succeeds.
2024-01-30 16:59:14,352 - Victim node is 6559.
2024-01-30 16:59:14,352 - tensor([  16, 3383, 7505], device='cuda:0')
2024-01-30 16:59:14,353 - Classification Fails.
2024-01-30 16:59:14,353 - Link Generation Fails.
2024-01-30 16:59:43,359 - Victim node is 3463.
2024-01-30 16:59:43,359 - tensor([3200, 6130, 7620], device='cuda:0')
2024-01-30 16:59:43,359 - Classification Succeeds.
2024-01-30 16:59:43,360 - Link Generation Fails.
2024-01-30 17:00:12,804 - Victim node is 1.
2024-01-30 17:00:12,804 - tensor([ 593, 2198, 2239], device='cuda:0')
2024-01-30 17:00:12,804 - Classification Fails.
2024-01-30 17:00:12,805 - Link Generation Fails.
2024-01-30 17:00:44,765 - Victim node is 4036.
2024-01-30 17:00:44,765 - tensor([ 593, 2198, 2239], device='cuda:0')
2024-01-30 17:00:44,766 - Classification Fails.
2024-01-30 17:00:44,766 - Link Generation Fails.
2024-01-30 17:01:14,011 - Victim node is 3941.
2024-01-30 17:01:14,011 - tensor([5449, 6190, 7460], device='cuda:0')
2024-01-30 17:01:14,011 - Classification Fails.
2024-01-30 17:01:14,011 - Link Generation Fails.
2024-01-30 17:01:43,382 - Victim node is 5719.
2024-01-30 17:01:43,382 - tensor([2198, 2239, 4376], device='cuda:0')
2024-01-30 17:01:43,382 - Classification Fails.
2024-01-30 17:01:43,382 - Link Generation Fails.
2024-01-30 17:02:12,758 - Victim node is 825.
2024-01-30 17:02:12,758 - tensor([4646, 6130, 7620], device='cuda:0')
2024-01-30 17:02:12,759 - Classification Fails.
2024-01-30 17:02:12,759 - Link Generation Fails.
2024-01-30 17:02:42,146 - Victim node is 1664.
2024-01-30 17:02:42,147 - tensor([4663, 6130, 7620], device='cuda:0')
2024-01-30 17:02:42,147 - Classification Fails.
2024-01-30 17:02:42,147 - Link Generation Fails.
2024-01-30 17:05:22,021 - Victim node is 312.
2024-01-30 17:05:22,021 - tensor([7824, 8268, 9493], device='cuda:0')
2024-01-30 17:05:22,021 - Classification Succeeds.
2024-01-30 17:05:22,021 - Link Generation Succeeds.
2024-01-30 17:06:41,052 - Victim node is 4507.
2024-01-30 17:06:41,052 - tensor([2863, 4906, 6433], device='cuda:0')
2024-01-30 17:06:41,052 - Classification Succeeds.
2024-01-30 17:06:41,053 - Link Generation Fails.
2024-01-30 17:07:41,058 - Victim node is 5004.
2024-01-30 17:07:41,058 - tensor([ 593, 2198, 4376], device='cuda:0')
2024-01-30 17:07:41,058 - Classification Fails.
2024-01-30 17:07:41,058 - Link Generation Fails.
2024-01-30 17:08:10,026 - Victim node is 4165.
2024-01-30 17:08:10,026 - tensor([6130, 7460, 7620], device='cuda:0')
2024-01-30 17:08:10,027 - Classification Succeeds.
2024-01-30 17:08:10,027 - Link Generation Fails.
2024-01-30 17:08:39,333 - Victim node is 5596.
2024-01-30 17:08:39,333 - tensor([6130, 6279, 7620], device='cuda:0')
2024-01-30 17:08:39,333 - Classification Succeeds.
2024-01-30 17:08:39,333 - Link Generation Fails.
2024-01-30 17:09:08,517 - Victim node is 7145.
2024-01-30 17:09:08,518 - tensor([4646, 6433, 7620], device='cuda:0')
2024-01-30 17:09:08,518 - Classification Succeeds.
2024-01-30 17:09:08,518 - Link Generation Fails.
2024-01-30 17:11:46,840 - Victim node is 1022.
2024-01-30 17:11:46,841 - tensor([ 593, 7982, 8813], device='cuda:0')
2024-01-30 17:11:46,842 - Classification Succeeds.
2024-01-30 17:11:46,842 - Link Generation Succeeds.
2024-01-30 17:12:16,237 - Victim node is 4798.
2024-01-30 17:12:16,237 - tensor([7460, 7653, 7656], device='cuda:0')
2024-01-30 17:12:16,239 - Classification Succeeds.
2024-01-30 17:12:16,239 - Link Generation Succeeds.
2024-01-30 17:12:45,539 - Victim node is 1123.
2024-01-30 17:12:45,539 - tensor([3383, 5875, 7620], device='cuda:0')
2024-01-30 17:12:45,539 - Classification Succeeds.
2024-01-30 17:12:45,539 - Link Generation Fails.
2024-01-30 17:13:14,781 - Victim node is 937.
2024-01-30 17:13:14,781 - tensor([ 593, 6702, 7069], device='cuda:0')
2024-01-30 17:13:14,781 - Classification Fails.
2024-01-30 17:13:14,781 - Link Generation Fails.
2024-01-30 17:13:43,499 - Victim node is 2982.
2024-01-30 17:13:43,499 - tensor([6190, 7058, 7542], device='cuda:0')
2024-01-30 17:13:43,500 - Classification Fails.
2024-01-30 17:13:43,500 - Link Generation Fails.
2024-01-30 17:14:13,047 - Victim node is 525.
2024-01-30 17:14:13,047 - tensor([4906, 6433, 7199], device='cuda:0')
2024-01-30 17:14:13,048 - Classification Succeeds.
2024-01-30 17:14:13,048 - Link Generation Fails.
2024-01-30 17:14:42,502 - Victim node is 1340.
2024-01-30 17:14:42,503 - tensor([4663, 6130, 7620], device='cuda:0')
2024-01-30 17:14:42,503 - Classification Succeeds.
2024-01-30 17:14:42,503 - Link Generation Fails.
2024-01-30 17:15:11,478 - Victim node is 6123.
2024-01-30 17:15:11,478 - tensor([ 593, 2198, 2239], device='cuda:0')
2024-01-30 17:15:11,478 - Classification Succeeds.
2024-01-30 17:15:11,478 - Link Generation Fails.
2024-01-30 17:22:23,524 - Victim node is 6971.
2024-01-30 17:22:23,525 - tensor([4805, 8395, 8409], device='cuda:0')
2024-01-30 17:22:23,525 - Classification Succeeds.
2024-01-30 17:22:23,525 - Link Generation Succeeds.
2024-01-30 17:22:59,198 - Victim node is 1035.
2024-01-30 17:22:59,198 - tensor([4663, 6130, 7620], device='cuda:0')
2024-01-30 17:22:59,198 - Classification Succeeds.
2024-01-30 17:22:59,198 - Link Generation Fails.
2024-01-30 17:23:28,105 - Victim node is 4470.
2024-01-30 17:23:28,106 - tensor([7655, 7668, 7677], device='cuda:0')
2024-01-30 17:23:28,106 - Classification Succeeds.
2024-01-30 17:23:28,106 - Link Generation Succeeds.
2024-01-30 17:24:00,075 - Victim node is 3620.
2024-01-30 17:24:00,075 - tensor([7932, 8608, 8630], device='cuda:0')
2024-01-30 17:24:00,077 - Classification Succeeds.
2024-01-30 17:24:00,077 - Link Generation Succeeds.
2024-01-30 17:24:29,783 - Victim node is 2405.
2024-01-30 17:24:29,783 - tensor([ 593, 2198, 2239], device='cuda:0')
2024-01-30 17:24:29,783 - Classification Fails.
2024-01-30 17:24:29,783 - Link Generation Fails.
2024-01-30 17:25:01,811 - Victim node is 2476.
2024-01-30 17:25:01,811 - tensor([ 593, 7988, 8647], device='cuda:0')
2024-01-30 17:25:01,811 - Classification Succeeds.
2024-01-30 17:25:01,812 - Link Generation Succeeds.
2024-01-30 17:25:30,891 - Victim node is 1348.
2024-01-30 17:25:30,891 - tensor([ 526, 2278, 2863], device='cuda:0')
2024-01-30 17:25:30,892 - Classification Fails.
2024-01-30 17:25:30,892 - Link Generation Fails.
2024-01-30 17:26:00,232 - Victim node is 1868.
2024-01-30 17:26:00,232 - tensor([ 932, 1155, 6359], device='cuda:0')
2024-01-30 17:26:00,233 - Classification Fails.
2024-01-30 17:26:00,233 - Link Generation Fails.
2024-01-30 17:26:30,035 - Victim node is 5081.
2024-01-30 17:26:30,035 - tensor([ 593, 2198, 2239], device='cuda:0')
2024-01-30 17:26:30,036 - Classification Fails.
2024-01-30 17:26:30,036 - Link Generation Fails.
2024-01-30 17:26:58,783 - Victim node is 3230.
2024-01-30 17:26:58,783 - tensor([4552, 7460, 7650], device='cuda:0')
2024-01-30 17:26:58,784 - Classification Succeeds.
2024-01-30 17:26:58,784 - Link Generation Succeeds.
2024-01-30 17:27:27,632 - Victim node is 253.
2024-01-30 17:27:27,632 - tensor([1759, 2260, 4666], device='cuda:0')
2024-01-30 17:27:27,632 - Classification Fails.
2024-01-30 17:27:27,632 - Link Generation Fails.
2024-01-30 17:27:57,093 - Victim node is 1255.
2024-01-30 17:27:57,093 - tensor([4646, 6130, 7620], device='cuda:0')
2024-01-30 17:27:57,094 - Classification Succeeds.
2024-01-30 17:27:57,094 - Link Generation Fails.
2024-01-30 17:28:28,844 - Victim node is 1023.
2024-01-30 17:28:28,844 - tensor([2198, 7833, 8283], device='cuda:0')
2024-01-30 17:28:28,844 - Classification Succeeds.
2024-01-30 17:28:28,844 - Link Generation Succeeds.
2024-01-30 17:33:57,567 - Victim node is 2427.
2024-01-30 17:33:57,567 - tensor([6702, 8428, 8442], device='cuda:0')
2024-01-30 17:33:57,567 - Classification Fails.
2024-01-30 17:33:57,568 - Link Generation Succeeds.
2024-01-30 17:34:30,941 - Victim node is 2807.
2024-01-30 17:34:30,941 - tensor([2198, 2239, 7934], device='cuda:0')
2024-01-30 17:34:30,941 - Classification Succeeds.
2024-01-30 17:34:30,942 - Link Generation Succeeds.
2024-01-30 17:34:59,707 - Victim node is 2386.
2024-01-30 17:34:59,707 - tensor([1968, 2278, 6433], device='cuda:0')
2024-01-30 17:34:59,708 - Classification Succeeds.
2024-01-30 17:34:59,708 - Link Generation Fails.
2024-01-30 17:35:28,882 - Victim node is 5659.
2024-01-30 17:35:28,882 - tensor([ 593, 2198, 4376], device='cuda:0')
2024-01-30 17:35:28,882 - Classification Fails.
2024-01-30 17:35:28,882 - Link Generation Fails.
2024-01-30 17:35:57,969 - Victim node is 58.
2024-01-30 17:35:57,970 - tensor([4237, 7460, 7620], device='cuda:0')
2024-01-30 17:35:57,970 - Classification Succeeds.
2024-01-30 17:35:57,970 - Link Generation Fails.
2024-01-30 17:42:42,485 - Victim node is 6183.
2024-01-30 17:42:42,485 - tensor([7835, 8334, 8348], device='cuda:0')
2024-01-30 17:42:42,485 - Classification Succeeds.
2024-01-30 17:42:42,485 - Link Generation Succeeds.
2024-01-30 17:43:12,282 - Victim node is 6771.
2024-01-30 17:43:12,283 - tensor([2198, 2250, 4666], device='cuda:0')
2024-01-30 17:43:12,283 - Classification Fails.
2024-01-30 17:43:12,283 - Link Generation Fails.
2024-01-30 17:49:58,866 - Victim node is 220.
2024-01-30 17:49:58,867 - tensor([7842, 8347, 8361], device='cuda:0')
2024-01-30 17:49:58,867 - Classification Succeeds.
2024-01-30 17:49:58,867 - Link Generation Succeeds.
2024-01-30 17:50:31,384 - Victim node is 7130.
2024-01-30 17:50:31,385 - tensor([ 593, 2198, 2239], device='cuda:0')
2024-01-30 17:50:31,385 - Classification Succeeds.
2024-01-30 17:50:31,385 - Link Generation Fails.
2024-01-30 17:51:03,512 - Victim node is 5167.
2024-01-30 17:51:03,512 - tensor([ 593, 2198, 4376], device='cuda:0')
2024-01-30 17:51:03,513 - Classification Succeeds.
2024-01-30 17:51:03,513 - Link Generation Fails.
2024-01-30 17:51:34,976 - Victim node is 4216.
2024-01-30 17:51:34,976 - tensor([ 593, 2198, 2239], device='cuda:0')
2024-01-30 17:51:34,976 - Classification Fails.
2024-01-30 17:51:34,976 - Link Generation Fails.
2024-01-30 17:52:04,174 - Victim node is 5920.
2024-01-30 17:52:04,175 - tensor([ 593, 2198, 2239], device='cuda:0')
2024-01-30 17:52:04,175 - Classification Succeeds.
2024-01-30 17:52:04,175 - Link Generation Fails.
2024-01-30 17:52:33,611 - Victim node is 7165.
2024-01-30 17:52:33,611 - tensor([5875, 6662, 7460], device='cuda:0')
2024-01-30 17:52:33,611 - Classification Fails.
2024-01-30 17:52:33,611 - Link Generation Fails.
2024-01-30 17:53:02,507 - Victim node is 7246.
2024-01-30 17:53:02,508 - tensor([3383, 6130, 7620], device='cuda:0')
2024-01-30 17:53:02,508 - Classification Succeeds.
2024-01-30 17:53:02,508 - Link Generation Fails.
2024-01-30 17:53:31,771 - Victim node is 4245.
2024-01-30 17:53:31,771 - tensor([ 593, 2198, 2239], device='cuda:0')
2024-01-30 17:53:31,771 - Classification Fails.
2024-01-30 17:53:31,772 - Link Generation Fails.
2024-01-30 17:54:03,862 - Victim node is 1241.
2024-01-30 17:54:03,862 - tensor([ 593, 2198, 2239], device='cuda:0')
2024-01-30 17:54:03,863 - Classification Succeeds.
2024-01-30 17:54:03,863 - Link Generation Fails.
2024-01-30 17:54:35,650 - Victim node is 1239.
2024-01-30 17:54:35,651 - tensor([ 593, 2198, 4376], device='cuda:0')
2024-01-30 17:54:35,651 - Classification Fails.
2024-01-30 17:54:35,651 - Link Generation Fails.
2024-01-30 17:55:07,286 - Victim node is 3772.
2024-01-30 17:55:07,286 - tensor([ 593, 2198, 7793], device='cuda:0')
2024-01-30 17:55:07,286 - Classification Fails.
2024-01-30 17:55:07,286 - Link Generation Succeeds.
2024-01-30 17:55:36,822 - Victim node is 6161.
2024-01-30 17:55:36,822 - tensor([ 593, 2198, 2239], device='cuda:0')
2024-01-30 17:55:36,822 - Classification Fails.
2024-01-30 17:55:36,822 - Link Generation Fails.
2024-01-30 17:56:06,244 - Victim node is 6163.
2024-01-30 17:56:06,244 - tensor([2923, 7460, 7574], device='cuda:0')
2024-01-30 17:56:06,245 - Classification Fails.
2024-01-30 17:56:06,245 - Link Generation Fails.
2024-01-30 17:56:37,863 - Victim node is 5478.
2024-01-30 17:56:37,863 - tensor([ 593, 2198, 4376], device='cuda:0')
2024-01-30 17:56:37,864 - Classification Fails.
2024-01-30 17:56:37,864 - Link Generation Fails.
2024-01-30 17:57:07,080 - Victim node is 348.
2024-01-30 17:57:07,080 - tensor([2198, 2239, 4376], device='cuda:0')
2024-01-30 17:57:07,080 - Classification Fails.
2024-01-30 17:57:07,080 - Link Generation Fails.
2024-01-30 17:57:36,123 - Victim node is 6384.
2024-01-30 17:57:36,123 - tensor([ 593, 2198, 2239], device='cuda:0')
2024-01-30 17:57:36,123 - Classification Fails.
2024-01-30 17:57:36,123 - Link Generation Fails.
2024-01-30 18:03:36,569 - Victim node is 3856.
2024-01-30 18:03:36,569 - tensor([4376, 4384, 7904], device='cuda:0')
2024-01-30 18:03:36,570 - Classification Fails.
2024-01-30 18:03:36,570 - Link Generation Succeeds.
2024-01-30 18:04:07,784 - Victim node is 6178.
2024-01-30 18:04:07,784 - tensor([2198, 4376, 4805], device='cuda:0')
2024-01-30 18:04:07,784 - Classification Fails.
2024-01-30 18:04:07,785 - Link Generation Fails.
2024-01-30 18:04:37,326 - Victim node is 7086.
2024-01-30 18:04:37,326 - tensor([1599, 5449, 7620], device='cuda:0')
2024-01-30 18:04:37,327 - Classification Fails.
2024-01-30 18:04:37,327 - Link Generation Fails.
2024-01-30 18:07:19,853 - Victim node is 5398.
2024-01-30 18:07:19,853 - tensor([7833, 8290, 8302], device='cuda:0')
2024-01-30 18:07:19,853 - Classification Succeeds.
2024-01-30 18:07:19,853 - Link Generation Succeeds.
2024-01-30 18:07:50,348 - Victim node is 7271.
2024-01-30 18:07:50,349 - tensor([1600, 6279, 7620], device='cuda:0')
2024-01-30 18:07:50,349 - Classification Fails.
2024-01-30 18:07:50,349 - Link Generation Fails.
2024-01-30 18:08:22,799 - Victim node is 3040.
2024-01-30 18:08:22,800 - tensor([ 593, 2198, 6702], device='cuda:0')
2024-01-30 18:08:22,800 - Classification Fails.
2024-01-30 18:08:22,800 - Link Generation Fails.
2024-01-30 18:08:54,316 - Victim node is 2748.
2024-01-30 18:08:54,316 - tensor([3231, 4663, 6130], device='cuda:0')
2024-01-30 18:08:54,316 - Classification Succeeds.
2024-01-30 18:08:54,317 - Link Generation Fails.
2024-01-30 18:09:23,416 - Victim node is 7275.
2024-01-30 18:09:23,416 - tensor([1374, 6130, 7620], device='cuda:0')
2024-01-30 18:09:23,416 - Classification Fails.
2024-01-30 18:09:23,416 - Link Generation Fails.
2024-01-30 18:09:52,662 - Victim node is 1976.
2024-01-30 18:09:52,662 - tensor([ 593, 2198, 2239], device='cuda:0')
2024-01-30 18:09:52,663 - Classification Fails.
2024-01-30 18:09:52,663 - Link Generation Fails.
2024-01-30 18:16:42,778 - Victim node is 2650.
2024-01-30 18:16:42,778 - tensor([2239, 7834, 8350], device='cuda:0')
2024-01-30 18:16:42,778 - Classification Fails.
2024-01-30 18:16:42,778 - Link Generation Succeeds.
2024-01-30 18:17:11,443 - Victim node is 6139.
2024-01-30 18:17:11,443 - tensor([6130, 7460, 7620], device='cuda:0')
2024-01-30 18:17:11,443 - Classification Succeeds.
2024-01-30 18:17:11,443 - Link Generation Fails.
2024-01-30 18:17:42,970 - Victim node is 1078.
2024-01-30 18:17:42,970 - tensor([ 593, 2198, 2239], device='cuda:0')
2024-01-30 18:17:42,970 - Classification Fails.
2024-01-30 18:17:42,971 - Link Generation Fails.
2024-01-30 18:18:15,347 - Victim node is 3001.
2024-01-30 18:18:15,348 - tensor([7799, 7959, 8705], device='cuda:0')
2024-01-30 18:18:15,348 - Classification Succeeds.
2024-01-30 18:18:15,348 - Link Generation Succeeds.
2024-01-30 18:18:47,523 - Victim node is 6210.
2024-01-30 18:18:47,523 - tensor([ 593, 2198, 2239], device='cuda:0')
2024-01-30 18:18:47,523 - Classification Fails.
2024-01-30 18:18:47,523 - Link Generation Fails.
2024-01-30 18:21:21,638 - Victim node is 7452.
2024-01-30 18:21:21,638 - tensor([2198, 7797, 8745], device='cuda:0')
2024-01-30 18:21:21,639 - Classification Fails.
2024-01-30 18:21:21,639 - Link Generation Succeeds.
2024-01-30 18:26:25,952 - Victim node is 6887.
2024-01-30 18:26:25,953 - tensor([8390, 8403, 9252], device='cuda:0')
2024-01-30 18:26:25,953 - Classification Succeeds.
2024-01-30 18:26:25,953 - Link Generation Succeeds.
2024-01-30 18:26:59,205 - Victim node is 5446.
2024-01-30 18:26:59,205 - tensor([ 593, 2198, 7782], device='cuda:0')
2024-01-30 18:26:59,206 - Classification Fails.
2024-01-30 18:26:59,206 - Link Generation Succeeds.
2024-01-30 18:27:28,079 - Victim node is 6270.
2024-01-30 18:27:28,079 - tensor([3383, 4646, 7620], device='cuda:0')
2024-01-30 18:27:28,079 - Classification Succeeds.
2024-01-30 18:27:28,079 - Link Generation Fails.
2024-01-30 18:27:57,324 - Victim node is 3024.
2024-01-30 18:27:57,324 - tensor([1759, 2260, 4666], device='cuda:0')
2024-01-30 18:27:57,325 - Classification Fails.
2024-01-30 18:27:57,325 - Link Generation Fails.
2024-01-30 18:28:29,504 - Victim node is 6596.
2024-01-30 18:28:29,505 - tensor([6702, 7932, 8642], device='cuda:0')
2024-01-30 18:28:29,505 - Classification Succeeds.
2024-01-30 18:28:29,505 - Link Generation Succeeds.
2024-01-30 18:28:58,317 - Victim node is 4140.
2024-01-30 18:28:58,318 - tensor([2198, 2239, 4376], device='cuda:0')
2024-01-30 18:28:58,318 - Classification Fails.
2024-01-30 18:28:58,318 - Link Generation Fails.
2024-01-30 18:29:27,314 - Victim node is 4443.
2024-01-30 18:29:27,314 - tensor([5449, 6653, 7620], device='cuda:0')
2024-01-30 18:29:27,315 - Classification Fails.
2024-01-30 18:29:27,315 - Link Generation Fails.
2024-01-30 18:29:56,367 - Victim node is 3864.
2024-01-30 18:29:56,368 - tensor([1759, 2260, 4666], device='cuda:0')
2024-01-30 18:29:56,368 - Classification Succeeds.
2024-01-30 18:29:56,368 - Link Generation Fails.
2024-01-30 18:30:25,863 - Victim node is 1204.
2024-01-30 18:30:25,863 - tensor([2923, 6190, 7542], device='cuda:0')
2024-01-30 18:30:25,864 - Classification Fails.
2024-01-30 18:30:25,864 - Link Generation Fails.
2024-01-30 18:30:55,377 - Victim node is 3352.
2024-01-30 18:30:55,378 - tensor([4646, 6130, 7620], device='cuda:0')
2024-01-30 18:30:55,378 - Classification Succeeds.
2024-01-30 18:30:55,378 - Link Generation Fails.
2024-01-30 18:31:24,196 - Victim node is 3727.
2024-01-30 18:31:24,197 - tensor([4237, 7460, 7620], device='cuda:0')
2024-01-30 18:31:24,197 - Classification Fails.
2024-01-30 18:31:24,197 - Link Generation Fails.
2024-01-30 18:31:56,123 - Victim node is 4695.
2024-01-30 18:31:56,123 - tensor([ 593, 2198, 4376], device='cuda:0')
2024-01-30 18:31:56,124 - Classification Succeeds.
2024-01-30 18:31:56,124 - Link Generation Fails.
2024-01-30 18:32:28,568 - Victim node is 6737.
2024-01-30 18:32:28,568 - tensor([2198, 8351, 8362], device='cuda:0')
2024-01-30 18:32:28,568 - Classification Fails.
2024-01-30 18:32:28,568 - Link Generation Succeeds.
2024-01-30 18:35:05,807 - Victim node is 3295.
2024-01-30 18:35:05,807 - tensor([ 593, 2198, 4376], device='cuda:0')
2024-01-30 18:35:05,807 - Classification Fails.
2024-01-30 18:35:05,807 - Link Generation Fails.
2024-01-30 18:35:36,400 - Victim node is 4181.
2024-01-30 18:35:36,400 - tensor([1599, 5449, 6279], device='cuda:0')
2024-01-30 18:35:36,400 - Classification Fails.
2024-01-30 18:35:36,400 - Link Generation Fails.
2024-01-30 18:36:05,971 - Victim node is 2318.
2024-01-30 18:36:05,972 - tensor([4663, 6130, 7620], device='cuda:0')
2024-01-30 18:36:05,972 - Classification Fails.
2024-01-30 18:36:05,972 - Link Generation Fails.
2024-01-30 18:36:35,329 - Victim node is 7045.
2024-01-30 18:36:35,329 - tensor([2198, 2239, 4376], device='cuda:0')
2024-01-30 18:36:35,329 - Classification Succeeds.
2024-01-30 18:36:35,330 - Link Generation Fails.
2024-01-30 18:37:06,972 - Victim node is 3793.
2024-01-30 18:37:06,972 - tensor([2198, 2239, 7740], device='cuda:0')
2024-01-30 18:37:06,972 - Classification Succeeds.
2024-01-30 18:37:06,972 - Link Generation Succeeds.
2024-01-30 18:37:36,105 - Victim node is 3454.
2024-01-30 18:37:36,105 - tensor([3383, 7652, 7708], device='cuda:0')
2024-01-30 18:37:36,105 - Classification Succeeds.
2024-01-30 18:37:36,105 - Link Generation Succeeds.
2024-01-30 18:38:05,431 - Victim node is 1588.
2024-01-30 18:38:05,432 - tensor([6130, 6279, 6962], device='cuda:0')
2024-01-30 18:38:05,432 - Classification Succeeds.
2024-01-30 18:38:05,432 - Link Generation Fails.
2024-01-30 18:38:34,773 - Victim node is 7162.
2024-01-30 18:38:34,775 - tensor([6130, 7460, 7620], device='cuda:0')
2024-01-30 18:38:34,775 - Classification Fails.
2024-01-30 18:38:34,775 - Link Generation Fails.
2024-01-30 18:43:24,671 - Victim node is 2755.
2024-01-30 18:43:24,671 - tensor([7853, 8379, 8393], device='cuda:0')
2024-01-30 18:43:24,672 - Classification Succeeds.
2024-01-30 18:43:24,672 - Link Generation Succeeds.
2024-01-30 18:43:53,911 - Victim node is 5600.
2024-01-30 18:43:53,911 - tensor([3780, 6130, 7620], device='cuda:0')
2024-01-30 18:43:53,911 - Classification Fails.
2024-01-30 18:43:53,911 - Link Generation Fails.
2024-01-30 18:46:36,140 - Victim node is 2541.
2024-01-30 18:46:36,140 - tensor([7831, 8288, 9562], device='cuda:0')
2024-01-30 18:46:36,141 - Classification Succeeds.
2024-01-30 18:46:36,141 - Link Generation Succeeds.
2024-01-30 18:47:05,112 - Victim node is 2153.
2024-01-30 18:47:05,112 - tensor([7659, 7701, 7707], device='cuda:0')
2024-01-30 18:47:05,113 - Classification Succeeds.
2024-01-30 18:47:05,113 - Link Generation Succeeds.
2024-01-30 18:47:34,290 - Victim node is 1609.
2024-01-30 18:47:34,290 - tensor([1759, 2260, 4666], device='cuda:0')
2024-01-30 18:47:34,290 - Classification Fails.
2024-01-30 18:47:34,290 - Link Generation Fails.
2024-01-30 18:48:06,321 - Victim node is 2086.
2024-01-30 18:48:06,321 - tensor([ 593, 2198, 8637], device='cuda:0')
2024-01-30 18:48:06,321 - Classification Succeeds.
2024-01-30 18:48:06,321 - Link Generation Succeeds.
2024-01-30 18:48:36,408 - Victim node is 1220.
2024-01-30 18:48:36,408 - tensor([7904, 7967, 7973], device='cuda:0')
2024-01-30 18:48:36,408 - Classification Fails.
2024-01-30 18:48:36,408 - Link Generation Succeeds.
2024-01-30 18:55:55,220 - Victim node is 6588.
2024-01-30 18:55:55,220 - tensor([ 593, 2239, 8377], device='cuda:0')
2024-01-30 18:55:55,221 - Classification Fails.
2024-01-30 18:55:55,221 - Link Generation Succeeds.
2024-01-30 18:56:24,319 - Victim node is 2227.
2024-01-30 18:56:24,319 - tensor([6130, 7460, 7620], device='cuda:0')
2024-01-30 18:56:24,319 - Classification Fails.
2024-01-30 18:56:24,319 - Link Generation Fails.
2024-01-30 18:56:53,314 - Victim node is 2865.
2024-01-30 18:56:53,314 - tensor([6190, 7069, 7177], device='cuda:0')
2024-01-30 18:56:53,315 - Classification Fails.
2024-01-30 18:56:53,315 - Link Generation Fails.
2024-01-30 18:57:22,115 - Victim node is 3835.
2024-01-30 18:57:22,115 - tensor([3383, 7698, 7711], device='cuda:0')
2024-01-30 18:57:22,116 - Classification Fails.
2024-01-30 18:57:22,116 - Link Generation Succeeds.
2024-01-30 19:00:04,355 - Victim node is 7510.
2024-01-30 19:00:04,355 - tensor([ 593, 8291, 8304], device='cuda:0')
2024-01-30 19:00:04,355 - Classification Fails.
2024-01-30 19:00:04,355 - Link Generation Succeeds.
2024-01-30 19:00:35,580 - Victim node is 5583.
2024-01-30 19:00:35,580 - tensor([4960, 6130, 7620], device='cuda:0')
2024-01-30 19:00:35,581 - Classification Succeeds.
2024-01-30 19:00:35,581 - Link Generation Fails.
2024-01-30 19:01:04,858 - Victim node is 257.
2024-01-30 19:01:04,858 - tensor([  16, 6190, 7505], device='cuda:0')
2024-01-30 19:01:04,859 - Classification Fails.
2024-01-30 19:01:04,859 - Link Generation Fails.
2024-01-30 19:01:33,896 - Victim node is 2053.
2024-01-30 19:01:33,896 - tensor([2144, 5925, 7460], device='cuda:0')
2024-01-30 19:01:33,896 - Classification Succeeds.
2024-01-30 19:01:33,896 - Link Generation Fails.
2024-01-30 19:02:03,430 - Victim node is 1446.
2024-01-30 19:02:03,431 - tensor([1374, 7460, 7620], device='cuda:0')
2024-01-30 19:02:03,431 - Classification Fails.
2024-01-30 19:02:03,431 - Link Generation Fails.
2024-01-30 19:02:32,585 - Victim node is 4250.
2024-01-30 19:02:32,586 - tensor([6130, 7460, 7620], device='cuda:0')
2024-01-30 19:02:32,586 - Classification Succeeds.
2024-01-30 19:02:32,586 - Link Generation Fails.
2024-01-30 19:03:01,823 - Victim node is 4813.
2024-01-30 19:03:01,823 - tensor([6190, 7069, 7542], device='cuda:0')
2024-01-30 19:03:01,823 - Classification Fails.
2024-01-30 19:03:01,824 - Link Generation Fails.
2024-01-30 19:03:30,860 - Victim node is 3243.
2024-01-30 19:03:30,860 - tensor([ 593, 2198, 6702], device='cuda:0')
2024-01-30 19:03:30,860 - Classification Succeeds.
2024-01-30 19:03:30,860 - Link Generation Fails.
2024-01-30 19:04:00,408 - Victim node is 3879.
2024-01-30 19:04:00,408 - tensor([4663, 6130, 7620], device='cuda:0')
2024-01-30 19:04:00,409 - Classification Fails.
2024-01-30 19:04:00,409 - Link Generation Fails.
2024-01-30 19:04:29,982 - Victim node is 6935.
2024-01-30 19:04:29,982 - tensor([1136, 2731, 6068], device='cuda:0')
2024-01-30 19:04:29,983 - Classification Fails.
2024-01-30 19:04:29,983 - Link Generation Fails.
2024-01-30 19:04:59,052 - Victim node is 1536.
2024-01-30 19:04:59,052 - tensor([1759, 2260, 4666], device='cuda:0')
2024-01-30 19:04:59,052 - Classification Succeeds.
2024-01-30 19:04:59,052 - Link Generation Fails.
2024-01-30 19:05:30,662 - Victim node is 1628.
2024-01-30 19:05:30,662 - tensor([2239, 7801, 8721], device='cuda:0')
2024-01-30 19:05:30,663 - Classification Succeeds.
2024-01-30 19:05:30,663 - Link Generation Succeeds.
2024-01-30 19:05:59,969 - Victim node is 2760.
2024-01-30 19:05:59,969 - tensor([ 526, 2863, 3578], device='cuda:0')
2024-01-30 19:05:59,970 - Classification Succeeds.
2024-01-30 19:05:59,970 - Link Generation Fails.
2024-01-30 19:06:29,713 - Victim node is 6718.
2024-01-30 19:06:29,713 - tensor([1136, 5449, 6279], device='cuda:0')
2024-01-30 19:06:29,714 - Classification Fails.
2024-01-30 19:06:29,714 - Link Generation Fails.
2024-01-30 19:06:59,199 - Victim node is 3785.
2024-01-30 19:06:59,199 - tensor([ 593, 2198, 2239], device='cuda:0')
2024-01-30 19:06:59,200 - Classification Succeeds.
2024-01-30 19:06:59,200 - Link Generation Fails.
2024-01-30 19:07:30,784 - Victim node is 1069.
2024-01-30 19:07:30,784 - tensor([ 593, 2198, 2239], device='cuda:0')
2024-01-30 19:07:30,784 - Classification Fails.
2024-01-30 19:07:30,784 - Link Generation Fails.
2024-01-30 19:08:02,739 - Victim node is 2440.
2024-01-30 19:08:02,739 - tensor([2198, 7762, 8532], device='cuda:0')
2024-01-30 19:08:02,739 - Classification Fails.
2024-01-30 19:08:02,739 - Link Generation Succeeds.
2024-01-30 19:08:31,671 - Victim node is 1770.
2024-01-30 19:08:31,671 - tensor([6130, 7460, 7620], device='cuda:0')
2024-01-30 19:08:31,672 - Classification Succeeds.
2024-01-30 19:08:31,672 - Link Generation Fails.
2024-01-30 19:09:00,258 - Victim node is 6637.
2024-01-30 19:09:00,258 - tensor([6130, 7460, 7620], device='cuda:0')
2024-01-30 19:09:00,258 - Classification Fails.
2024-01-30 19:09:00,258 - Link Generation Fails.
2024-01-30 19:15:40,306 - Victim node is 3339.
2024-01-30 19:15:40,306 - tensor([ 593, 2239, 8363], device='cuda:0')
2024-01-30 19:15:40,307 - Classification Fails.
2024-01-30 19:15:40,307 - Link Generation Succeeds.
2024-01-30 19:22:24,489 - Victim node is 5505.
2024-01-30 19:22:24,489 - tensor([ 593, 6702, 8334], device='cuda:0')
2024-01-30 19:22:24,490 - Classification Fails.
2024-01-30 19:22:24,490 - Link Generation Succeeds.
2024-01-30 19:23:03,190 - Victim node is 5860.
2024-01-30 19:23:03,190 - tensor([3383, 7460, 7620], device='cuda:0')
2024-01-30 19:23:03,191 - Classification Fails.
2024-01-30 19:23:03,191 - Link Generation Fails.
2024-01-30 19:23:34,757 - Victim node is 445.
2024-01-30 19:23:34,757 - tensor([ 593, 4384, 8628], device='cuda:0')
2024-01-30 19:23:34,757 - Classification Succeeds.
2024-01-30 19:23:34,757 - Link Generation Succeeds.
2024-01-30 19:24:06,672 - Victim node is 2488.
2024-01-30 19:24:06,672 - tensor([2198, 2239, 4376], device='cuda:0')
2024-01-30 19:24:06,673 - Classification Fails.
2024-01-30 19:24:06,673 - Link Generation Fails.
2024-01-30 19:24:38,933 - Victim node is 2954.
2024-01-30 19:24:38,933 - tensor([ 593, 2198, 2239], device='cuda:0')
2024-01-30 19:24:38,934 - Classification Fails.
2024-01-30 19:24:38,934 - Link Generation Fails.
2024-01-30 19:25:08,061 - Victim node is 1848.
2024-01-30 19:25:08,061 - tensor([6662, 7460, 7542], device='cuda:0')
2024-01-30 19:25:08,061 - Classification Fails.
2024-01-30 19:25:08,061 - Link Generation Fails.
2024-01-30 19:25:37,407 - Victim node is 6363.
2024-01-30 19:25:37,407 - tensor([ 593, 2198, 2239], device='cuda:0')
2024-01-30 19:25:37,407 - Classification Fails.
2024-01-30 19:25:37,408 - Link Generation Fails.
2024-01-30 19:26:06,722 - Victim node is 1745.
2024-01-30 19:26:06,723 - tensor([2198, 2239, 4805], device='cuda:0')
2024-01-30 19:26:06,723 - Classification Fails.
2024-01-30 19:26:06,723 - Link Generation Fails.
2024-01-30 19:26:36,174 - Victim node is 4403.
2024-01-30 19:26:36,174 - tensor([1759, 2260, 6433], device='cuda:0')
2024-01-30 19:26:36,175 - Classification Fails.
2024-01-30 19:26:36,175 - Link Generation Fails.
2024-01-30 19:27:05,002 - Victim node is 1151.
2024-01-30 19:27:05,002 - tensor([1897, 5130, 7542], device='cuda:0')
2024-01-30 19:27:05,003 - Classification Fails.
2024-01-30 19:27:05,003 - Link Generation Fails.
2024-01-30 19:27:36,949 - Victim node is 4650.
2024-01-30 19:27:36,949 - tensor([2198, 2239, 4376], device='cuda:0')
2024-01-30 19:27:36,949 - Classification Succeeds.
2024-01-30 19:27:36,949 - Link Generation Fails.
2024-01-30 19:28:08,609 - Victim node is 3429.
2024-01-30 19:28:08,609 - tensor([4663, 6130, 7460], device='cuda:0')
2024-01-30 19:28:08,610 - Classification Succeeds.
2024-01-30 19:28:08,610 - Link Generation Fails.
2024-01-30 19:28:37,907 - Victim node is 4460.
2024-01-30 19:28:37,907 - tensor([1759, 2260, 3383], device='cuda:0')
2024-01-30 19:28:37,907 - Classification Fails.
2024-01-30 19:28:37,907 - Link Generation Fails.
2024-01-30 19:31:18,743 - Victim node is 5982.
2024-01-30 19:31:18,743 - tensor([2239, 8266, 8892], device='cuda:0')
2024-01-30 19:31:18,743 - Classification Succeeds.
2024-01-30 19:31:18,743 - Link Generation Succeeds.
2024-01-30 19:31:50,210 - Victim node is 114.
2024-01-30 19:31:50,210 - tensor([2198, 8127, 8465], device='cuda:0')
2024-01-30 19:31:50,210 - Classification Fails.
2024-01-30 19:31:50,211 - Link Generation Succeeds.
2024-01-30 19:32:19,661 - Victim node is 2895.
2024-01-30 19:32:19,661 - tensor([ 593, 2198, 2239], device='cuda:0')
2024-01-30 19:32:19,661 - Classification Fails.
2024-01-30 19:32:19,661 - Link Generation Fails.
2024-01-30 19:32:48,675 - Victim node is 3536.
2024-01-30 19:32:48,675 - tensor([3383, 6433, 7620], device='cuda:0')
2024-01-30 19:32:48,675 - Classification Fails.
2024-01-30 19:32:48,675 - Link Generation Fails.
2024-01-30 19:33:19,959 - Victim node is 4869.
2024-01-30 19:33:19,959 - tensor([ 593, 2198, 2239], device='cuda:0')
2024-01-30 19:33:19,959 - Classification Fails.
2024-01-30 19:33:19,960 - Link Generation Fails.
2024-01-30 19:33:49,075 - Victim node is 5270.
2024-01-30 19:33:49,075 - tensor([3231, 6130, 7620], device='cuda:0')
2024-01-30 19:33:49,075 - Classification Succeeds.
2024-01-30 19:33:49,075 - Link Generation Fails.
2024-01-30 19:34:19,059 - Victim node is 7031.
2024-01-30 19:34:19,059 - tensor([3437, 6433, 7620], device='cuda:0')
2024-01-30 19:34:19,059 - Classification Succeeds.
2024-01-30 19:34:19,060 - Link Generation Fails.
2024-01-30 19:34:48,004 - Victim node is 938.
2024-01-30 19:34:48,004 - tensor([2260, 6662, 6962], device='cuda:0')
2024-01-30 19:34:48,005 - Classification Fails.
2024-01-30 19:34:48,005 - Link Generation Fails.
2024-01-30 19:38:57,040 - Victim node is 283.
2024-01-30 19:38:57,040 - tensor([7839, 8359, 8374], device='cuda:0')
2024-01-30 19:38:57,040 - Classification Fails.
2024-01-30 19:38:57,040 - Link Generation Succeeds.
2024-01-30 19:39:26,188 - Victim node is 5440.
2024-01-30 19:39:26,188 - tensor([4646, 6433, 7620], device='cuda:0')
2024-01-30 19:39:26,188 - Classification Succeeds.
2024-01-30 19:39:26,188 - Link Generation Fails.
2024-01-30 19:42:02,243 - Victim node is 353.
2024-01-30 19:42:02,243 - tensor([7969, 8753, 8777], device='cuda:0')
2024-01-30 19:42:02,244 - Classification Succeeds.
2024-01-30 19:42:02,244 - Link Generation Succeeds.
2024-01-30 19:42:32,668 - Victim node is 3044.
2024-01-30 19:42:32,669 - tensor([7655, 7673, 7676], device='cuda:0')
2024-01-30 19:42:32,669 - Classification Fails.
2024-01-30 19:42:32,669 - Link Generation Succeeds.
2024-01-30 19:43:01,986 - Victim node is 2135.
2024-01-30 19:43:01,986 - tensor([1759, 2260, 4960], device='cuda:0')
2024-01-30 19:43:01,986 - Classification Succeeds.
2024-01-30 19:43:01,986 - Link Generation Fails.
2024-01-30 19:43:31,100 - Victim node is 4655.
2024-01-30 19:43:31,100 - tensor([1155, 5449, 6359], device='cuda:0')
2024-01-30 19:43:31,100 - Classification Fails.
2024-01-30 19:43:31,100 - Link Generation Fails.
2024-01-30 19:44:00,408 - Victim node is 4418.
2024-01-30 19:44:00,408 - tensor([1599, 5356, 7542], device='cuda:0')
2024-01-30 19:44:00,408 - Classification Fails.
2024-01-30 19:44:00,408 - Link Generation Fails.
2024-01-30 19:44:29,814 - Victim node is 2176.
2024-01-30 19:44:29,814 - tensor([1600, 2923, 6190], device='cuda:0')
2024-01-30 19:44:29,814 - Classification Fails.
2024-01-30 19:44:29,814 - Link Generation Fails.
2024-01-30 19:44:59,083 - Victim node is 1147.
2024-01-30 19:44:59,084 - tensor([2198, 2239, 4376], device='cuda:0')
2024-01-30 19:44:59,084 - Classification Fails.
2024-01-30 19:44:59,084 - Link Generation Fails.
2024-01-30 19:45:27,829 - Victim node is 5122.
2024-01-30 19:45:27,829 - tensor([3383, 7362, 7620], device='cuda:0')
2024-01-30 19:45:27,829 - Classification Succeeds.
2024-01-30 19:45:27,829 - Link Generation Fails.
2024-01-30 19:45:57,321 - Victim node is 1672.
2024-01-30 19:45:57,321 - tensor([ 593, 2198, 2239], device='cuda:0')
2024-01-30 19:45:57,321 - Classification Fails.
2024-01-30 19:45:57,321 - Link Generation Fails.
2024-01-30 19:46:29,383 - Victim node is 7553.
2024-01-30 19:46:29,384 - tensor([ 593, 2198, 2239], device='cuda:0')
2024-01-30 19:46:29,384 - Classification Fails.
2024-01-30 19:46:29,384 - Link Generation Fails.
2024-01-30 19:46:58,208 - Victim node is 5738.
2024-01-30 19:46:58,208 - tensor([  16, 7505, 7542], device='cuda:0')
2024-01-30 19:46:58,208 - Classification Fails.
2024-01-30 19:46:58,208 - Link Generation Fails.
2024-01-30 19:47:27,026 - Victim node is 609.
2024-01-30 19:47:27,026 - tensor([1600, 5449, 6130], device='cuda:0')
2024-01-30 19:47:27,026 - Classification Fails.
2024-01-30 19:47:27,026 - Link Generation Fails.
2024-01-30 19:54:12,242 - Victim node is 2332.
2024-01-30 19:54:12,242 - tensor([ 593, 8344, 8359], device='cuda:0')
2024-01-30 19:54:12,242 - Classification Fails.
2024-01-30 19:54:12,242 - Link Generation Succeeds.
2024-01-30 19:54:41,377 - Victim node is 1704.
2024-01-30 19:54:41,377 - tensor([6130, 7460, 7620], device='cuda:0')
2024-01-30 19:54:41,377 - Classification Succeeds.
2024-01-30 19:54:41,377 - Link Generation Fails.
2024-01-30 19:55:10,430 - Victim node is 5779.
2024-01-30 19:55:10,430 - tensor([ 593, 2198, 6702], device='cuda:0')
2024-01-30 19:55:10,430 - Classification Succeeds.
2024-01-30 19:55:10,430 - Link Generation Fails.
2024-01-30 19:57:52,673 - Victim node is 6582.
2024-01-30 19:57:52,673 - tensor([4376, 8289, 8301], device='cuda:0')
2024-01-30 19:57:52,673 - Classification Succeeds.
2024-01-30 19:57:52,673 - Link Generation Succeeds.
2024-01-30 19:58:23,862 - Victim node is 6106.
2024-01-30 19:58:23,862 - tensor([5449, 6130, 7620], device='cuda:0')
2024-01-30 19:58:23,862 - Classification Succeeds.
2024-01-30 19:58:23,862 - Link Generation Fails.
2024-01-30 19:58:52,918 - Victim node is 7389.
2024-01-30 19:58:52,918 - tensor([ 526, 3578, 4805], device='cuda:0')
2024-01-30 19:58:52,919 - Classification Fails.
2024-01-30 19:58:52,919 - Link Generation Fails.
2024-01-30 19:59:24,088 - Victim node is 7569.
2024-01-30 19:59:24,089 - tensor([2198, 7754, 8441], device='cuda:0')
2024-01-30 19:59:24,089 - Classification Fails.
2024-01-30 19:59:24,089 - Link Generation Succeeds.
2024-01-30 19:59:52,899 - Victim node is 5060.
2024-01-30 19:59:52,899 - tensor([3383, 6130, 7620], device='cuda:0')
2024-01-30 19:59:52,900 - Classification Fails.
2024-01-30 19:59:52,900 - Link Generation Fails.
2024-01-30 20:00:22,362 - Victim node is 2899.
2024-01-30 20:00:22,362 - tensor([3383, 6433, 7620], device='cuda:0')
2024-01-30 20:00:22,363 - Classification Fails.
2024-01-30 20:00:22,363 - Link Generation Fails.
2024-01-30 20:05:25,143 - Victim node is 766.
2024-01-30 20:05:25,143 - tensor([ 593, 1058, 2239], device='cuda:0')
2024-01-30 20:05:25,144 - Classification Succeeds.
2024-01-30 20:05:25,144 - Link Generation Fails.
2024-01-30 20:05:54,395 - Victim node is 1006.
2024-01-30 20:05:54,395 - tensor([ 593, 2198, 6702], device='cuda:0')
2024-01-30 20:05:54,395 - Classification Succeeds.
2024-01-30 20:05:54,396 - Link Generation Fails.
2024-01-30 20:06:26,487 - Victim node is 6611.
2024-01-30 20:06:26,487 - tensor([ 593, 2198, 7763], device='cuda:0')
2024-01-30 20:06:26,487 - Classification Fails.
2024-01-30 20:06:26,488 - Link Generation Succeeds.
2024-01-30 20:06:58,704 - Victim node is 1112.
2024-01-30 20:06:58,704 - tensor([7851, 8346, 8481], device='cuda:0')
2024-01-30 20:06:58,705 - Classification Succeeds.
2024-01-30 20:06:58,705 - Link Generation Succeeds.
2024-01-30 20:07:28,105 - Victim node is 1473.
2024-01-30 20:07:28,105 - tensor([ 593, 2198, 2239], device='cuda:0')
2024-01-30 20:07:28,105 - Classification Fails.
2024-01-30 20:07:28,106 - Link Generation Fails.
2024-01-30 20:07:57,281 - Victim node is 5834.
2024-01-30 20:07:57,282 - tensor([3383, 6190, 7542], device='cuda:0')
2024-01-30 20:07:57,282 - Classification Fails.
2024-01-30 20:07:57,282 - Link Generation Fails.
2024-01-30 20:08:26,848 - Victim node is 5896.
2024-01-30 20:08:26,848 - tensor([1136, 1600, 7620], device='cuda:0')
2024-01-30 20:08:26,848 - Classification Succeeds.
2024-01-30 20:08:26,848 - Link Generation Fails.
2024-01-30 20:08:56,085 - Victim node is 5025.
2024-01-30 20:08:56,085 - tensor([1599, 3231, 6190], device='cuda:0')
2024-01-30 20:08:56,086 - Classification Fails.
2024-01-30 20:08:56,086 - Link Generation Fails.
2024-01-30 20:09:24,811 - Victim node is 5394.
2024-01-30 20:09:24,812 - tensor([1600, 4663, 7620], device='cuda:0')
2024-01-30 20:09:24,812 - Classification Succeeds.
2024-01-30 20:09:24,812 - Link Generation Fails.
2024-01-30 20:09:53,944 - Victim node is 2994.
2024-01-30 20:09:53,944 - tensor([1599, 6068, 7620], device='cuda:0')
2024-01-30 20:09:53,945 - Classification Succeeds.
2024-01-30 20:09:53,945 - Link Generation Fails.
2024-01-30 20:10:23,645 - Victim node is 3055.
2024-01-30 20:10:23,645 - tensor([2198, 2239, 4376], device='cuda:0')
2024-01-30 20:10:23,645 - Classification Succeeds.
2024-01-30 20:10:23,645 - Link Generation Fails.
2024-01-30 20:10:52,800 - Victim node is 6934.
2024-01-30 20:10:52,800 - tensor([1136, 3231, 5449], device='cuda:0')
2024-01-30 20:10:52,800 - Classification Fails.
2024-01-30 20:10:52,800 - Link Generation Fails.
2024-01-30 20:10:52,800 - Misclassification Rate: 0.5600
2024-01-30 20:10:52,800 - Link Generation Rate: 0.3080
