2024-01-29 13:29:27,861 - Victim node is 5535.
2024-01-29 13:29:27,861 - tensor([ 526, 2863, 3578], device='cuda:0')
2024-01-29 13:29:27,862 - Classification Succeeds.
2024-01-29 13:29:27,863 - Link Generation Fails.
2024-01-29 13:30:23,109 - Victim node is 4050.
2024-01-29 13:30:23,109 - tensor([ 593, 6702, 8626], device='cuda:0')
2024-01-29 13:30:23,110 - Classification Fails.
2024-01-29 13:30:23,110 - Link Generation Succeeds.
2024-01-29 13:31:36,103 - Victim node is 1900.
2024-01-29 13:31:36,103 - tensor([2144, 6190, 6279], device='cuda:0')
2024-01-29 13:31:36,103 - Classification Succeeds.
2024-01-29 13:31:36,104 - Link Generation Fails.
2024-01-29 13:32:29,850 - Victim node is 3248.
2024-01-29 13:32:29,850 - tensor([3437, 4646, 6433], device='cuda:0')
2024-01-29 13:32:29,851 - Classification Succeeds.
2024-01-29 13:32:29,851 - Link Generation Fails.
2024-01-29 13:32:58,709 - Victim node is 2953.
2024-01-29 13:32:58,709 - tensor([1759, 2260, 6433], device='cuda:0')
2024-01-29 13:32:58,710 - Classification Succeeds.
2024-01-29 13:32:58,710 - Link Generation Fails.
2024-01-29 13:33:26,878 - Victim node is 1192.
2024-01-29 13:33:26,878 - tensor([1759, 2250, 2260], device='cuda:0')
2024-01-29 13:33:26,878 - Classification Succeeds.
2024-01-29 13:33:26,878 - Link Generation Fails.
2024-01-29 13:33:57,775 - Victim node is 2750.
2024-01-29 13:33:57,775 - tensor([ 593, 2198, 4376], device='cuda:0')
2024-01-29 13:33:57,776 - Classification Succeeds.
2024-01-29 13:33:57,776 - Link Generation Fails.
2024-01-29 13:34:28,568 - Victim node is 212.
2024-01-29 13:34:28,568 - tensor([ 593, 2198, 2239], device='cuda:0')
2024-01-29 13:34:28,568 - Classification Succeeds.
2024-01-29 13:34:28,569 - Link Generation Fails.
2024-01-29 13:34:58,819 - Victim node is 99.
2024-01-29 13:34:58,819 - tensor([ 593, 7993, 8719], device='cuda:0')
2024-01-29 13:34:58,819 - Classification Fails.
2024-01-29 13:34:58,819 - Link Generation Succeeds.
2024-01-29 13:35:26,831 - Victim node is 4336.
2024-01-29 13:35:26,831 - tensor([4646, 6433, 7620], device='cuda:0')
2024-01-29 13:35:26,832 - Classification Succeeds.
2024-01-29 13:35:26,832 - Link Generation Fails.
2024-01-29 13:35:55,209 - Victim node is 4123.
2024-01-29 13:35:55,209 - tensor([2198, 4376, 4805], device='cuda:0')
2024-01-29 13:35:55,209 - Classification Succeeds.
2024-01-29 13:35:55,209 - Link Generation Fails.
2024-01-29 13:36:23,934 - Victim node is 5713.
2024-01-29 13:36:23,934 - tensor([4646, 6433, 7620], device='cuda:0')
2024-01-29 13:36:23,934 - Classification Succeeds.
2024-01-29 13:36:23,934 - Link Generation Fails.
2024-01-29 13:36:52,375 - Victim node is 6355.
2024-01-29 13:36:52,375 - tensor([1374, 3231, 5356], device='cuda:0')
2024-01-29 13:36:52,376 - Classification Succeeds.
2024-01-29 13:36:52,376 - Link Generation Fails.
2024-01-29 13:37:20,183 - Victim node is 3333.
2024-01-29 13:37:20,183 - tensor([7651, 7655, 7658], device='cuda:0')
2024-01-29 13:37:20,184 - Classification Fails.
2024-01-29 13:37:20,184 - Link Generation Succeeds.
2024-01-29 13:37:50,850 - Victim node is 3617.
2024-01-29 13:37:50,850 - tensor([ 593, 2198, 7948], device='cuda:0')
2024-01-29 13:37:50,851 - Classification Succeeds.
2024-01-29 13:37:50,851 - Link Generation Succeeds.
2024-01-29 13:38:19,522 - Victim node is 4933.
2024-01-29 13:38:19,522 - tensor([6190, 6279, 7460], device='cuda:0')
2024-01-29 13:38:19,522 - Classification Succeeds.
2024-01-29 13:38:19,522 - Link Generation Fails.
2024-01-29 13:38:47,787 - Victim node is 1720.
2024-01-29 13:38:47,788 - tensor([3383, 6130, 7620], device='cuda:0')
2024-01-29 13:38:47,788 - Classification Succeeds.
2024-01-29 13:38:47,788 - Link Generation Fails.
2024-01-29 13:39:15,978 - Victim node is 3498.
2024-01-29 13:39:15,978 - tensor([ 593, 2198, 2239], device='cuda:0')
2024-01-29 13:39:15,978 - Classification Succeeds.
2024-01-29 13:39:15,978 - Link Generation Fails.
2024-01-29 13:39:44,209 - Victim node is 5094.
2024-01-29 13:39:44,209 - tensor([1599, 6279, 7930], device='cuda:0')
2024-01-29 13:39:44,209 - Classification Succeeds.
2024-01-29 13:39:44,209 - Link Generation Succeeds.
2024-01-29 13:40:27,176 - Victim node is 2229.
2024-01-29 13:40:27,176 - tensor([6702, 7842, 8357], device='cuda:0')
2024-01-29 13:40:27,176 - Classification Succeeds.
2024-01-29 13:40:27,177 - Link Generation Succeeds.
2024-01-29 13:40:55,759 - Victim node is 5791.
2024-01-29 13:40:55,759 - tensor([ 593, 2198, 2239], device='cuda:0')
2024-01-29 13:40:55,759 - Classification Succeeds.
2024-01-29 13:40:55,759 - Link Generation Fails.
2024-01-29 13:41:26,768 - Victim node is 2509.
2024-01-29 13:41:26,768 - tensor([ 593, 2198, 4376], device='cuda:0')
2024-01-29 13:41:26,768 - Classification Succeeds.
2024-01-29 13:41:26,768 - Link Generation Fails.
2024-01-29 13:41:55,558 - Victim node is 2395.
2024-01-29 13:41:55,558 - tensor([3200, 6433, 7620], device='cuda:0')
2024-01-29 13:41:55,559 - Classification Succeeds.
2024-01-29 13:41:55,559 - Link Generation Fails.
2024-01-29 13:42:37,298 - Victim node is 7537.
2024-01-29 13:42:37,298 - tensor([ 593, 8258, 8875], device='cuda:0')
2024-01-29 13:42:37,298 - Classification Succeeds.
2024-01-29 13:42:37,298 - Link Generation Succeeds.
2024-01-29 13:43:08,699 - Victim node is 704.
2024-01-29 13:43:08,699 - tensor([1599, 6130, 7620], device='cuda:0')
2024-01-29 13:43:08,699 - Classification Succeeds.
2024-01-29 13:43:08,699 - Link Generation Fails.
2024-01-29 13:43:36,702 - Victim node is 5666.
2024-01-29 13:43:36,703 - tensor([3200, 4646, 7620], device='cuda:0')
2024-01-29 13:43:36,703 - Classification Succeeds.
2024-01-29 13:43:36,703 - Link Generation Fails.
2024-01-29 13:44:05,100 - Victim node is 2561.
2024-01-29 13:44:05,100 - tensor([ 593, 2198, 2239], device='cuda:0')
2024-01-29 13:44:05,101 - Classification Succeeds.
2024-01-29 13:44:05,101 - Link Generation Fails.
2024-01-29 13:44:34,273 - Victim node is 5866.
2024-01-29 13:44:34,273 - tensor([ 593, 2198, 6702], device='cuda:0')
2024-01-29 13:44:34,274 - Classification Succeeds.
2024-01-29 13:44:34,274 - Link Generation Fails.
2024-01-29 13:45:05,410 - Victim node is 4012.
2024-01-29 13:45:05,410 - tensor([7776, 7928, 8603], device='cuda:0')
2024-01-29 13:45:05,410 - Classification Succeeds.
2024-01-29 13:45:05,410 - Link Generation Succeeds.
2024-01-29 13:45:33,708 - Victim node is 3810.
2024-01-29 13:45:33,709 - tensor([4237, 7460, 7620], device='cuda:0')
2024-01-29 13:45:33,709 - Classification Succeeds.
2024-01-29 13:45:33,709 - Link Generation Fails.
2024-01-29 13:46:02,091 - Victim node is 4487.
2024-01-29 13:46:02,091 - tensor([4646, 6279, 7620], device='cuda:0')
2024-01-29 13:46:02,092 - Classification Succeeds.
2024-01-29 13:46:02,092 - Link Generation Fails.
2024-01-29 13:46:43,748 - Victim node is 3072.
2024-01-29 13:46:43,748 - tensor([ 593, 6702, 8255], device='cuda:0')
2024-01-29 13:46:43,748 - Classification Succeeds.
2024-01-29 13:46:43,748 - Link Generation Succeeds.
2024-01-29 13:47:16,906 - Victim node is 1534.
2024-01-29 13:47:16,907 - tensor([4646, 6130, 7620], device='cuda:0')
2024-01-29 13:47:16,907 - Classification Succeeds.
2024-01-29 13:47:16,907 - Link Generation Fails.
2024-01-29 13:47:46,049 - Victim node is 7080.
2024-01-29 13:47:46,049 - tensor([6190, 7460, 7542], device='cuda:0')
2024-01-29 13:47:46,049 - Classification Succeeds.
2024-01-29 13:47:46,050 - Link Generation Fails.
2024-01-29 13:48:17,750 - Victim node is 4628.
2024-01-29 13:48:17,750 - tensor([4646, 6130, 7620], device='cuda:0')
2024-01-29 13:48:17,751 - Classification Succeeds.
2024-01-29 13:48:17,751 - Link Generation Fails.
2024-01-29 13:49:00,144 - Victim node is 2921.
2024-01-29 13:49:00,144 - tensor([2239, 4376, 8291], device='cuda:0')
2024-01-29 13:49:00,145 - Classification Fails.
2024-01-29 13:49:00,145 - Link Generation Succeeds.
2024-01-29 13:49:29,021 - Victim node is 4360.
2024-01-29 13:49:29,022 - tensor([7651, 7660, 7669], device='cuda:0')
2024-01-29 13:49:29,022 - Classification Succeeds.
2024-01-29 13:49:29,022 - Link Generation Succeeds.
2024-01-29 13:50:01,964 - Victim node is 5576.
2024-01-29 13:50:01,964 - tensor([ 593, 2198, 8735], device='cuda:0')
2024-01-29 13:50:01,964 - Classification Succeeds.
2024-01-29 13:50:01,964 - Link Generation Succeeds.
2024-01-29 13:50:33,495 - Victim node is 7493.
2024-01-29 13:50:33,495 - tensor([ 593, 2198, 4376], device='cuda:0')
2024-01-29 13:50:33,495 - Classification Succeeds.
2024-01-29 13:50:33,495 - Link Generation Fails.
2024-01-29 13:51:03,401 - Victim node is 2973.
2024-01-29 13:51:03,402 - tensor([2198, 2239, 4805], device='cuda:0')
2024-01-29 13:51:03,402 - Classification Fails.
2024-01-29 13:51:03,402 - Link Generation Fails.
2024-01-29 13:51:33,668 - Victim node is 6032.
2024-01-29 13:51:33,668 - tensor([6190, 7177, 7542], device='cuda:0')
2024-01-29 13:51:33,669 - Classification Succeeds.
2024-01-29 13:51:33,669 - Link Generation Fails.
2024-01-29 13:52:03,301 - Victim node is 2692.
2024-01-29 13:52:03,301 - tensor([ 593, 2198, 2239], device='cuda:0')
2024-01-29 13:52:03,301 - Classification Succeeds.
2024-01-29 13:52:03,301 - Link Generation Fails.
2024-01-29 13:52:35,459 - Victim node is 2676.
2024-01-29 13:52:35,459 - tensor([ 593, 2198, 7731], device='cuda:0')
2024-01-29 13:52:35,459 - Classification Succeeds.
2024-01-29 13:52:35,460 - Link Generation Succeeds.
2024-01-29 13:53:04,812 - Victim node is 1750.
2024-01-29 13:53:04,812 - tensor([4646, 6433, 7620], device='cuda:0')
2024-01-29 13:53:04,812 - Classification Succeeds.
2024-01-29 13:53:04,812 - Link Generation Fails.
2024-01-29 13:53:34,179 - Victim node is 5805.
2024-01-29 13:53:34,179 - tensor([3383, 6130, 6190], device='cuda:0')
2024-01-29 13:53:34,180 - Classification Succeeds.
2024-01-29 13:53:34,180 - Link Generation Fails.
2024-01-29 13:54:03,723 - Victim node is 4108.
2024-01-29 13:54:03,723 - tensor([6130, 7460, 7620], device='cuda:0')
2024-01-29 13:54:03,723 - Classification Succeeds.
2024-01-29 13:54:03,724 - Link Generation Fails.
2024-01-29 13:54:32,973 - Victim node is 356.
2024-01-29 13:54:32,973 - tensor([4646, 6433, 7620], device='cuda:0')
2024-01-29 13:54:32,974 - Classification Succeeds.
2024-01-29 13:54:32,974 - Link Generation Fails.
2024-01-29 13:57:27,734 - Victim node is 7054.
2024-01-29 13:57:27,735 - tensor([ 593, 6702, 8388], device='cuda:0')
2024-01-29 13:57:27,735 - Classification Succeeds.
2024-01-29 13:57:27,735 - Link Generation Succeeds.
2024-01-29 13:58:01,488 - Victim node is 5068.
2024-01-29 13:58:01,489 - tensor([2198, 7768, 8573], device='cuda:0')
2024-01-29 13:58:01,489 - Classification Fails.
2024-01-29 13:58:01,489 - Link Generation Succeeds.
2024-01-29 13:58:31,507 - Victim node is 4506.
2024-01-29 13:58:31,507 - tensor([7652, 7654, 7674], device='cuda:0')
2024-01-29 13:58:31,507 - Classification Succeeds.
2024-01-29 13:58:31,507 - Link Generation Succeeds.
2024-01-29 13:59:30,864 - Victim node is 4511.
2024-01-29 13:59:30,864 - tensor([8330, 8343, 9003], device='cuda:0')
2024-01-29 13:59:30,864 - Classification Succeeds.
2024-01-29 13:59:30,865 - Link Generation Succeeds.
2024-01-29 14:00:06,017 - Victim node is 405.
2024-01-29 14:00:06,017 - tensor([ 207,  593, 7069], device='cuda:0')
2024-01-29 14:00:06,017 - Classification Succeeds.
2024-01-29 14:00:06,017 - Link Generation Fails.
2024-01-29 14:00:35,929 - Victim node is 333.
2024-01-29 14:00:35,929 - tensor([1759, 2260, 4666], device='cuda:0')
2024-01-29 14:00:35,930 - Classification Succeeds.
2024-01-29 14:00:35,930 - Link Generation Fails.
2024-01-29 14:01:08,085 - Victim node is 4237.
2024-01-29 14:01:08,086 - tensor([4663, 6130, 7620], device='cuda:0')
2024-01-29 14:01:08,086 - Classification Succeeds.
2024-01-29 14:01:08,087 - Link Generation Fails.
2024-01-29 14:01:37,837 - Victim node is 6873.
2024-01-29 14:01:37,838 - tensor([6130, 6279, 7620], device='cuda:0')
2024-01-29 14:01:37,838 - Classification Succeeds.
2024-01-29 14:01:37,838 - Link Generation Fails.
2024-01-29 14:02:07,715 - Victim node is 6535.
2024-01-29 14:02:07,716 - tensor([ 593, 2198, 6702], device='cuda:0')
2024-01-29 14:02:07,716 - Classification Succeeds.
2024-01-29 14:02:07,716 - Link Generation Fails.
2024-01-29 14:02:37,490 - Victim node is 3349.
2024-01-29 14:02:37,491 - tensor([3200, 6433, 7199], device='cuda:0')
2024-01-29 14:02:37,491 - Classification Succeeds.
2024-01-29 14:02:37,491 - Link Generation Fails.
2024-01-29 14:03:06,932 - Victim node is 330.
2024-01-29 14:03:06,932 - tensor([5449, 6190, 7542], device='cuda:0')
2024-01-29 14:03:06,932 - Classification Succeeds.
2024-01-29 14:03:06,932 - Link Generation Fails.
2024-01-29 14:03:39,297 - Victim node is 5506.
2024-01-29 14:03:39,297 - tensor([ 593, 2198, 2239], device='cuda:0')
2024-01-29 14:03:39,297 - Classification Succeeds.
2024-01-29 14:03:39,297 - Link Generation Fails.
2024-01-29 14:04:10,060 - Victim node is 4955.
2024-01-29 14:04:10,060 - tensor([1897, 6190, 7542], device='cuda:0')
2024-01-29 14:04:10,060 - Classification Fails.
2024-01-29 14:04:10,061 - Link Generation Fails.
2024-01-29 14:05:08,603 - Victim node is 3672.
2024-01-29 14:05:08,603 - tensor([2239, 7844, 8367], device='cuda:0')
2024-01-29 14:05:08,604 - Classification Fails.
2024-01-29 14:05:08,604 - Link Generation Succeeds.
2024-01-29 14:05:38,771 - Victim node is 3175.
2024-01-29 14:05:38,771 - tensor([1599, 4663, 6130], device='cuda:0')
2024-01-29 14:05:38,771 - Classification Succeeds.
2024-01-29 14:05:38,771 - Link Generation Fails.
2024-01-29 14:06:11,458 - Victim node is 1596.
2024-01-29 14:06:11,458 - tensor([ 593, 2198, 2239], device='cuda:0')
2024-01-29 14:06:11,459 - Classification Succeeds.
2024-01-29 14:06:11,459 - Link Generation Fails.
2024-01-29 14:06:41,961 - Victim node is 2131.
2024-01-29 14:06:41,961 - tensor([2863, 3383, 6433], device='cuda:0')
2024-01-29 14:06:41,962 - Classification Succeeds.
2024-01-29 14:06:41,962 - Link Generation Fails.
2024-01-29 14:07:39,603 - Victim node is 3445.
2024-01-29 14:07:39,603 - tensor([7824, 8293, 9057], device='cuda:0')
2024-01-29 14:07:39,603 - Classification Succeeds.
2024-01-29 14:07:39,603 - Link Generation Succeeds.
2024-01-29 14:08:11,353 - Victim node is 4551.
2024-01-29 14:08:11,353 - tensor([2863, 4906, 6433], device='cuda:0')
2024-01-29 14:08:11,353 - Classification Succeeds.
2024-01-29 14:08:11,353 - Link Generation Fails.
2024-01-29 14:08:43,545 - Victim node is 2001.
2024-01-29 14:08:43,545 - tensor([7769, 7902, 7937], device='cuda:0')
2024-01-29 14:08:43,545 - Classification Fails.
2024-01-29 14:08:43,545 - Link Generation Succeeds.
2024-01-29 14:09:16,195 - Victim node is 2040.
2024-01-29 14:09:16,195 - tensor([2198, 7793, 8647], device='cuda:0')
2024-01-29 14:09:16,196 - Classification Succeeds.
2024-01-29 14:09:16,196 - Link Generation Succeeds.
2024-01-29 14:09:48,767 - Victim node is 6500.
2024-01-29 14:09:48,767 - tensor([2198, 4376, 8607], device='cuda:0')
2024-01-29 14:09:48,768 - Classification Succeeds.
2024-01-29 14:09:48,768 - Link Generation Succeeds.
2024-01-29 14:10:21,131 - Victim node is 1910.
2024-01-29 14:10:21,131 - tensor([ 593, 2198, 2239], device='cuda:0')
2024-01-29 14:10:21,132 - Classification Succeeds.
2024-01-29 14:10:21,132 - Link Generation Fails.
2024-01-29 14:10:51,724 - Victim node is 1199.
2024-01-29 14:10:51,724 - tensor([ 593, 2198, 2239], device='cuda:0')
2024-01-29 14:10:51,724 - Classification Succeeds.
2024-01-29 14:10:51,724 - Link Generation Fails.
2024-01-29 14:11:22,252 - Victim node is 7177.
2024-01-29 14:11:22,252 - tensor([ 593, 2198, 6702], device='cuda:0')
2024-01-29 14:11:22,253 - Classification Succeeds.
2024-01-29 14:11:22,253 - Link Generation Fails.
2024-01-29 14:11:52,563 - Victim node is 6472.
2024-01-29 14:11:52,563 - tensor([4663, 6130, 6279], device='cuda:0')
2024-01-29 14:11:52,563 - Classification Succeeds.
2024-01-29 14:11:52,563 - Link Generation Fails.
2024-01-29 14:12:25,399 - Victim node is 6137.
2024-01-29 14:12:25,399 - tensor([ 593, 4384, 8542], device='cuda:0')
2024-01-29 14:12:25,400 - Classification Succeeds.
2024-01-29 14:12:25,400 - Link Generation Succeeds.
2024-01-29 14:12:55,742 - Victim node is 6465.
2024-01-29 14:12:55,742 - tensor([ 593, 2198, 2239], device='cuda:0')
2024-01-29 14:12:55,742 - Classification Succeeds.
2024-01-29 14:12:55,742 - Link Generation Fails.
2024-01-29 14:13:28,345 - Victim node is 160.
2024-01-29 14:13:28,345 - tensor([6130, 6279, 7620], device='cuda:0')
2024-01-29 14:13:28,345 - Classification Succeeds.
2024-01-29 14:13:28,345 - Link Generation Fails.
2024-01-29 14:13:58,721 - Victim node is 6380.
2024-01-29 14:13:58,721 - tensor([3383, 4552, 7620], device='cuda:0')
2024-01-29 14:13:58,722 - Classification Succeeds.
2024-01-29 14:13:58,722 - Link Generation Fails.
2024-01-29 14:14:28,906 - Victim node is 6912.
2024-01-29 14:14:28,906 - tensor([2278, 2863, 4119], device='cuda:0')
2024-01-29 14:14:28,906 - Classification Fails.
2024-01-29 14:14:28,906 - Link Generation Fails.
2024-01-29 14:14:59,730 - Victim node is 2556.
2024-01-29 14:14:59,730 - tensor([ 593, 2198, 6702], device='cuda:0')
2024-01-29 14:14:59,731 - Classification Succeeds.
2024-01-29 14:14:59,731 - Link Generation Fails.
2024-01-29 14:15:29,394 - Victim node is 6356.
2024-01-29 14:15:29,394 - tensor([1759, 2260, 3383], device='cuda:0')
2024-01-29 14:15:29,395 - Classification Succeeds.
2024-01-29 14:15:29,396 - Link Generation Fails.
2024-01-29 14:16:00,114 - Victim node is 2217.
2024-01-29 14:16:00,114 - tensor([ 424, 6190, 7542], device='cuda:0')
2024-01-29 14:16:00,115 - Classification Succeeds.
2024-01-29 14:16:00,116 - Link Generation Fails.
2024-01-29 14:16:29,803 - Victim node is 7146.
2024-01-29 14:16:29,803 - tensor([6130, 7460, 7620], device='cuda:0')
2024-01-29 14:16:29,803 - Classification Succeeds.
2024-01-29 14:16:29,803 - Link Generation Fails.
2024-01-29 14:17:02,381 - Victim node is 4127.
2024-01-29 14:17:02,381 - tensor([2198, 2239, 8437], device='cuda:0')
2024-01-29 14:17:02,382 - Classification Succeeds.
2024-01-29 14:17:02,382 - Link Generation Succeeds.
2024-01-29 14:17:32,603 - Victim node is 2181.
2024-01-29 14:17:32,605 - tensor([6130, 6279, 7620], device='cuda:0')
2024-01-29 14:17:32,605 - Classification Succeeds.
2024-01-29 14:17:32,605 - Link Generation Fails.
2024-01-29 14:18:02,819 - Victim node is 7282.
2024-01-29 14:18:02,819 - tensor([1374, 5449, 7620], device='cuda:0')
2024-01-29 14:18:02,820 - Classification Succeeds.
2024-01-29 14:18:02,820 - Link Generation Fails.
2024-01-29 14:18:32,993 - Victim node is 5753.
2024-01-29 14:18:32,993 - tensor([ 593, 2198, 2239], device='cuda:0')
2024-01-29 14:18:32,993 - Classification Succeeds.
2024-01-29 14:18:32,993 - Link Generation Fails.
2024-01-29 14:19:02,366 - Victim node is 681.
2024-01-29 14:19:02,366 - tensor([1374, 4663, 6130], device='cuda:0')
2024-01-29 14:19:02,366 - Classification Succeeds.
2024-01-29 14:19:02,366 - Link Generation Fails.
2024-01-29 14:19:31,859 - Victim node is 2584.
2024-01-29 14:19:31,859 - tensor([6130, 7460, 7620], device='cuda:0')
2024-01-29 14:19:31,859 - Classification Succeeds.
2024-01-29 14:19:31,859 - Link Generation Fails.
2024-01-29 14:20:00,985 - Victim node is 6508.
2024-01-29 14:20:00,985 - tensor([1600, 3383, 6130], device='cuda:0')
2024-01-29 14:20:00,986 - Classification Succeeds.
2024-01-29 14:20:00,986 - Link Generation Fails.
2024-01-29 14:20:31,305 - Victim node is 5019.
2024-01-29 14:20:31,305 - tensor([1599, 5449, 6190], device='cuda:0')
2024-01-29 14:20:31,305 - Classification Succeeds.
2024-01-29 14:20:31,305 - Link Generation Fails.
2024-01-29 14:21:01,973 - Victim node is 4945.
2024-01-29 14:21:01,973 - tensor([ 932, 4237, 7754], device='cuda:0')
2024-01-29 14:21:01,973 - Classification Succeeds.
2024-01-29 14:21:01,973 - Link Generation Succeeds.
2024-01-29 14:21:32,144 - Victim node is 2519.
2024-01-29 14:21:32,144 - tensor([4663, 6130, 7620], device='cuda:0')
2024-01-29 14:21:32,145 - Classification Succeeds.
2024-01-29 14:21:32,145 - Link Generation Fails.
2024-01-29 14:22:02,698 - Victim node is 3743.
2024-01-29 14:22:02,698 - tensor([ 593, 2198, 2239], device='cuda:0')
2024-01-29 14:22:02,698 - Classification Succeeds.
2024-01-29 14:22:02,699 - Link Generation Fails.
2024-01-29 14:22:34,987 - Victim node is 509.
2024-01-29 14:22:34,987 - tensor([2198, 7743, 8292], device='cuda:0')
2024-01-29 14:22:34,988 - Classification Fails.
2024-01-29 14:22:34,988 - Link Generation Succeeds.
2024-01-29 14:23:31,807 - Victim node is 4155.
2024-01-29 14:23:31,807 - tensor([ 593, 7987, 8811], device='cuda:0')
2024-01-29 14:23:31,807 - Classification Succeeds.
2024-01-29 14:23:31,807 - Link Generation Succeeds.
2024-01-29 14:24:02,909 - Victim node is 3435.
2024-01-29 14:24:02,909 - tensor([1600, 6433, 7620], device='cuda:0')
2024-01-29 14:24:02,909 - Classification Succeeds.
2024-01-29 14:24:02,909 - Link Generation Fails.
2024-01-29 14:24:33,252 - Victim node is 4756.
2024-01-29 14:24:33,252 - tensor([3200, 6433, 7199], device='cuda:0')
2024-01-29 14:24:33,253 - Classification Succeeds.
2024-01-29 14:24:33,253 - Link Generation Fails.
2024-01-29 14:25:05,658 - Victim node is 6130.
2024-01-29 14:25:05,658 - tensor([4237, 4663, 7620], device='cuda:0')
2024-01-29 14:25:05,658 - Classification Succeeds.
2024-01-29 14:25:05,658 - Link Generation Fails.
2024-01-29 14:25:36,215 - Victim node is 1845.
2024-01-29 14:25:36,215 - tensor([5356, 7460, 7731], device='cuda:0')
2024-01-29 14:25:36,215 - Classification Succeeds.
2024-01-29 14:25:36,215 - Link Generation Succeeds.
2024-01-29 14:26:06,970 - Victim node is 2411.
2024-01-29 14:26:06,970 - tensor([1759, 2260, 6433], device='cuda:0')
2024-01-29 14:26:06,971 - Classification Succeeds.
2024-01-29 14:26:06,971 - Link Generation Fails.
2024-01-29 14:26:37,187 - Victim node is 1601.
2024-01-29 14:26:37,187 - tensor([2198, 2239, 4376], device='cuda:0')
2024-01-29 14:26:37,187 - Classification Succeeds.
2024-01-29 14:26:37,188 - Link Generation Fails.
2024-01-29 14:27:08,056 - Victim node is 2305.
2024-01-29 14:27:08,056 - tensor([2144, 6190, 7650], device='cuda:0')
2024-01-29 14:27:08,056 - Classification Succeeds.
2024-01-29 14:27:08,056 - Link Generation Succeeds.
2024-01-29 14:27:38,297 - Victim node is 5946.
2024-01-29 14:27:38,298 - tensor([1374, 1600, 7620], device='cuda:0')
2024-01-29 14:27:38,298 - Classification Succeeds.
2024-01-29 14:27:38,298 - Link Generation Fails.
2024-01-29 14:28:10,712 - Victim node is 621.
2024-01-29 14:28:10,712 - tensor([2198, 2239, 4805], device='cuda:0')
2024-01-29 14:28:10,714 - Classification Succeeds.
2024-01-29 14:28:10,714 - Link Generation Fails.
2024-01-29 14:28:43,254 - Victim node is 4361.
2024-01-29 14:28:43,254 - tensor([3231, 4663, 6130], device='cuda:0')
2024-01-29 14:28:43,254 - Classification Succeeds.
2024-01-29 14:28:43,254 - Link Generation Fails.
2024-01-29 14:29:13,763 - Victim node is 4995.
2024-01-29 14:29:13,763 - tensor([3383, 7620, 7796], device='cuda:0')
2024-01-29 14:29:13,764 - Classification Fails.
2024-01-29 14:29:13,764 - Link Generation Succeeds.
2024-01-29 14:30:10,664 - Victim node is 411.
2024-01-29 14:30:10,664 - tensor([ 593, 8769, 8793], device='cuda:0')
2024-01-29 14:30:10,666 - Classification Succeeds.
2024-01-29 14:30:10,667 - Link Generation Succeeds.
2024-01-29 14:30:44,268 - Victim node is 2062.
2024-01-29 14:30:44,268 - tensor([ 593, 2198, 2239], device='cuda:0')
2024-01-29 14:30:44,269 - Classification Succeeds.
2024-01-29 14:30:44,269 - Link Generation Fails.
2024-01-29 14:31:41,518 - Victim node is 2770.
2024-01-29 14:31:41,518 - tensor([ 593, 7821, 8265], device='cuda:0')
2024-01-29 14:31:41,518 - Classification Succeeds.
2024-01-29 14:31:41,518 - Link Generation Succeeds.
2024-01-29 14:32:23,591 - Victim node is 7039.
2024-01-29 14:32:23,591 - tensor([2198, 2239, 4376], device='cuda:0')
2024-01-29 14:32:23,592 - Classification Succeeds.
2024-01-29 14:32:23,593 - Link Generation Fails.
2024-01-29 14:33:05,553 - Victim node is 6396.
2024-01-29 14:33:05,553 - tensor([ 481, 4663, 7620], device='cuda:0')
2024-01-29 14:33:05,554 - Classification Succeeds.
2024-01-29 14:33:05,554 - Link Generation Fails.
2024-01-29 14:34:03,618 - Victim node is 372.
2024-01-29 14:34:03,619 - tensor([ 593, 8321, 8336], device='cuda:0')
2024-01-29 14:34:03,619 - Classification Fails.
2024-01-29 14:34:03,619 - Link Generation Succeeds.
2024-01-29 14:36:49,319 - Victim node is 3234.
2024-01-29 14:36:49,319 - tensor([7838, 8345, 8359], device='cuda:0')
2024-01-29 14:36:49,319 - Classification Succeeds.
2024-01-29 14:36:49,319 - Link Generation Succeeds.
2024-01-29 14:37:20,012 - Victim node is 6598.
2024-01-29 14:37:20,012 - tensor([1374, 7542, 7620], device='cuda:0')
2024-01-29 14:37:20,012 - Classification Succeeds.
2024-01-29 14:37:20,012 - Link Generation Fails.
2024-01-29 14:37:50,095 - Victim node is 7307.
2024-01-29 14:37:50,096 - tensor([2198, 2239, 4376], device='cuda:0')
2024-01-29 14:37:50,096 - Classification Succeeds.
2024-01-29 14:37:50,096 - Link Generation Fails.
2024-01-29 14:38:20,042 - Victim node is 6590.
2024-01-29 14:38:20,042 - tensor([2198, 2239, 4805], device='cuda:0')
2024-01-29 14:38:20,042 - Classification Fails.
2024-01-29 14:38:20,042 - Link Generation Fails.
2024-01-29 14:38:52,344 - Victim node is 6696.
2024-01-29 14:38:52,345 - tensor([2198, 7746, 8412], device='cuda:0')
2024-01-29 14:38:52,345 - Classification Fails.
2024-01-29 14:38:52,345 - Link Generation Succeeds.
2024-01-29 14:39:25,328 - Victim node is 2193.
2024-01-29 14:39:25,328 - tensor([7740, 7847, 8348], device='cuda:0')
2024-01-29 14:39:25,329 - Classification Succeeds.
2024-01-29 14:39:25,329 - Link Generation Succeeds.
2024-01-29 14:39:57,931 - Victim node is 3612.
2024-01-29 14:39:57,931 - tensor([2198, 7920, 8543], device='cuda:0')
2024-01-29 14:39:57,931 - Classification Succeeds.
2024-01-29 14:39:57,931 - Link Generation Succeeds.
2024-01-29 14:40:28,119 - Victim node is 5619.
2024-01-29 14:40:28,119 - tensor([7620, 7651, 7694], device='cuda:0')
2024-01-29 14:40:28,120 - Classification Succeeds.
2024-01-29 14:40:28,120 - Link Generation Succeeds.
2024-01-29 14:40:58,532 - Victim node is 4949.
2024-01-29 14:40:58,532 - tensor([ 593, 2198, 6702], device='cuda:0')
2024-01-29 14:40:58,533 - Classification Succeeds.
2024-01-29 14:40:58,533 - Link Generation Fails.
2024-01-29 14:41:56,553 - Victim node is 669.
2024-01-29 14:41:56,553 - tensor([ 593, 2239, 8314], device='cuda:0')
2024-01-29 14:41:56,553 - Classification Succeeds.
2024-01-29 14:41:56,553 - Link Generation Succeeds.
2024-01-29 14:42:28,153 - Victim node is 7313.
2024-01-29 14:42:28,153 - tensor([ 593, 2198, 2239], device='cuda:0')
2024-01-29 14:42:28,153 - Classification Fails.
2024-01-29 14:42:28,154 - Link Generation Fails.
2024-01-29 14:42:58,481 - Victim node is 4720.
2024-01-29 14:42:58,482 - tensor([1136, 1600, 5526], device='cuda:0')
2024-01-29 14:42:58,482 - Classification Succeeds.
2024-01-29 14:42:58,483 - Link Generation Fails.
2024-01-29 14:43:28,770 - Victim node is 5161.
2024-01-29 14:43:28,770 - tensor([1599, 3383, 7542], device='cuda:0')
2024-01-29 14:43:28,770 - Classification Succeeds.
2024-01-29 14:43:28,770 - Link Generation Fails.
2024-01-29 14:43:58,953 - Victim node is 2879.
2024-01-29 14:43:58,953 - tensor([2198, 2239, 4376], device='cuda:0')
2024-01-29 14:43:58,954 - Classification Succeeds.
2024-01-29 14:43:58,954 - Link Generation Fails.
2024-01-29 14:44:29,005 - Victim node is 1562.
2024-01-29 14:44:29,005 - tensor([5449, 6130, 7620], device='cuda:0')
2024-01-29 14:44:29,005 - Classification Succeeds.
2024-01-29 14:44:29,005 - Link Generation Fails.
2024-01-29 14:45:01,040 - Victim node is 6291.
2024-01-29 14:45:01,040 - tensor([ 593, 7954, 8670], device='cuda:0')
2024-01-29 14:45:01,040 - Classification Succeeds.
2024-01-29 14:45:01,040 - Link Generation Succeeds.
2024-01-29 14:45:32,598 - Victim node is 3062.
2024-01-29 14:45:32,598 - tensor([2198, 2239, 6702], device='cuda:0')
2024-01-29 14:45:32,599 - Classification Succeeds.
2024-01-29 14:45:32,599 - Link Generation Fails.
2024-01-29 14:46:04,199 - Victim node is 898.
2024-01-29 14:46:04,199 - tensor([2198, 7841, 8277], device='cuda:0')
2024-01-29 14:46:04,199 - Classification Fails.
2024-01-29 14:46:04,200 - Link Generation Succeeds.
2024-01-29 14:46:32,384 - Victim node is 3000.
2024-01-29 14:46:32,384 - tensor([3383, 7460, 7620], device='cuda:0')
2024-01-29 14:46:32,384 - Classification Fails.
2024-01-29 14:46:32,384 - Link Generation Fails.
2024-01-29 14:48:12,582 - Victim node is 5330.
2024-01-29 14:48:12,582 - tensor([7827, 8312, 9645], device='cuda:0')
2024-01-29 14:48:12,583 - Classification Succeeds.
2024-01-29 14:48:12,583 - Link Generation Succeeds.
2024-01-29 14:48:42,320 - Victim node is 2668.
2024-01-29 14:48:42,320 - tensor([1374, 1600, 5449], device='cuda:0')
2024-01-29 14:48:42,321 - Classification Succeeds.
2024-01-29 14:48:42,321 - Link Generation Fails.
2024-01-29 14:51:34,137 - Victim node is 6098.
2024-01-29 14:51:34,137 - tensor([ 593, 2239, 4384], device='cuda:0')
2024-01-29 14:51:34,137 - Classification Succeeds.
2024-01-29 14:51:34,137 - Link Generation Fails.
2024-01-29 14:52:05,200 - Victim node is 5181.
2024-01-29 14:52:05,200 - tensor([ 593, 2198, 2239], device='cuda:0')
2024-01-29 14:52:05,200 - Classification Succeeds.
2024-01-29 14:52:05,200 - Link Generation Fails.
2024-01-29 14:52:32,791 - Victim node is 4226.
2024-01-29 14:52:32,791 - tensor([6130, 7620, 7651], device='cuda:0')
2024-01-29 14:52:32,792 - Classification Succeeds.
2024-01-29 14:52:32,792 - Link Generation Succeeds.
2024-01-29 14:53:01,321 - Victim node is 1897.
2024-01-29 14:53:01,321 - tensor([3383, 6190, 7177], device='cuda:0')
2024-01-29 14:53:01,321 - Classification Succeeds.
2024-01-29 14:53:01,321 - Link Generation Fails.
2024-01-29 14:53:30,196 - Victim node is 2715.
2024-01-29 14:53:30,196 - tensor([6130, 7460, 7620], device='cuda:0')
2024-01-29 14:53:30,196 - Classification Succeeds.
2024-01-29 14:53:30,196 - Link Generation Fails.
2024-01-29 14:53:59,090 - Victim node is 7478.
2024-01-29 14:53:59,090 - tensor([ 593, 2198, 2239], device='cuda:0')
2024-01-29 14:53:59,090 - Classification Succeeds.
2024-01-29 14:53:59,090 - Link Generation Fails.
2024-01-29 14:54:27,727 - Victim node is 5913.
2024-01-29 14:54:27,727 - tensor([6130, 7460, 7620], device='cuda:0')
2024-01-29 14:54:27,728 - Classification Succeeds.
2024-01-29 14:54:27,728 - Link Generation Fails.
2024-01-29 14:54:55,940 - Victim node is 2448.
2024-01-29 14:54:55,940 - tensor([4237, 7460, 7620], device='cuda:0')
2024-01-29 14:54:55,940 - Classification Succeeds.
2024-01-29 14:54:55,940 - Link Generation Fails.
2024-01-29 14:55:23,839 - Victim node is 2091.
2024-01-29 14:55:23,839 - tensor([7651, 7652, 7653], device='cuda:0')
2024-01-29 14:55:23,840 - Classification Fails.
2024-01-29 14:55:23,840 - Link Generation Succeeds.
2024-01-29 14:55:54,460 - Victim node is 4731.
2024-01-29 14:55:54,460 - tensor([ 593, 2198, 2239], device='cuda:0')
2024-01-29 14:55:54,460 - Classification Succeeds.
2024-01-29 14:55:54,460 - Link Generation Fails.
2024-01-29 14:56:24,310 - Victim node is 3105.
2024-01-29 14:56:24,310 - tensor([7947, 8654, 8676], device='cuda:0')
2024-01-29 14:56:24,311 - Classification Succeeds.
2024-01-29 14:56:24,311 - Link Generation Succeeds.
2024-01-29 14:56:53,136 - Victim node is 1761.
2024-01-29 14:56:53,136 - tensor([ 593, 2198, 2239], device='cuda:0')
2024-01-29 14:56:53,136 - Classification Succeeds.
2024-01-29 14:56:53,136 - Link Generation Fails.
2024-01-29 14:57:21,591 - Victim node is 3286.
2024-01-29 14:57:21,591 - tensor([ 593, 2198, 4376], device='cuda:0')
2024-01-29 14:57:21,591 - Classification Succeeds.
2024-01-29 14:57:21,591 - Link Generation Fails.
2024-01-29 14:57:49,975 - Victim node is 870.
2024-01-29 14:57:49,975 - tensor([ 932, 7460, 7620], device='cuda:0')
2024-01-29 14:57:49,975 - Classification Succeeds.
2024-01-29 14:57:49,975 - Link Generation Fails.
2024-01-29 14:58:18,539 - Victim node is 1529.
2024-01-29 14:58:18,539 - tensor([1600, 6130, 7620], device='cuda:0')
2024-01-29 14:58:18,539 - Classification Succeeds.
2024-01-29 14:58:18,540 - Link Generation Fails.
2024-01-29 14:58:47,027 - Victim node is 5597.
2024-01-29 14:58:47,028 - tensor([ 593, 2198, 2239], device='cuda:0')
2024-01-29 14:58:47,028 - Classification Succeeds.
2024-01-29 14:58:47,028 - Link Generation Fails.
2024-01-29 14:59:17,496 - Victim node is 2597.
2024-01-29 14:59:17,496 - tensor([4663, 6130, 7620], device='cuda:0')
2024-01-29 14:59:17,497 - Classification Succeeds.
2024-01-29 14:59:17,497 - Link Generation Fails.
2024-01-29 14:59:45,614 - Victim node is 7574.
2024-01-29 14:59:45,614 - tensor([4237, 7460, 7620], device='cuda:0')
2024-01-29 14:59:45,614 - Classification Succeeds.
2024-01-29 14:59:45,614 - Link Generation Fails.
2024-01-29 15:01:55,614 - Victim node is 495.
2024-01-29 15:01:55,614 - tensor([ 593, 2198, 2239], device='cuda:0')
2024-01-29 15:01:55,614 - Classification Succeeds.
2024-01-29 15:01:55,614 - Link Generation Fails.
2024-01-29 15:02:25,045 - Victim node is 646.
2024-01-29 15:02:25,045 - tensor([3200, 6433, 7199], device='cuda:0')
2024-01-29 15:02:25,046 - Classification Fails.
2024-01-29 15:02:25,046 - Link Generation Fails.
2024-01-29 15:02:56,093 - Victim node is 2809.
2024-01-29 15:02:56,094 - tensor([2198, 7765, 8410], device='cuda:0')
2024-01-29 15:02:56,094 - Classification Succeeds.
2024-01-29 15:02:56,094 - Link Generation Succeeds.
2024-01-29 15:03:24,740 - Victim node is 4011.
2024-01-29 15:03:24,740 - tensor([2198, 2239, 4376], device='cuda:0')
2024-01-29 15:03:24,741 - Classification Succeeds.
2024-01-29 15:03:24,741 - Link Generation Fails.
2024-01-29 15:03:55,646 - Victim node is 5317.
2024-01-29 15:03:55,646 - tensor([ 593, 2198, 4376], device='cuda:0')
2024-01-29 15:03:55,647 - Classification Succeeds.
2024-01-29 15:03:55,647 - Link Generation Fails.
2024-01-29 15:04:24,193 - Victim node is 4505.
2024-01-29 15:04:24,193 - tensor([3200, 6433, 7199], device='cuda:0')
2024-01-29 15:04:24,194 - Classification Succeeds.
2024-01-29 15:04:24,194 - Link Generation Fails.
2024-01-29 15:04:55,002 - Victim node is 1498.
2024-01-29 15:04:55,003 - tensor([2198, 7838, 8294], device='cuda:0')
2024-01-29 15:04:55,003 - Classification Succeeds.
2024-01-29 15:04:55,003 - Link Generation Succeeds.
2024-01-29 15:05:54,760 - Victim node is 2812.
2024-01-29 15:05:54,760 - tensor([7975, 8769, 8794], device='cuda:0')
2024-01-29 15:05:54,760 - Classification Succeeds.
2024-01-29 15:05:54,760 - Link Generation Succeeds.
2024-01-29 15:06:24,004 - Victim node is 729.
2024-01-29 15:06:24,004 - tensor([1897, 5449, 5875], device='cuda:0')
2024-01-29 15:06:24,005 - Classification Succeeds.
2024-01-29 15:06:24,005 - Link Generation Fails.
2024-01-29 15:07:34,489 - Victim node is 3226.
2024-01-29 15:07:34,489 - tensor([7845, 8346, 8360], device='cuda:0')
2024-01-29 15:07:34,489 - Classification Succeeds.
2024-01-29 15:07:34,489 - Link Generation Succeeds.
2024-01-29 15:09:02,520 - Victim node is 5979.
2024-01-29 15:09:02,520 - tensor([4384, 7841, 8353], device='cuda:0')
2024-01-29 15:09:02,521 - Classification Succeeds.
2024-01-29 15:09:02,521 - Link Generation Succeeds.
2024-01-29 15:11:15,825 - Victim node is 5415.
2024-01-29 15:11:15,825 - tensor([7855, 8392, 8406], device='cuda:0')
2024-01-29 15:11:15,825 - Classification Succeeds.
2024-01-29 15:11:15,825 - Link Generation Succeeds.
2024-01-29 15:11:53,359 - Victim node is 6174.
2024-01-29 15:11:53,359 - tensor([2198, 2239, 4376], device='cuda:0')
2024-01-29 15:11:53,359 - Classification Fails.
2024-01-29 15:11:53,359 - Link Generation Fails.
2024-01-29 15:12:22,026 - Victim node is 1992.
2024-01-29 15:12:22,026 - tensor([3383, 6433, 7620], device='cuda:0')
2024-01-29 15:12:22,026 - Classification Succeeds.
2024-01-29 15:12:22,026 - Link Generation Fails.
2024-01-29 15:12:50,267 - Victim node is 1187.
2024-01-29 15:12:50,267 - tensor([ 593, 2198, 2239], device='cuda:0')
2024-01-29 15:12:50,267 - Classification Succeeds.
2024-01-29 15:12:50,267 - Link Generation Fails.
2024-01-29 15:13:18,442 - Victim node is 2002.
2024-01-29 15:13:18,442 - tensor([ 593, 2198, 2239], device='cuda:0')
2024-01-29 15:13:18,442 - Classification Fails.
2024-01-29 15:13:18,442 - Link Generation Fails.
2024-01-29 15:13:46,587 - Victim node is 3468.
2024-01-29 15:13:46,587 - tensor([ 593, 2198, 2239], device='cuda:0')
2024-01-29 15:13:46,587 - Classification Succeeds.
2024-01-29 15:13:46,587 - Link Generation Fails.
2024-01-29 15:14:14,408 - Victim node is 47.
2024-01-29 15:14:14,408 - tensor([2198, 2239, 4805], device='cuda:0')
2024-01-29 15:14:14,408 - Classification Succeeds.
2024-01-29 15:14:14,408 - Link Generation Fails.
2024-01-29 15:14:42,650 - Victim node is 1680.
2024-01-29 15:14:42,651 - tensor([1703, 7460, 7669], device='cuda:0')
2024-01-29 15:14:42,651 - Classification Succeeds.
2024-01-29 15:14:42,651 - Link Generation Succeeds.
2024-01-29 15:15:13,580 - Victim node is 107.
2024-01-29 15:15:13,580 - tensor([ 593, 2198, 2239], device='cuda:0')
2024-01-29 15:15:13,580 - Classification Succeeds.
2024-01-29 15:15:13,580 - Link Generation Fails.
2024-01-29 15:15:42,018 - Victim node is 6681.
2024-01-29 15:15:42,018 - tensor([3231, 4663, 7620], device='cuda:0')
2024-01-29 15:15:42,019 - Classification Succeeds.
2024-01-29 15:15:42,019 - Link Generation Fails.
2024-01-29 15:16:09,898 - Victim node is 7099.
2024-01-29 15:16:09,898 - tensor([7658, 7664, 7691], device='cuda:0')
2024-01-29 15:16:09,898 - Classification Succeeds.
2024-01-29 15:16:09,898 - Link Generation Succeeds.
2024-01-29 15:16:38,530 - Victim node is 3943.
2024-01-29 15:16:38,530 - tensor([ 593, 2198, 2239], device='cuda:0')
2024-01-29 15:16:38,530 - Classification Succeeds.
2024-01-29 15:16:38,530 - Link Generation Fails.
2024-01-29 15:17:06,772 - Victim node is 7009.
2024-01-29 15:17:06,772 - tensor([6130, 6279, 7772], device='cuda:0')
2024-01-29 15:17:06,772 - Classification Succeeds.
2024-01-29 15:17:06,772 - Link Generation Succeeds.
2024-01-29 15:17:37,514 - Victim node is 5716.
2024-01-29 15:17:37,514 - tensor([7730, 7837, 8274], device='cuda:0')
2024-01-29 15:17:37,515 - Classification Fails.
2024-01-29 15:17:37,515 - Link Generation Succeeds.
2024-01-29 15:18:08,536 - Victim node is 3382.
2024-01-29 15:18:08,536 - tensor([ 593, 2198, 2239], device='cuda:0')
2024-01-29 15:18:08,536 - Classification Succeeds.
2024-01-29 15:18:08,536 - Link Generation Fails.
2024-01-29 15:18:36,923 - Victim node is 2980.
2024-01-29 15:18:36,923 - tensor([ 593, 2198, 4376], device='cuda:0')
2024-01-29 15:18:36,924 - Classification Succeeds.
2024-01-29 15:18:36,924 - Link Generation Fails.
2024-01-29 15:19:40,013 - Victim node is 1513.
2024-01-29 15:19:40,014 - tensor([4384, 8368, 8383], device='cuda:0')
2024-01-29 15:19:40,014 - Classification Succeeds.
2024-01-29 15:19:40,014 - Link Generation Succeeds.
2024-01-29 15:20:58,964 - Victim node is 1997.
2024-01-29 15:20:58,964 - tensor([ 593, 8272, 8284], device='cuda:0')
2024-01-29 15:20:58,965 - Classification Succeeds.
2024-01-29 15:20:58,965 - Link Generation Succeeds.
2024-01-29 15:21:27,271 - Victim node is 4544.
2024-01-29 15:21:27,272 - tensor([1374, 5925, 7460], device='cuda:0')
2024-01-29 15:21:27,272 - Classification Succeeds.
2024-01-29 15:21:27,272 - Link Generation Fails.
2024-01-29 15:21:58,175 - Victim node is 7430.
2024-01-29 15:21:58,175 - tensor([2198, 8558, 8577], device='cuda:0')
2024-01-29 15:21:58,175 - Classification Succeeds.
2024-01-29 15:21:58,175 - Link Generation Succeeds.
2024-01-29 15:23:00,616 - Victim node is 986.
2024-01-29 15:23:00,616 - tensor([ 593, 2239, 8314], device='cuda:0')
2024-01-29 15:23:00,616 - Classification Fails.
2024-01-29 15:23:00,616 - Link Generation Succeeds.
2024-01-29 15:23:30,548 - Victim node is 5072.
2024-01-29 15:23:30,548 - tensor([3383, 5449, 7620], device='cuda:0')
2024-01-29 15:23:30,549 - Classification Succeeds.
2024-01-29 15:23:30,549 - Link Generation Fails.
2024-01-29 15:23:59,073 - Victim node is 1114.
2024-01-29 15:23:59,073 - tensor([2198, 2239, 4376], device='cuda:0')
2024-01-29 15:23:59,074 - Classification Succeeds.
2024-01-29 15:23:59,074 - Link Generation Fails.
2024-01-29 15:24:27,718 - Victim node is 4640.
2024-01-29 15:24:27,719 - tensor([3383, 6499, 7362], device='cuda:0')
2024-01-29 15:24:27,719 - Classification Succeeds.
2024-01-29 15:24:27,719 - Link Generation Fails.
2024-01-29 15:24:55,773 - Victim node is 7542.
2024-01-29 15:24:55,773 - tensor([1173, 2584, 7177], device='cuda:0')
2024-01-29 15:24:55,773 - Classification Succeeds.
2024-01-29 15:24:55,773 - Link Generation Fails.
2024-01-29 15:25:23,996 - Victim node is 5345.
2024-01-29 15:25:23,997 - tensor([1600, 6130, 7620], device='cuda:0')
2024-01-29 15:25:23,997 - Classification Succeeds.
2024-01-29 15:25:23,997 - Link Generation Fails.
2024-01-29 15:26:29,088 - Victim node is 7428.
2024-01-29 15:26:29,088 - tensor([7837, 8332, 8346], device='cuda:0')
2024-01-29 15:26:29,089 - Classification Succeeds.
2024-01-29 15:26:29,089 - Link Generation Succeeds.
2024-01-29 15:27:07,062 - Victim node is 3107.
2024-01-29 15:27:07,062 - tensor([4663, 6130, 7620], device='cuda:0')
2024-01-29 15:27:07,062 - Classification Succeeds.
2024-01-29 15:27:07,062 - Link Generation Fails.
2024-01-29 15:27:35,925 - Victim node is 7019.
2024-01-29 15:27:35,925 - tensor([4646, 6130, 7620], device='cuda:0')
2024-01-29 15:27:35,926 - Classification Succeeds.
2024-01-29 15:27:35,926 - Link Generation Fails.
2024-01-29 15:28:04,437 - Victim node is 4773.
2024-01-29 15:28:04,437 - tensor([ 593, 2198, 2239], device='cuda:0')
2024-01-29 15:28:04,438 - Classification Succeeds.
2024-01-29 15:28:04,438 - Link Generation Fails.
2024-01-29 15:28:32,718 - Victim node is 97.
2024-01-29 15:28:32,718 - tensor([6190, 7542, 7620], device='cuda:0')
2024-01-29 15:28:32,719 - Classification Succeeds.
2024-01-29 15:28:32,719 - Link Generation Fails.
2024-01-29 15:29:03,931 - Victim node is 576.
2024-01-29 15:29:03,931 - tensor([2198, 7768, 8600], device='cuda:0')
2024-01-29 15:29:03,931 - Classification Succeeds.
2024-01-29 15:29:03,931 - Link Generation Succeeds.
2024-01-29 15:29:31,950 - Victim node is 4707.
2024-01-29 15:29:31,950 - tensor([ 593, 2198, 2239], device='cuda:0')
2024-01-29 15:29:31,951 - Classification Succeeds.
2024-01-29 15:29:31,951 - Link Generation Fails.
2024-01-29 15:30:02,917 - Victim node is 2999.
2024-01-29 15:30:02,917 - tensor([ 593, 2198, 4376], device='cuda:0')
2024-01-29 15:30:02,919 - Classification Succeeds.
2024-01-29 15:30:02,919 - Link Generation Fails.
2024-01-29 15:30:31,832 - Victim node is 1038.
2024-01-29 15:30:31,832 - tensor([2198, 2239, 4376], device='cuda:0')
2024-01-29 15:30:31,832 - Classification Succeeds.
2024-01-29 15:30:31,832 - Link Generation Fails.
2024-01-29 15:32:50,984 - Victim node is 593.
2024-01-29 15:32:50,984 - tensor([ 28,  73, 305], device='cuda:0')
2024-01-29 15:32:50,985 - Classification Succeeds.
2024-01-29 15:32:50,985 - Link Generation Fails.
2024-01-29 15:33:19,444 - Victim node is 1277.
2024-01-29 15:33:19,444 - tensor([2198, 2239, 4805], device='cuda:0')
2024-01-29 15:33:19,444 - Classification Succeeds.
2024-01-29 15:33:19,444 - Link Generation Fails.
2024-01-29 15:35:34,083 - Victim node is 3183.
2024-01-29 15:35:34,084 - tensor([2239, 4805, 5404], device='cuda:0')
2024-01-29 15:35:34,084 - Classification Succeeds.
2024-01-29 15:35:34,084 - Link Generation Fails.
2024-01-29 15:36:03,938 - Victim node is 1221.
2024-01-29 15:36:03,938 - tensor([2198, 2239, 4376], device='cuda:0')
2024-01-29 15:36:03,939 - Classification Succeeds.
2024-01-29 15:36:03,939 - Link Generation Fails.
2024-01-29 15:36:32,205 - Victim node is 1397.
2024-01-29 15:36:32,205 - tensor([4663, 6130, 7620], device='cuda:0')
2024-01-29 15:36:32,205 - Classification Succeeds.
2024-01-29 15:36:32,205 - Link Generation Fails.
2024-01-29 15:37:03,091 - Victim node is 770.
2024-01-29 15:37:03,091 - tensor([ 593, 4376, 8670], device='cuda:0')
2024-01-29 15:37:03,091 - Classification Succeeds.
2024-01-29 15:37:03,091 - Link Generation Succeeds.
2024-01-29 15:38:06,806 - Victim node is 2645.
2024-01-29 15:38:06,806 - tensor([7835, 8333, 8347], device='cuda:0')
2024-01-29 15:38:06,807 - Classification Succeeds.
2024-01-29 15:38:06,807 - Link Generation Succeeds.
2024-01-29 15:38:35,379 - Victim node is 6420.
2024-01-29 15:38:35,379 - tensor([4663, 6130, 7620], device='cuda:0')
2024-01-29 15:38:35,379 - Classification Succeeds.
2024-01-29 15:38:35,380 - Link Generation Fails.
2024-01-29 15:39:04,033 - Victim node is 1626.
2024-01-29 15:39:04,033 - tensor([1599, 6130, 7620], device='cuda:0')
2024-01-29 15:39:04,035 - Classification Succeeds.
2024-01-29 15:39:04,035 - Link Generation Fails.
2024-01-29 15:39:34,907 - Victim node is 2152.
2024-01-29 15:39:34,907 - tensor([ 593, 2198, 4376], device='cuda:0')
2024-01-29 15:39:34,907 - Classification Succeeds.
2024-01-29 15:39:34,908 - Link Generation Fails.
2024-01-29 15:40:40,046 - Victim node is 6468.
2024-01-29 15:40:40,046 - tensor([7837, 8292, 8304], device='cuda:0')
2024-01-29 15:40:40,046 - Classification Succeeds.
2024-01-29 15:40:40,046 - Link Generation Succeeds.
2024-01-29 15:41:10,318 - Victim node is 7060.
2024-01-29 15:41:10,318 - tensor([ 593, 2198, 2239], device='cuda:0')
2024-01-29 15:41:10,318 - Classification Succeeds.
2024-01-29 15:41:10,318 - Link Generation Fails.
2024-01-29 15:41:40,302 - Victim node is 3004.
2024-01-29 15:41:40,302 - tensor([ 526, 2278, 2863], device='cuda:0')
2024-01-29 15:41:40,302 - Classification Succeeds.
2024-01-29 15:41:40,302 - Link Generation Fails.
2024-01-29 15:42:13,276 - Victim node is 2207.
2024-01-29 15:42:13,276 - tensor([2198, 7728, 8240], device='cuda:0')
2024-01-29 15:42:13,276 - Classification Succeeds.
2024-01-29 15:42:13,276 - Link Generation Succeeds.
2024-01-29 15:42:43,906 - Victim node is 2767.
2024-01-29 15:42:43,906 - tensor([ 526, 2278, 2863], device='cuda:0')
2024-01-29 15:42:43,906 - Classification Succeeds.
2024-01-29 15:42:43,906 - Link Generation Fails.
2024-01-29 15:43:16,619 - Victim node is 7300.
2024-01-29 15:43:16,619 - tensor([ 593, 2198, 2239], device='cuda:0')
2024-01-29 15:43:16,619 - Classification Succeeds.
2024-01-29 15:43:16,619 - Link Generation Fails.
2024-01-29 15:43:49,625 - Victim node is 6433.
2024-01-29 15:43:49,625 - tensor([4646, 6130, 7620], device='cuda:0')
2024-01-29 15:43:49,626 - Classification Succeeds.
2024-01-29 15:43:49,626 - Link Generation Fails.
2024-01-29 15:44:22,441 - Victim node is 934.
2024-01-29 15:44:22,441 - tensor([ 593, 2198, 2239], device='cuda:0')
2024-01-29 15:44:22,442 - Classification Succeeds.
2024-01-29 15:44:22,442 - Link Generation Fails.
2024-01-29 15:44:53,347 - Victim node is 3802.
2024-01-29 15:44:53,347 - tensor([ 593, 2198, 2239], device='cuda:0')
2024-01-29 15:44:53,347 - Classification Succeeds.
2024-01-29 15:44:53,347 - Link Generation Fails.
2024-01-29 15:45:23,895 - Victim node is 2245.
2024-01-29 15:45:23,895 - tensor([5449, 6130, 6279], device='cuda:0')
2024-01-29 15:45:23,895 - Classification Succeeds.
2024-01-29 15:45:23,895 - Link Generation Fails.
2024-01-29 15:45:54,739 - Victim node is 4005.
2024-01-29 15:45:54,739 - tensor([1136, 6279, 6662], device='cuda:0')
2024-01-29 15:45:54,740 - Classification Succeeds.
2024-01-29 15:45:54,740 - Link Generation Fails.
2024-01-29 15:46:27,195 - Victim node is 3607.
2024-01-29 15:46:27,195 - tensor([ 593, 2198, 2239], device='cuda:0')
2024-01-29 15:46:27,195 - Classification Succeeds.
2024-01-29 15:46:27,195 - Link Generation Fails.
2024-01-29 15:46:56,639 - Victim node is 7200.
2024-01-29 15:46:56,639 - tensor([1759, 2260, 4666], device='cuda:0')
2024-01-29 15:46:56,639 - Classification Succeeds.
2024-01-29 15:46:56,639 - Link Generation Fails.
2024-01-29 15:47:28,175 - Victim node is 616.
2024-01-29 15:47:28,175 - tensor([ 593, 2198, 8706], device='cuda:0')
2024-01-29 15:47:28,176 - Classification Succeeds.
2024-01-29 15:47:28,176 - Link Generation Succeeds.
2024-01-29 15:49:39,975 - Victim node is 1152.
2024-01-29 15:49:39,975 - tensor([7846, 8361, 8375], device='cuda:0')
2024-01-29 15:49:39,976 - Classification Succeeds.
2024-01-29 15:49:39,976 - Link Generation Succeeds.
2024-01-29 15:50:10,268 - Victim node is 5279.
2024-01-29 15:50:10,268 - tensor([ 932, 3231, 7460], device='cuda:0')
2024-01-29 15:50:10,269 - Classification Succeeds.
2024-01-29 15:50:10,269 - Link Generation Fails.
2024-01-29 15:50:39,439 - Victim node is 1857.
2024-01-29 15:50:39,439 - tensor([1374, 3383, 7620], device='cuda:0')
2024-01-29 15:50:39,439 - Classification Succeeds.
2024-01-29 15:50:39,439 - Link Generation Fails.
2024-01-29 15:51:08,555 - Victim node is 7261.
2024-01-29 15:51:08,555 - tensor([ 481, 4663, 6130], device='cuda:0')
2024-01-29 15:51:08,555 - Classification Succeeds.
2024-01-29 15:51:08,555 - Link Generation Fails.
2024-01-29 15:51:37,163 - Victim node is 7040.
2024-01-29 15:51:37,163 - tensor([ 593, 2198, 2239], device='cuda:0')
2024-01-29 15:51:37,163 - Classification Fails.
2024-01-29 15:51:37,163 - Link Generation Fails.
2024-01-29 15:52:06,215 - Victim node is 458.
2024-01-29 15:52:06,215 - tensor([6190, 7460, 7542], device='cuda:0')
2024-01-29 15:52:06,215 - Classification Fails.
2024-01-29 15:52:06,215 - Link Generation Fails.
2024-01-29 15:52:34,997 - Victim node is 650.
2024-01-29 15:52:34,998 - tensor([4646, 6433, 7620], device='cuda:0')
2024-01-29 15:52:34,998 - Classification Succeeds.
2024-01-29 15:52:34,998 - Link Generation Fails.
2024-01-29 15:53:04,113 - Victim node is 4766.
2024-01-29 15:53:04,113 - tensor([7651, 7655, 7656], device='cuda:0')
2024-01-29 15:53:04,113 - Classification Fails.
2024-01-29 15:53:04,113 - Link Generation Succeeds.
2024-01-29 15:54:05,335 - Victim node is 4174.
2024-01-29 15:54:05,335 - tensor([2198, 8252, 8265], device='cuda:0')
2024-01-29 15:54:05,336 - Classification Succeeds.
2024-01-29 15:54:05,336 - Link Generation Succeeds.
2024-01-29 15:54:37,497 - Victim node is 7599.
2024-01-29 15:54:37,497 - tensor([ 593, 2198, 2239], device='cuda:0')
2024-01-29 15:54:37,498 - Classification Fails.
2024-01-29 15:54:37,498 - Link Generation Fails.
2024-01-29 15:55:06,393 - Victim node is 1276.
2024-01-29 15:55:06,393 - tensor([4663, 6130, 7620], device='cuda:0')
2024-01-29 15:55:06,393 - Classification Succeeds.
2024-01-29 15:55:06,393 - Link Generation Fails.
2024-01-29 15:55:35,256 - Victim node is 6238.
2024-01-29 15:55:35,256 - tensor([3383, 4646, 7620], device='cuda:0')
2024-01-29 15:55:35,256 - Classification Succeeds.
2024-01-29 15:55:35,256 - Link Generation Fails.
2024-01-29 15:56:04,303 - Victim node is 3263.
2024-01-29 15:56:04,303 - tensor([6130, 7362, 7620], device='cuda:0')
2024-01-29 15:56:04,303 - Classification Succeeds.
2024-01-29 15:56:04,303 - Link Generation Fails.
2024-01-29 15:56:33,223 - Victim node is 2837.
2024-01-29 15:56:33,223 - tensor([  16, 1897, 7505], device='cuda:0')
2024-01-29 15:56:33,223 - Classification Succeeds.
2024-01-29 15:56:33,223 - Link Generation Fails.
2024-01-29 15:57:02,491 - Victim node is 4717.
2024-01-29 15:57:02,491 - tensor([6190, 7542, 7659], device='cuda:0')
2024-01-29 15:57:02,492 - Classification Succeeds.
2024-01-29 15:57:02,492 - Link Generation Succeeds.
2024-01-29 15:57:31,326 - Victim node is 1292.
2024-01-29 15:57:31,326 - tensor([4646, 6433, 7620], device='cuda:0')
2024-01-29 15:57:31,327 - Classification Succeeds.
2024-01-29 15:57:31,327 - Link Generation Fails.
2024-01-29 15:58:00,222 - Victim node is 96.
2024-01-29 15:58:00,222 - tensor([3780, 6190, 7460], device='cuda:0')
2024-01-29 15:58:00,222 - Classification Succeeds.
2024-01-29 15:58:00,223 - Link Generation Fails.
2024-01-29 15:58:28,960 - Victim node is 6922.
2024-01-29 15:58:28,960 - tensor([ 526, 3578, 4805], device='cuda:0')
2024-01-29 15:58:28,960 - Classification Fails.
2024-01-29 15:58:28,960 - Link Generation Fails.
2024-01-29 15:59:29,400 - Victim node is 1042.
2024-01-29 15:59:29,400 - tensor([ 593, 2239, 8242], device='cuda:0')
2024-01-29 15:59:29,401 - Classification Succeeds.
2024-01-29 15:59:29,401 - Link Generation Succeeds.
2024-01-29 16:00:01,904 - Victim node is 1624.
2024-01-29 16:00:01,904 - tensor([ 593, 2198, 2239], device='cuda:0')
2024-01-29 16:00:01,905 - Classification Fails.
2024-01-29 16:00:01,905 - Link Generation Fails.
2024-01-29 16:00:34,092 - Victim node is 5493.
2024-01-29 16:00:34,092 - tensor([2198, 7876, 8411], device='cuda:0')
2024-01-29 16:00:34,092 - Classification Succeeds.
2024-01-29 16:00:34,092 - Link Generation Succeeds.
2024-01-29 16:01:03,282 - Victim node is 4795.
2024-01-29 16:01:03,282 - tensor([3383, 6190, 7672], device='cuda:0')
2024-01-29 16:01:03,282 - Classification Succeeds.
2024-01-29 16:01:03,282 - Link Generation Succeeds.
2024-01-29 16:01:31,931 - Victim node is 6741.
2024-01-29 16:01:31,931 - tensor([2198, 2239, 4805], device='cuda:0')
2024-01-29 16:01:31,932 - Classification Succeeds.
2024-01-29 16:01:31,932 - Link Generation Fails.
2024-01-29 16:02:00,699 - Victim node is 4275.
2024-01-29 16:02:00,699 - tensor([4663, 6130, 6279], device='cuda:0')
2024-01-29 16:02:00,699 - Classification Succeeds.
2024-01-29 16:02:00,699 - Link Generation Fails.
2024-01-29 16:02:30,440 - Victim node is 3140.
2024-01-29 16:02:30,440 - tensor([ 593, 2198, 8350], device='cuda:0')
2024-01-29 16:02:30,441 - Classification Fails.
2024-01-29 16:02:30,441 - Link Generation Succeeds.
2024-01-29 16:02:59,096 - Victim node is 3562.
2024-01-29 16:02:59,096 - tensor([3200, 6433, 7620], device='cuda:0')
2024-01-29 16:02:59,096 - Classification Succeeds.
2024-01-29 16:02:59,096 - Link Generation Fails.
2024-01-29 16:03:27,794 - Victim node is 4056.
2024-01-29 16:03:27,794 - tensor([2260, 4666, 4960], device='cuda:0')
2024-01-29 16:03:27,794 - Classification Succeeds.
2024-01-29 16:03:27,794 - Link Generation Fails.
2024-01-29 16:03:56,117 - Victim node is 7253.
2024-01-29 16:03:56,118 - tensor([1968, 2278, 6433], device='cuda:0')
2024-01-29 16:03:56,118 - Classification Succeeds.
2024-01-29 16:03:56,118 - Link Generation Fails.
2024-01-29 16:04:24,458 - Victim node is 5830.
2024-01-29 16:04:24,458 - tensor([7650, 7655, 7658], device='cuda:0')
2024-01-29 16:04:24,458 - Classification Succeeds.
2024-01-29 16:04:24,458 - Link Generation Succeeds.
2024-01-29 16:04:52,949 - Victim node is 4893.
2024-01-29 16:04:52,949 - tensor([ 593, 2198, 2239], device='cuda:0')
2024-01-29 16:04:52,949 - Classification Succeeds.
2024-01-29 16:04:52,949 - Link Generation Fails.
2024-01-29 16:05:23,737 - Victim node is 3854.
2024-01-29 16:05:23,737 - tensor([ 593, 2198, 8326], device='cuda:0')
2024-01-29 16:05:23,738 - Classification Succeeds.
2024-01-29 16:05:23,738 - Link Generation Succeeds.
2024-01-29 16:05:52,283 - Victim node is 1084.
2024-01-29 16:05:52,283 - tensor([2198, 2239, 4376], device='cuda:0')
2024-01-29 16:05:52,284 - Classification Succeeds.
2024-01-29 16:05:52,284 - Link Generation Fails.
2024-01-29 16:06:23,761 - Victim node is 4694.
2024-01-29 16:06:23,761 - tensor([2198, 7744, 8308], device='cuda:0')
2024-01-29 16:06:23,762 - Classification Succeeds.
2024-01-29 16:06:23,762 - Link Generation Succeeds.
2024-01-29 16:08:49,697 - Victim node is 7481.
2024-01-29 16:08:49,697 - tensor([ 593, 8395, 8408], device='cuda:0')
2024-01-29 16:08:49,698 - Classification Succeeds.
2024-01-29 16:08:49,698 - Link Generation Succeeds.
2024-01-29 16:09:28,455 - Victim node is 4126.
2024-01-29 16:09:28,455 - tensor([1374, 3383, 5875], device='cuda:0')
2024-01-29 16:09:28,455 - Classification Succeeds.
2024-01-29 16:09:28,456 - Link Generation Fails.
2024-01-29 16:09:57,452 - Victim node is 605.
2024-01-29 16:09:57,452 - tensor([ 593, 6702, 7177], device='cuda:0')
2024-01-29 16:09:57,452 - Classification Succeeds.
2024-01-29 16:09:57,452 - Link Generation Fails.
2024-01-29 16:10:30,105 - Victim node is 849.
2024-01-29 16:10:30,105 - tensor([7938, 8643, 8823], device='cuda:0')
2024-01-29 16:10:30,105 - Classification Succeeds.
2024-01-29 16:10:30,106 - Link Generation Succeeds.
2024-01-29 16:11:00,273 - Victim node is 899.
2024-01-29 16:11:00,273 - tensor([ 593, 2198, 4376], device='cuda:0')
2024-01-29 16:11:00,273 - Classification Succeeds.
2024-01-29 16:11:00,273 - Link Generation Fails.
2024-01-29 16:11:30,431 - Victim node is 6125.
2024-01-29 16:11:30,431 - tensor([5356, 6130, 7726], device='cuda:0')
2024-01-29 16:11:30,431 - Classification Succeeds.
2024-01-29 16:11:30,431 - Link Generation Succeeds.
2024-01-29 16:12:01,314 - Victim node is 859.
2024-01-29 16:12:01,314 - tensor([ 481, 4646, 4663], device='cuda:0')
2024-01-29 16:12:01,315 - Classification Succeeds.
2024-01-29 16:12:01,315 - Link Generation Fails.
2024-01-29 16:12:31,925 - Victim node is 1573.
2024-01-29 16:12:31,925 - tensor([ 593, 2198, 2239], device='cuda:0')
2024-01-29 16:12:31,926 - Classification Succeeds.
2024-01-29 16:12:31,926 - Link Generation Fails.
2024-01-29 16:13:02,497 - Victim node is 447.
2024-01-29 16:13:02,498 - tensor([5449, 6190, 7542], device='cuda:0')
2024-01-29 16:13:02,498 - Classification Succeeds.
2024-01-29 16:13:02,498 - Link Generation Fails.
2024-01-29 16:13:32,860 - Victim node is 3795.
2024-01-29 16:13:32,860 - tensor([7658, 7659, 7673], device='cuda:0')
2024-01-29 16:13:32,861 - Classification Fails.
2024-01-29 16:13:32,861 - Link Generation Succeeds.
2024-01-29 16:14:05,617 - Victim node is 5832.
2024-01-29 16:14:05,618 - tensor([2198, 7763, 7926], device='cuda:0')
2024-01-29 16:14:05,618 - Classification Succeeds.
2024-01-29 16:14:05,618 - Link Generation Succeeds.
2024-01-29 16:15:15,733 - Victim node is 3328.
2024-01-29 16:15:15,733 - tensor([ 593, 2239, 8267], device='cuda:0')
2024-01-29 16:15:15,733 - Classification Succeeds.
2024-01-29 16:15:15,734 - Link Generation Succeeds.
2024-01-29 16:18:16,315 - Victim node is 5667.
2024-01-29 16:18:16,315 - tensor([ 593, 8347, 8360], device='cuda:0')
2024-01-29 16:18:16,317 - Classification Fails.
2024-01-29 16:18:16,317 - Link Generation Succeeds.
2024-01-29 16:18:46,902 - Victim node is 74.
2024-01-29 16:18:46,902 - tensor([2198, 2239, 4376], device='cuda:0')
2024-01-29 16:18:46,902 - Classification Succeeds.
2024-01-29 16:18:46,903 - Link Generation Fails.
2024-01-29 16:19:17,277 - Victim node is 2054.
2024-01-29 16:19:17,277 - tensor([ 932, 6190, 7460], device='cuda:0')
2024-01-29 16:19:17,277 - Classification Succeeds.
2024-01-29 16:19:17,278 - Link Generation Fails.
2024-01-29 16:19:47,705 - Victim node is 1433.
2024-01-29 16:19:47,705 - tensor([2144, 6190, 6499], device='cuda:0')
2024-01-29 16:19:47,705 - Classification Succeeds.
2024-01-29 16:19:47,705 - Link Generation Fails.
2024-01-29 16:20:18,435 - Victim node is 5498.
2024-01-29 16:20:18,435 - tensor([ 593, 2198, 2239], device='cuda:0')
2024-01-29 16:20:18,436 - Classification Succeeds.
2024-01-29 16:20:18,436 - Link Generation Fails.
2024-01-29 16:20:50,876 - Victim node is 7398.
2024-01-29 16:20:50,876 - tensor([7949, 8716, 8909], device='cuda:0')
2024-01-29 16:20:50,877 - Classification Succeeds.
2024-01-29 16:20:50,877 - Link Generation Succeeds.
2024-01-29 16:21:22,984 - Victim node is 1091.
2024-01-29 16:21:22,984 - tensor([2198, 8405, 8420], device='cuda:0')
2024-01-29 16:21:22,985 - Classification Succeeds.
2024-01-29 16:21:22,985 - Link Generation Succeeds.
2024-01-29 16:21:55,586 - Victim node is 4261.
2024-01-29 16:21:55,586 - tensor([7930, 8606, 8628], device='cuda:0')
2024-01-29 16:21:55,586 - Classification Fails.
2024-01-29 16:21:55,586 - Link Generation Succeeds.
2024-01-29 16:22:28,610 - Victim node is 6761.
2024-01-29 16:22:28,610 - tensor([ 593, 2198, 2239], device='cuda:0')
2024-01-29 16:22:28,610 - Classification Succeeds.
2024-01-29 16:22:28,610 - Link Generation Fails.
2024-01-29 16:23:37,092 - Victim node is 2745.
2024-01-29 16:23:37,092 - tensor([ 593, 7818, 8250], device='cuda:0')
2024-01-29 16:23:37,093 - Classification Succeeds.
2024-01-29 16:23:37,093 - Link Generation Succeeds.
2024-01-29 16:24:07,822 - Victim node is 978.
2024-01-29 16:24:07,822 - tensor([7460, 7620, 7680], device='cuda:0')
2024-01-29 16:24:07,822 - Classification Fails.
2024-01-29 16:24:07,822 - Link Generation Succeeds.
2024-01-29 16:24:40,429 - Victim node is 402.
2024-01-29 16:24:40,429 - tensor([4663, 6130, 7620], device='cuda:0')
2024-01-29 16:24:40,429 - Classification Succeeds.
2024-01-29 16:24:40,429 - Link Generation Fails.
2024-01-29 16:25:11,278 - Victim node is 5353.
2024-01-29 16:25:11,278 - tensor([ 593, 2198, 2239], device='cuda:0')
2024-01-29 16:25:11,278 - Classification Succeeds.
2024-01-29 16:25:11,278 - Link Generation Fails.
2024-01-29 16:25:41,380 - Victim node is 45.
2024-01-29 16:25:41,380 - tensor([1759, 6130, 7620], device='cuda:0')
2024-01-29 16:25:41,381 - Classification Succeeds.
2024-01-29 16:25:41,381 - Link Generation Fails.
2024-01-29 16:26:47,544 - Victim node is 4803.
2024-01-29 16:26:47,544 - tensor([ 593, 2198, 8285], device='cuda:0')
2024-01-29 16:26:47,546 - Classification Succeeds.
2024-01-29 16:26:47,546 - Link Generation Succeeds.
2024-01-29 16:27:18,176 - Victim node is 1155.
2024-01-29 16:27:18,176 - tensor([6130, 7460, 7620], device='cuda:0')
2024-01-29 16:27:18,177 - Classification Succeeds.
2024-01-29 16:27:18,177 - Link Generation Fails.
2024-01-29 16:27:48,767 - Victim node is 2029.
2024-01-29 16:27:48,767 - tensor([ 593, 2198, 2239], device='cuda:0')
2024-01-29 16:27:48,767 - Classification Succeeds.
2024-01-29 16:27:48,767 - Link Generation Fails.
2024-01-29 16:28:21,310 - Victim node is 1154.
2024-01-29 16:28:21,310 - tensor([ 593, 2198, 4376], device='cuda:0')
2024-01-29 16:28:21,310 - Classification Succeeds.
2024-01-29 16:28:21,310 - Link Generation Fails.
2024-01-29 16:28:53,706 - Victim node is 4890.
2024-01-29 16:28:53,706 - tensor([ 593, 2198, 2239], device='cuda:0')
2024-01-29 16:28:53,707 - Classification Succeeds.
2024-01-29 16:28:53,707 - Link Generation Fails.
2024-01-29 16:30:01,097 - Victim node is 5307.
2024-01-29 16:30:01,098 - tensor([ 593, 2239, 8751], device='cuda:0')
2024-01-29 16:30:01,098 - Classification Succeeds.
2024-01-29 16:30:01,098 - Link Generation Succeeds.
2024-01-29 16:30:33,314 - Victim node is 6005.
2024-01-29 16:30:33,314 - tensor([2198, 4646, 7620], device='cuda:0')
2024-01-29 16:30:33,314 - Classification Succeeds.
2024-01-29 16:30:33,314 - Link Generation Fails.
2024-01-29 16:31:02,824 - Victim node is 2359.
2024-01-29 16:31:02,824 - tensor([2198, 4376, 4805], device='cuda:0')
2024-01-29 16:31:02,826 - Classification Succeeds.
2024-01-29 16:31:02,826 - Link Generation Fails.
2024-01-29 16:31:32,007 - Victim node is 7453.
2024-01-29 16:31:32,007 - tensor([ 593, 2198, 2239], device='cuda:0')
2024-01-29 16:31:32,008 - Classification Succeeds.
2024-01-29 16:31:32,008 - Link Generation Fails.
2024-01-29 16:32:01,578 - Victim node is 7559.
2024-01-29 16:32:01,578 - tensor([7362, 7542, 7620], device='cuda:0')
2024-01-29 16:32:01,579 - Classification Succeeds.
2024-01-29 16:32:01,579 - Link Generation Fails.
2024-01-29 16:32:31,672 - Victim node is 159.
2024-01-29 16:32:31,673 - tensor([1759, 2260, 4666], device='cuda:0')
2024-01-29 16:32:31,673 - Classification Succeeds.
2024-01-29 16:32:31,673 - Link Generation Fails.
2024-01-29 16:33:01,327 - Victim node is 6459.
2024-01-29 16:33:01,327 - tensor([1759, 2260, 4666], device='cuda:0')
2024-01-29 16:33:01,329 - Classification Succeeds.
2024-01-29 16:33:01,329 - Link Generation Fails.
2024-01-29 16:33:33,808 - Victim node is 963.
2024-01-29 16:33:33,808 - tensor([2198, 2239, 4376], device='cuda:0')
2024-01-29 16:33:33,808 - Classification Succeeds.
2024-01-29 16:33:33,808 - Link Generation Fails.
2024-01-29 16:34:02,397 - Victim node is 5323.
2024-01-29 16:34:02,398 - tensor([1599, 5356, 6279], device='cuda:0')
2024-01-29 16:34:02,398 - Classification Succeeds.
2024-01-29 16:34:02,398 - Link Generation Fails.
2024-01-29 16:34:33,316 - Victim node is 1248.
2024-01-29 16:34:33,316 - tensor([4663, 6130, 7620], device='cuda:0')
2024-01-29 16:34:33,316 - Classification Succeeds.
2024-01-29 16:34:33,316 - Link Generation Fails.
2024-01-29 16:35:01,388 - Victim node is 694.
2024-01-29 16:35:01,388 - tensor([6130, 7460, 7620], device='cuda:0')
2024-01-29 16:35:01,389 - Classification Succeeds.
2024-01-29 16:35:01,389 - Link Generation Fails.
2024-01-29 16:35:29,467 - Victim node is 1049.
2024-01-29 16:35:29,467 - tensor([ 481, 4663, 6130], device='cuda:0')
2024-01-29 16:35:29,467 - Classification Succeeds.
2024-01-29 16:35:29,467 - Link Generation Fails.
2024-01-29 16:35:57,889 - Victim node is 2.
2024-01-29 16:35:57,889 - tensor([ 495,  526, 3578], device='cuda:0')
2024-01-29 16:35:57,890 - Classification Succeeds.
2024-01-29 16:35:57,890 - Link Generation Fails.
2024-01-29 16:36:26,791 - Victim node is 406.
2024-01-29 16:36:26,791 - tensor([2198, 2239, 4376], device='cuda:0')
2024-01-29 16:36:26,792 - Classification Succeeds.
2024-01-29 16:36:26,792 - Link Generation Fails.
2024-01-29 16:37:29,936 - Victim node is 6723.
2024-01-29 16:37:29,936 - tensor([8358, 8372, 9074], device='cuda:0')
2024-01-29 16:37:29,937 - Classification Succeeds.
2024-01-29 16:37:29,937 - Link Generation Succeeds.
2024-01-29 16:37:58,601 - Victim node is 1332.
2024-01-29 16:37:58,601 - tensor([3780, 5925, 7620], device='cuda:0')
2024-01-29 16:37:58,601 - Classification Succeeds.
2024-01-29 16:37:58,601 - Link Generation Fails.
2024-01-29 16:38:29,623 - Victim node is 6724.
2024-01-29 16:38:29,623 - tensor([ 593, 2198, 7728], device='cuda:0')
2024-01-29 16:38:29,623 - Classification Succeeds.
2024-01-29 16:38:29,624 - Link Generation Succeeds.
2024-01-29 16:39:36,356 - Victim node is 7008.
2024-01-29 16:39:36,356 - tensor([7838, 8315, 8328], device='cuda:0')
2024-01-29 16:39:36,356 - Classification Succeeds.
2024-01-29 16:39:36,356 - Link Generation Succeeds.
2024-01-29 16:40:26,456 - Victim node is 3582.
2024-01-29 16:40:26,456 - tensor([7900, 8502, 8521], device='cuda:0')
2024-01-29 16:40:26,457 - Classification Succeeds.
2024-01-29 16:40:26,457 - Link Generation Succeeds.
2024-01-29 16:41:07,688 - Victim node is 4691.
2024-01-29 16:41:07,688 - tensor([ 593, 2239, 8296], device='cuda:0')
2024-01-29 16:41:07,689 - Classification Succeeds.
2024-01-29 16:41:07,689 - Link Generation Succeeds.
2024-01-29 16:41:37,367 - Victim node is 6482.
2024-01-29 16:41:37,367 - tensor([1374, 1600, 5449], device='cuda:0')
2024-01-29 16:41:37,367 - Classification Succeeds.
2024-01-29 16:41:37,368 - Link Generation Fails.
2024-01-29 16:42:08,340 - Victim node is 804.
2024-01-29 16:42:08,340 - tensor([ 593, 2198, 7751], device='cuda:0')
2024-01-29 16:42:08,341 - Classification Succeeds.
2024-01-29 16:42:08,341 - Link Generation Succeeds.
2024-01-29 16:43:11,748 - Victim node is 1915.
2024-01-29 16:43:11,748 - tensor([ 593, 8339, 8354], device='cuda:0')
2024-01-29 16:43:11,748 - Classification Succeeds.
2024-01-29 16:43:11,748 - Link Generation Succeeds.
2024-01-29 16:43:40,491 - Victim node is 7188.
2024-01-29 16:43:40,491 - tensor([2144, 6190, 7542], device='cuda:0')
2024-01-29 16:43:40,491 - Classification Succeeds.
2024-01-29 16:43:40,491 - Link Generation Fails.
2024-01-29 16:44:09,175 - Victim node is 1807.
2024-01-29 16:44:09,175 - tensor([6130, 6279, 6653], device='cuda:0')
2024-01-29 16:44:09,175 - Classification Succeeds.
2024-01-29 16:44:09,175 - Link Generation Fails.
2024-01-29 16:46:28,892 - Victim node is 3049.
2024-01-29 16:46:28,892 - tensor([4384, 6702, 7888], device='cuda:0')
2024-01-29 16:46:28,892 - Classification Fails.
2024-01-29 16:46:28,892 - Link Generation Succeeds.
2024-01-29 16:46:56,946 - Victim node is 3067.
2024-01-29 16:46:56,946 - tensor([  16, 6190, 7542], device='cuda:0')
2024-01-29 16:46:56,947 - Classification Succeeds.
2024-01-29 16:46:56,947 - Link Generation Fails.
2024-01-29 16:47:56,656 - Victim node is 4528.
2024-01-29 16:47:56,656 - tensor([7793, 7963, 8755], device='cuda:0')
2024-01-29 16:47:56,657 - Classification Fails.
2024-01-29 16:47:56,657 - Link Generation Succeeds.
2024-01-29 16:48:25,457 - Victim node is 6697.
2024-01-29 16:48:25,457 - tensor([ 593, 2198, 2239], device='cuda:0')
2024-01-29 16:48:25,457 - Classification Succeeds.
2024-01-29 16:48:25,457 - Link Generation Fails.
2024-01-29 16:48:56,792 - Victim node is 689.
2024-01-29 16:48:56,792 - tensor([ 593, 7976, 8670], device='cuda:0')
2024-01-29 16:48:56,793 - Classification Fails.
2024-01-29 16:48:56,793 - Link Generation Succeeds.
2024-01-29 16:49:24,949 - Victim node is 3573.
2024-01-29 16:49:24,949 - tensor([ 593, 2198, 2239], device='cuda:0')
2024-01-29 16:49:24,949 - Classification Succeeds.
2024-01-29 16:49:24,950 - Link Generation Fails.
2024-01-29 16:49:53,344 - Victim node is 4701.
2024-01-29 16:49:53,345 - tensor([ 593, 2198, 6702], device='cuda:0')
2024-01-29 16:49:53,345 - Classification Succeeds.
2024-01-29 16:49:53,345 - Link Generation Fails.
2024-01-29 16:50:24,240 - Victim node is 1623.
2024-01-29 16:50:24,240 - tensor([ 593, 2198, 2239], device='cuda:0')
2024-01-29 16:50:24,240 - Classification Fails.
2024-01-29 16:50:24,240 - Link Generation Fails.
2024-01-29 16:50:52,765 - Victim node is 104.
2024-01-29 16:50:52,765 - tensor([2198, 2239, 4376], device='cuda:0')
2024-01-29 16:50:52,766 - Classification Succeeds.
2024-01-29 16:50:52,766 - Link Generation Fails.
2024-01-29 16:51:21,274 - Victim node is 3318.
2024-01-29 16:51:21,274 - tensor([ 481, 4663, 6433], device='cuda:0')
2024-01-29 16:51:21,274 - Classification Succeeds.
2024-01-29 16:51:21,274 - Link Generation Fails.
2024-01-29 16:51:52,472 - Victim node is 377.
2024-01-29 16:51:52,472 - tensor([ 593, 2198, 6702], device='cuda:0')
2024-01-29 16:51:52,472 - Classification Succeeds.
2024-01-29 16:51:52,472 - Link Generation Fails.
2024-01-29 16:52:52,896 - Victim node is 7139.
2024-01-29 16:52:52,896 - tensor([4376, 4384, 8313], device='cuda:0')
2024-01-29 16:52:52,896 - Classification Succeeds.
2024-01-29 16:52:52,896 - Link Generation Succeeds.
2024-01-29 16:53:48,341 - Victim node is 5541.
2024-01-29 16:53:48,341 - tensor([ 593, 2198, 4376], device='cuda:0')
2024-01-29 16:53:48,341 - Classification Succeeds.
2024-01-29 16:53:48,341 - Link Generation Fails.
2024-01-29 16:54:25,909 - Victim node is 5894.
2024-01-29 16:54:25,909 - tensor([6130, 6279, 7620], device='cuda:0')
2024-01-29 16:54:25,909 - Classification Succeeds.
2024-01-29 16:54:25,909 - Link Generation Fails.
2024-01-29 16:55:27,599 - Victim node is 1700.
2024-01-29 16:55:27,599 - tensor([ 593, 8261, 8274], device='cuda:0')
2024-01-29 16:55:27,599 - Classification Succeeds.
2024-01-29 16:55:27,599 - Link Generation Succeeds.
2024-01-29 16:56:15,766 - Victim node is 6006.
2024-01-29 16:56:15,766 - tensor([5356, 5449, 6662], device='cuda:0')
2024-01-29 16:56:15,766 - Classification Succeeds.
2024-01-29 16:56:15,766 - Link Generation Fails.
2024-01-29 16:56:54,271 - Victim node is 5837.
2024-01-29 16:56:54,271 - tensor([1374, 2584, 7058], device='cuda:0')
2024-01-29 16:56:54,272 - Classification Succeeds.
2024-01-29 16:56:54,272 - Link Generation Fails.
2024-01-29 16:57:23,642 - Victim node is 4334.
2024-01-29 16:57:23,642 - tensor([1759, 6433, 7620], device='cuda:0')
2024-01-29 16:57:23,642 - Classification Succeeds.
2024-01-29 16:57:23,642 - Link Generation Fails.
2024-01-29 16:57:53,013 - Victim node is 7432.
2024-01-29 16:57:53,013 - tensor([2923, 6190, 7574], device='cuda:0')
2024-01-29 16:57:53,013 - Classification Succeeds.
2024-01-29 16:57:53,013 - Link Generation Fails.
2024-01-29 16:58:22,684 - Victim node is 5803.
2024-01-29 16:58:22,684 - tensor([6130, 6279, 7460], device='cuda:0')
2024-01-29 16:58:22,684 - Classification Succeeds.
2024-01-29 16:58:22,684 - Link Generation Fails.
2024-01-29 16:58:52,632 - Victim node is 1059.
2024-01-29 16:58:52,633 - tensor([ 593, 2198, 2239], device='cuda:0')
2024-01-29 16:58:52,633 - Classification Succeeds.
2024-01-29 16:58:52,633 - Link Generation Fails.
2024-01-29 16:59:22,186 - Victim node is 988.
2024-01-29 16:59:22,186 - tensor([4663, 6130, 7620], device='cuda:0')
2024-01-29 16:59:22,186 - Classification Succeeds.
2024-01-29 16:59:22,186 - Link Generation Fails.
2024-01-29 16:59:51,551 - Victim node is 3764.
2024-01-29 16:59:51,551 - tensor([4646, 6433, 7620], device='cuda:0')
2024-01-29 16:59:51,552 - Classification Succeeds.
2024-01-29 16:59:51,552 - Link Generation Fails.
2024-01-29 17:00:23,756 - Victim node is 4248.
2024-01-29 17:00:23,756 - tensor([ 593, 4376, 8650], device='cuda:0')
2024-01-29 17:00:23,756 - Classification Succeeds.
2024-01-29 17:00:23,756 - Link Generation Succeeds.
2024-01-29 17:00:52,783 - Victim node is 7583.
2024-01-29 17:00:52,783 - tensor([4646, 6068, 6433], device='cuda:0')
2024-01-29 17:00:52,783 - Classification Succeeds.
2024-01-29 17:00:52,784 - Link Generation Fails.
2024-01-29 17:01:21,637 - Victim node is 4958.
2024-01-29 17:01:21,637 - tensor([4663, 6130, 7620], device='cuda:0')
2024-01-29 17:01:21,637 - Classification Fails.
2024-01-29 17:01:21,637 - Link Generation Fails.
2024-01-29 17:02:24,668 - Victim node is 2195.
2024-01-29 17:02:24,668 - tensor([ 593, 4376, 8245], device='cuda:0')
2024-01-29 17:02:24,668 - Classification Succeeds.
2024-01-29 17:02:24,668 - Link Generation Succeeds.
2024-01-29 17:02:56,860 - Victim node is 740.
2024-01-29 17:02:56,861 - tensor([1599, 6662, 7620], device='cuda:0')
2024-01-29 17:02:56,861 - Classification Succeeds.
2024-01-29 17:02:56,861 - Link Generation Fails.
2024-01-29 17:03:30,411 - Victim node is 3319.
2024-01-29 17:03:30,411 - tensor([4646, 6130, 7620], device='cuda:0')
2024-01-29 17:03:30,412 - Classification Succeeds.
2024-01-29 17:03:30,412 - Link Generation Fails.
2024-01-29 17:04:00,668 - Victim node is 3342.
2024-01-29 17:04:00,668 - tensor([4646, 6279, 7620], device='cuda:0')
2024-01-29 17:04:00,669 - Classification Succeeds.
2024-01-29 17:04:00,669 - Link Generation Fails.
2024-01-29 17:04:30,404 - Victim node is 2918.
2024-01-29 17:04:30,404 - tensor([ 526, 2278, 3578], device='cuda:0')
2024-01-29 17:04:30,405 - Classification Fails.
2024-01-29 17:04:30,405 - Link Generation Fails.
2024-01-29 17:04:59,882 - Victim node is 1323.
2024-01-29 17:04:59,882 - tensor([5449, 5472, 7542], device='cuda:0')
2024-01-29 17:04:59,882 - Classification Succeeds.
2024-01-29 17:04:59,882 - Link Generation Fails.
2024-01-29 17:05:29,616 - Victim node is 2178.
2024-01-29 17:05:29,616 - tensor([4663, 6433, 7620], device='cuda:0')
2024-01-29 17:05:29,617 - Classification Succeeds.
2024-01-29 17:05:29,617 - Link Generation Fails.
2024-01-29 17:06:00,591 - Victim node is 1174.
2024-01-29 17:06:00,591 - tensor([2198, 7718, 8364], device='cuda:0')
2024-01-29 17:06:00,592 - Classification Succeeds.
2024-01-29 17:06:00,592 - Link Generation Succeeds.
2024-01-29 17:06:31,167 - Victim node is 1082.
2024-01-29 17:06:31,168 - tensor([ 593, 2198, 2239], device='cuda:0')
2024-01-29 17:06:31,168 - Classification Succeeds.
2024-01-29 17:06:31,168 - Link Generation Fails.
2024-01-29 17:07:32,647 - Victim node is 4167.
2024-01-29 17:07:32,647 - tensor([7833, 8301, 8313], device='cuda:0')
2024-01-29 17:07:32,648 - Classification Succeeds.
2024-01-29 17:07:32,648 - Link Generation Succeeds.
2024-01-29 17:08:05,920 - Victim node is 4499.
2024-01-29 17:08:05,920 - tensor([ 593, 2198, 4376], device='cuda:0')
2024-01-29 17:08:05,921 - Classification Succeeds.
2024-01-29 17:08:05,921 - Link Generation Fails.
2024-01-29 17:08:37,745 - Victim node is 5442.
2024-01-29 17:08:37,745 - tensor([2198, 7845, 8382], device='cuda:0')
2024-01-29 17:08:37,746 - Classification Succeeds.
2024-01-29 17:08:37,746 - Link Generation Succeeds.
2024-01-29 17:09:06,710 - Victim node is 3981.
2024-01-29 17:09:06,710 - tensor([4646, 6433, 7620], device='cuda:0')
2024-01-29 17:09:06,710 - Classification Succeeds.
2024-01-29 17:09:06,710 - Link Generation Fails.
2024-01-29 17:09:36,030 - Victim node is 5018.
2024-01-29 17:09:36,030 - tensor([ 593, 2198, 2239], device='cuda:0')
2024-01-29 17:09:36,030 - Classification Succeeds.
2024-01-29 17:09:36,030 - Link Generation Fails.
2024-01-29 17:10:04,620 - Victim node is 2074.
2024-01-29 17:10:04,621 - tensor([4663, 6130, 7620], device='cuda:0')
2024-01-29 17:10:04,621 - Classification Succeeds.
2024-01-29 17:10:04,621 - Link Generation Fails.
2024-01-29 17:10:33,717 - Victim node is 537.
2024-01-29 17:10:33,717 - tensor([ 593, 2198, 2239], device='cuda:0')
2024-01-29 17:10:33,718 - Classification Succeeds.
2024-01-29 17:10:33,718 - Link Generation Fails.
2024-01-29 17:11:02,717 - Victim node is 1758.
2024-01-29 17:11:02,717 - tensor([7656, 7668, 7677], device='cuda:0')
2024-01-29 17:11:02,717 - Classification Fails.
2024-01-29 17:11:02,717 - Link Generation Succeeds.
2024-01-29 17:11:30,987 - Victim node is 3186.
2024-01-29 17:11:30,987 - tensor([6130, 6279, 7620], device='cuda:0')
2024-01-29 17:11:30,987 - Classification Succeeds.
2024-01-29 17:11:30,987 - Link Generation Fails.
2024-01-29 17:11:59,742 - Victim node is 1804.
2024-01-29 17:11:59,742 - tensor([ 481, 4663, 7620], device='cuda:0')
2024-01-29 17:11:59,742 - Classification Succeeds.
2024-01-29 17:11:59,742 - Link Generation Fails.
2024-01-29 17:13:02,634 - Victim node is 7170.
2024-01-29 17:13:02,634 - tensor([7829, 8292, 9610], device='cuda:0')
2024-01-29 17:13:02,635 - Classification Succeeds.
2024-01-29 17:13:02,635 - Link Generation Succeeds.
2024-01-29 17:13:54,874 - Victim node is 6266.
2024-01-29 17:13:54,874 - tensor([2198, 2239, 4376], device='cuda:0')
2024-01-29 17:13:54,875 - Classification Succeeds.
2024-01-29 17:13:54,875 - Link Generation Fails.
2024-01-29 17:14:39,883 - Victim node is 696.
2024-01-29 17:14:39,883 - tensor([ 593, 2198, 8266], device='cuda:0')
2024-01-29 17:14:39,883 - Classification Succeeds.
2024-01-29 17:14:39,883 - Link Generation Succeeds.
2024-01-29 17:15:27,091 - Victim node is 403.
2024-01-29 17:15:27,091 - tensor([ 593, 2198, 2239], device='cuda:0')
2024-01-29 17:15:27,091 - Classification Succeeds.
2024-01-29 17:15:27,092 - Link Generation Fails.
2024-01-29 17:15:56,106 - Victim node is 2892.
2024-01-29 17:15:56,106 - tensor([3383, 6130, 7620], device='cuda:0')
2024-01-29 17:15:56,106 - Classification Succeeds.
2024-01-29 17:15:56,106 - Link Generation Fails.
2024-01-29 17:16:25,675 - Victim node is 736.
2024-01-29 17:16:25,675 - tensor([2198, 4376, 4384], device='cuda:0')
2024-01-29 17:16:25,675 - Classification Succeeds.
2024-01-29 17:16:25,675 - Link Generation Fails.
2024-01-29 17:16:53,479 - Victim node is 3336.
2024-01-29 17:16:53,479 - tensor([2198, 3578, 4805], device='cuda:0')
2024-01-29 17:16:53,479 - Classification Succeeds.
2024-01-29 17:16:53,479 - Link Generation Fails.
2024-01-29 17:17:23,859 - Victim node is 1197.
2024-01-29 17:17:23,859 - tensor([ 593, 7920, 8582], device='cuda:0')
2024-01-29 17:17:23,859 - Classification Succeeds.
2024-01-29 17:17:23,859 - Link Generation Succeeds.
2024-01-29 17:19:38,498 - Victim node is 6707.
2024-01-29 17:19:38,498 - tensor([4805, 7860, 7997], device='cuda:0')
2024-01-29 17:19:38,498 - Classification Succeeds.
2024-01-29 17:19:38,498 - Link Generation Succeeds.
2024-01-29 17:20:16,721 - Victim node is 4922.
2024-01-29 17:20:16,721 - tensor([4663, 6130, 7620], device='cuda:0')
2024-01-29 17:20:16,722 - Classification Succeeds.
2024-01-29 17:20:16,722 - Link Generation Fails.
2024-01-29 17:20:48,748 - Victim node is 5391.
2024-01-29 17:20:48,748 - tensor([6130, 6279, 7620], device='cuda:0')
2024-01-29 17:20:48,748 - Classification Succeeds.
2024-01-29 17:20:48,748 - Link Generation Fails.
2024-01-29 17:21:21,490 - Victim node is 3179.
2024-01-29 17:21:21,490 - tensor([ 593, 2198, 7804], device='cuda:0')
2024-01-29 17:21:21,490 - Classification Succeeds.
2024-01-29 17:21:21,490 - Link Generation Succeeds.
2024-01-29 17:21:51,290 - Victim node is 6175.
2024-01-29 17:21:51,290 - tensor([ 593, 2198, 2239], device='cuda:0')
2024-01-29 17:21:51,290 - Classification Succeeds.
2024-01-29 17:21:51,290 - Link Generation Fails.
2024-01-29 17:22:25,153 - Victim node is 6171.
2024-01-29 17:22:25,153 - tensor([ 593, 2198, 7743], device='cuda:0')
2024-01-29 17:22:25,153 - Classification Fails.
2024-01-29 17:22:25,154 - Link Generation Succeeds.
2024-01-29 17:22:58,016 - Victim node is 1972.
2024-01-29 17:22:58,016 - tensor([ 593, 2198, 6702], device='cuda:0')
2024-01-29 17:22:58,017 - Classification Succeeds.
2024-01-29 17:22:58,017 - Link Generation Fails.
2024-01-29 17:23:29,300 - Victim node is 1726.
2024-01-29 17:23:29,300 - tensor([1759, 2260, 4666], device='cuda:0')
2024-01-29 17:23:29,301 - Classification Succeeds.
2024-01-29 17:23:29,301 - Link Generation Fails.
2024-01-29 17:24:00,601 - Victim node is 3441.
2024-01-29 17:24:00,601 - tensor([4246, 6130, 7460], device='cuda:0')
2024-01-29 17:24:00,602 - Classification Succeeds.
2024-01-29 17:24:00,602 - Link Generation Fails.
2024-01-29 17:26:27,770 - Victim node is 4870.
2024-01-29 17:26:27,770 - tensor([7861, 8427, 8441], device='cuda:0')
2024-01-29 17:26:27,770 - Classification Succeeds.
2024-01-29 17:26:27,770 - Link Generation Succeeds.
2024-01-29 17:26:58,954 - Victim node is 6340.
2024-01-29 17:26:58,954 - tensor([1599, 6279, 7620], device='cuda:0')
2024-01-29 17:26:58,954 - Classification Succeeds.
2024-01-29 17:26:58,955 - Link Generation Fails.
2024-01-29 17:27:29,790 - Victim node is 2962.
2024-01-29 17:27:29,790 - tensor([3383, 4646, 6433], device='cuda:0')
2024-01-29 17:27:29,790 - Classification Succeeds.
2024-01-29 17:27:29,791 - Link Generation Fails.
2024-01-29 17:28:00,813 - Victim node is 6711.
2024-01-29 17:28:00,813 - tensor([7651, 7661, 7662], device='cuda:0')
2024-01-29 17:28:00,814 - Classification Fails.
2024-01-29 17:28:00,814 - Link Generation Succeeds.
2024-01-29 17:28:33,218 - Victim node is 560.
2024-01-29 17:28:33,218 - tensor([3383, 7542, 7620], device='cuda:0')
2024-01-29 17:28:33,219 - Classification Succeeds.
2024-01-29 17:28:33,219 - Link Generation Fails.
2024-01-29 17:29:10,866 - Victim node is 1810.
2024-01-29 17:29:10,866 - tensor([ 593, 2198, 2239], device='cuda:0')
2024-01-29 17:29:10,866 - Classification Succeeds.
2024-01-29 17:29:10,866 - Link Generation Fails.
2024-01-29 17:31:23,761 - Victim node is 3832.
2024-01-29 17:31:23,761 - tensor([7863, 8405, 8420], device='cuda:0')
2024-01-29 17:31:23,761 - Classification Succeeds.
2024-01-29 17:31:23,761 - Link Generation Succeeds.
2024-01-29 17:31:53,086 - Victim node is 6010.
2024-01-29 17:31:53,086 - tensor([2198, 2239, 4376], device='cuda:0')
2024-01-29 17:31:53,086 - Classification Succeeds.
2024-01-29 17:31:53,086 - Link Generation Fails.
2024-01-29 17:32:25,943 - Victim node is 4306.
2024-01-29 17:32:25,943 - tensor([ 593, 4376, 6702], device='cuda:0')
2024-01-29 17:32:25,943 - Classification Succeeds.
2024-01-29 17:32:25,943 - Link Generation Fails.
2024-01-29 17:34:51,608 - Victim node is 6414.
2024-01-29 17:34:51,608 - tensor([1058, 4384, 6551], device='cuda:0')
2024-01-29 17:34:51,609 - Classification Succeeds.
2024-01-29 17:34:51,609 - Link Generation Fails.
2024-01-29 17:35:22,635 - Victim node is 5743.
2024-01-29 17:35:22,635 - tensor([ 526, 2863, 3578], device='cuda:0')
2024-01-29 17:35:22,635 - Classification Succeeds.
2024-01-29 17:35:22,635 - Link Generation Fails.
2024-01-29 17:35:53,662 - Victim node is 3624.
2024-01-29 17:35:53,662 - tensor([4663, 6130, 7620], device='cuda:0')
2024-01-29 17:35:53,663 - Classification Succeeds.
2024-01-29 17:35:53,663 - Link Generation Fails.
2024-01-29 17:36:27,117 - Victim node is 5166.
2024-01-29 17:36:27,117 - tensor([ 593, 2198, 8542], device='cuda:0')
2024-01-29 17:36:27,117 - Classification Succeeds.
2024-01-29 17:36:27,117 - Link Generation Succeeds.
2024-01-29 17:36:58,540 - Victim node is 5643.
2024-01-29 17:36:58,540 - tensor([3383, 6499, 7542], device='cuda:0')
2024-01-29 17:36:58,541 - Classification Fails.
2024-01-29 17:36:58,541 - Link Generation Fails.
2024-01-29 17:37:31,356 - Victim node is 5218.
2024-01-29 17:37:31,356 - tensor([ 593, 2198, 2239], device='cuda:0')
2024-01-29 17:37:31,356 - Classification Succeeds.
2024-01-29 17:37:31,356 - Link Generation Fails.
2024-01-29 17:38:02,445 - Victim node is 6546.
2024-01-29 17:38:02,445 - tensor([2198, 2239, 4376], device='cuda:0')
2024-01-29 17:38:02,447 - Classification Succeeds.
2024-01-29 17:38:02,449 - Link Generation Fails.
2024-01-29 17:38:33,204 - Victim node is 4477.
2024-01-29 17:38:33,204 - tensor([2198, 4376, 4805], device='cuda:0')
2024-01-29 17:38:33,205 - Classification Succeeds.
2024-01-29 17:38:33,205 - Link Generation Fails.
2024-01-29 17:39:03,588 - Victim node is 3899.
2024-01-29 17:39:03,588 - tensor([7651, 7652, 7669], device='cuda:0')
2024-01-29 17:39:03,589 - Classification Succeeds.
2024-01-29 17:39:03,589 - Link Generation Succeeds.
2024-01-29 17:39:33,824 - Victim node is 631.
2024-01-29 17:39:33,824 - tensor([3437, 4906, 6433], device='cuda:0')
2024-01-29 17:39:33,825 - Classification Succeeds.
2024-01-29 17:39:33,825 - Link Generation Fails.
2024-01-29 17:40:03,131 - Victim node is 4389.
2024-01-29 17:40:03,131 - tensor([ 593, 2198, 2239], device='cuda:0')
2024-01-29 17:40:03,132 - Classification Succeeds.
2024-01-29 17:40:03,132 - Link Generation Fails.
2024-01-29 17:41:11,799 - Victim node is 5551.
2024-01-29 17:41:11,800 - tensor([7819, 8262, 8276], device='cuda:0')
2024-01-29 17:41:11,800 - Classification Succeeds.
2024-01-29 17:41:11,800 - Link Generation Succeeds.
2024-01-29 17:43:48,492 - Victim node is 5707.
2024-01-29 17:43:48,492 - tensor([1798, 3578, 3895], device='cuda:0')
2024-01-29 17:43:48,492 - Classification Succeeds.
2024-01-29 17:43:48,492 - Link Generation Fails.
2024-01-29 17:44:17,950 - Victim node is 5613.
2024-01-29 17:44:17,950 - tensor([7177, 7650, 7659], device='cuda:0')
2024-01-29 17:44:17,950 - Classification Fails.
2024-01-29 17:44:17,950 - Link Generation Succeeds.
2024-01-29 17:44:46,613 - Victim node is 3813.
2024-01-29 17:44:46,613 - tensor([1600, 6130, 7620], device='cuda:0')
2024-01-29 17:44:46,613 - Classification Succeeds.
2024-01-29 17:44:46,613 - Link Generation Fails.
2024-01-29 17:45:14,891 - Victim node is 665.
2024-01-29 17:45:14,891 - tensor([6130, 7460, 7620], device='cuda:0')
2024-01-29 17:45:14,891 - Classification Succeeds.
2024-01-29 17:45:14,891 - Link Generation Fails.
2024-01-29 17:45:43,345 - Victim node is 676.
2024-01-29 17:45:43,345 - tensor([4663, 6130, 7620], device='cuda:0')
2024-01-29 17:45:43,346 - Classification Succeeds.
2024-01-29 17:45:43,346 - Link Generation Fails.
2024-01-29 17:46:12,037 - Victim node is 2596.
2024-01-29 17:46:12,037 - tensor([ 593, 2198, 2239], device='cuda:0')
2024-01-29 17:46:12,037 - Classification Succeeds.
2024-01-29 17:46:12,037 - Link Generation Fails.
2024-01-29 17:46:40,536 - Victim node is 2023.
2024-01-29 17:46:40,536 - tensor([4237, 7460, 7620], device='cuda:0')
2024-01-29 17:46:40,537 - Classification Succeeds.
2024-01-29 17:46:40,537 - Link Generation Fails.
2024-01-29 17:47:08,987 - Victim node is 7129.
2024-01-29 17:47:08,987 - tensor([4646, 6130, 7620], device='cuda:0')
2024-01-29 17:47:08,987 - Classification Succeeds.
2024-01-29 17:47:08,988 - Link Generation Fails.
2024-01-29 17:47:37,101 - Victim node is 2099.
2024-01-29 17:47:37,101 - tensor([ 593, 2198, 2239], device='cuda:0')
2024-01-29 17:47:37,101 - Classification Succeeds.
2024-01-29 17:47:37,101 - Link Generation Fails.
2024-01-29 17:48:39,689 - Victim node is 4295.
2024-01-29 17:48:39,690 - tensor([ 593, 4376, 8320], device='cuda:0')
2024-01-29 17:48:39,690 - Classification Succeeds.
2024-01-29 17:48:39,690 - Link Generation Succeeds.
2024-01-29 17:49:09,313 - Victim node is 3541.
2024-01-29 17:49:09,313 - tensor([ 593, 2198, 2239], device='cuda:0')
2024-01-29 17:49:09,313 - Classification Succeeds.
2024-01-29 17:49:09,313 - Link Generation Fails.
2024-01-29 17:49:39,467 - Victim node is 6757.
2024-01-29 17:49:39,467 - tensor([4663, 6130, 7620], device='cuda:0')
2024-01-29 17:49:39,468 - Classification Succeeds.
2024-01-29 17:49:39,468 - Link Generation Fails.
2024-01-29 17:50:40,368 - Victim node is 906.
2024-01-29 17:50:40,368 - tensor([2239, 7808, 8242], device='cuda:0')
2024-01-29 17:50:40,368 - Classification Succeeds.
2024-01-29 17:50:40,368 - Link Generation Succeeds.
2024-01-29 17:51:10,725 - Victim node is 2092.
2024-01-29 17:51:10,725 - tensor([ 593, 2198, 2239], device='cuda:0')
2024-01-29 17:51:10,725 - Classification Succeeds.
2024-01-29 17:51:10,725 - Link Generation Fails.
2024-01-29 17:53:25,711 - Victim node is 1634.
2024-01-29 17:53:25,711 - tensor([7856, 8399, 8414], device='cuda:0')
2024-01-29 17:53:25,711 - Classification Succeeds.
2024-01-29 17:53:25,711 - Link Generation Succeeds.
2024-01-29 17:53:55,193 - Victim node is 3965.
2024-01-29 17:53:55,193 - tensor([ 593, 2198, 4376], device='cuda:0')
2024-01-29 17:53:55,194 - Classification Succeeds.
2024-01-29 17:53:55,194 - Link Generation Fails.
2024-01-29 17:54:24,061 - Victim node is 2499.
2024-01-29 17:54:24,061 - tensor([1374, 6130, 7620], device='cuda:0')
2024-01-29 17:54:24,061 - Classification Succeeds.
2024-01-29 17:54:24,062 - Link Generation Fails.
2024-01-29 17:54:54,609 - Victim node is 6636.
2024-01-29 17:54:54,609 - tensor([ 593, 2198, 7751], device='cuda:0')
2024-01-29 17:54:54,609 - Classification Succeeds.
2024-01-29 17:54:54,609 - Link Generation Succeeds.
2024-01-29 17:55:23,016 - Victim node is 120.
2024-01-29 17:55:23,016 - tensor([4663, 6130, 7620], device='cuda:0')
2024-01-29 17:55:23,017 - Classification Succeeds.
2024-01-29 17:55:23,018 - Link Generation Fails.
2024-01-29 17:55:54,300 - Victim node is 1651.
2024-01-29 17:55:54,300 - tensor([ 593, 2198, 7779], device='cuda:0')
2024-01-29 17:55:54,301 - Classification Succeeds.
2024-01-29 17:55:54,301 - Link Generation Succeeds.
2024-01-29 17:56:23,222 - Victim node is 5673.
2024-01-29 17:56:23,222 - tensor([1136, 1599, 5526], device='cuda:0')
2024-01-29 17:56:23,223 - Classification Succeeds.
2024-01-29 17:56:23,223 - Link Generation Fails.
2024-01-29 17:57:24,791 - Victim node is 6284.
2024-01-29 17:57:24,791 - tensor([7825, 8280, 9566], device='cuda:0')
2024-01-29 17:57:24,791 - Classification Succeeds.
2024-01-29 17:57:24,791 - Link Generation Succeeds.
2024-01-29 17:57:53,131 - Victim node is 519.
2024-01-29 17:57:53,131 - tensor([  16, 7460, 7505], device='cuda:0')
2024-01-29 17:57:53,132 - Classification Succeeds.
2024-01-29 17:57:53,132 - Link Generation Fails.
2024-01-29 17:58:21,700 - Victim node is 147.
2024-01-29 17:58:21,700 - tensor([6130, 6279, 7620], device='cuda:0')
2024-01-29 17:58:21,700 - Classification Succeeds.
2024-01-29 17:58:21,700 - Link Generation Fails.
2024-01-29 17:58:52,688 - Victim node is 2102.
2024-01-29 17:58:52,688 - tensor([7780, 7932, 8613], device='cuda:0')
2024-01-29 17:58:52,689 - Classification Succeeds.
2024-01-29 17:58:52,689 - Link Generation Succeeds.
2024-01-29 17:59:22,918 - Victim node is 3686.
2024-01-29 17:59:22,918 - tensor([ 593, 2198, 2239], device='cuda:0')
2024-01-29 17:59:22,918 - Classification Succeeds.
2024-01-29 17:59:22,919 - Link Generation Fails.
2024-01-29 17:59:51,097 - Victim node is 7206.
2024-01-29 17:59:51,097 - tensor([ 593, 2198, 4376], device='cuda:0')
2024-01-29 17:59:51,097 - Classification Succeeds.
2024-01-29 17:59:51,097 - Link Generation Fails.
2024-01-29 18:00:22,418 - Victim node is 3559.
2024-01-29 18:00:22,418 - tensor([ 593, 2198, 2239], device='cuda:0')
2024-01-29 18:00:22,419 - Classification Succeeds.
2024-01-29 18:00:22,419 - Link Generation Fails.
2024-01-29 18:00:50,399 - Victim node is 506.
2024-01-29 18:00:50,399 - tensor([2198, 2239, 4376], device='cuda:0')
2024-01-29 18:00:50,400 - Classification Succeeds.
2024-01-29 18:00:50,400 - Link Generation Fails.
2024-01-29 18:01:18,978 - Victim node is 7598.
2024-01-29 18:01:18,978 - tensor([4646, 6279, 7620], device='cuda:0')
2024-01-29 18:01:18,978 - Classification Succeeds.
2024-01-29 18:01:18,979 - Link Generation Fails.
2024-01-29 18:01:49,446 - Victim node is 2192.
2024-01-29 18:01:49,447 - tensor([ 593, 2198, 2239], device='cuda:0')
2024-01-29 18:01:49,447 - Classification Succeeds.
2024-01-29 18:01:49,447 - Link Generation Fails.
2024-01-29 18:02:18,478 - Victim node is 6739.
2024-01-29 18:02:18,478 - tensor([1374, 6130, 7620], device='cuda:0')
2024-01-29 18:02:18,478 - Classification Succeeds.
2024-01-29 18:02:18,478 - Link Generation Fails.
2024-01-29 18:02:47,080 - Victim node is 5366.
2024-01-29 18:02:47,081 - tensor([2198, 4376, 4805], device='cuda:0')
2024-01-29 18:02:47,081 - Classification Fails.
2024-01-29 18:02:47,081 - Link Generation Fails.
2024-01-29 18:05:02,279 - Victim node is 629.
2024-01-29 18:05:02,279 - tensor([2239, 7850, 8405], device='cuda:0')
2024-01-29 18:05:02,279 - Classification Succeeds.
2024-01-29 18:05:02,279 - Link Generation Succeeds.
2024-01-29 18:05:36,834 - Victim node is 1727.
2024-01-29 18:05:36,835 - tensor([7940, 8644, 8833], device='cuda:0')
2024-01-29 18:05:36,835 - Classification Succeeds.
2024-01-29 18:05:36,835 - Link Generation Succeeds.
2024-01-29 18:06:05,619 - Victim node is 755.
2024-01-29 18:06:05,619 - tensor([1759, 2863, 4666], device='cuda:0')
2024-01-29 18:06:05,620 - Classification Succeeds.
2024-01-29 18:06:05,620 - Link Generation Fails.
2024-01-29 18:06:34,409 - Victim node is 1075.
2024-01-29 18:06:34,409 - tensor([4663, 6130, 7620], device='cuda:0')
2024-01-29 18:06:34,410 - Classification Succeeds.
2024-01-29 18:06:34,410 - Link Generation Fails.
2024-01-29 18:07:02,505 - Victim node is 3530.
2024-01-29 18:07:02,505 - tensor([3383, 5356, 7832], device='cuda:0')
2024-01-29 18:07:02,506 - Classification Succeeds.
2024-01-29 18:07:02,506 - Link Generation Succeeds.
2024-01-29 18:07:30,449 - Victim node is 1677.
2024-01-29 18:07:30,449 - tensor([3383, 7542, 7668], device='cuda:0')
2024-01-29 18:07:30,450 - Classification Fails.
2024-01-29 18:07:30,450 - Link Generation Succeeds.
2024-01-29 18:07:58,782 - Victim node is 6298.
2024-01-29 18:07:58,782 - tensor([ 526, 3578, 4805], device='cuda:0')
2024-01-29 18:07:58,783 - Classification Succeeds.
2024-01-29 18:07:58,783 - Link Generation Fails.
2024-01-29 18:08:59,573 - Victim node is 1421.
2024-01-29 18:08:59,573 - tensor([2239, 7827, 8273], device='cuda:0')
2024-01-29 18:08:59,573 - Classification Succeeds.
2024-01-29 18:08:59,573 - Link Generation Succeeds.
2024-01-29 18:09:29,512 - Victim node is 6766.
2024-01-29 18:09:29,512 - tensor([ 526, 2278, 2863], device='cuda:0')
2024-01-29 18:09:29,512 - Classification Succeeds.
2024-01-29 18:09:29,512 - Link Generation Fails.
2024-01-29 18:09:57,732 - Victim node is 1640.
2024-01-29 18:09:57,732 - tensor([6190, 7542, 7748], device='cuda:0')
2024-01-29 18:09:57,733 - Classification Succeeds.
2024-01-29 18:09:57,733 - Link Generation Succeeds.
2024-01-29 18:10:26,280 - Victim node is 4187.
2024-01-29 18:10:26,280 - tensor([ 593, 2198, 4376], device='cuda:0')
2024-01-29 18:10:26,280 - Classification Fails.
2024-01-29 18:10:26,280 - Link Generation Fails.
2024-01-29 18:10:54,513 - Victim node is 4432.
2024-01-29 18:10:54,513 - tensor([6190, 6662, 7542], device='cuda:0')
2024-01-29 18:10:54,514 - Classification Succeeds.
2024-01-29 18:10:54,514 - Link Generation Fails.
2024-01-29 18:11:25,628 - Victim node is 3550.
2024-01-29 18:11:25,628 - tensor([2198, 7856, 8339], device='cuda:0')
2024-01-29 18:11:25,628 - Classification Fails.
2024-01-29 18:11:25,628 - Link Generation Succeeds.
2024-01-29 18:11:53,988 - Victim node is 5267.
2024-01-29 18:11:53,989 - tensor([7542, 7679, 7715], device='cuda:0')
2024-01-29 18:11:53,989 - Classification Succeeds.
2024-01-29 18:11:53,989 - Link Generation Succeeds.
2024-01-29 18:12:22,919 - Victim node is 6237.
2024-01-29 18:12:22,919 - tensor([ 593, 2198, 2239], device='cuda:0')
2024-01-29 18:12:22,919 - Classification Succeeds.
2024-01-29 18:12:22,919 - Link Generation Fails.
2024-01-29 18:13:29,193 - Victim node is 3695.
2024-01-29 18:13:29,193 - tensor([ 593, 8356, 8370], device='cuda:0')
2024-01-29 18:13:29,193 - Classification Fails.
2024-01-29 18:13:29,193 - Link Generation Succeeds.
2024-01-29 18:13:58,010 - Victim node is 3315.
2024-01-29 18:13:58,010 - tensor([6279, 7542, 7620], device='cuda:0')
2024-01-29 18:13:58,011 - Classification Succeeds.
2024-01-29 18:13:58,011 - Link Generation Fails.
2024-01-29 18:14:26,762 - Victim node is 6645.
2024-01-29 18:14:26,762 - tensor([1155, 1599, 6190], device='cuda:0')
2024-01-29 18:14:26,762 - Classification Succeeds.
2024-01-29 18:14:26,763 - Link Generation Fails.
2024-01-29 18:14:57,354 - Victim node is 2883.
2024-01-29 18:14:57,354 - tensor([ 593, 2239, 8712], device='cuda:0')
2024-01-29 18:14:57,354 - Classification Succeeds.
2024-01-29 18:14:57,354 - Link Generation Succeeds.
2024-01-29 18:15:25,816 - Victim node is 6605.
2024-01-29 18:15:25,816 - tensor([ 593, 2198, 4376], device='cuda:0')
2024-01-29 18:15:25,816 - Classification Succeeds.
2024-01-29 18:15:25,816 - Link Generation Fails.
2024-01-29 18:15:54,580 - Victim node is 7594.
2024-01-29 18:15:54,580 - tensor([4663, 6130, 7620], device='cuda:0')
2024-01-29 18:15:54,580 - Classification Succeeds.
2024-01-29 18:15:54,580 - Link Generation Fails.
2024-01-29 18:16:23,967 - Victim node is 1016.
2024-01-29 18:16:23,967 - tensor([ 593, 2198, 6702], device='cuda:0')
2024-01-29 18:16:23,967 - Classification Succeeds.
2024-01-29 18:16:23,967 - Link Generation Fails.
2024-01-29 18:16:52,651 - Victim node is 1077.
2024-01-29 18:16:52,651 - tensor([7652, 7661, 7666], device='cuda:0')
2024-01-29 18:16:52,651 - Classification Fails.
2024-01-29 18:16:52,652 - Link Generation Succeeds.
2024-01-29 18:17:20,812 - Victim node is 4163.
2024-01-29 18:17:20,812 - tensor([ 593, 2198, 4376], device='cuda:0')
2024-01-29 18:17:20,813 - Classification Succeeds.
2024-01-29 18:17:20,813 - Link Generation Fails.
2024-01-29 18:18:21,949 - Victim node is 2484.
2024-01-29 18:18:21,950 - tensor([ 593, 8758, 8780], device='cuda:0')
2024-01-29 18:18:21,950 - Classification Succeeds.
2024-01-29 18:18:21,950 - Link Generation Succeeds.
2024-01-29 18:18:50,103 - Victim node is 2690.
2024-01-29 18:18:50,103 - tensor([ 593, 2198, 2239], device='cuda:0')
2024-01-29 18:18:50,103 - Classification Fails.
2024-01-29 18:18:50,103 - Link Generation Fails.
2024-01-29 18:19:18,456 - Victim node is 4921.
2024-01-29 18:19:18,456 - tensor([3470, 6130, 7620], device='cuda:0')
2024-01-29 18:19:18,457 - Classification Fails.
2024-01-29 18:19:18,457 - Link Generation Fails.
2024-01-29 18:19:47,004 - Victim node is 4077.
2024-01-29 18:19:47,004 - tensor([3231, 5449, 7460], device='cuda:0')
2024-01-29 18:19:47,004 - Classification Succeeds.
2024-01-29 18:19:47,004 - Link Generation Fails.
2024-01-29 18:20:16,140 - Victim node is 4748.
2024-01-29 18:20:16,140 - tensor([ 932, 5875, 7460], device='cuda:0')
2024-01-29 18:20:16,141 - Classification Succeeds.
2024-01-29 18:20:16,141 - Link Generation Fails.
2024-01-29 18:20:47,469 - Victim node is 7363.
2024-01-29 18:20:47,469 - tensor([ 593, 2198, 7734], device='cuda:0')
2024-01-29 18:20:47,469 - Classification Fails.
2024-01-29 18:20:47,469 - Link Generation Succeeds.
2024-01-29 18:21:17,452 - Victim node is 3275.
2024-01-29 18:21:17,452 - tensor([ 593, 2198, 2239], device='cuda:0')
2024-01-29 18:21:17,452 - Classification Succeeds.
2024-01-29 18:21:17,452 - Link Generation Fails.
2024-01-29 18:21:46,894 - Victim node is 1115.
2024-01-29 18:21:46,895 - tensor([3231, 6190, 7542], device='cuda:0')
2024-01-29 18:21:46,895 - Classification Succeeds.
2024-01-29 18:21:46,895 - Link Generation Fails.
2024-01-29 18:22:17,432 - Victim node is 1730.
2024-01-29 18:22:17,432 - tensor([2198, 7757, 8481], device='cuda:0')
2024-01-29 18:22:17,432 - Classification Fails.
2024-01-29 18:22:17,432 - Link Generation Succeeds.
2024-01-29 18:22:46,639 - Victim node is 827.
2024-01-29 18:22:46,639 - tensor([4646, 6433, 7620], device='cuda:0')
2024-01-29 18:22:46,639 - Classification Succeeds.
2024-01-29 18:22:46,639 - Link Generation Fails.
2024-01-29 18:23:15,392 - Victim node is 3635.
2024-01-29 18:23:15,392 - tensor([ 593, 2198, 2239], device='cuda:0')
2024-01-29 18:23:15,392 - Classification Fails.
2024-01-29 18:23:15,392 - Link Generation Fails.
2024-01-29 18:23:46,517 - Victim node is 6219.
2024-01-29 18:23:46,517 - tensor([ 593, 2198, 2239], device='cuda:0')
2024-01-29 18:23:46,518 - Classification Succeeds.
2024-01-29 18:23:46,518 - Link Generation Fails.
2024-01-29 18:24:15,680 - Victim node is 5482.
2024-01-29 18:24:15,680 - tensor([6130, 7460, 7620], device='cuda:0')
2024-01-29 18:24:15,680 - Classification Succeeds.
2024-01-29 18:24:15,680 - Link Generation Fails.
2024-01-29 18:24:44,443 - Victim node is 3111.
2024-01-29 18:24:44,443 - tensor([7460, 7620, 7657], device='cuda:0')
2024-01-29 18:24:44,444 - Classification Succeeds.
2024-01-29 18:24:44,444 - Link Generation Succeeds.
2024-01-29 18:25:15,341 - Victim node is 3250.
2024-01-29 18:25:15,341 - tensor([2198, 2239, 4376], device='cuda:0')
2024-01-29 18:25:15,341 - Classification Succeeds.
2024-01-29 18:25:15,341 - Link Generation Fails.
2024-01-29 18:25:44,167 - Victim node is 5479.
2024-01-29 18:25:44,167 - tensor([2198, 2239, 4376], device='cuda:0')
2024-01-29 18:25:44,168 - Classification Succeeds.
2024-01-29 18:25:44,168 - Link Generation Fails.
2024-01-29 18:26:12,982 - Victim node is 7025.
2024-01-29 18:26:12,982 - tensor([6130, 7460, 7620], device='cuda:0')
2024-01-29 18:26:12,983 - Classification Succeeds.
2024-01-29 18:26:12,983 - Link Generation Fails.
2024-01-29 18:27:19,260 - Victim node is 4791.
2024-01-29 18:27:19,261 - tensor([ 593, 7843, 8342], device='cuda:0')
2024-01-29 18:27:19,261 - Classification Succeeds.
2024-01-29 18:27:19,261 - Link Generation Succeeds.
2024-01-29 18:27:49,511 - Victim node is 2424.
2024-01-29 18:27:49,512 - tensor([3383, 5449, 7362], device='cuda:0')
2024-01-29 18:27:49,512 - Classification Succeeds.
2024-01-29 18:27:49,512 - Link Generation Fails.
2024-01-29 18:28:18,337 - Victim node is 7489.
2024-01-29 18:28:18,337 - tensor([3383, 6130, 7620], device='cuda:0')
2024-01-29 18:28:18,338 - Classification Succeeds.
2024-01-29 18:28:18,338 - Link Generation Fails.
2024-01-29 18:28:47,086 - Victim node is 4318.
2024-01-29 18:28:47,086 - tensor([1703, 6190, 7069], device='cuda:0')
2024-01-29 18:28:47,086 - Classification Fails.
2024-01-29 18:28:47,087 - Link Generation Fails.
2024-01-29 18:29:15,934 - Victim node is 1009.
2024-01-29 18:29:15,936 - tensor([4646, 6433, 7620], device='cuda:0')
2024-01-29 18:29:15,936 - Classification Succeeds.
2024-01-29 18:29:15,936 - Link Generation Fails.
2024-01-29 18:29:44,494 - Victim node is 2008.
2024-01-29 18:29:44,494 - tensor([6130, 7460, 7620], device='cuda:0')
2024-01-29 18:29:44,494 - Classification Succeeds.
2024-01-29 18:29:44,495 - Link Generation Fails.
2024-01-29 18:30:13,665 - Victim node is 5533.
2024-01-29 18:30:13,665 - tensor([2260, 4663, 6130], device='cuda:0')
2024-01-29 18:30:13,666 - Classification Succeeds.
2024-01-29 18:30:13,666 - Link Generation Fails.
2024-01-29 18:30:45,549 - Victim node is 4590.
2024-01-29 18:30:45,549 - tensor([2239, 7960, 8711], device='cuda:0')
2024-01-29 18:30:45,549 - Classification Succeeds.
2024-01-29 18:30:45,549 - Link Generation Succeeds.
2024-01-29 18:31:14,183 - Victim node is 2177.
2024-01-29 18:31:14,183 - tensor([3383, 3843, 6433], device='cuda:0')
2024-01-29 18:31:14,183 - Classification Succeeds.
2024-01-29 18:31:14,183 - Link Generation Fails.
2024-01-29 18:31:42,762 - Victim node is 3420.
2024-01-29 18:31:42,762 - tensor([2923, 7460, 7542], device='cuda:0')
2024-01-29 18:31:42,763 - Classification Succeeds.
2024-01-29 18:31:42,763 - Link Generation Fails.
2024-01-29 18:32:42,907 - Victim node is 4162.
2024-01-29 18:32:42,907 - tensor([ 593, 4376, 8758], device='cuda:0')
2024-01-29 18:32:42,908 - Classification Succeeds.
2024-01-29 18:32:42,908 - Link Generation Succeeds.
2024-01-29 18:34:06,462 - Victim node is 1610.
2024-01-29 18:34:06,462 - tensor([ 593, 2198, 8329], device='cuda:0')
2024-01-29 18:34:06,462 - Classification Succeeds.
2024-01-29 18:34:06,462 - Link Generation Succeeds.
2024-01-29 18:35:55,295 - Victim node is 2042.
2024-01-29 18:35:55,295 - tensor([ 593, 6702, 8259], device='cuda:0')
2024-01-29 18:35:55,296 - Classification Succeeds.
2024-01-29 18:35:55,296 - Link Generation Succeeds.
2024-01-29 18:36:24,189 - Victim node is 5480.
2024-01-29 18:36:24,189 - tensor([2144, 6662, 7542], device='cuda:0')
2024-01-29 18:36:24,189 - Classification Succeeds.
2024-01-29 18:36:24,189 - Link Generation Fails.
2024-01-29 18:36:53,785 - Victim node is 7016.
2024-01-29 18:36:53,785 - tensor([4646, 6279, 7620], device='cuda:0')
2024-01-29 18:36:53,785 - Classification Succeeds.
2024-01-29 18:36:53,786 - Link Generation Fails.
2024-01-29 18:37:25,404 - Victim node is 2371.
2024-01-29 18:37:25,405 - tensor([ 593, 2198, 2239], device='cuda:0')
2024-01-29 18:37:25,405 - Classification Succeeds.
2024-01-29 18:37:25,405 - Link Generation Fails.
2024-01-29 18:37:55,802 - Victim node is 4913.
2024-01-29 18:37:55,802 - tensor([2198, 2239, 4376], device='cuda:0')
2024-01-29 18:37:55,802 - Classification Succeeds.
2024-01-29 18:37:55,802 - Link Generation Fails.
2024-01-29 18:40:12,699 - Victim node is 4479.
2024-01-29 18:40:12,699 - tensor([6702, 7870, 8441], device='cuda:0')
2024-01-29 18:40:12,699 - Classification Succeeds.
2024-01-29 18:40:12,699 - Link Generation Succeeds.
2024-01-29 18:40:43,715 - Victim node is 5283.
2024-01-29 18:40:43,715 - tensor([3231, 4663, 7620], device='cuda:0')
2024-01-29 18:40:43,715 - Classification Succeeds.
2024-01-29 18:40:43,715 - Link Generation Fails.
2024-01-29 18:41:15,363 - Victim node is 3124.
2024-01-29 18:41:15,363 - tensor([ 593, 2198, 4376], device='cuda:0')
2024-01-29 18:41:15,364 - Classification Succeeds.
2024-01-29 18:41:15,364 - Link Generation Fails.
2024-01-29 18:41:44,630 - Victim node is 4178.
2024-01-29 18:41:44,630 - tensor([ 593, 2198, 2239], device='cuda:0')
2024-01-29 18:41:44,630 - Classification Succeeds.
2024-01-29 18:41:44,631 - Link Generation Fails.
2024-01-29 18:42:14,235 - Victim node is 2678.
2024-01-29 18:42:14,235 - tensor([ 593, 2198, 2239], device='cuda:0')
2024-01-29 18:42:14,236 - Classification Succeeds.
2024-01-29 18:42:14,236 - Link Generation Fails.
2024-01-29 18:43:14,546 - Victim node is 2336.
2024-01-29 18:43:14,546 - tensor([7795, 7963, 8742], device='cuda:0')
2024-01-29 18:43:14,547 - Classification Succeeds.
2024-01-29 18:43:14,547 - Link Generation Succeeds.
2024-01-29 18:43:43,542 - Victim node is 6334.
2024-01-29 18:43:43,542 - tensor([4237, 7460, 7620], device='cuda:0')
2024-01-29 18:43:43,542 - Classification Succeeds.
2024-01-29 18:43:43,542 - Link Generation Fails.
2024-01-29 18:44:12,940 - Victim node is 961.
2024-01-29 18:44:12,940 - tensor([7653, 7659, 7667], device='cuda:0')
2024-01-29 18:44:12,941 - Classification Succeeds.
2024-01-29 18:44:12,941 - Link Generation Succeeds.
2024-01-29 18:44:42,433 - Victim node is 4079.
2024-01-29 18:44:42,433 - tensor([4663, 6130, 7620], device='cuda:0')
2024-01-29 18:44:42,434 - Classification Succeeds.
2024-01-29 18:44:42,434 - Link Generation Fails.
2024-01-29 18:45:11,594 - Victim node is 189.
2024-01-29 18:45:11,594 - tensor([2198, 2239, 4376], device='cuda:0')
2024-01-29 18:45:11,595 - Classification Succeeds.
2024-01-29 18:45:11,595 - Link Generation Fails.
2024-01-29 18:45:40,788 - Victim node is 812.
2024-01-29 18:45:40,788 - tensor([1136, 5526, 6962], device='cuda:0')
2024-01-29 18:45:40,789 - Classification Succeeds.
2024-01-29 18:45:40,789 - Link Generation Fails.
2024-01-29 18:46:10,265 - Victim node is 5771.
2024-01-29 18:46:10,265 - tensor([ 526, 2278, 3578], device='cuda:0')
2024-01-29 18:46:10,265 - Classification Succeeds.
2024-01-29 18:46:10,265 - Link Generation Fails.
2024-01-29 18:48:16,965 - Victim node is 6968.
2024-01-29 18:48:16,966 - tensor([4384, 8392, 8406], device='cuda:0')
2024-01-29 18:48:16,966 - Classification Succeeds.
2024-01-29 18:48:16,966 - Link Generation Succeeds.
2024-01-29 18:49:20,824 - Victim node is 1665.
2024-01-29 18:49:20,824 - tensor([ 593, 2239, 8312], device='cuda:0')
2024-01-29 18:49:20,825 - Classification Succeeds.
2024-01-29 18:49:20,825 - Link Generation Succeeds.
2024-01-29 18:51:32,568 - Victim node is 7174.
2024-01-29 18:51:32,568 - tensor([2239, 4376, 8356], device='cuda:0')
2024-01-29 18:51:32,569 - Classification Succeeds.
2024-01-29 18:51:32,569 - Link Generation Succeeds.
2024-01-29 18:53:21,837 - Victim node is 4194.
2024-01-29 18:53:21,837 - tensor([2198, 8825, 8846], device='cuda:0')
2024-01-29 18:53:21,838 - Classification Succeeds.
2024-01-29 18:53:21,838 - Link Generation Succeeds.
2024-01-29 18:53:50,791 - Victim node is 4118.
2024-01-29 18:53:50,792 - tensor([ 593, 2198, 2239], device='cuda:0')
2024-01-29 18:53:50,792 - Classification Succeeds.
2024-01-29 18:53:50,792 - Link Generation Fails.
2024-01-29 18:54:51,594 - Victim node is 7477.
2024-01-29 18:54:51,594 - tensor([2239, 7976, 8819], device='cuda:0')
2024-01-29 18:54:51,595 - Classification Succeeds.
2024-01-29 18:54:51,595 - Link Generation Succeeds.
2024-01-29 18:55:20,551 - Victim node is 5628.
2024-01-29 18:55:20,552 - tensor([ 593, 2198, 2239], device='cuda:0')
2024-01-29 18:55:20,552 - Classification Fails.
2024-01-29 18:55:20,552 - Link Generation Fails.
2024-01-29 18:55:49,769 - Victim node is 6842.
2024-01-29 18:55:49,769 - tensor([ 593, 2198, 2239], device='cuda:0')
2024-01-29 18:55:49,769 - Classification Succeeds.
2024-01-29 18:55:49,769 - Link Generation Fails.
2024-01-29 18:56:18,615 - Victim node is 2928.
2024-01-29 18:56:18,615 - tensor([1759, 2250, 3383], device='cuda:0')
2024-01-29 18:56:18,615 - Classification Succeeds.
2024-01-29 18:56:18,615 - Link Generation Fails.
2024-01-29 18:56:47,902 - Victim node is 3509.
2024-01-29 18:56:47,902 - tensor([2198, 2239, 4376], device='cuda:0')
2024-01-29 18:56:47,904 - Classification Succeeds.
2024-01-29 18:56:47,904 - Link Generation Fails.
2024-01-29 18:57:19,256 - Victim node is 6854.
2024-01-29 18:57:19,256 - tensor([2198, 8350, 8682], device='cuda:0')
2024-01-29 18:57:19,256 - Classification Fails.
2024-01-29 18:57:19,256 - Link Generation Succeeds.
2024-01-29 18:58:20,749 - Victim node is 4303.
2024-01-29 18:58:20,749 - tensor([ 593, 2198, 8826], device='cuda:0')
2024-01-29 18:58:20,749 - Classification Succeeds.
2024-01-29 18:58:20,749 - Link Generation Succeeds.
2024-01-29 19:00:17,237 - Victim node is 3462.
2024-01-29 19:00:17,237 - tensor([7796, 7968, 8769], device='cuda:0')
2024-01-29 19:00:17,238 - Classification Succeeds.
2024-01-29 19:00:17,238 - Link Generation Succeeds.
2024-01-29 19:00:49,363 - Victim node is 6578.
2024-01-29 19:00:49,364 - tensor([ 593, 2198, 6702], device='cuda:0')
2024-01-29 19:00:49,364 - Classification Succeeds.
2024-01-29 19:00:49,364 - Link Generation Fails.
2024-01-29 19:01:18,036 - Victim node is 1728.
2024-01-29 19:01:18,036 - tensor([1599, 2144, 6190], device='cuda:0')
2024-01-29 19:01:18,037 - Classification Succeeds.
2024-01-29 19:01:18,037 - Link Generation Fails.
2024-01-29 19:01:46,820 - Victim node is 6329.
2024-01-29 19:01:46,820 - tensor([3383, 6433, 7620], device='cuda:0')
2024-01-29 19:01:46,821 - Classification Succeeds.
2024-01-29 19:01:46,821 - Link Generation Fails.
2024-01-29 19:02:16,270 - Victim node is 688.
2024-01-29 19:02:16,270 - tensor([5875, 6130, 7620], device='cuda:0')
2024-01-29 19:02:16,270 - Classification Succeeds.
2024-01-29 19:02:16,271 - Link Generation Fails.
2024-01-29 19:02:45,254 - Victim node is 7515.
2024-01-29 19:02:45,254 - tensor([3383, 3780, 7620], device='cuda:0')
2024-01-29 19:02:45,254 - Classification Succeeds.
2024-01-29 19:02:45,254 - Link Generation Fails.
2024-01-29 19:03:16,346 - Victim node is 5616.
2024-01-29 19:03:16,346 - tensor([4663, 6130, 7620], device='cuda:0')
2024-01-29 19:03:16,346 - Classification Succeeds.
2024-01-29 19:03:16,346 - Link Generation Fails.
2024-01-29 19:04:16,257 - Victim node is 3282.
2024-01-29 19:04:16,259 - tensor([ 593, 8024, 8756], device='cuda:0')
2024-01-29 19:04:16,259 - Classification Succeeds.
2024-01-29 19:04:16,259 - Link Generation Succeeds.
2024-01-29 19:04:45,022 - Victim node is 454.
2024-01-29 19:04:45,022 - tensor([4646, 6068, 7620], device='cuda:0')
2024-01-29 19:04:45,022 - Classification Succeeds.
2024-01-29 19:04:45,022 - Link Generation Fails.
2024-01-29 19:07:02,368 - Victim node is 6354.
2024-01-29 19:07:02,368 - tensor([6702, 8404, 8419], device='cuda:0')
2024-01-29 19:07:02,369 - Classification Succeeds.
2024-01-29 19:07:02,369 - Link Generation Succeeds.
2024-01-29 19:07:40,419 - Victim node is 2483.
2024-01-29 19:07:40,419 - tensor([6130, 7460, 7659], device='cuda:0')
2024-01-29 19:07:40,419 - Classification Succeeds.
2024-01-29 19:07:40,420 - Link Generation Succeeds.
2024-01-29 19:08:09,640 - Victim node is 2161.
2024-01-29 19:08:09,640 - tensor([1759, 2260, 4666], device='cuda:0')
2024-01-29 19:08:09,641 - Classification Succeeds.
2024-01-29 19:08:09,641 - Link Generation Fails.
2024-01-29 19:08:38,945 - Victim node is 6206.
2024-01-29 19:08:38,945 - tensor([3780, 6190, 7542], device='cuda:0')
2024-01-29 19:08:38,947 - Classification Succeeds.
2024-01-29 19:08:38,947 - Link Generation Fails.
2024-01-29 19:09:08,065 - Victim node is 7263.
2024-01-29 19:09:08,065 - tensor([4646, 6433, 7620], device='cuda:0')
2024-01-29 19:09:08,067 - Classification Succeeds.
2024-01-29 19:09:08,067 - Link Generation Fails.
2024-01-29 19:09:37,189 - Victim node is 5715.
2024-01-29 19:09:37,189 - tensor([7651, 7653, 7679], device='cuda:0')
2024-01-29 19:09:37,190 - Classification Fails.
2024-01-29 19:09:37,190 - Link Generation Succeeds.
2024-01-29 19:10:06,438 - Victim node is 4555.
2024-01-29 19:10:06,438 - tensor([2198, 2239, 4376], device='cuda:0')
2024-01-29 19:10:06,439 - Classification Succeeds.
2024-01-29 19:10:06,439 - Link Generation Fails.
2024-01-29 19:10:35,357 - Victim node is 6025.
2024-01-29 19:10:35,357 - tensor([ 481, 4663, 6130], device='cuda:0')
2024-01-29 19:10:35,357 - Classification Succeeds.
2024-01-29 19:10:35,357 - Link Generation Fails.
2024-01-29 19:11:03,818 - Victim node is 7318.
2024-01-29 19:11:03,818 - tensor([2198, 2239, 4805], device='cuda:0')
2024-01-29 19:11:03,819 - Classification Fails.
2024-01-29 19:11:03,819 - Link Generation Fails.
2024-01-29 19:11:59,012 - Victim node is 3514.
2024-01-29 19:11:59,013 - tensor([7822, 8284, 8934], device='cuda:0')
2024-01-29 19:11:59,013 - Classification Succeeds.
2024-01-29 19:11:59,013 - Link Generation Succeeds.
2024-01-29 19:12:30,103 - Victim node is 6344.
2024-01-29 19:12:30,103 - tensor([ 932, 4237, 7460], device='cuda:0')
2024-01-29 19:12:30,103 - Classification Succeeds.
2024-01-29 19:12:30,104 - Link Generation Fails.
2024-01-29 19:12:58,785 - Victim node is 130.
2024-01-29 19:12:58,785 - tensor([3383, 6499, 7542], device='cuda:0')
2024-01-29 19:12:58,785 - Classification Succeeds.
2024-01-29 19:12:58,785 - Link Generation Fails.
2024-01-29 19:13:27,411 - Victim node is 6520.
2024-01-29 19:13:27,411 - tensor([2090, 6433, 7620], device='cuda:0')
2024-01-29 19:13:27,411 - Classification Succeeds.
2024-01-29 19:13:27,411 - Link Generation Fails.
2024-01-29 19:13:56,173 - Victim node is 4777.
2024-01-29 19:13:56,173 - tensor([4628, 4906, 6433], device='cuda:0')
2024-01-29 19:13:56,174 - Classification Succeeds.
2024-01-29 19:13:56,174 - Link Generation Fails.
2024-01-29 19:14:27,447 - Victim node is 4473.
2024-01-29 19:14:27,447 - tensor([2198, 4805, 7620], device='cuda:0')
2024-01-29 19:14:27,448 - Classification Fails.
2024-01-29 19:14:27,448 - Link Generation Fails.
2024-01-29 19:14:56,399 - Victim node is 5017.
2024-01-29 19:14:56,399 - tensor([6190, 7542, 7681], device='cuda:0')
2024-01-29 19:14:56,399 - Classification Fails.
2024-01-29 19:14:56,399 - Link Generation Succeeds.
2024-01-29 19:15:27,351 - Victim node is 5561.
2024-01-29 19:15:27,351 - tensor([ 593, 2198, 4376], device='cuda:0')
2024-01-29 19:15:27,352 - Classification Succeeds.
2024-01-29 19:15:27,352 - Link Generation Fails.
2024-01-29 19:15:56,494 - Victim node is 4635.
2024-01-29 19:15:56,494 - tensor([2584, 6190, 7177], device='cuda:0')
2024-01-29 19:15:56,494 - Classification Fails.
2024-01-29 19:15:56,494 - Link Generation Fails.
2024-01-29 19:16:25,244 - Victim node is 4137.
2024-01-29 19:16:25,244 - tensor([1600, 6130, 7620], device='cuda:0')
2024-01-29 19:16:25,244 - Classification Succeeds.
2024-01-29 19:16:25,244 - Link Generation Fails.
2024-01-29 19:16:54,121 - Victim node is 642.
2024-01-29 19:16:54,121 - tensor([1600, 6190, 6279], device='cuda:0')
2024-01-29 19:16:54,121 - Classification Succeeds.
2024-01-29 19:16:54,121 - Link Generation Fails.
2024-01-29 19:17:22,468 - Victim node is 5192.
2024-01-29 19:17:22,468 - tensor([  16, 6190, 7505], device='cuda:0')
2024-01-29 19:17:22,468 - Classification Succeeds.
2024-01-29 19:17:22,468 - Link Generation Fails.
2024-01-29 19:17:50,896 - Victim node is 6351.
2024-01-29 19:17:50,896 - tensor([1759, 2260, 4666], device='cuda:0')
2024-01-29 19:17:50,896 - Classification Succeeds.
2024-01-29 19:17:50,896 - Link Generation Fails.
2024-01-29 19:18:19,767 - Victim node is 520.
2024-01-29 19:18:19,767 - tensor([1374, 5449, 7620], device='cuda:0')
2024-01-29 19:18:19,768 - Classification Succeeds.
2024-01-29 19:18:19,768 - Link Generation Fails.
2024-01-29 19:18:51,477 - Victim node is 7180.
2024-01-29 19:18:51,477 - tensor([2198, 7778, 8622], device='cuda:0')
2024-01-29 19:18:51,478 - Classification Succeeds.
2024-01-29 19:18:51,478 - Link Generation Succeeds.
2024-01-29 19:19:19,882 - Victim node is 6506.
2024-01-29 19:19:19,882 - tensor([ 593, 2198, 2239], device='cuda:0')
2024-01-29 19:19:19,883 - Classification Succeeds.
2024-01-29 19:19:19,883 - Link Generation Fails.
2024-01-29 19:19:48,254 - Victim node is 1806.
2024-01-29 19:19:48,255 - tensor([6130, 6499, 7620], device='cuda:0')
2024-01-29 19:19:48,255 - Classification Succeeds.
2024-01-29 19:19:48,255 - Link Generation Fails.
2024-01-29 19:20:49,360 - Victim node is 6990.
2024-01-29 19:20:49,360 - tensor([ 593, 2239, 8242], device='cuda:0')
2024-01-29 19:20:49,360 - Classification Succeeds.
2024-01-29 19:20:49,360 - Link Generation Succeeds.
2024-01-29 19:21:19,188 - Victim node is 4370.
2024-01-29 19:21:19,188 - tensor([6130, 7460, 7620], device='cuda:0')
2024-01-29 19:21:19,189 - Classification Succeeds.
2024-01-29 19:21:19,189 - Link Generation Fails.
2024-01-29 19:21:48,294 - Victim node is 5570.
2024-01-29 19:21:48,294 - tensor([5449, 6130, 7620], device='cuda:0')
2024-01-29 19:21:48,294 - Classification Succeeds.
2024-01-29 19:21:48,294 - Link Generation Fails.
2024-01-29 19:22:19,580 - Victim node is 5197.
2024-01-29 19:22:19,580 - tensor([ 593, 2198, 7771], device='cuda:0')
2024-01-29 19:22:19,580 - Classification Fails.
2024-01-29 19:22:19,580 - Link Generation Succeeds.
2024-01-29 19:22:48,750 - Victim node is 5540.
2024-01-29 19:22:48,751 - tensor([2198, 2239, 4376], device='cuda:0')
2024-01-29 19:22:48,751 - Classification Succeeds.
2024-01-29 19:22:48,751 - Link Generation Fails.
2024-01-29 19:23:17,111 - Victim node is 7062.
2024-01-29 19:23:17,111 - tensor([4646, 6433, 7620], device='cuda:0')
2024-01-29 19:23:17,111 - Classification Succeeds.
2024-01-29 19:23:17,111 - Link Generation Fails.
2024-01-29 19:23:46,361 - Victim node is 428.
2024-01-29 19:23:46,361 - tensor([3383, 7362, 7620], device='cuda:0')
2024-01-29 19:23:46,361 - Classification Succeeds.
2024-01-29 19:23:46,361 - Link Generation Fails.
2024-01-29 19:24:15,883 - Victim node is 7273.
2024-01-29 19:24:15,883 - tensor([2923, 7542, 7574], device='cuda:0')
2024-01-29 19:24:15,883 - Classification Succeeds.
2024-01-29 19:24:15,883 - Link Generation Fails.
2024-01-29 19:24:45,934 - Victim node is 4043.
2024-01-29 19:24:45,934 - tensor([ 526, 3578, 4805], device='cuda:0')
2024-01-29 19:24:45,934 - Classification Succeeds.
2024-01-29 19:24:45,934 - Link Generation Fails.
2024-01-29 19:25:54,469 - Victim node is 3545.
2024-01-29 19:25:54,469 - tensor([ 593, 2239, 8318], device='cuda:0')
2024-01-29 19:25:54,469 - Classification Fails.
2024-01-29 19:25:54,470 - Link Generation Succeeds.
2024-01-29 19:26:42,906 - Victim node is 4450.
2024-01-29 19:26:42,906 - tensor([ 593, 6702, 8742], device='cuda:0')
2024-01-29 19:26:42,907 - Classification Succeeds.
2024-01-29 19:26:42,907 - Link Generation Succeeds.
2024-01-29 19:27:12,736 - Victim node is 1543.
2024-01-29 19:27:12,736 - tensor([1374, 5449, 6279], device='cuda:0')
2024-01-29 19:27:12,736 - Classification Succeeds.
2024-01-29 19:27:12,736 - Link Generation Fails.
2024-01-29 19:27:42,334 - Victim node is 4288.
2024-01-29 19:27:42,334 - tensor([2923, 6190, 7542], device='cuda:0')
2024-01-29 19:27:42,335 - Classification Succeeds.
2024-01-29 19:27:42,335 - Link Generation Fails.
2024-01-29 19:28:12,390 - Victim node is 6435.
2024-01-29 19:28:12,390 - tensor([2584, 7177, 7651], device='cuda:0')
2024-01-29 19:28:12,390 - Classification Succeeds.
2024-01-29 19:28:12,390 - Link Generation Succeeds.
2024-01-29 19:28:44,418 - Victim node is 4044.
2024-01-29 19:28:44,418 - tensor([7924, 8678, 8862], device='cuda:0')
2024-01-29 19:28:44,418 - Classification Fails.
2024-01-29 19:28:44,418 - Link Generation Succeeds.
2024-01-29 19:29:14,058 - Victim node is 2449.
2024-01-29 19:29:14,058 - tensor([4646, 6279, 6433], device='cuda:0')
2024-01-29 19:29:14,059 - Classification Succeeds.
2024-01-29 19:29:14,059 - Link Generation Fails.
2024-01-29 19:29:45,670 - Victim node is 2060.
2024-01-29 19:29:45,670 - tensor([ 593, 2198, 8684], device='cuda:0')
2024-01-29 19:29:45,670 - Classification Succeeds.
2024-01-29 19:29:45,670 - Link Generation Succeeds.
2024-01-29 19:30:15,851 - Victim node is 783.
2024-01-29 19:30:15,851 - tensor([7620, 7704, 7870], device='cuda:0')
2024-01-29 19:30:15,852 - Classification Fails.
2024-01-29 19:30:15,852 - Link Generation Succeeds.
2024-01-29 19:30:45,845 - Victim node is 3778.
2024-01-29 19:30:45,845 - tensor([1968, 2278, 4119], device='cuda:0')
2024-01-29 19:30:45,845 - Classification Succeeds.
2024-01-29 19:30:45,845 - Link Generation Fails.
2024-01-29 19:31:15,470 - Victim node is 644.
2024-01-29 19:31:15,470 - tensor([ 593, 2198, 2239], device='cuda:0')
2024-01-29 19:31:15,470 - Classification Succeeds.
2024-01-29 19:31:15,470 - Link Generation Fails.
2024-01-29 19:31:45,139 - Victim node is 1454.
2024-01-29 19:31:45,139 - tensor([4663, 6130, 7620], device='cuda:0')
2024-01-29 19:31:45,139 - Classification Succeeds.
2024-01-29 19:31:45,139 - Link Generation Fails.
2024-01-29 19:32:17,116 - Victim node is 6303.
2024-01-29 19:32:17,116 - tensor([2198, 4376, 6702], device='cuda:0')
2024-01-29 19:32:17,117 - Classification Succeeds.
2024-01-29 19:32:17,117 - Link Generation Fails.
2024-01-29 19:32:47,234 - Victim node is 3059.
2024-01-29 19:32:47,234 - tensor([ 593, 2198, 6702], device='cuda:0')
2024-01-29 19:32:47,234 - Classification Fails.
2024-01-29 19:32:47,234 - Link Generation Fails.
2024-01-29 19:33:19,111 - Victim node is 6448.
2024-01-29 19:33:19,112 - tensor([ 593, 2198, 6702], device='cuda:0')
2024-01-29 19:33:19,112 - Classification Succeeds.
2024-01-29 19:33:19,112 - Link Generation Fails.
2024-01-29 19:33:51,109 - Victim node is 5637.
2024-01-29 19:33:51,109 - tensor([4376, 4384, 8628], device='cuda:0')
2024-01-29 19:33:51,109 - Classification Succeeds.
2024-01-29 19:33:51,109 - Link Generation Succeeds.
2024-01-29 19:34:23,095 - Victim node is 306.
2024-01-29 19:34:23,095 - tensor([ 593, 2198, 2239], device='cuda:0')
2024-01-29 19:34:23,095 - Classification Succeeds.
2024-01-29 19:34:23,095 - Link Generation Fails.
2024-01-29 19:34:55,419 - Victim node is 4700.
2024-01-29 19:34:55,419 - tensor([7933, 8604, 8786], device='cuda:0')
2024-01-29 19:34:55,420 - Classification Fails.
2024-01-29 19:34:55,420 - Link Generation Succeeds.
2024-01-29 19:35:25,248 - Victim node is 1791.
2024-01-29 19:35:25,250 - tensor([4663, 6279, 7620], device='cuda:0')
2024-01-29 19:35:25,250 - Classification Succeeds.
2024-01-29 19:35:25,250 - Link Generation Fails.
2024-01-29 19:35:57,189 - Victim node is 4448.
2024-01-29 19:35:57,190 - tensor([ 593, 2198, 8007], device='cuda:0')
2024-01-29 19:35:57,190 - Classification Fails.
2024-01-29 19:35:57,190 - Link Generation Succeeds.
2024-01-29 19:36:26,651 - Victim node is 5387.
2024-01-29 19:36:26,651 - tensor([4646, 6130, 7620], device='cuda:0')
2024-01-29 19:36:26,651 - Classification Succeeds.
2024-01-29 19:36:26,651 - Link Generation Fails.
2024-01-29 19:36:56,131 - Victim node is 786.
2024-01-29 19:36:56,131 - tensor([ 593, 2198, 2239], device='cuda:0')
2024-01-29 19:36:56,132 - Classification Succeeds.
2024-01-29 19:36:56,132 - Link Generation Fails.
2024-01-29 19:37:25,561 - Victim node is 1696.
2024-01-29 19:37:25,561 - tensor([2198, 2239, 4376], device='cuda:0')
2024-01-29 19:37:25,561 - Classification Succeeds.
2024-01-29 19:37:25,562 - Link Generation Fails.
2024-01-29 19:37:55,470 - Victim node is 2259.
2024-01-29 19:37:55,471 - tensor([1374, 5472, 7620], device='cuda:0')
2024-01-29 19:37:55,471 - Classification Succeeds.
2024-01-29 19:37:55,471 - Link Generation Fails.
2024-01-29 19:39:01,862 - Victim node is 7352.
2024-01-29 19:39:01,862 - tensor([2239, 8267, 9013], device='cuda:0')
2024-01-29 19:39:01,862 - Classification Succeeds.
2024-01-29 19:39:01,862 - Link Generation Succeeds.
2024-01-29 19:39:34,175 - Victim node is 4392.
2024-01-29 19:39:34,175 - tensor([ 593, 2198, 6702], device='cuda:0')
2024-01-29 19:39:34,176 - Classification Succeeds.
2024-01-29 19:39:34,176 - Link Generation Fails.
2024-01-29 19:40:03,729 - Victim node is 5996.
2024-01-29 19:40:03,730 - tensor([ 564, 6190, 7542], device='cuda:0')
2024-01-29 19:40:03,730 - Classification Succeeds.
2024-01-29 19:40:03,730 - Link Generation Fails.
2024-01-29 19:41:14,004 - Victim node is 2010.
2024-01-29 19:41:14,004 - tensor([7848, 8354, 8367], device='cuda:0')
2024-01-29 19:41:14,004 - Classification Succeeds.
2024-01-29 19:41:14,004 - Link Generation Succeeds.
2024-01-29 19:41:45,688 - Victim node is 2988.
2024-01-29 19:41:45,688 - tensor([ 593, 2198, 2239], device='cuda:0')
2024-01-29 19:41:45,689 - Classification Succeeds.
2024-01-29 19:41:45,689 - Link Generation Fails.
2024-01-29 19:44:12,644 - Victim node is 5772.
2024-01-29 19:44:12,645 - tensor([ 593, 8428, 8443], device='cuda:0')
2024-01-29 19:44:12,645 - Classification Succeeds.
2024-01-29 19:44:12,645 - Link Generation Succeeds.
2024-01-29 19:45:11,011 - Victim node is 1253.
2024-01-29 19:45:11,011 - tensor([ 593, 2198, 2239], device='cuda:0')
2024-01-29 19:45:11,011 - Classification Succeeds.
2024-01-29 19:45:11,011 - Link Generation Fails.
2024-01-29 19:45:47,580 - Victim node is 6734.
2024-01-29 19:45:47,581 - tensor([  16, 3383, 7620], device='cuda:0')
2024-01-29 19:45:47,581 - Classification Succeeds.
2024-01-29 19:45:47,581 - Link Generation Fails.
2024-01-29 19:46:15,872 - Victim node is 385.
2024-01-29 19:46:15,872 - tensor([ 932, 3383, 7460], device='cuda:0')
2024-01-29 19:46:15,873 - Classification Succeeds.
2024-01-29 19:46:15,873 - Link Generation Fails.
2024-01-29 19:46:43,799 - Victim node is 5491.
2024-01-29 19:46:43,799 - tensor([7685, 7696, 7717], device='cuda:0')
2024-01-29 19:46:43,799 - Classification Succeeds.
2024-01-29 19:46:43,799 - Link Generation Succeeds.
2024-01-29 19:47:11,741 - Victim node is 2990.
2024-01-29 19:47:11,741 - tensor([3200, 3383, 7620], device='cuda:0')
2024-01-29 19:47:11,742 - Classification Succeeds.
2024-01-29 19:47:11,742 - Link Generation Fails.
2024-01-29 19:47:42,135 - Victim node is 2610.
2024-01-29 19:47:42,135 - tensor([ 593, 2198, 2239], device='cuda:0')
2024-01-29 19:47:42,135 - Classification Succeeds.
2024-01-29 19:47:42,135 - Link Generation Fails.
2024-01-29 19:48:10,918 - Victim node is 3304.
2024-01-29 19:48:10,918 - tensor([7773, 7957, 8608], device='cuda:0')
2024-01-29 19:48:10,919 - Classification Fails.
2024-01-29 19:48:10,919 - Link Generation Succeeds.
2024-01-29 19:48:39,487 - Victim node is 6194.
2024-01-29 19:48:39,487 - tensor([4663, 6130, 7620], device='cuda:0')
2024-01-29 19:48:39,488 - Classification Succeeds.
2024-01-29 19:48:39,488 - Link Generation Fails.
2024-01-29 19:49:34,815 - Victim node is 6673.
2024-01-29 19:49:34,815 - tensor([2239, 4376, 7808], device='cuda:0')
2024-01-29 19:49:34,816 - Classification Succeeds.
2024-01-29 19:49:34,816 - Link Generation Succeeds.
2024-01-29 19:50:03,294 - Victim node is 175.
2024-01-29 19:50:03,294 - tensor([ 593, 2198, 6702], device='cuda:0')
2024-01-29 19:50:03,294 - Classification Fails.
2024-01-29 19:50:03,294 - Link Generation Fails.
2024-01-29 19:50:32,191 - Victim node is 7027.
2024-01-29 19:50:32,191 - tensor([3383, 6190, 6499], device='cuda:0')
2024-01-29 19:50:32,192 - Classification Succeeds.
2024-01-29 19:50:32,192 - Link Generation Fails.
2024-01-29 19:51:35,209 - Victim node is 2856.
2024-01-29 19:51:35,209 - tensor([ 593, 2239, 8728], device='cuda:0')
2024-01-29 19:51:35,210 - Classification Succeeds.
2024-01-29 19:51:35,210 - Link Generation Succeeds.
2024-01-29 19:52:05,039 - Victim node is 4753.
2024-01-29 19:52:05,039 - tensor([  16, 6190, 7505], device='cuda:0')
2024-01-29 19:52:05,039 - Classification Fails.
2024-01-29 19:52:05,039 - Link Generation Fails.
2024-01-29 19:52:33,990 - Victim node is 4762.
2024-01-29 19:52:33,990 - tensor([2198, 3578, 4805], device='cuda:0')
2024-01-29 19:52:33,992 - Classification Succeeds.
2024-01-29 19:52:33,992 - Link Generation Fails.
2024-01-29 19:53:02,964 - Victim node is 7015.
2024-01-29 19:53:02,964 - tensor([1600, 6130, 7620], device='cuda:0')
2024-01-29 19:53:02,964 - Classification Succeeds.
2024-01-29 19:53:02,965 - Link Generation Fails.
2024-01-29 19:54:04,181 - Victim node is 527.
2024-01-29 19:54:04,181 - tensor([2239, 8266, 8278], device='cuda:0')
2024-01-29 19:54:04,182 - Classification Succeeds.
2024-01-29 19:54:04,182 - Link Generation Succeeds.
2024-01-29 19:54:33,257 - Victim node is 3329.
2024-01-29 19:54:33,257 - tensor([2198, 2239, 4376], device='cuda:0')
2024-01-29 19:54:33,257 - Classification Succeeds.
2024-01-29 19:54:33,258 - Link Generation Fails.
2024-01-29 19:55:42,909 - Victim node is 358.
2024-01-29 19:55:42,909 - tensor([2239, 4376, 8297], device='cuda:0')
2024-01-29 19:55:42,910 - Classification Succeeds.
2024-01-29 19:55:42,910 - Link Generation Succeeds.
2024-01-29 19:56:15,429 - Victim node is 5695.
2024-01-29 19:56:15,429 - tensor([2198, 8551, 8572], device='cuda:0')
2024-01-29 19:56:15,430 - Classification Fails.
2024-01-29 19:56:15,430 - Link Generation Succeeds.
2024-01-29 19:56:44,043 - Victim node is 122.
2024-01-29 19:56:44,043 - tensor([1155, 5449, 7954], device='cuda:0')
2024-01-29 19:56:44,044 - Classification Succeeds.
2024-01-29 19:56:44,044 - Link Generation Succeeds.
2024-01-29 19:57:12,653 - Victim node is 6227.
2024-01-29 19:57:12,653 - tensor([3231, 6130, 7460], device='cuda:0')
2024-01-29 19:57:12,653 - Classification Succeeds.
2024-01-29 19:57:12,653 - Link Generation Fails.
2024-01-29 19:57:44,258 - Victim node is 6474.
2024-01-29 19:57:44,258 - tensor([ 593, 2198, 4384], device='cuda:0')
2024-01-29 19:57:44,258 - Classification Succeeds.
2024-01-29 19:57:44,258 - Link Generation Fails.
2024-01-29 19:58:12,937 - Victim node is 6102.
2024-01-29 19:58:12,937 - tensor([6130, 7460, 7620], device='cuda:0')
2024-01-29 19:58:12,937 - Classification Succeeds.
2024-01-29 19:58:12,937 - Link Generation Fails.
2024-01-29 19:58:43,618 - Victim node is 2505.
2024-01-29 19:58:43,618 - tensor([2198, 2239, 7620], device='cuda:0')
2024-01-29 19:58:43,618 - Classification Succeeds.
2024-01-29 19:58:43,618 - Link Generation Fails.
2024-01-29 19:59:13,108 - Victim node is 6652.
2024-01-29 19:59:13,108 - tensor([1374, 5449, 7620], device='cuda:0')
2024-01-29 19:59:13,110 - Classification Succeeds.
2024-01-29 19:59:13,110 - Link Generation Fails.
2024-01-29 19:59:42,843 - Victim node is 641.
2024-01-29 19:59:42,843 - tensor([ 593, 2198, 6702], device='cuda:0')
2024-01-29 19:59:42,843 - Classification Succeeds.
2024-01-29 19:59:42,844 - Link Generation Fails.
2024-01-29 20:00:12,869 - Victim node is 752.
2024-01-29 20:00:12,869 - tensor([2198, 2239, 4376], device='cuda:0')
2024-01-29 20:00:12,870 - Classification Fails.
2024-01-29 20:00:12,870 - Link Generation Fails.
2024-01-29 20:00:44,982 - Victim node is 6438.
2024-01-29 20:00:44,982 - tensor([4663, 6130, 7620], device='cuda:0')
2024-01-29 20:00:44,984 - Classification Succeeds.
2024-01-29 20:00:44,984 - Link Generation Fails.
2024-01-29 20:01:16,829 - Victim node is 2186.
2024-01-29 20:01:16,829 - tensor([ 593, 2198, 4376], device='cuda:0')
2024-01-29 20:01:16,830 - Classification Succeeds.
2024-01-29 20:01:16,831 - Link Generation Fails.
2024-01-29 20:01:48,765 - Victim node is 2393.
2024-01-29 20:01:48,765 - tensor([7783, 8657, 8837], device='cuda:0')
2024-01-29 20:01:48,766 - Classification Succeeds.
2024-01-29 20:01:48,766 - Link Generation Succeeds.
2024-01-29 20:02:56,348 - Victim node is 3077.
2024-01-29 20:02:56,348 - tensor([ 593, 2239, 8279], device='cuda:0')
2024-01-29 20:02:56,349 - Classification Fails.
2024-01-29 20:02:56,349 - Link Generation Succeeds.
2024-01-29 20:03:26,936 - Victim node is 2445.
2024-01-29 20:03:26,936 - tensor([2198, 2239, 4376], device='cuda:0')
2024-01-29 20:03:26,937 - Classification Succeeds.
2024-01-29 20:03:26,937 - Link Generation Fails.
2024-01-29 20:03:59,348 - Victim node is 5943.
2024-01-29 20:03:59,348 - tensor([ 593, 2198, 2239], device='cuda:0')
2024-01-29 20:03:59,348 - Classification Succeeds.
2024-01-29 20:03:59,348 - Link Generation Fails.
2024-01-29 20:05:15,887 - Victim node is 6892.
2024-01-29 20:05:15,887 - tensor([7845, 8354, 8368], device='cuda:0')
2024-01-29 20:05:15,888 - Classification Succeeds.
2024-01-29 20:05:15,888 - Link Generation Succeeds.
2024-01-29 20:05:45,938 - Victim node is 3153.
2024-01-29 20:05:45,938 - tensor([4646, 6433, 7620], device='cuda:0')
2024-01-29 20:05:45,939 - Classification Succeeds.
2024-01-29 20:05:45,939 - Link Generation Fails.
2024-01-29 20:06:16,479 - Victim node is 5310.
2024-01-29 20:06:16,479 - tensor([7620, 7912, 7938], device='cuda:0')
2024-01-29 20:06:16,479 - Classification Succeeds.
2024-01-29 20:06:16,479 - Link Generation Succeeds.
2024-01-29 20:09:39,275 - Victim node is 3671.
2024-01-29 20:09:39,276 - tensor([ 593, 8462, 8482], device='cuda:0')
2024-01-29 20:09:39,276 - Classification Succeeds.
2024-01-29 20:09:39,276 - Link Generation Succeeds.
2024-01-29 20:10:09,478 - Victim node is 6386.
2024-01-29 20:10:09,478 - tensor([ 526, 2863, 6909], device='cuda:0')
2024-01-29 20:10:09,479 - Classification Succeeds.
2024-01-29 20:10:09,479 - Link Generation Fails.
2024-01-29 20:10:39,680 - Victim node is 1839.
2024-01-29 20:10:39,680 - tensor([7542, 7699, 7715], device='cuda:0')
2024-01-29 20:10:39,680 - Classification Succeeds.
2024-01-29 20:10:39,680 - Link Generation Succeeds.
2024-01-29 20:11:10,196 - Victim node is 6742.
2024-01-29 20:11:10,196 - tensor([4646, 6433, 7620], device='cuda:0')
2024-01-29 20:11:10,196 - Classification Succeeds.
2024-01-29 20:11:10,196 - Link Generation Fails.
2024-01-29 20:11:40,450 - Victim node is 6950.
2024-01-29 20:11:40,450 - tensor([7673, 7682, 7685], device='cuda:0')
2024-01-29 20:11:40,451 - Classification Succeeds.
2024-01-29 20:11:40,451 - Link Generation Succeeds.
2024-01-29 20:12:10,901 - Victim node is 442.
2024-01-29 20:12:10,901 - tensor([1969, 2090, 4960], device='cuda:0')
2024-01-29 20:12:10,901 - Classification Succeeds.
2024-01-29 20:12:10,902 - Link Generation Fails.
2024-01-29 20:12:41,441 - Victim node is 4663.
2024-01-29 20:12:41,441 - tensor([4646, 6433, 7620], device='cuda:0')
2024-01-29 20:12:41,442 - Classification Succeeds.
2024-01-29 20:12:41,442 - Link Generation Fails.
2024-01-29 20:13:11,574 - Victim node is 6091.
2024-01-29 20:13:11,574 - tensor([ 593, 2198, 2239], device='cuda:0')
2024-01-29 20:13:11,575 - Classification Succeeds.
2024-01-29 20:13:11,575 - Link Generation Fails.
2024-01-29 20:13:41,704 - Victim node is 4838.
2024-01-29 20:13:41,704 - tensor([1759, 2260, 4666], device='cuda:0')
2024-01-29 20:13:41,704 - Classification Succeeds.
2024-01-29 20:13:41,704 - Link Generation Fails.
2024-01-29 20:14:14,100 - Victim node is 1739.
2024-01-29 20:14:14,100 - tensor([ 593, 2198, 2239], device='cuda:0')
2024-01-29 20:14:14,102 - Classification Succeeds.
2024-01-29 20:14:14,102 - Link Generation Fails.
2024-01-29 20:14:44,769 - Victim node is 166.
2024-01-29 20:14:44,769 - tensor([1374, 4663, 7620], device='cuda:0')
2024-01-29 20:14:44,770 - Classification Succeeds.
2024-01-29 20:14:44,770 - Link Generation Fails.
2024-01-29 20:15:15,056 - Victim node is 1983.
2024-01-29 20:15:15,056 - tensor([ 593, 2198, 2239], device='cuda:0')
2024-01-29 20:15:15,056 - Classification Succeeds.
2024-01-29 20:15:15,057 - Link Generation Fails.
2024-01-29 20:15:45,011 - Victim node is 2570.
2024-01-29 20:15:45,011 - tensor([ 526, 2278, 3578], device='cuda:0')
2024-01-29 20:15:45,011 - Classification Fails.
2024-01-29 20:15:45,011 - Link Generation Fails.
2024-01-29 20:16:55,275 - Victim node is 3438.
2024-01-29 20:16:55,275 - tensor([4376, 8342, 8356], device='cuda:0')
2024-01-29 20:16:55,276 - Classification Succeeds.
2024-01-29 20:16:55,276 - Link Generation Succeeds.
2024-01-29 20:17:34,462 - Victim node is 2914.
2024-01-29 20:17:34,462 - tensor([7542, 7698, 7704], device='cuda:0')
2024-01-29 20:17:34,462 - Classification Fails.
2024-01-29 20:17:34,462 - Link Generation Succeeds.
2024-01-29 20:18:07,052 - Victim node is 3189.
2024-01-29 20:18:07,052 - tensor([2198, 7877, 8422], device='cuda:0')
2024-01-29 20:18:07,052 - Classification Fails.
2024-01-29 20:18:07,052 - Link Generation Succeeds.
2024-01-29 20:18:37,175 - Victim node is 7397.
2024-01-29 20:18:37,175 - tensor([4663, 6130, 7620], device='cuda:0')
2024-01-29 20:18:37,175 - Classification Succeeds.
2024-01-29 20:18:37,175 - Link Generation Fails.
2024-01-29 20:19:45,355 - Victim node is 3962.
2024-01-29 20:19:45,355 - tensor([ 593, 2239, 8311], device='cuda:0')
2024-01-29 20:19:45,356 - Classification Succeeds.
2024-01-29 20:19:45,356 - Link Generation Succeeds.
2024-01-29 20:20:29,155 - Victim node is 3920.
2024-01-29 20:20:29,155 - tensor([ 593, 2198, 2239], device='cuda:0')
2024-01-29 20:20:29,156 - Classification Succeeds.
2024-01-29 20:20:29,156 - Link Generation Fails.
2024-01-29 20:21:40,028 - Victim node is 3225.
2024-01-29 20:21:40,028 - tensor([4376, 6702, 8325], device='cuda:0')
2024-01-29 20:21:40,028 - Classification Succeeds.
2024-01-29 20:21:40,028 - Link Generation Succeeds.
2024-01-29 20:22:10,765 - Victim node is 2452.
2024-01-29 20:22:10,766 - tensor([7655, 7666, 7693], device='cuda:0')
2024-01-29 20:22:10,766 - Classification Fails.
2024-01-29 20:22:10,766 - Link Generation Succeeds.
2024-01-29 20:22:40,878 - Victim node is 4789.
2024-01-29 20:22:40,879 - tensor([6190, 7460, 7542], device='cuda:0')
2024-01-29 20:22:40,879 - Classification Succeeds.
2024-01-29 20:22:40,879 - Link Generation Fails.
2024-01-29 20:23:50,159 - Victim node is 3370.
2024-01-29 20:23:50,159 - tensor([2239, 6702, 8352], device='cuda:0')
2024-01-29 20:23:50,159 - Classification Succeeds.
2024-01-29 20:23:50,159 - Link Generation Succeeds.
2024-01-29 20:24:20,742 - Victim node is 1272.
2024-01-29 20:24:20,742 - tensor([ 593, 2198, 4376], device='cuda:0')
2024-01-29 20:24:20,743 - Classification Succeeds.
2024-01-29 20:24:20,743 - Link Generation Fails.
2024-01-29 20:24:51,009 - Victim node is 2756.
2024-01-29 20:24:51,009 - tensor([6190, 7058, 7542], device='cuda:0')
2024-01-29 20:24:51,009 - Classification Succeeds.
2024-01-29 20:24:51,009 - Link Generation Fails.
2024-01-29 20:28:04,352 - Victim node is 456.
2024-01-29 20:28:04,352 - tensor([ 593, 4384, 5404], device='cuda:0')
2024-01-29 20:28:04,353 - Classification Succeeds.
2024-01-29 20:28:04,353 - Link Generation Fails.
2024-01-29 20:28:35,173 - Victim node is 86.
2024-01-29 20:28:35,174 - tensor([ 593, 2198, 4376], device='cuda:0')
2024-01-29 20:28:35,174 - Classification Succeeds.
2024-01-29 20:28:35,174 - Link Generation Fails.
2024-01-29 20:29:03,288 - Victim node is 2489.
2024-01-29 20:29:03,288 - tensor([1599, 6130, 7620], device='cuda:0')
2024-01-29 20:29:03,288 - Classification Succeeds.
2024-01-29 20:29:03,288 - Link Generation Fails.
2024-01-29 20:29:32,944 - Victim node is 5306.
2024-01-29 20:29:32,944 - tensor([6130, 6662, 7620], device='cuda:0')
2024-01-29 20:29:32,944 - Classification Succeeds.
2024-01-29 20:29:32,944 - Link Generation Fails.
2024-01-29 20:30:04,867 - Victim node is 1499.
2024-01-29 20:30:04,867 - tensor([ 593, 2198, 2239], device='cuda:0')
2024-01-29 20:30:04,868 - Classification Fails.
2024-01-29 20:30:04,868 - Link Generation Fails.
2024-01-29 20:30:33,992 - Victim node is 3972.
2024-01-29 20:30:33,992 - tensor([4663, 6130, 6279], device='cuda:0')
2024-01-29 20:30:33,992 - Classification Succeeds.
2024-01-29 20:30:33,992 - Link Generation Fails.
2024-01-29 20:31:04,369 - Victim node is 154.
2024-01-29 20:31:04,369 - tensor([ 593, 2198, 2239], device='cuda:0')
2024-01-29 20:31:04,369 - Classification Succeeds.
2024-01-29 20:31:04,369 - Link Generation Fails.
2024-01-29 20:32:13,898 - Victim node is 5007.
2024-01-29 20:32:13,898 - tensor([4376, 8341, 8354], device='cuda:0')
2024-01-29 20:32:13,899 - Classification Succeeds.
2024-01-29 20:32:13,899 - Link Generation Succeeds.
2024-01-29 20:32:44,262 - Victim node is 4796.
2024-01-29 20:32:44,262 - tensor([1599, 2923, 7574], device='cuda:0')
2024-01-29 20:32:44,263 - Classification Succeeds.
2024-01-29 20:32:44,263 - Link Generation Fails.
2024-01-29 20:33:14,476 - Victim node is 32.
2024-01-29 20:33:14,477 - tensor([3383, 6130, 7620], device='cuda:0')
2024-01-29 20:33:14,477 - Classification Succeeds.
2024-01-29 20:33:14,477 - Link Generation Fails.
2024-01-29 20:33:44,766 - Victim node is 4084.
2024-01-29 20:33:44,766 - tensor([1971, 2278, 4119], device='cuda:0')
2024-01-29 20:33:44,767 - Classification Succeeds.
2024-01-29 20:33:44,767 - Link Generation Fails.
2024-01-29 20:34:14,683 - Victim node is 2083.
2024-01-29 20:34:14,683 - tensor([4646, 4663, 7620], device='cuda:0')
2024-01-29 20:34:14,684 - Classification Succeeds.
2024-01-29 20:34:14,684 - Link Generation Fails.
2024-01-29 20:34:44,723 - Victim node is 3892.
2024-01-29 20:34:44,723 - tensor([3231, 5449, 7460], device='cuda:0')
2024-01-29 20:34:44,723 - Classification Succeeds.
2024-01-29 20:34:44,723 - Link Generation Fails.
2024-01-29 20:35:14,854 - Victim node is 2473.
2024-01-29 20:35:14,854 - tensor([6130, 6279, 7620], device='cuda:0')
2024-01-29 20:35:14,854 - Classification Succeeds.
2024-01-29 20:35:14,855 - Link Generation Fails.
2024-01-29 20:35:44,925 - Victim node is 4666.
2024-01-29 20:35:44,925 - tensor([2198, 2239, 4376], device='cuda:0')
2024-01-29 20:35:44,925 - Classification Succeeds.
2024-01-29 20:35:44,926 - Link Generation Fails.
2024-01-29 20:36:15,365 - Victim node is 2821.
2024-01-29 20:36:15,366 - tensor([2198, 2239, 4376], device='cuda:0')
2024-01-29 20:36:15,366 - Classification Succeeds.
2024-01-29 20:36:15,366 - Link Generation Fails.
2024-01-29 20:37:21,657 - Victim node is 7465.
2024-01-29 20:37:21,657 - tensor([2198, 2239, 6702], device='cuda:0')
2024-01-29 20:37:21,657 - Classification Succeeds.
2024-01-29 20:37:21,657 - Link Generation Fails.
2024-01-29 20:37:54,750 - Victim node is 3712.
2024-01-29 20:37:54,750 - tensor([ 593, 2198, 4376], device='cuda:0')
2024-01-29 20:37:54,750 - Classification Succeeds.
2024-01-29 20:37:54,751 - Link Generation Fails.
2024-01-29 20:38:24,593 - Victim node is 7356.
2024-01-29 20:38:24,593 - tensor([1374, 5449, 6190], device='cuda:0')
2024-01-29 20:38:24,593 - Classification Succeeds.
2024-01-29 20:38:24,593 - Link Generation Fails.
2024-01-29 20:38:54,555 - Victim node is 2824.
2024-01-29 20:38:54,555 - tensor([1600, 5449, 6130], device='cuda:0')
2024-01-29 20:38:54,555 - Classification Succeeds.
2024-01-29 20:38:54,555 - Link Generation Fails.
2024-01-29 20:39:24,747 - Victim node is 844.
2024-01-29 20:39:24,747 - tensor([3383, 6190, 7542], device='cuda:0')
2024-01-29 20:39:24,748 - Classification Succeeds.
2024-01-29 20:39:24,748 - Link Generation Fails.
2024-01-29 20:39:54,770 - Victim node is 54.
2024-01-29 20:39:54,771 - tensor([1374, 3231, 6653], device='cuda:0')
2024-01-29 20:39:54,771 - Classification Succeeds.
2024-01-29 20:39:54,771 - Link Generation Fails.
2024-01-29 20:41:07,584 - Victim node is 5459.
2024-01-29 20:41:07,584 - tensor([ 593, 8350, 8364], device='cuda:0')
2024-01-29 20:41:07,584 - Classification Succeeds.
2024-01-29 20:41:07,586 - Link Generation Succeeds.
2024-01-29 20:43:00,622 - Victim node is 7046.
2024-01-29 20:43:00,622 - tensor([2239, 7831, 8303], device='cuda:0')
2024-01-29 20:43:00,623 - Classification Succeeds.
2024-01-29 20:43:00,623 - Link Generation Succeeds.
2024-01-29 20:43:30,763 - Victim node is 7615.
2024-01-29 20:43:30,763 - tensor([1155, 2144, 7719], device='cuda:0')
2024-01-29 20:43:30,763 - Classification Succeeds.
2024-01-29 20:43:30,763 - Link Generation Succeeds.
2024-01-29 20:44:00,383 - Victim node is 773.
2024-01-29 20:44:00,383 - tensor([ 481, 4663, 7620], device='cuda:0')
2024-01-29 20:44:00,383 - Classification Succeeds.
2024-01-29 20:44:00,384 - Link Generation Fails.
2024-01-29 20:44:30,496 - Victim node is 3041.
2024-01-29 20:44:30,498 - tensor([6130, 6279, 7620], device='cuda:0')
2024-01-29 20:44:30,498 - Classification Succeeds.
2024-01-29 20:44:30,498 - Link Generation Fails.
2024-01-29 20:45:00,900 - Victim node is 1909.
2024-01-29 20:45:00,900 - tensor([1136, 1374, 7620], device='cuda:0')
2024-01-29 20:45:00,901 - Classification Succeeds.
2024-01-29 20:45:00,901 - Link Generation Fails.
2024-01-29 20:46:07,661 - Victim node is 6951.
2024-01-29 20:46:07,661 - tensor([2198, 8288, 8917], device='cuda:0')
2024-01-29 20:46:07,662 - Classification Succeeds.
2024-01-29 20:46:07,662 - Link Generation Succeeds.
2024-01-29 20:46:38,691 - Victim node is 7245.
2024-01-29 20:46:38,691 - tensor([3200, 6068, 7620], device='cuda:0')
2024-01-29 20:46:38,691 - Classification Succeeds.
2024-01-29 20:46:38,691 - Link Generation Fails.
2024-01-29 20:47:08,428 - Victim node is 388.
2024-01-29 20:47:08,429 - tensor([ 593, 2198, 4376], device='cuda:0')
2024-01-29 20:47:08,429 - Classification Fails.
2024-01-29 20:47:08,429 - Link Generation Fails.
2024-01-29 20:47:38,405 - Victim node is 4833.
2024-01-29 20:47:38,405 - tensor([1759, 6433, 7670], device='cuda:0')
2024-01-29 20:47:38,406 - Classification Fails.
2024-01-29 20:47:38,406 - Link Generation Succeeds.
2024-01-29 20:48:10,691 - Victim node is 3213.
2024-01-29 20:48:10,691 - tensor([ 593, 2239, 8566], device='cuda:0')
2024-01-29 20:48:10,692 - Classification Succeeds.
2024-01-29 20:48:10,692 - Link Generation Succeeds.
2024-01-29 20:48:40,766 - Victim node is 4966.
2024-01-29 20:48:40,766 - tensor([ 593, 2198, 2239], device='cuda:0')
2024-01-29 20:48:40,767 - Classification Succeeds.
2024-01-29 20:48:40,767 - Link Generation Fails.
2024-01-29 20:49:46,969 - Victim node is 2201.
2024-01-29 20:49:46,969 - tensor([ 593, 7822, 8274], device='cuda:0')
2024-01-29 20:49:46,970 - Classification Succeeds.
2024-01-29 20:49:46,970 - Link Generation Succeeds.
2024-01-29 20:50:16,735 - Victim node is 4138.
2024-01-29 20:50:16,737 - tensor([ 495,  526, 3578], device='cuda:0')
2024-01-29 20:50:16,737 - Classification Fails.
2024-01-29 20:50:16,737 - Link Generation Fails.
2024-01-29 20:51:27,034 - Victim node is 7353.
2024-01-29 20:51:27,034 - tensor([7845, 8332, 8345], device='cuda:0')
2024-01-29 20:51:27,035 - Classification Succeeds.
2024-01-29 20:51:27,035 - Link Generation Succeeds.
2024-01-29 20:52:06,669 - Victim node is 4741.
2024-01-29 20:52:06,669 - tensor([ 593, 2198, 2239], device='cuda:0')
2024-01-29 20:52:06,669 - Classification Succeeds.
2024-01-29 20:52:06,669 - Link Generation Fails.
2024-01-29 20:52:36,864 - Victim node is 4563.
2024-01-29 20:52:36,865 - tensor([7620, 7653, 7654], device='cuda:0')
2024-01-29 20:52:36,865 - Classification Succeeds.
2024-01-29 20:52:36,865 - Link Generation Succeeds.
2024-01-29 20:53:39,314 - Victim node is 1847.
2024-01-29 20:53:39,315 - tensor([7837, 8313, 8982], device='cuda:0')
2024-01-29 20:53:39,315 - Classification Succeeds.
2024-01-29 20:53:39,315 - Link Generation Succeeds.
2024-01-29 20:54:12,525 - Victim node is 5331.
2024-01-29 20:54:12,525 - tensor([3231, 4663, 6130], device='cuda:0')
2024-01-29 20:54:12,525 - Classification Succeeds.
2024-01-29 20:54:12,525 - Link Generation Fails.
2024-01-29 20:54:42,622 - Victim node is 976.
2024-01-29 20:54:42,622 - tensor([ 593, 2198, 4376], device='cuda:0')
2024-01-29 20:54:42,622 - Classification Succeeds.
2024-01-29 20:54:42,622 - Link Generation Fails.
2024-01-29 20:55:12,664 - Victim node is 2200.
2024-01-29 20:55:12,664 - tensor([6130, 7460, 7620], device='cuda:0')
2024-01-29 20:55:12,666 - Classification Succeeds.
2024-01-29 20:55:12,666 - Link Generation Fails.
2024-01-29 20:55:42,608 - Victim node is 4256.
2024-01-29 20:55:42,608 - tensor([ 593, 2198, 6702], device='cuda:0')
2024-01-29 20:55:42,608 - Classification Succeeds.
2024-01-29 20:55:42,608 - Link Generation Fails.
2024-01-29 20:56:14,933 - Victim node is 4991.
2024-01-29 20:56:14,933 - tensor([ 593, 2198, 4376], device='cuda:0')
2024-01-29 20:56:14,934 - Classification Succeeds.
2024-01-29 20:56:14,934 - Link Generation Fails.
2024-01-29 20:57:24,220 - Victim node is 2340.
2024-01-29 20:57:24,220 - tensor([7835, 8322, 8336], device='cuda:0')
2024-01-29 20:57:24,220 - Classification Succeeds.
2024-01-29 20:57:24,221 - Link Generation Succeeds.
2024-01-29 20:58:13,142 - Victim node is 2533.
2024-01-29 20:58:13,142 - tensor([2198, 7729, 8279], device='cuda:0')
2024-01-29 20:58:13,142 - Classification Fails.
2024-01-29 20:58:13,142 - Link Generation Succeeds.
2024-01-29 20:58:52,815 - Victim node is 3390.
2024-01-29 20:58:52,815 - tensor([ 593, 2198, 6702], device='cuda:0')
2024-01-29 20:58:52,815 - Classification Succeeds.
2024-01-29 20:58:52,816 - Link Generation Fails.
2024-01-29 20:59:22,825 - Victim node is 2616.
2024-01-29 20:59:22,825 - tensor([6130, 7542, 7620], device='cuda:0')
2024-01-29 20:59:22,825 - Classification Succeeds.
2024-01-29 20:59:22,825 - Link Generation Fails.
2024-01-29 20:59:53,181 - Victim node is 5271.
2024-01-29 20:59:53,181 - tensor([6279, 6662, 7620], device='cuda:0')
2024-01-29 20:59:53,182 - Classification Succeeds.
2024-01-29 20:59:53,182 - Link Generation Fails.
2024-01-29 21:01:00,984 - Victim node is 7511.
2024-01-29 21:01:00,984 - tensor([2239, 4376, 8290], device='cuda:0')
2024-01-29 21:01:00,984 - Classification Succeeds.
2024-01-29 21:01:00,986 - Link Generation Succeeds.
2024-01-29 21:01:31,433 - Victim node is 838.
2024-01-29 21:01:31,433 - tensor([5449, 6130, 7460], device='cuda:0')
2024-01-29 21:01:31,433 - Classification Succeeds.
2024-01-29 21:01:31,434 - Link Generation Fails.
2024-01-29 21:02:01,569 - Victim node is 3017.
2024-01-29 21:02:01,569 - tensor([6130, 7460, 7620], device='cuda:0')
2024-01-29 21:02:01,570 - Classification Succeeds.
2024-01-29 21:02:01,570 - Link Generation Fails.
2024-01-29 21:02:31,673 - Victim node is 5028.
2024-01-29 21:02:31,673 - tensor([ 593, 2198, 6702], device='cuda:0')
2024-01-29 21:02:31,675 - Classification Succeeds.
2024-01-29 21:02:31,675 - Link Generation Fails.
2024-01-29 21:03:04,025 - Victim node is 918.
2024-01-29 21:03:04,025 - tensor([4663, 6130, 7620], device='cuda:0')
2024-01-29 21:03:04,026 - Classification Succeeds.
2024-01-29 21:03:04,026 - Link Generation Fails.
2024-01-29 21:04:14,374 - Victim node is 2981.
2024-01-29 21:04:14,374 - tensor([7837, 8338, 8352], device='cuda:0')
2024-01-29 21:04:14,376 - Classification Succeeds.
2024-01-29 21:04:14,376 - Link Generation Succeeds.
2024-01-29 21:04:44,298 - Victim node is 7220.
2024-01-29 21:04:44,298 - tensor([2144, 3780, 6662], device='cuda:0')
2024-01-29 21:04:44,299 - Classification Succeeds.
2024-01-29 21:04:44,299 - Link Generation Fails.
2024-01-29 21:05:44,197 - Victim node is 3546.
2024-01-29 21:05:44,197 - tensor([ 593, 2239, 8265], device='cuda:0')
2024-01-29 21:05:44,197 - Classification Succeeds.
2024-01-29 21:05:44,199 - Link Generation Succeeds.
2024-01-29 21:06:17,374 - Victim node is 1920.
2024-01-29 21:06:17,374 - tensor([4663, 6130, 7620], device='cuda:0')
2024-01-29 21:06:17,375 - Classification Succeeds.
2024-01-29 21:06:17,375 - Link Generation Fails.
2024-01-29 21:06:47,766 - Victim node is 5526.
2024-01-29 21:06:47,766 - tensor([7460, 7650, 7651], device='cuda:0')
2024-01-29 21:06:47,766 - Classification Fails.
2024-01-29 21:06:47,767 - Link Generation Succeeds.
2024-01-29 21:07:17,670 - Victim node is 5814.
2024-01-29 21:07:17,671 - tensor([1759, 2260, 4666], device='cuda:0')
2024-01-29 21:07:17,671 - Classification Fails.
2024-01-29 21:07:17,671 - Link Generation Fails.
2024-01-29 21:07:46,050 - Victim node is 7064.
2024-01-29 21:07:46,050 - tensor([4663, 6130, 7620], device='cuda:0')
2024-01-29 21:07:46,051 - Classification Succeeds.
2024-01-29 21:07:46,051 - Link Generation Fails.
2024-01-29 21:08:14,633 - Victim node is 1048.
2024-01-29 21:08:14,633 - tensor([1759, 2260, 7620], device='cuda:0')
2024-01-29 21:08:14,633 - Classification Succeeds.
2024-01-29 21:08:14,633 - Link Generation Fails.
2024-01-29 21:08:43,162 - Victim node is 1681.
2024-01-29 21:08:43,162 - tensor([6130, 6279, 7620], device='cuda:0')
2024-01-29 21:08:43,162 - Classification Succeeds.
2024-01-29 21:08:43,162 - Link Generation Fails.
2024-01-29 21:09:11,543 - Victim node is 1065.
2024-01-29 21:09:11,543 - tensor([2818, 6279, 7620], device='cuda:0')
2024-01-29 21:09:11,544 - Classification Succeeds.
2024-01-29 21:09:11,544 - Link Generation Fails.
2024-01-29 21:09:41,665 - Victim node is 4705.
2024-01-29 21:09:41,665 - tensor([6130, 6279, 7620], device='cuda:0')
2024-01-29 21:09:41,666 - Classification Succeeds.
2024-01-29 21:09:41,666 - Link Generation Fails.
2024-01-29 21:10:09,655 - Victim node is 6277.
2024-01-29 21:10:09,655 - tensor([2863, 4906, 6433], device='cuda:0')
2024-01-29 21:10:09,655 - Classification Succeeds.
2024-01-29 21:10:09,655 - Link Generation Fails.
2024-01-29 21:10:37,585 - Victim node is 3045.
2024-01-29 21:10:37,585 - tensor([ 593, 2198, 4376], device='cuda:0')
2024-01-29 21:10:37,586 - Classification Succeeds.
2024-01-29 21:10:37,586 - Link Generation Fails.
2024-01-29 21:11:38,275 - Victim node is 450.
2024-01-29 21:11:38,275 - tensor([ 593, 6702, 8299], device='cuda:0')
2024-01-29 21:11:38,276 - Classification Fails.
2024-01-29 21:11:38,276 - Link Generation Succeeds.
2024-01-29 21:12:21,425 - Victim node is 3252.
2024-01-29 21:12:21,425 - tensor([4376, 6702, 8637], device='cuda:0')
2024-01-29 21:12:21,426 - Classification Fails.
2024-01-29 21:12:21,426 - Link Generation Succeeds.
2024-01-29 21:12:57,199 - Victim node is 6029.
2024-01-29 21:12:57,199 - tensor([ 593, 2198, 2239], device='cuda:0')
2024-01-29 21:12:57,200 - Classification Succeeds.
2024-01-29 21:12:57,200 - Link Generation Fails.
2024-01-29 21:13:28,611 - Victim node is 3212.
2024-01-29 21:13:28,612 - tensor([ 593, 2198, 7744], device='cuda:0')
2024-01-29 21:13:28,612 - Classification Succeeds.
2024-01-29 21:13:28,612 - Link Generation Succeeds.
2024-01-29 21:13:57,254 - Victim node is 4829.
2024-01-29 21:13:57,254 - tensor([2260, 6190, 7542], device='cuda:0')
2024-01-29 21:13:57,254 - Classification Succeeds.
2024-01-29 21:13:57,255 - Link Generation Fails.
2024-01-29 21:14:26,819 - Victim node is 4328.
2024-01-29 21:14:26,820 - tensor([4646, 6433, 7620], device='cuda:0')
2024-01-29 21:14:26,820 - Classification Succeeds.
2024-01-29 21:14:26,820 - Link Generation Fails.
2024-01-29 21:15:33,675 - Victim node is 4097.
2024-01-29 21:15:33,675 - tensor([ 593, 2239, 8358], device='cuda:0')
2024-01-29 21:15:33,675 - Classification Succeeds.
2024-01-29 21:15:33,675 - Link Generation Succeeds.
2024-01-29 21:16:02,969 - Victim node is 2828.
2024-01-29 21:16:02,969 - tensor([7620, 7653, 7654], device='cuda:0')
2024-01-29 21:16:02,969 - Classification Fails.
2024-01-29 21:16:02,970 - Link Generation Succeeds.
2024-01-29 21:16:31,602 - Victim node is 2975.
2024-01-29 21:16:31,602 - tensor([4646, 6433, 7620], device='cuda:0')
2024-01-29 21:16:31,603 - Classification Succeeds.
2024-01-29 21:16:31,603 - Link Generation Fails.
2024-01-29 21:17:37,958 - Victim node is 7105.
2024-01-29 21:17:37,958 - tensor([8318, 8331, 8995], device='cuda:0')
2024-01-29 21:17:37,958 - Classification Fails.
2024-01-29 21:17:37,958 - Link Generation Succeeds.
2024-01-29 21:20:23,982 - Victim node is 1481.
2024-01-29 21:20:23,982 - tensor([7843, 8353, 8366], device='cuda:0')
2024-01-29 21:20:23,982 - Classification Succeeds.
2024-01-29 21:20:23,982 - Link Generation Succeeds.
2024-01-29 21:21:04,736 - Victim node is 4672.
2024-01-29 21:21:04,736 - tensor([ 593, 8321, 8335], device='cuda:0')
2024-01-29 21:21:04,736 - Classification Succeeds.
2024-01-29 21:21:04,736 - Link Generation Succeeds.
2024-01-29 21:21:32,826 - Victim node is 1886.
2024-01-29 21:21:32,826 - tensor([ 593, 2198, 6702], device='cuda:0')
2024-01-29 21:21:32,827 - Classification Succeeds.
2024-01-29 21:21:32,827 - Link Generation Fails.
2024-01-29 21:22:03,953 - Victim node is 7561.
2024-01-29 21:22:03,953 - tensor([2198, 2239, 4376], device='cuda:0')
2024-01-29 21:22:03,953 - Classification Succeeds.
2024-01-29 21:22:03,953 - Link Generation Fails.
2024-01-29 21:22:34,888 - Victim node is 1100.
2024-01-29 21:22:34,888 - tensor([2198, 7876, 8427], device='cuda:0')
2024-01-29 21:22:34,888 - Classification Succeeds.
2024-01-29 21:22:34,888 - Link Generation Succeeds.
2024-01-29 21:23:03,114 - Victim node is 5922.
2024-01-29 21:23:03,114 - tensor([4646, 6433, 7620], device='cuda:0')
2024-01-29 21:23:03,114 - Classification Succeeds.
2024-01-29 21:23:03,114 - Link Generation Fails.
2024-01-29 21:25:16,921 - Victim node is 7320.
2024-01-29 21:25:16,922 - tensor([7852, 8403, 8419], device='cuda:0')
2024-01-29 21:25:16,922 - Classification Succeeds.
2024-01-29 21:25:16,922 - Link Generation Succeeds.
2024-01-29 21:27:45,218 - Victim node is 2871.
2024-01-29 21:27:45,218 - tensor([2198, 8396, 8410], device='cuda:0')
2024-01-29 21:27:45,218 - Classification Fails.
2024-01-29 21:27:45,219 - Link Generation Succeeds.
2024-01-29 21:28:14,564 - Victim node is 1577.
2024-01-29 21:28:14,564 - tensor([5449, 5472, 7460], device='cuda:0')
2024-01-29 21:28:14,564 - Classification Succeeds.
2024-01-29 21:28:14,564 - Link Generation Fails.
2024-01-29 21:28:45,545 - Victim node is 4333.
2024-01-29 21:28:45,545 - tensor([7849, 8386, 8506], device='cuda:0')
2024-01-29 21:28:45,545 - Classification Succeeds.
2024-01-29 21:28:45,546 - Link Generation Succeeds.
2024-01-29 21:29:13,905 - Victim node is 5118.
2024-01-29 21:29:13,905 - tensor([2144, 6190, 7542], device='cuda:0')
2024-01-29 21:29:13,906 - Classification Succeeds.
2024-01-29 21:29:13,906 - Link Generation Fails.
2024-01-29 21:29:44,883 - Victim node is 2414.
2024-01-29 21:29:44,883 - tensor([2198, 7925, 8631], device='cuda:0')
2024-01-29 21:29:44,883 - Classification Fails.
2024-01-29 21:29:44,883 - Link Generation Succeeds.
2024-01-29 21:30:14,054 - Victim node is 6956.
2024-01-29 21:30:14,054 - tensor([ 593, 2198, 6702], device='cuda:0')
2024-01-29 21:30:14,054 - Classification Succeeds.
2024-01-29 21:30:14,054 - Link Generation Fails.
2024-01-29 21:30:58,242 - Victim node is 7224.
2024-01-29 21:30:58,243 - tensor([3231, 4663, 6130], device='cuda:0')
2024-01-29 21:30:58,244 - Classification Succeeds.
2024-01-29 21:30:58,245 - Link Generation Fails.
2024-01-29 21:32:20,963 - Victim node is 1423.
2024-01-29 21:32:20,963 - tensor([ 593, 8263, 8875], device='cuda:0')
2024-01-29 21:32:20,963 - Classification Succeeds.
2024-01-29 21:32:20,964 - Link Generation Succeeds.
2024-01-29 21:34:41,535 - Victim node is 5344.
2024-01-29 21:34:41,536 - tensor([7842, 8328, 8341], device='cuda:0')
2024-01-29 21:34:41,536 - Classification Succeeds.
2024-01-29 21:34:41,536 - Link Generation Succeeds.
2024-01-29 21:35:13,494 - Victim node is 6461.
2024-01-29 21:35:13,494 - tensor([ 593, 2198, 4376], device='cuda:0')
2024-01-29 21:35:13,494 - Classification Succeeds.
2024-01-29 21:35:13,494 - Link Generation Fails.
2024-01-29 21:36:32,700 - Victim node is 5290.
2024-01-29 21:36:32,701 - tensor([2239, 7815, 8262], device='cuda:0')
2024-01-29 21:36:32,701 - Classification Succeeds.
2024-01-29 21:36:32,701 - Link Generation Succeeds.
2024-01-29 21:38:18,895 - Victim node is 3347.
2024-01-29 21:38:18,895 - tensor([2239, 8281, 8293], device='cuda:0')
2024-01-29 21:38:18,896 - Classification Succeeds.
2024-01-29 21:38:18,896 - Link Generation Succeeds.
2024-01-29 21:38:48,548 - Victim node is 6080.
2024-01-29 21:38:48,548 - tensor([  16, 6190, 7505], device='cuda:0')
2024-01-29 21:38:48,548 - Classification Succeeds.
2024-01-29 21:38:48,548 - Link Generation Fails.
2024-01-29 21:39:17,148 - Victim node is 2775.
2024-01-29 21:39:17,148 - tensor([ 593, 6702, 7069], device='cuda:0')
2024-01-29 21:39:17,148 - Classification Succeeds.
2024-01-29 21:39:17,148 - Link Generation Fails.
2024-01-29 21:39:46,146 - Victim node is 4300.
2024-01-29 21:39:46,146 - tensor([1759, 2260, 7620], device='cuda:0')
2024-01-29 21:39:46,147 - Classification Succeeds.
2024-01-29 21:39:46,147 - Link Generation Fails.
2024-01-29 21:40:15,544 - Victim node is 860.
2024-01-29 21:40:15,544 - tensor([ 593, 2198, 2239], device='cuda:0')
2024-01-29 21:40:15,545 - Classification Succeeds.
2024-01-29 21:40:15,545 - Link Generation Fails.
2024-01-29 21:41:17,448 - Victim node is 3983.
2024-01-29 21:41:17,448 - tensor([6702, 7831, 8281], device='cuda:0')
2024-01-29 21:41:17,448 - Classification Succeeds.
2024-01-29 21:41:17,448 - Link Generation Succeeds.
2024-01-29 21:41:49,372 - Victim node is 2677.
2024-01-29 21:41:49,372 - tensor([ 593, 7937, 8664], device='cuda:0')
2024-01-29 21:41:49,373 - Classification Fails.
2024-01-29 21:41:49,373 - Link Generation Succeeds.
2024-01-29 21:44:06,953 - Victim node is 5070.
2024-01-29 21:44:06,953 - tensor([7858, 8398, 8411], device='cuda:0')
2024-01-29 21:44:06,953 - Classification Succeeds.
2024-01-29 21:44:06,953 - Link Generation Succeeds.
2024-01-29 21:44:44,454 - Victim node is 7523.
2024-01-29 21:44:44,454 - tensor([ 593, 2198, 8497], device='cuda:0')
2024-01-29 21:44:44,454 - Classification Succeeds.
2024-01-29 21:44:44,454 - Link Generation Succeeds.
2024-01-29 21:45:17,844 - Victim node is 1281.
2024-01-29 21:45:17,844 - tensor([2239, 6702, 7950], device='cuda:0')
2024-01-29 21:45:17,844 - Classification Succeeds.
2024-01-29 21:45:17,844 - Link Generation Succeeds.
2024-01-29 21:45:47,641 - Victim node is 617.
2024-01-29 21:45:47,641 - tensor([4663, 7460, 7620], device='cuda:0')
2024-01-29 21:45:47,641 - Classification Succeeds.
2024-01-29 21:45:47,641 - Link Generation Fails.
2024-01-29 21:46:19,892 - Victim node is 7137.
2024-01-29 21:46:19,892 - tensor([ 593, 2198, 2239], device='cuda:0')
2024-01-29 21:46:19,893 - Classification Succeeds.
2024-01-29 21:46:19,893 - Link Generation Fails.
2024-01-29 21:47:20,692 - Victim node is 1495.
2024-01-29 21:47:20,692 - tensor([2198, 7990, 8775], device='cuda:0')
2024-01-29 21:47:20,692 - Classification Succeeds.
2024-01-29 21:47:20,692 - Link Generation Succeeds.
2024-01-29 21:48:41,642 - Victim node is 717.
2024-01-29 21:48:41,642 - tensor([7970, 8752, 8963], device='cuda:0')
2024-01-29 21:48:41,642 - Classification Succeeds.
2024-01-29 21:48:41,642 - Link Generation Succeeds.
2024-01-29 21:49:13,811 - Victim node is 518.
2024-01-29 21:49:13,811 - tensor([ 593, 2198, 8296], device='cuda:0')
2024-01-29 21:49:13,812 - Classification Succeeds.
2024-01-29 21:49:13,812 - Link Generation Succeeds.
2024-01-29 21:49:43,459 - Victim node is 6173.
2024-01-29 21:49:43,459 - tensor([1374, 6279, 7620], device='cuda:0')
2024-01-29 21:49:43,459 - Classification Succeeds.
2024-01-29 21:49:43,460 - Link Generation Fails.
2024-01-29 21:50:56,110 - Victim node is 2299.
2024-01-29 21:50:56,110 - tensor([ 593, 2239, 8332], device='cuda:0')
2024-01-29 21:50:56,110 - Classification Succeeds.
2024-01-29 21:50:56,111 - Link Generation Succeeds.
2024-01-29 21:51:35,538 - Victim node is 4751.
2024-01-29 21:51:35,538 - tensor([ 593, 2198, 2239], device='cuda:0')
2024-01-29 21:51:35,538 - Classification Succeeds.
2024-01-29 21:51:35,539 - Link Generation Fails.
2024-01-29 21:52:05,252 - Victim node is 6914.
2024-01-29 21:52:05,252 - tensor([ 526, 3578, 6433], device='cuda:0')
2024-01-29 21:52:05,252 - Classification Succeeds.
2024-01-29 21:52:05,252 - Link Generation Fails.
2024-01-29 21:52:34,617 - Victim node is 6763.
2024-01-29 21:52:34,617 - tensor([3383, 4646, 6433], device='cuda:0')
2024-01-29 21:52:34,618 - Classification Succeeds.
2024-01-29 21:52:34,618 - Link Generation Fails.
2024-01-29 21:53:04,961 - Victim node is 4585.
2024-01-29 21:53:04,961 - tensor([1374, 3231, 6130], device='cuda:0')
2024-01-29 21:53:04,961 - Classification Succeeds.
2024-01-29 21:53:04,961 - Link Generation Fails.
2024-01-29 21:53:34,283 - Victim node is 4747.
2024-01-29 21:53:34,283 - tensor([2198, 2239, 4376], device='cuda:0')
2024-01-29 21:53:34,283 - Classification Succeeds.
2024-01-29 21:53:34,283 - Link Generation Fails.
2024-01-29 21:54:04,272 - Victim node is 4814.
2024-01-29 21:54:04,272 - tensor([1374, 6130, 7460], device='cuda:0')
2024-01-29 21:54:04,273 - Classification Succeeds.
2024-01-29 21:54:04,273 - Link Generation Fails.
2024-01-29 21:54:34,194 - Victim node is 910.
2024-01-29 21:54:34,196 - tensor([ 593, 2198, 2239], device='cuda:0')
2024-01-29 21:54:34,196 - Classification Fails.
2024-01-29 21:54:34,196 - Link Generation Fails.
2024-01-29 21:55:03,516 - Victim node is 1768.
2024-01-29 21:55:03,516 - tensor([2278, 2863, 4663], device='cuda:0')
2024-01-29 21:55:03,517 - Classification Succeeds.
2024-01-29 21:55:03,517 - Link Generation Fails.
2024-01-29 21:56:07,035 - Victim node is 5714.
2024-01-29 21:56:07,036 - tensor([7827, 8293, 8305], device='cuda:0')
2024-01-29 21:56:07,036 - Classification Succeeds.
2024-01-29 21:56:07,036 - Link Generation Succeeds.
2024-01-29 21:56:40,699 - Victim node is 4584.
2024-01-29 21:56:40,699 - tensor([ 593, 2198, 2239], device='cuda:0')
2024-01-29 21:56:40,699 - Classification Succeeds.
2024-01-29 21:56:40,699 - Link Generation Fails.
2024-01-29 21:57:10,084 - Victim node is 7484.
2024-01-29 21:57:10,084 - tensor([5449, 7697, 7711], device='cuda:0')
2024-01-29 21:57:10,084 - Classification Succeeds.
2024-01-29 21:57:10,084 - Link Generation Succeeds.
2024-01-29 21:57:41,443 - Victim node is 6009.
2024-01-29 21:57:41,443 - tensor([4646, 6130, 7620], device='cuda:0')
2024-01-29 21:57:41,444 - Classification Succeeds.
2024-01-29 21:57:41,444 - Link Generation Fails.
2024-01-29 21:58:13,689 - Victim node is 1722.
2024-01-29 21:58:13,689 - tensor([ 593, 2198, 4376], device='cuda:0')
2024-01-29 21:58:13,690 - Classification Succeeds.
2024-01-29 21:58:13,690 - Link Generation Fails.
2024-01-29 21:58:43,255 - Victim node is 1512.
2024-01-29 21:58:43,255 - tensor([2278, 2863, 4119], device='cuda:0')
2024-01-29 21:58:43,255 - Classification Succeeds.
2024-01-29 21:58:43,255 - Link Generation Fails.
2024-01-29 21:59:48,885 - Victim node is 6047.
2024-01-29 21:59:48,885 - tensor([ 593, 8342, 8356], device='cuda:0')
2024-01-29 21:59:48,885 - Classification Fails.
2024-01-29 21:59:48,885 - Link Generation Succeeds.
2024-01-29 22:00:20,303 - Victim node is 580.
2024-01-29 22:00:20,304 - tensor([1155, 3780, 6359], device='cuda:0')
2024-01-29 22:00:20,304 - Classification Succeeds.
2024-01-29 22:00:20,304 - Link Generation Fails.
2024-01-29 22:00:52,441 - Victim node is 2993.
2024-01-29 22:00:52,441 - tensor([ 593, 2198, 2239], device='cuda:0')
2024-01-29 22:00:52,441 - Classification Succeeds.
2024-01-29 22:00:52,441 - Link Generation Fails.
2024-01-29 22:01:54,491 - Victim node is 800.
2024-01-29 22:01:54,492 - tensor([7829, 8272, 8284], device='cuda:0')
2024-01-29 22:01:54,492 - Classification Succeeds.
2024-01-29 22:01:54,492 - Link Generation Succeeds.
2024-01-29 22:03:31,561 - Victim node is 2904.
2024-01-29 22:03:31,561 - tensor([ 593, 2239, 8279], device='cuda:0')
2024-01-29 22:03:31,562 - Classification Succeeds.
2024-01-29 22:03:31,562 - Link Generation Succeeds.
2024-01-29 22:04:05,044 - Victim node is 539.
2024-01-29 22:04:05,045 - tensor([ 593, 2198, 2239], device='cuda:0')
2024-01-29 22:04:05,045 - Classification Succeeds.
2024-01-29 22:04:05,045 - Link Generation Fails.
2024-01-29 22:04:37,284 - Victim node is 382.
2024-01-29 22:04:37,284 - tensor([ 593, 2198, 2239], device='cuda:0')
2024-01-29 22:04:37,285 - Classification Succeeds.
2024-01-29 22:04:37,285 - Link Generation Fails.
2024-01-29 22:05:07,227 - Victim node is 5988.
2024-01-29 22:05:07,227 - tensor([4646, 6130, 7620], device='cuda:0')
2024-01-29 22:05:07,227 - Classification Succeeds.
2024-01-29 22:05:07,227 - Link Generation Fails.
2024-01-29 22:05:36,915 - Victim node is 2249.
2024-01-29 22:05:36,915 - tensor([6190, 7735, 7776], device='cuda:0')
2024-01-29 22:05:36,915 - Classification Fails.
2024-01-29 22:05:36,915 - Link Generation Succeeds.
2024-01-29 22:06:09,858 - Victim node is 868.
2024-01-29 22:06:09,858 - tensor([2239, 4376, 6702], device='cuda:0')
2024-01-29 22:06:09,858 - Classification Succeeds.
2024-01-29 22:06:09,858 - Link Generation Fails.
2024-01-29 22:06:39,496 - Victim node is 7495.
2024-01-29 22:06:39,496 - tensor([6190, 7058, 7542], device='cuda:0')
2024-01-29 22:06:39,496 - Classification Succeeds.
2024-01-29 22:06:39,496 - Link Generation Fails.
2024-01-29 22:07:38,089 - Victim node is 3758.
2024-01-29 22:07:38,089 - tensor([ 593, 2239, 8300], device='cuda:0')
2024-01-29 22:07:38,089 - Classification Succeeds.
2024-01-29 22:07:38,089 - Link Generation Succeeds.
2024-01-29 22:08:22,910 - Victim node is 3155.
2024-01-29 22:08:22,910 - tensor([ 593, 2198, 4376], device='cuda:0')
2024-01-29 22:08:22,910 - Classification Succeeds.
2024-01-29 22:08:22,910 - Link Generation Fails.
2024-01-29 22:08:53,052 - Victim node is 6346.
2024-01-29 22:08:53,052 - tensor([5449, 6190, 7542], device='cuda:0')
2024-01-29 22:08:53,052 - Classification Succeeds.
2024-01-29 22:08:53,052 - Link Generation Fails.
2024-01-29 22:09:22,985 - Victim node is 342.
2024-01-29 22:09:22,985 - tensor([1374, 1600, 6279], device='cuda:0')
2024-01-29 22:09:22,985 - Classification Succeeds.
2024-01-29 22:09:22,985 - Link Generation Fails.
2024-01-29 22:09:52,768 - Victim node is 3458.
2024-01-29 22:09:52,768 - tensor([2144, 6190, 7542], device='cuda:0')
2024-01-29 22:09:52,769 - Classification Succeeds.
2024-01-29 22:09:52,769 - Link Generation Fails.
2024-01-29 22:10:25,228 - Victim node is 5206.
2024-01-29 22:10:25,228 - tensor([ 593, 2198, 4376], device='cuda:0')
2024-01-29 22:10:25,229 - Classification Fails.
2024-01-29 22:10:25,229 - Link Generation Fails.
2024-01-29 22:10:55,008 - Victim node is 3798.
2024-01-29 22:10:55,008 - tensor([1759, 4960, 6433], device='cuda:0')
2024-01-29 22:10:55,008 - Classification Fails.
2024-01-29 22:10:55,008 - Link Generation Fails.
2024-01-29 22:11:27,610 - Victim node is 3868.
2024-01-29 22:11:27,610 - tensor([ 593, 2198, 7761], device='cuda:0')
2024-01-29 22:11:27,610 - Classification Fails.
2024-01-29 22:11:27,610 - Link Generation Succeeds.
2024-01-29 22:11:57,681 - Victim node is 5821.
2024-01-29 22:11:57,681 - tensor([4646, 6433, 7620], device='cuda:0')
2024-01-29 22:11:57,681 - Classification Succeeds.
2024-01-29 22:11:57,681 - Link Generation Fails.
2024-01-29 22:12:27,618 - Victim node is 4192.
2024-01-29 22:12:27,618 - tensor([4646, 6433, 7620], device='cuda:0')
2024-01-29 22:12:27,619 - Classification Succeeds.
2024-01-29 22:12:27,619 - Link Generation Fails.
2024-01-29 22:12:59,096 - Victim node is 3301.
2024-01-29 22:12:59,096 - tensor([2198, 2239, 4376], device='cuda:0')
2024-01-29 22:12:59,096 - Classification Succeeds.
2024-01-29 22:12:59,096 - Link Generation Fails.
2024-01-29 22:13:29,243 - Victim node is 153.
2024-01-29 22:13:29,243 - tensor([6130, 7460, 7620], device='cuda:0')
2024-01-29 22:13:29,244 - Classification Succeeds.
2024-01-29 22:13:29,244 - Link Generation Fails.
2024-01-29 22:14:01,594 - Victim node is 6101.
2024-01-29 22:14:01,594 - tensor([ 593, 2198, 4384], device='cuda:0')
2024-01-29 22:14:01,594 - Classification Fails.
2024-01-29 22:14:01,594 - Link Generation Fails.
2024-01-29 22:14:33,663 - Victim node is 5511.
2024-01-29 22:14:33,663 - tensor([ 593, 2198, 7764], device='cuda:0')
2024-01-29 22:14:33,663 - Classification Succeeds.
2024-01-29 22:14:33,663 - Link Generation Succeeds.
2024-01-29 22:15:04,388 - Victim node is 314.
2024-01-29 22:15:04,388 - tensor([1374, 3383, 5449], device='cuda:0')
2024-01-29 22:15:04,388 - Classification Succeeds.
2024-01-29 22:15:04,388 - Link Generation Fails.
2024-01-29 22:15:37,004 - Victim node is 5373.
2024-01-29 22:15:37,004 - tensor([ 593, 2198, 8516], device='cuda:0')
2024-01-29 22:15:37,004 - Classification Fails.
2024-01-29 22:15:37,005 - Link Generation Succeeds.
2024-01-29 22:16:42,715 - Victim node is 2859.
2024-01-29 22:16:42,715 - tensor([7969, 8745, 8768], device='cuda:0')
2024-01-29 22:16:42,715 - Classification Succeeds.
2024-01-29 22:16:42,715 - Link Generation Succeeds.
2024-01-29 22:17:15,573 - Victim node is 293.
2024-01-29 22:17:15,573 - tensor([4646, 6130, 7620], device='cuda:0')
2024-01-29 22:17:15,573 - Classification Succeeds.
2024-01-29 22:17:15,573 - Link Generation Fails.
2024-01-29 22:17:46,738 - Victim node is 6487.
2024-01-29 22:17:46,738 - tensor([2198, 8651, 8675], device='cuda:0')
2024-01-29 22:17:46,738 - Classification Succeeds.
2024-01-29 22:17:46,738 - Link Generation Succeeds.
2024-01-29 22:18:17,808 - Victim node is 3488.
2024-01-29 22:18:17,809 - tensor([ 593, 8656, 8679], device='cuda:0')
2024-01-29 22:18:17,809 - Classification Succeeds.
2024-01-29 22:18:17,809 - Link Generation Succeeds.
2024-01-29 22:18:48,503 - Victim node is 6211.
2024-01-29 22:18:48,503 - tensor([2198, 7788, 8688], device='cuda:0')
2024-01-29 22:18:48,504 - Classification Succeeds.
2024-01-29 22:18:48,504 - Link Generation Succeeds.
2024-01-29 22:19:17,660 - Victim node is 1119.
2024-01-29 22:19:17,660 - tensor([7653, 7663, 7666], device='cuda:0')
2024-01-29 22:19:17,661 - Classification Succeeds.
2024-01-29 22:19:17,661 - Link Generation Succeeds.
2024-01-29 22:19:46,400 - Victim node is 6855.
2024-01-29 22:19:46,400 - tensor([ 932, 6190, 7460], device='cuda:0')
2024-01-29 22:19:46,400 - Classification Succeeds.
2024-01-29 22:19:46,400 - Link Generation Fails.
2024-01-29 22:20:15,066 - Victim node is 7050.
2024-01-29 22:20:15,066 - tensor([3383, 4246, 7460], device='cuda:0')
2024-01-29 22:20:15,067 - Classification Succeeds.
2024-01-29 22:20:15,068 - Link Generation Fails.
2024-01-29 22:20:44,123 - Victim node is 1475.
2024-01-29 22:20:44,123 - tensor([3383, 4646, 7620], device='cuda:0')
2024-01-29 22:20:44,123 - Classification Fails.
2024-01-29 22:20:44,124 - Link Generation Fails.
2024-01-29 22:21:48,238 - Victim node is 7151.
2024-01-29 22:21:48,238 - tensor([ 593, 6702, 8323], device='cuda:0')
2024-01-29 22:21:48,239 - Classification Fails.
2024-01-29 22:21:48,239 - Link Generation Succeeds.
2024-01-29 22:22:19,360 - Victim node is 5729.
2024-01-29 22:22:19,360 - tensor([1374, 5875, 7542], device='cuda:0')
2024-01-29 22:22:19,361 - Classification Succeeds.
2024-01-29 22:22:19,361 - Link Generation Fails.
2024-01-29 22:22:47,646 - Victim node is 6653.
2024-01-29 22:22:47,646 - tensor([4663, 6130, 7620], device='cuda:0')
2024-01-29 22:22:47,646 - Classification Succeeds.
2024-01-29 22:22:47,646 - Link Generation Fails.
2024-01-29 22:23:15,647 - Victim node is 5990.
2024-01-29 22:23:15,647 - tensor([2278, 2863, 7678], device='cuda:0')
2024-01-29 22:23:15,647 - Classification Fails.
2024-01-29 22:23:15,648 - Link Generation Succeeds.
2024-01-29 22:25:31,093 - Victim node is 1102.
2024-01-29 22:25:31,093 - tensor([7858, 8410, 8426], device='cuda:0')
2024-01-29 22:25:31,094 - Classification Succeeds.
2024-01-29 22:25:31,094 - Link Generation Succeeds.
2024-01-29 22:26:53,348 - Victim node is 4735.
2024-01-29 22:26:53,349 - tensor([ 593, 2198, 8776], device='cuda:0')
2024-01-29 22:26:53,349 - Classification Succeeds.
2024-01-29 22:26:53,349 - Link Generation Succeeds.
2024-01-29 22:27:22,123 - Victim node is 1452.
2024-01-29 22:27:22,123 - tensor([4646, 6130, 7620], device='cuda:0')
2024-01-29 22:27:22,123 - Classification Succeeds.
2024-01-29 22:27:22,123 - Link Generation Fails.
2024-01-29 22:27:53,310 - Victim node is 2143.
2024-01-29 22:27:53,310 - tensor([ 593, 2198, 2239], device='cuda:0')
2024-01-29 22:27:53,310 - Classification Succeeds.
2024-01-29 22:27:53,310 - Link Generation Fails.
2024-01-29 22:28:53,072 - Victim node is 607.
2024-01-29 22:28:53,072 - tensor([ 593, 2198, 8758], device='cuda:0')
2024-01-29 22:28:53,072 - Classification Succeeds.
2024-01-29 22:28:53,072 - Link Generation Succeeds.
2024-01-29 22:29:21,888 - Victim node is 1318.
2024-01-29 22:29:21,888 - tensor([ 593, 2198, 2239], device='cuda:0')
2024-01-29 22:29:21,888 - Classification Succeeds.
2024-01-29 22:29:21,889 - Link Generation Fails.
2024-01-29 22:29:50,073 - Victim node is 3572.
2024-01-29 22:29:50,073 - tensor([2923, 7177, 7542], device='cuda:0')
2024-01-29 22:29:50,074 - Classification Succeeds.
2024-01-29 22:29:50,074 - Link Generation Fails.
2024-01-29 22:30:21,807 - Victim node is 3930.
2024-01-29 22:30:21,807 - tensor([2198, 7789, 8710], device='cuda:0')
2024-01-29 22:30:21,807 - Classification Succeeds.
2024-01-29 22:30:21,808 - Link Generation Succeeds.
2024-01-29 22:30:49,866 - Victim node is 6332.
2024-01-29 22:30:49,866 - tensor([3231, 7460, 7542], device='cuda:0')
2024-01-29 22:30:49,867 - Classification Succeeds.
2024-01-29 22:30:49,867 - Link Generation Fails.
2024-01-29 22:31:18,110 - Victim node is 6559.
2024-01-29 22:31:18,110 - tensor([3383, 4646, 7620], device='cuda:0')
2024-01-29 22:31:18,110 - Classification Succeeds.
2024-01-29 22:31:18,110 - Link Generation Fails.
2024-01-29 22:31:46,518 - Victim node is 3463.
2024-01-29 22:31:46,518 - tensor([5925, 6130, 7620], device='cuda:0')
2024-01-29 22:31:46,518 - Classification Succeeds.
2024-01-29 22:31:46,518 - Link Generation Fails.
2024-01-29 22:32:15,440 - Victim node is 1.
2024-01-29 22:32:15,440 - tensor([ 593, 2198, 2239], device='cuda:0')
2024-01-29 22:32:15,441 - Classification Succeeds.
2024-01-29 22:32:15,441 - Link Generation Fails.
2024-01-29 22:32:46,373 - Victim node is 4036.
2024-01-29 22:32:46,373 - tensor([ 593, 2198, 2239], device='cuda:0')
2024-01-29 22:32:46,373 - Classification Succeeds.
2024-01-29 22:32:46,373 - Link Generation Fails.
2024-01-29 22:33:14,906 - Victim node is 3941.
2024-01-29 22:33:14,906 - tensor([3383, 6190, 7757], device='cuda:0')
2024-01-29 22:33:14,906 - Classification Succeeds.
2024-01-29 22:33:14,906 - Link Generation Succeeds.
2024-01-29 22:33:43,559 - Victim node is 5719.
2024-01-29 22:33:43,559 - tensor([ 593, 2198, 2239], device='cuda:0')
2024-01-29 22:33:43,560 - Classification Succeeds.
2024-01-29 22:33:43,560 - Link Generation Fails.
2024-01-29 22:34:12,082 - Victim node is 825.
2024-01-29 22:34:12,082 - tensor([3383, 3780, 7620], device='cuda:0')
2024-01-29 22:34:12,082 - Classification Succeeds.
2024-01-29 22:34:12,083 - Link Generation Fails.
2024-01-29 22:34:40,725 - Victim node is 1664.
2024-01-29 22:34:40,725 - tensor([1136, 5526, 7557], device='cuda:0')
2024-01-29 22:34:40,725 - Classification Succeeds.
2024-01-29 22:34:40,725 - Link Generation Fails.
2024-01-29 22:35:41,457 - Victim node is 312.
2024-01-29 22:35:41,458 - tensor([7824, 8268, 9493], device='cuda:0')
2024-01-29 22:35:41,458 - Classification Succeeds.
2024-01-29 22:35:41,458 - Link Generation Succeeds.
2024-01-29 22:36:11,972 - Victim node is 4507.
2024-01-29 22:36:11,972 - tensor([2278, 2863, 4119], device='cuda:0')
2024-01-29 22:36:11,972 - Classification Succeeds.
2024-01-29 22:36:11,972 - Link Generation Fails.
2024-01-29 22:36:40,554 - Victim node is 5004.
2024-01-29 22:36:40,554 - tensor([2198, 2239, 4376], device='cuda:0')
2024-01-29 22:36:40,554 - Classification Succeeds.
2024-01-29 22:36:40,555 - Link Generation Fails.
2024-01-29 22:37:08,650 - Victim node is 4165.
2024-01-29 22:37:08,650 - tensor([4237, 7460, 7620], device='cuda:0')
2024-01-29 22:37:08,651 - Classification Succeeds.
2024-01-29 22:37:08,651 - Link Generation Fails.
2024-01-29 22:37:36,746 - Victim node is 5596.
2024-01-29 22:37:36,746 - tensor([4663, 6130, 7620], device='cuda:0')
2024-01-29 22:37:36,746 - Classification Succeeds.
2024-01-29 22:37:36,747 - Link Generation Fails.
2024-01-29 22:38:05,822 - Victim node is 7145.
2024-01-29 22:38:05,822 - tensor([4646, 6433, 7620], device='cuda:0')
2024-01-29 22:38:05,822 - Classification Succeeds.
2024-01-29 22:38:05,822 - Link Generation Fails.
2024-01-29 22:39:06,148 - Victim node is 1022.
2024-01-29 22:39:06,148 - tensor([ 593, 7982, 8813], device='cuda:0')
2024-01-29 22:39:06,148 - Classification Succeeds.
2024-01-29 22:39:06,148 - Link Generation Succeeds.
2024-01-29 22:39:34,653 - Victim node is 4798.
2024-01-29 22:39:34,653 - tensor([4646, 7620, 7653], device='cuda:0')
2024-01-29 22:39:34,653 - Classification Fails.
2024-01-29 22:39:34,653 - Link Generation Succeeds.
2024-01-29 22:40:02,929 - Victim node is 1123.
2024-01-29 22:40:02,929 - tensor([  16, 5875, 7505], device='cuda:0')
2024-01-29 22:40:02,929 - Classification Succeeds.
2024-01-29 22:40:02,929 - Link Generation Fails.
2024-01-29 22:40:31,303 - Victim node is 937.
2024-01-29 22:40:31,303 - tensor([1759, 2250, 2260], device='cuda:0')
2024-01-29 22:40:31,303 - Classification Succeeds.
2024-01-29 22:40:31,303 - Link Generation Fails.
2024-01-29 22:40:59,424 - Victim node is 2982.
2024-01-29 22:40:59,424 - tensor([5449, 6190, 7542], device='cuda:0')
2024-01-29 22:40:59,424 - Classification Succeeds.
2024-01-29 22:40:59,424 - Link Generation Fails.
2024-01-29 22:41:27,848 - Victim node is 525.
2024-01-29 22:41:27,848 - tensor([2863, 4906, 6433], device='cuda:0')
2024-01-29 22:41:27,848 - Classification Succeeds.
2024-01-29 22:41:27,848 - Link Generation Fails.
2024-01-29 22:41:57,023 - Victim node is 1340.
2024-01-29 22:41:57,023 - tensor([4663, 6130, 7620], device='cuda:0')
2024-01-29 22:41:57,024 - Classification Succeeds.
2024-01-29 22:41:57,024 - Link Generation Fails.
2024-01-29 22:42:26,518 - Victim node is 6123.
2024-01-29 22:42:26,518 - tensor([2198, 2239, 4376], device='cuda:0')
2024-01-29 22:42:26,518 - Classification Succeeds.
2024-01-29 22:42:26,518 - Link Generation Fails.
2024-01-29 22:44:45,557 - Victim node is 6971.
2024-01-29 22:44:45,557 - tensor([4805, 8395, 8409], device='cuda:0')
2024-01-29 22:44:45,557 - Classification Succeeds.
2024-01-29 22:44:45,557 - Link Generation Succeeds.
2024-01-29 22:45:23,011 - Victim node is 1035.
2024-01-29 22:45:23,011 - tensor([4663, 6130, 7620], device='cuda:0')
2024-01-29 22:45:23,011 - Classification Succeeds.
2024-01-29 22:45:23,012 - Link Generation Fails.
2024-01-29 22:45:51,810 - Victim node is 4470.
2024-01-29 22:45:51,810 - tensor([6130, 7460, 7620], device='cuda:0')
2024-01-29 22:45:51,811 - Classification Succeeds.
2024-01-29 22:45:51,811 - Link Generation Fails.
2024-01-29 22:46:23,736 - Victim node is 3620.
2024-01-29 22:46:23,736 - tensor([7932, 8608, 8630], device='cuda:0')
2024-01-29 22:46:23,737 - Classification Succeeds.
2024-01-29 22:46:23,737 - Link Generation Succeeds.
2024-01-29 22:46:52,743 - Victim node is 2405.
2024-01-29 22:46:52,743 - tensor([ 593, 2198, 2239], device='cuda:0')
2024-01-29 22:46:52,743 - Classification Succeeds.
2024-01-29 22:46:52,743 - Link Generation Fails.
2024-01-29 22:47:24,693 - Victim node is 2476.
2024-01-29 22:47:24,693 - tensor([7786, 7988, 8647], device='cuda:0')
2024-01-29 22:47:24,694 - Classification Succeeds.
2024-01-29 22:47:24,694 - Link Generation Succeeds.
2024-01-29 22:47:54,186 - Victim node is 1348.
2024-01-29 22:47:54,186 - tensor([2863, 4906, 6433], device='cuda:0')
2024-01-29 22:47:54,187 - Classification Fails.
2024-01-29 22:47:54,187 - Link Generation Fails.
2024-01-29 22:48:23,351 - Victim node is 1868.
2024-01-29 22:48:23,351 - tensor([1600, 5449, 6190], device='cuda:0')
2024-01-29 22:48:23,352 - Classification Succeeds.
2024-01-29 22:48:23,352 - Link Generation Fails.
2024-01-29 22:48:52,087 - Victim node is 5081.
2024-01-29 22:48:52,088 - tensor([ 593, 2198, 2239], device='cuda:0')
2024-01-29 22:48:52,088 - Classification Succeeds.
2024-01-29 22:48:52,088 - Link Generation Fails.
2024-01-29 22:49:20,785 - Victim node is 3230.
2024-01-29 22:49:20,785 - tensor([6130, 7460, 7620], device='cuda:0')
2024-01-29 22:49:20,785 - Classification Fails.
2024-01-29 22:49:20,785 - Link Generation Fails.
2024-01-29 22:49:49,947 - Victim node is 253.
2024-01-29 22:49:49,947 - tensor([2278, 2863, 4119], device='cuda:0')
2024-01-29 22:49:49,947 - Classification Succeeds.
2024-01-29 22:49:49,948 - Link Generation Fails.
2024-01-29 22:50:18,467 - Victim node is 1255.
2024-01-29 22:50:18,467 - tensor([4646, 4906, 7620], device='cuda:0')
2024-01-29 22:50:18,467 - Classification Succeeds.
2024-01-29 22:50:18,469 - Link Generation Fails.
2024-01-29 22:50:49,835 - Victim node is 1023.
2024-01-29 22:50:49,835 - tensor([7833, 8040, 8283], device='cuda:0')
2024-01-29 22:50:49,836 - Classification Succeeds.
2024-01-29 22:50:49,836 - Link Generation Succeeds.
2024-01-29 22:53:36,321 - Victim node is 2427.
2024-01-29 22:53:36,321 - tensor([6702, 8428, 8442], device='cuda:0')
2024-01-29 22:53:36,321 - Classification Fails.
2024-01-29 22:53:36,322 - Link Generation Succeeds.
2024-01-29 22:54:25,545 - Victim node is 2807.
2024-01-29 22:54:25,546 - tensor([4663, 6130, 7620], device='cuda:0')
2024-01-29 22:54:25,546 - Classification Succeeds.
2024-01-29 22:54:25,546 - Link Generation Fails.
2024-01-29 22:55:02,537 - Victim node is 2386.
2024-01-29 22:55:02,537 - tensor([1759, 2260, 3383], device='cuda:0')
2024-01-29 22:55:02,537 - Classification Succeeds.
2024-01-29 22:55:02,538 - Link Generation Fails.
2024-01-29 22:55:30,938 - Victim node is 5659.
2024-01-29 22:55:30,938 - tensor([ 593, 2198, 2239], device='cuda:0')
2024-01-29 22:55:30,938 - Classification Fails.
2024-01-29 22:55:30,938 - Link Generation Fails.
2024-01-29 22:55:59,682 - Victim node is 58.
2024-01-29 22:55:59,682 - tensor([4237, 7460, 7620], device='cuda:0')
2024-01-29 22:55:59,683 - Classification Succeeds.
2024-01-29 22:55:59,683 - Link Generation Fails.
2024-01-29 22:57:05,135 - Victim node is 6183.
2024-01-29 22:57:05,135 - tensor([7835, 8334, 8348], device='cuda:0')
2024-01-29 22:57:05,135 - Classification Succeeds.
2024-01-29 22:57:05,136 - Link Generation Succeeds.
2024-01-29 22:57:35,354 - Victim node is 6771.
2024-01-29 22:57:35,354 - tensor([2198, 2239, 4376], device='cuda:0')
2024-01-29 22:57:35,355 - Classification Succeeds.
2024-01-29 22:57:35,355 - Link Generation Fails.
2024-01-29 22:58:39,746 - Victim node is 220.
2024-01-29 22:58:39,746 - tensor([7842, 8347, 8361], device='cuda:0')
2024-01-29 22:58:39,747 - Classification Succeeds.
2024-01-29 22:58:39,747 - Link Generation Succeeds.
2024-01-29 22:59:13,660 - Victim node is 7130.
2024-01-29 22:59:13,660 - tensor([ 593, 2198, 2239], device='cuda:0')
2024-01-29 22:59:13,660 - Classification Succeeds.
2024-01-29 22:59:13,660 - Link Generation Fails.
2024-01-29 22:59:44,775 - Victim node is 5167.
2024-01-29 22:59:44,777 - tensor([ 593, 2198, 4376], device='cuda:0')
2024-01-29 22:59:44,777 - Classification Succeeds.
2024-01-29 22:59:44,777 - Link Generation Fails.
2024-01-29 23:00:14,230 - Victim node is 4216.
2024-01-29 23:00:14,230 - tensor([ 593, 2198, 2239], device='cuda:0')
2024-01-29 23:00:14,231 - Classification Succeeds.
2024-01-29 23:00:14,231 - Link Generation Fails.
2024-01-29 23:00:42,866 - Victim node is 5920.
2024-01-29 23:00:42,867 - tensor([ 593, 2198, 2239], device='cuda:0')
2024-01-29 23:00:42,867 - Classification Succeeds.
2024-01-29 23:00:42,867 - Link Generation Fails.
2024-01-29 23:01:11,524 - Victim node is 7165.
2024-01-29 23:01:11,524 - tensor([1599, 5875, 6662], device='cuda:0')
2024-01-29 23:01:11,525 - Classification Succeeds.
2024-01-29 23:01:11,525 - Link Generation Fails.
2024-01-29 23:01:39,912 - Victim node is 7246.
2024-01-29 23:01:39,912 - tensor([7667, 7674, 7698], device='cuda:0')
2024-01-29 23:01:39,913 - Classification Succeeds.
2024-01-29 23:01:39,913 - Link Generation Succeeds.
2024-01-29 23:02:08,827 - Victim node is 4245.
2024-01-29 23:02:08,827 - tensor([ 593, 2198, 6702], device='cuda:0')
2024-01-29 23:02:08,827 - Classification Succeeds.
2024-01-29 23:02:08,827 - Link Generation Fails.
2024-01-29 23:02:39,933 - Victim node is 1241.
2024-01-29 23:02:39,933 - tensor([ 593, 2198, 2239], device='cuda:0')
2024-01-29 23:02:39,933 - Classification Succeeds.
2024-01-29 23:02:39,933 - Link Generation Fails.
2024-01-29 23:03:11,084 - Victim node is 1239.
2024-01-29 23:03:11,084 - tensor([ 593, 2198, 4376], device='cuda:0')
2024-01-29 23:03:11,085 - Classification Fails.
2024-01-29 23:03:11,085 - Link Generation Fails.
2024-01-29 23:03:42,328 - Victim node is 3772.
2024-01-29 23:03:42,328 - tensor([ 593, 2198, 7793], device='cuda:0')
2024-01-29 23:03:42,328 - Classification Succeeds.
2024-01-29 23:03:42,328 - Link Generation Succeeds.
2024-01-29 23:04:11,079 - Victim node is 6161.
2024-01-29 23:04:11,079 - tensor([ 593, 2198, 4376], device='cuda:0')
2024-01-29 23:04:11,079 - Classification Succeeds.
2024-01-29 23:04:11,079 - Link Generation Fails.
2024-01-29 23:04:39,426 - Victim node is 6163.
2024-01-29 23:04:39,426 - tensor([ 932, 2923, 7460], device='cuda:0')
2024-01-29 23:04:39,427 - Classification Succeeds.
2024-01-29 23:04:39,427 - Link Generation Fails.
2024-01-29 23:05:10,017 - Victim node is 5478.
2024-01-29 23:05:10,018 - tensor([ 593, 2198, 4376], device='cuda:0')
2024-01-29 23:05:10,018 - Classification Succeeds.
2024-01-29 23:05:10,018 - Link Generation Fails.
2024-01-29 23:05:38,881 - Victim node is 348.
2024-01-29 23:05:38,881 - tensor([ 593, 2198, 4376], device='cuda:0')
2024-01-29 23:05:38,881 - Classification Succeeds.
2024-01-29 23:05:38,881 - Link Generation Fails.
2024-01-29 23:06:07,801 - Victim node is 6384.
2024-01-29 23:06:07,801 - tensor([ 593, 2198, 2239], device='cuda:0')
2024-01-29 23:06:07,801 - Classification Succeeds.
2024-01-29 23:06:07,801 - Link Generation Fails.
2024-01-29 23:09:14,039 - Victim node is 3856.
2024-01-29 23:09:14,039 - tensor([4376, 7904, 8588], device='cuda:0')
2024-01-29 23:09:14,040 - Classification Succeeds.
2024-01-29 23:09:14,040 - Link Generation Succeeds.
2024-01-29 23:10:11,038 - Victim node is 6178.
2024-01-29 23:10:11,038 - tensor([2198, 2239, 4376], device='cuda:0')
2024-01-29 23:10:11,038 - Classification Succeeds.
2024-01-29 23:10:11,038 - Link Generation Fails.
2024-01-29 23:10:51,055 - Victim node is 7086.
2024-01-29 23:10:51,055 - tensor([ 593, 2198, 2239], device='cuda:0')
2024-01-29 23:10:51,056 - Classification Succeeds.
2024-01-29 23:10:51,056 - Link Generation Fails.
2024-01-29 23:11:59,333 - Victim node is 5398.
2024-01-29 23:11:59,333 - tensor([8290, 8302, 8924], device='cuda:0')
2024-01-29 23:11:59,334 - Classification Succeeds.
2024-01-29 23:11:59,334 - Link Generation Succeeds.
2024-01-29 23:12:31,292 - Victim node is 7271.
2024-01-29 23:12:31,292 - tensor([6190, 7177, 7542], device='cuda:0')
2024-01-29 23:12:31,293 - Classification Succeeds.
2024-01-29 23:12:31,293 - Link Generation Fails.
2024-01-29 23:13:03,703 - Victim node is 3040.
2024-01-29 23:13:03,703 - tensor([ 593, 2198, 6702], device='cuda:0')
2024-01-29 23:13:03,704 - Classification Succeeds.
2024-01-29 23:13:03,704 - Link Generation Fails.
2024-01-29 23:13:35,816 - Victim node is 2748.
2024-01-29 23:13:35,816 - tensor([ 481, 4663, 6130], device='cuda:0')
2024-01-29 23:13:35,816 - Classification Succeeds.
2024-01-29 23:13:35,816 - Link Generation Fails.
2024-01-29 23:14:05,368 - Victim node is 7275.
2024-01-29 23:14:05,368 - tensor([1374, 3780, 7620], device='cuda:0')
2024-01-29 23:14:05,368 - Classification Succeeds.
2024-01-29 23:14:05,369 - Link Generation Fails.
2024-01-29 23:14:35,310 - Victim node is 1976.
2024-01-29 23:14:35,310 - tensor([ 593, 2198, 2239], device='cuda:0')
2024-01-29 23:14:35,310 - Classification Succeeds.
2024-01-29 23:14:35,310 - Link Generation Fails.
2024-01-29 23:15:46,021 - Victim node is 2650.
2024-01-29 23:15:46,021 - tensor([2239, 7834, 8350], device='cuda:0')
2024-01-29 23:15:46,022 - Classification Succeeds.
2024-01-29 23:15:46,022 - Link Generation Succeeds.
2024-01-29 23:16:16,649 - Victim node is 6139.
2024-01-29 23:16:16,649 - tensor([4646, 6130, 7620], device='cuda:0')
2024-01-29 23:16:16,649 - Classification Succeeds.
2024-01-29 23:16:16,650 - Link Generation Fails.
2024-01-29 23:16:49,413 - Victim node is 1078.
2024-01-29 23:16:49,413 - tensor([2198, 2239, 4376], device='cuda:0')
2024-01-29 23:16:49,413 - Classification Succeeds.
2024-01-29 23:16:49,415 - Link Generation Fails.
2024-01-29 23:17:21,864 - Victim node is 3001.
2024-01-29 23:17:21,864 - tensor([2239, 7959, 8705], device='cuda:0')
2024-01-29 23:17:21,864 - Classification Succeeds.
2024-01-29 23:17:21,864 - Link Generation Succeeds.
2024-01-29 23:17:53,574 - Victim node is 6210.
2024-01-29 23:17:53,575 - tensor([ 593, 2198, 2239], device='cuda:0')
2024-01-29 23:17:53,575 - Classification Succeeds.
2024-01-29 23:17:53,575 - Link Generation Fails.
2024-01-29 23:18:57,582 - Victim node is 7452.
2024-01-29 23:18:57,582 - tensor([2198, 7797, 8745], device='cuda:0')
2024-01-29 23:18:57,582 - Classification Succeeds.
2024-01-29 23:18:57,582 - Link Generation Succeeds.
2024-01-29 23:21:33,299 - Victim node is 6887.
2024-01-29 23:21:33,300 - tensor([4376, 8390, 8403], device='cuda:0')
2024-01-29 23:21:33,301 - Classification Succeeds.
2024-01-29 23:21:33,301 - Link Generation Succeeds.
2024-01-29 23:22:06,996 - Victim node is 5446.
2024-01-29 23:22:06,996 - tensor([ 593, 2198, 7782], device='cuda:0')
2024-01-29 23:22:06,997 - Classification Fails.
2024-01-29 23:22:06,997 - Link Generation Succeeds.
2024-01-29 23:22:36,968 - Victim node is 6270.
2024-01-29 23:22:36,969 - tensor([3383, 6130, 7620], device='cuda:0')
2024-01-29 23:22:36,969 - Classification Succeeds.
2024-01-29 23:22:36,969 - Link Generation Fails.
2024-01-29 23:23:07,384 - Victim node is 3024.
2024-01-29 23:23:07,385 - tensor([ 593, 2198, 2239], device='cuda:0')
2024-01-29 23:23:07,385 - Classification Succeeds.
2024-01-29 23:23:07,385 - Link Generation Fails.
2024-01-29 23:23:39,873 - Victim node is 6596.
2024-01-29 23:23:39,873 - tensor([2239, 4376, 6702], device='cuda:0')
2024-01-29 23:23:39,874 - Classification Succeeds.
2024-01-29 23:23:39,874 - Link Generation Fails.
2024-01-29 23:24:10,758 - Victim node is 4140.
2024-01-29 23:24:10,758 - tensor([2198, 2239, 4376], device='cuda:0')
2024-01-29 23:24:10,758 - Classification Succeeds.
2024-01-29 23:24:10,759 - Link Generation Fails.
2024-01-29 23:24:41,308 - Victim node is 4443.
2024-01-29 23:24:41,309 - tensor([4663, 6653, 7620], device='cuda:0')
2024-01-29 23:24:41,309 - Classification Succeeds.
2024-01-29 23:24:41,309 - Link Generation Fails.
2024-01-29 23:25:11,839 - Victim node is 3864.
2024-01-29 23:25:11,839 - tensor([1759, 2250, 4666], device='cuda:0')
2024-01-29 23:25:11,839 - Classification Succeeds.
2024-01-29 23:25:11,839 - Link Generation Fails.
2024-01-29 23:25:41,990 - Victim node is 1204.
2024-01-29 23:25:41,990 - tensor([5356, 6190, 7542], device='cuda:0')
2024-01-29 23:25:41,991 - Classification Succeeds.
2024-01-29 23:25:41,991 - Link Generation Fails.
2024-01-29 23:26:12,298 - Victim node is 3352.
2024-01-29 23:26:12,298 - tensor([4663, 6130, 7620], device='cuda:0')
2024-01-29 23:26:12,298 - Classification Succeeds.
2024-01-29 23:26:12,298 - Link Generation Fails.
2024-01-29 23:26:42,496 - Victim node is 3727.
2024-01-29 23:26:42,496 - tensor([6130, 7460, 7620], device='cuda:0')
2024-01-29 23:26:42,496 - Classification Fails.
2024-01-29 23:26:42,496 - Link Generation Fails.
2024-01-29 23:27:14,974 - Victim node is 4695.
2024-01-29 23:27:14,974 - tensor([2198, 7895, 7917], device='cuda:0')
2024-01-29 23:27:14,975 - Classification Succeeds.
2024-01-29 23:27:14,975 - Link Generation Succeeds.
2024-01-29 23:27:47,455 - Victim node is 6737.
2024-01-29 23:27:47,455 - tensor([ 593, 2198, 4376], device='cuda:0')
2024-01-29 23:27:47,457 - Classification Succeeds.
2024-01-29 23:27:47,457 - Link Generation Fails.
2024-01-29 23:28:49,923 - Victim node is 3295.
2024-01-29 23:28:49,924 - tensor([ 593, 2198, 4376], device='cuda:0')
2024-01-29 23:28:49,924 - Classification Succeeds.
2024-01-29 23:28:49,924 - Link Generation Fails.
2024-01-29 23:29:20,239 - Victim node is 4181.
2024-01-29 23:29:20,239 - tensor([5449, 6130, 7620], device='cuda:0')
2024-01-29 23:29:20,239 - Classification Succeeds.
2024-01-29 23:29:20,239 - Link Generation Fails.
2024-01-29 23:29:49,409 - Victim node is 2318.
2024-01-29 23:29:49,409 - tensor([4663, 6130, 7620], device='cuda:0')
2024-01-29 23:29:49,409 - Classification Succeeds.
2024-01-29 23:29:49,411 - Link Generation Fails.
2024-01-29 23:30:18,750 - Victim node is 7045.
2024-01-29 23:30:18,750 - tensor([2198, 3578, 4805], device='cuda:0')
2024-01-29 23:30:18,751 - Classification Succeeds.
2024-01-29 23:30:18,751 - Link Generation Fails.
2024-01-29 23:30:49,714 - Victim node is 3793.
2024-01-29 23:30:49,714 - tensor([2198, 7740, 8367], device='cuda:0')
2024-01-29 23:30:49,714 - Classification Fails.
2024-01-29 23:30:49,714 - Link Generation Succeeds.
2024-01-29 23:31:17,835 - Victim node is 3454.
2024-01-29 23:31:17,835 - tensor([7652, 7664, 7708], device='cuda:0')
2024-01-29 23:31:17,835 - Classification Succeeds.
2024-01-29 23:31:17,835 - Link Generation Succeeds.
2024-01-29 23:31:45,662 - Victim node is 1588.
2024-01-29 23:31:45,662 - tensor([ 424, 4129, 6279], device='cuda:0')
2024-01-29 23:31:45,662 - Classification Succeeds.
2024-01-29 23:31:45,662 - Link Generation Fails.
2024-01-29 23:32:14,994 - Victim node is 7162.
2024-01-29 23:32:14,994 - tensor([7460, 7768, 7802], device='cuda:0')
2024-01-29 23:32:14,994 - Classification Fails.
2024-01-29 23:32:14,994 - Link Generation Succeeds.
2024-01-29 23:34:41,958 - Victim node is 2755.
2024-01-29 23:34:41,958 - tensor([7853, 8379, 8393], device='cuda:0')
2024-01-29 23:34:41,959 - Classification Succeeds.
2024-01-29 23:34:41,959 - Link Generation Succeeds.
2024-01-29 23:35:12,620 - Victim node is 5600.
2024-01-29 23:35:12,620 - tensor([6130, 6190, 7460], device='cuda:0')
2024-01-29 23:35:12,621 - Classification Succeeds.
2024-01-29 23:35:12,621 - Link Generation Fails.
2024-01-29 23:36:20,955 - Victim node is 2541.
2024-01-29 23:36:20,955 - tensor([7831, 8288, 8300], device='cuda:0')
2024-01-29 23:36:20,956 - Classification Succeeds.
2024-01-29 23:36:20,956 - Link Generation Succeeds.
2024-01-29 23:36:51,300 - Victim node is 2153.
2024-01-29 23:36:51,301 - tensor([7677, 7699, 7715], device='cuda:0')
2024-01-29 23:36:51,301 - Classification Fails.
2024-01-29 23:36:51,301 - Link Generation Succeeds.
2024-01-29 23:37:21,342 - Victim node is 1609.
2024-01-29 23:37:21,342 - tensor([1759, 2260, 7620], device='cuda:0')
2024-01-29 23:37:21,343 - Classification Succeeds.
2024-01-29 23:37:21,343 - Link Generation Fails.
2024-01-29 23:37:53,724 - Victim node is 2086.
2024-01-29 23:37:53,724 - tensor([ 593, 2198, 6702], device='cuda:0')
2024-01-29 23:37:53,725 - Classification Succeeds.
2024-01-29 23:37:53,725 - Link Generation Fails.
2024-01-29 23:38:24,343 - Victim node is 1220.
2024-01-29 23:38:24,343 - tensor([1374, 6190, 6279], device='cuda:0')
2024-01-29 23:38:24,345 - Classification Fails.
2024-01-29 23:38:24,345 - Link Generation Fails.
2024-01-29 23:41:14,745 - Victim node is 6588.
2024-01-29 23:41:14,746 - tensor([ 593, 2239, 8377], device='cuda:0')
2024-01-29 23:41:14,746 - Classification Succeeds.
2024-01-29 23:41:14,746 - Link Generation Succeeds.
2024-01-29 23:41:45,309 - Victim node is 2227.
2024-01-29 23:41:45,309 - tensor([11, 13, 16], device='cuda:0')
2024-01-29 23:41:45,309 - Classification Fails.
2024-01-29 23:41:45,310 - Link Generation Fails.
2024-01-29 23:42:16,003 - Victim node is 2865.
2024-01-29 23:42:16,003 - tensor([6190, 6662, 7542], device='cuda:0')
2024-01-29 23:42:16,003 - Classification Succeeds.
2024-01-29 23:42:16,004 - Link Generation Fails.
2024-01-29 23:42:46,049 - Victim node is 3835.
2024-01-29 23:42:46,049 - tensor([3383, 6190, 7542], device='cuda:0')
2024-01-29 23:42:46,049 - Classification Fails.
2024-01-29 23:42:46,050 - Link Generation Fails.
2024-01-29 23:43:54,273 - Victim node is 7510.
2024-01-29 23:43:54,273 - tensor([ 593, 8291, 8304], device='cuda:0')
2024-01-29 23:43:54,275 - Classification Succeeds.
2024-01-29 23:43:54,275 - Link Generation Succeeds.
2024-01-29 23:44:51,945 - Victim node is 5583.
2024-01-29 23:44:51,945 - tensor([4646, 6433, 7620], device='cuda:0')
2024-01-29 23:44:51,945 - Classification Succeeds.
2024-01-29 23:44:51,945 - Link Generation Fails.
2024-01-29 23:45:22,372 - Victim node is 257.
2024-01-29 23:45:22,372 - tensor([6190, 7697, 7724], device='cuda:0')
2024-01-29 23:45:22,372 - Classification Succeeds.
2024-01-29 23:45:22,372 - Link Generation Succeeds.
2024-01-29 23:45:52,736 - Victim node is 2053.
2024-01-29 23:45:52,736 - tensor([6130, 7620, 7846], device='cuda:0')
2024-01-29 23:45:52,737 - Classification Succeeds.
2024-01-29 23:45:52,737 - Link Generation Succeeds.
2024-01-29 23:46:22,987 - Victim node is 1446.
2024-01-29 23:46:22,988 - tensor([ 481, 4663, 7620], device='cuda:0')
2024-01-29 23:46:22,988 - Classification Succeeds.
2024-01-29 23:46:22,988 - Link Generation Fails.
2024-01-29 23:46:53,717 - Victim node is 4250.
2024-01-29 23:46:53,717 - tensor([7651, 7653, 7654], device='cuda:0')
2024-01-29 23:46:53,717 - Classification Succeeds.
2024-01-29 23:46:53,717 - Link Generation Succeeds.
2024-01-29 23:47:24,117 - Victim node is 4813.
2024-01-29 23:47:24,117 - tensor([6190, 7069, 7542], device='cuda:0')
2024-01-29 23:47:24,117 - Classification Succeeds.
2024-01-29 23:47:24,117 - Link Generation Fails.
2024-01-29 23:47:54,389 - Victim node is 3243.
2024-01-29 23:47:54,389 - tensor([ 593, 2198, 6702], device='cuda:0')
2024-01-29 23:47:54,389 - Classification Succeeds.
2024-01-29 23:47:54,389 - Link Generation Fails.
2024-01-29 23:48:25,097 - Victim node is 3879.
2024-01-29 23:48:25,097 - tensor([4663, 6130, 7620], device='cuda:0')
2024-01-29 23:48:25,098 - Classification Succeeds.
2024-01-29 23:48:25,098 - Link Generation Fails.
2024-01-29 23:48:55,614 - Victim node is 6935.
2024-01-29 23:48:55,614 - tensor([1374, 3231, 6130], device='cuda:0')
2024-01-29 23:48:55,616 - Classification Succeeds.
2024-01-29 23:48:55,616 - Link Generation Fails.
2024-01-29 23:49:25,857 - Victim node is 1536.
2024-01-29 23:49:25,857 - tensor([4646, 6433, 7620], device='cuda:0')
2024-01-29 23:49:25,857 - Classification Succeeds.
2024-01-29 23:49:25,858 - Link Generation Fails.
2024-01-29 23:49:58,019 - Victim node is 1628.
2024-01-29 23:49:58,019 - tensor([2239, 4376, 8721], device='cuda:0')
2024-01-29 23:49:58,020 - Classification Succeeds.
2024-01-29 23:49:58,020 - Link Generation Succeeds.
2024-01-29 23:50:26,959 - Victim node is 2760.
2024-01-29 23:50:26,959 - tensor([3383, 6499, 7620], device='cuda:0')
2024-01-29 23:50:26,959 - Classification Succeeds.
2024-01-29 23:50:26,959 - Link Generation Fails.
2024-01-29 23:50:55,741 - Victim node is 6718.
2024-01-29 23:50:55,741 - tensor([5449, 6279, 7620], device='cuda:0')
2024-01-29 23:50:55,743 - Classification Succeeds.
2024-01-29 23:50:55,743 - Link Generation Fails.
2024-01-29 23:51:24,626 - Victim node is 3785.
2024-01-29 23:51:24,626 - tensor([2198, 2239, 4376], device='cuda:0')
2024-01-29 23:51:24,626 - Classification Succeeds.
2024-01-29 23:51:24,626 - Link Generation Fails.
2024-01-29 23:51:55,815 - Victim node is 1069.
2024-01-29 23:51:55,816 - tensor([ 593, 2198, 2239], device='cuda:0')
2024-01-29 23:51:55,816 - Classification Succeeds.
2024-01-29 23:51:55,816 - Link Generation Fails.
2024-01-29 23:52:27,492 - Victim node is 2440.
2024-01-29 23:52:27,492 - tensor([ 593, 2198, 7762], device='cuda:0')
2024-01-29 23:52:27,493 - Classification Succeeds.
2024-01-29 23:52:27,493 - Link Generation Succeeds.
2024-01-29 23:52:56,224 - Victim node is 1770.
2024-01-29 23:52:56,224 - tensor([4237, 7460, 7620], device='cuda:0')
2024-01-29 23:52:56,224 - Classification Succeeds.
2024-01-29 23:52:56,224 - Link Generation Fails.
2024-01-29 23:53:24,846 - Victim node is 6637.
2024-01-29 23:53:24,846 - tensor([6130, 7460, 7620], device='cuda:0')
2024-01-29 23:53:24,846 - Classification Fails.
2024-01-29 23:53:24,846 - Link Generation Fails.
2024-01-29 23:54:29,319 - Victim node is 3339.
2024-01-29 23:54:29,319 - tensor([ 593, 2239, 8363], device='cuda:0')
2024-01-29 23:54:29,319 - Classification Succeeds.
2024-01-29 23:54:29,319 - Link Generation Succeeds.
2024-01-29 23:55:54,277 - Victim node is 5505.
2024-01-29 23:55:54,277 - tensor([ 593, 6702, 8334], device='cuda:0')
2024-01-29 23:55:54,278 - Classification Fails.
2024-01-29 23:55:54,278 - Link Generation Succeeds.
2024-01-29 23:56:24,063 - Victim node is 5860.
2024-01-29 23:56:24,063 - tensor([1374, 7460, 7542], device='cuda:0')
2024-01-29 23:56:24,063 - Classification Succeeds.
2024-01-29 23:56:24,063 - Link Generation Fails.
2024-01-29 23:56:55,879 - Victim node is 445.
2024-01-29 23:56:55,879 - tensor([ 593, 4384, 8628], device='cuda:0')
2024-01-29 23:56:55,880 - Classification Succeeds.
2024-01-29 23:56:55,880 - Link Generation Succeeds.
2024-01-29 23:57:27,168 - Victim node is 2488.
2024-01-29 23:57:27,168 - tensor([2198, 2239, 4376], device='cuda:0')
2024-01-29 23:57:27,169 - Classification Succeeds.
2024-01-29 23:57:27,169 - Link Generation Fails.
2024-01-29 23:57:58,526 - Victim node is 2954.
2024-01-29 23:57:58,526 - tensor([ 593, 2198, 2239], device='cuda:0')
2024-01-29 23:57:58,526 - Classification Succeeds.
2024-01-29 23:57:58,526 - Link Generation Fails.
2024-01-29 23:58:27,671 - Victim node is 1848.
2024-01-29 23:58:27,671 - tensor([  16, 7505, 7542], device='cuda:0')
2024-01-29 23:58:27,671 - Classification Succeeds.
2024-01-29 23:58:27,672 - Link Generation Fails.
2024-01-29 23:58:56,854 - Victim node is 6363.
2024-01-29 23:58:56,854 - tensor([2198, 2239, 4376], device='cuda:0')
2024-01-29 23:58:56,854 - Classification Succeeds.
2024-01-29 23:58:56,854 - Link Generation Fails.
2024-01-29 23:59:26,610 - Victim node is 1745.
2024-01-29 23:59:26,610 - tensor([2198, 4376, 4805], device='cuda:0')
2024-01-29 23:59:26,611 - Classification Fails.
2024-01-29 23:59:26,611 - Link Generation Fails.
2024-01-29 23:59:57,115 - Victim node is 4403.
2024-01-29 23:59:57,115 - tensor([1759, 2260, 7620], device='cuda:0')
2024-01-29 23:59:57,116 - Classification Succeeds.
2024-01-29 23:59:57,116 - Link Generation Fails.
2024-01-30 00:00:27,698 - Victim node is 1151.
2024-01-30 00:00:27,699 - tensor([1897, 4246, 5130], device='cuda:0')
2024-01-30 00:00:27,699 - Classification Succeeds.
2024-01-30 00:00:27,699 - Link Generation Fails.
2024-01-30 00:01:00,143 - Victim node is 4650.
2024-01-30 00:01:00,143 - tensor([2198, 2239, 4376], device='cuda:0')
2024-01-30 00:01:00,143 - Classification Succeeds.
2024-01-30 00:01:00,143 - Link Generation Fails.
2024-01-30 00:01:32,628 - Victim node is 3429.
2024-01-30 00:01:32,628 - tensor([3231, 4663, 6130], device='cuda:0')
2024-01-30 00:01:32,629 - Classification Succeeds.
2024-01-30 00:01:32,629 - Link Generation Fails.
2024-01-30 00:02:02,540 - Victim node is 4460.
2024-01-30 00:02:02,540 - tensor([1968, 2278, 6433], device='cuda:0')
2024-01-30 00:02:02,540 - Classification Succeeds.
2024-01-30 00:02:02,540 - Link Generation Fails.
2024-01-30 00:03:10,578 - Victim node is 5982.
2024-01-30 00:03:10,579 - tensor([2239, 8266, 8892], device='cuda:0')
2024-01-30 00:03:10,579 - Classification Succeeds.
2024-01-30 00:03:10,579 - Link Generation Succeeds.
2024-01-30 00:03:43,101 - Victim node is 114.
2024-01-30 00:03:43,101 - tensor([ 593, 2198, 8465], device='cuda:0')
2024-01-30 00:03:43,101 - Classification Succeeds.
2024-01-30 00:03:43,101 - Link Generation Succeeds.
2024-01-30 00:04:12,672 - Victim node is 2895.
2024-01-30 00:04:12,672 - tensor([ 593, 2198, 2239], device='cuda:0')
2024-01-30 00:04:12,672 - Classification Succeeds.
2024-01-30 00:04:12,672 - Link Generation Fails.
2024-01-30 00:04:43,318 - Victim node is 3536.
2024-01-30 00:04:43,318 - tensor([  16, 2144, 3383], device='cuda:0')
2024-01-30 00:04:43,319 - Classification Succeeds.
2024-01-30 00:04:43,319 - Link Generation Fails.
2024-01-30 00:05:15,606 - Victim node is 4869.
2024-01-30 00:05:15,606 - tensor([ 593, 2198, 2239], device='cuda:0')
2024-01-30 00:05:15,607 - Classification Succeeds.
2024-01-30 00:05:15,607 - Link Generation Fails.
2024-01-30 00:05:45,807 - Victim node is 5270.
2024-01-30 00:05:45,807 - tensor([4646, 5449, 7620], device='cuda:0')
2024-01-30 00:05:45,807 - Classification Succeeds.
2024-01-30 00:05:45,807 - Link Generation Fails.
2024-01-30 00:06:16,180 - Victim node is 7031.
2024-01-30 00:06:16,181 - tensor([3437, 6433, 7620], device='cuda:0')
2024-01-30 00:06:16,181 - Classification Succeeds.
2024-01-30 00:06:16,181 - Link Generation Fails.
2024-01-30 00:06:46,534 - Victim node is 938.
2024-01-30 00:06:46,534 - tensor([2584, 5472, 6190], device='cuda:0')
2024-01-30 00:06:46,534 - Classification Fails.
2024-01-30 00:06:46,534 - Link Generation Fails.
2024-01-30 00:07:52,086 - Victim node is 283.
2024-01-30 00:07:52,086 - tensor([7839, 8359, 8374], device='cuda:0')
2024-01-30 00:07:52,087 - Classification Fails.
2024-01-30 00:07:52,087 - Link Generation Succeeds.
2024-01-30 00:08:22,449 - Victim node is 5440.
2024-01-30 00:08:22,449 - tensor([4646, 6433, 7620], device='cuda:0')
2024-01-30 00:08:22,449 - Classification Succeeds.
2024-01-30 00:08:22,449 - Link Generation Fails.
2024-01-30 00:09:30,464 - Victim node is 353.
2024-01-30 00:09:30,464 - tensor([4376, 6702, 8753], device='cuda:0')
2024-01-30 00:09:30,465 - Classification Succeeds.
2024-01-30 00:09:30,465 - Link Generation Succeeds.
2024-01-30 00:10:00,286 - Victim node is 3044.
2024-01-30 00:10:00,286 - tensor([7620, 7655, 7676], device='cuda:0')
2024-01-30 00:10:00,288 - Classification Fails.
2024-01-30 00:10:00,288 - Link Generation Succeeds.
2024-01-30 00:10:29,838 - Victim node is 2135.
2024-01-30 00:10:29,838 - tensor([3200, 7199, 7620], device='cuda:0')
2024-01-30 00:10:29,839 - Classification Succeeds.
2024-01-30 00:10:29,839 - Link Generation Fails.
2024-01-30 00:10:59,416 - Victim node is 4655.
2024-01-30 00:10:59,416 - tensor([4129, 5449, 6190], device='cuda:0')
2024-01-30 00:10:59,416 - Classification Succeeds.
2024-01-30 00:10:59,416 - Link Generation Fails.
2024-01-30 00:11:29,451 - Victim node is 4418.
2024-01-30 00:11:29,451 - tensor([1599, 5356, 7460], device='cuda:0')
2024-01-30 00:11:29,451 - Classification Succeeds.
2024-01-30 00:11:29,452 - Link Generation Fails.
2024-01-30 00:11:58,747 - Victim node is 2176.
2024-01-30 00:11:58,747 - tensor([1600, 6130, 7460], device='cuda:0')
2024-01-30 00:11:58,747 - Classification Succeeds.
2024-01-30 00:11:58,747 - Link Generation Fails.
2024-01-30 00:12:28,300 - Victim node is 1147.
2024-01-30 00:12:28,301 - tensor([ 593, 2198, 4376], device='cuda:0')
2024-01-30 00:12:28,301 - Classification Succeeds.
2024-01-30 00:12:28,301 - Link Generation Fails.
2024-01-30 00:12:57,913 - Victim node is 5122.
2024-01-30 00:12:57,913 - tensor([6130, 7620, 7750], device='cuda:0')
2024-01-30 00:12:57,915 - Classification Succeeds.
2024-01-30 00:12:57,915 - Link Generation Succeeds.
2024-01-30 00:13:27,303 - Victim node is 1672.
2024-01-30 00:13:27,303 - tensor([ 593, 2198, 2239], device='cuda:0')
2024-01-30 00:13:27,303 - Classification Succeeds.
2024-01-30 00:13:27,303 - Link Generation Fails.
2024-01-30 00:13:59,204 - Victim node is 7553.
2024-01-30 00:13:59,204 - tensor([ 593, 2198, 2239], device='cuda:0')
2024-01-30 00:13:59,204 - Classification Fails.
2024-01-30 00:13:59,204 - Link Generation Fails.
2024-01-30 00:14:28,941 - Victim node is 5738.
2024-01-30 00:14:28,941 - tensor([2144, 3383, 7542], device='cuda:0')
2024-01-30 00:14:28,941 - Classification Succeeds.
2024-01-30 00:14:28,941 - Link Generation Fails.
2024-01-30 00:14:58,252 - Victim node is 609.
2024-01-30 00:14:58,252 - tensor([1600, 6130, 7620], device='cuda:0')
2024-01-30 00:14:58,252 - Classification Succeeds.
2024-01-30 00:14:58,252 - Link Generation Fails.
2024-01-30 00:16:10,611 - Victim node is 2332.
2024-01-30 00:16:10,611 - tensor([ 593, 8344, 8359], device='cuda:0')
2024-01-30 00:16:10,612 - Classification Succeeds.
2024-01-30 00:16:10,612 - Link Generation Succeeds.
2024-01-30 00:16:39,709 - Victim node is 1704.
2024-01-30 00:16:39,709 - tensor([6130, 7460, 7620], device='cuda:0')
2024-01-30 00:16:39,710 - Classification Succeeds.
2024-01-30 00:16:39,710 - Link Generation Fails.
2024-01-30 00:17:09,641 - Victim node is 5779.
2024-01-30 00:17:09,641 - tensor([3200, 6433, 7620], device='cuda:0')
2024-01-30 00:17:09,641 - Classification Succeeds.
2024-01-30 00:17:09,641 - Link Generation Fails.
2024-01-30 00:18:19,694 - Victim node is 6582.
2024-01-30 00:18:19,694 - tensor([4376, 8289, 8301], device='cuda:0')
2024-01-30 00:18:19,695 - Classification Succeeds.
2024-01-30 00:18:19,695 - Link Generation Succeeds.
2024-01-30 00:19:18,944 - Victim node is 6106.
2024-01-30 00:19:18,944 - tensor([5449, 6130, 7620], device='cuda:0')
2024-01-30 00:19:18,946 - Classification Succeeds.
2024-01-30 00:19:18,946 - Link Generation Fails.
2024-01-30 00:19:49,243 - Victim node is 7389.
2024-01-30 00:19:49,243 - tensor([ 526, 3578, 4805], device='cuda:0')
2024-01-30 00:19:49,244 - Classification Succeeds.
2024-01-30 00:19:49,244 - Link Generation Fails.
2024-01-30 00:20:20,640 - Victim node is 7569.
2024-01-30 00:20:20,640 - tensor([ 593, 2198, 7754], device='cuda:0')
2024-01-30 00:20:20,640 - Classification Succeeds.
2024-01-30 00:20:20,640 - Link Generation Succeeds.
2024-01-30 00:20:50,052 - Victim node is 5060.
2024-01-30 00:20:50,052 - tensor([3200, 6433, 7199], device='cuda:0')
2024-01-30 00:20:50,052 - Classification Succeeds.
2024-01-30 00:20:50,053 - Link Generation Fails.
2024-01-30 00:21:19,692 - Victim node is 2899.
2024-01-30 00:21:19,692 - tensor([3383, 6130, 7620], device='cuda:0')
2024-01-30 00:21:19,692 - Classification Succeeds.
2024-01-30 00:21:19,692 - Link Generation Fails.
2024-01-30 00:23:50,766 - Victim node is 766.
2024-01-30 00:23:50,766 - tensor([ 593, 1058, 2239], device='cuda:0')
2024-01-30 00:23:50,767 - Classification Succeeds.
2024-01-30 00:23:50,767 - Link Generation Fails.
2024-01-30 00:24:19,062 - Victim node is 1006.
2024-01-30 00:24:19,062 - tensor([ 593, 2198, 6702], device='cuda:0')
2024-01-30 00:24:19,062 - Classification Succeeds.
2024-01-30 00:24:19,062 - Link Generation Fails.
2024-01-30 00:24:51,613 - Victim node is 6611.
2024-01-30 00:24:51,613 - tensor([ 593, 2198, 7763], device='cuda:0')
2024-01-30 00:24:51,613 - Classification Succeeds.
2024-01-30 00:24:51,613 - Link Generation Succeeds.
2024-01-30 00:25:23,255 - Victim node is 1112.
2024-01-30 00:25:23,255 - tensor([7851, 8346, 8481], device='cuda:0')
2024-01-30 00:25:23,255 - Classification Succeeds.
2024-01-30 00:25:23,255 - Link Generation Succeeds.
2024-01-30 00:25:53,377 - Victim node is 1473.
2024-01-30 00:25:53,377 - tensor([2198, 2239, 4376], device='cuda:0')
2024-01-30 00:25:53,378 - Classification Succeeds.
2024-01-30 00:25:53,378 - Link Generation Fails.
2024-01-30 00:26:23,297 - Victim node is 5834.
2024-01-30 00:26:23,297 - tensor([2144, 3383, 6962], device='cuda:0')
2024-01-30 00:26:23,298 - Classification Succeeds.
2024-01-30 00:26:23,298 - Link Generation Fails.
2024-01-30 00:26:53,336 - Victim node is 5896.
2024-01-30 00:26:53,336 - tensor([1600, 3383, 7620], device='cuda:0')
2024-01-30 00:26:53,336 - Classification Succeeds.
2024-01-30 00:26:53,337 - Link Generation Fails.
2024-01-30 00:27:23,342 - Victim node is 5025.
2024-01-30 00:27:23,342 - tensor([1374, 6130, 7620], device='cuda:0')
2024-01-30 00:27:23,342 - Classification Succeeds.
2024-01-30 00:27:23,342 - Link Generation Fails.
2024-01-30 00:27:53,465 - Victim node is 5394.
2024-01-30 00:27:53,465 - tensor([1600, 6130, 7620], device='cuda:0')
2024-01-30 00:27:53,466 - Classification Succeeds.
2024-01-30 00:27:53,466 - Link Generation Fails.
2024-01-30 00:28:23,125 - Victim node is 2994.
2024-01-30 00:28:23,125 - tensor([4646, 6433, 7620], device='cuda:0')
2024-01-30 00:28:23,125 - Classification Succeeds.
2024-01-30 00:28:23,125 - Link Generation Fails.
2024-01-30 00:28:53,129 - Victim node is 3055.
2024-01-30 00:28:53,129 - tensor([ 593, 2198, 2239], device='cuda:0')
2024-01-30 00:28:53,129 - Classification Fails.
2024-01-30 00:28:53,129 - Link Generation Fails.
2024-01-30 00:29:22,982 - Victim node is 6934.
2024-01-30 00:29:22,982 - tensor([4646, 6433, 7620], device='cuda:0')
2024-01-30 00:29:22,982 - Classification Succeeds.
2024-01-30 00:29:22,982 - Link Generation Fails.
2024-01-30 00:29:22,982 - Misclassification Rate: 0.1290
2024-01-30 00:29:22,982 - Link Generation Rate: 0.3150
