2024-01-31 21:38:34,007 - Victim node is 5535.
2024-01-31 21:38:34,007 - tensor([1759, 2260, 4666], device='cuda:0')
2024-01-31 21:38:34,008 - Classification Fails.
2024-01-31 21:38:34,008 - Link Generation Fails.
2024-01-31 21:39:06,391 - Victim node is 4050.
2024-01-31 21:39:06,391 - tensor([ 593, 2239, 8626], device='cuda:0')
2024-01-31 21:39:06,391 - Classification Fails.
2024-01-31 21:39:06,391 - Link Generation Succeeds.
2024-01-31 21:39:35,966 - Victim node is 1900.
2024-01-31 21:39:35,966 - tensor([1759, 6662, 7620], device='cuda:0')
2024-01-31 21:39:35,966 - Classification Succeeds.
2024-01-31 21:39:35,966 - Link Generation Fails.
2024-01-31 21:40:05,780 - Victim node is 3248.
2024-01-31 21:40:05,781 - tensor([1759, 2260, 6662], device='cuda:0')
2024-01-31 21:40:05,781 - Classification Succeeds.
2024-01-31 21:40:05,781 - Link Generation Fails.
2024-01-31 21:40:35,289 - Victim node is 2953.
2024-01-31 21:40:35,289 - tensor([1374, 6662, 7947], device='cuda:0')
2024-01-31 21:40:35,290 - Classification Succeeds.
2024-01-31 21:40:35,290 - Link Generation Succeeds.
2024-01-31 21:41:05,680 - Victim node is 1192.
2024-01-31 21:41:05,680 - tensor([ 526, 3578, 6909], device='cuda:0')
2024-01-31 21:41:05,680 - Classification Succeeds.
2024-01-31 21:41:05,680 - Link Generation Fails.
2024-01-31 21:41:37,473 - Victim node is 2750.
2024-01-31 21:41:37,473 - tensor([7723, 7744, 8260], device='cuda:0')
2024-01-31 21:41:37,473 - Classification Fails.
2024-01-31 21:41:37,473 - Link Generation Succeeds.
2024-01-31 21:42:09,442 - Victim node is 212.
2024-01-31 21:42:09,442 - tensor([ 593, 2198, 2239], device='cuda:0')
2024-01-31 21:42:09,442 - Classification Succeeds.
2024-01-31 21:42:09,442 - Link Generation Fails.
2024-01-31 21:42:41,673 - Victim node is 99.
2024-01-31 21:42:41,673 - tensor([ 593, 2239, 8719], device='cuda:0')
2024-01-31 21:42:41,673 - Classification Succeeds.
2024-01-31 21:42:41,673 - Link Generation Succeeds.
2024-01-31 21:43:11,706 - Victim node is 4336.
2024-01-31 21:43:11,706 - tensor([4646, 6662, 7620], device='cuda:0')
2024-01-31 21:43:11,706 - Classification Succeeds.
2024-01-31 21:43:11,706 - Link Generation Fails.
2024-01-31 21:43:42,746 - Victim node is 4123.
2024-01-31 21:43:42,746 - tensor([6130, 6662, 7620], device='cuda:0')
2024-01-31 21:43:42,746 - Classification Succeeds.
2024-01-31 21:43:42,746 - Link Generation Fails.
2024-01-31 21:44:13,222 - Victim node is 5713.
2024-01-31 21:44:13,222 - tensor([4663, 6130, 7620], device='cuda:0')
2024-01-31 21:44:13,223 - Classification Succeeds.
2024-01-31 21:44:13,223 - Link Generation Fails.
2024-01-31 21:44:43,372 - Victim node is 6355.
2024-01-31 21:44:43,372 - tensor([1136, 5526, 7620], device='cuda:0')
2024-01-31 21:44:43,372 - Classification Succeeds.
2024-01-31 21:44:43,372 - Link Generation Fails.
2024-01-31 21:45:13,094 - Victim node is 3333.
2024-01-31 21:45:13,095 - tensor([4646, 6433, 7620], device='cuda:0')
2024-01-31 21:45:13,095 - Classification Succeeds.
2024-01-31 21:45:13,095 - Link Generation Fails.
2024-01-31 21:45:44,910 - Victim node is 3617.
2024-01-31 21:45:44,910 - tensor([ 593, 2198, 8589], device='cuda:0')
2024-01-31 21:45:44,910 - Classification Fails.
2024-01-31 21:45:44,910 - Link Generation Succeeds.
2024-01-31 21:46:15,397 - Victim node is 4933.
2024-01-31 21:46:15,397 - tensor([1600, 2923, 7574], device='cuda:0')
2024-01-31 21:46:15,397 - Classification Succeeds.
2024-01-31 21:46:15,397 - Link Generation Fails.
2024-01-31 21:46:46,590 - Victim node is 1720.
2024-01-31 21:46:46,590 - tensor([1759, 2260, 4960], device='cuda:0')
2024-01-31 21:46:46,590 - Classification Succeeds.
2024-01-31 21:46:46,590 - Link Generation Fails.
2024-01-31 21:47:17,097 - Victim node is 3498.
2024-01-31 21:47:17,097 - tensor([2198, 2239, 4376], device='cuda:0')
2024-01-31 21:47:17,097 - Classification Succeeds.
2024-01-31 21:47:17,098 - Link Generation Fails.
2024-01-31 21:47:47,423 - Victim node is 5094.
2024-01-31 21:47:47,423 - tensor([2818, 4129, 6130], device='cuda:0')
2024-01-31 21:47:47,424 - Classification Succeeds.
2024-01-31 21:47:47,424 - Link Generation Fails.
2024-01-31 21:48:31,467 - Victim node is 2229.
2024-01-31 21:48:31,467 - tensor([7842, 8357, 8371], device='cuda:0')
2024-01-31 21:48:31,468 - Classification Succeeds.
2024-01-31 21:48:31,468 - Link Generation Succeeds.
2024-01-31 21:49:01,906 - Victim node is 5791.
2024-01-31 21:49:01,906 - tensor([7693, 7819, 8132], device='cuda:0')
2024-01-31 21:49:01,906 - Classification Succeeds.
2024-01-31 21:49:01,906 - Link Generation Succeeds.
2024-01-31 21:49:34,266 - Victim node is 2509.
2024-01-31 21:49:34,267 - tensor([2198, 7966, 8620], device='cuda:0')
2024-01-31 21:49:34,267 - Classification Succeeds.
2024-01-31 21:49:34,267 - Link Generation Succeeds.
2024-01-31 21:50:05,346 - Victim node is 2395.
2024-01-31 21:50:05,346 - tensor([1600, 6130, 7620], device='cuda:0')
2024-01-31 21:50:05,346 - Classification Succeeds.
2024-01-31 21:50:05,347 - Link Generation Fails.
2024-01-31 21:50:48,971 - Victim node is 7537.
2024-01-31 21:50:48,971 - tensor([2239, 8258, 8875], device='cuda:0')
2024-01-31 21:50:48,972 - Classification Succeeds.
2024-01-31 21:50:48,972 - Link Generation Succeeds.
2024-01-31 21:51:23,138 - Victim node is 704.
2024-01-31 21:51:23,140 - tensor([6130, 7557, 7620], device='cuda:0')
2024-01-31 21:51:23,140 - Classification Succeeds.
2024-01-31 21:51:23,140 - Link Generation Fails.
2024-01-31 21:51:54,041 - Victim node is 5666.
2024-01-31 21:51:54,041 - tensor([1759, 2260, 3383], device='cuda:0')
2024-01-31 21:51:54,041 - Classification Succeeds.
2024-01-31 21:51:54,041 - Link Generation Fails.
2024-01-31 21:52:25,648 - Victim node is 2561.
2024-01-31 21:52:25,648 - tensor([ 593, 2198, 2239], device='cuda:0')
2024-01-31 21:52:25,650 - Classification Succeeds.
2024-01-31 21:52:25,650 - Link Generation Fails.
2024-01-31 21:52:57,172 - Victim node is 5866.
2024-01-31 21:52:57,172 - tensor([ 593, 2198, 7789], device='cuda:0')
2024-01-31 21:52:57,173 - Classification Succeeds.
2024-01-31 21:52:57,173 - Link Generation Succeeds.
2024-01-31 21:53:29,528 - Victim node is 4012.
2024-01-31 21:53:29,528 - tensor([7928, 8603, 8783], device='cuda:0')
2024-01-31 21:53:29,528 - Classification Succeeds.
2024-01-31 21:53:29,528 - Link Generation Succeeds.
2024-01-31 21:53:59,650 - Victim node is 3810.
2024-01-31 21:53:59,650 - tensor([ 593, 2198, 4376], device='cuda:0')
2024-01-31 21:53:59,650 - Classification Succeeds.
2024-01-31 21:53:59,650 - Link Generation Fails.
2024-01-31 21:54:30,511 - Victim node is 4487.
2024-01-31 21:54:30,511 - tensor([1374, 6279, 6662], device='cuda:0')
2024-01-31 21:54:30,512 - Classification Succeeds.
2024-01-31 21:54:30,512 - Link Generation Fails.
2024-01-31 21:55:12,980 - Victim node is 3072.
2024-01-31 21:55:12,981 - tensor([ 593, 6702, 8255], device='cuda:0')
2024-01-31 21:55:12,981 - Classification Succeeds.
2024-01-31 21:55:12,981 - Link Generation Succeeds.
2024-01-31 21:55:46,180 - Victim node is 1534.
2024-01-31 21:55:46,180 - tensor([ 593, 2198, 2239], device='cuda:0')
2024-01-31 21:55:46,181 - Classification Succeeds.
2024-01-31 21:55:46,181 - Link Generation Fails.
2024-01-31 21:56:17,443 - Victim node is 7080.
2024-01-31 21:56:17,443 - tensor([3383, 6190, 7542], device='cuda:0')
2024-01-31 21:56:17,443 - Classification Succeeds.
2024-01-31 21:56:17,443 - Link Generation Fails.
2024-01-31 21:56:50,517 - Victim node is 4628.
2024-01-31 21:56:50,517 - tensor([2198, 2239, 7620], device='cuda:0')
2024-01-31 21:56:50,517 - Classification Succeeds.
2024-01-31 21:56:50,517 - Link Generation Fails.
2024-01-31 21:57:33,637 - Victim node is 2921.
2024-01-31 21:57:33,638 - tensor([2239, 7829, 8291], device='cuda:0')
2024-01-31 21:57:33,638 - Classification Fails.
2024-01-31 21:57:33,638 - Link Generation Succeeds.
2024-01-31 21:58:04,623 - Victim node is 4360.
2024-01-31 21:58:04,623 - tensor([3383, 5449, 7620], device='cuda:0')
2024-01-31 21:58:04,623 - Classification Succeeds.
2024-01-31 21:58:04,623 - Link Generation Fails.
2024-01-31 21:58:37,616 - Victim node is 5576.
2024-01-31 21:58:37,616 - tensor([2198, 8374, 8456], device='cuda:0')
2024-01-31 21:58:37,616 - Classification Fails.
2024-01-31 21:58:37,616 - Link Generation Succeeds.
2024-01-31 21:59:10,737 - Victim node is 7493.
2024-01-31 21:59:10,737 - tensor([7711, 7760, 7937], device='cuda:0')
2024-01-31 21:59:10,737 - Classification Fails.
2024-01-31 21:59:10,737 - Link Generation Succeeds.
2024-01-31 21:59:41,150 - Victim node is 2973.
2024-01-31 21:59:41,150 - tensor([ 593, 2198, 6702], device='cuda:0')
2024-01-31 21:59:41,150 - Classification Fails.
2024-01-31 21:59:41,150 - Link Generation Fails.
2024-01-31 22:00:11,800 - Victim node is 6032.
2024-01-31 22:00:11,800 - tensor([  16, 6190, 7542], device='cuda:0')
2024-01-31 22:00:11,801 - Classification Succeeds.
2024-01-31 22:00:11,801 - Link Generation Fails.
2024-01-31 22:00:42,618 - Victim node is 2692.
2024-01-31 22:00:42,618 - tensor([ 593, 2198, 2239], device='cuda:0')
2024-01-31 22:00:42,620 - Classification Succeeds.
2024-01-31 22:00:42,620 - Link Generation Fails.
2024-01-31 22:01:15,742 - Victim node is 2676.
2024-01-31 22:01:15,742 - tensor([7728, 7731, 8284], device='cuda:0')
2024-01-31 22:01:15,743 - Classification Succeeds.
2024-01-31 22:01:15,743 - Link Generation Succeeds.
2024-01-31 22:01:46,593 - Victim node is 1750.
2024-01-31 22:01:46,593 - tensor([2198, 6130, 7620], device='cuda:0')
2024-01-31 22:01:46,594 - Classification Succeeds.
2024-01-31 22:01:46,594 - Link Generation Fails.
2024-01-31 22:02:17,051 - Victim node is 5805.
2024-01-31 22:02:17,051 - tensor([6130, 6279, 7620], device='cuda:0')
2024-01-31 22:02:17,051 - Classification Succeeds.
2024-01-31 22:02:17,051 - Link Generation Fails.
2024-01-31 22:02:47,169 - Victim node is 4108.
2024-01-31 22:02:47,169 - tensor([1759, 2260, 7620], device='cuda:0')
2024-01-31 22:02:47,170 - Classification Succeeds.
2024-01-31 22:02:47,170 - Link Generation Fails.
2024-01-31 22:03:17,250 - Victim node is 356.
2024-01-31 22:03:17,250 - tensor([3383, 7362, 7656], device='cuda:0')
2024-01-31 22:03:17,250 - Classification Succeeds.
2024-01-31 22:03:17,250 - Link Generation Succeeds.
2024-01-31 22:05:51,087 - Victim node is 7054.
2024-01-31 22:05:51,087 - tensor([ 593, 8388, 8403], device='cuda:0')
2024-01-31 22:05:51,088 - Classification Succeeds.
2024-01-31 22:05:51,088 - Link Generation Succeeds.
2024-01-31 22:06:23,930 - Victim node is 5068.
2024-01-31 22:06:23,930 - tensor([2198, 7768, 8573], device='cuda:0')
2024-01-31 22:06:23,931 - Classification Succeeds.
2024-01-31 22:06:23,931 - Link Generation Succeeds.
2024-01-31 22:06:54,723 - Victim node is 4506.
2024-01-31 22:06:54,723 - tensor([3383, 6499, 7362], device='cuda:0')
2024-01-31 22:06:54,723 - Classification Succeeds.
2024-01-31 22:06:54,723 - Link Generation Fails.
2024-01-31 22:07:51,786 - Victim node is 4511.
2024-01-31 22:07:51,786 - tensor([8330, 8343, 9003], device='cuda:0')
2024-01-31 22:07:51,786 - Classification Succeeds.
2024-01-31 22:07:51,786 - Link Generation Succeeds.
2024-01-31 22:08:26,508 - Victim node is 405.
2024-01-31 22:08:26,508 - tensor([1136, 5526, 7758], device='cuda:0')
2024-01-31 22:08:26,509 - Classification Succeeds.
2024-01-31 22:08:26,509 - Link Generation Succeeds.
2024-01-31 22:08:57,063 - Victim node is 333.
2024-01-31 22:08:57,063 - tensor([4628, 4906, 6433], device='cuda:0')
2024-01-31 22:08:57,064 - Classification Succeeds.
2024-01-31 22:08:57,064 - Link Generation Fails.
2024-01-31 22:09:29,333 - Victim node is 4237.
2024-01-31 22:09:29,333 - tensor([4663, 6130, 7620], device='cuda:0')
2024-01-31 22:09:29,334 - Classification Succeeds.
2024-01-31 22:09:29,334 - Link Generation Fails.
2024-01-31 22:10:00,441 - Victim node is 6873.
2024-01-31 22:10:00,441 - tensor([6130, 6279, 7620], device='cuda:0')
2024-01-31 22:10:00,442 - Classification Succeeds.
2024-01-31 22:10:00,442 - Link Generation Fails.
2024-01-31 22:10:30,961 - Victim node is 6535.
2024-01-31 22:10:30,961 - tensor([ 593, 2198, 6702], device='cuda:0')
2024-01-31 22:10:30,961 - Classification Succeeds.
2024-01-31 22:10:30,961 - Link Generation Fails.
2024-01-31 22:11:01,628 - Victim node is 3349.
2024-01-31 22:11:01,628 - tensor([1759, 2260, 6433], device='cuda:0')
2024-01-31 22:11:01,628 - Classification Succeeds.
2024-01-31 22:11:01,628 - Link Generation Fails.
2024-01-31 22:11:31,506 - Victim node is 330.
2024-01-31 22:11:31,506 - tensor([  16, 6190, 7542], device='cuda:0')
2024-01-31 22:11:31,506 - Classification Succeeds.
2024-01-31 22:11:31,506 - Link Generation Fails.
2024-01-31 22:12:04,114 - Victim node is 5506.
2024-01-31 22:12:04,114 - tensor([ 593, 2198, 2239], device='cuda:0')
2024-01-31 22:12:04,115 - Classification Succeeds.
2024-01-31 22:12:04,115 - Link Generation Fails.
2024-01-31 22:12:34,782 - Victim node is 4955.
2024-01-31 22:12:34,782 - tensor([6190, 7177, 7542], device='cuda:0')
2024-01-31 22:12:34,783 - Classification Succeeds.
2024-01-31 22:12:34,783 - Link Generation Fails.
2024-01-31 22:13:32,478 - Victim node is 3672.
2024-01-31 22:13:32,478 - tensor([2239, 7844, 8367], device='cuda:0')
2024-01-31 22:13:32,478 - Classification Fails.
2024-01-31 22:13:32,478 - Link Generation Succeeds.
2024-01-31 22:14:02,430 - Victim node is 3175.
2024-01-31 22:14:02,430 - tensor([1155, 6130, 6359], device='cuda:0')
2024-01-31 22:14:02,430 - Classification Succeeds.
2024-01-31 22:14:02,430 - Link Generation Fails.
2024-01-31 22:14:34,903 - Victim node is 1596.
2024-01-31 22:14:34,903 - tensor([ 593, 2198, 2239], device='cuda:0')
2024-01-31 22:14:34,903 - Classification Succeeds.
2024-01-31 22:14:34,903 - Link Generation Fails.
2024-01-31 22:15:05,618 - Victim node is 2131.
2024-01-31 22:15:05,618 - tensor([ 481, 4663, 6433], device='cuda:0')
2024-01-31 22:15:05,618 - Classification Succeeds.
2024-01-31 22:15:05,618 - Link Generation Fails.
2024-01-31 22:16:02,632 - Victim node is 3445.
2024-01-31 22:16:02,632 - tensor([7824, 8293, 8931], device='cuda:0')
2024-01-31 22:16:02,632 - Classification Succeeds.
2024-01-31 22:16:02,632 - Link Generation Succeeds.
2024-01-31 22:16:33,701 - Victim node is 4551.
2024-01-31 22:16:33,701 - tensor([1759, 2198, 2239], device='cuda:0')
2024-01-31 22:16:33,702 - Classification Succeeds.
2024-01-31 22:16:33,702 - Link Generation Fails.
2024-01-31 22:17:06,518 - Victim node is 2001.
2024-01-31 22:17:06,519 - tensor([ 593, 2239, 7902], device='cuda:0')
2024-01-31 22:17:06,519 - Classification Succeeds.
2024-01-31 22:17:06,519 - Link Generation Succeeds.
2024-01-31 22:17:39,140 - Victim node is 2040.
2024-01-31 22:17:39,140 - tensor([ 593, 2198, 8647], device='cuda:0')
2024-01-31 22:17:39,140 - Classification Succeeds.
2024-01-31 22:17:39,140 - Link Generation Succeeds.
2024-01-31 22:18:12,165 - Victim node is 6500.
2024-01-31 22:18:12,165 - tensor([2198, 7927, 8607], device='cuda:0')
2024-01-31 22:18:12,165 - Classification Succeeds.
2024-01-31 22:18:12,165 - Link Generation Succeeds.
2024-01-31 22:18:45,196 - Victim node is 1910.
2024-01-31 22:18:45,196 - tensor([ 593, 2198, 2239], device='cuda:0')
2024-01-31 22:18:45,197 - Classification Succeeds.
2024-01-31 22:18:45,197 - Link Generation Fails.
2024-01-31 22:19:16,040 - Victim node is 1199.
2024-01-31 22:19:16,040 - tensor([ 593, 2198, 2239], device='cuda:0')
2024-01-31 22:19:16,041 - Classification Succeeds.
2024-01-31 22:19:16,041 - Link Generation Fails.
2024-01-31 22:19:46,767 - Victim node is 7177.
2024-01-31 22:19:46,767 - tensor([ 593, 2198, 6702], device='cuda:0')
2024-01-31 22:19:46,768 - Classification Succeeds.
2024-01-31 22:19:46,768 - Link Generation Fails.
2024-01-31 22:20:16,750 - Victim node is 6472.
2024-01-31 22:20:16,750 - tensor([6130, 6279, 7761], device='cuda:0')
2024-01-31 22:20:16,750 - Classification Succeeds.
2024-01-31 22:20:16,750 - Link Generation Succeeds.
2024-01-31 22:20:48,838 - Victim node is 6137.
2024-01-31 22:20:48,838 - tensor([7917, 8542, 8562], device='cuda:0')
2024-01-31 22:20:48,838 - Classification Fails.
2024-01-31 22:20:48,838 - Link Generation Succeeds.
2024-01-31 22:21:18,325 - Victim node is 6465.
2024-01-31 22:21:18,325 - tensor([1759, 1969, 7620], device='cuda:0')
2024-01-31 22:21:18,326 - Classification Succeeds.
2024-01-31 22:21:18,326 - Link Generation Fails.
2024-01-31 22:21:50,126 - Victim node is 160.
2024-01-31 22:21:50,126 - tensor([2198, 4646, 7620], device='cuda:0')
2024-01-31 22:21:50,127 - Classification Succeeds.
2024-01-31 22:21:50,127 - Link Generation Fails.
2024-01-31 22:22:19,597 - Victim node is 6380.
2024-01-31 22:22:19,597 - tensor([3383, 6662, 7620], device='cuda:0')
2024-01-31 22:22:19,597 - Classification Succeeds.
2024-01-31 22:22:19,597 - Link Generation Fails.
2024-01-31 22:22:49,135 - Victim node is 6912.
2024-01-31 22:22:49,135 - tensor([1759, 2260, 4666], device='cuda:0')
2024-01-31 22:22:49,135 - Classification Fails.
2024-01-31 22:22:49,137 - Link Generation Fails.
2024-01-31 22:23:18,275 - Victim node is 2556.
2024-01-31 22:23:18,275 - tensor([ 593, 2198, 2239], device='cuda:0')
2024-01-31 22:23:18,275 - Classification Succeeds.
2024-01-31 22:23:18,275 - Link Generation Fails.
2024-01-31 22:23:45,195 - Victim node is 6356.
2024-01-31 22:23:45,196 - tensor([4646, 6433, 7620], device='cuda:0')
2024-01-31 22:23:45,196 - Classification Succeeds.
2024-01-31 22:23:45,196 - Link Generation Fails.
2024-01-31 22:24:14,979 - Victim node is 2217.
2024-01-31 22:24:14,979 - tensor([5356, 6190, 7542], device='cuda:0')
2024-01-31 22:24:14,981 - Classification Succeeds.
2024-01-31 22:24:14,981 - Link Generation Fails.
2024-01-31 22:24:44,271 - Victim node is 7146.
2024-01-31 22:24:44,271 - tensor([5449, 6190, 6962], device='cuda:0')
2024-01-31 22:24:44,271 - Classification Succeeds.
2024-01-31 22:24:44,271 - Link Generation Fails.
2024-01-31 22:25:15,151 - Victim node is 4127.
2024-01-31 22:25:15,151 - tensor([2198, 7878, 8437], device='cuda:0')
2024-01-31 22:25:15,151 - Classification Succeeds.
2024-01-31 22:25:15,151 - Link Generation Succeeds.
2024-01-31 22:25:44,200 - Victim node is 2181.
2024-01-31 22:25:44,200 - tensor([5875, 6190, 7542], device='cuda:0')
2024-01-31 22:25:44,200 - Classification Succeeds.
2024-01-31 22:25:44,201 - Link Generation Fails.
2024-01-31 22:26:13,652 - Victim node is 7282.
2024-01-31 22:26:13,653 - tensor([1136, 5526, 7557], device='cuda:0')
2024-01-31 22:26:13,653 - Classification Succeeds.
2024-01-31 22:26:13,653 - Link Generation Fails.
2024-01-31 22:26:42,557 - Victim node is 5753.
2024-01-31 22:26:42,557 - tensor([2260, 4666, 7620], device='cuda:0')
2024-01-31 22:26:42,557 - Classification Succeeds.
2024-01-31 22:26:42,557 - Link Generation Fails.
2024-01-31 22:27:11,821 - Victim node is 681.
2024-01-31 22:27:11,821 - tensor([6279, 6662, 7542], device='cuda:0')
2024-01-31 22:27:11,821 - Classification Succeeds.
2024-01-31 22:27:11,821 - Link Generation Fails.
2024-01-31 22:27:41,207 - Victim node is 2584.
2024-01-31 22:27:41,208 - tensor([ 593, 2198, 4376], device='cuda:0')
2024-01-31 22:27:41,208 - Classification Fails.
2024-01-31 22:27:41,208 - Link Generation Fails.
2024-01-31 22:28:11,129 - Victim node is 6508.
2024-01-31 22:28:11,129 - tensor([6130, 6279, 7620], device='cuda:0')
2024-01-31 22:28:11,129 - Classification Succeeds.
2024-01-31 22:28:11,129 - Link Generation Fails.
2024-01-31 22:28:40,342 - Victim node is 5019.
2024-01-31 22:28:40,342 - tensor([1759, 2260, 7620], device='cuda:0')
2024-01-31 22:28:40,342 - Classification Succeeds.
2024-01-31 22:28:40,343 - Link Generation Fails.
2024-01-31 22:29:10,264 - Victim node is 4945.
2024-01-31 22:29:10,264 - tensor([1599, 6130, 6279], device='cuda:0')
2024-01-31 22:29:10,264 - Classification Succeeds.
2024-01-31 22:29:10,264 - Link Generation Fails.
2024-01-31 22:29:40,185 - Victim node is 2519.
2024-01-31 22:29:40,185 - tensor([ 593, 2198, 2239], device='cuda:0')
2024-01-31 22:29:40,185 - Classification Succeeds.
2024-01-31 22:29:40,185 - Link Generation Fails.
2024-01-31 22:30:10,036 - Victim node is 3743.
2024-01-31 22:30:10,036 - tensor([ 593, 2198, 7805], device='cuda:0')
2024-01-31 22:30:10,036 - Classification Succeeds.
2024-01-31 22:30:10,036 - Link Generation Succeeds.
2024-01-31 22:30:40,618 - Victim node is 509.
2024-01-31 22:30:40,618 - tensor([2198, 7743, 8292], device='cuda:0')
2024-01-31 22:30:40,618 - Classification Fails.
2024-01-31 22:30:40,618 - Link Generation Succeeds.
2024-01-31 22:31:43,186 - Victim node is 4155.
2024-01-31 22:31:43,186 - tensor([ 593, 7808, 8811], device='cuda:0')
2024-01-31 22:31:43,186 - Classification Succeeds.
2024-01-31 22:31:43,187 - Link Generation Succeeds.
2024-01-31 22:32:13,301 - Victim node is 3435.
2024-01-31 22:32:13,301 - tensor([1759, 6130, 7620], device='cuda:0')
2024-01-31 22:32:13,301 - Classification Succeeds.
2024-01-31 22:32:13,302 - Link Generation Fails.
2024-01-31 22:32:43,180 - Victim node is 4756.
2024-01-31 22:32:43,180 - tensor([3383, 7362, 7663], device='cuda:0')
2024-01-31 22:32:43,180 - Classification Succeeds.
2024-01-31 22:32:43,180 - Link Generation Succeeds.
2024-01-31 22:33:14,519 - Victim node is 6130.
2024-01-31 22:33:14,519 - tensor([ 932, 4237, 7620], device='cuda:0')
2024-01-31 22:33:14,519 - Classification Succeeds.
2024-01-31 22:33:14,519 - Link Generation Fails.
2024-01-31 22:33:43,758 - Victim node is 1845.
2024-01-31 22:33:43,758 - tensor([2923, 6190, 7542], device='cuda:0')
2024-01-31 22:33:43,758 - Classification Succeeds.
2024-01-31 22:33:43,758 - Link Generation Fails.
2024-01-31 22:34:13,066 - Victim node is 2411.
2024-01-31 22:34:13,067 - tensor([1759, 2260, 4666], device='cuda:0')
2024-01-31 22:34:13,067 - Classification Succeeds.
2024-01-31 22:34:13,067 - Link Generation Fails.
2024-01-31 22:34:42,195 - Victim node is 1601.
2024-01-31 22:34:42,195 - tensor([2198, 2239, 4376], device='cuda:0')
2024-01-31 22:34:42,195 - Classification Succeeds.
2024-01-31 22:34:42,195 - Link Generation Fails.
2024-01-31 22:35:11,104 - Victim node is 2305.
2024-01-31 22:35:11,105 - tensor([1155, 6359, 7058], device='cuda:0')
2024-01-31 22:35:11,105 - Classification Succeeds.
2024-01-31 22:35:11,105 - Link Generation Fails.
2024-01-31 22:35:40,406 - Victim node is 5946.
2024-01-31 22:35:40,406 - tensor([1600, 5449, 7542], device='cuda:0')
2024-01-31 22:35:40,407 - Classification Succeeds.
2024-01-31 22:35:40,407 - Link Generation Fails.
2024-01-31 22:36:11,003 - Victim node is 621.
2024-01-31 22:36:11,003 - tensor([ 593, 2198, 2239], device='cuda:0')
2024-01-31 22:36:11,003 - Classification Succeeds.
2024-01-31 22:36:11,003 - Link Generation Fails.
2024-01-31 22:36:42,254 - Victim node is 4361.
2024-01-31 22:36:42,254 - tensor([ 932, 4237, 7460], device='cuda:0')
2024-01-31 22:36:42,254 - Classification Succeeds.
2024-01-31 22:36:42,254 - Link Generation Fails.
2024-01-31 22:37:11,562 - Victim node is 4995.
2024-01-31 22:37:11,562 - tensor([6190, 6279, 7766], device='cuda:0')
2024-01-31 22:37:11,563 - Classification Succeeds.
2024-01-31 22:37:11,563 - Link Generation Succeeds.
2024-01-31 22:38:30,121 - Victim node is 411.
2024-01-31 22:38:30,122 - tensor([ 593, 8769, 8793], device='cuda:0')
2024-01-31 22:38:30,122 - Classification Succeeds.
2024-01-31 22:38:30,122 - Link Generation Succeeds.
2024-01-31 22:39:02,164 - Victim node is 2062.
2024-01-31 22:39:02,165 - tensor([7713, 7725, 7824], device='cuda:0')
2024-01-31 22:39:02,165 - Classification Succeeds.
2024-01-31 22:39:02,165 - Link Generation Succeeds.
2024-01-31 22:40:20,867 - Victim node is 2770.
2024-01-31 22:40:20,867 - tensor([2239, 8265, 8895], device='cuda:0')
2024-01-31 22:40:20,867 - Classification Succeeds.
2024-01-31 22:40:20,867 - Link Generation Succeeds.
2024-01-31 22:40:50,378 - Victim node is 7039.
2024-01-31 22:40:50,378 - tensor([2198, 2239, 4376], device='cuda:0')
2024-01-31 22:40:50,379 - Classification Succeeds.
2024-01-31 22:40:50,379 - Link Generation Fails.
2024-01-31 22:41:20,886 - Victim node is 6396.
2024-01-31 22:41:20,886 - tensor([2731, 7714, 7728], device='cuda:0')
2024-01-31 22:41:20,887 - Classification Succeeds.
2024-01-31 22:41:20,887 - Link Generation Succeeds.
2024-01-31 22:42:52,328 - Victim node is 372.
2024-01-31 22:42:52,328 - tensor([ 593, 8321, 8336], device='cuda:0')
2024-01-31 22:42:52,328 - Classification Succeeds.
2024-01-31 22:42:52,329 - Link Generation Succeeds.
2024-01-31 22:45:38,095 - Victim node is 3234.
2024-01-31 22:45:38,095 - tensor([7838, 8345, 8359], device='cuda:0')
2024-01-31 22:45:38,096 - Classification Succeeds.
2024-01-31 22:45:38,096 - Link Generation Succeeds.
2024-01-31 22:46:07,900 - Victim node is 6598.
2024-01-31 22:46:07,900 - tensor([2731, 6662, 7620], device='cuda:0')
2024-01-31 22:46:07,901 - Classification Succeeds.
2024-01-31 22:46:07,901 - Link Generation Fails.
2024-01-31 22:46:37,660 - Victim node is 7307.
2024-01-31 22:46:37,660 - tensor([2198, 2239, 4376], device='cuda:0')
2024-01-31 22:46:37,660 - Classification Succeeds.
2024-01-31 22:46:37,660 - Link Generation Fails.
2024-01-31 22:47:08,513 - Victim node is 6590.
2024-01-31 22:47:08,513 - tensor([2198, 2239, 4376], device='cuda:0')
2024-01-31 22:47:08,513 - Classification Fails.
2024-01-31 22:47:08,513 - Link Generation Fails.
2024-01-31 22:47:38,224 - Victim node is 6696.
2024-01-31 22:47:38,224 - tensor([2198, 7746, 8412], device='cuda:0')
2024-01-31 22:47:38,225 - Classification Succeeds.
2024-01-31 22:47:38,225 - Link Generation Succeeds.
2024-01-31 22:48:09,499 - Victim node is 2193.
2024-01-31 22:48:09,499 - tensor([7740, 7847, 8348], device='cuda:0')
2024-01-31 22:48:09,500 - Classification Fails.
2024-01-31 22:48:09,500 - Link Generation Succeeds.
2024-01-31 22:48:41,089 - Victim node is 3612.
2024-01-31 22:48:41,089 - tensor([2198, 2239, 7920], device='cuda:0')
2024-01-31 22:48:41,089 - Classification Succeeds.
2024-01-31 22:48:41,090 - Link Generation Succeeds.
2024-01-31 22:49:09,937 - Victim node is 5619.
2024-01-31 22:49:09,937 - tensor([3383, 7362, 7620], device='cuda:0')
2024-01-31 22:49:09,938 - Classification Succeeds.
2024-01-31 22:49:09,938 - Link Generation Fails.
2024-01-31 22:49:39,906 - Victim node is 4949.
2024-01-31 22:49:39,906 - tensor([1136, 5526, 7620], device='cuda:0')
2024-01-31 22:49:39,907 - Classification Succeeds.
2024-01-31 22:49:39,907 - Link Generation Fails.
2024-01-31 22:51:04,382 - Victim node is 669.
2024-01-31 22:51:04,382 - tensor([ 593, 2239, 8314], device='cuda:0')
2024-01-31 22:51:04,383 - Classification Succeeds.
2024-01-31 22:51:04,383 - Link Generation Succeeds.
2024-01-31 22:51:36,436 - Victim node is 7313.
2024-01-31 22:51:36,436 - tensor([2198, 2239, 4376], device='cuda:0')
2024-01-31 22:51:36,437 - Classification Fails.
2024-01-31 22:51:36,437 - Link Generation Fails.
2024-01-31 22:52:03,906 - Victim node is 4720.
2024-01-31 22:52:03,906 - tensor([1599, 3383, 6962], device='cuda:0')
2024-01-31 22:52:03,906 - Classification Succeeds.
2024-01-31 22:52:03,906 - Link Generation Fails.
2024-01-31 22:52:31,839 - Victim node is 5161.
2024-01-31 22:52:31,839 - tensor([3383, 5449, 6662], device='cuda:0')
2024-01-31 22:52:31,839 - Classification Succeeds.
2024-01-31 22:52:31,839 - Link Generation Fails.
2024-01-31 22:52:59,372 - Victim node is 2879.
2024-01-31 22:52:59,372 - tensor([ 526, 7673, 7712], device='cuda:0')
2024-01-31 22:52:59,373 - Classification Succeeds.
2024-01-31 22:52:59,373 - Link Generation Succeeds.
2024-01-31 22:53:28,697 - Victim node is 1562.
2024-01-31 22:53:28,698 - tensor([3383, 6130, 7620], device='cuda:0')
2024-01-31 22:53:28,698 - Classification Succeeds.
2024-01-31 22:53:28,698 - Link Generation Fails.
2024-01-31 22:54:00,022 - Victim node is 6291.
2024-01-31 22:54:00,022 - tensor([ 593, 2239, 8670], device='cuda:0')
2024-01-31 22:54:00,022 - Classification Succeeds.
2024-01-31 22:54:00,022 - Link Generation Succeeds.
2024-01-31 22:54:31,615 - Victim node is 3062.
2024-01-31 22:54:31,615 - tensor([2198, 7920, 8659], device='cuda:0')
2024-01-31 22:54:31,615 - Classification Succeeds.
2024-01-31 22:54:31,615 - Link Generation Succeeds.
2024-01-31 22:55:03,425 - Victim node is 898.
2024-01-31 22:55:03,425 - tensor([ 593, 2198, 7841], device='cuda:0')
2024-01-31 22:55:03,425 - Classification Succeeds.
2024-01-31 22:55:03,425 - Link Generation Succeeds.
2024-01-31 22:55:32,606 - Victim node is 3000.
2024-01-31 22:55:32,606 - tensor([3383, 7460, 7620], device='cuda:0')
2024-01-31 22:55:32,606 - Classification Fails.
2024-01-31 22:55:32,606 - Link Generation Fails.
2024-01-31 22:56:46,862 - Victim node is 5330.
2024-01-31 22:56:46,863 - tensor([7827, 8312, 8325], device='cuda:0')
2024-01-31 22:56:46,863 - Classification Succeeds.
2024-01-31 22:56:46,863 - Link Generation Succeeds.
2024-01-31 22:57:24,764 - Victim node is 2668.
2024-01-31 22:57:24,765 - tensor([7685, 7753, 7816], device='cuda:0')
2024-01-31 22:57:24,765 - Classification Fails.
2024-01-31 22:57:24,765 - Link Generation Succeeds.
2024-01-31 23:00:19,086 - Victim node is 6098.
2024-01-31 23:00:19,086 - tensor([ 593, 2239, 7866], device='cuda:0')
2024-01-31 23:00:19,086 - Classification Succeeds.
2024-01-31 23:00:19,086 - Link Generation Succeeds.
2024-01-31 23:00:49,673 - Victim node is 5181.
2024-01-31 23:00:49,673 - tensor([ 593, 2198, 2239], device='cuda:0')
2024-01-31 23:00:49,674 - Classification Succeeds.
2024-01-31 23:00:49,674 - Link Generation Fails.
2024-01-31 23:01:19,049 - Victim node is 4226.
2024-01-31 23:01:19,049 - tensor([1136, 1599, 6662], device='cuda:0')
2024-01-31 23:01:19,049 - Classification Succeeds.
2024-01-31 23:01:19,049 - Link Generation Fails.
2024-01-31 23:01:48,294 - Victim node is 1897.
2024-01-31 23:01:48,294 - tensor([7651, 7652, 7653], device='cuda:0')
2024-01-31 23:01:48,295 - Classification Fails.
2024-01-31 23:01:48,295 - Link Generation Succeeds.
2024-01-31 23:02:17,753 - Victim node is 2715.
2024-01-31 23:02:17,753 - tensor([ 932, 3383, 7460], device='cuda:0')
2024-01-31 23:02:17,754 - Classification Succeeds.
2024-01-31 23:02:17,754 - Link Generation Fails.
2024-01-31 23:02:48,859 - Victim node is 7478.
2024-01-31 23:02:48,860 - tensor([ 593, 2198, 2239], device='cuda:0')
2024-01-31 23:02:48,860 - Classification Succeeds.
2024-01-31 23:02:48,860 - Link Generation Fails.
2024-01-31 23:03:18,114 - Victim node is 5913.
2024-01-31 23:03:18,114 - tensor([4663, 6662, 7620], device='cuda:0')
2024-01-31 23:03:18,115 - Classification Succeeds.
2024-01-31 23:03:18,115 - Link Generation Fails.
2024-01-31 23:03:47,336 - Victim node is 2448.
2024-01-31 23:03:47,336 - tensor([1759, 2260, 7620], device='cuda:0')
2024-01-31 23:03:47,336 - Classification Fails.
2024-01-31 23:03:47,336 - Link Generation Fails.
2024-01-31 23:04:16,948 - Victim node is 2091.
2024-01-31 23:04:16,948 - tensor([7651, 7652, 7653], device='cuda:0')
2024-01-31 23:04:16,949 - Classification Fails.
2024-01-31 23:04:16,949 - Link Generation Succeeds.
2024-01-31 23:04:48,436 - Victim node is 4731.
2024-01-31 23:04:48,436 - tensor([ 593, 2198, 2239], device='cuda:0')
2024-01-31 23:04:48,436 - Classification Succeeds.
2024-01-31 23:04:48,437 - Link Generation Fails.
2024-01-31 23:05:19,542 - Victim node is 3105.
2024-01-31 23:05:19,542 - tensor([2239, 7947, 8654], device='cuda:0')
2024-01-31 23:05:19,542 - Classification Succeeds.
2024-01-31 23:05:19,543 - Link Generation Succeeds.
2024-01-31 23:05:48,366 - Victim node is 1761.
2024-01-31 23:05:48,366 - tensor([ 593, 2198, 2239], device='cuda:0')
2024-01-31 23:05:48,366 - Classification Succeeds.
2024-01-31 23:05:48,366 - Link Generation Fails.
2024-01-31 23:06:17,702 - Victim node is 3286.
2024-01-31 23:06:17,702 - tensor([ 593, 2198, 2239], device='cuda:0')
2024-01-31 23:06:17,704 - Classification Succeeds.
2024-01-31 23:06:17,704 - Link Generation Fails.
2024-01-31 23:06:46,999 - Victim node is 870.
2024-01-31 23:06:46,999 - tensor([6190, 6662, 6962], device='cuda:0')
2024-01-31 23:06:46,999 - Classification Succeeds.
2024-01-31 23:06:46,999 - Link Generation Fails.
2024-01-31 23:07:16,019 - Victim node is 1529.
2024-01-31 23:07:16,019 - tensor([6130, 7460, 7620], device='cuda:0')
2024-01-31 23:07:16,019 - Classification Succeeds.
2024-01-31 23:07:16,019 - Link Generation Fails.
2024-01-31 23:07:45,018 - Victim node is 5597.
2024-01-31 23:07:45,018 - tensor([ 593, 2198, 6702], device='cuda:0')
2024-01-31 23:07:45,018 - Classification Succeeds.
2024-01-31 23:07:45,018 - Link Generation Fails.
2024-01-31 23:08:16,657 - Victim node is 2597.
2024-01-31 23:08:16,657 - tensor([1374, 1599, 7620], device='cuda:0')
2024-01-31 23:08:16,657 - Classification Succeeds.
2024-01-31 23:08:16,657 - Link Generation Fails.
2024-01-31 23:08:46,011 - Victim node is 7574.
2024-01-31 23:08:46,012 - tensor([3383, 7542, 7650], device='cuda:0')
2024-01-31 23:08:46,012 - Classification Succeeds.
2024-01-31 23:08:46,012 - Link Generation Succeeds.
2024-01-31 23:11:34,262 - Victim node is 495.
2024-01-31 23:11:34,262 - tensor([ 593, 2198, 2239], device='cuda:0')
2024-01-31 23:11:34,263 - Classification Succeeds.
2024-01-31 23:11:34,263 - Link Generation Fails.
2024-01-31 23:12:04,461 - Victim node is 646.
2024-01-31 23:12:04,461 - tensor([3200, 7362, 7651], device='cuda:0')
2024-01-31 23:12:04,461 - Classification Succeeds.
2024-01-31 23:12:04,461 - Link Generation Succeeds.
2024-01-31 23:12:36,353 - Victim node is 2809.
2024-01-31 23:12:36,353 - tensor([2198, 2239, 7765], device='cuda:0')
2024-01-31 23:12:36,354 - Classification Succeeds.
2024-01-31 23:12:36,354 - Link Generation Succeeds.
2024-01-31 23:13:06,183 - Victim node is 4011.
2024-01-31 23:13:06,183 - tensor([ 593, 2198, 2239], device='cuda:0')
2024-01-31 23:13:06,183 - Classification Succeeds.
2024-01-31 23:13:06,183 - Link Generation Fails.
2024-01-31 23:13:38,631 - Victim node is 5317.
2024-01-31 23:13:38,633 - tensor([2198, 7736, 7804], device='cuda:0')
2024-01-31 23:13:38,633 - Classification Fails.
2024-01-31 23:13:38,633 - Link Generation Succeeds.
2024-01-31 23:14:08,873 - Victim node is 4505.
2024-01-31 23:14:08,873 - tensor([6433, 7680, 7692], device='cuda:0')
2024-01-31 23:14:08,873 - Classification Fails.
2024-01-31 23:14:08,873 - Link Generation Succeeds.
2024-01-31 23:14:41,291 - Victim node is 1498.
2024-01-31 23:14:41,292 - tensor([2198, 7838, 8294], device='cuda:0')
2024-01-31 23:14:41,292 - Classification Fails.
2024-01-31 23:14:41,292 - Link Generation Succeeds.
2024-01-31 23:15:52,918 - Victim node is 2812.
2024-01-31 23:15:52,918 - tensor([7975, 8769, 8794], device='cuda:0')
2024-01-31 23:15:52,918 - Classification Succeeds.
2024-01-31 23:15:52,918 - Link Generation Succeeds.
2024-01-31 23:16:22,605 - Victim node is 729.
2024-01-31 23:16:22,605 - tensor([1374, 1600, 5449], device='cuda:0')
2024-01-31 23:16:22,605 - Classification Succeeds.
2024-01-31 23:16:22,606 - Link Generation Fails.
2024-01-31 23:17:47,087 - Victim node is 3226.
2024-01-31 23:17:47,087 - tensor([7845, 8346, 8360], device='cuda:0')
2024-01-31 23:17:47,087 - Classification Succeeds.
2024-01-31 23:17:47,087 - Link Generation Succeeds.
2024-01-31 23:19:36,534 - Victim node is 5979.
2024-01-31 23:19:36,534 - tensor([7841, 8353, 8367], device='cuda:0')
2024-01-31 23:19:36,534 - Classification Succeeds.
2024-01-31 23:19:36,534 - Link Generation Succeeds.
2024-01-31 23:22:22,244 - Victim node is 5415.
2024-01-31 23:22:22,244 - tensor([7855, 8392, 8406], device='cuda:0')
2024-01-31 23:22:22,245 - Classification Succeeds.
2024-01-31 23:22:22,245 - Link Generation Succeeds.
2024-01-31 23:23:00,169 - Victim node is 6174.
2024-01-31 23:23:00,169 - tensor([1759, 4666, 7656], device='cuda:0')
2024-01-31 23:23:00,169 - Classification Succeeds.
2024-01-31 23:23:00,169 - Link Generation Succeeds.
2024-01-31 23:23:29,622 - Victim node is 1992.
2024-01-31 23:23:29,622 - tensor([3383, 7653, 7699], device='cuda:0')
2024-01-31 23:23:29,622 - Classification Succeeds.
2024-01-31 23:23:29,622 - Link Generation Succeeds.
2024-01-31 23:23:58,903 - Victim node is 1187.
2024-01-31 23:23:58,903 - tensor([7702, 7707, 7861], device='cuda:0')
2024-01-31 23:23:58,904 - Classification Fails.
2024-01-31 23:23:58,904 - Link Generation Succeeds.
2024-01-31 23:24:28,615 - Victim node is 2002.
2024-01-31 23:24:28,615 - tensor([2198, 2239, 4376], device='cuda:0')
2024-01-31 23:24:28,615 - Classification Fails.
2024-01-31 23:24:28,615 - Link Generation Fails.
2024-01-31 23:24:57,861 - Victim node is 3468.
2024-01-31 23:24:57,861 - tensor([ 593, 2198, 2239], device='cuda:0')
2024-01-31 23:24:57,861 - Classification Succeeds.
2024-01-31 23:24:57,861 - Link Generation Fails.
2024-01-31 23:25:27,309 - Victim node is 47.
2024-01-31 23:25:27,310 - tensor([ 593, 2198, 2239], device='cuda:0')
2024-01-31 23:25:27,310 - Classification Succeeds.
2024-01-31 23:25:27,310 - Link Generation Fails.
2024-01-31 23:25:56,947 - Victim node is 1680.
2024-01-31 23:25:56,947 - tensor([3383, 7542, 7669], device='cuda:0')
2024-01-31 23:25:56,948 - Classification Succeeds.
2024-01-31 23:25:56,948 - Link Generation Succeeds.
2024-01-31 23:26:28,821 - Victim node is 107.
2024-01-31 23:26:28,821 - tensor([2198, 7834, 8135], device='cuda:0')
2024-01-31 23:26:28,821 - Classification Succeeds.
2024-01-31 23:26:28,821 - Link Generation Succeeds.
2024-01-31 23:26:58,129 - Victim node is 6681.
2024-01-31 23:26:58,129 - tensor([1374, 1599, 7620], device='cuda:0')
2024-01-31 23:26:58,129 - Classification Succeeds.
2024-01-31 23:26:58,129 - Link Generation Fails.
2024-01-31 23:27:27,368 - Victim node is 7099.
2024-01-31 23:27:27,368 - tensor([6190, 6662, 6962], device='cuda:0')
2024-01-31 23:27:27,369 - Classification Fails.
2024-01-31 23:27:27,369 - Link Generation Fails.
2024-01-31 23:27:56,864 - Victim node is 3943.
2024-01-31 23:27:56,864 - tensor([ 593, 2198, 2239], device='cuda:0')
2024-01-31 23:27:56,864 - Classification Succeeds.
2024-01-31 23:27:56,864 - Link Generation Fails.
2024-01-31 23:28:26,442 - Victim node is 7009.
2024-01-31 23:28:26,442 - tensor([1136, 1599, 5526], device='cuda:0')
2024-01-31 23:28:26,442 - Classification Succeeds.
2024-01-31 23:28:26,442 - Link Generation Fails.
2024-01-31 23:28:58,047 - Victim node is 5716.
2024-01-31 23:28:58,047 - tensor([2198, 7837, 8274], device='cuda:0')
2024-01-31 23:28:58,047 - Classification Fails.
2024-01-31 23:28:58,047 - Link Generation Succeeds.
2024-01-31 23:29:29,757 - Victim node is 3382.
2024-01-31 23:29:29,757 - tensor([ 593, 2198, 8374], device='cuda:0')
2024-01-31 23:29:29,757 - Classification Succeeds.
2024-01-31 23:29:29,757 - Link Generation Succeeds.
2024-01-31 23:29:59,486 - Victim node is 2980.
2024-01-31 23:29:59,486 - tensor([ 593, 2198, 4376], device='cuda:0')
2024-01-31 23:29:59,487 - Classification Succeeds.
2024-01-31 23:29:59,487 - Link Generation Fails.
2024-01-31 23:31:15,693 - Victim node is 1513.
2024-01-31 23:31:15,693 - tensor([7852, 8368, 8383], device='cuda:0')
2024-01-31 23:31:15,693 - Classification Succeeds.
2024-01-31 23:31:15,693 - Link Generation Succeeds.
2024-01-31 23:32:57,140 - Victim node is 1997.
2024-01-31 23:32:57,140 - tensor([ 593, 8272, 8284], device='cuda:0')
2024-01-31 23:32:57,140 - Classification Succeeds.
2024-01-31 23:32:57,140 - Link Generation Succeeds.
2024-01-31 23:33:26,763 - Victim node is 4544.
2024-01-31 23:33:26,763 - tensor([6279, 7707, 7821], device='cuda:0')
2024-01-31 23:33:26,763 - Classification Fails.
2024-01-31 23:33:26,763 - Link Generation Succeeds.
2024-01-31 23:33:58,325 - Victim node is 7430.
2024-01-31 23:33:58,325 - tensor([ 593, 2198, 8577], device='cuda:0')
2024-01-31 23:33:58,326 - Classification Succeeds.
2024-01-31 23:33:58,326 - Link Generation Succeeds.
2024-01-31 23:35:13,504 - Victim node is 986.
2024-01-31 23:35:13,504 - tensor([ 593, 2239, 8314], device='cuda:0')
2024-01-31 23:35:13,504 - Classification Fails.
2024-01-31 23:35:13,504 - Link Generation Succeeds.
2024-01-31 23:35:52,158 - Victim node is 5072.
2024-01-31 23:35:52,158 - tensor([3383, 7738, 7824], device='cuda:0')
2024-01-31 23:35:52,159 - Classification Fails.
2024-01-31 23:35:52,159 - Link Generation Succeeds.
2024-01-31 23:36:21,864 - Victim node is 1114.
2024-01-31 23:36:21,864 - tensor([ 593, 2198, 2239], device='cuda:0')
2024-01-31 23:36:21,865 - Classification Succeeds.
2024-01-31 23:36:21,865 - Link Generation Fails.
2024-01-31 23:36:51,726 - Victim node is 4640.
2024-01-31 23:36:51,726 - tensor([5449, 6433, 7620], device='cuda:0')
2024-01-31 23:36:51,726 - Classification Succeeds.
2024-01-31 23:36:51,726 - Link Generation Fails.
2024-01-31 23:37:21,400 - Victim node is 7542.
2024-01-31 23:37:21,400 - tensor([3383, 6499, 7362], device='cuda:0')
2024-01-31 23:37:21,400 - Classification Succeeds.
2024-01-31 23:37:21,400 - Link Generation Fails.
2024-01-31 23:37:50,845 - Victim node is 5345.
2024-01-31 23:37:50,846 - tensor([5449, 6662, 7620], device='cuda:0')
2024-01-31 23:37:50,846 - Classification Succeeds.
2024-01-31 23:37:50,846 - Link Generation Fails.
2024-01-31 23:39:08,080 - Victim node is 7428.
2024-01-31 23:39:08,080 - tensor([7837, 8332, 8346], device='cuda:0')
2024-01-31 23:39:08,080 - Classification Succeeds.
2024-01-31 23:39:08,080 - Link Generation Succeeds.
2024-01-31 23:39:39,821 - Victim node is 3107.
2024-01-31 23:39:39,821 - tensor([6130, 7460, 7620], device='cuda:0')
2024-01-31 23:39:39,821 - Classification Succeeds.
2024-01-31 23:39:39,821 - Link Generation Fails.
2024-01-31 23:40:09,209 - Victim node is 7019.
2024-01-31 23:40:09,209 - tensor([4663, 6130, 7620], device='cuda:0')
2024-01-31 23:40:09,209 - Classification Succeeds.
2024-01-31 23:40:09,209 - Link Generation Fails.
2024-01-31 23:40:38,884 - Victim node is 4773.
2024-01-31 23:40:38,884 - tensor([ 593, 2198, 2239], device='cuda:0')
2024-01-31 23:40:38,884 - Classification Succeeds.
2024-01-31 23:40:38,884 - Link Generation Fails.
2024-01-31 23:41:08,132 - Victim node is 97.
2024-01-31 23:41:08,133 - tensor([3383, 7362, 7542], device='cuda:0')
2024-01-31 23:41:08,133 - Classification Succeeds.
2024-01-31 23:41:08,133 - Link Generation Fails.
2024-01-31 23:41:39,257 - Victim node is 576.
2024-01-31 23:41:39,257 - tensor([ 593, 2198, 2239], device='cuda:0')
2024-01-31 23:41:39,258 - Classification Succeeds.
2024-01-31 23:41:39,258 - Link Generation Fails.
2024-01-31 23:42:08,920 - Victim node is 4707.
2024-01-31 23:42:08,921 - tensor([2198, 2239, 4376], device='cuda:0')
2024-01-31 23:42:08,921 - Classification Succeeds.
2024-01-31 23:42:08,921 - Link Generation Fails.
2024-01-31 23:42:40,720 - Victim node is 2999.
2024-01-31 23:42:40,721 - tensor([ 593, 2198, 2239], device='cuda:0')
2024-01-31 23:42:40,721 - Classification Succeeds.
2024-01-31 23:42:40,721 - Link Generation Fails.
2024-01-31 23:43:09,930 - Victim node is 1038.
2024-01-31 23:43:09,930 - tensor([1599, 6662, 7542], device='cuda:0')
2024-01-31 23:43:09,930 - Classification Succeeds.
2024-01-31 23:43:09,930 - Link Generation Fails.
2024-01-31 23:46:09,552 - Victim node is 593.
2024-01-31 23:46:09,553 - tensor([ 28,  73, 305], device='cuda:0')
2024-01-31 23:46:09,553 - Classification Succeeds.
2024-01-31 23:46:09,553 - Link Generation Fails.
2024-01-31 23:46:39,325 - Victim node is 1277.
2024-01-31 23:46:39,325 - tensor([ 526, 3578, 7660], device='cuda:0')
2024-01-31 23:46:39,325 - Classification Fails.
2024-01-31 23:46:39,326 - Link Generation Succeeds.
2024-01-31 23:49:27,614 - Victim node is 3183.
2024-01-31 23:49:27,614 - tensor([2239, 4805, 6702], device='cuda:0')
2024-01-31 23:49:27,615 - Classification Succeeds.
2024-01-31 23:49:27,615 - Link Generation Fails.
2024-01-31 23:49:57,235 - Victim node is 1221.
2024-01-31 23:49:57,235 - tensor([ 749, 2090, 4960], device='cuda:0')
2024-01-31 23:49:57,236 - Classification Succeeds.
2024-01-31 23:49:57,236 - Link Generation Fails.
2024-01-31 23:50:26,567 - Victim node is 1397.
2024-01-31 23:50:26,567 - tensor([1600, 6279, 7771], device='cuda:0')
2024-01-31 23:50:26,568 - Classification Fails.
2024-01-31 23:50:26,568 - Link Generation Succeeds.
2024-01-31 23:50:57,906 - Victim node is 770.
2024-01-31 23:50:57,906 - tensor([7949, 8670, 8864], device='cuda:0')
2024-01-31 23:50:57,906 - Classification Succeeds.
2024-01-31 23:50:57,906 - Link Generation Succeeds.
2024-01-31 23:52:14,473 - Victim node is 2645.
2024-01-31 23:52:14,474 - tensor([7835, 8333, 8347], device='cuda:0')
2024-01-31 23:52:14,474 - Classification Succeeds.
2024-01-31 23:52:14,474 - Link Generation Succeeds.
2024-01-31 23:52:43,944 - Victim node is 6420.
2024-01-31 23:52:43,944 - tensor([2198, 2239, 4805], device='cuda:0')
2024-01-31 23:52:43,944 - Classification Succeeds.
2024-01-31 23:52:43,944 - Link Generation Fails.
2024-01-31 23:53:13,336 - Victim node is 1626.
2024-01-31 23:53:13,336 - tensor([4663, 5449, 7620], device='cuda:0')
2024-01-31 23:53:13,337 - Classification Succeeds.
2024-01-31 23:53:13,337 - Link Generation Fails.
2024-01-31 23:53:45,137 - Victim node is 2152.
2024-01-31 23:53:45,137 - tensor([ 593, 2198, 8262], device='cuda:0')
2024-01-31 23:53:45,137 - Classification Fails.
2024-01-31 23:53:45,137 - Link Generation Succeeds.
2024-01-31 23:54:59,705 - Victim node is 6468.
2024-01-31 23:54:59,705 - tensor([7837, 8292, 8304], device='cuda:0')
2024-01-31 23:54:59,706 - Classification Succeeds.
2024-01-31 23:54:59,706 - Link Generation Succeeds.
2024-01-31 23:55:29,636 - Victim node is 7060.
2024-01-31 23:55:29,637 - tensor([2818, 6662, 7620], device='cuda:0')
2024-01-31 23:55:29,637 - Classification Succeeds.
2024-01-31 23:55:29,637 - Link Generation Fails.
2024-01-31 23:55:58,866 - Victim node is 3004.
2024-01-31 23:55:58,866 - tensor([ 593, 2198, 2239], device='cuda:0')
2024-01-31 23:55:58,866 - Classification Succeeds.
2024-01-31 23:55:58,867 - Link Generation Fails.
2024-01-31 23:56:30,566 - Victim node is 2207.
2024-01-31 23:56:30,566 - tensor([7728, 7815, 8240], device='cuda:0')
2024-01-31 23:56:30,566 - Classification Succeeds.
2024-01-31 23:56:30,566 - Link Generation Succeeds.
2024-01-31 23:56:59,859 - Victim node is 2767.
2024-01-31 23:56:59,859 - tensor([ 526, 4906, 6433], device='cuda:0')
2024-01-31 23:56:59,860 - Classification Succeeds.
2024-01-31 23:56:59,860 - Link Generation Fails.
2024-01-31 23:57:31,570 - Victim node is 7300.
2024-01-31 23:57:31,570 - tensor([ 593, 2198, 2239], device='cuda:0')
2024-01-31 23:57:31,570 - Classification Succeeds.
2024-01-31 23:57:31,570 - Link Generation Fails.
2024-01-31 23:58:03,278 - Victim node is 6433.
2024-01-31 23:58:03,279 - tensor([2198, 6130, 7620], device='cuda:0')
2024-01-31 23:58:03,279 - Classification Succeeds.
2024-01-31 23:58:03,279 - Link Generation Fails.
2024-01-31 23:58:35,010 - Victim node is 934.
2024-01-31 23:58:35,010 - tensor([2198, 7761, 8558], device='cuda:0')
2024-01-31 23:58:35,010 - Classification Succeeds.
2024-01-31 23:58:35,010 - Link Generation Succeeds.
2024-01-31 23:59:04,206 - Victim node is 3802.
2024-01-31 23:59:04,206 - tensor([ 593, 2198, 2239], device='cuda:0')
2024-01-31 23:59:04,206 - Classification Succeeds.
2024-01-31 23:59:04,206 - Link Generation Fails.
2024-01-31 23:59:33,391 - Victim node is 2245.
2024-01-31 23:59:33,391 - tensor([1374, 1599, 6662], device='cuda:0')
2024-01-31 23:59:33,392 - Classification Succeeds.
2024-01-31 23:59:33,392 - Link Generation Fails.
2024-02-01 00:00:02,651 - Victim node is 4005.
2024-02-01 00:00:02,652 - tensor([1599, 6279, 6662], device='cuda:0')
2024-02-01 00:00:02,652 - Classification Succeeds.
2024-02-01 00:00:02,652 - Link Generation Fails.
2024-02-01 00:00:34,303 - Victim node is 3607.
2024-02-01 00:00:34,303 - tensor([ 593, 2198, 2239], device='cuda:0')
2024-02-01 00:00:34,303 - Classification Succeeds.
2024-02-01 00:00:34,303 - Link Generation Fails.
2024-02-01 00:01:03,571 - Victim node is 7200.
2024-02-01 00:01:03,571 - tensor([2198, 2239, 4376], device='cuda:0')
2024-02-01 00:01:03,571 - Classification Succeeds.
2024-02-01 00:01:03,571 - Link Generation Fails.
2024-02-01 00:01:35,191 - Victim node is 616.
2024-02-01 00:01:35,191 - tensor([ 593, 2198, 8706], device='cuda:0')
2024-02-01 00:01:35,192 - Classification Succeeds.
2024-02-01 00:01:35,192 - Link Generation Succeeds.
2024-02-01 00:04:23,306 - Victim node is 1152.
2024-02-01 00:04:23,306 - tensor([7846, 8361, 8375], device='cuda:0')
2024-02-01 00:04:23,307 - Classification Succeeds.
2024-02-01 00:04:23,307 - Link Generation Succeeds.
2024-02-01 00:04:53,178 - Victim node is 5279.
2024-02-01 00:04:53,179 - tensor([2818, 6279, 6662], device='cuda:0')
2024-02-01 00:04:53,179 - Classification Succeeds.
2024-02-01 00:04:53,179 - Link Generation Fails.
2024-02-01 00:05:22,579 - Victim node is 1857.
2024-02-01 00:05:22,579 - tensor([1136, 1599, 5526], device='cuda:0')
2024-02-01 00:05:22,580 - Classification Succeeds.
2024-02-01 00:05:22,580 - Link Generation Fails.
2024-02-01 00:05:51,774 - Victim node is 7261.
2024-02-01 00:05:51,775 - tensor([1599, 6662, 7767], device='cuda:0')
2024-02-01 00:05:51,775 - Classification Succeeds.
2024-02-01 00:05:51,775 - Link Generation Succeeds.
2024-02-01 00:06:21,345 - Victim node is 7040.
2024-02-01 00:06:21,345 - tensor([ 593, 2198, 2239], device='cuda:0')
2024-02-01 00:06:21,345 - Classification Fails.
2024-02-01 00:06:21,345 - Link Generation Fails.
2024-02-01 00:06:50,846 - Victim node is 458.
2024-02-01 00:06:50,847 - tensor([ 424, 3383, 6190], device='cuda:0')
2024-02-01 00:06:50,847 - Classification Fails.
2024-02-01 00:06:50,847 - Link Generation Fails.
2024-02-01 00:07:19,864 - Victim node is 650.
2024-02-01 00:07:19,864 - tensor([1759, 2260, 7620], device='cuda:0')
2024-02-01 00:07:19,865 - Classification Succeeds.
2024-02-01 00:07:19,865 - Link Generation Fails.
2024-02-01 00:07:49,501 - Victim node is 4766.
2024-02-01 00:07:49,501 - tensor([7655, 7656, 7657], device='cuda:0')
2024-02-01 00:07:49,502 - Classification Fails.
2024-02-01 00:07:49,502 - Link Generation Succeeds.
2024-02-01 00:09:01,663 - Victim node is 4174.
2024-02-01 00:09:01,663 - tensor([2198, 8252, 8265], device='cuda:0')
2024-02-01 00:09:01,663 - Classification Fails.
2024-02-01 00:09:01,663 - Link Generation Succeeds.
2024-02-01 00:09:34,203 - Victim node is 7599.
2024-02-01 00:09:34,203 - tensor([2198, 2239, 8617], device='cuda:0')
2024-02-01 00:09:34,203 - Classification Fails.
2024-02-01 00:09:34,203 - Link Generation Succeeds.
2024-02-01 00:10:03,656 - Victim node is 1276.
2024-02-01 00:10:03,656 - tensor([6130, 6662, 7620], device='cuda:0')
2024-02-01 00:10:03,657 - Classification Succeeds.
2024-02-01 00:10:03,657 - Link Generation Fails.
2024-02-01 00:10:33,662 - Victim node is 6238.
2024-02-01 00:10:33,662 - tensor([6190, 7656, 7667], device='cuda:0')
2024-02-01 00:10:33,664 - Classification Fails.
2024-02-01 00:10:33,664 - Link Generation Succeeds.
2024-02-01 00:11:03,441 - Victim node is 3263.
2024-02-01 00:11:03,441 - tensor([1759, 4663, 7620], device='cuda:0')
2024-02-01 00:11:03,441 - Classification Succeeds.
2024-02-01 00:11:03,441 - Link Generation Fails.
2024-02-01 00:11:32,819 - Victim node is 2837.
2024-02-01 00:11:32,819 - tensor([5356, 6190, 7542], device='cuda:0')
2024-02-01 00:11:32,819 - Classification Succeeds.
2024-02-01 00:11:32,819 - Link Generation Fails.
2024-02-01 00:12:02,517 - Victim node is 4717.
2024-02-01 00:12:02,517 - tensor([2584, 6190, 7542], device='cuda:0')
2024-02-01 00:12:02,517 - Classification Succeeds.
2024-02-01 00:12:02,517 - Link Generation Fails.
2024-02-01 00:12:31,976 - Victim node is 1292.
2024-02-01 00:12:31,976 - tensor([6130, 6962, 7620], device='cuda:0')
2024-02-01 00:12:31,977 - Classification Succeeds.
2024-02-01 00:12:31,977 - Link Generation Fails.
2024-02-01 00:13:01,318 - Victim node is 96.
2024-02-01 00:13:01,318 - tensor([1600, 6130, 7620], device='cuda:0')
2024-02-01 00:13:01,319 - Classification Succeeds.
2024-02-01 00:13:01,319 - Link Generation Fails.
2024-02-01 00:13:30,810 - Victim node is 6922.
2024-02-01 00:13:30,810 - tensor([2198, 2239, 4376], device='cuda:0')
2024-02-01 00:13:30,810 - Classification Fails.
2024-02-01 00:13:30,811 - Link Generation Fails.
2024-02-01 00:14:43,198 - Victim node is 1042.
2024-02-01 00:14:43,198 - tensor([2239, 8242, 8845], device='cuda:0')
2024-02-01 00:14:43,198 - Classification Succeeds.
2024-02-01 00:14:43,198 - Link Generation Succeeds.
2024-02-01 00:15:15,555 - Victim node is 1624.
2024-02-01 00:15:15,555 - tensor([2198, 2239, 8654], device='cuda:0')
2024-02-01 00:15:15,555 - Classification Fails.
2024-02-01 00:15:15,555 - Link Generation Succeeds.
2024-02-01 00:15:46,974 - Victim node is 5493.
2024-02-01 00:15:46,974 - tensor([2198, 7876, 8411], device='cuda:0')
2024-02-01 00:15:46,974 - Classification Succeeds.
2024-02-01 00:15:46,974 - Link Generation Succeeds.
2024-02-01 00:16:16,545 - Victim node is 4795.
2024-02-01 00:16:16,545 - tensor([4646, 6433, 7620], device='cuda:0')
2024-02-01 00:16:16,545 - Classification Succeeds.
2024-02-01 00:16:16,545 - Link Generation Fails.
2024-02-01 00:16:45,868 - Victim node is 6741.
2024-02-01 00:16:45,869 - tensor([1759, 2260, 4666], device='cuda:0')
2024-02-01 00:16:45,869 - Classification Succeeds.
2024-02-01 00:16:45,869 - Link Generation Fails.
2024-02-01 00:17:15,082 - Victim node is 4275.
2024-02-01 00:17:15,082 - tensor([1136, 1599, 5526], device='cuda:0')
2024-02-01 00:17:15,082 - Classification Succeeds.
2024-02-01 00:17:15,082 - Link Generation Fails.
2024-02-01 00:17:46,282 - Victim node is 3140.
2024-02-01 00:17:46,283 - tensor([ 593, 2198, 8350], device='cuda:0')
2024-02-01 00:17:46,283 - Classification Fails.
2024-02-01 00:17:46,283 - Link Generation Succeeds.
2024-02-01 00:18:16,152 - Victim node is 3562.
2024-02-01 00:18:16,152 - tensor([2144, 7460, 7542], device='cuda:0')
2024-02-01 00:18:16,152 - Classification Succeeds.
2024-02-01 00:18:16,152 - Link Generation Fails.
2024-02-01 00:18:45,767 - Victim node is 4056.
2024-02-01 00:18:45,767 - tensor([2260, 4666, 7620], device='cuda:0')
2024-02-01 00:18:45,767 - Classification Succeeds.
2024-02-01 00:18:45,767 - Link Generation Fails.
2024-02-01 00:19:15,180 - Victim node is 7253.
2024-02-01 00:19:15,180 - tensor([3437, 4906, 6433], device='cuda:0')
2024-02-01 00:19:15,181 - Classification Succeeds.
2024-02-01 00:19:15,181 - Link Generation Fails.
2024-02-01 00:19:44,701 - Victim node is 5830.
2024-02-01 00:19:44,701 - tensor([3383, 6499, 7362], device='cuda:0')
2024-02-01 00:19:44,701 - Classification Succeeds.
2024-02-01 00:19:44,702 - Link Generation Fails.
2024-02-01 00:20:14,066 - Victim node is 4893.
2024-02-01 00:20:14,066 - tensor([2198, 2239, 4376], device='cuda:0')
2024-02-01 00:20:14,066 - Classification Succeeds.
2024-02-01 00:20:14,067 - Link Generation Fails.
2024-02-01 00:20:45,417 - Victim node is 3854.
2024-02-01 00:20:45,417 - tensor([ 593, 2198, 7809], device='cuda:0')
2024-02-01 00:20:45,417 - Classification Succeeds.
2024-02-01 00:20:45,417 - Link Generation Succeeds.
2024-02-01 00:21:14,580 - Victim node is 1084.
2024-02-01 00:21:14,580 - tensor([2198, 2239, 4376], device='cuda:0')
2024-02-01 00:21:14,581 - Classification Succeeds.
2024-02-01 00:21:14,581 - Link Generation Fails.
2024-02-01 00:21:46,120 - Victim node is 4694.
2024-02-01 00:21:46,120 - tensor([2198, 7744, 8308], device='cuda:0')
2024-02-01 00:21:46,120 - Classification Succeeds.
2024-02-01 00:21:46,120 - Link Generation Succeeds.
2024-02-01 00:24:31,742 - Victim node is 7481.
2024-02-01 00:24:31,742 - tensor([ 593, 8395, 8408], device='cuda:0')
2024-02-01 00:24:31,743 - Classification Fails.
2024-02-01 00:24:31,743 - Link Generation Succeeds.
2024-02-01 00:25:09,737 - Victim node is 4126.
2024-02-01 00:25:09,738 - tensor([4646, 6433, 7620], device='cuda:0')
2024-02-01 00:25:09,738 - Classification Succeeds.
2024-02-01 00:25:09,738 - Link Generation Fails.
2024-02-01 00:25:39,106 - Victim node is 605.
2024-02-01 00:25:39,106 - tensor([ 593, 2198, 6702], device='cuda:0')
2024-02-01 00:25:39,107 - Classification Succeeds.
2024-02-01 00:25:39,107 - Link Generation Fails.
2024-02-01 00:26:10,666 - Victim node is 849.
2024-02-01 00:26:10,667 - tensor([2239, 4376, 8643], device='cuda:0')
2024-02-01 00:26:10,667 - Classification Succeeds.
2024-02-01 00:26:10,667 - Link Generation Succeeds.
2024-02-01 00:26:40,226 - Victim node is 899.
2024-02-01 00:26:40,226 - tensor([ 593, 2198, 2239], device='cuda:0')
2024-02-01 00:26:40,226 - Classification Succeeds.
2024-02-01 00:26:40,226 - Link Generation Fails.
2024-02-01 00:27:09,667 - Victim node is 6125.
2024-02-01 00:27:09,667 - tensor([1136, 5526, 6662], device='cuda:0')
2024-02-01 00:27:09,667 - Classification Succeeds.
2024-02-01 00:27:09,667 - Link Generation Fails.
2024-02-01 00:27:39,009 - Victim node is 859.
2024-02-01 00:27:39,009 - tensor([1599, 3383, 7779], device='cuda:0')
2024-02-01 00:27:39,009 - Classification Succeeds.
2024-02-01 00:27:39,010 - Link Generation Succeeds.
2024-02-01 00:28:08,293 - Victim node is 1573.
2024-02-01 00:28:08,293 - tensor([ 526, 3578, 6909], device='cuda:0')
2024-02-01 00:28:08,293 - Classification Succeeds.
2024-02-01 00:28:08,293 - Link Generation Fails.
2024-02-01 00:28:38,101 - Victim node is 447.
2024-02-01 00:28:38,101 - tensor([6190, 6499, 7542], device='cuda:0')
2024-02-01 00:28:38,101 - Classification Succeeds.
2024-02-01 00:28:38,101 - Link Generation Fails.
2024-02-01 00:29:07,591 - Victim node is 3795.
2024-02-01 00:29:07,591 - tensor([ 593, 2198, 6702], device='cuda:0')
2024-02-01 00:29:07,591 - Classification Succeeds.
2024-02-01 00:29:07,591 - Link Generation Fails.
2024-02-01 00:29:39,053 - Victim node is 5832.
2024-02-01 00:29:39,053 - tensor([2198, 2239, 7763], device='cuda:0')
2024-02-01 00:29:39,053 - Classification Succeeds.
2024-02-01 00:29:39,053 - Link Generation Succeeds.
2024-02-01 00:30:51,443 - Victim node is 3328.
2024-02-01 00:30:51,443 - tensor([ 593, 2239, 8267], device='cuda:0')
2024-02-01 00:30:51,443 - Classification Succeeds.
2024-02-01 00:30:51,443 - Link Generation Succeeds.
2024-02-01 00:34:09,881 - Victim node is 5667.
2024-02-01 00:34:09,882 - tensor([ 593, 8347, 8360], device='cuda:0')
2024-02-01 00:34:09,882 - Classification Fails.
2024-02-01 00:34:09,882 - Link Generation Succeeds.
2024-02-01 00:34:39,573 - Victim node is 74.
2024-02-01 00:34:39,573 - tensor([5356, 6279, 7677], device='cuda:0')
2024-02-01 00:34:39,574 - Classification Fails.
2024-02-01 00:34:39,574 - Link Generation Succeeds.
2024-02-01 00:35:08,921 - Victim node is 2054.
2024-02-01 00:35:08,921 - tensor([1600, 3383, 5449], device='cuda:0')
2024-02-01 00:35:08,921 - Classification Succeeds.
2024-02-01 00:35:08,921 - Link Generation Fails.
2024-02-01 00:35:38,290 - Victim node is 1433.
2024-02-01 00:35:38,290 - tensor([3383, 6190, 7542], device='cuda:0')
2024-02-01 00:35:38,291 - Classification Succeeds.
2024-02-01 00:35:38,291 - Link Generation Fails.
2024-02-01 00:36:07,572 - Victim node is 5498.
2024-02-01 00:36:07,572 - tensor([ 593, 2198, 2239], device='cuda:0')
2024-02-01 00:36:07,572 - Classification Succeeds.
2024-02-01 00:36:07,572 - Link Generation Fails.
2024-02-01 00:36:39,040 - Victim node is 7398.
2024-02-01 00:36:39,040 - tensor([2239, 7949, 8716], device='cuda:0')
2024-02-01 00:36:39,040 - Classification Succeeds.
2024-02-01 00:36:39,041 - Link Generation Succeeds.
2024-02-01 00:37:10,496 - Victim node is 1091.
2024-02-01 00:37:10,497 - tensor([ 593, 2198, 2239], device='cuda:0')
2024-02-01 00:37:10,497 - Classification Succeeds.
2024-02-01 00:37:10,497 - Link Generation Fails.
2024-02-01 00:37:42,124 - Victim node is 4261.
2024-02-01 00:37:42,124 - tensor([ 593, 2239, 8606], device='cuda:0')
2024-02-01 00:37:42,124 - Classification Succeeds.
2024-02-01 00:37:42,125 - Link Generation Succeeds.
2024-02-01 00:38:13,789 - Victim node is 6761.
2024-02-01 00:38:13,789 - tensor([2198, 7729, 7749], device='cuda:0')
2024-02-01 00:38:13,790 - Classification Succeeds.
2024-02-01 00:38:13,790 - Link Generation Succeeds.
2024-02-01 00:39:26,770 - Victim node is 2745.
2024-02-01 00:39:26,770 - tensor([2239, 8250, 8866], device='cuda:0')
2024-02-01 00:39:26,771 - Classification Succeeds.
2024-02-01 00:39:26,771 - Link Generation Succeeds.
2024-02-01 00:39:56,465 - Victim node is 978.
2024-02-01 00:39:56,465 - tensor([3383, 6499, 7542], device='cuda:0')
2024-02-01 00:39:56,465 - Classification Succeeds.
2024-02-01 00:39:56,466 - Link Generation Fails.
2024-02-01 00:40:28,458 - Victim node is 402.
2024-02-01 00:40:28,458 - tensor([1136, 6279, 7620], device='cuda:0')
2024-02-01 00:40:28,459 - Classification Succeeds.
2024-02-01 00:40:28,459 - Link Generation Fails.
2024-02-01 00:40:57,884 - Victim node is 5353.
2024-02-01 00:40:57,884 - tensor([2198, 7685, 7721], device='cuda:0')
2024-02-01 00:40:57,884 - Classification Succeeds.
2024-02-01 00:40:57,884 - Link Generation Succeeds.
2024-02-01 00:41:27,020 - Victim node is 45.
2024-02-01 00:41:27,020 - tensor([4663, 6130, 7620], device='cuda:0')
2024-02-01 00:41:27,021 - Classification Succeeds.
2024-02-01 00:41:27,021 - Link Generation Fails.
2024-02-01 00:42:38,190 - Victim node is 4803.
2024-02-01 00:42:38,190 - tensor([2198, 8270, 8285], device='cuda:0')
2024-02-01 00:42:38,190 - Classification Succeeds.
2024-02-01 00:42:38,190 - Link Generation Succeeds.
2024-02-01 00:43:07,739 - Victim node is 1155.
2024-02-01 00:43:07,739 - tensor([6190, 6662, 7542], device='cuda:0')
2024-02-01 00:43:07,740 - Classification Succeeds.
2024-02-01 00:43:07,740 - Link Generation Fails.
2024-02-01 00:43:37,303 - Victim node is 2029.
2024-02-01 00:43:37,303 - tensor([ 593, 2198, 2239], device='cuda:0')
2024-02-01 00:43:37,304 - Classification Succeeds.
2024-02-01 00:43:37,304 - Link Generation Fails.
2024-02-01 00:44:09,325 - Victim node is 1154.
2024-02-01 00:44:09,325 - tensor([ 593, 2198, 2239], device='cuda:0')
2024-02-01 00:44:09,325 - Classification Succeeds.
2024-02-01 00:44:09,325 - Link Generation Fails.
2024-02-01 00:44:40,720 - Victim node is 4890.
2024-02-01 00:44:40,721 - tensor([ 593, 2198, 2239], device='cuda:0')
2024-02-01 00:44:40,721 - Classification Succeeds.
2024-02-01 00:44:40,721 - Link Generation Fails.
2024-02-01 00:45:51,828 - Victim node is 5307.
2024-02-01 00:45:51,828 - tensor([2239, 8001, 8751], device='cuda:0')
2024-02-01 00:45:51,828 - Classification Succeeds.
2024-02-01 00:45:51,828 - Link Generation Succeeds.
2024-02-01 00:46:24,445 - Victim node is 6005.
2024-02-01 00:46:24,445 - tensor([2198, 6130, 7620], device='cuda:0')
2024-02-01 00:46:24,445 - Classification Succeeds.
2024-02-01 00:46:24,446 - Link Generation Fails.
2024-02-01 00:46:53,668 - Victim node is 2359.
2024-02-01 00:46:53,669 - tensor([2198, 4376, 4805], device='cuda:0')
2024-02-01 00:46:53,669 - Classification Succeeds.
2024-02-01 00:46:53,669 - Link Generation Fails.
2024-02-01 00:47:22,974 - Victim node is 7453.
2024-02-01 00:47:22,974 - tensor([2198, 2239, 4376], device='cuda:0')
2024-02-01 00:47:22,974 - Classification Succeeds.
2024-02-01 00:47:22,974 - Link Generation Fails.
2024-02-01 00:47:52,249 - Victim node is 7559.
2024-02-01 00:47:52,250 - tensor([2144, 3383, 6190], device='cuda:0')
2024-02-01 00:47:52,250 - Classification Succeeds.
2024-02-01 00:47:52,250 - Link Generation Fails.
2024-02-01 00:48:22,318 - Victim node is 159.
2024-02-01 00:48:22,318 - tensor([1759, 2260, 4666], device='cuda:0')
2024-02-01 00:48:22,318 - Classification Succeeds.
2024-02-01 00:48:22,319 - Link Generation Fails.
2024-02-01 00:48:52,152 - Victim node is 6459.
2024-02-01 00:48:52,152 - tensor([1759, 2260, 4666], device='cuda:0')
2024-02-01 00:48:52,153 - Classification Succeeds.
2024-02-01 00:48:52,153 - Link Generation Fails.
2024-02-01 00:49:23,695 - Victim node is 963.
2024-02-01 00:49:23,695 - tensor([2198, 7839, 8296], device='cuda:0')
2024-02-01 00:49:23,695 - Classification Succeeds.
2024-02-01 00:49:23,695 - Link Generation Succeeds.
2024-02-01 00:49:53,180 - Victim node is 5323.
2024-02-01 00:49:53,180 - tensor([1599, 6662, 7542], device='cuda:0')
2024-02-01 00:49:53,181 - Classification Succeeds.
2024-02-01 00:49:53,181 - Link Generation Fails.
2024-02-01 00:50:24,904 - Victim node is 1248.
2024-02-01 00:50:24,904 - tensor([1599, 5449, 7620], device='cuda:0')
2024-02-01 00:50:24,904 - Classification Succeeds.
2024-02-01 00:50:24,904 - Link Generation Fails.
2024-02-01 00:50:54,484 - Victim node is 694.
2024-02-01 00:50:54,484 - tensor([3383, 6499, 7542], device='cuda:0')
2024-02-01 00:50:54,484 - Classification Succeeds.
2024-02-01 00:50:54,484 - Link Generation Fails.
2024-02-01 00:51:23,616 - Victim node is 1049.
2024-02-01 00:51:23,617 - tensor([1599, 4129, 6279], device='cuda:0')
2024-02-01 00:51:23,617 - Classification Succeeds.
2024-02-01 00:51:23,617 - Link Generation Fails.
2024-02-01 00:51:53,075 - Victim node is 2.
2024-02-01 00:51:53,075 - tensor([2198, 3578, 4805], device='cuda:0')
2024-02-01 00:51:53,075 - Classification Succeeds.
2024-02-01 00:51:53,075 - Link Generation Fails.
2024-02-01 00:52:22,335 - Victim node is 406.
2024-02-01 00:52:22,335 - tensor([ 593, 2198, 2239], device='cuda:0')
2024-02-01 00:52:22,335 - Classification Succeeds.
2024-02-01 00:52:22,335 - Link Generation Fails.
2024-02-01 00:53:38,372 - Victim node is 6723.
2024-02-01 00:53:38,372 - tensor([7845, 8358, 8372], device='cuda:0')
2024-02-01 00:53:38,373 - Classification Succeeds.
2024-02-01 00:53:38,373 - Link Generation Succeeds.
2024-02-01 00:54:08,427 - Victim node is 1332.
2024-02-01 00:54:08,427 - tensor([1759, 2260, 7620], device='cuda:0')
2024-02-01 00:54:08,428 - Classification Succeeds.
2024-02-01 00:54:08,428 - Link Generation Fails.
2024-02-01 00:54:40,466 - Victim node is 6724.
2024-02-01 00:54:40,466 - tensor([2198, 2239, 7728], device='cuda:0')
2024-02-01 00:54:40,466 - Classification Succeeds.
2024-02-01 00:54:40,466 - Link Generation Succeeds.
2024-02-01 00:55:56,896 - Victim node is 7008.
2024-02-01 00:55:56,896 - tensor([7838, 8315, 8328], device='cuda:0')
2024-02-01 00:55:56,896 - Classification Succeeds.
2024-02-01 00:55:56,896 - Link Generation Succeeds.
2024-02-01 00:56:36,074 - Victim node is 3582.
2024-02-01 00:56:36,074 - tensor([2198, 7900, 8502], device='cuda:0')
2024-02-01 00:56:36,074 - Classification Succeeds.
2024-02-01 00:56:36,074 - Link Generation Succeeds.
2024-02-01 00:57:18,243 - Victim node is 4691.
2024-02-01 00:57:18,243 - tensor([ 593, 2239, 8296], device='cuda:0')
2024-02-01 00:57:18,244 - Classification Succeeds.
2024-02-01 00:57:18,244 - Link Generation Succeeds.
2024-02-01 00:57:48,368 - Victim node is 6482.
2024-02-01 00:57:48,368 - tensor([1374, 7460, 7620], device='cuda:0')
2024-02-01 00:57:48,369 - Classification Succeeds.
2024-02-01 00:57:48,369 - Link Generation Fails.
2024-02-01 00:58:20,388 - Victim node is 804.
2024-02-01 00:58:20,388 - tensor([2198, 2239, 7751], device='cuda:0')
2024-02-01 00:58:20,388 - Classification Succeeds.
2024-02-01 00:58:20,388 - Link Generation Succeeds.
2024-02-01 00:59:37,016 - Victim node is 1915.
2024-02-01 00:59:37,016 - tensor([ 593, 8339, 8354], device='cuda:0')
2024-02-01 00:59:37,017 - Classification Succeeds.
2024-02-01 00:59:37,017 - Link Generation Succeeds.
2024-02-01 01:00:07,130 - Victim node is 7188.
2024-02-01 01:00:07,130 - tensor([1759, 3383, 4960], device='cuda:0')
2024-02-01 01:00:07,130 - Classification Succeeds.
2024-02-01 01:00:07,130 - Link Generation Fails.
2024-02-01 01:00:36,875 - Victim node is 1807.
2024-02-01 01:00:36,875 - tensor([4129, 7542, 7842], device='cuda:0')
2024-02-01 01:00:36,875 - Classification Succeeds.
2024-02-01 01:00:36,875 - Link Generation Succeeds.
2024-02-01 01:03:35,335 - Victim node is 3049.
2024-02-01 01:03:35,335 - tensor([4384, 6702, 7888], device='cuda:0')
2024-02-01 01:03:35,336 - Classification Fails.
2024-02-01 01:03:35,336 - Link Generation Succeeds.
2024-02-01 01:04:05,150 - Victim node is 3067.
2024-02-01 01:04:05,150 - tensor([7700, 7714, 7739], device='cuda:0')
2024-02-01 01:04:05,151 - Classification Succeeds.
2024-02-01 01:04:05,151 - Link Generation Succeeds.
2024-02-01 01:05:16,643 - Victim node is 4528.
2024-02-01 01:05:16,644 - tensor([7793, 7963, 8755], device='cuda:0')
2024-02-01 01:05:16,644 - Classification Fails.
2024-02-01 01:05:16,644 - Link Generation Succeeds.
2024-02-01 01:05:46,276 - Victim node is 6697.
2024-02-01 01:05:46,276 - tensor([ 593, 2198, 2239], device='cuda:0')
2024-02-01 01:05:46,277 - Classification Succeeds.
2024-02-01 01:05:46,277 - Link Generation Fails.
2024-02-01 01:06:18,403 - Victim node is 689.
2024-02-01 01:06:18,403 - tensor([7976, 8670, 8692], device='cuda:0')
2024-02-01 01:06:18,403 - Classification Succeeds.
2024-02-01 01:06:18,403 - Link Generation Succeeds.
2024-02-01 01:06:48,033 - Victim node is 3573.
2024-02-01 01:06:48,033 - tensor([1759, 2260, 4666], device='cuda:0')
2024-02-01 01:06:48,033 - Classification Succeeds.
2024-02-01 01:06:48,033 - Link Generation Fails.
2024-02-01 01:07:17,436 - Victim node is 4701.
2024-02-01 01:07:17,437 - tensor([ 593, 2198, 2239], device='cuda:0')
2024-02-01 01:07:17,437 - Classification Succeeds.
2024-02-01 01:07:17,437 - Link Generation Fails.
2024-02-01 01:07:49,173 - Victim node is 1623.
2024-02-01 01:07:49,173 - tensor([2198, 2239, 8080], device='cuda:0')
2024-02-01 01:07:49,173 - Classification Succeeds.
2024-02-01 01:07:49,173 - Link Generation Succeeds.
2024-02-01 01:08:18,815 - Victim node is 104.
2024-02-01 01:08:18,816 - tensor([ 593, 2198, 7948], device='cuda:0')
2024-02-01 01:08:18,816 - Classification Succeeds.
2024-02-01 01:08:18,816 - Link Generation Succeeds.
2024-02-01 01:08:47,945 - Victim node is 3318.
2024-02-01 01:08:47,945 - tensor([ 593, 2198, 2239], device='cuda:0')
2024-02-01 01:08:47,946 - Classification Succeeds.
2024-02-01 01:08:47,946 - Link Generation Fails.
2024-02-01 01:09:19,304 - Victim node is 377.
2024-02-01 01:09:19,304 - tensor([2198, 8734, 8755], device='cuda:0')
2024-02-01 01:09:19,304 - Classification Succeeds.
2024-02-01 01:09:19,304 - Link Generation Succeeds.
2024-02-01 01:10:31,792 - Victim node is 7139.
2024-02-01 01:10:31,792 - tensor([7834, 8313, 9075], device='cuda:0')
2024-02-01 01:10:31,793 - Classification Succeeds.
2024-02-01 01:10:31,793 - Link Generation Succeeds.
2024-02-01 01:11:04,225 - Victim node is 5541.
2024-02-01 01:11:04,225 - tensor([ 593, 2198, 2239], device='cuda:0')
2024-02-01 01:11:04,225 - Classification Succeeds.
2024-02-01 01:11:04,225 - Link Generation Fails.
2024-02-01 01:11:33,238 - Victim node is 5894.
2024-02-01 01:11:33,238 - tensor([1759, 6130, 7620], device='cuda:0')
2024-02-01 01:11:33,238 - Classification Succeeds.
2024-02-01 01:11:33,238 - Link Generation Fails.
2024-02-01 01:12:46,453 - Victim node is 1700.
2024-02-01 01:12:46,453 - tensor([ 593, 8261, 8274], device='cuda:0')
2024-02-01 01:12:46,453 - Classification Succeeds.
2024-02-01 01:12:46,453 - Link Generation Succeeds.
2024-02-01 01:13:16,911 - Victim node is 6006.
2024-02-01 01:13:16,911 - tensor([1136, 5526, 7735], device='cuda:0')
2024-02-01 01:13:16,911 - Classification Succeeds.
2024-02-01 01:13:16,911 - Link Generation Succeeds.
2024-02-01 01:13:46,363 - Victim node is 5837.
2024-02-01 01:13:46,363 - tensor([6190, 7177, 7542], device='cuda:0')
2024-02-01 01:13:46,364 - Classification Succeeds.
2024-02-01 01:13:46,364 - Link Generation Fails.
2024-02-01 01:14:16,115 - Victim node is 4334.
2024-02-01 01:14:16,115 - tensor([4246, 6130, 7620], device='cuda:0')
2024-02-01 01:14:16,116 - Classification Succeeds.
2024-02-01 01:14:16,116 - Link Generation Fails.
2024-02-01 01:14:45,391 - Victim node is 7432.
2024-02-01 01:14:45,391 - tensor([  16, 6190, 7542], device='cuda:0')
2024-02-01 01:14:45,391 - Classification Fails.
2024-02-01 01:14:45,391 - Link Generation Fails.
2024-02-01 01:15:14,663 - Victim node is 5803.
2024-02-01 01:15:14,663 - tensor([1136, 5526, 7936], device='cuda:0')
2024-02-01 01:15:14,663 - Classification Succeeds.
2024-02-01 01:15:14,663 - Link Generation Succeeds.
2024-02-01 01:15:43,770 - Victim node is 1059.
2024-02-01 01:15:43,770 - tensor([2198, 2239, 4376], device='cuda:0')
2024-02-01 01:15:43,771 - Classification Succeeds.
2024-02-01 01:15:43,771 - Link Generation Fails.
2024-02-01 01:16:13,491 - Victim node is 988.
2024-02-01 01:16:13,491 - tensor([1759, 2250, 7620], device='cuda:0')
2024-02-01 01:16:13,492 - Classification Succeeds.
2024-02-01 01:16:13,492 - Link Generation Fails.
2024-02-01 01:16:42,972 - Victim node is 3764.
2024-02-01 01:16:42,972 - tensor([1599, 6279, 7620], device='cuda:0')
2024-02-01 01:16:42,972 - Classification Succeeds.
2024-02-01 01:16:42,972 - Link Generation Fails.
2024-02-01 01:17:14,389 - Victim node is 4248.
2024-02-01 01:17:14,389 - tensor([ 593, 2239, 8650], device='cuda:0')
2024-02-01 01:17:14,389 - Classification Succeeds.
2024-02-01 01:17:14,389 - Link Generation Succeeds.
2024-02-01 01:17:43,506 - Victim node is 7583.
2024-02-01 01:17:43,506 - tensor([1759, 2260, 4666], device='cuda:0')
2024-02-01 01:17:43,506 - Classification Succeeds.
2024-02-01 01:17:43,506 - Link Generation Fails.
2024-02-01 01:18:13,335 - Victim node is 4958.
2024-02-01 01:18:13,335 - tensor([6130, 6662, 7620], device='cuda:0')
2024-02-01 01:18:13,336 - Classification Fails.
2024-02-01 01:18:13,336 - Link Generation Fails.
2024-02-01 01:19:25,031 - Victim node is 2195.
2024-02-01 01:19:25,031 - tensor([ 593, 8245, 8944], device='cuda:0')
2024-02-01 01:19:25,032 - Classification Succeeds.
2024-02-01 01:19:25,032 - Link Generation Succeeds.
2024-02-01 01:19:54,422 - Victim node is 740.
2024-02-01 01:19:54,422 - tensor([1136, 5526, 7620], device='cuda:0')
2024-02-01 01:19:54,422 - Classification Succeeds.
2024-02-01 01:19:54,423 - Link Generation Fails.
2024-02-01 01:20:26,548 - Victim node is 3319.
2024-02-01 01:20:26,548 - tensor([ 593, 2198, 7732], device='cuda:0')
2024-02-01 01:20:26,548 - Classification Succeeds.
2024-02-01 01:20:26,548 - Link Generation Succeeds.
2024-02-01 01:20:55,671 - Victim node is 3342.
2024-02-01 01:20:55,671 - tensor([1759, 2260, 4666], device='cuda:0')
2024-02-01 01:20:55,671 - Classification Succeeds.
2024-02-01 01:20:55,672 - Link Generation Fails.
2024-02-01 01:21:24,836 - Victim node is 2918.
2024-02-01 01:21:24,836 - tensor([ 526, 3578, 4805], device='cuda:0')
2024-02-01 01:21:24,836 - Classification Fails.
2024-02-01 01:21:24,836 - Link Generation Fails.
2024-02-01 01:21:54,281 - Victim node is 1323.
2024-02-01 01:21:54,281 - tensor([1136, 5526, 6662], device='cuda:0')
2024-02-01 01:21:54,281 - Classification Succeeds.
2024-02-01 01:21:54,281 - Link Generation Fails.
2024-02-01 01:22:24,335 - Victim node is 2178.
2024-02-01 01:22:24,335 - tensor([4129, 6190, 7542], device='cuda:0')
2024-02-01 01:22:24,335 - Classification Succeeds.
2024-02-01 01:22:24,335 - Link Generation Fails.
2024-02-01 01:22:55,693 - Victim node is 1174.
2024-02-01 01:22:55,693 - tensor([ 593, 2198, 8364], device='cuda:0')
2024-02-01 01:22:55,693 - Classification Succeeds.
2024-02-01 01:22:55,693 - Link Generation Succeeds.
2024-02-01 01:23:27,079 - Victim node is 1082.
2024-02-01 01:23:27,080 - tensor([2198, 7697, 8254], device='cuda:0')
2024-02-01 01:23:27,080 - Classification Succeeds.
2024-02-01 01:23:27,080 - Link Generation Succeeds.
2024-02-01 01:24:41,368 - Victim node is 4167.
2024-02-01 01:24:41,368 - tensor([7833, 8301, 8313], device='cuda:0')
2024-02-01 01:24:41,368 - Classification Succeeds.
2024-02-01 01:24:41,369 - Link Generation Succeeds.
2024-02-01 01:25:13,866 - Victim node is 4499.
2024-02-01 01:25:13,866 - tensor([7709, 7887, 8166], device='cuda:0')
2024-02-01 01:25:13,866 - Classification Succeeds.
2024-02-01 01:25:13,866 - Link Generation Succeeds.
2024-02-01 01:25:45,262 - Victim node is 5442.
2024-02-01 01:25:45,262 - tensor([2198, 7845, 8382], device='cuda:0')
2024-02-01 01:25:45,262 - Classification Succeeds.
2024-02-01 01:25:45,263 - Link Generation Succeeds.
2024-02-01 01:26:15,057 - Victim node is 3981.
2024-02-01 01:26:15,057 - tensor([4646, 6433, 7620], device='cuda:0')
2024-02-01 01:26:15,057 - Classification Succeeds.
2024-02-01 01:26:15,057 - Link Generation Fails.
2024-02-01 01:26:44,659 - Victim node is 5018.
2024-02-01 01:26:44,659 - tensor([ 593, 2198, 2239], device='cuda:0')
2024-02-01 01:26:44,660 - Classification Succeeds.
2024-02-01 01:26:44,660 - Link Generation Fails.
2024-02-01 01:27:13,812 - Victim node is 2074.
2024-02-01 01:27:13,812 - tensor([1759, 2260, 7620], device='cuda:0')
2024-02-01 01:27:13,812 - Classification Succeeds.
2024-02-01 01:27:13,812 - Link Generation Fails.
2024-02-01 01:27:43,165 - Victim node is 537.
2024-02-01 01:27:43,165 - tensor([2090, 4960, 6679], device='cuda:0')
2024-02-01 01:27:43,166 - Classification Succeeds.
2024-02-01 01:27:43,166 - Link Generation Fails.
2024-02-01 01:28:13,166 - Victim node is 1758.
2024-02-01 01:28:13,166 - tensor([7666, 7671, 7678], device='cuda:0')
2024-02-01 01:28:13,166 - Classification Succeeds.
2024-02-01 01:28:13,166 - Link Generation Succeeds.
2024-02-01 01:28:43,296 - Victim node is 3186.
2024-02-01 01:28:43,296 - tensor([4646, 6130, 7620], device='cuda:0')
2024-02-01 01:28:43,296 - Classification Succeeds.
2024-02-01 01:28:43,296 - Link Generation Fails.
2024-02-01 01:29:14,321 - Victim node is 1804.
2024-02-01 01:29:14,321 - tensor([1136, 5526, 5875], device='cuda:0')
2024-02-01 01:29:14,321 - Classification Succeeds.
2024-02-01 01:29:14,321 - Link Generation Fails.
2024-02-01 01:30:29,874 - Victim node is 7170.
2024-02-01 01:30:29,874 - tensor([2239, 7829, 8292], device='cuda:0')
2024-02-01 01:30:29,874 - Classification Succeeds.
2024-02-01 01:30:29,874 - Link Generation Succeeds.
2024-02-01 01:31:13,735 - Victim node is 6266.
2024-02-01 01:31:13,735 - tensor([2198, 2239, 4376], device='cuda:0')
2024-02-01 01:31:13,736 - Classification Succeeds.
2024-02-01 01:31:13,736 - Link Generation Fails.
2024-02-01 01:31:56,732 - Victim node is 696.
2024-02-01 01:31:56,732 - tensor([2198, 8266, 8983], device='cuda:0')
2024-02-01 01:31:56,734 - Classification Fails.
2024-02-01 01:31:56,734 - Link Generation Succeeds.
2024-02-01 01:32:30,933 - Victim node is 403.
2024-02-01 01:32:30,933 - tensor([ 593, 2198, 2239], device='cuda:0')
2024-02-01 01:32:30,933 - Classification Fails.
2024-02-01 01:32:30,934 - Link Generation Fails.
2024-02-01 01:33:01,398 - Victim node is 2892.
2024-02-01 01:33:01,398 - tensor([2144, 3383, 5823], device='cuda:0')
2024-02-01 01:33:01,398 - Classification Succeeds.
2024-02-01 01:33:01,398 - Link Generation Fails.
2024-02-01 01:33:34,107 - Victim node is 736.
2024-02-01 01:33:34,107 - tensor([2198, 7880, 8466], device='cuda:0')
2024-02-01 01:33:34,107 - Classification Succeeds.
2024-02-01 01:33:34,107 - Link Generation Succeeds.
2024-02-01 01:34:03,790 - Victim node is 3336.
2024-02-01 01:34:03,790 - tensor([2198, 2239, 4376], device='cuda:0')
2024-02-01 01:34:03,790 - Classification Succeeds.
2024-02-01 01:34:03,790 - Link Generation Fails.
2024-02-01 01:34:35,703 - Victim node is 1197.
2024-02-01 01:34:35,703 - tensor([7920, 8582, 8756], device='cuda:0')
2024-02-01 01:34:35,703 - Classification Succeeds.
2024-02-01 01:34:35,703 - Link Generation Succeeds.
2024-02-01 01:37:28,923 - Victim node is 6707.
2024-02-01 01:37:28,923 - tensor([4805, 7860, 8381], device='cuda:0')
2024-02-01 01:37:28,923 - Classification Succeeds.
2024-02-01 01:37:28,923 - Link Generation Succeeds.
2024-02-01 01:38:02,926 - Victim node is 4922.
2024-02-01 01:38:02,926 - tensor([2198, 2239, 7620], device='cuda:0')
2024-02-01 01:38:02,926 - Classification Succeeds.
2024-02-01 01:38:02,926 - Link Generation Fails.
2024-02-01 01:38:32,352 - Victim node is 5391.
2024-02-01 01:38:32,352 - tensor([6130, 7460, 7620], device='cuda:0')
2024-02-01 01:38:32,352 - Classification Succeeds.
2024-02-01 01:38:32,352 - Link Generation Fails.
2024-02-01 01:39:03,962 - Victim node is 3179.
2024-02-01 01:39:03,962 - tensor([2198, 7804, 8778], device='cuda:0')
2024-02-01 01:39:03,962 - Classification Succeeds.
2024-02-01 01:39:03,962 - Link Generation Succeeds.
2024-02-01 01:39:33,364 - Victim node is 6175.
2024-02-01 01:39:33,364 - tensor([2198, 7691, 8137], device='cuda:0')
2024-02-01 01:39:33,364 - Classification Succeeds.
2024-02-01 01:39:33,364 - Link Generation Succeeds.
2024-02-01 01:40:04,970 - Victim node is 6171.
2024-02-01 01:40:04,971 - tensor([2198, 2239, 7743], device='cuda:0')
2024-02-01 01:40:04,971 - Classification Succeeds.
2024-02-01 01:40:04,971 - Link Generation Succeeds.
2024-02-01 01:40:34,581 - Victim node is 1972.
2024-02-01 01:40:34,581 - tensor([4246, 6662, 7620], device='cuda:0')
2024-02-01 01:40:34,582 - Classification Succeeds.
2024-02-01 01:40:34,582 - Link Generation Fails.
2024-02-01 01:41:04,360 - Victim node is 1726.
2024-02-01 01:41:04,360 - tensor([ 593, 2198, 2239], device='cuda:0')
2024-02-01 01:41:04,360 - Classification Succeeds.
2024-02-01 01:41:04,360 - Link Generation Fails.
2024-02-01 01:41:33,655 - Victim node is 3441.
2024-02-01 01:41:33,655 - tensor([1374, 2731, 7620], device='cuda:0')
2024-02-01 01:41:33,655 - Classification Succeeds.
2024-02-01 01:41:33,655 - Link Generation Fails.
2024-02-01 01:44:21,866 - Victim node is 4870.
2024-02-01 01:44:21,866 - tensor([7861, 8427, 8441], device='cuda:0')
2024-02-01 01:44:21,867 - Classification Succeeds.
2024-02-01 01:44:21,867 - Link Generation Succeeds.
2024-02-01 01:44:51,237 - Victim node is 6340.
2024-02-01 01:44:51,237 - tensor([1599, 6130, 7620], device='cuda:0')
2024-02-01 01:44:51,237 - Classification Succeeds.
2024-02-01 01:44:51,237 - Link Generation Fails.
2024-02-01 01:45:20,574 - Victim node is 2962.
2024-02-01 01:45:20,575 - tensor([4646, 6130, 7620], device='cuda:0')
2024-02-01 01:45:20,575 - Classification Succeeds.
2024-02-01 01:45:20,575 - Link Generation Fails.
2024-02-01 01:45:50,049 - Victim node is 6711.
2024-02-01 01:45:50,049 - tensor([6499, 7542, 7651], device='cuda:0')
2024-02-01 01:45:50,049 - Classification Fails.
2024-02-01 01:45:50,049 - Link Generation Succeeds.
2024-02-01 01:46:20,295 - Victim node is 560.
2024-02-01 01:46:20,295 - tensor([3383, 4646, 7620], device='cuda:0')
2024-02-01 01:46:20,296 - Classification Succeeds.
2024-02-01 01:46:20,296 - Link Generation Fails.
2024-02-01 01:46:51,969 - Victim node is 1810.
2024-02-01 01:46:51,969 - tensor([ 593, 2198, 2239], device='cuda:0')
2024-02-01 01:46:51,969 - Classification Succeeds.
2024-02-01 01:46:51,969 - Link Generation Fails.
2024-02-01 01:49:18,901 - Victim node is 3832.
2024-02-01 01:49:18,901 - tensor([7863, 8405, 8420], device='cuda:0')
2024-02-01 01:49:18,901 - Classification Succeeds.
2024-02-01 01:49:18,901 - Link Generation Succeeds.
2024-02-01 01:49:48,367 - Victim node is 6010.
2024-02-01 01:49:48,368 - tensor([6662, 7620, 8042], device='cuda:0')
2024-02-01 01:49:48,368 - Classification Succeeds.
2024-02-01 01:49:48,368 - Link Generation Succeeds.
2024-02-01 01:50:20,392 - Victim node is 4306.
2024-02-01 01:50:20,392 - tensor([ 593, 7948, 8679], device='cuda:0')
2024-02-01 01:50:20,392 - Classification Succeeds.
2024-02-01 01:50:20,392 - Link Generation Succeeds.
2024-02-01 01:53:07,417 - Victim node is 6414.
2024-02-01 01:53:07,417 - tensor([4384, 7852, 8410], device='cuda:0')
2024-02-01 01:53:07,417 - Classification Succeeds.
2024-02-01 01:53:07,417 - Link Generation Succeeds.
2024-02-01 01:53:37,132 - Victim node is 5743.
2024-02-01 01:53:37,132 - tensor([2198, 4376, 4805], device='cuda:0')
2024-02-01 01:53:37,132 - Classification Succeeds.
2024-02-01 01:53:37,132 - Link Generation Fails.
2024-02-01 01:54:06,797 - Victim node is 3624.
2024-02-01 01:54:06,797 - tensor([1136, 5526, 6662], device='cuda:0')
2024-02-01 01:54:06,797 - Classification Succeeds.
2024-02-01 01:54:06,797 - Link Generation Fails.
2024-02-01 01:54:38,702 - Victim node is 5166.
2024-02-01 01:54:38,702 - tensor([ 593, 2198, 8542], device='cuda:0')
2024-02-01 01:54:38,703 - Classification Fails.
2024-02-01 01:54:38,703 - Link Generation Succeeds.
2024-02-01 01:55:08,190 - Victim node is 5643.
2024-02-01 01:55:08,190 - tensor([3383, 4552, 6433], device='cuda:0')
2024-02-01 01:55:08,190 - Classification Succeeds.
2024-02-01 01:55:08,190 - Link Generation Fails.
2024-02-01 01:55:39,497 - Victim node is 5218.
2024-02-01 01:55:39,497 - tensor([ 593, 2198, 2239], device='cuda:0')
2024-02-01 01:55:39,497 - Classification Succeeds.
2024-02-01 01:55:39,497 - Link Generation Fails.
2024-02-01 01:56:09,317 - Victim node is 6546.
2024-02-01 01:56:09,317 - tensor([ 593, 2198, 4376], device='cuda:0')
2024-02-01 01:56:09,318 - Classification Succeeds.
2024-02-01 01:56:09,318 - Link Generation Fails.
2024-02-01 01:56:38,983 - Victim node is 4477.
2024-02-01 01:56:38,983 - tensor([ 593, 2198, 2239], device='cuda:0')
2024-02-01 01:56:38,983 - Classification Succeeds.
2024-02-01 01:56:38,984 - Link Generation Fails.
2024-02-01 01:57:08,413 - Victim node is 3899.
2024-02-01 01:57:08,413 - tensor([3383, 6190, 7542], device='cuda:0')
2024-02-01 01:57:08,414 - Classification Succeeds.
2024-02-01 01:57:08,414 - Link Generation Fails.
2024-02-01 01:57:37,643 - Victim node is 631.
2024-02-01 01:57:37,643 - tensor([2198, 2239, 4805], device='cuda:0')
2024-02-01 01:57:37,643 - Classification Succeeds.
2024-02-01 01:57:37,643 - Link Generation Fails.
2024-02-01 01:58:07,310 - Victim node is 4389.
2024-02-01 01:58:07,310 - tensor([2198, 2239, 4376], device='cuda:0')
2024-02-01 01:58:07,311 - Classification Succeeds.
2024-02-01 01:58:07,311 - Link Generation Fails.
2024-02-01 01:59:20,749 - Victim node is 5551.
2024-02-01 01:59:20,749 - tensor([2239, 8262, 8998], device='cuda:0')
2024-02-01 01:59:20,750 - Classification Succeeds.
2024-02-01 01:59:20,750 - Link Generation Succeeds.
2024-02-01 02:02:16,221 - Victim node is 5707.
2024-02-01 02:02:16,221 - tensor([4805, 7854, 7995], device='cuda:0')
2024-02-01 02:02:16,221 - Classification Succeeds.
2024-02-01 02:02:16,222 - Link Generation Succeeds.
2024-02-01 02:02:45,944 - Victim node is 5613.
2024-02-01 02:02:45,944 - tensor([1155, 6190, 7542], device='cuda:0')
2024-02-01 02:02:45,944 - Classification Succeeds.
2024-02-01 02:02:45,945 - Link Generation Fails.
2024-02-01 02:03:15,030 - Victim node is 3813.
2024-02-01 02:03:15,030 - tensor([6130, 6279, 7620], device='cuda:0')
2024-02-01 02:03:15,030 - Classification Succeeds.
2024-02-01 02:03:15,030 - Link Generation Fails.
2024-02-01 02:03:44,423 - Victim node is 665.
2024-02-01 02:03:44,424 - tensor([  16, 3383, 7505], device='cuda:0')
2024-02-01 02:03:44,424 - Classification Succeeds.
2024-02-01 02:03:44,424 - Link Generation Fails.
2024-02-01 02:04:14,184 - Victim node is 676.
2024-02-01 02:04:14,184 - tensor([1759, 2260, 7620], device='cuda:0')
2024-02-01 02:04:14,185 - Classification Succeeds.
2024-02-01 02:04:14,185 - Link Generation Fails.
2024-02-01 02:04:43,686 - Victim node is 2596.
2024-02-01 02:04:43,686 - tensor([1136, 5528, 7620], device='cuda:0')
2024-02-01 02:04:43,686 - Classification Succeeds.
2024-02-01 02:04:43,686 - Link Generation Fails.
2024-02-01 02:05:12,967 - Victim node is 2023.
2024-02-01 02:05:12,967 - tensor([3383, 7362, 7620], device='cuda:0')
2024-02-01 02:05:12,967 - Classification Fails.
2024-02-01 02:05:12,967 - Link Generation Fails.
2024-02-01 02:05:42,196 - Victim node is 7129.
2024-02-01 02:05:42,196 - tensor([1759, 6130, 7620], device='cuda:0')
2024-02-01 02:05:42,196 - Classification Succeeds.
2024-02-01 02:05:42,196 - Link Generation Fails.
2024-02-01 02:06:12,151 - Victim node is 2099.
2024-02-01 02:06:12,151 - tensor([1759, 6662, 7620], device='cuda:0')
2024-02-01 02:06:12,151 - Classification Succeeds.
2024-02-01 02:06:12,151 - Link Generation Fails.
2024-02-01 02:07:27,485 - Victim node is 4295.
2024-02-01 02:07:27,485 - tensor([ 593, 8320, 8333], device='cuda:0')
2024-02-01 02:07:27,486 - Classification Succeeds.
2024-02-01 02:07:27,486 - Link Generation Succeeds.
2024-02-01 02:07:58,102 - Victim node is 3541.
2024-02-01 02:07:58,102 - tensor([ 593, 2198, 2239], device='cuda:0')
2024-02-01 02:07:58,102 - Classification Succeeds.
2024-02-01 02:07:58,102 - Link Generation Fails.
2024-02-01 02:08:30,278 - Victim node is 6757.
2024-02-01 02:08:30,278 - tensor([7460, 7620, 8022], device='cuda:0')
2024-02-01 02:08:30,279 - Classification Succeeds.
2024-02-01 02:08:30,279 - Link Generation Succeeds.
2024-02-01 02:09:42,597 - Victim node is 906.
2024-02-01 02:09:42,597 - tensor([2239, 7808, 8242], device='cuda:0')
2024-02-01 02:09:42,597 - Classification Succeeds.
2024-02-01 02:09:42,597 - Link Generation Succeeds.
2024-02-01 02:10:12,796 - Victim node is 2092.
2024-02-01 02:10:12,796 - tensor([ 593, 2198, 2239], device='cuda:0')
2024-02-01 02:10:12,797 - Classification Succeeds.
2024-02-01 02:10:12,797 - Link Generation Fails.
2024-02-01 02:13:01,251 - Victim node is 1634.
2024-02-01 02:13:01,251 - tensor([7856, 8399, 8414], device='cuda:0')
2024-02-01 02:13:01,251 - Classification Succeeds.
2024-02-01 02:13:01,251 - Link Generation Succeeds.
2024-02-01 02:13:31,174 - Victim node is 3965.
2024-02-01 02:13:31,174 - tensor([2198, 2239, 4376], device='cuda:0')
2024-02-01 02:13:31,175 - Classification Succeeds.
2024-02-01 02:13:31,175 - Link Generation Fails.
2024-02-01 02:14:00,457 - Victim node is 2499.
2024-02-01 02:14:00,457 - tensor([1759, 6130, 7620], device='cuda:0')
2024-02-01 02:14:00,457 - Classification Succeeds.
2024-02-01 02:14:00,457 - Link Generation Fails.
2024-02-01 02:14:32,025 - Victim node is 6636.
2024-02-01 02:14:32,026 - tensor([2198, 7751, 7896], device='cuda:0')
2024-02-01 02:14:32,026 - Classification Fails.
2024-02-01 02:14:32,026 - Link Generation Succeeds.
2024-02-01 02:15:01,432 - Victim node is 120.
2024-02-01 02:15:01,432 - tensor([1599, 4129, 6662], device='cuda:0')
2024-02-01 02:15:01,432 - Classification Succeeds.
2024-02-01 02:15:01,433 - Link Generation Fails.
2024-02-01 02:15:33,117 - Victim node is 1651.
2024-02-01 02:15:33,117 - tensor([2198, 7779, 8715], device='cuda:0')
2024-02-01 02:15:33,118 - Classification Fails.
2024-02-01 02:15:33,118 - Link Generation Succeeds.
2024-02-01 02:16:02,560 - Victim node is 5673.
2024-02-01 02:16:02,560 - tensor([7684, 7724, 7836], device='cuda:0')
2024-02-01 02:16:02,560 - Classification Succeeds.
2024-02-01 02:16:02,561 - Link Generation Succeeds.
2024-02-01 02:17:16,538 - Victim node is 6284.
2024-02-01 02:17:16,538 - tensor([2239, 7825, 8280], device='cuda:0')
2024-02-01 02:17:16,538 - Classification Succeeds.
2024-02-01 02:17:16,538 - Link Generation Succeeds.
2024-02-01 02:17:46,045 - Victim node is 519.
2024-02-01 02:17:46,045 - tensor([3383, 3780, 4808], device='cuda:0')
2024-02-01 02:17:46,045 - Classification Succeeds.
2024-02-01 02:17:46,045 - Link Generation Fails.
2024-02-01 02:18:16,113 - Victim node is 147.
2024-02-01 02:18:16,114 - tensor([6130, 6279, 7620], device='cuda:0')
2024-02-01 02:18:16,114 - Classification Succeeds.
2024-02-01 02:18:16,114 - Link Generation Fails.
2024-02-01 02:18:47,908 - Victim node is 2102.
2024-02-01 02:18:47,908 - tensor([7932, 8613, 8796], device='cuda:0')
2024-02-01 02:18:47,908 - Classification Succeeds.
2024-02-01 02:18:47,908 - Link Generation Succeeds.
2024-02-01 02:19:19,745 - Victim node is 3686.
2024-02-01 02:19:19,746 - tensor([ 593, 2198, 2239], device='cuda:0')
2024-02-01 02:19:19,746 - Classification Succeeds.
2024-02-01 02:19:19,746 - Link Generation Fails.
2024-02-01 02:19:49,184 - Victim node is 7206.
2024-02-01 02:19:49,184 - tensor([7787, 7854, 7970], device='cuda:0')
2024-02-01 02:19:49,184 - Classification Fails.
2024-02-01 02:19:49,184 - Link Generation Succeeds.
2024-02-01 02:20:20,995 - Victim node is 3559.
2024-02-01 02:20:20,995 - tensor([ 593, 2198, 2239], device='cuda:0')
2024-02-01 02:20:20,995 - Classification Succeeds.
2024-02-01 02:20:20,995 - Link Generation Fails.
2024-02-01 02:20:50,603 - Victim node is 506.
2024-02-01 02:20:50,603 - tensor([2198, 2239, 4376], device='cuda:0')
2024-02-01 02:20:50,603 - Classification Succeeds.
2024-02-01 02:20:50,603 - Link Generation Fails.
2024-02-01 02:21:19,831 - Victim node is 7598.
2024-02-01 02:21:19,832 - tensor([1374, 6130, 7620], device='cuda:0')
2024-02-01 02:21:19,832 - Classification Succeeds.
2024-02-01 02:21:19,832 - Link Generation Fails.
2024-02-01 02:21:51,329 - Victim node is 2192.
2024-02-01 02:21:51,329 - tensor([ 593, 2198, 2239], device='cuda:0')
2024-02-01 02:21:51,330 - Classification Succeeds.
2024-02-01 02:21:51,330 - Link Generation Fails.
2024-02-01 02:22:21,212 - Victim node is 6739.
2024-02-01 02:22:21,213 - tensor([4663, 7460, 7620], device='cuda:0')
2024-02-01 02:22:21,213 - Classification Succeeds.
2024-02-01 02:22:21,213 - Link Generation Fails.
2024-02-01 02:22:50,793 - Victim node is 5366.
2024-02-01 02:22:50,793 - tensor([2198, 2239, 4805], device='cuda:0')
2024-02-01 02:22:50,793 - Classification Succeeds.
2024-02-01 02:22:50,794 - Link Generation Fails.
2024-02-01 02:25:38,428 - Victim node is 629.
2024-02-01 02:25:38,428 - tensor([2239, 7850, 8405], device='cuda:0')
2024-02-01 02:25:38,429 - Classification Succeeds.
2024-02-01 02:25:38,429 - Link Generation Succeeds.
2024-02-01 02:26:10,576 - Victim node is 1727.
2024-02-01 02:26:10,576 - tensor([2239, 7940, 8644], device='cuda:0')
2024-02-01 02:26:10,576 - Classification Succeeds.
2024-02-01 02:26:10,576 - Link Generation Succeeds.
2024-02-01 02:26:40,041 - Victim node is 755.
2024-02-01 02:26:40,041 - tensor([1759, 6130, 7620], device='cuda:0')
2024-02-01 02:26:40,041 - Classification Succeeds.
2024-02-01 02:26:40,041 - Link Generation Fails.
2024-02-01 02:27:09,286 - Victim node is 1075.
2024-02-01 02:27:09,286 - tensor([6130, 6662, 7620], device='cuda:0')
2024-02-01 02:27:09,286 - Classification Succeeds.
2024-02-01 02:27:09,286 - Link Generation Fails.
2024-02-01 02:27:38,386 - Victim node is 3530.
2024-02-01 02:27:38,386 - tensor([1759, 6662, 7620], device='cuda:0')
2024-02-01 02:27:38,386 - Classification Succeeds.
2024-02-01 02:27:38,386 - Link Generation Fails.
2024-02-01 02:28:08,183 - Victim node is 1677.
2024-02-01 02:28:08,183 - tensor([7658, 7661, 7675], device='cuda:0')
2024-02-01 02:28:08,183 - Classification Fails.
2024-02-01 02:28:08,183 - Link Generation Succeeds.
2024-02-01 02:28:37,769 - Victim node is 6298.
2024-02-01 02:28:37,769 - tensor([2198, 4376, 4805], device='cuda:0')
2024-02-01 02:28:37,769 - Classification Succeeds.
2024-02-01 02:28:37,769 - Link Generation Fails.
2024-02-01 02:29:50,529 - Victim node is 1421.
2024-02-01 02:29:50,529 - tensor([2239, 7827, 8273], device='cuda:0')
2024-02-01 02:29:50,530 - Classification Succeeds.
2024-02-01 02:29:50,530 - Link Generation Succeeds.
2024-02-01 02:30:21,851 - Victim node is 6766.
2024-02-01 02:30:21,851 - tensor([1759, 2260, 4666], device='cuda:0')
2024-02-01 02:30:21,853 - Classification Succeeds.
2024-02-01 02:30:21,853 - Link Generation Fails.
2024-02-01 02:30:51,504 - Victim node is 1640.
2024-02-01 02:30:51,504 - tensor([3383, 6190, 7542], device='cuda:0')
2024-02-01 02:30:51,504 - Classification Succeeds.
2024-02-01 02:30:51,504 - Link Generation Fails.
2024-02-01 02:31:21,026 - Victim node is 4187.
2024-02-01 02:31:21,027 - tensor([ 593, 2198, 6702], device='cuda:0')
2024-02-01 02:31:21,027 - Classification Fails.
2024-02-01 02:31:21,027 - Link Generation Fails.
2024-02-01 02:31:50,523 - Victim node is 4432.
2024-02-01 02:31:50,523 - tensor([1897, 5130, 7542], device='cuda:0')
2024-02-01 02:31:50,523 - Classification Succeeds.
2024-02-01 02:31:50,524 - Link Generation Fails.
2024-02-01 02:32:22,377 - Victim node is 3550.
2024-02-01 02:32:22,377 - tensor([2198, 7746, 8339], device='cuda:0')
2024-02-01 02:32:22,378 - Classification Fails.
2024-02-01 02:32:22,378 - Link Generation Succeeds.
2024-02-01 02:32:51,882 - Victim node is 5267.
2024-02-01 02:32:51,883 - tensor([3383, 3780, 6499], device='cuda:0')
2024-02-01 02:32:51,883 - Classification Succeeds.
2024-02-01 02:32:51,883 - Link Generation Fails.
2024-02-01 02:33:21,375 - Victim node is 6237.
2024-02-01 02:33:21,375 - tensor([2198, 7755, 7950], device='cuda:0')
2024-02-01 02:33:21,375 - Classification Succeeds.
2024-02-01 02:33:21,375 - Link Generation Succeeds.
2024-02-01 02:34:40,946 - Victim node is 3695.
2024-02-01 02:34:40,946 - tensor([ 593, 8356, 8370], device='cuda:0')
2024-02-01 02:34:40,946 - Classification Succeeds.
2024-02-01 02:34:40,948 - Link Generation Succeeds.
2024-02-01 02:35:10,225 - Victim node is 3315.
2024-02-01 02:35:10,225 - tensor([1374, 6662, 7620], device='cuda:0')
2024-02-01 02:35:10,225 - Classification Succeeds.
2024-02-01 02:35:10,226 - Link Generation Fails.
2024-02-01 02:35:39,693 - Victim node is 6645.
2024-02-01 02:35:39,694 - tensor([1374, 6068, 6279], device='cuda:0')
2024-02-01 02:35:39,694 - Classification Succeeds.
2024-02-01 02:35:39,694 - Link Generation Fails.
2024-02-01 02:36:11,607 - Victim node is 2883.
2024-02-01 02:36:11,607 - tensor([ 593, 2239, 8712], device='cuda:0')
2024-02-01 02:36:11,608 - Classification Succeeds.
2024-02-01 02:36:11,608 - Link Generation Succeeds.
2024-02-01 02:36:41,587 - Victim node is 6605.
2024-02-01 02:36:41,587 - tensor([6962, 7177, 7542], device='cuda:0')
2024-02-01 02:36:41,587 - Classification Fails.
2024-02-01 02:36:41,587 - Link Generation Fails.
2024-02-01 02:37:11,006 - Victim node is 7594.
2024-02-01 02:37:11,006 - tensor([1759, 2260, 7620], device='cuda:0')
2024-02-01 02:37:11,006 - Classification Succeeds.
2024-02-01 02:37:11,006 - Link Generation Fails.
2024-02-01 02:37:40,460 - Victim node is 1016.
2024-02-01 02:37:40,460 - tensor([1969, 2250, 4960], device='cuda:0')
2024-02-01 02:37:40,460 - Classification Succeeds.
2024-02-01 02:37:40,460 - Link Generation Fails.
2024-02-01 02:38:10,535 - Victim node is 1077.
2024-02-01 02:38:10,535 - tensor([6190, 7542, 7666], device='cuda:0')
2024-02-01 02:38:10,535 - Classification Succeeds.
2024-02-01 02:38:10,535 - Link Generation Succeeds.
2024-02-01 02:38:39,991 - Victim node is 4163.
2024-02-01 02:38:39,992 - tensor([ 593, 2198, 7948], device='cuda:0')
2024-02-01 02:38:39,992 - Classification Succeeds.
2024-02-01 02:38:39,992 - Link Generation Succeeds.
2024-02-01 02:39:51,099 - Victim node is 2484.
2024-02-01 02:39:51,099 - tensor([ 593, 8758, 8780], device='cuda:0')
2024-02-01 02:39:51,100 - Classification Succeeds.
2024-02-01 02:39:51,100 - Link Generation Succeeds.
2024-02-01 02:40:21,097 - Victim node is 2690.
2024-02-01 02:40:21,097 - tensor([ 593, 2198, 4376], device='cuda:0')
2024-02-01 02:40:21,098 - Classification Fails.
2024-02-01 02:40:21,098 - Link Generation Fails.
2024-02-01 02:40:50,352 - Victim node is 4921.
2024-02-01 02:40:50,353 - tensor([1374, 5449, 6662], device='cuda:0')
2024-02-01 02:40:50,353 - Classification Succeeds.
2024-02-01 02:40:50,353 - Link Generation Fails.
2024-02-01 02:41:19,605 - Victim node is 4077.
2024-02-01 02:41:19,605 - tensor([1136, 2818, 6662], device='cuda:0')
2024-02-01 02:41:19,606 - Classification Succeeds.
2024-02-01 02:41:19,606 - Link Generation Fails.
2024-02-01 02:41:49,012 - Victim node is 4748.
2024-02-01 02:41:49,013 - tensor([1759, 4966, 7620], device='cuda:0')
2024-02-01 02:41:49,013 - Classification Succeeds.
2024-02-01 02:41:49,013 - Link Generation Fails.
2024-02-01 02:42:21,292 - Victim node is 7363.
2024-02-01 02:42:21,292 - tensor([2198, 7734, 7802], device='cuda:0')
2024-02-01 02:42:21,292 - Classification Fails.
2024-02-01 02:42:21,292 - Link Generation Succeeds.
2024-02-01 02:42:51,013 - Victim node is 3275.
2024-02-01 02:42:51,013 - tensor([ 593, 2198, 2239], device='cuda:0')
2024-02-01 02:42:51,013 - Classification Succeeds.
2024-02-01 02:42:51,014 - Link Generation Fails.
2024-02-01 02:43:20,290 - Victim node is 1115.
2024-02-01 02:43:20,290 - tensor([6279, 6662, 7542], device='cuda:0')
2024-02-01 02:43:20,291 - Classification Succeeds.
2024-02-01 02:43:20,291 - Link Generation Fails.
2024-02-01 02:43:51,963 - Victim node is 1730.
2024-02-01 02:43:51,963 - tensor([2198, 7757, 8481], device='cuda:0')
2024-02-01 02:43:51,964 - Classification Fails.
2024-02-01 02:43:51,964 - Link Generation Succeeds.
2024-02-01 02:44:22,224 - Victim node is 827.
2024-02-01 02:44:22,224 - tensor([3383, 6433, 7620], device='cuda:0')
2024-02-01 02:44:22,224 - Classification Succeeds.
2024-02-01 02:44:22,224 - Link Generation Fails.
2024-02-01 02:44:51,582 - Victim node is 3635.
2024-02-01 02:44:51,582 - tensor([ 593, 2198, 2239], device='cuda:0')
2024-02-01 02:44:51,583 - Classification Fails.
2024-02-01 02:44:51,583 - Link Generation Fails.
2024-02-01 02:45:23,119 - Victim node is 6219.
2024-02-01 02:45:23,119 - tensor([ 593, 2198, 2239], device='cuda:0')
2024-02-01 02:45:23,119 - Classification Succeeds.
2024-02-01 02:45:23,119 - Link Generation Fails.
2024-02-01 02:45:52,240 - Victim node is 5482.
2024-02-01 02:45:52,240 - tensor([1599, 6279, 7620], device='cuda:0')
2024-02-01 02:45:52,241 - Classification Succeeds.
2024-02-01 02:45:52,241 - Link Generation Fails.
2024-02-01 02:46:22,531 - Victim node is 3111.
2024-02-01 02:46:22,531 - tensor([1136, 2694, 5526], device='cuda:0')
2024-02-01 02:46:22,531 - Classification Succeeds.
2024-02-01 02:46:22,531 - Link Generation Fails.
2024-02-01 02:46:54,041 - Victim node is 3250.
2024-02-01 02:46:54,041 - tensor([ 593, 2198, 2239], device='cuda:0')
2024-02-01 02:46:54,041 - Classification Succeeds.
2024-02-01 02:46:54,041 - Link Generation Fails.
2024-02-01 02:47:23,029 - Victim node is 5479.
2024-02-01 02:47:23,030 - tensor([ 593, 2198, 2239], device='cuda:0')
2024-02-01 02:47:23,030 - Classification Succeeds.
2024-02-01 02:47:23,030 - Link Generation Fails.
2024-02-01 02:47:52,170 - Victim node is 7025.
2024-02-01 02:47:52,170 - tensor([1759, 2260, 7620], device='cuda:0')
2024-02-01 02:47:52,170 - Classification Succeeds.
2024-02-01 02:47:52,170 - Link Generation Fails.
2024-02-01 02:49:08,646 - Victim node is 4791.
2024-02-01 02:49:08,646 - tensor([ 593, 8342, 8354], device='cuda:0')
2024-02-01 02:49:08,646 - Classification Succeeds.
2024-02-01 02:49:08,646 - Link Generation Succeeds.
2024-02-01 02:49:38,453 - Victim node is 2424.
2024-02-01 02:49:38,453 - tensor([  16, 2694, 6190], device='cuda:0')
2024-02-01 02:49:38,453 - Classification Succeeds.
2024-02-01 02:49:38,454 - Link Generation Fails.
2024-02-01 02:50:08,086 - Victim node is 7489.
2024-02-01 02:50:08,086 - tensor([6130, 6279, 7620], device='cuda:0')
2024-02-01 02:50:08,087 - Classification Succeeds.
2024-02-01 02:50:08,087 - Link Generation Fails.
2024-02-01 02:50:37,532 - Victim node is 4318.
2024-02-01 02:50:37,533 - tensor([ 593, 2198, 6702], device='cuda:0')
2024-02-01 02:50:37,533 - Classification Fails.
2024-02-01 02:50:37,533 - Link Generation Fails.
2024-02-01 02:51:06,749 - Victim node is 1009.
2024-02-01 02:51:06,749 - tensor([1600, 6279, 7620], device='cuda:0')
2024-02-01 02:51:06,750 - Classification Succeeds.
2024-02-01 02:51:06,750 - Link Generation Fails.
2024-02-01 02:51:35,900 - Victim node is 2008.
2024-02-01 02:51:35,900 - tensor([6130, 7460, 7620], device='cuda:0')
2024-02-01 02:51:35,900 - Classification Succeeds.
2024-02-01 02:51:35,900 - Link Generation Fails.
2024-02-01 02:52:05,592 - Victim node is 5533.
2024-02-01 02:52:05,592 - tensor([1155, 6662, 6962], device='cuda:0')
2024-02-01 02:52:05,592 - Classification Succeeds.
2024-02-01 02:52:05,592 - Link Generation Fails.
2024-02-01 02:52:37,416 - Victim node is 4590.
2024-02-01 02:52:37,417 - tensor([2239, 7960, 8711], device='cuda:0')
2024-02-01 02:52:37,417 - Classification Succeeds.
2024-02-01 02:52:37,417 - Link Generation Succeeds.
2024-02-01 02:53:06,687 - Victim node is 2177.
2024-02-01 02:53:06,688 - tensor([1759, 2260, 3383], device='cuda:0')
2024-02-01 02:53:06,688 - Classification Succeeds.
2024-02-01 02:53:06,688 - Link Generation Fails.
2024-02-01 02:53:36,178 - Victim node is 3420.
2024-02-01 02:53:36,178 - tensor([1600, 5449, 7620], device='cuda:0')
2024-02-01 02:53:36,178 - Classification Succeeds.
2024-02-01 02:53:36,179 - Link Generation Fails.
2024-02-01 02:54:47,758 - Victim node is 4162.
2024-02-01 02:54:47,758 - tensor([ 593, 7971, 8758], device='cuda:0')
2024-02-01 02:54:47,759 - Classification Succeeds.
2024-02-01 02:54:47,759 - Link Generation Succeeds.
2024-02-01 02:57:19,167 - Victim node is 1610.
2024-02-01 02:57:19,167 - tensor([2198, 8312, 8329], device='cuda:0')
2024-02-01 02:57:19,167 - Classification Succeeds.
2024-02-01 02:57:19,167 - Link Generation Succeeds.
2024-02-01 02:59:42,046 - Victim node is 2042.
2024-02-01 02:59:42,046 - tensor([ 593, 7831, 8259], device='cuda:0')
2024-02-01 02:59:42,046 - Classification Fails.
2024-02-01 02:59:42,046 - Link Generation Succeeds.
2024-02-01 03:00:12,992 - Victim node is 5480.
2024-02-01 03:00:12,992 - tensor([7684, 7723, 7911], device='cuda:0')
2024-02-01 03:00:12,992 - Classification Succeeds.
2024-02-01 03:00:12,992 - Link Generation Succeeds.
2024-02-01 03:00:42,883 - Victim node is 7016.
2024-02-01 03:00:42,883 - tensor([6130, 6279, 7620], device='cuda:0')
2024-02-01 03:00:42,883 - Classification Succeeds.
2024-02-01 03:00:42,883 - Link Generation Fails.
2024-02-01 03:01:15,098 - Victim node is 2371.
2024-02-01 03:01:15,098 - tensor([ 593, 2198, 2239], device='cuda:0')
2024-02-01 03:01:15,099 - Classification Succeeds.
2024-02-01 03:01:15,099 - Link Generation Fails.
2024-02-01 03:01:44,566 - Victim node is 4913.
2024-02-01 03:01:44,566 - tensor([2198, 2239, 4376], device='cuda:0')
2024-02-01 03:01:44,567 - Classification Succeeds.
2024-02-01 03:01:44,567 - Link Generation Fails.
2024-02-01 03:04:37,673 - Victim node is 4479.
2024-02-01 03:04:37,673 - tensor([7870, 8441, 8455], device='cuda:0')
2024-02-01 03:04:37,673 - Classification Succeeds.
2024-02-01 03:04:37,673 - Link Generation Succeeds.
2024-02-01 03:05:22,198 - Victim node is 5283.
2024-02-01 03:05:22,198 - tensor([4129, 7460, 7620], device='cuda:0')
2024-02-01 03:05:22,199 - Classification Succeeds.
2024-02-01 03:05:22,199 - Link Generation Fails.
2024-02-01 03:06:06,200 - Victim node is 3124.
2024-02-01 03:06:06,200 - tensor([ 593, 2198, 2239], device='cuda:0')
2024-02-01 03:06:06,201 - Classification Succeeds.
2024-02-01 03:06:06,201 - Link Generation Fails.
2024-02-01 03:06:35,472 - Victim node is 4178.
2024-02-01 03:06:35,472 - tensor([2198, 2239, 4376], device='cuda:0')
2024-02-01 03:06:35,472 - Classification Succeeds.
2024-02-01 03:06:35,472 - Link Generation Fails.
2024-02-01 03:07:05,185 - Victim node is 2678.
2024-02-01 03:07:05,185 - tensor([2198, 7734, 7929], device='cuda:0')
2024-02-01 03:07:05,186 - Classification Succeeds.
2024-02-01 03:07:05,186 - Link Generation Succeeds.
2024-02-01 03:08:16,699 - Victim node is 2336.
2024-02-01 03:08:16,699 - tensor([2239, 7795, 8742], device='cuda:0')
2024-02-01 03:08:16,700 - Classification Succeeds.
2024-02-01 03:08:16,700 - Link Generation Succeeds.
2024-02-01 03:08:46,188 - Victim node is 6334.
2024-02-01 03:08:46,189 - tensor([7650, 7651, 7652], device='cuda:0')
2024-02-01 03:08:46,189 - Classification Fails.
2024-02-01 03:08:46,189 - Link Generation Succeeds.
2024-02-01 03:09:15,649 - Victim node is 961.
2024-02-01 03:09:15,649 - tensor([3383, 6499, 7659], device='cuda:0')
2024-02-01 03:09:15,649 - Classification Succeeds.
2024-02-01 03:09:15,649 - Link Generation Succeeds.
2024-02-01 03:09:44,976 - Victim node is 4079.
2024-02-01 03:09:44,976 - tensor([4663, 6130, 7620], device='cuda:0')
2024-02-01 03:09:44,976 - Classification Succeeds.
2024-02-01 03:09:44,976 - Link Generation Fails.
2024-02-01 03:10:14,847 - Victim node is 189.
2024-02-01 03:10:14,847 - tensor([1136, 5526, 5875], device='cuda:0')
2024-02-01 03:10:14,847 - Classification Succeeds.
2024-02-01 03:10:14,847 - Link Generation Fails.
2024-02-01 03:10:44,406 - Victim node is 812.
2024-02-01 03:10:44,406 - tensor([5449, 6279, 7620], device='cuda:0')
2024-02-01 03:10:44,407 - Classification Succeeds.
2024-02-01 03:10:44,407 - Link Generation Fails.
2024-02-01 03:11:13,695 - Victim node is 5771.
2024-02-01 03:11:13,695 - tensor([ 526, 3578, 4805], device='cuda:0')
2024-02-01 03:11:13,695 - Classification Succeeds.
2024-02-01 03:11:13,695 - Link Generation Fails.
2024-02-01 03:13:54,559 - Victim node is 6968.
2024-02-01 03:13:54,559 - tensor([7856, 8392, 8406], device='cuda:0')
2024-02-01 03:13:54,559 - Classification Succeeds.
2024-02-01 03:13:54,559 - Link Generation Succeeds.
2024-02-01 03:15:10,127 - Victim node is 1665.
2024-02-01 03:15:10,128 - tensor([2239, 8312, 8977], device='cuda:0')
2024-02-01 03:15:10,128 - Classification Succeeds.
2024-02-01 03:15:10,128 - Link Generation Succeeds.
2024-02-01 03:18:23,010 - Victim node is 7174.
2024-02-01 03:18:23,010 - tensor([2239, 7849, 8356], device='cuda:0')
2024-02-01 03:18:23,011 - Classification Succeeds.
2024-02-01 03:18:23,011 - Link Generation Succeeds.
2024-02-01 03:20:07,618 - Victim node is 4194.
2024-02-01 03:20:07,618 - tensor([ 593, 2198, 8846], device='cuda:0')
2024-02-01 03:20:07,619 - Classification Succeeds.
2024-02-01 03:20:07,619 - Link Generation Succeeds.
2024-02-01 03:20:37,334 - Victim node is 4118.
2024-02-01 03:20:37,334 - tensor([2198, 2239, 4376], device='cuda:0')
2024-02-01 03:20:37,334 - Classification Succeeds.
2024-02-01 03:20:37,334 - Link Generation Fails.
2024-02-01 03:21:48,756 - Victim node is 7477.
2024-02-01 03:21:48,757 - tensor([2239, 7976, 8819], device='cuda:0')
2024-02-01 03:21:48,757 - Classification Succeeds.
2024-02-01 03:21:48,757 - Link Generation Succeeds.
2024-02-01 03:22:18,889 - Victim node is 5628.
2024-02-01 03:22:18,889 - tensor([ 593, 2198, 2239], device='cuda:0')
2024-02-01 03:22:18,890 - Classification Fails.
2024-02-01 03:22:18,890 - Link Generation Fails.
2024-02-01 03:22:48,010 - Victim node is 6842.
2024-02-01 03:22:48,010 - tensor([2260, 6068, 7620], device='cuda:0')
2024-02-01 03:22:48,011 - Classification Succeeds.
2024-02-01 03:22:48,011 - Link Generation Fails.
2024-02-01 03:23:17,398 - Victim node is 2928.
2024-02-01 03:23:17,398 - tensor([3383, 3780, 7362], device='cuda:0')
2024-02-01 03:23:17,400 - Classification Succeeds.
2024-02-01 03:23:17,400 - Link Generation Fails.
2024-02-01 03:23:46,835 - Victim node is 3509.
2024-02-01 03:23:46,835 - tensor([ 593, 2198, 2239], device='cuda:0')
2024-02-01 03:23:46,835 - Classification Succeeds.
2024-02-01 03:23:46,835 - Link Generation Fails.
2024-02-01 03:24:18,966 - Victim node is 6854.
2024-02-01 03:24:18,966 - tensor([ 593, 2198, 6702], device='cuda:0')
2024-02-01 03:24:18,966 - Classification Succeeds.
2024-02-01 03:24:18,966 - Link Generation Fails.
2024-02-01 03:25:31,569 - Victim node is 4303.
2024-02-01 03:25:31,569 - tensor([2198, 2239, 8826], device='cuda:0')
2024-02-01 03:25:31,570 - Classification Succeeds.
2024-02-01 03:25:31,570 - Link Generation Succeeds.
2024-02-01 03:27:12,319 - Victim node is 3462.
2024-02-01 03:27:12,320 - tensor([2239, 7968, 8769], device='cuda:0')
2024-02-01 03:27:12,320 - Classification Succeeds.
2024-02-01 03:27:12,320 - Link Generation Succeeds.
2024-02-01 03:27:43,871 - Victim node is 6578.
2024-02-01 03:27:43,871 - tensor([ 593, 2198, 8647], device='cuda:0')
2024-02-01 03:27:43,871 - Classification Succeeds.
2024-02-01 03:27:43,871 - Link Generation Succeeds.
2024-02-01 03:28:13,666 - Victim node is 1728.
2024-02-01 03:28:13,666 - tensor([7808, 7811, 7946], device='cuda:0')
2024-02-01 03:28:13,666 - Classification Succeeds.
2024-02-01 03:28:13,666 - Link Generation Succeeds.
2024-02-01 03:28:43,240 - Victim node is 6329.
2024-02-01 03:28:43,240 - tensor([4646, 6433, 7620], device='cuda:0')
2024-02-01 03:28:43,240 - Classification Succeeds.
2024-02-01 03:28:43,240 - Link Generation Fails.
2024-02-01 03:29:12,721 - Victim node is 688.
2024-02-01 03:29:12,721 - tensor([  63, 6279, 6662], device='cuda:0')
2024-02-01 03:29:12,721 - Classification Succeeds.
2024-02-01 03:29:12,721 - Link Generation Fails.
2024-02-01 03:29:41,978 - Victim node is 7515.
2024-02-01 03:29:41,978 - tensor([1759, 3383, 7620], device='cuda:0')
2024-02-01 03:29:41,978 - Classification Succeeds.
2024-02-01 03:29:41,978 - Link Generation Fails.
2024-02-01 03:30:14,303 - Victim node is 5616.
2024-02-01 03:30:14,303 - tensor([6130, 7460, 7620], device='cuda:0')
2024-02-01 03:30:14,304 - Classification Succeeds.
2024-02-01 03:30:14,304 - Link Generation Fails.
2024-02-01 03:31:25,517 - Victim node is 3282.
2024-02-01 03:31:25,517 - tensor([ 593, 7974, 8756], device='cuda:0')
2024-02-01 03:31:25,518 - Classification Succeeds.
2024-02-01 03:31:25,518 - Link Generation Succeeds.
2024-02-01 03:31:55,136 - Victim node is 454.
2024-02-01 03:31:55,136 - tensor([6279, 6662, 7620], device='cuda:0')
2024-02-01 03:31:55,136 - Classification Succeeds.
2024-02-01 03:31:55,136 - Link Generation Fails.
2024-02-01 03:34:42,138 - Victim node is 6354.
2024-02-01 03:34:42,139 - tensor([7853, 8404, 8419], device='cuda:0')
2024-02-01 03:34:42,139 - Classification Succeeds.
2024-02-01 03:34:42,139 - Link Generation Succeeds.
2024-02-01 03:35:19,673 - Victim node is 2483.
2024-02-01 03:35:19,673 - tensor([3383, 6499, 7362], device='cuda:0')
2024-02-01 03:35:19,673 - Classification Fails.
2024-02-01 03:35:19,673 - Link Generation Fails.
2024-02-01 03:35:49,078 - Victim node is 2161.
2024-02-01 03:35:49,078 - tensor([1759, 2260, 3383], device='cuda:0')
2024-02-01 03:35:49,078 - Classification Succeeds.
2024-02-01 03:35:49,078 - Link Generation Fails.
2024-02-01 03:36:19,070 - Victim node is 6206.
2024-02-01 03:36:19,070 - tensor([3383, 5875, 7542], device='cuda:0')
2024-02-01 03:36:19,071 - Classification Succeeds.
2024-02-01 03:36:19,071 - Link Generation Fails.
2024-02-01 03:36:48,721 - Victim node is 7263.
2024-02-01 03:36:48,721 - tensor([1759, 6130, 7620], device='cuda:0')
2024-02-01 03:36:48,722 - Classification Succeeds.
2024-02-01 03:36:48,722 - Link Generation Fails.
2024-02-01 03:37:18,247 - Victim node is 5715.
2024-02-01 03:37:18,248 - tensor([3383, 7542, 7620], device='cuda:0')
2024-02-01 03:37:18,248 - Classification Succeeds.
2024-02-01 03:37:18,248 - Link Generation Fails.
2024-02-01 03:37:47,780 - Victim node is 4555.
2024-02-01 03:37:47,780 - tensor([2198, 2239, 4376], device='cuda:0')
2024-02-01 03:37:47,781 - Classification Succeeds.
2024-02-01 03:37:47,781 - Link Generation Fails.
2024-02-01 03:38:17,532 - Victim node is 6025.
2024-02-01 03:38:17,532 - tensor([1374, 6130, 6279], device='cuda:0')
2024-02-01 03:38:17,533 - Classification Succeeds.
2024-02-01 03:38:17,533 - Link Generation Fails.
2024-02-01 03:38:46,867 - Victim node is 7318.
2024-02-01 03:38:46,867 - tensor([1759, 2260, 4666], device='cuda:0')
2024-02-01 03:38:46,867 - Classification Fails.
2024-02-01 03:38:46,867 - Link Generation Fails.
2024-02-01 03:39:51,303 - Victim node is 3514.
2024-02-01 03:39:51,303 - tensor([2239, 7822, 8284], device='cuda:0')
2024-02-01 03:39:51,303 - Classification Succeeds.
2024-02-01 03:39:51,304 - Link Generation Succeeds.
2024-02-01 03:40:40,981 - Victim node is 6344.
2024-02-01 03:40:40,981 - tensor([6279, 7703, 7746], device='cuda:0')
2024-02-01 03:40:40,981 - Classification Fails.
2024-02-01 03:40:40,982 - Link Generation Succeeds.
2024-02-01 03:41:10,262 - Victim node is 130.
2024-02-01 03:41:10,262 - tensor([6190, 6499, 7542], device='cuda:0')
2024-02-01 03:41:10,262 - Classification Succeeds.
2024-02-01 03:41:10,263 - Link Generation Fails.
2024-02-01 03:41:39,231 - Victim node is 6520.
2024-02-01 03:41:39,232 - tensor([1136, 6130, 7620], device='cuda:0')
2024-02-01 03:41:39,232 - Classification Succeeds.
2024-02-01 03:41:39,232 - Link Generation Fails.
2024-02-01 03:42:09,199 - Victim node is 4777.
2024-02-01 03:42:09,200 - tensor([ 593, 2198, 6702], device='cuda:0')
2024-02-01 03:42:09,200 - Classification Succeeds.
2024-02-01 03:42:09,200 - Link Generation Fails.
2024-02-01 03:42:40,856 - Victim node is 4473.
2024-02-01 03:42:40,856 - tensor([ 593, 2198, 8354], device='cuda:0')
2024-02-01 03:42:40,857 - Classification Fails.
2024-02-01 03:42:40,857 - Link Generation Succeeds.
2024-02-01 03:43:10,608 - Victim node is 5017.
2024-02-01 03:43:10,608 - tensor([2144, 5875, 7542], device='cuda:0')
2024-02-01 03:43:10,609 - Classification Succeeds.
2024-02-01 03:43:10,609 - Link Generation Fails.
2024-02-01 03:43:42,366 - Victim node is 5561.
2024-02-01 03:43:42,366 - tensor([7711, 7732, 8345], device='cuda:0')
2024-02-01 03:43:42,367 - Classification Succeeds.
2024-02-01 03:43:42,367 - Link Generation Succeeds.
2024-02-01 03:44:12,304 - Victim node is 4635.
2024-02-01 03:44:12,304 - tensor([3383, 6190, 7542], device='cuda:0')
2024-02-01 03:44:12,305 - Classification Fails.
2024-02-01 03:44:12,305 - Link Generation Fails.
2024-02-01 03:44:41,534 - Victim node is 4137.
2024-02-01 03:44:41,534 - tensor([4663, 6130, 7620], device='cuda:0')
2024-02-01 03:44:41,534 - Classification Succeeds.
2024-02-01 03:44:41,535 - Link Generation Fails.
2024-02-01 03:45:10,704 - Victim node is 642.
2024-02-01 03:45:10,704 - tensor([1136, 5449, 5526], device='cuda:0')
2024-02-01 03:45:10,704 - Classification Fails.
2024-02-01 03:45:10,704 - Link Generation Fails.
2024-02-01 03:45:39,892 - Victim node is 5192.
2024-02-01 03:45:39,893 - tensor([  16, 7505, 7542], device='cuda:0')
2024-02-01 03:45:39,893 - Classification Succeeds.
2024-02-01 03:45:39,893 - Link Generation Fails.
2024-02-01 03:46:09,671 - Victim node is 6351.
2024-02-01 03:46:09,671 - tensor([3383, 4906, 6433], device='cuda:0')
2024-02-01 03:46:09,672 - Classification Succeeds.
2024-02-01 03:46:09,672 - Link Generation Fails.
2024-02-01 03:46:39,307 - Victim node is 520.
2024-02-01 03:46:39,307 - tensor([1136, 1599, 5526], device='cuda:0')
2024-02-01 03:46:39,307 - Classification Succeeds.
2024-02-01 03:46:39,307 - Link Generation Fails.
2024-02-01 03:47:10,451 - Victim node is 7180.
2024-02-01 03:47:10,452 - tensor([2198, 2239, 8622], device='cuda:0')
2024-02-01 03:47:10,452 - Classification Succeeds.
2024-02-01 03:47:10,452 - Link Generation Succeeds.
2024-02-01 03:47:39,745 - Victim node is 6506.
2024-02-01 03:47:39,745 - tensor([ 593, 2198, 2239], device='cuda:0')
2024-02-01 03:47:39,746 - Classification Succeeds.
2024-02-01 03:47:39,746 - Link Generation Fails.
2024-02-01 03:48:09,606 - Victim node is 1806.
2024-02-01 03:48:09,606 - tensor([3383, 6190, 7542], device='cuda:0')
2024-02-01 03:48:09,607 - Classification Succeeds.
2024-02-01 03:48:09,607 - Link Generation Fails.
2024-02-01 03:49:22,195 - Victim node is 6990.
2024-02-01 03:49:22,195 - tensor([ 593, 2239, 8242], device='cuda:0')
2024-02-01 03:49:22,195 - Classification Succeeds.
2024-02-01 03:49:22,195 - Link Generation Succeeds.
2024-02-01 03:49:52,462 - Victim node is 4370.
2024-02-01 03:49:52,462 - tensor([6130, 6279, 7620], device='cuda:0')
2024-02-01 03:49:52,462 - Classification Succeeds.
2024-02-01 03:49:52,462 - Link Generation Fails.
2024-02-01 03:50:22,363 - Victim node is 5570.
2024-02-01 03:50:22,363 - tensor([1136, 5526, 6662], device='cuda:0')
2024-02-01 03:50:22,363 - Classification Succeeds.
2024-02-01 03:50:22,363 - Link Generation Fails.
2024-02-01 03:50:53,690 - Victim node is 5197.
2024-02-01 03:50:53,690 - tensor([ 593, 2198, 8530], device='cuda:0')
2024-02-01 03:50:53,691 - Classification Fails.
2024-02-01 03:50:53,691 - Link Generation Succeeds.
2024-02-01 03:51:22,635 - Victim node is 5540.
2024-02-01 03:51:22,635 - tensor([1759, 4666, 7620], device='cuda:0')
2024-02-01 03:51:22,635 - Classification Succeeds.
2024-02-01 03:51:22,635 - Link Generation Fails.
2024-02-01 03:51:51,751 - Victim node is 7062.
2024-02-01 03:51:51,751 - tensor([3383, 6499, 7654], device='cuda:0')
2024-02-01 03:51:51,752 - Classification Succeeds.
2024-02-01 03:51:51,752 - Link Generation Succeeds.
2024-02-01 03:52:21,749 - Victim node is 428.
2024-02-01 03:52:21,749 - tensor([3383, 5925, 6499], device='cuda:0')
2024-02-01 03:52:21,750 - Classification Succeeds.
2024-02-01 03:52:21,750 - Link Generation Fails.
2024-02-01 03:52:50,978 - Victim node is 7273.
2024-02-01 03:52:50,978 - tensor([3383, 7699, 7756], device='cuda:0')
2024-02-01 03:52:50,978 - Classification Fails.
2024-02-01 03:52:50,978 - Link Generation Succeeds.
2024-02-01 03:53:20,220 - Victim node is 4043.
2024-02-01 03:53:20,220 - tensor([2198, 2239, 4376], device='cuda:0')
2024-02-01 03:53:20,220 - Classification Succeeds.
2024-02-01 03:53:20,220 - Link Generation Fails.
2024-02-01 03:54:35,840 - Victim node is 3545.
2024-02-01 03:54:35,840 - tensor([ 593, 2239, 8318], device='cuda:0')
2024-02-01 03:54:35,840 - Classification Succeeds.
2024-02-01 03:54:35,840 - Link Generation Succeeds.
2024-02-01 03:55:15,043 - Victim node is 4450.
2024-02-01 03:55:15,043 - tensor([ 593, 7963, 8742], device='cuda:0')
2024-02-01 03:55:15,043 - Classification Succeeds.
2024-02-01 03:55:15,044 - Link Generation Succeeds.
2024-02-01 03:55:44,328 - Victim node is 1543.
2024-02-01 03:55:44,328 - tensor([6130, 7785, 7789], device='cuda:0')
2024-02-01 03:55:44,328 - Classification Succeeds.
2024-02-01 03:55:44,328 - Link Generation Succeeds.
2024-02-01 03:56:14,274 - Victim node is 4288.
2024-02-01 03:56:14,274 - tensor([  16, 6190, 7460], device='cuda:0')
2024-02-01 03:56:14,274 - Classification Succeeds.
2024-02-01 03:56:14,275 - Link Generation Fails.
2024-02-01 03:56:43,970 - Victim node is 6435.
2024-02-01 03:56:43,970 - tensor([ 593, 2198, 6702], device='cuda:0')
2024-02-01 03:56:43,970 - Classification Succeeds.
2024-02-01 03:56:43,970 - Link Generation Fails.
2024-02-01 03:57:15,000 - Victim node is 4044.
2024-02-01 03:57:15,000 - tensor([2198, 7924, 8678], device='cuda:0')
2024-02-01 03:57:15,001 - Classification Fails.
2024-02-01 03:57:15,001 - Link Generation Succeeds.
2024-02-01 03:57:44,159 - Victim node is 2449.
2024-02-01 03:57:44,159 - tensor([6662, 7460, 7620], device='cuda:0')
2024-02-01 03:57:44,159 - Classification Succeeds.
2024-02-01 03:57:44,159 - Link Generation Fails.
2024-02-01 03:58:15,928 - Victim node is 2060.
2024-02-01 03:58:15,928 - tensor([2198, 2239, 8684], device='cuda:0')
2024-02-01 03:58:15,928 - Classification Succeeds.
2024-02-01 03:58:15,928 - Link Generation Succeeds.
2024-02-01 03:58:45,570 - Victim node is 783.
2024-02-01 03:58:45,570 - tensor([5875, 6190, 6279], device='cuda:0')
2024-02-01 03:58:45,571 - Classification Fails.
2024-02-01 03:58:45,571 - Link Generation Fails.
2024-02-01 03:59:14,631 - Victim node is 3778.
2024-02-01 03:59:14,631 - tensor([1759, 2260, 4666], device='cuda:0')
2024-02-01 03:59:14,631 - Classification Succeeds.
2024-02-01 03:59:14,631 - Link Generation Fails.
2024-02-01 03:59:44,105 - Victim node is 644.
2024-02-01 03:59:44,105 - tensor([2198, 2239, 4376], device='cuda:0')
2024-02-01 03:59:44,105 - Classification Succeeds.
2024-02-01 03:59:44,105 - Link Generation Fails.
2024-02-01 04:00:13,912 - Victim node is 1454.
2024-02-01 04:00:13,912 - tensor([4646, 6130, 7620], device='cuda:0')
2024-02-01 04:00:13,913 - Classification Succeeds.
2024-02-01 04:00:13,913 - Link Generation Fails.
2024-02-01 04:00:45,850 - Victim node is 6303.
2024-02-01 04:00:45,850 - tensor([2198, 7915, 8570], device='cuda:0')
2024-02-01 04:00:45,850 - Classification Succeeds.
2024-02-01 04:00:45,851 - Link Generation Succeeds.
2024-02-01 04:01:15,381 - Victim node is 3059.
2024-02-01 04:01:15,381 - tensor([ 593, 2198, 6702], device='cuda:0')
2024-02-01 04:01:15,382 - Classification Fails.
2024-02-01 04:01:15,382 - Link Generation Fails.
2024-02-01 04:01:47,018 - Victim node is 6448.
2024-02-01 04:01:47,018 - tensor([2198, 8598, 8618], device='cuda:0')
2024-02-01 04:01:47,018 - Classification Succeeds.
2024-02-01 04:01:47,019 - Link Generation Succeeds.
2024-02-01 04:02:18,825 - Victim node is 5637.
2024-02-01 04:02:18,825 - tensor([7938, 8628, 8811], device='cuda:0')
2024-02-01 04:02:18,826 - Classification Succeeds.
2024-02-01 04:02:18,826 - Link Generation Succeeds.
2024-02-01 04:02:50,516 - Victim node is 306.
2024-02-01 04:02:50,516 - tensor([ 593, 2198, 2239], device='cuda:0')
2024-02-01 04:02:50,516 - Classification Succeeds.
2024-02-01 04:02:50,516 - Link Generation Fails.
2024-02-01 04:03:21,704 - Victim node is 4700.
2024-02-01 04:03:21,704 - tensor([2239, 7933, 8604], device='cuda:0')
2024-02-01 04:03:21,704 - Classification Succeeds.
2024-02-01 04:03:21,704 - Link Generation Succeeds.
2024-02-01 04:03:50,555 - Victim node is 1791.
2024-02-01 04:03:50,555 - tensor([6662, 7460, 7620], device='cuda:0')
2024-02-01 04:03:50,556 - Classification Succeeds.
2024-02-01 04:03:50,556 - Link Generation Fails.
2024-02-01 04:04:22,786 - Victim node is 4448.
2024-02-01 04:04:22,786 - tensor([7703, 7747, 8007], device='cuda:0')
2024-02-01 04:04:22,786 - Classification Fails.
2024-02-01 04:04:22,786 - Link Generation Succeeds.
2024-02-01 04:04:51,625 - Victim node is 5387.
2024-02-01 04:04:51,625 - tensor([ 593, 2198, 2239], device='cuda:0')
2024-02-01 04:04:51,626 - Classification Succeeds.
2024-02-01 04:04:51,626 - Link Generation Fails.
2024-02-01 04:05:20,541 - Victim node is 786.
2024-02-01 04:05:20,541 - tensor([6279, 6662, 7620], device='cuda:0')
2024-02-01 04:05:20,541 - Classification Succeeds.
2024-02-01 04:05:20,541 - Link Generation Fails.
2024-02-01 04:05:49,845 - Victim node is 1696.
2024-02-01 04:05:49,845 - tensor([4663, 6130, 7620], device='cuda:0')
2024-02-01 04:05:49,846 - Classification Succeeds.
2024-02-01 04:05:49,846 - Link Generation Fails.
2024-02-01 04:06:19,718 - Victim node is 2259.
2024-02-01 04:06:19,718 - tensor([1136, 1374, 5526], device='cuda:0')
2024-02-01 04:06:19,719 - Classification Succeeds.
2024-02-01 04:06:19,719 - Link Generation Fails.
2024-02-01 04:07:32,421 - Victim node is 7352.
2024-02-01 04:07:32,421 - tensor([2239, 7818, 8267], device='cuda:0')
2024-02-01 04:07:32,422 - Classification Succeeds.
2024-02-01 04:07:32,422 - Link Generation Succeeds.
2024-02-01 04:08:04,409 - Victim node is 4392.
2024-02-01 04:08:04,410 - tensor([2198, 7782, 8570], device='cuda:0')
2024-02-01 04:08:04,410 - Classification Succeeds.
2024-02-01 04:08:04,410 - Link Generation Succeeds.
2024-02-01 04:08:34,066 - Victim node is 5996.
2024-02-01 04:08:34,067 - tensor([2198, 2239, 4376], device='cuda:0')
2024-02-01 04:08:34,067 - Classification Succeeds.
2024-02-01 04:08:34,067 - Link Generation Fails.
2024-02-01 04:09:51,174 - Victim node is 2010.
2024-02-01 04:09:51,174 - tensor([7848, 8354, 8367], device='cuda:0')
2024-02-01 04:09:51,174 - Classification Succeeds.
2024-02-01 04:09:51,174 - Link Generation Succeeds.
2024-02-01 04:10:23,319 - Victim node is 2988.
2024-02-01 04:10:23,319 - tensor([2198, 2239, 8005], device='cuda:0')
2024-02-01 04:10:23,319 - Classification Succeeds.
2024-02-01 04:10:23,319 - Link Generation Succeeds.
2024-02-01 04:13:12,506 - Victim node is 5772.
2024-02-01 04:13:12,506 - tensor([ 593, 8428, 8443], device='cuda:0')
2024-02-01 04:13:12,507 - Classification Succeeds.
2024-02-01 04:13:12,507 - Link Generation Succeeds.
2024-02-01 04:13:45,350 - Victim node is 1253.
2024-02-01 04:13:45,350 - tensor([2198, 7721, 7859], device='cuda:0')
2024-02-01 04:13:45,350 - Classification Succeeds.
2024-02-01 04:13:45,351 - Link Generation Succeeds.
2024-02-01 04:14:15,177 - Victim node is 6734.
2024-02-01 04:14:15,177 - tensor([3383, 5875, 7362], device='cuda:0')
2024-02-01 04:14:15,178 - Classification Succeeds.
2024-02-01 04:14:15,178 - Link Generation Fails.
2024-02-01 04:14:45,031 - Victim node is 385.
2024-02-01 04:14:45,032 - tensor([3383, 5449, 7620], device='cuda:0')
2024-02-01 04:14:45,032 - Classification Succeeds.
2024-02-01 04:14:45,032 - Link Generation Fails.
2024-02-01 04:15:14,327 - Victim node is 5491.
2024-02-01 04:15:14,327 - tensor([1155, 6190, 7542], device='cuda:0')
2024-02-01 04:15:14,327 - Classification Succeeds.
2024-02-01 04:15:14,327 - Link Generation Fails.
2024-02-01 04:15:43,786 - Victim node is 2990.
2024-02-01 04:15:43,786 - tensor([1759, 2260, 7620], device='cuda:0')
2024-02-01 04:15:43,786 - Classification Succeeds.
2024-02-01 04:15:43,786 - Link Generation Fails.
2024-02-01 04:16:15,757 - Victim node is 2610.
2024-02-01 04:16:15,757 - tensor([ 593, 2198, 2239], device='cuda:0')
2024-02-01 04:16:15,757 - Classification Succeeds.
2024-02-01 04:16:15,757 - Link Generation Fails.
2024-02-01 04:16:47,556 - Victim node is 3304.
2024-02-01 04:16:47,556 - tensor([2239, 7957, 8608], device='cuda:0')
2024-02-01 04:16:47,558 - Classification Fails.
2024-02-01 04:16:47,558 - Link Generation Succeeds.
2024-02-01 04:17:16,803 - Victim node is 6194.
2024-02-01 04:17:16,803 - tensor([1599, 5449, 6662], device='cuda:0')
2024-02-01 04:17:16,803 - Classification Succeeds.
2024-02-01 04:17:16,803 - Link Generation Fails.
2024-02-01 04:18:23,196 - Victim node is 6673.
2024-02-01 04:18:23,196 - tensor([2239, 7978, 8821], device='cuda:0')
2024-02-01 04:18:23,197 - Classification Succeeds.
2024-02-01 04:18:23,197 - Link Generation Succeeds.
2024-02-01 04:18:52,991 - Victim node is 175.
2024-02-01 04:18:52,991 - tensor([ 593, 2198, 7909], device='cuda:0')
2024-02-01 04:18:52,992 - Classification Fails.
2024-02-01 04:18:52,992 - Link Generation Succeeds.
2024-02-01 04:19:22,459 - Victim node is 7027.
2024-02-01 04:19:22,459 - tensor([2144, 6190, 7542], device='cuda:0')
2024-02-01 04:19:22,460 - Classification Succeeds.
2024-02-01 04:19:22,460 - Link Generation Fails.
2024-02-01 04:20:34,000 - Victim node is 2856.
2024-02-01 04:20:34,000 - tensor([ 593, 2239, 8728], device='cuda:0')
2024-02-01 04:20:34,001 - Classification Fails.
2024-02-01 04:20:34,001 - Link Generation Succeeds.
2024-02-01 04:21:03,469 - Victim node is 4753.
2024-02-01 04:21:03,469 - tensor([5449, 6190, 7542], device='cuda:0')
2024-02-01 04:21:03,469 - Classification Fails.
2024-02-01 04:21:03,470 - Link Generation Fails.
2024-02-01 04:21:32,700 - Victim node is 4762.
2024-02-01 04:21:32,700 - tensor([1759, 2260, 4666], device='cuda:0')
2024-02-01 04:21:32,700 - Classification Succeeds.
2024-02-01 04:21:32,700 - Link Generation Fails.
2024-02-01 04:22:02,187 - Victim node is 7015.
2024-02-01 04:22:02,187 - tensor([1600, 6662, 7620], device='cuda:0')
2024-02-01 04:22:02,187 - Classification Succeeds.
2024-02-01 04:22:02,188 - Link Generation Fails.
2024-02-01 04:23:15,428 - Victim node is 527.
2024-02-01 04:23:15,428 - tensor([7822, 8266, 8884], device='cuda:0')
2024-02-01 04:23:15,428 - Classification Succeeds.
2024-02-01 04:23:15,428 - Link Generation Succeeds.
2024-02-01 04:23:44,848 - Victim node is 3329.
2024-02-01 04:23:44,848 - tensor([2198, 2239, 4376], device='cuda:0')
2024-02-01 04:23:44,848 - Classification Succeeds.
2024-02-01 04:23:44,848 - Link Generation Fails.
2024-02-01 04:25:00,353 - Victim node is 358.
2024-02-01 04:25:00,353 - tensor([2239, 7826, 8297], device='cuda:0')
2024-02-01 04:25:00,354 - Classification Succeeds.
2024-02-01 04:25:00,354 - Link Generation Succeeds.
2024-02-01 04:25:41,258 - Victim node is 5695.
2024-02-01 04:25:41,258 - tensor([2198, 8551, 8572], device='cuda:0')
2024-02-01 04:25:41,258 - Classification Fails.
2024-02-01 04:25:41,258 - Link Generation Succeeds.
2024-02-01 04:26:10,854 - Victim node is 122.
2024-02-01 04:26:10,854 - tensor([6279, 7620, 7703], device='cuda:0')
2024-02-01 04:26:10,855 - Classification Succeeds.
2024-02-01 04:26:10,855 - Link Generation Succeeds.
2024-02-01 04:26:40,363 - Victim node is 6227.
2024-02-01 04:26:40,363 - tensor([6279, 6662, 7620], device='cuda:0')
2024-02-01 04:26:40,363 - Classification Succeeds.
2024-02-01 04:26:40,363 - Link Generation Fails.
2024-02-01 04:27:11,884 - Victim node is 6474.
2024-02-01 04:27:11,884 - tensor([2198, 7748, 8420], device='cuda:0')
2024-02-01 04:27:11,885 - Classification Fails.
2024-02-01 04:27:11,885 - Link Generation Succeeds.
2024-02-01 04:27:41,076 - Victim node is 6102.
2024-02-01 04:27:41,076 - tensor([2584, 6190, 7542], device='cuda:0')
2024-02-01 04:27:41,076 - Classification Succeeds.
2024-02-01 04:27:41,077 - Link Generation Fails.
2024-02-01 04:28:13,160 - Victim node is 2505.
2024-02-01 04:28:13,160 - tensor([ 593, 2198, 2239], device='cuda:0')
2024-02-01 04:28:13,160 - Classification Succeeds.
2024-02-01 04:28:13,161 - Link Generation Fails.
2024-02-01 04:28:42,986 - Victim node is 6652.
2024-02-01 04:28:42,986 - tensor([1374, 1599, 7620], device='cuda:0')
2024-02-01 04:28:42,986 - Classification Succeeds.
2024-02-01 04:28:42,986 - Link Generation Fails.
2024-02-01 04:29:12,455 - Victim node is 641.
2024-02-01 04:29:12,455 - tensor([1759, 2260, 4666], device='cuda:0')
2024-02-01 04:29:12,455 - Classification Succeeds.
2024-02-01 04:29:12,456 - Link Generation Fails.
2024-02-01 04:29:41,496 - Victim node is 752.
2024-02-01 04:29:41,496 - tensor([2198, 2239, 4376], device='cuda:0')
2024-02-01 04:29:41,497 - Classification Fails.
2024-02-01 04:29:41,497 - Link Generation Fails.
2024-02-01 04:30:13,627 - Victim node is 6438.
2024-02-01 04:30:13,627 - tensor([6130, 6653, 7620], device='cuda:0')
2024-02-01 04:30:13,628 - Classification Succeeds.
2024-02-01 04:30:13,628 - Link Generation Fails.
2024-02-01 04:30:45,566 - Victim node is 2186.
2024-02-01 04:30:45,566 - tensor([ 593, 2198, 2239], device='cuda:0')
2024-02-01 04:30:45,567 - Classification Succeeds.
2024-02-01 04:30:45,567 - Link Generation Fails.
2024-02-01 04:31:17,100 - Victim node is 2393.
2024-02-01 04:31:17,100 - tensor([2198, 2239, 8657], device='cuda:0')
2024-02-01 04:31:17,100 - Classification Succeeds.
2024-02-01 04:31:17,100 - Link Generation Succeeds.
2024-02-01 04:32:31,299 - Victim node is 3077.
2024-02-01 04:32:31,299 - tensor([ 593, 2239, 8279], device='cuda:0')
2024-02-01 04:32:31,299 - Classification Succeeds.
2024-02-01 04:32:31,299 - Link Generation Succeeds.
2024-02-01 04:33:00,740 - Victim node is 2445.
2024-02-01 04:33:00,740 - tensor([ 593, 2198, 4376], device='cuda:0')
2024-02-01 04:33:00,741 - Classification Succeeds.
2024-02-01 04:33:00,741 - Link Generation Fails.
2024-02-01 04:33:32,259 - Victim node is 5943.
2024-02-01 04:33:32,259 - tensor([2198, 2239, 8108], device='cuda:0')
2024-02-01 04:33:32,260 - Classification Succeeds.
2024-02-01 04:33:32,260 - Link Generation Succeeds.
2024-02-01 04:34:48,430 - Victim node is 6892.
2024-02-01 04:34:48,430 - tensor([7845, 8354, 8368], device='cuda:0')
2024-02-01 04:34:48,431 - Classification Succeeds.
2024-02-01 04:34:48,431 - Link Generation Succeeds.
2024-02-01 04:35:17,707 - Victim node is 3153.
2024-02-01 04:35:17,707 - tensor([3383, 7664, 7691], device='cuda:0')
2024-02-01 04:35:17,707 - Classification Fails.
2024-02-01 04:35:17,708 - Link Generation Succeeds.
2024-02-01 04:35:46,986 - Victim node is 5310.
2024-02-01 04:35:46,986 - tensor([4663, 6130, 7620], device='cuda:0')
2024-02-01 04:35:46,987 - Classification Succeeds.
2024-02-01 04:35:46,987 - Link Generation Fails.
2024-02-01 04:38:59,588 - Victim node is 3671.
2024-02-01 04:38:59,588 - tensor([ 593, 8462, 8482], device='cuda:0')
2024-02-01 04:38:59,588 - Classification Succeeds.
2024-02-01 04:38:59,589 - Link Generation Succeeds.
2024-02-01 04:39:28,818 - Victim node is 6386.
2024-02-01 04:39:28,818 - tensor([2198, 3578, 4805], device='cuda:0')
2024-02-01 04:39:28,818 - Classification Succeeds.
2024-02-01 04:39:28,818 - Link Generation Fails.
2024-02-01 04:39:58,466 - Victim node is 1839.
2024-02-01 04:39:58,466 - tensor([7657, 7669, 7732], device='cuda:0')
2024-02-01 04:39:58,467 - Classification Fails.
2024-02-01 04:39:58,467 - Link Generation Succeeds.
2024-02-01 04:40:28,260 - Victim node is 6742.
2024-02-01 04:40:28,261 - tensor([1136, 5526, 6279], device='cuda:0')
2024-02-01 04:40:28,261 - Classification Succeeds.
2024-02-01 04:40:28,261 - Link Generation Fails.
2024-02-01 04:40:57,917 - Victim node is 6950.
2024-02-01 04:40:57,917 - tensor([6662, 7177, 7673], device='cuda:0')
2024-02-01 04:40:57,917 - Classification Succeeds.
2024-02-01 04:40:57,917 - Link Generation Succeeds.
2024-02-01 04:41:27,068 - Victim node is 442.
2024-02-01 04:41:27,068 - tensor([1969, 2250, 4960], device='cuda:0')
2024-02-01 04:41:27,069 - Classification Succeeds.
2024-02-01 04:41:27,069 - Link Generation Fails.
2024-02-01 04:41:56,736 - Victim node is 4663.
2024-02-01 04:41:56,736 - tensor([6068, 6130, 7620], device='cuda:0')
2024-02-01 04:41:56,736 - Classification Succeeds.
2024-02-01 04:41:56,736 - Link Generation Fails.
2024-02-01 04:42:26,486 - Victim node is 6091.
2024-02-01 04:42:26,486 - tensor([1599, 1759, 7620], device='cuda:0')
2024-02-01 04:42:26,486 - Classification Succeeds.
2024-02-01 04:42:26,486 - Link Generation Fails.
2024-02-01 04:42:56,007 - Victim node is 4838.
2024-02-01 04:42:56,007 - tensor([3383, 4646, 7620], device='cuda:0')
2024-02-01 04:42:56,008 - Classification Succeeds.
2024-02-01 04:42:56,008 - Link Generation Fails.
2024-02-01 04:43:27,698 - Victim node is 1739.
2024-02-01 04:43:27,698 - tensor([ 593, 2198, 2239], device='cuda:0')
2024-02-01 04:43:27,698 - Classification Succeeds.
2024-02-01 04:43:27,698 - Link Generation Fails.
2024-02-01 04:43:57,179 - Victim node is 166.
2024-02-01 04:43:57,179 - tensor([5449, 6662, 7620], device='cuda:0')
2024-02-01 04:43:57,179 - Classification Succeeds.
2024-02-01 04:43:57,179 - Link Generation Fails.
2024-02-01 04:44:26,845 - Victim node is 1983.
2024-02-01 04:44:26,845 - tensor([1136, 5526, 6279], device='cuda:0')
2024-02-01 04:44:26,845 - Classification Succeeds.
2024-02-01 04:44:26,845 - Link Generation Fails.
2024-02-01 04:44:55,979 - Victim node is 2570.
2024-02-01 04:44:55,980 - tensor([2198, 2239, 4376], device='cuda:0')
2024-02-01 04:44:55,980 - Classification Fails.
2024-02-01 04:44:55,980 - Link Generation Fails.
2024-02-01 04:46:12,384 - Victim node is 3438.
2024-02-01 04:46:12,384 - tensor([7836, 8342, 8356], device='cuda:0')
2024-02-01 04:46:12,384 - Classification Succeeds.
2024-02-01 04:46:12,384 - Link Generation Succeeds.
2024-02-01 04:46:44,167 - Victim node is 2914.
2024-02-01 04:46:44,167 - tensor([3383, 7656, 7723], device='cuda:0')
2024-02-01 04:46:44,168 - Classification Fails.
2024-02-01 04:46:44,168 - Link Generation Succeeds.
2024-02-01 04:47:15,725 - Victim node is 3189.
2024-02-01 04:47:15,725 - tensor([2198, 7877, 8422], device='cuda:0')
2024-02-01 04:47:15,725 - Classification Succeeds.
2024-02-01 04:47:15,725 - Link Generation Succeeds.
2024-02-01 04:47:44,938 - Victim node is 7397.
2024-02-01 04:47:44,938 - tensor([7790, 8005, 8057], device='cuda:0')
2024-02-01 04:47:44,938 - Classification Succeeds.
2024-02-01 04:47:44,939 - Link Generation Succeeds.
2024-02-01 04:49:00,131 - Victim node is 3962.
2024-02-01 04:49:00,131 - tensor([ 593, 2239, 8311], device='cuda:0')
2024-02-01 04:49:00,131 - Classification Succeeds.
2024-02-01 04:49:00,131 - Link Generation Succeeds.
2024-02-01 04:49:41,951 - Victim node is 3920.
2024-02-01 04:49:41,951 - tensor([ 593, 2198, 2239], device='cuda:0')
2024-02-01 04:49:41,951 - Classification Succeeds.
2024-02-01 04:49:41,952 - Link Generation Fails.
2024-02-01 04:50:59,340 - Victim node is 3225.
2024-02-01 04:50:59,340 - tensor([7841, 8325, 8338], device='cuda:0')
2024-02-01 04:50:59,341 - Classification Succeeds.
2024-02-01 04:50:59,341 - Link Generation Succeeds.
2024-02-01 04:51:28,715 - Victim node is 2452.
2024-02-01 04:51:28,715 - tensor([6433, 7668, 7675], device='cuda:0')
2024-02-01 04:51:28,715 - Classification Fails.
2024-02-01 04:51:28,715 - Link Generation Succeeds.
2024-02-01 04:51:58,204 - Victim node is 4789.
2024-02-01 04:51:58,204 - tensor([6190, 7460, 7542], device='cuda:0')
2024-02-01 04:51:58,204 - Classification Succeeds.
2024-02-01 04:51:58,205 - Link Generation Fails.
2024-02-01 04:53:14,010 - Victim node is 3370.
2024-02-01 04:53:14,010 - tensor([2239, 7841, 8352], device='cuda:0')
2024-02-01 04:53:14,010 - Classification Succeeds.
2024-02-01 04:53:14,010 - Link Generation Succeeds.
2024-02-01 04:53:43,223 - Victim node is 1272.
2024-02-01 04:53:43,223 - tensor([4572, 6279, 6662], device='cuda:0')
2024-02-01 04:53:43,223 - Classification Succeeds.
2024-02-01 04:53:43,223 - Link Generation Fails.
2024-02-01 04:54:13,076 - Victim node is 2756.
2024-02-01 04:54:13,076 - tensor([1155, 1600, 7833], device='cuda:0')
2024-02-01 04:54:13,076 - Classification Succeeds.
2024-02-01 04:54:13,076 - Link Generation Succeeds.
2024-02-01 04:57:40,965 - Victim node is 456.
2024-02-01 04:57:40,965 - tensor([ 593, 4384, 5404], device='cuda:0')
2024-02-01 04:57:40,965 - Classification Succeeds.
2024-02-01 04:57:40,965 - Link Generation Fails.
2024-02-01 04:58:12,662 - Victim node is 86.
2024-02-01 04:58:12,662 - tensor([ 593, 2198, 8372], device='cuda:0')
2024-02-01 04:58:12,662 - Classification Succeeds.
2024-02-01 04:58:12,662 - Link Generation Succeeds.
2024-02-01 04:58:42,354 - Victim node is 2489.
2024-02-01 04:58:42,354 - tensor([3383, 6279, 7620], device='cuda:0')
2024-02-01 04:58:42,354 - Classification Succeeds.
2024-02-01 04:58:42,354 - Link Generation Fails.
2024-02-01 04:59:11,794 - Victim node is 5306.
2024-02-01 04:59:11,794 - tensor([2260, 4663, 7620], device='cuda:0')
2024-02-01 04:59:11,794 - Classification Succeeds.
2024-02-01 04:59:11,794 - Link Generation Fails.
2024-02-01 04:59:43,224 - Victim node is 1499.
2024-02-01 04:59:43,225 - tensor([ 593, 2198, 2239], device='cuda:0')
2024-02-01 04:59:43,225 - Classification Fails.
2024-02-01 04:59:43,225 - Link Generation Fails.
2024-02-01 05:00:10,875 - Victim node is 3972.
2024-02-01 05:00:10,875 - tensor([1136, 5526, 5875], device='cuda:0')
2024-02-01 05:00:10,876 - Classification Succeeds.
2024-02-01 05:00:10,876 - Link Generation Fails.
2024-02-01 05:00:40,525 - Victim node is 154.
2024-02-01 05:00:40,525 - tensor([2198, 2239, 4376], device='cuda:0')
2024-02-01 05:00:40,525 - Classification Succeeds.
2024-02-01 05:00:40,525 - Link Generation Fails.
2024-02-01 05:01:57,168 - Victim node is 5007.
2024-02-01 05:01:57,170 - tensor([7841, 8341, 8354], device='cuda:0')
2024-02-01 05:01:57,170 - Classification Succeeds.
2024-02-01 05:01:57,170 - Link Generation Succeeds.
2024-02-01 05:02:27,145 - Victim node is 4796.
2024-02-01 05:02:27,145 - tensor([6190, 7177, 7542], device='cuda:0')
2024-02-01 05:02:27,146 - Classification Succeeds.
2024-02-01 05:02:27,146 - Link Generation Fails.
2024-02-01 05:02:56,398 - Victim node is 32.
2024-02-01 05:02:56,398 - tensor([3383, 7672, 7698], device='cuda:0')
2024-02-01 05:02:56,398 - Classification Succeeds.
2024-02-01 05:02:56,398 - Link Generation Succeeds.
2024-02-01 05:03:25,610 - Victim node is 4084.
2024-02-01 05:03:25,610 - tensor([2198, 4376, 4805], device='cuda:0')
2024-02-01 05:03:25,610 - Classification Succeeds.
2024-02-01 05:03:25,610 - Link Generation Fails.
2024-02-01 05:03:55,097 - Victim node is 2083.
2024-02-01 05:03:55,097 - tensor([1759, 6662, 7620], device='cuda:0')
2024-02-01 05:03:55,097 - Classification Succeeds.
2024-02-01 05:03:55,098 - Link Generation Fails.
2024-02-01 05:04:24,851 - Victim node is 3892.
2024-02-01 05:04:24,851 - tensor([1155, 6359, 7840], device='cuda:0')
2024-02-01 05:04:24,851 - Classification Succeeds.
2024-02-01 05:04:24,852 - Link Generation Succeeds.
2024-02-01 05:04:54,273 - Victim node is 2473.
2024-02-01 05:04:54,273 - tensor([6130, 6662, 7620], device='cuda:0')
2024-02-01 05:04:54,273 - Classification Succeeds.
2024-02-01 05:04:54,274 - Link Generation Fails.
2024-02-01 05:05:23,302 - Victim node is 4666.
2024-02-01 05:05:23,302 - tensor([ 593, 2198, 2239], device='cuda:0')
2024-02-01 05:05:23,303 - Classification Succeeds.
2024-02-01 05:05:23,303 - Link Generation Fails.
2024-02-01 05:05:52,171 - Victim node is 2821.
2024-02-01 05:05:52,171 - tensor([ 593, 2198, 2239], device='cuda:0')
2024-02-01 05:05:52,172 - Classification Succeeds.
2024-02-01 05:05:52,172 - Link Generation Fails.
2024-02-01 05:07:05,509 - Victim node is 7465.
2024-02-01 05:07:05,509 - tensor([2198, 8271, 8866], device='cuda:0')
2024-02-01 05:07:05,510 - Classification Succeeds.
2024-02-01 05:07:05,510 - Link Generation Succeeds.
2024-02-01 05:07:38,004 - Victim node is 3712.
2024-02-01 05:07:38,004 - tensor([2198, 8025, 8367], device='cuda:0')
2024-02-01 05:07:38,005 - Classification Succeeds.
2024-02-01 05:07:38,005 - Link Generation Succeeds.
2024-02-01 05:08:07,633 - Victim node is 7356.
2024-02-01 05:08:07,634 - tensor([7708, 7716, 7792], device='cuda:0')
2024-02-01 05:08:07,634 - Classification Succeeds.
2024-02-01 05:08:07,634 - Link Generation Succeeds.
2024-02-01 05:08:37,138 - Victim node is 2824.
2024-02-01 05:08:37,138 - tensor([1136, 1374, 5526], device='cuda:0')
2024-02-01 05:08:37,139 - Classification Succeeds.
2024-02-01 05:08:37,139 - Link Generation Fails.
2024-02-01 05:09:06,470 - Victim node is 844.
2024-02-01 05:09:06,470 - tensor([  16, 7505, 7542], device='cuda:0')
2024-02-01 05:09:06,470 - Classification Succeeds.
2024-02-01 05:09:06,470 - Link Generation Fails.
2024-02-01 05:09:35,794 - Victim node is 54.
2024-02-01 05:09:35,794 - tensor([1136, 5526, 7942], device='cuda:0')
2024-02-01 05:09:35,794 - Classification Succeeds.
2024-02-01 05:09:35,794 - Link Generation Succeeds.
2024-02-01 05:10:55,242 - Victim node is 5459.
2024-02-01 05:10:55,242 - tensor([8350, 8364, 9067], device='cuda:0')
2024-02-01 05:10:55,242 - Classification Succeeds.
2024-02-01 05:10:55,242 - Link Generation Succeeds.
2024-02-01 05:12:49,843 - Victim node is 7046.
2024-02-01 05:12:49,843 - tensor([2239, 7831, 8303], device='cuda:0')
2024-02-01 05:12:49,843 - Classification Succeeds.
2024-02-01 05:12:49,843 - Link Generation Succeeds.
2024-02-01 05:13:19,695 - Victim node is 7615.
2024-02-01 05:13:19,695 - tensor([6190, 6662, 7620], device='cuda:0')
2024-02-01 05:13:19,695 - Classification Succeeds.
2024-02-01 05:13:19,696 - Link Generation Fails.
2024-02-01 05:13:49,069 - Victim node is 773.
2024-02-01 05:13:49,069 - tensor([1599, 6662, 7620], device='cuda:0')
2024-02-01 05:13:49,069 - Classification Succeeds.
2024-02-01 05:13:49,069 - Link Generation Fails.
2024-02-01 05:14:18,720 - Victim node is 3041.
2024-02-01 05:14:18,720 - tensor([6130, 6662, 7620], device='cuda:0')
2024-02-01 05:14:18,721 - Classification Succeeds.
2024-02-01 05:14:18,721 - Link Generation Fails.
2024-02-01 05:14:47,957 - Victim node is 1909.
2024-02-01 05:14:47,957 - tensor([1599, 6662, 7620], device='cuda:0')
2024-02-01 05:14:47,957 - Classification Succeeds.
2024-02-01 05:14:47,957 - Link Generation Fails.
2024-02-01 05:16:01,183 - Victim node is 6951.
2024-02-01 05:16:01,183 - tensor([2198, 8288, 8917], device='cuda:0')
2024-02-01 05:16:01,184 - Classification Succeeds.
2024-02-01 05:16:01,184 - Link Generation Succeeds.
2024-02-01 05:16:52,205 - Victim node is 7245.
2024-02-01 05:16:52,205 - tensor([6130, 6279, 7620], device='cuda:0')
2024-02-01 05:16:52,206 - Classification Succeeds.
2024-02-01 05:16:52,206 - Link Generation Fails.
2024-02-01 05:17:21,586 - Victim node is 388.
2024-02-01 05:17:21,586 - tensor([2198, 7971, 8127], device='cuda:0')
2024-02-01 05:17:21,586 - Classification Fails.
2024-02-01 05:17:21,586 - Link Generation Succeeds.
2024-02-01 05:17:50,910 - Victim node is 4833.
2024-02-01 05:17:50,911 - tensor([1759, 2260, 3383], device='cuda:0')
2024-02-01 05:17:50,911 - Classification Fails.
2024-02-01 05:17:50,911 - Link Generation Fails.
2024-02-01 05:18:22,994 - Victim node is 3213.
2024-02-01 05:18:22,994 - tensor([ 593, 2239, 8566], device='cuda:0')
2024-02-01 05:18:22,994 - Classification Succeeds.
2024-02-01 05:18:22,995 - Link Generation Succeeds.
2024-02-01 05:18:52,711 - Victim node is 4966.
2024-02-01 05:18:52,711 - tensor([ 593, 2198, 4376], device='cuda:0')
2024-02-01 05:18:52,711 - Classification Succeeds.
2024-02-01 05:18:52,711 - Link Generation Fails.
2024-02-01 05:20:06,092 - Victim node is 2201.
2024-02-01 05:20:06,092 - tensor([ 593, 7822, 8274], device='cuda:0')
2024-02-01 05:20:06,092 - Classification Succeeds.
2024-02-01 05:20:06,092 - Link Generation Succeeds.
2024-02-01 05:20:35,915 - Victim node is 4138.
2024-02-01 05:20:35,915 - tensor([2198, 2239, 4376], device='cuda:0')
2024-02-01 05:20:35,915 - Classification Fails.
2024-02-01 05:20:35,916 - Link Generation Fails.
2024-02-01 05:21:52,266 - Victim node is 7353.
2024-02-01 05:21:52,266 - tensor([7845, 8332, 8345], device='cuda:0')
2024-02-01 05:21:52,266 - Classification Succeeds.
2024-02-01 05:21:52,266 - Link Generation Succeeds.
2024-02-01 05:22:24,818 - Victim node is 4741.
2024-02-01 05:22:24,818 - tensor([2260, 4960, 7620], device='cuda:0')
2024-02-01 05:22:24,818 - Classification Succeeds.
2024-02-01 05:22:24,818 - Link Generation Fails.
2024-02-01 05:22:54,339 - Victim node is 4563.
2024-02-01 05:22:54,339 - tensor([2694, 5449, 7542], device='cuda:0')
2024-02-01 05:22:54,339 - Classification Succeeds.
2024-02-01 05:22:54,339 - Link Generation Fails.
2024-02-01 05:24:02,974 - Victim node is 1847.
2024-02-01 05:24:02,974 - tensor([7837, 8313, 8327], device='cuda:0')
2024-02-01 05:24:02,974 - Classification Succeeds.
2024-02-01 05:24:02,974 - Link Generation Succeeds.
2024-02-01 05:24:35,551 - Victim node is 5331.
2024-02-01 05:24:35,551 - tensor([1599, 6653, 6662], device='cuda:0')
2024-02-01 05:24:35,552 - Classification Succeeds.
2024-02-01 05:24:35,552 - Link Generation Fails.
2024-02-01 05:25:05,375 - Victim node is 976.
2024-02-01 05:25:05,375 - tensor([ 593, 2198, 4376], device='cuda:0')
2024-02-01 05:25:05,375 - Classification Succeeds.
2024-02-01 05:25:05,375 - Link Generation Fails.
2024-02-01 05:25:35,085 - Victim node is 2200.
2024-02-01 05:25:35,085 - tensor([3383, 6499, 7362], device='cuda:0')
2024-02-01 05:25:35,087 - Classification Fails.
2024-02-01 05:25:35,087 - Link Generation Fails.
2024-02-01 05:26:04,592 - Victim node is 4256.
2024-02-01 05:26:04,592 - tensor([1759, 6662, 7620], device='cuda:0')
2024-02-01 05:26:04,592 - Classification Succeeds.
2024-02-01 05:26:04,592 - Link Generation Fails.
2024-02-01 05:26:36,343 - Victim node is 4991.
2024-02-01 05:26:36,343 - tensor([ 593, 2198, 2239], device='cuda:0')
2024-02-01 05:26:36,344 - Classification Succeeds.
2024-02-01 05:26:36,345 - Link Generation Fails.
2024-02-01 05:27:52,222 - Victim node is 2340.
2024-02-01 05:27:52,222 - tensor([7835, 8322, 8336], device='cuda:0')
2024-02-01 05:27:52,223 - Classification Succeeds.
2024-02-01 05:27:52,223 - Link Generation Succeeds.
2024-02-01 05:28:31,023 - Victim node is 2533.
2024-02-01 05:28:31,023 - tensor([2198, 7729, 8279], device='cuda:0')
2024-02-01 05:28:31,024 - Classification Fails.
2024-02-01 05:28:31,024 - Link Generation Succeeds.
2024-02-01 05:29:00,430 - Victim node is 3390.
2024-02-01 05:29:00,430 - tensor([ 593, 2198, 2239], device='cuda:0')
2024-02-01 05:29:00,430 - Classification Succeeds.
2024-02-01 05:29:00,430 - Link Generation Fails.
2024-02-01 05:29:29,704 - Victim node is 2616.
2024-02-01 05:29:29,704 - tensor([2144, 6190, 7542], device='cuda:0')
2024-02-01 05:29:29,704 - Classification Succeeds.
2024-02-01 05:29:29,704 - Link Generation Fails.
2024-02-01 05:29:59,198 - Victim node is 5271.
2024-02-01 05:29:59,198 - tensor([1136, 1374, 6662], device='cuda:0')
2024-02-01 05:29:59,199 - Classification Succeeds.
2024-02-01 05:29:59,199 - Link Generation Fails.
2024-02-01 05:31:13,620 - Victim node is 7511.
2024-02-01 05:31:13,620 - tensor([2239, 7821, 8290], device='cuda:0')
2024-02-01 05:31:13,621 - Classification Succeeds.
2024-02-01 05:31:13,621 - Link Generation Succeeds.
2024-02-01 05:31:43,623 - Victim node is 838.
2024-02-01 05:31:43,623 - tensor([1155, 5449, 6359], device='cuda:0')
2024-02-01 05:31:43,623 - Classification Succeeds.
2024-02-01 05:31:43,624 - Link Generation Fails.
2024-02-01 05:32:13,079 - Victim node is 3017.
2024-02-01 05:32:13,079 - tensor([3383, 6499, 7656], device='cuda:0')
2024-02-01 05:32:13,079 - Classification Succeeds.
2024-02-01 05:32:13,079 - Link Generation Succeeds.
2024-02-01 05:32:42,603 - Victim node is 5028.
2024-02-01 05:32:42,603 - tensor([1374, 6130, 7620], device='cuda:0')
2024-02-01 05:32:42,604 - Classification Succeeds.
2024-02-01 05:32:42,604 - Link Generation Fails.
2024-02-01 05:33:13,897 - Victim node is 918.
2024-02-01 05:33:13,897 - tensor([6130, 7460, 7620], device='cuda:0')
2024-02-01 05:33:13,897 - Classification Succeeds.
2024-02-01 05:33:13,897 - Link Generation Fails.
2024-02-01 05:34:31,782 - Victim node is 2981.
2024-02-01 05:34:31,782 - tensor([7837, 8338, 8352], device='cuda:0')
2024-02-01 05:34:31,783 - Classification Succeeds.
2024-02-01 05:34:31,783 - Link Generation Succeeds.
2024-02-01 05:35:01,088 - Victim node is 7220.
2024-02-01 05:35:01,088 - tensor([  16, 6190, 7505], device='cuda:0')
2024-02-01 05:35:01,088 - Classification Succeeds.
2024-02-01 05:35:01,088 - Link Generation Fails.
2024-02-01 05:36:06,048 - Victim node is 3546.
2024-02-01 05:36:06,048 - tensor([ 593, 2239, 8265], device='cuda:0')
2024-02-01 05:36:06,049 - Classification Succeeds.
2024-02-01 05:36:06,049 - Link Generation Succeeds.
2024-02-01 05:36:38,354 - Victim node is 1920.
2024-02-01 05:36:38,355 - tensor([ 424, 6279, 6662], device='cuda:0')
2024-02-01 05:36:38,355 - Classification Succeeds.
2024-02-01 05:36:38,355 - Link Generation Fails.
2024-02-01 05:37:07,724 - Victim node is 5526.
2024-02-01 05:37:07,725 - tensor([6499, 7542, 7651], device='cuda:0')
2024-02-01 05:37:07,725 - Classification Fails.
2024-02-01 05:37:07,725 - Link Generation Succeeds.
2024-02-01 05:37:37,282 - Victim node is 5814.
2024-02-01 05:37:37,282 - tensor([ 593, 2198, 2239], device='cuda:0')
2024-02-01 05:37:37,283 - Classification Succeeds.
2024-02-01 05:37:37,283 - Link Generation Fails.
2024-02-01 05:38:06,896 - Victim node is 7064.
2024-02-01 05:38:06,896 - tensor([1759, 2260, 7620], device='cuda:0')
2024-02-01 05:38:06,896 - Classification Succeeds.
2024-02-01 05:38:06,896 - Link Generation Fails.
2024-02-01 05:38:36,385 - Victim node is 1048.
2024-02-01 05:38:36,385 - tensor([6130, 6279, 7620], device='cuda:0')
2024-02-01 05:38:36,385 - Classification Succeeds.
2024-02-01 05:38:36,386 - Link Generation Fails.
2024-02-01 05:39:05,634 - Victim node is 1681.
2024-02-01 05:39:05,634 - tensor([1155, 6130, 7620], device='cuda:0')
2024-02-01 05:39:05,634 - Classification Succeeds.
2024-02-01 05:39:05,634 - Link Generation Fails.
2024-02-01 05:39:34,667 - Victim node is 1065.
2024-02-01 05:39:34,667 - tensor([6662, 7702, 7714], device='cuda:0')
2024-02-01 05:39:34,667 - Classification Succeeds.
2024-02-01 05:39:34,667 - Link Generation Succeeds.
2024-02-01 05:40:06,671 - Victim node is 4705.
2024-02-01 05:40:06,671 - tensor([4663, 6130, 7620], device='cuda:0')
2024-02-01 05:40:06,671 - Classification Succeeds.
2024-02-01 05:40:06,671 - Link Generation Fails.
2024-02-01 05:40:36,330 - Victim node is 6277.
2024-02-01 05:40:36,330 - tensor([4646, 6433, 7620], device='cuda:0')
2024-02-01 05:40:36,330 - Classification Succeeds.
2024-02-01 05:40:36,330 - Link Generation Fails.
2024-02-01 05:41:05,481 - Victim node is 3045.
2024-02-01 05:41:05,482 - tensor([ 593, 2198, 6702], device='cuda:0')
2024-02-01 05:41:05,482 - Classification Succeeds.
2024-02-01 05:41:05,482 - Link Generation Fails.
2024-02-01 05:42:18,785 - Victim node is 450.
2024-02-01 05:42:18,785 - tensor([ 593, 7833, 8299], device='cuda:0')
2024-02-01 05:42:18,785 - Classification Fails.
2024-02-01 05:42:18,785 - Link Generation Succeeds.
2024-02-01 05:42:51,351 - Victim node is 3252.
2024-02-01 05:42:51,351 - tensor([2239, 7937, 8637], device='cuda:0')
2024-02-01 05:42:51,351 - Classification Succeeds.
2024-02-01 05:42:51,351 - Link Generation Succeeds.
2024-02-01 05:43:22,962 - Victim node is 6029.
2024-02-01 05:43:22,962 - tensor([ 593, 2198, 2239], device='cuda:0')
2024-02-01 05:43:22,963 - Classification Succeeds.
2024-02-01 05:43:22,963 - Link Generation Fails.
2024-02-01 05:43:54,658 - Victim node is 3212.
2024-02-01 05:43:54,658 - tensor([2198, 7744, 8294], device='cuda:0')
2024-02-01 05:43:54,658 - Classification Succeeds.
2024-02-01 05:43:54,658 - Link Generation Succeeds.
2024-02-01 05:44:24,559 - Victim node is 4829.
2024-02-01 05:44:24,559 - tensor([ 593, 2198, 2239], device='cuda:0')
2024-02-01 05:44:24,559 - Classification Succeeds.
2024-02-01 05:44:24,559 - Link Generation Fails.
2024-02-01 05:44:53,632 - Victim node is 4328.
2024-02-01 05:44:53,632 - tensor([4646, 6130, 7620], device='cuda:0')
2024-02-01 05:44:53,633 - Classification Succeeds.
2024-02-01 05:44:53,633 - Link Generation Fails.
2024-02-01 05:46:10,351 - Victim node is 4097.
2024-02-01 05:46:10,351 - tensor([ 593, 2239, 8358], device='cuda:0')
2024-02-01 05:46:10,351 - Classification Succeeds.
2024-02-01 05:46:10,351 - Link Generation Succeeds.
2024-02-01 05:46:40,109 - Victim node is 2828.
2024-02-01 05:46:40,109 - tensor([6662, 7177, 7655], device='cuda:0')
2024-02-01 05:46:40,109 - Classification Fails.
2024-02-01 05:46:40,109 - Link Generation Succeeds.
2024-02-01 05:47:09,188 - Victim node is 2975.
2024-02-01 05:47:09,188 - tensor([1759, 6279, 7620], device='cuda:0')
2024-02-01 05:47:09,188 - Classification Succeeds.
2024-02-01 05:47:09,189 - Link Generation Fails.
2024-02-01 05:48:25,843 - Victim node is 7105.
2024-02-01 05:48:25,843 - tensor([7836, 8318, 8331], device='cuda:0')
2024-02-01 05:48:25,844 - Classification Fails.
2024-02-01 05:48:25,844 - Link Generation Succeeds.
2024-02-01 05:51:11,867 - Victim node is 1481.
2024-02-01 05:51:11,867 - tensor([7843, 8353, 8366], device='cuda:0')
2024-02-01 05:51:11,867 - Classification Succeeds.
2024-02-01 05:51:11,867 - Link Generation Succeeds.
2024-02-01 05:53:41,139 - Victim node is 4672.
2024-02-01 05:53:41,139 - tensor([ 593, 8321, 8335], device='cuda:0')
2024-02-01 05:53:41,140 - Classification Succeeds.
2024-02-01 05:53:41,140 - Link Generation Succeeds.
2024-02-01 05:54:11,089 - Victim node is 1886.
2024-02-01 05:54:11,089 - tensor([ 593, 2198, 6702], device='cuda:0')
2024-02-01 05:54:11,090 - Classification Succeeds.
2024-02-01 05:54:11,090 - Link Generation Fails.
2024-02-01 05:54:43,085 - Victim node is 7561.
2024-02-01 05:54:43,085 - tensor([2198, 7812, 8239], device='cuda:0')
2024-02-01 05:54:43,085 - Classification Succeeds.
2024-02-01 05:54:43,085 - Link Generation Succeeds.
2024-02-01 05:55:14,539 - Victim node is 1100.
2024-02-01 05:55:14,539 - tensor([2198, 7876, 8427], device='cuda:0')
2024-02-01 05:55:14,539 - Classification Succeeds.
2024-02-01 05:55:14,539 - Link Generation Succeeds.
2024-02-01 05:55:43,666 - Victim node is 5922.
2024-02-01 05:55:43,666 - tensor([2260, 6662, 7620], device='cuda:0')
2024-02-01 05:55:43,666 - Classification Succeeds.
2024-02-01 05:55:43,667 - Link Generation Fails.
2024-02-01 05:58:29,969 - Victim node is 7320.
2024-02-01 05:58:29,969 - tensor([7852, 8403, 8419], device='cuda:0')
2024-02-01 05:58:29,970 - Classification Succeeds.
2024-02-01 05:58:29,970 - Link Generation Succeeds.
2024-02-01 06:01:22,714 - Victim node is 2871.
2024-02-01 06:01:22,714 - tensor([2198, 8396, 8410], device='cuda:0')
2024-02-01 06:01:22,714 - Classification Succeeds.
2024-02-01 06:01:22,714 - Link Generation Succeeds.
2024-02-01 06:01:52,404 - Victim node is 1577.
2024-02-01 06:01:52,404 - tensor([ 593, 6190, 6702], device='cuda:0')
2024-02-01 06:01:52,405 - Classification Succeeds.
2024-02-01 06:01:52,405 - Link Generation Fails.
2024-02-01 06:02:24,199 - Victim node is 4333.
2024-02-01 06:02:24,200 - tensor([7849, 8386, 8506], device='cuda:0')
2024-02-01 06:02:24,200 - Classification Fails.
2024-02-01 06:02:24,200 - Link Generation Succeeds.
2024-02-01 06:02:53,755 - Victim node is 5118.
2024-02-01 06:02:53,755 - tensor([6190, 7701, 7716], device='cuda:0')
2024-02-01 06:02:53,756 - Classification Fails.
2024-02-01 06:02:53,756 - Link Generation Succeeds.
2024-02-01 06:03:24,842 - Victim node is 2414.
2024-02-01 06:03:24,842 - tensor([2198, 7925, 8631], device='cuda:0')
2024-02-01 06:03:24,842 - Classification Fails.
2024-02-01 06:03:24,843 - Link Generation Succeeds.
2024-02-01 06:03:54,391 - Victim node is 6956.
2024-02-01 06:03:54,391 - tensor([1969, 2260, 4666], device='cuda:0')
2024-02-01 06:03:54,391 - Classification Succeeds.
2024-02-01 06:03:54,391 - Link Generation Fails.
2024-02-01 06:04:26,360 - Victim node is 7224.
2024-02-01 06:04:26,360 - tensor([2198, 8244, 8440], device='cuda:0')
2024-02-01 06:04:26,360 - Classification Succeeds.
2024-02-01 06:04:26,360 - Link Generation Succeeds.
2024-02-01 06:05:39,489 - Victim node is 1423.
2024-02-01 06:05:39,489 - tensor([ 593, 8263, 8875], device='cuda:0')
2024-02-01 06:05:39,489 - Classification Succeeds.
2024-02-01 06:05:39,490 - Link Generation Succeeds.
2024-02-01 06:08:13,180 - Victim node is 5344.
2024-02-01 06:08:13,180 - tensor([7842, 8328, 8341], device='cuda:0')
2024-02-01 06:08:13,180 - Classification Succeeds.
2024-02-01 06:08:13,180 - Link Generation Succeeds.
2024-02-01 06:08:45,315 - Victim node is 6461.
2024-02-01 06:08:45,315 - tensor([7818, 8242, 8338], device='cuda:0')
2024-02-01 06:08:45,316 - Classification Succeeds.
2024-02-01 06:08:45,316 - Link Generation Succeeds.
2024-02-01 06:09:58,490 - Victim node is 5290.
2024-02-01 06:09:58,490 - tensor([2239, 7815, 8262], device='cuda:0')
2024-02-01 06:09:58,490 - Classification Succeeds.
2024-02-01 06:09:58,491 - Link Generation Succeeds.
2024-02-01 06:12:07,866 - Victim node is 3347.
2024-02-01 06:12:07,866 - tensor([2239, 7826, 8281], device='cuda:0')
2024-02-01 06:12:07,867 - Classification Succeeds.
2024-02-01 06:12:07,867 - Link Generation Succeeds.
2024-02-01 06:12:37,930 - Victim node is 6080.
2024-02-01 06:12:37,930 - tensor([6190, 7177, 7542], device='cuda:0')
2024-02-01 06:12:37,930 - Classification Succeeds.
2024-02-01 06:12:37,930 - Link Generation Fails.
2024-02-01 06:13:07,599 - Victim node is 2775.
2024-02-01 06:13:07,599 - tensor([1759, 2260, 4960], device='cuda:0')
2024-02-01 06:13:07,599 - Classification Succeeds.
2024-02-01 06:13:07,599 - Link Generation Fails.
2024-02-01 06:13:37,011 - Victim node is 4300.
2024-02-01 06:13:37,011 - tensor([1759, 2260, 4960], device='cuda:0')
2024-02-01 06:13:37,011 - Classification Succeeds.
2024-02-01 06:13:37,011 - Link Generation Fails.
2024-02-01 06:14:06,875 - Victim node is 860.
2024-02-01 06:14:06,875 - tensor([ 593, 2198, 2239], device='cuda:0')
2024-02-01 06:14:06,876 - Classification Succeeds.
2024-02-01 06:14:06,876 - Link Generation Fails.
2024-02-01 06:15:20,228 - Victim node is 3983.
2024-02-01 06:15:20,228 - tensor([7831, 8281, 8292], device='cuda:0')
2024-02-01 06:15:20,228 - Classification Succeeds.
2024-02-01 06:15:20,228 - Link Generation Succeeds.
2024-02-01 06:15:51,390 - Victim node is 2677.
2024-02-01 06:15:51,390 - tensor([2239, 7781, 8664], device='cuda:0')
2024-02-01 06:15:51,391 - Classification Fails.
2024-02-01 06:15:51,391 - Link Generation Succeeds.
2024-02-01 06:18:39,325 - Victim node is 5070.
2024-02-01 06:18:39,326 - tensor([7858, 8398, 8411], device='cuda:0')
2024-02-01 06:18:39,326 - Classification Succeeds.
2024-02-01 06:18:39,326 - Link Generation Succeeds.
2024-02-01 06:19:11,323 - Victim node is 7523.
2024-02-01 06:19:11,323 - tensor([ 593, 2198, 8497], device='cuda:0')
2024-02-01 06:19:11,323 - Classification Fails.
2024-02-01 06:19:11,323 - Link Generation Succeeds.
2024-02-01 06:19:42,844 - Victim node is 1281.
2024-02-01 06:19:42,844 - tensor([2239, 7950, 8695], device='cuda:0')
2024-02-01 06:19:42,844 - Classification Succeeds.
2024-02-01 06:19:42,844 - Link Generation Succeeds.
2024-02-01 06:20:12,582 - Victim node is 617.
2024-02-01 06:20:12,582 - tensor([1136, 1374, 6662], device='cuda:0')
2024-02-01 06:20:12,583 - Classification Succeeds.
2024-02-01 06:20:12,583 - Link Generation Fails.
2024-02-01 06:20:44,523 - Victim node is 7137.
2024-02-01 06:20:44,523 - tensor([2198, 7842, 8023], device='cuda:0')
2024-02-01 06:20:44,523 - Classification Fails.
2024-02-01 06:20:44,523 - Link Generation Succeeds.
2024-02-01 06:21:56,335 - Victim node is 1495.
2024-02-01 06:21:56,335 - tensor([2198, 2239, 8775], device='cuda:0')
2024-02-01 06:21:56,336 - Classification Fails.
2024-02-01 06:21:56,336 - Link Generation Succeeds.
2024-02-01 06:23:38,707 - Victim node is 717.
2024-02-01 06:23:38,707 - tensor([2239, 7970, 8752], device='cuda:0')
2024-02-01 06:23:38,708 - Classification Succeeds.
2024-02-01 06:23:38,708 - Link Generation Succeeds.
2024-02-01 06:24:10,887 - Victim node is 518.
2024-02-01 06:24:10,887 - tensor([2198, 8280, 8296], device='cuda:0')
2024-02-01 06:24:10,887 - Classification Succeeds.
2024-02-01 06:24:10,887 - Link Generation Succeeds.
2024-02-01 06:24:40,614 - Victim node is 6173.
2024-02-01 06:24:40,614 - tensor([1599, 4129, 6662], device='cuda:0')
2024-02-01 06:24:40,615 - Classification Succeeds.
2024-02-01 06:24:40,615 - Link Generation Fails.
2024-02-01 06:26:07,165 - Victim node is 2299.
2024-02-01 06:26:07,165 - tensor([ 593, 2239, 8332], device='cuda:0')
2024-02-01 06:26:07,165 - Classification Succeeds.
2024-02-01 06:26:07,165 - Link Generation Succeeds.
2024-02-01 06:26:45,379 - Victim node is 4751.
2024-02-01 06:26:45,379 - tensor([1155, 4572, 6359], device='cuda:0')
2024-02-01 06:26:45,379 - Classification Succeeds.
2024-02-01 06:26:45,379 - Link Generation Fails.
2024-02-01 06:27:14,418 - Victim node is 6914.
2024-02-01 06:27:14,418 - tensor([2198, 2239, 4376], device='cuda:0')
2024-02-01 06:27:14,418 - Classification Succeeds.
2024-02-01 06:27:14,418 - Link Generation Fails.
2024-02-01 06:27:43,596 - Victim node is 6763.
2024-02-01 06:27:43,596 - tensor([1136, 5526, 7620], device='cuda:0')
2024-02-01 06:27:43,596 - Classification Succeeds.
2024-02-01 06:27:43,596 - Link Generation Fails.
2024-02-01 06:28:13,739 - Victim node is 4585.
2024-02-01 06:28:13,739 - tensor([1599, 6279, 7620], device='cuda:0')
2024-02-01 06:28:13,740 - Classification Succeeds.
2024-02-01 06:28:13,740 - Link Generation Fails.
2024-02-01 06:28:43,053 - Victim node is 4747.
2024-02-01 06:28:43,053 - tensor([2198, 2239, 4376], device='cuda:0')
2024-02-01 06:28:43,053 - Classification Succeeds.
2024-02-01 06:28:43,054 - Link Generation Fails.
2024-02-01 06:29:12,486 - Victim node is 4814.
2024-02-01 06:29:12,486 - tensor([1374, 6190, 6962], device='cuda:0')
2024-02-01 06:29:12,486 - Classification Succeeds.
2024-02-01 06:29:12,486 - Link Generation Fails.
2024-02-01 06:29:41,932 - Victim node is 910.
2024-02-01 06:29:41,932 - tensor([1759, 2260, 3578], device='cuda:0')
2024-02-01 06:29:41,932 - Classification Fails.
2024-02-01 06:29:41,932 - Link Generation Fails.
2024-02-01 06:30:11,800 - Victim node is 1768.
2024-02-01 06:30:11,800 - tensor([ 526, 2863, 4663], device='cuda:0')
2024-02-01 06:30:11,800 - Classification Succeeds.
2024-02-01 06:30:11,800 - Link Generation Fails.
2024-02-01 06:31:26,785 - Victim node is 5714.
2024-02-01 06:31:26,786 - tensor([2239, 7827, 8293], device='cuda:0')
2024-02-01 06:31:26,786 - Classification Succeeds.
2024-02-01 06:31:26,786 - Link Generation Succeeds.
2024-02-01 06:32:09,085 - Victim node is 4584.
2024-02-01 06:32:09,085 - tensor([ 593, 2198, 2239], device='cuda:0')
2024-02-01 06:32:09,085 - Classification Succeeds.
2024-02-01 06:32:09,085 - Link Generation Fails.
2024-02-01 06:32:38,558 - Victim node is 7484.
2024-02-01 06:32:38,558 - tensor([1759, 3383, 4960], device='cuda:0')
2024-02-01 06:32:38,560 - Classification Succeeds.
2024-02-01 06:32:38,560 - Link Generation Fails.
2024-02-01 06:33:09,836 - Victim node is 6009.
2024-02-01 06:33:09,836 - tensor([2198, 2239, 7620], device='cuda:0')
2024-02-01 06:33:09,837 - Classification Succeeds.
2024-02-01 06:33:09,837 - Link Generation Fails.
2024-02-01 06:33:42,813 - Victim node is 1722.
2024-02-01 06:33:42,813 - tensor([ 593, 2198, 7722], device='cuda:0')
2024-02-01 06:33:42,813 - Classification Succeeds.
2024-02-01 06:33:42,813 - Link Generation Succeeds.
2024-02-01 06:34:14,099 - Victim node is 1512.
2024-02-01 06:34:14,099 - tensor([ 481, 4663, 4666], device='cuda:0')
2024-02-01 06:34:14,099 - Classification Succeeds.
2024-02-01 06:34:14,099 - Link Generation Fails.
2024-02-01 06:35:31,523 - Victim node is 6047.
2024-02-01 06:35:31,523 - tensor([7839, 8342, 8356], device='cuda:0')
2024-02-01 06:35:31,523 - Classification Fails.
2024-02-01 06:35:31,523 - Link Generation Succeeds.
2024-02-01 06:36:01,522 - Victim node is 580.
2024-02-01 06:36:01,522 - tensor([4129, 6190, 7854], device='cuda:0')
2024-02-01 06:36:01,523 - Classification Fails.
2024-02-01 06:36:01,523 - Link Generation Succeeds.
2024-02-01 06:36:33,299 - Victim node is 2993.
2024-02-01 06:36:33,299 - tensor([ 593, 2198, 2239], device='cuda:0')
2024-02-01 06:36:33,299 - Classification Succeeds.
2024-02-01 06:36:33,299 - Link Generation Fails.
2024-02-01 06:37:46,718 - Victim node is 800.
2024-02-01 06:37:46,718 - tensor([7829, 8272, 8284], device='cuda:0')
2024-02-01 06:37:46,718 - Classification Succeeds.
2024-02-01 06:37:46,718 - Link Generation Succeeds.
2024-02-01 06:39:52,359 - Victim node is 2904.
2024-02-01 06:39:52,359 - tensor([ 593, 2239, 8279], device='cuda:0')
2024-02-01 06:39:52,359 - Classification Succeeds.
2024-02-01 06:39:52,359 - Link Generation Succeeds.
2024-02-01 06:40:24,630 - Victim node is 539.
2024-02-01 06:40:24,630 - tensor([ 593, 2198, 2239], device='cuda:0')
2024-02-01 06:40:24,630 - Classification Succeeds.
2024-02-01 06:40:24,630 - Link Generation Fails.
2024-02-01 06:40:56,237 - Victim node is 382.
2024-02-01 06:40:56,237 - tensor([ 593, 2198, 2239], device='cuda:0')
2024-02-01 06:40:56,238 - Classification Succeeds.
2024-02-01 06:40:56,238 - Link Generation Fails.
2024-02-01 06:41:25,656 - Victim node is 5988.
2024-02-01 06:41:25,656 - tensor([1374, 4663, 7620], device='cuda:0')
2024-02-01 06:41:25,657 - Classification Succeeds.
2024-02-01 06:41:25,657 - Link Generation Fails.
2024-02-01 06:41:55,458 - Victim node is 2249.
2024-02-01 06:41:55,458 - tensor([1136, 4129, 4246], device='cuda:0')
2024-02-01 06:41:55,458 - Classification Succeeds.
2024-02-01 06:41:55,458 - Link Generation Fails.
2024-02-01 06:42:27,623 - Victim node is 868.
2024-02-01 06:42:27,623 - tensor([2239, 7941, 8635], device='cuda:0')
2024-02-01 06:42:27,623 - Classification Succeeds.
2024-02-01 06:42:27,624 - Link Generation Succeeds.
2024-02-01 06:42:57,314 - Victim node is 7495.
2024-02-01 06:42:57,314 - tensor([6190, 7177, 7542], device='cuda:0')
2024-02-01 06:42:57,315 - Classification Succeeds.
2024-02-01 06:42:57,315 - Link Generation Fails.
2024-02-01 06:44:05,944 - Victim node is 3758.
2024-02-01 06:44:05,944 - tensor([2239, 7828, 8300], device='cuda:0')
2024-02-01 06:44:05,944 - Classification Succeeds.
2024-02-01 06:44:05,944 - Link Generation Succeeds.
2024-02-01 06:44:38,635 - Victim node is 3155.
2024-02-01 06:44:38,635 - tensor([ 593, 2198, 2239], device='cuda:0')
2024-02-01 06:44:38,635 - Classification Succeeds.
2024-02-01 06:44:38,635 - Link Generation Fails.
2024-02-01 06:45:08,143 - Victim node is 6346.
2024-02-01 06:45:08,143 - tensor([7711, 7713, 7729], device='cuda:0')
2024-02-01 06:45:08,143 - Classification Succeeds.
2024-02-01 06:45:08,143 - Link Generation Succeeds.
2024-02-01 06:45:37,282 - Victim node is 342.
2024-02-01 06:45:37,282 - tensor([1374, 1600, 6279], device='cuda:0')
2024-02-01 06:45:37,282 - Classification Succeeds.
2024-02-01 06:45:37,283 - Link Generation Fails.
2024-02-01 06:46:06,885 - Victim node is 3458.
2024-02-01 06:46:06,885 - tensor([  16, 3383, 7505], device='cuda:0')
2024-02-01 06:46:06,885 - Classification Succeeds.
2024-02-01 06:46:06,885 - Link Generation Fails.
2024-02-01 06:46:38,439 - Victim node is 5206.
2024-02-01 06:46:38,439 - tensor([ 593, 2198, 8367], device='cuda:0')
2024-02-01 06:46:38,439 - Classification Fails.
2024-02-01 06:46:38,439 - Link Generation Succeeds.
2024-02-01 06:47:07,714 - Victim node is 3798.
2024-02-01 06:47:07,714 - tensor([3383, 6433, 7718], device='cuda:0')
2024-02-01 06:47:07,714 - Classification Fails.
2024-02-01 06:47:07,714 - Link Generation Succeeds.
2024-02-01 06:47:38,953 - Victim node is 3868.
2024-02-01 06:47:38,953 - tensor([2198, 7761, 8500], device='cuda:0')
2024-02-01 06:47:38,953 - Classification Fails.
2024-02-01 06:47:38,953 - Link Generation Succeeds.
2024-02-01 06:48:08,773 - Victim node is 5821.
2024-02-01 06:48:08,773 - tensor([1759, 2260, 7620], device='cuda:0')
2024-02-01 06:48:08,773 - Classification Succeeds.
2024-02-01 06:48:08,773 - Link Generation Fails.
2024-02-01 06:48:38,648 - Victim node is 4192.
2024-02-01 06:48:38,648 - tensor([1374, 1599, 7620], device='cuda:0')
2024-02-01 06:48:38,648 - Classification Succeeds.
2024-02-01 06:48:38,648 - Link Generation Fails.
2024-02-01 06:49:08,337 - Victim node is 3301.
2024-02-01 06:49:08,337 - tensor([ 593, 2198, 2239], device='cuda:0')
2024-02-01 06:49:08,338 - Classification Succeeds.
2024-02-01 06:49:08,338 - Link Generation Fails.
2024-02-01 06:49:37,756 - Victim node is 153.
2024-02-01 06:49:37,756 - tensor([3383, 7460, 7620], device='cuda:0')
2024-02-01 06:49:37,756 - Classification Succeeds.
2024-02-01 06:49:37,756 - Link Generation Fails.
2024-02-01 06:50:10,106 - Victim node is 6101.
2024-02-01 06:50:10,106 - tensor([7711, 7758, 7931], device='cuda:0')
2024-02-01 06:50:10,107 - Classification Fails.
2024-02-01 06:50:10,107 - Link Generation Succeeds.
2024-02-01 06:50:41,890 - Victim node is 5511.
2024-02-01 06:50:41,891 - tensor([2198, 2239, 7764], device='cuda:0')
2024-02-01 06:50:41,891 - Classification Succeeds.
2024-02-01 06:50:41,891 - Link Generation Succeeds.
2024-02-01 06:51:10,971 - Victim node is 314.
2024-02-01 06:51:10,971 - tensor([1374, 6662, 7620], device='cuda:0')
2024-02-01 06:51:10,972 - Classification Succeeds.
2024-02-01 06:51:10,972 - Link Generation Fails.
2024-02-01 06:51:42,305 - Victim node is 5373.
2024-02-01 06:51:42,305 - tensor([ 593, 2198, 8516], device='cuda:0')
2024-02-01 06:51:42,306 - Classification Succeeds.
2024-02-01 06:51:42,306 - Link Generation Succeeds.
2024-02-01 06:52:53,021 - Victim node is 2859.
2024-02-01 06:52:53,021 - tensor([2239, 7969, 8745], device='cuda:0')
2024-02-01 06:52:53,021 - Classification Succeeds.
2024-02-01 06:52:53,021 - Link Generation Succeeds.
2024-02-01 06:53:24,674 - Victim node is 293.
2024-02-01 06:53:24,674 - tensor([ 593, 2198, 2239], device='cuda:0')
2024-02-01 06:53:24,675 - Classification Succeeds.
2024-02-01 06:53:24,675 - Link Generation Fails.
2024-02-01 06:53:56,233 - Victim node is 6487.
2024-02-01 06:53:56,233 - tensor([2198, 8651, 8675], device='cuda:0')
2024-02-01 06:53:56,234 - Classification Succeeds.
2024-02-01 06:53:56,234 - Link Generation Succeeds.
2024-02-01 06:54:28,100 - Victim node is 3488.
2024-02-01 06:54:28,100 - tensor([ 593, 2239, 8656], device='cuda:0')
2024-02-01 06:54:28,100 - Classification Fails.
2024-02-01 06:54:28,100 - Link Generation Succeeds.
2024-02-01 06:54:59,654 - Victim node is 6211.
2024-02-01 06:54:59,654 - tensor([2198, 2239, 7788], device='cuda:0')
2024-02-01 06:54:59,654 - Classification Succeeds.
2024-02-01 06:54:59,654 - Link Generation Succeeds.
2024-02-01 06:55:29,183 - Victim node is 1119.
2024-02-01 06:55:29,183 - tensor([3383, 6499, 7542], device='cuda:0')
2024-02-01 06:55:29,184 - Classification Succeeds.
2024-02-01 06:55:29,184 - Link Generation Fails.
2024-02-01 06:55:58,875 - Victim node is 6855.
2024-02-01 06:55:58,875 - tensor([1599, 6662, 7773], device='cuda:0')
2024-02-01 06:55:58,875 - Classification Succeeds.
2024-02-01 06:55:58,875 - Link Generation Succeeds.
2024-02-01 06:56:28,590 - Victim node is 7050.
2024-02-01 06:56:28,590 - tensor([1600, 5449, 7620], device='cuda:0')
2024-02-01 06:56:28,590 - Classification Succeeds.
2024-02-01 06:56:28,590 - Link Generation Fails.
2024-02-01 06:56:57,867 - Victim node is 1475.
2024-02-01 06:56:57,867 - tensor([1374, 1600, 6190], device='cuda:0')
2024-02-01 06:56:57,867 - Classification Succeeds.
2024-02-01 06:56:57,867 - Link Generation Fails.
2024-02-01 06:58:14,652 - Victim node is 7151.
2024-02-01 06:58:14,652 - tensor([ 593, 8323, 9009], device='cuda:0')
2024-02-01 06:58:14,653 - Classification Succeeds.
2024-02-01 06:58:14,653 - Link Generation Succeeds.
2024-02-01 06:58:46,564 - Victim node is 5729.
2024-02-01 06:58:46,564 - tensor([1136, 1599, 5526], device='cuda:0')
2024-02-01 06:58:46,564 - Classification Succeeds.
2024-02-01 06:58:46,565 - Link Generation Fails.
2024-02-01 06:59:15,842 - Victim node is 6653.
2024-02-01 06:59:15,842 - tensor([1136, 1599, 5526], device='cuda:0')
2024-02-01 06:59:15,842 - Classification Succeeds.
2024-02-01 06:59:15,842 - Link Generation Fails.
2024-02-01 06:59:45,260 - Victim node is 5990.
2024-02-01 06:59:45,260 - tensor([2198, 2239, 4376], device='cuda:0')
2024-02-01 06:59:45,260 - Classification Fails.
2024-02-01 06:59:45,260 - Link Generation Fails.
2024-02-01 07:02:33,277 - Victim node is 1102.
2024-02-01 07:02:33,277 - tensor([7858, 8410, 8426], device='cuda:0')
2024-02-01 07:02:33,277 - Classification Succeeds.
2024-02-01 07:02:33,277 - Link Generation Succeeds.
2024-02-01 07:03:49,383 - Victim node is 4735.
2024-02-01 07:03:49,383 - tensor([2198, 8776, 8800], device='cuda:0')
2024-02-01 07:03:49,383 - Classification Succeeds.
2024-02-01 07:03:49,383 - Link Generation Succeeds.
2024-02-01 07:04:19,600 - Victim node is 1452.
2024-02-01 07:04:19,600 - tensor([1759, 2260, 7620], device='cuda:0')
2024-02-01 07:04:19,601 - Classification Succeeds.
2024-02-01 07:04:19,601 - Link Generation Fails.
2024-02-01 07:04:51,328 - Victim node is 2143.
2024-02-01 07:04:51,328 - tensor([ 593, 2198, 2239], device='cuda:0')
2024-02-01 07:04:51,328 - Classification Succeeds.
2024-02-01 07:04:51,328 - Link Generation Fails.
2024-02-01 07:06:02,985 - Victim node is 607.
2024-02-01 07:06:02,986 - tensor([2198, 7806, 8758], device='cuda:0')
2024-02-01 07:06:02,986 - Classification Fails.
2024-02-01 07:06:02,986 - Link Generation Succeeds.
2024-02-01 07:06:33,732 - Victim node is 1318.
2024-02-01 07:06:33,732 - tensor([ 593, 2198, 2239], device='cuda:0')
2024-02-01 07:06:33,733 - Classification Succeeds.
2024-02-01 07:06:33,733 - Link Generation Fails.
2024-02-01 07:07:03,293 - Victim node is 3572.
2024-02-01 07:07:03,293 - tensor([7706, 7715, 7770], device='cuda:0')
2024-02-01 07:07:03,293 - Classification Fails.
2024-02-01 07:07:03,294 - Link Generation Succeeds.
2024-02-01 07:07:34,963 - Victim node is 3930.
2024-02-01 07:07:34,963 - tensor([2198, 2239, 8710], device='cuda:0')
2024-02-01 07:07:34,963 - Classification Fails.
2024-02-01 07:07:34,963 - Link Generation Succeeds.
2024-02-01 07:08:04,478 - Victim node is 6332.
2024-02-01 07:08:04,478 - tensor([3383, 6662, 7542], device='cuda:0')
2024-02-01 07:08:04,479 - Classification Succeeds.
2024-02-01 07:08:04,479 - Link Generation Fails.
2024-02-01 07:08:34,325 - Victim node is 6559.
2024-02-01 07:08:34,325 - tensor([1155, 1759, 6359], device='cuda:0')
2024-02-01 07:08:34,325 - Classification Succeeds.
2024-02-01 07:08:34,325 - Link Generation Fails.
2024-02-01 07:09:03,423 - Victim node is 3463.
2024-02-01 07:09:03,423 - tensor([3383, 4663, 7620], device='cuda:0')
2024-02-01 07:09:03,423 - Classification Succeeds.
2024-02-01 07:09:03,423 - Link Generation Fails.
2024-02-01 07:09:32,600 - Victim node is 1.
2024-02-01 07:09:32,600 - tensor([ 593, 2198, 2239], device='cuda:0')
2024-02-01 07:09:32,600 - Classification Succeeds.
2024-02-01 07:09:32,601 - Link Generation Fails.
2024-02-01 07:10:04,583 - Victim node is 4036.
2024-02-01 07:10:04,583 - tensor([ 593, 2198, 2239], device='cuda:0')
2024-02-01 07:10:04,583 - Classification Succeeds.
2024-02-01 07:10:04,584 - Link Generation Fails.
2024-02-01 07:10:34,212 - Victim node is 3941.
2024-02-01 07:10:34,212 - tensor([1599, 1600, 6279], device='cuda:0')
2024-02-01 07:10:34,213 - Classification Succeeds.
2024-02-01 07:10:34,213 - Link Generation Fails.
2024-02-01 07:11:03,527 - Victim node is 5719.
2024-02-01 07:11:03,527 - tensor([ 593, 2198, 2239], device='cuda:0')
2024-02-01 07:11:03,528 - Classification Succeeds.
2024-02-01 07:11:03,528 - Link Generation Fails.
2024-02-01 07:11:32,760 - Victim node is 825.
2024-02-01 07:11:32,760 - tensor([  16, 3383, 7505], device='cuda:0')
2024-02-01 07:11:32,760 - Classification Succeeds.
2024-02-01 07:11:32,760 - Link Generation Fails.
2024-02-01 07:12:02,139 - Victim node is 1664.
2024-02-01 07:12:02,139 - tensor([3383, 5449, 7620], device='cuda:0')
2024-02-01 07:12:02,139 - Classification Succeeds.
2024-02-01 07:12:02,139 - Link Generation Fails.
2024-02-01 07:13:15,448 - Victim node is 312.
2024-02-01 07:13:15,448 - tensor([4376, 6702, 8268], device='cuda:0')
2024-02-01 07:13:15,448 - Classification Succeeds.
2024-02-01 07:13:15,448 - Link Generation Succeeds.
2024-02-01 07:13:45,642 - Victim node is 4507.
2024-02-01 07:13:45,642 - tensor([1759, 2260, 4666], device='cuda:0')
2024-02-01 07:13:45,642 - Classification Succeeds.
2024-02-01 07:13:45,642 - Link Generation Fails.
2024-02-01 07:14:15,430 - Victim node is 5004.
2024-02-01 07:14:15,430 - tensor([2198, 2239, 4376], device='cuda:0')
2024-02-01 07:14:15,430 - Classification Succeeds.
2024-02-01 07:14:15,430 - Link Generation Fails.
2024-02-01 07:14:47,037 - Victim node is 4165.
2024-02-01 07:14:47,038 - tensor([1759, 7460, 7620], device='cuda:0')
2024-02-01 07:14:47,038 - Classification Succeeds.
2024-02-01 07:14:47,038 - Link Generation Fails.
2024-02-01 07:15:16,099 - Victim node is 5596.
2024-02-01 07:15:16,100 - tensor([6130, 6662, 7620], device='cuda:0')
2024-02-01 07:15:16,100 - Classification Succeeds.
2024-02-01 07:15:16,100 - Link Generation Fails.
2024-02-01 07:15:45,401 - Victim node is 7145.
2024-02-01 07:15:45,401 - tensor([4646, 4663, 7620], device='cuda:0')
2024-02-01 07:15:45,402 - Classification Succeeds.
2024-02-01 07:15:45,402 - Link Generation Fails.
2024-02-01 07:16:57,731 - Victim node is 1022.
2024-02-01 07:16:57,732 - tensor([7982, 8813, 9024], device='cuda:0')
2024-02-01 07:16:57,732 - Classification Succeeds.
2024-02-01 07:16:57,732 - Link Generation Succeeds.
2024-02-01 07:17:27,008 - Victim node is 4798.
2024-02-01 07:17:27,008 - tensor([5449, 7651, 7654], device='cuda:0')
2024-02-01 07:17:27,008 - Classification Succeeds.
2024-02-01 07:17:27,009 - Link Generation Succeeds.
2024-02-01 07:17:56,445 - Victim node is 1123.
2024-02-01 07:17:56,445 - tensor([3383, 7658, 7663], device='cuda:0')
2024-02-01 07:17:56,446 - Classification Succeeds.
2024-02-01 07:17:56,446 - Link Generation Succeeds.
2024-02-01 07:18:25,689 - Victim node is 937.
2024-02-01 07:18:25,689 - tensor([1374, 6662, 7620], device='cuda:0')
2024-02-01 07:18:25,690 - Classification Succeeds.
2024-02-01 07:18:25,690 - Link Generation Fails.
2024-02-01 07:18:55,236 - Victim node is 2982.
2024-02-01 07:18:55,236 - tensor([7676, 7680, 7681], device='cuda:0')
2024-02-01 07:18:55,237 - Classification Succeeds.
2024-02-01 07:18:55,237 - Link Generation Succeeds.
2024-02-01 07:19:24,457 - Victim node is 525.
2024-02-01 07:19:24,457 - tensor([4906, 6433, 7725], device='cuda:0')
2024-02-01 07:19:24,457 - Classification Succeeds.
2024-02-01 07:19:24,458 - Link Generation Succeeds.
2024-02-01 07:19:53,738 - Victim node is 1340.
2024-02-01 07:19:53,738 - tensor([1759, 2260, 7620], device='cuda:0')
2024-02-01 07:19:53,738 - Classification Succeeds.
2024-02-01 07:19:53,739 - Link Generation Fails.
2024-02-01 07:20:23,292 - Victim node is 6123.
2024-02-01 07:20:23,292 - tensor([ 593, 2198, 2239], device='cuda:0')
2024-02-01 07:20:23,293 - Classification Succeeds.
2024-02-01 07:20:23,293 - Link Generation Fails.
2024-02-01 07:23:14,537 - Victim node is 6971.
2024-02-01 07:23:14,538 - tensor([7857, 8395, 8409], device='cuda:0')
2024-02-01 07:23:14,538 - Classification Succeeds.
2024-02-01 07:23:14,538 - Link Generation Succeeds.
2024-02-01 07:23:48,011 - Victim node is 1035.
2024-02-01 07:23:48,011 - tensor([4663, 6130, 7620], device='cuda:0')
2024-02-01 07:23:48,011 - Classification Succeeds.
2024-02-01 07:23:48,011 - Link Generation Fails.
2024-02-01 07:24:18,134 - Victim node is 4470.
2024-02-01 07:24:18,134 - tensor([7673, 7681, 7683], device='cuda:0')
2024-02-01 07:24:18,134 - Classification Succeeds.
2024-02-01 07:24:18,134 - Link Generation Succeeds.
2024-02-01 07:24:50,013 - Victim node is 3620.
2024-02-01 07:24:50,013 - tensor([2239, 7932, 8608], device='cuda:0')
2024-02-01 07:24:50,013 - Classification Succeeds.
2024-02-01 07:24:50,013 - Link Generation Succeeds.
2024-02-01 07:25:19,314 - Victim node is 2405.
2024-02-01 07:25:19,314 - tensor([ 593, 2198, 2239], device='cuda:0')
2024-02-01 07:25:19,314 - Classification Succeeds.
2024-02-01 07:25:19,314 - Link Generation Fails.
2024-02-01 07:25:50,915 - Victim node is 2476.
2024-02-01 07:25:50,915 - tensor([ 593, 2239, 8647], device='cuda:0')
2024-02-01 07:25:50,915 - Classification Fails.
2024-02-01 07:25:50,916 - Link Generation Succeeds.
2024-02-01 07:26:21,047 - Victim node is 1348.
2024-02-01 07:26:21,047 - tensor([ 526, 4663, 4666], device='cuda:0')
2024-02-01 07:26:21,047 - Classification Fails.
2024-02-01 07:26:21,047 - Link Generation Fails.
2024-02-01 07:26:50,282 - Victim node is 1868.
2024-02-01 07:26:50,282 - tensor([1374, 7702, 7825], device='cuda:0')
2024-02-01 07:26:50,282 - Classification Succeeds.
2024-02-01 07:26:50,283 - Link Generation Succeeds.
2024-02-01 07:27:19,504 - Victim node is 5081.
2024-02-01 07:27:19,504 - tensor([ 593, 2198, 7834], device='cuda:0')
2024-02-01 07:27:19,504 - Classification Succeeds.
2024-02-01 07:27:19,504 - Link Generation Succeeds.
2024-02-01 07:27:48,844 - Victim node is 3230.
2024-02-01 07:27:48,844 - tensor([3383, 6499, 7620], device='cuda:0')
2024-02-01 07:27:48,844 - Classification Fails.
2024-02-01 07:27:48,845 - Link Generation Fails.
2024-02-01 07:28:19,130 - Victim node is 253.
2024-02-01 07:28:19,130 - tensor([1759, 2260, 4666], device='cuda:0')
2024-02-01 07:28:19,130 - Classification Succeeds.
2024-02-01 07:28:19,130 - Link Generation Fails.
2024-02-01 07:28:48,473 - Victim node is 1255.
2024-02-01 07:28:48,473 - tensor([1759, 2260, 7620], device='cuda:0')
2024-02-01 07:28:48,474 - Classification Succeeds.
2024-02-01 07:28:48,474 - Link Generation Fails.
2024-02-01 07:29:20,079 - Victim node is 1023.
2024-02-01 07:29:20,079 - tensor([7728, 7833, 8283], device='cuda:0')
2024-02-01 07:29:20,080 - Classification Succeeds.
2024-02-01 07:29:20,080 - Link Generation Succeeds.
2024-02-01 07:32:08,742 - Victim node is 2427.
2024-02-01 07:32:08,742 - tensor([7853, 8428, 8442], device='cuda:0')
2024-02-01 07:32:08,742 - Classification Succeeds.
2024-02-01 07:32:08,742 - Link Generation Succeeds.
2024-02-01 07:32:42,173 - Victim node is 2807.
2024-02-01 07:32:42,173 - tensor([6130, 7460, 7620], device='cuda:0')
2024-02-01 07:32:42,173 - Classification Succeeds.
2024-02-01 07:32:42,173 - Link Generation Fails.
2024-02-01 07:33:11,809 - Victim node is 2386.
2024-02-01 07:33:11,811 - tensor([3383, 6499, 7620], device='cuda:0')
2024-02-01 07:33:11,811 - Classification Succeeds.
2024-02-01 07:33:11,811 - Link Generation Fails.
2024-02-01 07:33:41,186 - Victim node is 5659.
2024-02-01 07:33:41,186 - tensor([7709, 7755, 7903], device='cuda:0')
2024-02-01 07:33:41,186 - Classification Fails.
2024-02-01 07:33:41,187 - Link Generation Succeeds.
2024-02-01 07:34:10,991 - Victim node is 58.
2024-02-01 07:34:10,991 - tensor([3383, 6433, 7620], device='cuda:0')
2024-02-01 07:34:10,991 - Classification Succeeds.
2024-02-01 07:34:10,992 - Link Generation Fails.
2024-02-01 07:35:28,597 - Victim node is 6183.
2024-02-01 07:35:28,597 - tensor([7835, 8334, 8348], device='cuda:0')
2024-02-01 07:35:28,598 - Classification Succeeds.
2024-02-01 07:35:28,598 - Link Generation Succeeds.
2024-02-01 07:35:58,444 - Victim node is 6771.
2024-02-01 07:35:58,444 - tensor([2818, 6662, 7460], device='cuda:0')
2024-02-01 07:35:58,444 - Classification Succeeds.
2024-02-01 07:35:58,444 - Link Generation Fails.
2024-02-01 07:37:18,152 - Victim node is 220.
2024-02-01 07:37:18,152 - tensor([7842, 8347, 8361], device='cuda:0')
2024-02-01 07:37:18,152 - Classification Succeeds.
2024-02-01 07:37:18,152 - Link Generation Succeeds.
2024-02-01 07:37:49,614 - Victim node is 7130.
2024-02-01 07:37:49,614 - tensor([2198, 2239, 7863], device='cuda:0')
2024-02-01 07:37:49,614 - Classification Succeeds.
2024-02-01 07:37:49,614 - Link Generation Succeeds.
2024-02-01 07:38:21,620 - Victim node is 5167.
2024-02-01 07:38:21,620 - tensor([ 593, 2198, 6702], device='cuda:0')
2024-02-01 07:38:21,620 - Classification Succeeds.
2024-02-01 07:38:21,621 - Link Generation Fails.
2024-02-01 07:38:53,001 - Victim node is 4216.
2024-02-01 07:38:53,001 - tensor([2198, 7768, 8578], device='cuda:0')
2024-02-01 07:38:53,001 - Classification Succeeds.
2024-02-01 07:38:53,001 - Link Generation Succeeds.
2024-02-01 07:39:22,369 - Victim node is 5920.
2024-02-01 07:39:22,369 - tensor([4663, 6279, 7620], device='cuda:0')
2024-02-01 07:39:22,369 - Classification Succeeds.
2024-02-01 07:39:22,369 - Link Generation Fails.
2024-02-01 07:39:51,736 - Victim node is 7165.
2024-02-01 07:39:51,736 - tensor([4129, 6279, 6662], device='cuda:0')
2024-02-01 07:39:51,736 - Classification Succeeds.
2024-02-01 07:39:51,736 - Link Generation Fails.
2024-02-01 07:40:22,042 - Victim node is 7246.
2024-02-01 07:40:22,042 - tensor([1759, 2260, 3383], device='cuda:0')
2024-02-01 07:40:22,043 - Classification Succeeds.
2024-02-01 07:40:22,043 - Link Generation Fails.
2024-02-01 07:40:51,967 - Victim node is 4245.
2024-02-01 07:40:51,967 - tensor([1136, 6662, 7620], device='cuda:0')
2024-02-01 07:40:51,968 - Classification Succeeds.
2024-02-01 07:40:51,968 - Link Generation Fails.
2024-02-01 07:41:24,476 - Victim node is 1241.
2024-02-01 07:41:24,476 - tensor([ 593, 2198, 2239], device='cuda:0')
2024-02-01 07:41:24,477 - Classification Succeeds.
2024-02-01 07:41:24,477 - Link Generation Fails.
2024-02-01 07:41:56,299 - Victim node is 1239.
2024-02-01 07:41:56,299 - tensor([ 593, 2198, 8470], device='cuda:0')
2024-02-01 07:41:56,299 - Classification Fails.
2024-02-01 07:41:56,299 - Link Generation Succeeds.
2024-02-01 07:42:29,759 - Victim node is 3772.
2024-02-01 07:42:29,759 - tensor([ 593, 2198, 2239], device='cuda:0')
2024-02-01 07:42:29,759 - Classification Succeeds.
2024-02-01 07:42:29,759 - Link Generation Fails.
2024-02-01 07:42:59,511 - Victim node is 6161.
2024-02-01 07:42:59,511 - tensor([2198, 7712, 7763], device='cuda:0')
2024-02-01 07:42:59,511 - Classification Succeeds.
2024-02-01 07:42:59,511 - Link Generation Succeeds.
2024-02-01 07:43:28,792 - Victim node is 6163.
2024-02-01 07:43:28,793 - tensor([5449, 6130, 7620], device='cuda:0')
2024-02-01 07:43:28,793 - Classification Succeeds.
2024-02-01 07:43:28,793 - Link Generation Fails.
2024-02-01 07:44:00,735 - Victim node is 5478.
2024-02-01 07:44:00,735 - tensor([2198, 7754, 8063], device='cuda:0')
2024-02-01 07:44:00,735 - Classification Succeeds.
2024-02-01 07:44:00,735 - Link Generation Succeeds.
2024-02-01 07:44:30,240 - Victim node is 348.
2024-02-01 07:44:30,240 - tensor([ 593, 2198, 2239], device='cuda:0')
2024-02-01 07:44:30,240 - Classification Succeeds.
2024-02-01 07:44:30,240 - Link Generation Fails.
2024-02-01 07:44:59,350 - Victim node is 6384.
2024-02-01 07:44:59,350 - tensor([ 593, 2198, 2239], device='cuda:0')
2024-02-01 07:44:59,350 - Classification Succeeds.
2024-02-01 07:44:59,351 - Link Generation Fails.
2024-02-01 07:48:06,334 - Victim node is 3856.
2024-02-01 07:48:06,334 - tensor([7904, 8588, 8604], device='cuda:0')
2024-02-01 07:48:06,334 - Classification Succeeds.
2024-02-01 07:48:06,334 - Link Generation Succeeds.
2024-02-01 07:48:37,184 - Victim node is 6178.
2024-02-01 07:48:37,185 - tensor([2198, 2239, 4376], device='cuda:0')
2024-02-01 07:48:37,186 - Classification Succeeds.
2024-02-01 07:48:37,187 - Link Generation Fails.
2024-02-01 07:49:06,535 - Victim node is 7086.
2024-02-01 07:49:06,535 - tensor([2260, 6130, 7620], device='cuda:0')
2024-02-01 07:49:06,535 - Classification Succeeds.
2024-02-01 07:49:06,535 - Link Generation Fails.
2024-02-01 07:50:21,402 - Victim node is 5398.
2024-02-01 07:50:21,402 - tensor([8290, 8302, 8924], device='cuda:0')
2024-02-01 07:50:21,402 - Classification Succeeds.
2024-02-01 07:50:21,402 - Link Generation Succeeds.
2024-02-01 07:50:50,472 - Victim node is 7271.
2024-02-01 07:50:50,472 - tensor([1136, 6279, 7620], device='cuda:0')
2024-02-01 07:50:50,472 - Classification Succeeds.
2024-02-01 07:50:50,472 - Link Generation Fails.
2024-02-01 07:51:21,557 - Victim node is 3040.
2024-02-01 07:51:21,557 - tensor([ 593, 2198, 6702], device='cuda:0')
2024-02-01 07:51:21,557 - Classification Succeeds.
2024-02-01 07:51:21,557 - Link Generation Fails.
2024-02-01 07:51:53,253 - Victim node is 2748.
2024-02-01 07:51:53,253 - tensor([3231, 6130, 6653], device='cuda:0')
2024-02-01 07:51:53,254 - Classification Succeeds.
2024-02-01 07:51:53,254 - Link Generation Fails.
2024-02-01 07:52:23,213 - Victim node is 7275.
2024-02-01 07:52:23,213 - tensor([6130, 6279, 7620], device='cuda:0')
2024-02-01 07:52:23,213 - Classification Succeeds.
2024-02-01 07:52:23,213 - Link Generation Fails.
2024-02-01 07:52:53,012 - Victim node is 1976.
2024-02-01 07:52:53,012 - tensor([ 593, 2198, 2239], device='cuda:0')
2024-02-01 07:52:53,012 - Classification Succeeds.
2024-02-01 07:52:53,012 - Link Generation Fails.
2024-02-01 07:54:10,139 - Victim node is 2650.
2024-02-01 07:54:10,139 - tensor([2239, 7834, 8350], device='cuda:0')
2024-02-01 07:54:10,139 - Classification Fails.
2024-02-01 07:54:10,139 - Link Generation Succeeds.
2024-02-01 07:54:40,154 - Victim node is 6139.
2024-02-01 07:54:40,154 - tensor([3383, 7460, 7620], device='cuda:0')
2024-02-01 07:54:40,154 - Classification Succeeds.
2024-02-01 07:54:40,154 - Link Generation Fails.
2024-02-01 07:55:12,189 - Victim node is 1078.
2024-02-01 07:55:12,189 - tensor([ 593, 2198, 2239], device='cuda:0')
2024-02-01 07:55:12,189 - Classification Succeeds.
2024-02-01 07:55:12,189 - Link Generation Fails.
2024-02-01 07:55:44,008 - Victim node is 3001.
2024-02-01 07:55:44,008 - tensor([2239, 7959, 8705], device='cuda:0')
2024-02-01 07:55:44,008 - Classification Succeeds.
2024-02-01 07:55:44,008 - Link Generation Succeeds.
2024-02-01 07:56:15,962 - Victim node is 6210.
2024-02-01 07:56:15,962 - tensor([ 593, 2198, 7722], device='cuda:0')
2024-02-01 07:56:15,962 - Classification Succeeds.
2024-02-01 07:56:15,962 - Link Generation Succeeds.
2024-02-01 07:57:26,345 - Victim node is 7452.
2024-02-01 07:57:26,346 - tensor([2198, 2239, 7797], device='cuda:0')
2024-02-01 07:57:26,346 - Classification Succeeds.
2024-02-01 07:57:26,346 - Link Generation Succeeds.
2024-02-01 08:00:16,620 - Victim node is 6887.
2024-02-01 08:00:16,620 - tensor([7854, 8390, 8403], device='cuda:0')
2024-02-01 08:00:16,621 - Classification Succeeds.
2024-02-01 08:00:16,621 - Link Generation Succeeds.
2024-02-01 08:00:52,777 - Victim node is 5446.
2024-02-01 08:00:52,777 - tensor([2198, 7708, 7782], device='cuda:0')
2024-02-01 08:00:52,777 - Classification Fails.
2024-02-01 08:00:52,777 - Link Generation Succeeds.
2024-02-01 08:01:22,318 - Victim node is 6270.
2024-02-01 08:01:22,318 - tensor([1759, 7362, 7620], device='cuda:0')
2024-02-01 08:01:22,318 - Classification Succeeds.
2024-02-01 08:01:22,318 - Link Generation Fails.
2024-02-01 08:01:52,158 - Victim node is 3024.
2024-02-01 08:01:52,158 - tensor([1374, 5528, 7620], device='cuda:0')
2024-02-01 08:01:52,158 - Classification Succeeds.
2024-02-01 08:01:52,158 - Link Generation Fails.
2024-02-01 08:02:24,246 - Victim node is 6596.
2024-02-01 08:02:24,246 - tensor([2239, 7932, 8806], device='cuda:0')
2024-02-01 08:02:24,247 - Classification Succeeds.
2024-02-01 08:02:24,247 - Link Generation Succeeds.
2024-02-01 08:02:53,891 - Victim node is 4140.
2024-02-01 08:02:53,891 - tensor([ 593, 2198, 2239], device='cuda:0')
2024-02-01 08:02:53,891 - Classification Fails.
2024-02-01 08:02:53,891 - Link Generation Fails.
2024-02-01 08:03:23,034 - Victim node is 4443.
2024-02-01 08:03:23,034 - tensor([1599, 4129, 7620], device='cuda:0')
2024-02-01 08:03:23,034 - Classification Succeeds.
2024-02-01 08:03:23,035 - Link Generation Fails.
2024-02-01 08:03:52,356 - Victim node is 3864.
2024-02-01 08:03:52,356 - tensor([ 593, 2198, 2239], device='cuda:0')
2024-02-01 08:03:52,357 - Classification Succeeds.
2024-02-01 08:03:52,357 - Link Generation Fails.
2024-02-01 08:04:22,625 - Victim node is 1204.
2024-02-01 08:04:22,625 - tensor([4663, 6279, 7620], device='cuda:0')
2024-02-01 08:04:22,625 - Classification Succeeds.
2024-02-01 08:04:22,626 - Link Generation Fails.
2024-02-01 08:04:52,004 - Victim node is 3352.
2024-02-01 08:04:52,004 - tensor([1759, 6662, 7620], device='cuda:0')
2024-02-01 08:04:52,004 - Classification Succeeds.
2024-02-01 08:04:52,004 - Link Generation Fails.
2024-02-01 08:05:21,330 - Victim node is 3727.
2024-02-01 08:05:21,330 - tensor([ 593, 2198, 4376], device='cuda:0')
2024-02-01 08:05:21,330 - Classification Fails.
2024-02-01 08:05:21,330 - Link Generation Fails.
2024-02-01 08:05:53,215 - Victim node is 4695.
2024-02-01 08:05:53,215 - tensor([7714, 7895, 7917], device='cuda:0')
2024-02-01 08:05:53,216 - Classification Succeeds.
2024-02-01 08:05:53,216 - Link Generation Succeeds.
2024-02-01 08:06:25,170 - Victim node is 6737.
2024-02-01 08:06:25,170 - tensor([ 593, 2198, 2239], device='cuda:0')
2024-02-01 08:06:25,170 - Classification Succeeds.
2024-02-01 08:06:25,170 - Link Generation Fails.
2024-02-01 08:07:37,111 - Victim node is 3295.
2024-02-01 08:07:37,111 - tensor([ 593, 2198, 8827], device='cuda:0')
2024-02-01 08:07:37,111 - Classification Fails.
2024-02-01 08:07:37,111 - Link Generation Succeeds.
2024-02-01 08:08:07,870 - Victim node is 4181.
2024-02-01 08:08:07,870 - tensor([1155, 4552, 7620], device='cuda:0')
2024-02-01 08:08:07,870 - Classification Succeeds.
2024-02-01 08:08:07,870 - Link Generation Fails.
2024-02-01 08:08:37,454 - Victim node is 2318.
2024-02-01 08:08:37,454 - tensor([1136, 5526, 7396], device='cuda:0')
2024-02-01 08:08:37,455 - Classification Succeeds.
2024-02-01 08:08:37,455 - Link Generation Fails.
2024-02-01 08:09:07,156 - Victim node is 7045.
2024-02-01 08:09:07,156 - tensor([2198, 2239, 4376], device='cuda:0')
2024-02-01 08:09:07,156 - Classification Succeeds.
2024-02-01 08:09:07,156 - Link Generation Fails.
2024-02-01 08:09:38,489 - Victim node is 3793.
2024-02-01 08:09:38,489 - tensor([ 593, 2198, 2239], device='cuda:0')
2024-02-01 08:09:38,489 - Classification Fails.
2024-02-01 08:09:38,489 - Link Generation Fails.
2024-02-01 08:10:08,243 - Victim node is 3454.
2024-02-01 08:10:08,243 - tensor([3383, 7460, 7620], device='cuda:0')
2024-02-01 08:10:08,243 - Classification Succeeds.
2024-02-01 08:10:08,243 - Link Generation Fails.
2024-02-01 08:10:37,871 - Victim node is 1588.
2024-02-01 08:10:37,871 - tensor([1136, 1374, 6279], device='cuda:0')
2024-02-01 08:10:37,871 - Classification Succeeds.
2024-02-01 08:10:37,871 - Link Generation Fails.
2024-02-01 08:11:07,344 - Victim node is 7162.
2024-02-01 08:11:07,344 - tensor([1136, 5526, 7620], device='cuda:0')
2024-02-01 08:11:07,344 - Classification Succeeds.
2024-02-01 08:11:07,345 - Link Generation Fails.
2024-02-01 08:13:55,427 - Victim node is 2755.
2024-02-01 08:13:55,428 - tensor([7853, 8379, 8393], device='cuda:0')
2024-02-01 08:13:55,428 - Classification Succeeds.
2024-02-01 08:13:55,428 - Link Generation Succeeds.
2024-02-01 08:14:25,222 - Victim node is 5600.
2024-02-01 08:14:25,222 - tensor([4663, 6068, 7620], device='cuda:0')
2024-02-01 08:14:25,222 - Classification Succeeds.
2024-02-01 08:14:25,222 - Link Generation Fails.
2024-02-01 08:15:52,368 - Victim node is 2541.
2024-02-01 08:15:52,369 - tensor([7831, 8288, 8300], device='cuda:0')
2024-02-01 08:15:52,369 - Classification Succeeds.
2024-02-01 08:15:52,369 - Link Generation Succeeds.
2024-02-01 08:16:22,676 - Victim node is 2153.
2024-02-01 08:16:22,676 - tensor([1759, 2260, 3383], device='cuda:0')
2024-02-01 08:16:22,677 - Classification Succeeds.
2024-02-01 08:16:22,677 - Link Generation Fails.
2024-02-01 08:16:52,392 - Victim node is 1609.
2024-02-01 08:16:52,392 - tensor([7661, 7820, 7925], device='cuda:0')
2024-02-01 08:16:52,393 - Classification Succeeds.
2024-02-01 08:16:52,393 - Link Generation Succeeds.
2024-02-01 08:17:24,550 - Victim node is 2086.
2024-02-01 08:17:24,550 - tensor([ 593, 2198, 2239], device='cuda:0')
2024-02-01 08:17:24,550 - Classification Succeeds.
2024-02-01 08:17:24,551 - Link Generation Fails.
2024-02-01 08:17:54,422 - Victim node is 1220.
2024-02-01 08:17:54,422 - tensor([7716, 7758, 7804], device='cuda:0')
2024-02-01 08:17:54,422 - Classification Fails.
2024-02-01 08:17:54,423 - Link Generation Succeeds.
2024-02-01 08:20:59,552 - Victim node is 6588.
2024-02-01 08:20:59,552 - tensor([ 593, 2239, 8377], device='cuda:0')
2024-02-01 08:20:59,553 - Classification Succeeds.
2024-02-01 08:20:59,553 - Link Generation Succeeds.
2024-02-01 08:21:29,609 - Victim node is 2227.
2024-02-01 08:21:29,609 - tensor([3383, 7460, 7620], device='cuda:0')
2024-02-01 08:21:29,610 - Classification Succeeds.
2024-02-01 08:21:29,610 - Link Generation Fails.
2024-02-01 08:22:00,148 - Victim node is 2865.
2024-02-01 08:22:00,148 - tensor([3383, 6190, 7542], device='cuda:0')
2024-02-01 08:22:00,149 - Classification Succeeds.
2024-02-01 08:22:00,149 - Link Generation Fails.
2024-02-01 08:22:29,063 - Victim node is 3835.
2024-02-01 08:22:29,064 - tensor([1759, 2260, 4960], device='cuda:0')
2024-02-01 08:22:29,064 - Classification Succeeds.
2024-02-01 08:22:29,064 - Link Generation Fails.
2024-02-01 08:23:45,386 - Victim node is 7510.
2024-02-01 08:23:45,386 - tensor([ 593, 8291, 8304], device='cuda:0')
2024-02-01 08:23:45,386 - Classification Succeeds.
2024-02-01 08:23:45,386 - Link Generation Succeeds.
2024-02-01 08:24:15,756 - Victim node is 5583.
2024-02-01 08:24:15,756 - tensor([1759, 2260, 7620], device='cuda:0')
2024-02-01 08:24:15,756 - Classification Succeeds.
2024-02-01 08:24:15,757 - Link Generation Fails.
2024-02-01 08:24:45,037 - Victim node is 257.
2024-02-01 08:24:45,037 - tensor([3383, 7460, 7542], device='cuda:0')
2024-02-01 08:24:45,037 - Classification Succeeds.
2024-02-01 08:24:45,037 - Link Generation Fails.
2024-02-01 08:25:13,846 - Victim node is 2053.
2024-02-01 08:25:13,846 - tensor([1599, 6279, 7791], device='cuda:0')
2024-02-01 08:25:13,846 - Classification Succeeds.
2024-02-01 08:25:13,847 - Link Generation Succeeds.
2024-02-01 08:25:43,002 - Victim node is 1446.
2024-02-01 08:25:43,002 - tensor([1136, 4663, 7620], device='cuda:0')
2024-02-01 08:25:43,002 - Classification Succeeds.
2024-02-01 08:25:43,002 - Link Generation Fails.
2024-02-01 08:26:12,732 - Victim node is 4250.
2024-02-01 08:26:12,732 - tensor([7651, 7653, 7654], device='cuda:0')
2024-02-01 08:26:12,732 - Classification Succeeds.
2024-02-01 08:26:12,732 - Link Generation Succeeds.
2024-02-01 08:26:42,677 - Victim node is 4813.
2024-02-01 08:26:42,677 - tensor([5875, 6190, 7542], device='cuda:0')
2024-02-01 08:26:42,677 - Classification Succeeds.
2024-02-01 08:26:42,677 - Link Generation Fails.
2024-02-01 08:27:11,754 - Victim node is 3243.
2024-02-01 08:27:11,754 - tensor([ 593, 2198, 2239], device='cuda:0')
2024-02-01 08:27:11,755 - Classification Succeeds.
2024-02-01 08:27:11,755 - Link Generation Fails.
2024-02-01 08:27:40,661 - Victim node is 3879.
2024-02-01 08:27:40,661 - tensor([6130, 6279, 7620], device='cuda:0')
2024-02-01 08:27:40,661 - Classification Succeeds.
2024-02-01 08:27:40,662 - Link Generation Fails.
2024-02-01 08:28:10,595 - Victim node is 6935.
2024-02-01 08:28:10,595 - tensor([4129, 6279, 6962], device='cuda:0')
2024-02-01 08:28:10,596 - Classification Succeeds.
2024-02-01 08:28:10,596 - Link Generation Fails.
2024-02-01 08:28:40,049 - Victim node is 1536.
2024-02-01 08:28:40,050 - tensor([1759, 6130, 7620], device='cuda:0')
2024-02-01 08:28:40,050 - Classification Succeeds.
2024-02-01 08:28:40,050 - Link Generation Fails.
2024-02-01 08:29:11,096 - Victim node is 1628.
2024-02-01 08:29:11,096 - tensor([2239, 7967, 8721], device='cuda:0')
2024-02-01 08:29:11,097 - Classification Succeeds.
2024-02-01 08:29:11,097 - Link Generation Succeeds.
2024-02-01 08:29:40,386 - Victim node is 2760.
2024-02-01 08:29:40,386 - tensor([3437, 4906, 6433], device='cuda:0')
2024-02-01 08:29:40,386 - Classification Succeeds.
2024-02-01 08:29:40,386 - Link Generation Fails.
2024-02-01 08:30:10,148 - Victim node is 6718.
2024-02-01 08:30:10,148 - tensor([1136, 5526, 7967], device='cuda:0')
2024-02-01 08:30:10,149 - Classification Succeeds.
2024-02-01 08:30:10,149 - Link Generation Succeeds.
2024-02-01 08:30:40,005 - Victim node is 3785.
2024-02-01 08:30:40,005 - tensor([ 593, 2198, 2239], device='cuda:0')
2024-02-01 08:30:40,005 - Classification Succeeds.
2024-02-01 08:30:40,005 - Link Generation Fails.
2024-02-01 08:31:11,375 - Victim node is 1069.
2024-02-01 08:31:11,376 - tensor([ 593, 2198, 2239], device='cuda:0')
2024-02-01 08:31:11,376 - Classification Succeeds.
2024-02-01 08:31:11,376 - Link Generation Fails.
2024-02-01 08:31:43,062 - Victim node is 2440.
2024-02-01 08:31:43,062 - tensor([ 593, 2198, 2239], device='cuda:0')
2024-02-01 08:31:43,062 - Classification Succeeds.
2024-02-01 08:31:43,062 - Link Generation Fails.
2024-02-01 08:32:12,700 - Victim node is 1770.
2024-02-01 08:32:12,700 - tensor([1759, 3383, 7460], device='cuda:0')
2024-02-01 08:32:12,701 - Classification Succeeds.
2024-02-01 08:32:12,701 - Link Generation Fails.
2024-02-01 08:32:41,897 - Victim node is 6637.
2024-02-01 08:32:41,897 - tensor([3383, 6499, 7362], device='cuda:0')
2024-02-01 08:32:41,897 - Classification Fails.
2024-02-01 08:32:41,898 - Link Generation Fails.
2024-02-01 08:33:59,062 - Victim node is 3339.
2024-02-01 08:33:59,063 - tensor([ 593, 2239, 8363], device='cuda:0')
2024-02-01 08:33:59,063 - Classification Succeeds.
2024-02-01 08:33:59,063 - Link Generation Succeeds.
2024-02-01 08:35:49,090 - Victim node is 5505.
2024-02-01 08:35:49,090 - tensor([ 593, 8334, 8348], device='cuda:0')
2024-02-01 08:35:49,090 - Classification Succeeds.
2024-02-01 08:35:49,090 - Link Generation Succeeds.
2024-02-01 08:36:19,233 - Victim node is 5860.
2024-02-01 08:36:19,233 - tensor([1136, 1155, 6359], device='cuda:0')
2024-02-01 08:36:19,233 - Classification Succeeds.
2024-02-01 08:36:19,233 - Link Generation Fails.
2024-02-01 08:36:50,826 - Victim node is 445.
2024-02-01 08:36:50,826 - tensor([ 593, 7934, 8628], device='cuda:0')
2024-02-01 08:36:50,827 - Classification Succeeds.
2024-02-01 08:36:50,827 - Link Generation Succeeds.
2024-02-01 08:37:23,430 - Victim node is 2488.
2024-02-01 08:37:23,430 - tensor([ 593, 2198, 2239], device='cuda:0')
2024-02-01 08:37:23,430 - Classification Succeeds.
2024-02-01 08:37:23,430 - Link Generation Fails.
2024-02-01 08:37:56,204 - Victim node is 2954.
2024-02-01 08:37:56,204 - tensor([7723, 7792, 7797], device='cuda:0')
2024-02-01 08:37:56,204 - Classification Fails.
2024-02-01 08:37:56,204 - Link Generation Succeeds.
2024-02-01 08:38:26,152 - Victim node is 1848.
2024-02-01 08:38:26,152 - tensor([  16, 6190, 6662], device='cuda:0')
2024-02-01 08:38:26,152 - Classification Succeeds.
2024-02-01 08:38:26,152 - Link Generation Fails.
2024-02-01 08:38:56,116 - Victim node is 6363.
2024-02-01 08:38:56,116 - tensor([4663, 6130, 7620], device='cuda:0')
2024-02-01 08:38:56,116 - Classification Succeeds.
2024-02-01 08:38:56,116 - Link Generation Fails.
2024-02-01 08:39:25,484 - Victim node is 1745.
2024-02-01 08:39:25,484 - tensor([ 593, 2198, 2239], device='cuda:0')
2024-02-01 08:39:25,484 - Classification Succeeds.
2024-02-01 08:39:25,484 - Link Generation Fails.
2024-02-01 08:39:54,800 - Victim node is 4403.
2024-02-01 08:39:54,800 - tensor([6130, 6662, 7620], device='cuda:0')
2024-02-01 08:39:54,800 - Classification Succeeds.
2024-02-01 08:39:54,802 - Link Generation Fails.
2024-02-01 08:40:24,916 - Victim node is 1151.
2024-02-01 08:40:24,916 - tensor([6130, 6279, 7620], device='cuda:0')
2024-02-01 08:40:24,917 - Classification Succeeds.
2024-02-01 08:40:24,917 - Link Generation Fails.
2024-02-01 08:40:56,714 - Victim node is 4650.
2024-02-01 08:40:56,714 - tensor([2198, 7839, 8346], device='cuda:0')
2024-02-01 08:40:56,714 - Classification Succeeds.
2024-02-01 08:40:56,714 - Link Generation Succeeds.
2024-02-01 08:41:28,768 - Victim node is 3429.
2024-02-01 08:41:28,768 - tensor([6279, 8264, 8270], device='cuda:0')
2024-02-01 08:41:28,769 - Classification Succeeds.
2024-02-01 08:41:28,769 - Link Generation Succeeds.
2024-02-01 08:41:58,635 - Victim node is 4460.
2024-02-01 08:41:58,635 - tensor([4808, 6433, 7654], device='cuda:0')
2024-02-01 08:41:58,636 - Classification Succeeds.
2024-02-01 08:41:58,636 - Link Generation Succeeds.
2024-02-01 08:43:12,726 - Victim node is 5982.
2024-02-01 08:43:12,726 - tensor([2239, 8266, 9009], device='cuda:0')
2024-02-01 08:43:12,726 - Classification Succeeds.
2024-02-01 08:43:12,726 - Link Generation Succeeds.
2024-02-01 08:43:44,925 - Victim node is 114.
2024-02-01 08:43:44,925 - tensor([ 593, 2198, 8465], device='cuda:0')
2024-02-01 08:43:44,925 - Classification Succeeds.
2024-02-01 08:43:44,926 - Link Generation Succeeds.
2024-02-01 08:44:14,996 - Victim node is 2895.
2024-02-01 08:44:14,997 - tensor([ 593, 2198, 2239], device='cuda:0')
2024-02-01 08:44:14,997 - Classification Succeeds.
2024-02-01 08:44:14,997 - Link Generation Fails.
2024-02-01 08:44:45,050 - Victim node is 3536.
2024-02-01 08:44:45,050 - tensor([1600, 5449, 7620], device='cuda:0')
2024-02-01 08:44:45,050 - Classification Succeeds.
2024-02-01 08:44:45,050 - Link Generation Fails.
2024-02-01 08:45:17,091 - Victim node is 4869.
2024-02-01 08:45:17,091 - tensor([2198, 7743, 7873], device='cuda:0')
2024-02-01 08:45:17,092 - Classification Fails.
2024-02-01 08:45:17,092 - Link Generation Succeeds.
2024-02-01 08:45:46,661 - Victim node is 5270.
2024-02-01 08:45:46,661 - tensor([1600, 6130, 7620], device='cuda:0')
2024-02-01 08:45:46,662 - Classification Succeeds.
2024-02-01 08:45:46,662 - Link Generation Fails.
2024-02-01 08:46:16,477 - Victim node is 7031.
2024-02-01 08:46:16,477 - tensor([5449, 6279, 7620], device='cuda:0')
2024-02-01 08:46:16,478 - Classification Succeeds.
2024-02-01 08:46:16,478 - Link Generation Fails.
2024-02-01 08:46:45,670 - Victim node is 938.
2024-02-01 08:46:45,670 - tensor([ 593, 7668, 7729], device='cuda:0')
2024-02-01 08:46:45,670 - Classification Succeeds.
2024-02-01 08:46:45,671 - Link Generation Succeeds.
2024-02-01 08:48:00,242 - Victim node is 283.
2024-02-01 08:48:00,242 - tensor([7839, 8359, 8374], device='cuda:0')
2024-02-01 08:48:00,243 - Classification Fails.
2024-02-01 08:48:00,243 - Link Generation Succeeds.
2024-02-01 08:48:30,426 - Victim node is 5440.
2024-02-01 08:48:30,426 - tensor([4646, 6433, 7620], device='cuda:0')
2024-02-01 08:48:30,426 - Classification Succeeds.
2024-02-01 08:48:30,427 - Link Generation Fails.
2024-02-01 08:49:42,377 - Victim node is 353.
2024-02-01 08:49:42,377 - tensor([2239, 7969, 8753], device='cuda:0')
2024-02-01 08:49:42,378 - Classification Succeeds.
2024-02-01 08:49:42,378 - Link Generation Succeeds.
2024-02-01 08:50:12,805 - Victim node is 3044.
2024-02-01 08:50:12,805 - tensor([3383, 7668, 7689], device='cuda:0')
2024-02-01 08:50:12,806 - Classification Succeeds.
2024-02-01 08:50:12,806 - Link Generation Succeeds.
2024-02-01 08:50:43,128 - Victim node is 2135.
2024-02-01 08:50:43,128 - tensor([1759, 2260, 4666], device='cuda:0')
2024-02-01 08:50:43,129 - Classification Succeeds.
2024-02-01 08:50:43,129 - Link Generation Fails.
2024-02-01 08:51:13,055 - Victim node is 4655.
2024-02-01 08:51:13,055 - tensor([2144, 6190, 7542], device='cuda:0')
2024-02-01 08:51:13,055 - Classification Succeeds.
2024-02-01 08:51:13,055 - Link Generation Fails.
2024-02-01 08:51:42,053 - Victim node is 4418.
2024-02-01 08:51:42,053 - tensor([1600, 6130, 7620], device='cuda:0')
2024-02-01 08:51:42,053 - Classification Succeeds.
2024-02-01 08:51:42,053 - Link Generation Fails.
2024-02-01 08:52:11,816 - Victim node is 2176.
2024-02-01 08:52:11,816 - tensor([ 424, 3383, 6190], device='cuda:0')
2024-02-01 08:52:11,817 - Classification Succeeds.
2024-02-01 08:52:11,817 - Link Generation Fails.
2024-02-01 08:52:42,132 - Victim node is 1147.
2024-02-01 08:52:42,133 - tensor([ 593, 2198, 2239], device='cuda:0')
2024-02-01 08:52:42,133 - Classification Succeeds.
2024-02-01 08:52:42,133 - Link Generation Fails.
2024-02-01 08:53:12,001 - Victim node is 5122.
2024-02-01 08:53:12,001 - tensor([1759, 2260, 6433], device='cuda:0')
2024-02-01 08:53:12,001 - Classification Succeeds.
2024-02-01 08:53:12,001 - Link Generation Fails.
2024-02-01 08:53:41,921 - Victim node is 1672.
2024-02-01 08:53:41,921 - tensor([1599, 6662, 7620], device='cuda:0')
2024-02-01 08:53:41,922 - Classification Succeeds.
2024-02-01 08:53:41,922 - Link Generation Fails.
2024-02-01 08:54:14,425 - Victim node is 7553.
2024-02-01 08:54:14,425 - tensor([2198, 7777, 8601], device='cuda:0')
2024-02-01 08:54:14,426 - Classification Succeeds.
2024-02-01 08:54:14,426 - Link Generation Succeeds.
2024-02-01 08:54:45,157 - Victim node is 5738.
2024-02-01 08:54:45,157 - tensor([1155, 6190, 7542], device='cuda:0')
2024-02-01 08:54:45,157 - Classification Succeeds.
2024-02-01 08:54:45,157 - Link Generation Fails.
2024-02-01 08:55:15,259 - Victim node is 609.
2024-02-01 08:55:15,259 - tensor([1374, 1759, 7620], device='cuda:0')
2024-02-01 08:55:15,259 - Classification Succeeds.
2024-02-01 08:55:15,259 - Link Generation Fails.
2024-02-01 08:56:32,593 - Victim node is 2332.
2024-02-01 08:56:32,594 - tensor([ 593, 8344, 8359], device='cuda:0')
2024-02-01 08:56:32,594 - Classification Succeeds.
2024-02-01 08:56:32,594 - Link Generation Succeeds.
2024-02-01 08:57:02,539 - Victim node is 1704.
2024-02-01 08:57:02,539 - tensor([3383, 7362, 7620], device='cuda:0')
2024-02-01 08:57:02,539 - Classification Succeeds.
2024-02-01 08:57:02,540 - Link Generation Fails.
2024-02-01 08:57:32,592 - Victim node is 5779.
2024-02-01 08:57:32,592 - tensor([ 593, 6702, 7058], device='cuda:0')
2024-02-01 08:57:32,592 - Classification Succeeds.
2024-02-01 08:57:32,592 - Link Generation Fails.
2024-02-01 08:58:47,376 - Victim node is 6582.
2024-02-01 08:58:47,376 - tensor([7833, 8289, 8301], device='cuda:0')
2024-02-01 08:58:47,376 - Classification Succeeds.
2024-02-01 08:58:47,376 - Link Generation Succeeds.
2024-02-01 08:59:38,600 - Victim node is 6106.
2024-02-01 08:59:38,600 - tensor([6130, 7460, 7620], device='cuda:0')
2024-02-01 08:59:38,602 - Classification Succeeds.
2024-02-01 08:59:38,602 - Link Generation Fails.
2024-02-01 09:00:08,725 - Victim node is 7389.
2024-02-01 09:00:08,725 - tensor([ 526, 2863, 3578], device='cuda:0')
2024-02-01 09:00:08,725 - Classification Succeeds.
2024-02-01 09:00:08,726 - Link Generation Fails.
2024-02-01 09:00:39,998 - Victim node is 7569.
2024-02-01 09:00:39,998 - tensor([ 593, 2198, 2239], device='cuda:0')
2024-02-01 09:00:39,998 - Classification Succeeds.
2024-02-01 09:00:39,998 - Link Generation Fails.
2024-02-01 09:01:09,558 - Victim node is 5060.
2024-02-01 09:01:09,558 - tensor([2923, 3383, 6499], device='cuda:0')
2024-02-01 09:01:09,558 - Classification Succeeds.
2024-02-01 09:01:09,558 - Link Generation Fails.
2024-02-01 09:01:38,899 - Victim node is 2899.
2024-02-01 09:01:38,900 - tensor([1759, 4960, 7542], device='cuda:0')
2024-02-01 09:01:38,900 - Classification Succeeds.
2024-02-01 09:01:38,900 - Link Generation Fails.
2024-02-01 09:04:28,327 - Victim node is 766.
2024-02-01 09:04:28,327 - tensor([ 593, 2239, 4376], device='cuda:0')
2024-02-01 09:04:28,328 - Classification Succeeds.
2024-02-01 09:04:28,328 - Link Generation Fails.
2024-02-01 09:04:57,402 - Victim node is 1006.
2024-02-01 09:04:57,402 - tensor([ 593, 2198, 6702], device='cuda:0')
2024-02-01 09:04:57,402 - Classification Succeeds.
2024-02-01 09:04:57,402 - Link Generation Fails.
2024-02-01 09:05:28,925 - Victim node is 6611.
2024-02-01 09:05:28,925 - tensor([2198, 7704, 7763], device='cuda:0')
2024-02-01 09:05:28,925 - Classification Succeeds.
2024-02-01 09:05:28,925 - Link Generation Succeeds.
2024-02-01 09:06:00,518 - Victim node is 1112.
2024-02-01 09:06:00,518 - tensor([ 593, 2198, 6702], device='cuda:0')
2024-02-01 09:06:00,518 - Classification Succeeds.
2024-02-01 09:06:00,518 - Link Generation Fails.
2024-02-01 09:06:29,642 - Victim node is 1473.
2024-02-01 09:06:29,642 - tensor([ 593, 2198, 2239], device='cuda:0')
2024-02-01 09:06:29,642 - Classification Succeeds.
2024-02-01 09:06:29,643 - Link Generation Fails.
2024-02-01 09:06:59,430 - Victim node is 5834.
2024-02-01 09:06:59,431 - tensor([  16, 6190, 7542], device='cuda:0')
2024-02-01 09:06:59,431 - Classification Succeeds.
2024-02-01 09:06:59,431 - Link Generation Fails.
2024-02-01 09:07:29,115 - Victim node is 5896.
2024-02-01 09:07:29,115 - tensor([4646, 6433, 7620], device='cuda:0')
2024-02-01 09:07:29,115 - Classification Succeeds.
2024-02-01 09:07:29,115 - Link Generation Fails.
2024-02-01 09:07:58,614 - Victim node is 5025.
2024-02-01 09:07:58,614 - tensor([7695, 7773, 7834], device='cuda:0')
2024-02-01 09:07:58,614 - Classification Succeeds.
2024-02-01 09:07:58,614 - Link Generation Succeeds.
2024-02-01 09:08:27,974 - Victim node is 5394.
2024-02-01 09:08:27,975 - tensor([1136, 5526, 7620], device='cuda:0')
2024-02-01 09:08:27,975 - Classification Succeeds.
2024-02-01 09:08:27,975 - Link Generation Fails.
2024-02-01 09:08:57,128 - Victim node is 2994.
2024-02-01 09:08:57,128 - tensor([3383, 6279, 7620], device='cuda:0')
2024-02-01 09:08:57,128 - Classification Succeeds.
2024-02-01 09:08:57,128 - Link Generation Fails.
2024-02-01 09:09:26,168 - Victim node is 3055.
2024-02-01 09:09:26,168 - tensor([ 593, 2198, 2239], device='cuda:0')
2024-02-01 09:09:26,168 - Classification Fails.
2024-02-01 09:09:26,168 - Link Generation Fails.
2024-02-01 09:09:55,639 - Victim node is 6934.
2024-02-01 09:09:55,640 - tensor([6130, 6662, 7620], device='cuda:0')
2024-02-01 09:09:55,640 - Classification Succeeds.
2024-02-01 09:09:55,640 - Link Generation Fails.
2024-02-01 09:09:55,641 - Misclassification Rate: 0.1410
2024-02-01 09:09:55,641 - Link Generation Rate: 0.3980
