2024-02-02 00:09:24,588 - Victim node is 129.
2024-02-02 00:09:24,588 - tensor([19717, 19718, 19719], device='cuda:0')
2024-02-02 00:09:24,588 - Classification Succeeds.
2024-02-02 00:09:24,588 - Link Generation Succeeds.
2024-02-02 00:20:50,861 - Victim node is 13498.
2024-02-02 00:20:50,862 - tensor([19718, 19720, 19721], device='cuda:0')
2024-02-02 00:20:50,862 - Classification Fails.
2024-02-02 00:20:50,862 - Link Generation Succeeds.
2024-02-02 00:32:14,666 - Victim node is 11082.
2024-02-02 00:32:14,666 - tensor([ 1205,  5440, 13940], device='cuda:0')
2024-02-02 00:32:14,667 - Classification Succeeds.
2024-02-02 00:32:14,667 - Link Generation Fails.
2024-02-02 00:43:43,777 - Victim node is 12083.
2024-02-02 00:43:43,777 - tensor([ 3800,  6209, 15841], device='cuda:0')
2024-02-02 00:43:43,778 - Classification Fails.
2024-02-02 00:43:43,778 - Link Generation Fails.
2024-02-02 00:55:11,159 - Victim node is 15400.
2024-02-02 00:55:11,159 - tensor([ 1205, 13940, 19719], device='cuda:0')
2024-02-02 00:55:11,160 - Classification Fails.
2024-02-02 00:55:11,160 - Link Generation Succeeds.
2024-02-02 01:06:39,624 - Victim node is 12839.
2024-02-02 01:06:39,625 - tensor([ 5375, 14893, 15841], device='cuda:0')
2024-02-02 01:06:39,625 - Classification Succeeds.
2024-02-02 01:06:39,625 - Link Generation Fails.
2024-02-02 01:18:07,602 - Victim node is 15222.
2024-02-02 01:18:07,602 - tensor([19717, 19719, 19720], device='cuda:0')
2024-02-02 01:18:07,602 - Classification Fails.
2024-02-02 01:18:07,602 - Link Generation Succeeds.
2024-02-02 01:29:33,474 - Victim node is 9082.
2024-02-02 01:29:33,474 - tensor([19717, 19718, 19721], device='cuda:0')
2024-02-02 01:29:33,475 - Classification Fails.
2024-02-02 01:29:33,475 - Link Generation Succeeds.
2024-02-02 01:41:01,611 - Victim node is 18542.
2024-02-02 01:41:01,611 - tensor([ 1205,  1920, 13940], device='cuda:0')
2024-02-02 01:41:01,611 - Classification Fails.
2024-02-02 01:41:01,611 - Link Generation Fails.
2024-02-02 01:52:24,317 - Victim node is 3835.
2024-02-02 01:52:24,317 - tensor([19718, 19719, 19720], device='cuda:0')
2024-02-02 01:52:24,317 - Classification Fails.
2024-02-02 01:52:24,317 - Link Generation Succeeds.
2024-02-02 02:03:55,810 - Victim node is 8428.
2024-02-02 02:03:55,810 - tensor([19717, 19718, 19719], device='cuda:0')
2024-02-02 02:03:55,810 - Classification Fails.
2024-02-02 02:03:55,810 - Link Generation Succeeds.
2024-02-02 02:15:19,522 - Victim node is 15973.
2024-02-02 02:15:19,522 - tensor([19717, 19718, 19719], device='cuda:0')
2024-02-02 02:15:19,522 - Classification Succeeds.
2024-02-02 02:15:19,522 - Link Generation Succeeds.
2024-02-02 02:26:44,754 - Victim node is 8755.
2024-02-02 02:26:44,754 - tensor([19717, 19718, 19719], device='cuda:0')
2024-02-02 02:26:44,754 - Classification Succeeds.
2024-02-02 02:26:44,754 - Link Generation Succeeds.
2024-02-02 02:38:13,315 - Victim node is 18994.
2024-02-02 02:38:13,315 - tensor([19717, 19719, 19720], device='cuda:0')
2024-02-02 02:38:13,315 - Classification Fails.
2024-02-02 02:38:13,315 - Link Generation Succeeds.
2024-02-02 02:49:41,251 - Victim node is 7783.
2024-02-02 02:49:41,251 - tensor([19717, 19718, 19719], device='cuda:0')
2024-02-02 02:49:41,251 - Classification Succeeds.
2024-02-02 02:49:41,251 - Link Generation Succeeds.
2024-02-02 03:01:09,798 - Victim node is 2186.
2024-02-02 03:01:09,798 - tensor([15841, 19718, 19721], device='cuda:0')
2024-02-02 03:01:09,798 - Classification Fails.
2024-02-02 03:01:09,798 - Link Generation Succeeds.
2024-02-02 03:12:37,931 - Victim node is 8066.
2024-02-02 03:12:37,931 - tensor([ 1205,  4546, 13940], device='cuda:0')
2024-02-02 03:12:37,931 - Classification Succeeds.
2024-02-02 03:12:37,931 - Link Generation Fails.
2024-02-02 03:24:12,167 - Victim node is 19682.
2024-02-02 03:24:12,167 - tensor([19717, 19718, 19719], device='cuda:0')
2024-02-02 03:24:12,168 - Classification Fails.
2024-02-02 03:24:12,168 - Link Generation Succeeds.
2024-02-02 03:35:49,342 - Victim node is 11285.
2024-02-02 03:35:49,342 - tensor([ 7056, 14044, 15841], device='cuda:0')
2024-02-02 03:35:49,343 - Classification Fails.
2024-02-02 03:35:49,343 - Link Generation Fails.
2024-02-02 03:47:16,791 - Victim node is 9344.
2024-02-02 03:47:16,791 - tensor([19717, 19718, 19719], device='cuda:0')
2024-02-02 03:47:16,791 - Classification Fails.
2024-02-02 03:47:16,792 - Link Generation Succeeds.
2024-02-02 03:58:43,407 - Victim node is 902.
2024-02-02 03:58:43,408 - tensor([19717, 19718, 19720], device='cuda:0')
2024-02-02 03:58:43,408 - Classification Fails.
2024-02-02 03:58:43,408 - Link Generation Succeeds.
2024-02-02 04:10:11,001 - Victim node is 10999.
2024-02-02 04:10:11,002 - tensor([19717, 19718, 19719], device='cuda:0')
2024-02-02 04:10:11,002 - Classification Fails.
2024-02-02 04:10:11,002 - Link Generation Succeeds.
2024-02-02 04:21:36,723 - Victim node is 4547.
2024-02-02 04:21:36,723 - tensor([ 1205,  2361, 12019], device='cuda:0')
2024-02-02 04:21:36,724 - Classification Fails.
2024-02-02 04:21:36,724 - Link Generation Fails.
2024-02-02 04:32:59,136 - Victim node is 14205.
2024-02-02 04:32:59,136 - tensor([19717, 19719, 19720], device='cuda:0')
2024-02-02 04:32:59,136 - Classification Fails.
2024-02-02 04:32:59,136 - Link Generation Succeeds.
2024-02-02 04:44:22,933 - Victim node is 5280.
2024-02-02 04:44:22,933 - tensor([19717, 19718, 19719], device='cuda:0')
2024-02-02 04:44:22,933 - Classification Fails.
2024-02-02 04:44:22,933 - Link Generation Succeeds.
2024-02-02 04:55:46,289 - Victim node is 4897.
2024-02-02 04:55:46,289 - tensor([19718, 19719, 19720], device='cuda:0')
2024-02-02 04:55:46,289 - Classification Fails.
2024-02-02 04:55:46,289 - Link Generation Succeeds.
2024-02-02 05:07:10,484 - Victim node is 11199.
2024-02-02 05:07:10,484 - tensor([19717, 19718, 19719], device='cuda:0')
2024-02-02 05:07:10,484 - Classification Fails.
2024-02-02 05:07:10,484 - Link Generation Succeeds.
2024-02-02 05:18:34,874 - Victim node is 2314.
2024-02-02 05:18:34,875 - tensor([ 7056, 14044, 15841], device='cuda:0')
2024-02-02 05:18:34,875 - Classification Fails.
2024-02-02 05:18:34,875 - Link Generation Fails.
2024-02-02 05:30:02,480 - Victim node is 3994.
2024-02-02 05:30:02,480 - tensor([19717, 19718, 19719], device='cuda:0')
2024-02-02 05:30:02,481 - Classification Fails.
2024-02-02 05:30:02,481 - Link Generation Succeeds.
2024-02-02 05:41:35,301 - Victim node is 8100.
2024-02-02 05:41:35,301 - tensor([19717, 19718, 19719], device='cuda:0')
2024-02-02 05:41:35,301 - Classification Fails.
2024-02-02 05:41:35,301 - Link Generation Succeeds.
2024-02-02 05:53:07,195 - Victim node is 18311.
2024-02-02 05:53:07,195 - tensor([19717, 19718, 19719], device='cuda:0')
2024-02-02 05:53:07,195 - Classification Succeeds.
2024-02-02 05:53:07,196 - Link Generation Succeeds.
2024-02-02 06:04:32,676 - Victim node is 8853.
2024-02-02 06:04:32,676 - tensor([19718, 19719, 19720], device='cuda:0')
2024-02-02 06:04:32,676 - Classification Succeeds.
2024-02-02 06:04:32,676 - Link Generation Succeeds.
2024-02-02 06:15:56,078 - Victim node is 10189.
2024-02-02 06:15:56,078 - tensor([19717, 19718, 19719], device='cuda:0')
2024-02-02 06:15:56,078 - Classification Fails.
2024-02-02 06:15:56,078 - Link Generation Succeeds.
2024-02-02 06:27:24,969 - Victim node is 6684.
2024-02-02 06:27:24,969 - tensor([19717, 19718, 19719], device='cuda:0')
2024-02-02 06:27:24,969 - Classification Fails.
2024-02-02 06:27:24,969 - Link Generation Succeeds.
2024-02-02 06:38:52,237 - Victim node is 10951.
2024-02-02 06:38:52,237 - tensor([19717, 19718, 19719], device='cuda:0')
2024-02-02 06:38:52,237 - Classification Fails.
2024-02-02 06:38:52,237 - Link Generation Succeeds.
2024-02-02 06:50:23,737 - Victim node is 12056.
2024-02-02 06:50:23,737 - tensor([ 1205,  1920, 13940], device='cuda:0')
2024-02-02 06:50:23,738 - Classification Succeeds.
2024-02-02 06:50:23,738 - Link Generation Fails.
2024-02-02 07:01:47,999 - Victim node is 8967.
2024-02-02 07:01:47,999 - tensor([19718, 19719, 19721], device='cuda:0')
2024-02-02 07:01:47,999 - Classification Fails.
2024-02-02 07:01:47,999 - Link Generation Succeeds.
2024-02-02 07:13:12,314 - Victim node is 16611.
2024-02-02 07:13:12,314 - tensor([19717, 19719, 19721], device='cuda:0')
2024-02-02 07:13:12,315 - Classification Fails.
2024-02-02 07:13:12,315 - Link Generation Succeeds.
2024-02-02 07:24:43,264 - Victim node is 5056.
2024-02-02 07:24:43,264 - tensor([ 1205,  1920, 13940], device='cuda:0')
2024-02-02 07:24:43,265 - Classification Succeeds.
2024-02-02 07:24:43,265 - Link Generation Fails.
2024-02-02 07:36:06,704 - Victim node is 8480.
2024-02-02 07:36:06,704 - tensor([15841, 19717, 19720], device='cuda:0')
2024-02-02 07:36:06,705 - Classification Fails.
2024-02-02 07:36:06,705 - Link Generation Succeeds.
2024-02-02 07:47:36,063 - Victim node is 8899.
2024-02-02 07:47:36,063 - tensor([ 1205, 19718, 19720], device='cuda:0')
2024-02-02 07:47:36,064 - Classification Fails.
2024-02-02 07:47:36,064 - Link Generation Succeeds.
2024-02-02 07:59:01,602 - Victim node is 137.
2024-02-02 07:59:01,602 - tensor([19717, 19718, 19719], device='cuda:0')
2024-02-02 07:59:01,603 - Classification Succeeds.
2024-02-02 07:59:01,603 - Link Generation Succeeds.
2024-02-02 08:10:36,006 - Victim node is 11394.
2024-02-02 08:10:36,006 - tensor([ 1205, 19720, 19721], device='cuda:0')
2024-02-02 08:10:36,007 - Classification Succeeds.
2024-02-02 08:10:36,007 - Link Generation Succeeds.
2024-02-02 08:21:59,838 - Victim node is 4287.
2024-02-02 08:21:59,838 - tensor([19718, 19720, 19721], device='cuda:0')
2024-02-02 08:21:59,839 - Classification Fails.
2024-02-02 08:21:59,839 - Link Generation Succeeds.
2024-02-02 08:33:31,258 - Victim node is 11630.
2024-02-02 08:33:31,258 - tensor([19717, 19719, 19720], device='cuda:0')
2024-02-02 08:33:31,258 - Classification Fails.
2024-02-02 08:33:31,258 - Link Generation Succeeds.
2024-02-02 08:44:57,263 - Victim node is 1987.
2024-02-02 08:44:57,263 - tensor([19717, 19718, 19719], device='cuda:0')
2024-02-02 08:44:57,263 - Classification Fails.
2024-02-02 08:44:57,264 - Link Generation Succeeds.
2024-02-02 08:56:28,157 - Victim node is 19097.
2024-02-02 08:56:28,157 - tensor([19717, 19719, 19720], device='cuda:0')
2024-02-02 08:56:28,157 - Classification Fails.
2024-02-02 08:56:28,157 - Link Generation Succeeds.
2024-02-02 09:07:55,855 - Victim node is 19635.
2024-02-02 09:07:55,855 - tensor([19718, 19720, 19721], device='cuda:0')
2024-02-02 09:07:55,855 - Classification Fails.
2024-02-02 09:07:55,855 - Link Generation Succeeds.
2024-02-02 09:19:28,972 - Victim node is 19061.
2024-02-02 09:19:28,972 - tensor([19717, 19718, 19720], device='cuda:0')
2024-02-02 09:19:28,972 - Classification Fails.
2024-02-02 09:19:28,972 - Link Generation Succeeds.
2024-02-02 09:30:55,092 - Victim node is 8462.
2024-02-02 09:30:55,092 - tensor([ 5375, 11024, 15841], device='cuda:0')
2024-02-02 09:30:55,092 - Classification Fails.
2024-02-02 09:30:55,092 - Link Generation Fails.
2024-02-02 09:42:17,342 - Victim node is 11473.
2024-02-02 09:42:17,342 - tensor([ 1920, 12019, 19720], device='cuda:0')
2024-02-02 09:42:17,342 - Classification Fails.
2024-02-02 09:42:17,342 - Link Generation Succeeds.
2024-02-02 09:53:41,624 - Victim node is 8411.
2024-02-02 09:53:41,624 - tensor([19717, 19718, 19719], device='cuda:0')
2024-02-02 09:53:41,624 - Classification Fails.
2024-02-02 09:53:41,624 - Link Generation Succeeds.
2024-02-02 10:05:09,449 - Victim node is 14670.
2024-02-02 10:05:09,450 - tensor([19717, 19718, 19721], device='cuda:0')
2024-02-02 10:05:09,450 - Classification Fails.
2024-02-02 10:05:09,450 - Link Generation Succeeds.
2024-02-02 10:16:36,002 - Victim node is 3045.
2024-02-02 10:16:36,002 - tensor([19717, 19718, 19719], device='cuda:0')
2024-02-02 10:16:36,003 - Classification Succeeds.
2024-02-02 10:16:36,003 - Link Generation Succeeds.
2024-02-02 10:28:02,627 - Victim node is 3608.
2024-02-02 10:28:02,627 - tensor([19718, 19719, 19720], device='cuda:0')
2024-02-02 10:28:02,627 - Classification Fails.
2024-02-02 10:28:02,627 - Link Generation Succeeds.
2024-02-02 10:39:39,613 - Victim node is 15829.
2024-02-02 10:39:39,613 - tensor([19717, 19718, 19721], device='cuda:0')
2024-02-02 10:39:39,613 - Classification Fails.
2024-02-02 10:39:39,613 - Link Generation Succeeds.
2024-02-02 10:51:05,059 - Victim node is 9764.
2024-02-02 10:51:05,059 - tensor([19717, 19718, 19719], device='cuda:0')
2024-02-02 10:51:05,059 - Classification Fails.
2024-02-02 10:51:05,060 - Link Generation Succeeds.
2024-02-02 11:02:34,853 - Victim node is 16570.
2024-02-02 11:02:34,853 - tensor([19717, 19718, 19719], device='cuda:0')
2024-02-02 11:02:34,853 - Classification Fails.
2024-02-02 11:02:34,853 - Link Generation Succeeds.
2024-02-02 11:14:02,017 - Victim node is 9899.
2024-02-02 11:14:02,017 - tensor([19717, 19719, 19720], device='cuda:0')
2024-02-02 11:14:02,018 - Classification Fails.
2024-02-02 11:14:02,018 - Link Generation Succeeds.
2024-02-02 11:25:32,335 - Victim node is 5816.
2024-02-02 11:25:32,335 - tensor([19719, 19720, 19721], device='cuda:0')
2024-02-02 11:25:32,335 - Classification Fails.
2024-02-02 11:25:32,335 - Link Generation Succeeds.
2024-02-02 11:37:07,691 - Victim node is 6935.
2024-02-02 11:37:07,691 - tensor([ 1920,  2361, 12019], device='cuda:0')
2024-02-02 11:37:07,691 - Classification Succeeds.
2024-02-02 11:37:07,691 - Link Generation Fails.
2024-02-02 11:48:34,080 - Victim node is 14359.
2024-02-02 11:48:34,080 - tensor([19717, 19718, 19720], device='cuda:0')
2024-02-02 11:48:34,080 - Classification Fails.
2024-02-02 11:48:34,080 - Link Generation Succeeds.
2024-02-02 12:00:03,352 - Victim node is 16414.
2024-02-02 12:00:03,352 - tensor([19717, 19719, 19721], device='cuda:0')
2024-02-02 12:00:03,353 - Classification Fails.
2024-02-02 12:00:03,353 - Link Generation Succeeds.
2024-02-02 12:11:25,392 - Victim node is 3661.
2024-02-02 12:11:25,392 - tensor([19717, 19718, 19719], device='cuda:0')
2024-02-02 12:11:25,393 - Classification Fails.
2024-02-02 12:11:25,393 - Link Generation Succeeds.
2024-02-02 12:22:52,251 - Victim node is 8064.
2024-02-02 12:22:52,251 - tensor([ 1920,  8626, 12019], device='cuda:0')
2024-02-02 12:22:52,251 - Classification Fails.
2024-02-02 12:22:52,251 - Link Generation Fails.
2024-02-02 12:34:16,143 - Victim node is 13936.
2024-02-02 12:34:16,143 - tensor([19717, 19718, 19719], device='cuda:0')
2024-02-02 12:34:16,143 - Classification Fails.
2024-02-02 12:34:16,143 - Link Generation Succeeds.
2024-02-02 12:45:44,838 - Victim node is 13549.
2024-02-02 12:45:44,838 - tensor([19717, 19720, 19721], device='cuda:0')
2024-02-02 12:45:44,838 - Classification Succeeds.
2024-02-02 12:45:44,838 - Link Generation Succeeds.
2024-02-02 12:57:18,246 - Victim node is 13196.
2024-02-02 12:57:18,246 - tensor([19717, 19718, 19719], device='cuda:0')
2024-02-02 12:57:18,246 - Classification Fails.
2024-02-02 12:57:18,246 - Link Generation Succeeds.
2024-02-02 13:08:45,301 - Victim node is 6839.
2024-02-02 13:08:45,302 - tensor([ 1205,  1920, 13940], device='cuda:0')
2024-02-02 13:08:45,302 - Classification Fails.
2024-02-02 13:08:45,302 - Link Generation Fails.
2024-02-02 13:20:08,326 - Victim node is 8796.
2024-02-02 13:20:08,327 - tensor([19718, 19720, 19721], device='cuda:0')
2024-02-02 13:20:08,327 - Classification Fails.
2024-02-02 13:20:08,327 - Link Generation Succeeds.
2024-02-02 13:31:33,049 - Victim node is 2609.
2024-02-02 13:31:33,049 - tensor([19719, 19720, 19721], device='cuda:0')
2024-02-02 13:31:33,050 - Classification Fails.
2024-02-02 13:31:33,050 - Link Generation Succeeds.
2024-02-02 13:42:59,436 - Victim node is 18946.
2024-02-02 13:42:59,436 - tensor([ 1205, 12019, 19720], device='cuda:0')
2024-02-02 13:42:59,436 - Classification Fails.
2024-02-02 13:42:59,436 - Link Generation Succeeds.
2024-02-02 13:54:33,595 - Victim node is 693.
2024-02-02 13:54:33,595 - tensor([19717, 19718, 19719], device='cuda:0')
2024-02-02 13:54:33,596 - Classification Fails.
2024-02-02 13:54:33,596 - Link Generation Succeeds.
2024-02-02 14:05:58,944 - Victim node is 16708.
2024-02-02 14:05:58,945 - tensor([ 1205, 13940, 19717], device='cuda:0')
2024-02-02 14:05:58,945 - Classification Fails.
2024-02-02 14:05:58,945 - Link Generation Succeeds.
2024-02-02 14:17:28,718 - Victim node is 13521.
2024-02-02 14:17:28,718 - tensor([19717, 19718, 19719], device='cuda:0')
2024-02-02 14:17:28,718 - Classification Fails.
2024-02-02 14:17:28,718 - Link Generation Succeeds.
2024-02-02 14:28:53,930 - Victim node is 16071.
2024-02-02 14:28:53,931 - tensor([19717, 19719, 19721], device='cuda:0')
2024-02-02 14:28:53,931 - Classification Fails.
2024-02-02 14:28:53,931 - Link Generation Succeeds.
2024-02-02 14:40:18,969 - Victim node is 18300.
2024-02-02 14:40:18,969 - tensor([19717, 19718, 19719], device='cuda:0')
2024-02-02 14:40:18,970 - Classification Fails.
2024-02-02 14:40:18,970 - Link Generation Succeeds.
2024-02-02 14:51:42,717 - Victim node is 18416.
2024-02-02 14:51:42,717 - tensor([ 1205,  1920, 13940], device='cuda:0')
2024-02-02 14:51:42,717 - Classification Succeeds.
2024-02-02 14:51:42,717 - Link Generation Fails.
2024-02-02 15:03:17,680 - Victim node is 4169.
2024-02-02 15:03:17,680 - tensor([19717, 19718, 19721], device='cuda:0')
2024-02-02 15:03:17,680 - Classification Fails.
2024-02-02 15:03:17,681 - Link Generation Succeeds.
2024-02-02 15:14:42,847 - Victim node is 13801.
2024-02-02 15:14:42,847 - tensor([19717, 19719, 19720], device='cuda:0')
2024-02-02 15:14:42,847 - Classification Fails.
2024-02-02 15:14:42,847 - Link Generation Succeeds.
2024-02-02 15:26:12,131 - Victim node is 17074.
2024-02-02 15:26:12,131 - tensor([ 6209, 15841, 18731], device='cuda:0')
2024-02-02 15:26:12,131 - Classification Fails.
2024-02-02 15:26:12,131 - Link Generation Fails.
2024-02-02 15:37:37,284 - Victim node is 14431.
2024-02-02 15:37:37,284 - tensor([19717, 19718, 19720], device='cuda:0')
2024-02-02 15:37:37,284 - Classification Fails.
2024-02-02 15:37:37,284 - Link Generation Succeeds.
2024-02-02 15:49:02,688 - Victim node is 10978.
2024-02-02 15:49:02,688 - tensor([19717, 19718, 19719], device='cuda:0')
2024-02-02 15:49:02,688 - Classification Fails.
2024-02-02 15:49:02,688 - Link Generation Succeeds.
2024-02-02 16:00:27,047 - Victim node is 11455.
2024-02-02 16:00:27,047 - tensor([19717, 19720, 19721], device='cuda:0')
2024-02-02 16:00:27,047 - Classification Fails.
2024-02-02 16:00:27,047 - Link Generation Succeeds.
2024-02-02 16:11:50,637 - Victim node is 12613.
2024-02-02 16:11:50,637 - tensor([19717, 19718, 19719], device='cuda:0')
2024-02-02 16:11:50,638 - Classification Fails.
2024-02-02 16:11:50,638 - Link Generation Succeeds.
2024-02-02 16:23:13,762 - Victim node is 16966.
2024-02-02 16:23:13,762 - tensor([ 1205,  1920, 13940], device='cuda:0')
2024-02-02 16:23:13,762 - Classification Fails.
2024-02-02 16:23:13,762 - Link Generation Fails.
2024-02-02 16:34:39,651 - Victim node is 3077.
2024-02-02 16:34:39,651 - tensor([19717, 19718, 19719], device='cuda:0')
2024-02-02 16:34:39,652 - Classification Succeeds.
2024-02-02 16:34:39,652 - Link Generation Succeeds.
2024-02-02 16:46:05,484 - Victim node is 1238.
2024-02-02 16:46:05,484 - tensor([ 1205, 19717, 19719], device='cuda:0')
2024-02-02 16:46:05,485 - Classification Fails.
2024-02-02 16:46:05,485 - Link Generation Succeeds.
2024-02-02 16:57:29,504 - Victim node is 15827.
2024-02-02 16:57:29,505 - tensor([19717, 19718, 19719], device='cuda:0')
2024-02-02 16:57:29,505 - Classification Fails.
2024-02-02 16:57:29,505 - Link Generation Succeeds.
2024-02-02 17:08:57,059 - Victim node is 18229.
2024-02-02 17:08:57,059 - tensor([12019, 19719, 19720], device='cuda:0')
2024-02-02 17:08:57,059 - Classification Fails.
2024-02-02 17:08:57,059 - Link Generation Succeeds.
2024-02-02 17:20:23,739 - Victim node is 3877.
2024-02-02 17:20:23,739 - tensor([19718, 19719, 19721], device='cuda:0')
2024-02-02 17:20:23,739 - Classification Fails.
2024-02-02 17:20:23,739 - Link Generation Succeeds.
2024-02-02 17:31:47,492 - Victim node is 10492.
2024-02-02 17:31:47,492 - tensor([19717, 19718, 19719], device='cuda:0')
2024-02-02 17:31:47,493 - Classification Succeeds.
2024-02-02 17:31:47,493 - Link Generation Succeeds.
2024-02-02 17:43:09,849 - Victim node is 6463.
2024-02-02 17:43:09,849 - tensor([ 1205, 13940, 19720], device='cuda:0')
2024-02-02 17:43:09,850 - Classification Fails.
2024-02-02 17:43:09,850 - Link Generation Succeeds.
2024-02-02 17:54:34,488 - Victim node is 3298.
2024-02-02 17:54:34,488 - tensor([19717, 19718, 19719], device='cuda:0')
2024-02-02 17:54:34,488 - Classification Fails.
2024-02-02 17:54:34,488 - Link Generation Succeeds.
2024-02-02 18:05:57,671 - Victim node is 14489.
2024-02-02 18:05:57,671 - tensor([19717, 19718, 19720], device='cuda:0')
2024-02-02 18:05:57,671 - Classification Fails.
2024-02-02 18:05:57,671 - Link Generation Succeeds.
2024-02-02 18:17:26,022 - Victim node is 8718.
2024-02-02 18:17:26,022 - tensor([19717, 19718, 19719], device='cuda:0')
2024-02-02 18:17:26,022 - Classification Fails.
2024-02-02 18:17:26,022 - Link Generation Succeeds.
2024-02-02 18:28:50,904 - Victim node is 8198.
2024-02-02 18:28:50,904 - tensor([ 1205, 19717, 19720], device='cuda:0')
2024-02-02 18:28:50,905 - Classification Fails.
2024-02-02 18:28:50,905 - Link Generation Succeeds.
2024-02-02 18:40:18,382 - Victim node is 10661.
2024-02-02 18:40:18,382 - tensor([19717, 19720, 19721], device='cuda:0')
2024-02-02 18:40:18,382 - Classification Fails.
2024-02-02 18:40:18,382 - Link Generation Succeeds.
2024-02-02 18:51:43,866 - Victim node is 8242.
2024-02-02 18:51:43,866 - tensor([19717, 19719, 19720], device='cuda:0')
2024-02-02 18:51:43,866 - Classification Fails.
2024-02-02 18:51:43,866 - Link Generation Succeeds.
2024-02-02 19:03:07,696 - Victim node is 17093.
2024-02-02 19:03:07,696 - tensor([19719, 19720, 19721], device='cuda:0')
2024-02-02 19:03:07,697 - Classification Fails.
2024-02-02 19:03:07,697 - Link Generation Succeeds.
2024-02-02 19:14:33,702 - Victim node is 3983.
2024-02-02 19:14:33,702 - tensor([  903,  8626, 12019], device='cuda:0')
2024-02-02 19:14:33,702 - Classification Succeeds.
2024-02-02 19:14:33,703 - Link Generation Fails.
2024-02-02 19:25:59,926 - Victim node is 13432.
2024-02-02 19:25:59,926 - tensor([ 1205, 13940, 14742], device='cuda:0')
2024-02-02 19:25:59,927 - Classification Succeeds.
2024-02-02 19:25:59,927 - Link Generation Fails.
2024-02-02 19:37:25,529 - Victim node is 8291.
2024-02-02 19:37:25,529 - tensor([19719, 19720, 19721], device='cuda:0')
2024-02-02 19:37:25,529 - Classification Fails.
2024-02-02 19:37:25,529 - Link Generation Succeeds.
2024-02-02 19:48:53,109 - Victim node is 14527.
2024-02-02 19:48:53,109 - tensor([19717, 19718, 19719], device='cuda:0')
2024-02-02 19:48:53,109 - Classification Fails.
2024-02-02 19:48:53,109 - Link Generation Succeeds.
2024-02-02 20:00:20,210 - Victim node is 14416.
2024-02-02 20:00:20,210 - tensor([19717, 19720, 19721], device='cuda:0')
2024-02-02 20:00:20,210 - Classification Succeeds.
2024-02-02 20:00:20,210 - Link Generation Succeeds.
2024-02-02 20:11:43,153 - Victim node is 18071.
2024-02-02 20:11:43,153 - tensor([19717, 19719, 19720], device='cuda:0')
2024-02-02 20:11:43,153 - Classification Fails.
2024-02-02 20:11:43,154 - Link Generation Succeeds.
2024-02-02 20:23:16,011 - Victim node is 9379.
2024-02-02 20:23:16,011 - tensor([  903,  1920, 12019], device='cuda:0')
2024-02-02 20:23:16,012 - Classification Fails.
2024-02-02 20:23:16,012 - Link Generation Fails.
2024-02-02 20:34:39,701 - Victim node is 17417.
2024-02-02 20:34:39,701 - tensor([15841, 19717, 19721], device='cuda:0')
2024-02-02 20:34:39,701 - Classification Succeeds.
2024-02-02 20:34:39,701 - Link Generation Succeeds.
2024-02-02 20:46:12,882 - Victim node is 8715.
2024-02-02 20:46:12,882 - tensor([ 5375, 14893, 15841], device='cuda:0')
2024-02-02 20:46:12,883 - Classification Succeeds.
2024-02-02 20:46:12,883 - Link Generation Fails.
2024-02-02 20:57:37,650 - Victim node is 18283.
2024-02-02 20:57:37,650 - tensor([19718, 19719, 19720], device='cuda:0')
2024-02-02 20:57:37,650 - Classification Fails.
2024-02-02 20:57:37,650 - Link Generation Succeeds.
2024-02-02 21:09:01,100 - Victim node is 6293.
2024-02-02 21:09:01,100 - tensor([19717, 19719, 19720], device='cuda:0')
2024-02-02 21:09:01,100 - Classification Fails.
2024-02-02 21:09:01,100 - Link Generation Succeeds.
2024-02-02 21:20:33,467 - Victim node is 2988.
2024-02-02 21:20:33,467 - tensor([ 1205,  1920, 13940], device='cuda:0')
2024-02-02 21:20:33,467 - Classification Succeeds.
2024-02-02 21:20:33,468 - Link Generation Fails.
2024-02-02 21:31:58,664 - Victim node is 10603.
2024-02-02 21:31:58,664 - tensor([19718, 19720, 19721], device='cuda:0')
2024-02-02 21:31:58,664 - Classification Fails.
2024-02-02 21:31:58,664 - Link Generation Succeeds.
2024-02-02 21:43:28,070 - Victim node is 13525.
2024-02-02 21:43:28,070 - tensor([ 1205,  1920, 12019], device='cuda:0')
2024-02-02 21:43:28,070 - Classification Succeeds.
2024-02-02 21:43:28,070 - Link Generation Fails.
2024-02-02 21:54:52,662 - Victim node is 11451.
2024-02-02 21:54:52,662 - tensor([19717, 19719, 19720], device='cuda:0')
2024-02-02 21:54:52,662 - Classification Fails.
2024-02-02 21:54:52,663 - Link Generation Succeeds.
2024-02-02 22:06:21,849 - Victim node is 15863.
2024-02-02 22:06:21,849 - tensor([ 1920,  8626, 12019], device='cuda:0')
2024-02-02 22:06:21,850 - Classification Succeeds.
2024-02-02 22:06:21,850 - Link Generation Fails.
2024-02-02 22:17:46,916 - Victim node is 7872.
2024-02-02 22:17:46,916 - tensor([19717, 19718, 19719], device='cuda:0')
2024-02-02 22:17:46,916 - Classification Fails.
2024-02-02 22:17:46,916 - Link Generation Succeeds.
2024-02-02 22:29:12,421 - Victim node is 8836.
2024-02-02 22:29:12,421 - tensor([19718, 19719, 19721], device='cuda:0')
2024-02-02 22:29:12,421 - Classification Succeeds.
2024-02-02 22:29:12,421 - Link Generation Succeeds.
2024-02-02 22:40:39,107 - Victim node is 4301.
2024-02-02 22:40:39,107 - tensor([19717, 19718, 19719], device='cuda:0')
2024-02-02 22:40:39,108 - Classification Succeeds.
2024-02-02 22:40:39,108 - Link Generation Succeeds.
2024-02-02 22:52:08,083 - Victim node is 3413.
2024-02-02 22:52:08,083 - tensor([ 1205,  1920, 12019], device='cuda:0')
2024-02-02 22:52:08,083 - Classification Succeeds.
2024-02-02 22:52:08,083 - Link Generation Fails.
2024-02-02 23:03:34,504 - Victim node is 5781.
2024-02-02 23:03:34,504 - tensor([19717, 19718, 19720], device='cuda:0')
2024-02-02 23:03:34,505 - Classification Fails.
2024-02-02 23:03:34,505 - Link Generation Succeeds.
2024-02-02 23:14:59,638 - Victim node is 2024.
2024-02-02 23:14:59,638 - tensor([ 1920, 12019, 19717], device='cuda:0')
2024-02-02 23:14:59,638 - Classification Fails.
2024-02-02 23:14:59,638 - Link Generation Succeeds.
2024-02-02 23:26:25,584 - Victim node is 3514.
2024-02-02 23:26:25,584 - tensor([ 1205,  5467, 13940], device='cuda:0')
2024-02-02 23:26:25,584 - Classification Succeeds.
2024-02-02 23:26:25,584 - Link Generation Fails.
2024-02-02 23:37:55,389 - Victim node is 242.
2024-02-02 23:37:55,389 - tensor([ 1205, 19720, 19721], device='cuda:0')
2024-02-02 23:37:55,389 - Classification Fails.
2024-02-02 23:37:55,389 - Link Generation Succeeds.
2024-02-02 23:49:24,517 - Victim node is 3650.
2024-02-02 23:49:24,517 - tensor([19717, 19719, 19721], device='cuda:0')
2024-02-02 23:49:24,517 - Classification Succeeds.
2024-02-02 23:49:24,517 - Link Generation Succeeds.
2024-02-03 00:00:46,985 - Victim node is 13030.
2024-02-03 00:00:46,985 - tensor([  903,  1920, 12019], device='cuda:0')
2024-02-03 00:00:46,985 - Classification Fails.
2024-02-03 00:00:46,985 - Link Generation Fails.
2024-02-03 00:12:13,484 - Victim node is 8264.
2024-02-03 00:12:13,484 - tensor([19717, 19718, 19719], device='cuda:0')
2024-02-03 00:12:13,485 - Classification Fails.
2024-02-03 00:12:13,485 - Link Generation Succeeds.
2024-02-03 00:23:36,857 - Victim node is 6551.
2024-02-03 00:23:36,857 - tensor([19717, 19718, 19721], device='cuda:0')
2024-02-03 00:23:36,857 - Classification Succeeds.
2024-02-03 00:23:36,858 - Link Generation Succeeds.
2024-02-03 00:35:03,140 - Victim node is 14836.
2024-02-03 00:35:03,140 - tensor([ 5375, 14893, 15841], device='cuda:0')
2024-02-03 00:35:03,140 - Classification Succeeds.
2024-02-03 00:35:03,140 - Link Generation Fails.
2024-02-03 00:46:27,271 - Victim node is 11105.
2024-02-03 00:46:27,271 - tensor([19717, 19718, 19721], device='cuda:0')
2024-02-03 00:46:27,271 - Classification Fails.
2024-02-03 00:46:27,272 - Link Generation Succeeds.
2024-02-03 00:57:50,639 - Victim node is 11643.
2024-02-03 00:57:50,640 - tensor([19718, 19719, 19721], device='cuda:0')
2024-02-03 00:57:50,640 - Classification Fails.
2024-02-03 00:57:50,640 - Link Generation Succeeds.
2024-02-03 01:09:18,778 - Victim node is 19111.
2024-02-03 01:09:18,778 - tensor([ 1205, 13940, 19719], device='cuda:0')
2024-02-03 01:09:18,779 - Classification Fails.
2024-02-03 01:09:18,779 - Link Generation Succeeds.
2024-02-03 01:20:49,164 - Victim node is 15916.
2024-02-03 01:20:49,165 - tensor([ 1205,  1920, 12019], device='cuda:0')
2024-02-03 01:20:49,165 - Classification Succeeds.
2024-02-03 01:20:49,165 - Link Generation Fails.
2024-02-03 01:32:13,015 - Victim node is 18909.
2024-02-03 01:32:13,015 - tensor([ 1205,  1920, 19717], device='cuda:0')
2024-02-03 01:32:13,015 - Classification Fails.
2024-02-03 01:32:13,015 - Link Generation Succeeds.
2024-02-03 01:43:40,192 - Victim node is 6116.
2024-02-03 01:43:40,193 - tensor([ 9978, 13170, 15841], device='cuda:0')
2024-02-03 01:43:40,193 - Classification Succeeds.
2024-02-03 01:43:40,193 - Link Generation Fails.
2024-02-03 01:55:07,471 - Victim node is 15250.
2024-02-03 01:55:07,471 - tensor([19717, 19720, 19721], device='cuda:0')
2024-02-03 01:55:07,471 - Classification Fails.
2024-02-03 01:55:07,471 - Link Generation Succeeds.
2024-02-03 02:06:35,327 - Victim node is 16538.
2024-02-03 02:06:35,327 - tensor([19717, 19718, 19719], device='cuda:0')
2024-02-03 02:06:35,327 - Classification Fails.
2024-02-03 02:06:35,327 - Link Generation Succeeds.
2024-02-03 02:17:57,720 - Victim node is 14611.
2024-02-03 02:17:57,720 - tensor([ 1050, 15841, 18781], device='cuda:0')
2024-02-03 02:17:57,720 - Classification Fails.
2024-02-03 02:17:57,720 - Link Generation Fails.
2024-02-03 02:29:28,675 - Victim node is 18332.
2024-02-03 02:29:28,675 - tensor([19717, 19718, 19719], device='cuda:0')
2024-02-03 02:29:28,675 - Classification Fails.
2024-02-03 02:29:28,675 - Link Generation Succeeds.
2024-02-03 02:40:53,396 - Victim node is 5320.
2024-02-03 02:40:53,396 - tensor([ 5375,  8626, 12019], device='cuda:0')
2024-02-03 02:40:53,396 - Classification Fails.
2024-02-03 02:40:53,396 - Link Generation Fails.
2024-02-03 02:52:19,468 - Victim node is 8673.
2024-02-03 02:52:19,468 - tensor([ 1205,  1920, 19721], device='cuda:0')
2024-02-03 02:52:19,469 - Classification Fails.
2024-02-03 02:52:19,469 - Link Generation Succeeds.
2024-02-03 03:03:42,048 - Victim node is 9164.
2024-02-03 03:03:42,049 - tensor([19717, 19718, 19720], device='cuda:0')
2024-02-03 03:03:42,049 - Classification Fails.
2024-02-03 03:03:42,049 - Link Generation Succeeds.
2024-02-03 03:15:08,742 - Victim node is 2209.
2024-02-03 03:15:08,742 - tensor([19718, 19719, 19720], device='cuda:0')
2024-02-03 03:15:08,743 - Classification Fails.
2024-02-03 03:15:08,743 - Link Generation Succeeds.
2024-02-03 03:26:36,786 - Victim node is 4816.
2024-02-03 03:26:36,786 - tensor([19717, 19718, 19719], device='cuda:0')
2024-02-03 03:26:36,786 - Classification Succeeds.
2024-02-03 03:26:36,786 - Link Generation Succeeds.
2024-02-03 03:38:06,712 - Victim node is 13709.
2024-02-03 03:38:06,712 - tensor([19717, 19719, 19721], device='cuda:0')
2024-02-03 03:38:06,712 - Classification Succeeds.
2024-02-03 03:38:06,712 - Link Generation Succeeds.
2024-02-03 03:49:35,025 - Victim node is 13839.
2024-02-03 03:49:35,025 - tensor([19717, 19718, 19719], device='cuda:0')
2024-02-03 03:49:35,026 - Classification Fails.
2024-02-03 03:49:35,026 - Link Generation Succeeds.
2024-02-03 04:00:59,999 - Victim node is 17345.
2024-02-03 04:00:59,999 - tensor([19717, 19718, 19719], device='cuda:0')
2024-02-03 04:00:59,999 - Classification Fails.
2024-02-03 04:00:59,999 - Link Generation Succeeds.
2024-02-03 04:12:22,088 - Victim node is 9445.
2024-02-03 04:12:22,088 - tensor([ 1205, 13940, 19721], device='cuda:0')
2024-02-03 04:12:22,088 - Classification Fails.
2024-02-03 04:12:22,088 - Link Generation Succeeds.
2024-02-03 04:23:46,996 - Victim node is 12567.
2024-02-03 04:23:46,996 - tensor([ 1205,  5440, 13940], device='cuda:0')
2024-02-03 04:23:46,996 - Classification Succeeds.
2024-02-03 04:23:46,996 - Link Generation Fails.
2024-02-03 04:35:10,563 - Victim node is 5813.
2024-02-03 04:35:10,563 - tensor([13940, 19717, 19718], device='cuda:0')
2024-02-03 04:35:10,564 - Classification Fails.
2024-02-03 04:35:10,564 - Link Generation Succeeds.
2024-02-03 04:46:38,493 - Victim node is 7145.
2024-02-03 04:46:38,493 - tensor([19717, 19718, 19719], device='cuda:0')
2024-02-03 04:46:38,494 - Classification Fails.
2024-02-03 04:46:38,494 - Link Generation Succeeds.
2024-02-03 04:58:08,080 - Victim node is 7679.
2024-02-03 04:58:08,080 - tensor([19718, 19719, 19720], device='cuda:0')
2024-02-03 04:58:08,081 - Classification Fails.
2024-02-03 04:58:08,081 - Link Generation Succeeds.
2024-02-03 05:09:33,381 - Victim node is 13698.
2024-02-03 05:09:33,381 - tensor([19717, 19718, 19721], device='cuda:0')
2024-02-03 05:09:33,381 - Classification Fails.
2024-02-03 05:09:33,381 - Link Generation Succeeds.
2024-02-03 05:21:02,817 - Victim node is 17015.
2024-02-03 05:21:02,817 - tensor([19718, 19720, 19721], device='cuda:0')
2024-02-03 05:21:02,818 - Classification Fails.
2024-02-03 05:21:02,818 - Link Generation Succeeds.
2024-02-03 05:32:30,937 - Victim node is 15808.
2024-02-03 05:32:30,937 - tensor([ 1205,  1920, 12019], device='cuda:0')
2024-02-03 05:32:30,938 - Classification Fails.
2024-02-03 05:32:30,938 - Link Generation Fails.
2024-02-03 05:43:56,278 - Victim node is 1703.
2024-02-03 05:43:56,278 - tensor([19718, 19719, 19721], device='cuda:0')
2024-02-03 05:43:56,279 - Classification Fails.
2024-02-03 05:43:56,279 - Link Generation Succeeds.
2024-02-03 05:55:21,601 - Victim node is 1643.
2024-02-03 05:55:21,601 - tensor([ 1205, 19718, 19719], device='cuda:0')
2024-02-03 05:55:21,601 - Classification Fails.
2024-02-03 05:55:21,601 - Link Generation Succeeds.
2024-02-03 06:06:45,280 - Victim node is 9859.
2024-02-03 06:06:45,280 - tensor([19717, 19718, 19719], device='cuda:0')
2024-02-03 06:06:45,280 - Classification Succeeds.
2024-02-03 06:06:45,280 - Link Generation Succeeds.
2024-02-03 06:18:12,069 - Victim node is 10065.
2024-02-03 06:18:12,069 - tensor([ 1920,  2361, 12019], device='cuda:0')
2024-02-03 06:18:12,070 - Classification Succeeds.
2024-02-03 06:18:12,070 - Link Generation Fails.
2024-02-03 06:29:37,864 - Victim node is 19173.
2024-02-03 06:29:37,864 - tensor([19718, 19720, 19721], device='cuda:0')
2024-02-03 06:29:37,864 - Classification Succeeds.
2024-02-03 06:29:37,864 - Link Generation Succeeds.
2024-02-03 06:41:04,733 - Victim node is 11510.
2024-02-03 06:41:04,733 - tensor([19718, 19719, 19721], device='cuda:0')
2024-02-03 06:41:04,734 - Classification Fails.
2024-02-03 06:41:04,734 - Link Generation Succeeds.
2024-02-03 06:52:30,825 - Victim node is 15396.
2024-02-03 06:52:30,825 - tensor([19717, 19718, 19720], device='cuda:0')
2024-02-03 06:52:30,825 - Classification Succeeds.
2024-02-03 06:52:30,825 - Link Generation Succeeds.
2024-02-03 07:03:59,597 - Victim node is 6890.
2024-02-03 07:03:59,597 - tensor([19717, 19718, 19719], device='cuda:0')
2024-02-03 07:03:59,597 - Classification Succeeds.
2024-02-03 07:03:59,597 - Link Generation Succeeds.
2024-02-03 07:15:23,951 - Victim node is 14533.
2024-02-03 07:15:23,952 - tensor([19717, 19718, 19719], device='cuda:0')
2024-02-03 07:15:23,952 - Classification Succeeds.
2024-02-03 07:15:23,952 - Link Generation Succeeds.
2024-02-03 07:26:49,165 - Victim node is 12788.
2024-02-03 07:26:49,165 - tensor([19717, 19718, 19719], device='cuda:0')
2024-02-03 07:26:49,165 - Classification Succeeds.
2024-02-03 07:26:49,165 - Link Generation Succeeds.
2024-02-03 07:38:16,457 - Victim node is 6096.
2024-02-03 07:38:16,457 - tensor([19717, 19718, 19719], device='cuda:0')
2024-02-03 07:38:16,457 - Classification Fails.
2024-02-03 07:38:16,457 - Link Generation Succeeds.
2024-02-03 07:49:46,438 - Victim node is 1760.
2024-02-03 07:49:46,439 - tensor([19717, 19719, 19720], device='cuda:0')
2024-02-03 07:49:46,439 - Classification Fails.
2024-02-03 07:49:46,439 - Link Generation Succeeds.
2024-02-03 08:01:15,165 - Victim node is 15620.
2024-02-03 08:01:15,165 - tensor([ 1205, 19720, 19721], device='cuda:0')
2024-02-03 08:01:15,165 - Classification Fails.
2024-02-03 08:01:15,165 - Link Generation Succeeds.
2024-02-03 08:12:40,562 - Victim node is 9262.
2024-02-03 08:12:40,562 - tensor([ 5375, 12019, 15841], device='cuda:0')
2024-02-03 08:12:40,563 - Classification Fails.
2024-02-03 08:12:40,563 - Link Generation Fails.
2024-02-03 08:24:06,518 - Victim node is 15179.
2024-02-03 08:24:06,518 - tensor([ 7056, 14044, 15841], device='cuda:0')
2024-02-03 08:24:06,519 - Classification Fails.
2024-02-03 08:24:06,519 - Link Generation Fails.
2024-02-03 08:35:33,250 - Victim node is 11876.
2024-02-03 08:35:33,251 - tensor([19717, 19719, 19720], device='cuda:0')
2024-02-03 08:35:33,251 - Classification Fails.
2024-02-03 08:35:33,251 - Link Generation Succeeds.
2024-02-03 08:47:01,741 - Victim node is 2713.
2024-02-03 08:47:01,741 - tensor([19717, 19718, 19719], device='cuda:0')
2024-02-03 08:47:01,741 - Classification Succeeds.
2024-02-03 08:47:01,741 - Link Generation Succeeds.
2024-02-03 08:58:24,828 - Victim node is 10067.
2024-02-03 08:58:24,828 - tensor([ 1205,  1920, 19717], device='cuda:0')
2024-02-03 08:58:24,828 - Classification Fails.
2024-02-03 08:58:24,828 - Link Generation Succeeds.
2024-02-03 09:09:54,416 - Victim node is 3907.
2024-02-03 09:09:54,416 - tensor([19717, 19720, 19721], device='cuda:0')
2024-02-03 09:09:54,416 - Classification Fails.
2024-02-03 09:09:54,416 - Link Generation Succeeds.
2024-02-03 09:21:20,729 - Victim node is 8184.
2024-02-03 09:21:20,729 - tensor([19717, 19718, 19719], device='cuda:0')
2024-02-03 09:21:20,730 - Classification Fails.
2024-02-03 09:21:20,730 - Link Generation Succeeds.
2024-02-03 09:32:47,860 - Victim node is 11878.
2024-02-03 09:32:47,860 - tensor([ 1205,  1920, 13940], device='cuda:0')
2024-02-03 09:32:47,861 - Classification Fails.
2024-02-03 09:32:47,861 - Link Generation Fails.
2024-02-03 09:44:11,815 - Victim node is 6447.
2024-02-03 09:44:11,815 - tensor([ 1205, 12019, 19719], device='cuda:0')
2024-02-03 09:44:11,816 - Classification Succeeds.
2024-02-03 09:44:11,816 - Link Generation Succeeds.
2024-02-03 09:55:38,082 - Victim node is 10758.
2024-02-03 09:55:38,083 - tensor([ 1205,  1920, 13940], device='cuda:0')
2024-02-03 09:55:38,083 - Classification Succeeds.
2024-02-03 09:55:38,083 - Link Generation Fails.
2024-02-03 10:07:07,142 - Victim node is 18149.
2024-02-03 10:07:07,142 - tensor([ 1205,  1920, 13940], device='cuda:0')
2024-02-03 10:07:07,142 - Classification Succeeds.
2024-02-03 10:07:07,142 - Link Generation Fails.
2024-02-03 10:18:32,851 - Victim node is 14879.
2024-02-03 10:18:32,851 - tensor([19717, 19718, 19719], device='cuda:0')
2024-02-03 10:18:32,851 - Classification Succeeds.
2024-02-03 10:18:32,852 - Link Generation Succeeds.
2024-02-03 10:30:02,752 - Victim node is 1048.
2024-02-03 10:30:02,752 - tensor([19718, 19719, 19720], device='cuda:0')
2024-02-03 10:30:02,752 - Classification Fails.
2024-02-03 10:30:02,752 - Link Generation Succeeds.
2024-02-03 10:41:28,108 - Victim node is 13112.
2024-02-03 10:41:28,108 - tensor([19717, 19718, 19721], device='cuda:0')
2024-02-03 10:41:28,108 - Classification Succeeds.
2024-02-03 10:41:28,108 - Link Generation Succeeds.
2024-02-03 10:52:58,302 - Victim node is 17724.
2024-02-03 10:52:58,302 - tensor([ 1920, 12019, 19720], device='cuda:0')
2024-02-03 10:52:58,303 - Classification Fails.
2024-02-03 10:52:58,303 - Link Generation Succeeds.
2024-02-03 11:04:28,901 - Victim node is 1392.
2024-02-03 11:04:28,902 - tensor([19718, 19719, 19721], device='cuda:0')
2024-02-03 11:04:28,902 - Classification Fails.
2024-02-03 11:04:28,902 - Link Generation Succeeds.
2024-02-03 11:15:54,782 - Victim node is 12001.
2024-02-03 11:15:54,783 - tensor([19717, 19718, 19719], device='cuda:0')
2024-02-03 11:15:54,783 - Classification Fails.
2024-02-03 11:15:54,783 - Link Generation Succeeds.
2024-02-03 11:27:19,354 - Victim node is 7895.
2024-02-03 11:27:19,354 - tensor([19717, 19718, 19720], device='cuda:0')
2024-02-03 11:27:19,354 - Classification Fails.
2024-02-03 11:27:19,354 - Link Generation Succeeds.
2024-02-03 11:38:46,712 - Victim node is 3393.
2024-02-03 11:38:46,712 - tensor([ 7056, 14893, 15841], device='cuda:0')
2024-02-03 11:38:46,712 - Classification Succeeds.
2024-02-03 11:38:46,712 - Link Generation Fails.
2024-02-03 11:50:09,512 - Victim node is 13880.
2024-02-03 11:50:09,512 - tensor([19717, 19718, 19719], device='cuda:0')
2024-02-03 11:50:09,512 - Classification Fails.
2024-02-03 11:50:09,512 - Link Generation Succeeds.
2024-02-03 12:01:38,910 - Victim node is 9388.
2024-02-03 12:01:38,910 - tensor([ 1205,  1920, 19720], device='cuda:0')
2024-02-03 12:01:38,910 - Classification Fails.
2024-02-03 12:01:38,910 - Link Generation Succeeds.
2024-02-03 12:13:05,354 - Victim node is 513.
2024-02-03 12:13:05,354 - tensor([19717, 19718, 19719], device='cuda:0')
2024-02-03 12:13:05,354 - Classification Succeeds.
2024-02-03 12:13:05,354 - Link Generation Succeeds.
2024-02-03 12:24:27,665 - Victim node is 5244.
2024-02-03 12:24:27,665 - tensor([19717, 19718, 19719], device='cuda:0')
2024-02-03 12:24:27,665 - Classification Fails.
2024-02-03 12:24:27,665 - Link Generation Succeeds.
2024-02-03 12:35:56,795 - Victim node is 3480.
2024-02-03 12:35:56,795 - tensor([ 1205,  1920, 13940], device='cuda:0')
2024-02-03 12:35:56,795 - Classification Succeeds.
2024-02-03 12:35:56,795 - Link Generation Fails.
2024-02-03 12:47:20,443 - Victim node is 2698.
2024-02-03 12:47:20,443 - tensor([19717, 19719, 19721], device='cuda:0')
2024-02-03 12:47:20,443 - Classification Succeeds.
2024-02-03 12:47:20,443 - Link Generation Succeeds.
2024-02-03 12:58:54,738 - Victim node is 16899.
2024-02-03 12:58:54,739 - tensor([19717, 19718, 19719], device='cuda:0')
2024-02-03 12:58:54,739 - Classification Succeeds.
2024-02-03 12:58:54,739 - Link Generation Succeeds.
2024-02-03 13:10:22,516 - Victim node is 3046.
2024-02-03 13:10:22,516 - tensor([19717, 19719, 19720], device='cuda:0')
2024-02-03 13:10:22,516 - Classification Fails.
2024-02-03 13:10:22,516 - Link Generation Succeeds.
2024-02-03 13:21:49,491 - Victim node is 13896.
2024-02-03 13:21:49,491 - tensor([ 1205,  1920, 12019], device='cuda:0')
2024-02-03 13:21:49,492 - Classification Fails.
2024-02-03 13:21:49,492 - Link Generation Fails.
2024-02-03 13:33:11,906 - Victim node is 12074.
2024-02-03 13:33:11,906 - tensor([19717, 19718, 19719], device='cuda:0')
2024-02-03 13:33:11,906 - Classification Fails.
2024-02-03 13:33:11,906 - Link Generation Succeeds.
2024-02-03 13:44:39,621 - Victim node is 13092.
2024-02-03 13:44:39,621 - tensor([ 1205, 19720, 19721], device='cuda:0')
2024-02-03 13:44:39,622 - Classification Fails.
2024-02-03 13:44:39,622 - Link Generation Succeeds.
2024-02-03 13:56:04,546 - Victim node is 17487.
2024-02-03 13:56:04,546 - tensor([ 1205, 19719, 19720], device='cuda:0')
2024-02-03 13:56:04,546 - Classification Fails.
2024-02-03 13:56:04,547 - Link Generation Succeeds.
2024-02-03 14:07:29,046 - Victim node is 18388.
2024-02-03 14:07:29,046 - tensor([ 1205,  1920, 12019], device='cuda:0')
2024-02-03 14:07:29,046 - Classification Succeeds.
2024-02-03 14:07:29,047 - Link Generation Fails.
2024-02-03 14:18:57,555 - Victim node is 5408.
2024-02-03 14:18:57,555 - tensor([19717, 19719, 19720], device='cuda:0')
2024-02-03 14:18:57,556 - Classification Fails.
2024-02-03 14:18:57,556 - Link Generation Succeeds.
2024-02-03 14:30:28,917 - Victim node is 10105.
2024-02-03 14:30:28,918 - tensor([ 1205, 19718, 19719], device='cuda:0')
2024-02-03 14:30:28,918 - Classification Fails.
2024-02-03 14:30:28,918 - Link Generation Succeeds.
2024-02-03 14:41:53,891 - Victim node is 3169.
2024-02-03 14:41:53,891 - tensor([19717, 19718, 19719], device='cuda:0')
2024-02-03 14:41:53,891 - Classification Fails.
2024-02-03 14:41:53,891 - Link Generation Succeeds.
2024-02-03 14:53:20,787 - Victim node is 2026.
2024-02-03 14:53:20,787 - tensor([19717, 19718, 19720], device='cuda:0')
2024-02-03 14:53:20,787 - Classification Fails.
2024-02-03 14:53:20,787 - Link Generation Succeeds.
2024-02-03 15:04:46,496 - Victim node is 9619.
2024-02-03 15:04:46,497 - tensor([19717, 19719, 19721], device='cuda:0')
2024-02-03 15:04:46,497 - Classification Fails.
2024-02-03 15:04:46,497 - Link Generation Succeeds.
2024-02-03 15:16:15,766 - Victim node is 19440.
2024-02-03 15:16:15,766 - tensor([19717, 19718, 19719], device='cuda:0')
2024-02-03 15:16:15,767 - Classification Succeeds.
2024-02-03 15:16:15,767 - Link Generation Succeeds.
2024-02-03 15:27:42,865 - Victim node is 12835.
2024-02-03 15:27:42,866 - tensor([19717, 19718, 19719], device='cuda:0')
2024-02-03 15:27:42,866 - Classification Fails.
2024-02-03 15:27:42,866 - Link Generation Succeeds.
2024-02-03 15:39:08,956 - Victim node is 7889.
2024-02-03 15:39:08,957 - tensor([19717, 19718, 19719], device='cuda:0')
2024-02-03 15:39:08,957 - Classification Fails.
2024-02-03 15:39:08,957 - Link Generation Succeeds.
2024-02-03 15:50:40,158 - Victim node is 8857.
2024-02-03 15:50:40,158 - tensor([19717, 19718, 19719], device='cuda:0')
2024-02-03 15:50:40,159 - Classification Fails.
2024-02-03 15:50:40,159 - Link Generation Succeeds.
2024-02-03 16:02:10,096 - Victim node is 2645.
2024-02-03 16:02:10,097 - tensor([19717, 19718, 19719], device='cuda:0')
2024-02-03 16:02:10,097 - Classification Succeeds.
2024-02-03 16:02:10,097 - Link Generation Succeeds.
2024-02-03 16:13:41,322 - Victim node is 1607.
2024-02-03 16:13:41,322 - tensor([19717, 19719, 19720], device='cuda:0')
2024-02-03 16:13:41,322 - Classification Fails.
2024-02-03 16:13:41,322 - Link Generation Succeeds.
2024-02-03 16:25:11,443 - Victim node is 17160.
2024-02-03 16:25:11,443 - tensor([19717, 19718, 19719], device='cuda:0')
2024-02-03 16:25:11,444 - Classification Succeeds.
2024-02-03 16:25:11,444 - Link Generation Succeeds.
2024-02-03 16:36:40,866 - Victim node is 9993.
2024-02-03 16:36:40,866 - tensor([19717, 19718, 19721], device='cuda:0')
2024-02-03 16:36:40,866 - Classification Fails.
2024-02-03 16:36:40,866 - Link Generation Succeeds.
2024-02-03 16:48:09,871 - Victim node is 9437.
2024-02-03 16:48:09,871 - tensor([19717, 19719, 19720], device='cuda:0')
2024-02-03 16:48:09,871 - Classification Succeeds.
2024-02-03 16:48:09,871 - Link Generation Succeeds.
2024-02-03 16:59:33,632 - Victim node is 9875.
2024-02-03 16:59:33,632 - tensor([19717, 19718, 19719], device='cuda:0')
2024-02-03 16:59:33,632 - Classification Fails.
2024-02-03 16:59:33,632 - Link Generation Succeeds.
2024-02-03 17:11:01,801 - Victim node is 906.
2024-02-03 17:11:01,801 - tensor([19717, 19718, 19719], device='cuda:0')
2024-02-03 17:11:01,801 - Classification Fails.
2024-02-03 17:11:01,801 - Link Generation Succeeds.
2024-02-03 17:22:29,058 - Victim node is 9275.
2024-02-03 17:22:29,058 - tensor([ 1205, 13940, 19717], device='cuda:0')
2024-02-03 17:22:29,059 - Classification Succeeds.
2024-02-03 17:22:29,059 - Link Generation Succeeds.
2024-02-03 17:33:54,461 - Victim node is 13847.
2024-02-03 17:33:54,461 - tensor([19717, 19718, 19721], device='cuda:0')
2024-02-03 17:33:54,461 - Classification Fails.
2024-02-03 17:33:54,461 - Link Generation Succeeds.
2024-02-03 17:45:24,224 - Victim node is 12159.
2024-02-03 17:45:24,224 - tensor([ 1205,  1920, 13940], device='cuda:0')
2024-02-03 17:45:24,225 - Classification Fails.
2024-02-03 17:45:24,225 - Link Generation Fails.
2024-02-03 17:56:50,765 - Victim node is 4629.
2024-02-03 17:56:50,765 - tensor([19717, 19718, 19719], device='cuda:0')
2024-02-03 17:56:50,765 - Classification Succeeds.
2024-02-03 17:56:50,765 - Link Generation Succeeds.
2024-02-03 18:08:17,584 - Victim node is 18686.
2024-02-03 18:08:17,584 - tensor([19717, 19718, 19719], device='cuda:0')
2024-02-03 18:08:17,585 - Classification Fails.
2024-02-03 18:08:17,585 - Link Generation Succeeds.
2024-02-03 18:19:46,293 - Victim node is 6470.
2024-02-03 18:19:46,293 - tensor([19717, 19718, 19719], device='cuda:0')
2024-02-03 18:19:46,293 - Classification Fails.
2024-02-03 18:19:46,294 - Link Generation Succeeds.
2024-02-03 18:31:14,494 - Victim node is 7500.
2024-02-03 18:31:14,494 - tensor([19717, 19719, 19720], device='cuda:0')
2024-02-03 18:31:14,494 - Classification Fails.
2024-02-03 18:31:14,495 - Link Generation Succeeds.
2024-02-03 18:42:42,833 - Victim node is 4329.
2024-02-03 18:42:42,833 - tensor([19717, 19718, 19719], device='cuda:0')
2024-02-03 18:42:42,834 - Classification Fails.
2024-02-03 18:42:42,834 - Link Generation Succeeds.
2024-02-03 18:54:06,721 - Victim node is 4738.
2024-02-03 18:54:06,721 - tensor([19719, 19720, 19721], device='cuda:0')
2024-02-03 18:54:06,722 - Classification Succeeds.
2024-02-03 18:54:06,722 - Link Generation Succeeds.
2024-02-03 19:05:32,213 - Victim node is 565.
2024-02-03 19:05:32,213 - tensor([19717, 19718, 19719], device='cuda:0')
2024-02-03 19:05:32,213 - Classification Succeeds.
2024-02-03 19:05:32,213 - Link Generation Succeeds.
2024-02-03 19:16:57,236 - Victim node is 1834.
2024-02-03 19:16:57,236 - tensor([19717, 19719, 19721], device='cuda:0')
2024-02-03 19:16:57,237 - Classification Fails.
2024-02-03 19:16:57,237 - Link Generation Succeeds.
2024-02-03 19:28:31,528 - Victim node is 10992.
2024-02-03 19:28:31,529 - tensor([19718, 19720, 19721], device='cuda:0')
2024-02-03 19:28:31,529 - Classification Fails.
2024-02-03 19:28:31,530 - Link Generation Succeeds.
2024-02-03 19:40:01,714 - Victim node is 6213.
2024-02-03 19:40:01,715 - tensor([19719, 19720, 19721], device='cuda:0')
2024-02-03 19:40:01,715 - Classification Succeeds.
2024-02-03 19:40:01,715 - Link Generation Succeeds.
2024-02-03 19:51:28,029 - Victim node is 17173.
2024-02-03 19:51:28,029 - tensor([19717, 19719, 19721], device='cuda:0')
2024-02-03 19:51:28,029 - Classification Fails.
2024-02-03 19:51:28,029 - Link Generation Succeeds.
2024-02-03 20:02:57,900 - Victim node is 787.
2024-02-03 20:02:57,900 - tensor([19717, 19719, 19720], device='cuda:0')
2024-02-03 20:02:57,900 - Classification Fails.
2024-02-03 20:02:57,900 - Link Generation Succeeds.
2024-02-03 20:14:25,228 - Victim node is 13141.
2024-02-03 20:14:25,228 - tensor([ 1205,  1920, 13940], device='cuda:0')
2024-02-03 20:14:25,228 - Classification Succeeds.
2024-02-03 20:14:25,228 - Link Generation Fails.
2024-02-03 20:25:53,086 - Victim node is 18536.
2024-02-03 20:25:53,086 - tensor([ 6209, 13170, 15841], device='cuda:0')
2024-02-03 20:25:53,086 - Classification Fails.
2024-02-03 20:25:53,086 - Link Generation Fails.
2024-02-03 20:37:16,543 - Victim node is 3428.
2024-02-03 20:37:16,543 - tensor([19718, 19720, 19721], device='cuda:0')
2024-02-03 20:37:16,544 - Classification Fails.
2024-02-03 20:37:16,544 - Link Generation Succeeds.
2024-02-03 20:48:45,609 - Victim node is 11127.
2024-02-03 20:48:45,610 - tensor([19718, 19719, 19721], device='cuda:0')
2024-02-03 20:48:45,610 - Classification Fails.
2024-02-03 20:48:45,610 - Link Generation Succeeds.
2024-02-03 21:00:12,081 - Victim node is 13648.
2024-02-03 21:00:12,081 - tensor([19717, 19719, 19720], device='cuda:0')
2024-02-03 21:00:12,081 - Classification Fails.
2024-02-03 21:00:12,081 - Link Generation Succeeds.
2024-02-03 21:11:37,806 - Victim node is 8101.
2024-02-03 21:11:37,806 - tensor([19717, 19718, 19719], device='cuda:0')
2024-02-03 21:11:37,806 - Classification Fails.
2024-02-03 21:11:37,806 - Link Generation Succeeds.
2024-02-03 21:23:05,838 - Victim node is 9382.
2024-02-03 21:23:05,838 - tensor([19717, 19718, 19719], device='cuda:0')
2024-02-03 21:23:05,838 - Classification Fails.
2024-02-03 21:23:05,838 - Link Generation Succeeds.
2024-02-03 21:34:30,627 - Victim node is 6994.
2024-02-03 21:34:30,627 - tensor([ 1205, 19718, 19720], device='cuda:0')
2024-02-03 21:34:30,628 - Classification Fails.
2024-02-03 21:34:30,628 - Link Generation Succeeds.
2024-02-03 21:45:58,644 - Victim node is 676.
2024-02-03 21:45:58,644 - tensor([19717, 19718, 19719], device='cuda:0')
2024-02-03 21:45:58,645 - Classification Fails.
2024-02-03 21:45:58,645 - Link Generation Succeeds.
2024-02-03 21:57:23,054 - Victim node is 9803.
2024-02-03 21:57:23,055 - tensor([19717, 19718, 19720], device='cuda:0')
2024-02-03 21:57:23,055 - Classification Fails.
2024-02-03 21:57:23,055 - Link Generation Succeeds.
2024-02-03 22:08:50,786 - Victim node is 6259.
2024-02-03 22:08:50,786 - tensor([19717, 19718, 19719], device='cuda:0')
2024-02-03 22:08:50,786 - Classification Succeeds.
2024-02-03 22:08:50,786 - Link Generation Succeeds.
2024-02-03 22:20:23,220 - Victim node is 17685.
2024-02-03 22:20:23,220 - tensor([19717, 19719, 19721], device='cuda:0')
2024-02-03 22:20:23,220 - Classification Fails.
2024-02-03 22:20:23,220 - Link Generation Succeeds.
2024-02-03 22:31:49,055 - Victim node is 4378.
2024-02-03 22:31:49,055 - tensor([19717, 19718, 19719], device='cuda:0')
2024-02-03 22:31:49,056 - Classification Fails.
2024-02-03 22:31:49,056 - Link Generation Succeeds.
2024-02-03 22:43:20,419 - Victim node is 13071.
2024-02-03 22:43:20,419 - tensor([  903,  1920, 12019], device='cuda:0')
2024-02-03 22:43:20,419 - Classification Succeeds.
2024-02-03 22:43:20,419 - Link Generation Fails.
2024-02-03 22:54:44,604 - Victim node is 6867.
2024-02-03 22:54:44,604 - tensor([ 1205,  1920, 12019], device='cuda:0')
2024-02-03 22:54:44,604 - Classification Fails.
2024-02-03 22:54:44,604 - Link Generation Fails.
2024-02-03 23:06:11,713 - Victim node is 13764.
2024-02-03 23:06:11,713 - tensor([ 1920,  5375, 12019], device='cuda:0')
2024-02-03 23:06:11,713 - Classification Succeeds.
2024-02-03 23:06:11,713 - Link Generation Fails.
2024-02-03 23:17:36,624 - Victim node is 9697.
2024-02-03 23:17:36,624 - tensor([19717, 19718, 19720], device='cuda:0')
2024-02-03 23:17:36,624 - Classification Fails.
2024-02-03 23:17:36,624 - Link Generation Succeeds.
2024-02-03 23:29:00,745 - Victim node is 10644.
2024-02-03 23:29:00,745 - tensor([19717, 19718, 19719], device='cuda:0')
2024-02-03 23:29:00,746 - Classification Fails.
2024-02-03 23:29:00,746 - Link Generation Succeeds.
2024-02-03 23:40:22,125 - Victim node is 4864.
2024-02-03 23:40:22,125 - tensor([19717, 19718, 19719], device='cuda:0')
2024-02-03 23:40:22,126 - Classification Fails.
2024-02-03 23:40:22,126 - Link Generation Succeeds.
2024-02-03 23:51:47,442 - Victim node is 6432.
2024-02-03 23:51:47,442 - tensor([ 1205, 13940, 19720], device='cuda:0')
2024-02-03 23:51:47,442 - Classification Fails.
2024-02-03 23:51:47,442 - Link Generation Succeeds.
2024-02-04 00:03:11,981 - Victim node is 5635.
2024-02-04 00:03:11,981 - tensor([19717, 19718, 19719], device='cuda:0')
2024-02-04 00:03:11,982 - Classification Succeeds.
2024-02-04 00:03:11,982 - Link Generation Succeeds.
2024-02-04 00:14:40,924 - Victim node is 7418.
2024-02-04 00:14:40,924 - tensor([19718, 19720, 19721], device='cuda:0')
2024-02-04 00:14:40,924 - Classification Fails.
2024-02-04 00:14:40,924 - Link Generation Succeeds.
2024-02-04 00:26:05,859 - Victim node is 4548.
2024-02-04 00:26:05,859 - tensor([ 1205, 13940, 19719], device='cuda:0')
2024-02-04 00:26:05,859 - Classification Succeeds.
2024-02-04 00:26:05,860 - Link Generation Succeeds.
2024-02-04 00:37:28,901 - Victim node is 18443.
2024-02-04 00:37:28,901 - tensor([ 1920,  2361, 12019], device='cuda:0')
2024-02-04 00:37:28,901 - Classification Fails.
2024-02-04 00:37:28,901 - Link Generation Fails.
2024-02-04 00:48:56,119 - Victim node is 3468.
2024-02-04 00:48:56,119 - tensor([19717, 19718, 19719], device='cuda:0')
2024-02-04 00:48:56,119 - Classification Succeeds.
2024-02-04 00:48:56,119 - Link Generation Succeeds.
2024-02-04 01:00:21,609 - Victim node is 10358.
2024-02-04 01:00:21,609 - tensor([19717, 19718, 19719], device='cuda:0')
2024-02-04 01:00:21,609 - Classification Fails.
2024-02-04 01:00:21,609 - Link Generation Succeeds.
2024-02-04 01:11:51,467 - Victim node is 18197.
2024-02-04 01:11:51,468 - tensor([ 1205, 19717, 19719], device='cuda:0')
2024-02-04 01:11:51,468 - Classification Fails.
2024-02-04 01:11:51,468 - Link Generation Succeeds.
2024-02-04 01:23:21,866 - Victim node is 18007.
2024-02-04 01:23:21,866 - tensor([19717, 19718, 19719], device='cuda:0')
2024-02-04 01:23:21,867 - Classification Fails.
2024-02-04 01:23:21,867 - Link Generation Succeeds.
2024-02-04 01:34:52,548 - Victim node is 6682.
2024-02-04 01:34:52,548 - tensor([19717, 19718, 19719], device='cuda:0')
2024-02-04 01:34:52,548 - Classification Fails.
2024-02-04 01:34:52,548 - Link Generation Succeeds.
2024-02-04 01:46:16,308 - Victim node is 9761.
2024-02-04 01:46:16,309 - tensor([19717, 19718, 19719], device='cuda:0')
2024-02-04 01:46:16,309 - Classification Fails.
2024-02-04 01:46:16,309 - Link Generation Succeeds.
2024-02-04 01:57:38,276 - Victim node is 13969.
2024-02-04 01:57:38,276 - tensor([ 1205, 13940, 19721], device='cuda:0')
2024-02-04 01:57:38,277 - Classification Fails.
2024-02-04 01:57:38,277 - Link Generation Succeeds.
2024-02-04 02:09:02,310 - Victim node is 19238.
2024-02-04 02:09:02,310 - tensor([19717, 19718, 19719], device='cuda:0')
2024-02-04 02:09:02,310 - Classification Fails.
2024-02-04 02:09:02,310 - Link Generation Succeeds.
2024-02-04 02:20:28,879 - Victim node is 18764.
2024-02-04 02:20:28,880 - tensor([ 1920, 19717, 19718], device='cuda:0')
2024-02-04 02:20:28,880 - Classification Succeeds.
2024-02-04 02:20:28,880 - Link Generation Succeeds.
2024-02-04 02:31:55,044 - Victim node is 11708.
2024-02-04 02:31:55,044 - tensor([19717, 19718, 19719], device='cuda:0')
2024-02-04 02:31:55,045 - Classification Fails.
2024-02-04 02:31:55,045 - Link Generation Succeeds.
2024-02-04 02:43:18,288 - Victim node is 12665.
2024-02-04 02:43:18,288 - tensor([19719, 19720, 19721], device='cuda:0')
2024-02-04 02:43:18,288 - Classification Fails.
2024-02-04 02:43:18,288 - Link Generation Succeeds.
2024-02-04 02:54:43,087 - Victim node is 11013.
2024-02-04 02:54:43,087 - tensor([19717, 19718, 19719], device='cuda:0')
2024-02-04 02:54:43,087 - Classification Fails.
2024-02-04 02:54:43,087 - Link Generation Succeeds.
2024-02-04 03:06:10,525 - Victim node is 2822.
2024-02-04 03:06:10,525 - tensor([ 1205, 11816, 13940], device='cuda:0')
2024-02-04 03:06:10,525 - Classification Succeeds.
2024-02-04 03:06:10,526 - Link Generation Fails.
2024-02-04 03:17:39,135 - Victim node is 6331.
2024-02-04 03:17:39,135 - tensor([19717, 19718, 19719], device='cuda:0')
2024-02-04 03:17:39,136 - Classification Fails.
2024-02-04 03:17:39,136 - Link Generation Succeeds.
2024-02-04 03:29:07,340 - Victim node is 3665.
2024-02-04 03:29:07,340 - tensor([19717, 19718, 19719], device='cuda:0')
2024-02-04 03:29:07,340 - Classification Fails.
2024-02-04 03:29:07,340 - Link Generation Succeeds.
2024-02-04 03:40:35,411 - Victim node is 33.
2024-02-04 03:40:35,411 - tensor([ 1205, 13940, 19719], device='cuda:0')
2024-02-04 03:40:35,411 - Classification Fails.
2024-02-04 03:40:35,412 - Link Generation Succeeds.
2024-02-04 03:51:59,538 - Victim node is 19362.
2024-02-04 03:51:59,538 - tensor([19717, 19718, 19719], device='cuda:0')
2024-02-04 03:51:59,538 - Classification Fails.
2024-02-04 03:51:59,538 - Link Generation Succeeds.
2024-02-04 04:03:29,718 - Victim node is 3221.
2024-02-04 04:03:29,718 - tensor([ 1205,  1920, 13940], device='cuda:0')
2024-02-04 04:03:29,719 - Classification Succeeds.
2024-02-04 04:03:29,719 - Link Generation Fails.
2024-02-04 04:15:00,606 - Victim node is 15310.
2024-02-04 04:15:00,606 - tensor([ 1205,  1920, 13940], device='cuda:0')
2024-02-04 04:15:00,606 - Classification Fails.
2024-02-04 04:15:00,606 - Link Generation Fails.
2024-02-04 04:26:28,292 - Victim node is 13350.
2024-02-04 04:26:28,292 - tensor([19717, 19718, 19719], device='cuda:0')
2024-02-04 04:26:28,293 - Classification Succeeds.
2024-02-04 04:26:28,293 - Link Generation Succeeds.
2024-02-04 04:37:53,427 - Victim node is 11325.
2024-02-04 04:37:53,427 - tensor([19717, 19718, 19719], device='cuda:0')
2024-02-04 04:37:53,427 - Classification Succeeds.
2024-02-04 04:37:53,427 - Link Generation Succeeds.
2024-02-04 04:49:22,949 - Victim node is 1393.
2024-02-04 04:49:22,949 - tensor([19717, 19718, 19719], device='cuda:0')
2024-02-04 04:49:22,950 - Classification Fails.
2024-02-04 04:49:22,950 - Link Generation Succeeds.
2024-02-04 05:00:46,126 - Victim node is 15349.
2024-02-04 05:00:46,126 - tensor([19717, 19718, 19719], device='cuda:0')
2024-02-04 05:00:46,126 - Classification Fails.
2024-02-04 05:00:46,127 - Link Generation Succeeds.
2024-02-04 05:12:09,539 - Victim node is 5551.
2024-02-04 05:12:09,539 - tensor([ 5375,  9978, 15841], device='cuda:0')
2024-02-04 05:12:09,539 - Classification Succeeds.
2024-02-04 05:12:09,539 - Link Generation Fails.
2024-02-04 05:23:36,822 - Victim node is 8177.
2024-02-04 05:23:36,822 - tensor([13170, 15841, 19721], device='cuda:0')
2024-02-04 05:23:36,823 - Classification Fails.
2024-02-04 05:23:36,823 - Link Generation Succeeds.
2024-02-04 05:35:06,754 - Victim node is 17530.
2024-02-04 05:35:06,754 - tensor([19717, 19718, 19721], device='cuda:0')
2024-02-04 05:35:06,755 - Classification Succeeds.
2024-02-04 05:35:06,755 - Link Generation Succeeds.
2024-02-04 05:46:29,919 - Victim node is 17108.
2024-02-04 05:46:29,919 - tensor([19717, 19718, 19719], device='cuda:0')
2024-02-04 05:46:29,919 - Classification Fails.
2024-02-04 05:46:29,919 - Link Generation Succeeds.
2024-02-04 05:57:55,371 - Victim node is 17220.
2024-02-04 05:57:55,371 - tensor([19717, 19718, 19719], device='cuda:0')
2024-02-04 05:57:55,372 - Classification Fails.
2024-02-04 05:57:55,372 - Link Generation Succeeds.
2024-02-04 06:09:25,293 - Victim node is 8822.
2024-02-04 06:09:25,293 - tensor([ 1205,  1920, 13940], device='cuda:0')
2024-02-04 06:09:25,293 - Classification Succeeds.
2024-02-04 06:09:25,293 - Link Generation Fails.
2024-02-04 06:20:51,697 - Victim node is 6157.
2024-02-04 06:20:51,697 - tensor([19717, 19718, 19719], device='cuda:0')
2024-02-04 06:20:51,697 - Classification Fails.
2024-02-04 06:20:51,697 - Link Generation Succeeds.
2024-02-04 06:32:19,482 - Victim node is 9601.
2024-02-04 06:32:19,482 - tensor([19717, 19718, 19719], device='cuda:0')
2024-02-04 06:32:19,483 - Classification Fails.
2024-02-04 06:32:19,483 - Link Generation Succeeds.
2024-02-04 06:43:46,475 - Victim node is 17973.
2024-02-04 06:43:46,476 - tensor([19718, 19720, 19721], device='cuda:0')
2024-02-04 06:43:46,476 - Classification Fails.
2024-02-04 06:43:46,476 - Link Generation Succeeds.
2024-02-04 06:55:14,918 - Victim node is 10322.
2024-02-04 06:55:14,918 - tensor([ 1205,  1920, 12019], device='cuda:0')
2024-02-04 06:55:14,919 - Classification Succeeds.
2024-02-04 06:55:14,919 - Link Generation Fails.
2024-02-04 07:06:39,099 - Victim node is 8018.
2024-02-04 07:06:39,099 - tensor([19717, 19718, 19719], device='cuda:0')
2024-02-04 07:06:39,099 - Classification Succeeds.
2024-02-04 07:06:39,099 - Link Generation Succeeds.
2024-02-04 07:18:05,404 - Victim node is 2051.
2024-02-04 07:18:05,404 - tensor([19717, 19718, 19719], device='cuda:0')
2024-02-04 07:18:05,404 - Classification Succeeds.
2024-02-04 07:18:05,404 - Link Generation Succeeds.
2024-02-04 07:29:37,373 - Victim node is 2550.
2024-02-04 07:29:37,373 - tensor([19719, 19720, 19721], device='cuda:0')
2024-02-04 07:29:37,373 - Classification Succeeds.
2024-02-04 07:29:37,374 - Link Generation Succeeds.
2024-02-04 07:41:05,617 - Victim node is 12458.
2024-02-04 07:41:05,617 - tensor([19717, 19718, 19719], device='cuda:0')
2024-02-04 07:41:05,618 - Classification Succeeds.
2024-02-04 07:41:05,618 - Link Generation Succeeds.
2024-02-04 07:52:31,053 - Victim node is 9468.
2024-02-04 07:52:31,053 - tensor([ 1205,  1920, 13940], device='cuda:0')
2024-02-04 07:52:31,053 - Classification Fails.
2024-02-04 07:52:31,053 - Link Generation Fails.
2024-02-04 08:03:53,815 - Victim node is 2903.
2024-02-04 08:03:53,815 - tensor([19717, 19718, 19719], device='cuda:0')
2024-02-04 08:03:53,815 - Classification Fails.
2024-02-04 08:03:53,815 - Link Generation Succeeds.
2024-02-04 08:15:17,312 - Victim node is 4962.
2024-02-04 08:15:17,312 - tensor([19719, 19720, 19721], device='cuda:0')
2024-02-04 08:15:17,313 - Classification Fails.
2024-02-04 08:15:17,313 - Link Generation Succeeds.
2024-02-04 08:26:43,001 - Victim node is 13761.
2024-02-04 08:26:43,001 - tensor([19717, 19718, 19719], device='cuda:0')
2024-02-04 08:26:43,001 - Classification Fails.
2024-02-04 08:26:43,001 - Link Generation Succeeds.
2024-02-04 08:38:06,305 - Victim node is 14315.
2024-02-04 08:38:06,305 - tensor([ 1205,  1920, 19720], device='cuda:0')
2024-02-04 08:38:06,305 - Classification Fails.
2024-02-04 08:38:06,305 - Link Generation Succeeds.
2024-02-04 08:49:35,003 - Victim node is 6597.
2024-02-04 08:49:35,003 - tensor([ 1920, 19720, 19721], device='cuda:0')
2024-02-04 08:49:35,003 - Classification Succeeds.
2024-02-04 08:49:35,003 - Link Generation Succeeds.
2024-02-04 09:00:57,740 - Victim node is 19271.
2024-02-04 09:00:57,740 - tensor([19717, 19718, 19719], device='cuda:0')
2024-02-04 09:00:57,740 - Classification Fails.
2024-02-04 09:00:57,740 - Link Generation Succeeds.
2024-02-04 09:12:25,622 - Victim node is 2425.
2024-02-04 09:12:25,622 - tensor([ 1205,  2361, 12019], device='cuda:0')
2024-02-04 09:12:25,622 - Classification Fails.
2024-02-04 09:12:25,622 - Link Generation Fails.
2024-02-04 09:23:52,941 - Victim node is 10679.
2024-02-04 09:23:52,941 - tensor([ 5375, 14893, 15841], device='cuda:0')
2024-02-04 09:23:52,942 - Classification Succeeds.
2024-02-04 09:23:52,942 - Link Generation Fails.
2024-02-04 09:35:17,984 - Victim node is 9065.
2024-02-04 09:35:17,984 - tensor([19717, 19718, 19719], device='cuda:0')
2024-02-04 09:35:17,985 - Classification Fails.
2024-02-04 09:35:17,985 - Link Generation Succeeds.
2024-02-04 09:46:52,198 - Victim node is 2417.
2024-02-04 09:46:52,198 - tensor([19719, 19720, 19721], device='cuda:0')
2024-02-04 09:46:52,199 - Classification Fails.
2024-02-04 09:46:52,199 - Link Generation Succeeds.
2024-02-04 09:58:18,733 - Victim node is 18940.
2024-02-04 09:58:18,733 - tensor([19717, 19718, 19721], device='cuda:0')
2024-02-04 09:58:18,733 - Classification Fails.
2024-02-04 09:58:18,733 - Link Generation Succeeds.
2024-02-04 10:09:47,184 - Victim node is 187.
2024-02-04 10:09:47,184 - tensor([19717, 19718, 19719], device='cuda:0')
2024-02-04 10:09:47,184 - Classification Succeeds.
2024-02-04 10:09:47,184 - Link Generation Succeeds.
2024-02-04 10:21:14,996 - Victim node is 14082.
2024-02-04 10:21:14,997 - tensor([19717, 19718, 19719], device='cuda:0')
2024-02-04 10:21:14,997 - Classification Succeeds.
2024-02-04 10:21:14,997 - Link Generation Succeeds.
2024-02-04 10:32:41,201 - Victim node is 3415.
2024-02-04 10:32:41,201 - tensor([ 1205, 13940, 17819], device='cuda:0')
2024-02-04 10:32:41,201 - Classification Succeeds.
2024-02-04 10:32:41,201 - Link Generation Fails.
2024-02-04 10:44:07,669 - Victim node is 16085.
2024-02-04 10:44:07,669 - tensor([19717, 19718, 19719], device='cuda:0')
2024-02-04 10:44:07,670 - Classification Fails.
2024-02-04 10:44:07,670 - Link Generation Succeeds.
2024-02-04 10:55:36,495 - Victim node is 8805.
2024-02-04 10:55:36,495 - tensor([19717, 19718, 19719], device='cuda:0')
2024-02-04 10:55:36,495 - Classification Succeeds.
2024-02-04 10:55:36,495 - Link Generation Succeeds.
2024-02-04 11:07:00,000 - Victim node is 4341.
2024-02-04 11:07:00,000 - tensor([ 1205,  1920, 19721], device='cuda:0')
2024-02-04 11:07:00,000 - Classification Fails.
2024-02-04 11:07:00,000 - Link Generation Succeeds.
2024-02-04 11:18:26,622 - Victim node is 1749.
2024-02-04 11:18:26,622 - tensor([19717, 19718, 19721], device='cuda:0')
2024-02-04 11:18:26,622 - Classification Fails.
2024-02-04 11:18:26,622 - Link Generation Succeeds.
2024-02-04 11:29:49,187 - Victim node is 12227.
2024-02-04 11:29:49,187 - tensor([ 1920,  2361, 12019], device='cuda:0')
2024-02-04 11:29:49,187 - Classification Succeeds.
2024-02-04 11:29:49,187 - Link Generation Fails.
2024-02-04 11:41:12,725 - Victim node is 10519.
2024-02-04 11:41:12,725 - tensor([19718, 19720, 19721], device='cuda:0')
2024-02-04 11:41:12,726 - Classification Succeeds.
2024-02-04 11:41:12,726 - Link Generation Succeeds.
2024-02-04 11:52:40,492 - Victim node is 16593.
2024-02-04 11:52:40,493 - tensor([19717, 19718, 19719], device='cuda:0')
2024-02-04 11:52:40,493 - Classification Succeeds.
2024-02-04 11:52:40,493 - Link Generation Succeeds.
2024-02-04 12:04:04,859 - Victim node is 16315.
2024-02-04 12:04:04,859 - tensor([19717, 19719, 19720], device='cuda:0')
2024-02-04 12:04:04,860 - Classification Fails.
2024-02-04 12:04:04,860 - Link Generation Succeeds.
2024-02-04 12:15:37,728 - Victim node is 13850.
2024-02-04 12:15:37,729 - tensor([19718, 19720, 19721], device='cuda:0')
2024-02-04 12:15:37,729 - Classification Fails.
2024-02-04 12:15:37,729 - Link Generation Succeeds.
2024-02-04 12:27:05,260 - Victim node is 10299.
2024-02-04 12:27:05,260 - tensor([19717, 19718, 19719], device='cuda:0')
2024-02-04 12:27:05,260 - Classification Fails.
2024-02-04 12:27:05,260 - Link Generation Succeeds.
2024-02-04 12:38:30,957 - Victim node is 13874.
2024-02-04 12:38:30,957 - tensor([19718, 19719, 19721], device='cuda:0')
2024-02-04 12:38:30,957 - Classification Fails.
2024-02-04 12:38:30,957 - Link Generation Succeeds.
2024-02-04 12:50:04,379 - Victim node is 14932.
2024-02-04 12:50:04,379 - tensor([19717, 19718, 19719], device='cuda:0')
2024-02-04 12:50:04,380 - Classification Fails.
2024-02-04 12:50:04,380 - Link Generation Succeeds.
2024-02-04 13:01:30,259 - Victim node is 6648.
2024-02-04 13:01:30,259 - tensor([19718, 19720, 19721], device='cuda:0')
2024-02-04 13:01:30,259 - Classification Fails.
2024-02-04 13:01:30,259 - Link Generation Succeeds.
2024-02-04 13:12:54,719 - Victim node is 19056.
2024-02-04 13:12:54,719 - tensor([19718, 19719, 19721], device='cuda:0')
2024-02-04 13:12:54,719 - Classification Fails.
2024-02-04 13:12:54,719 - Link Generation Succeeds.
2024-02-04 13:24:22,718 - Victim node is 6958.
2024-02-04 13:24:22,718 - tensor([  903,  1205, 12019], device='cuda:0')
2024-02-04 13:24:22,718 - Classification Succeeds.
2024-02-04 13:24:22,718 - Link Generation Fails.
2024-02-04 13:35:46,996 - Victim node is 12483.
2024-02-04 13:35:46,996 - tensor([19717, 19718, 19719], device='cuda:0')
2024-02-04 13:35:46,996 - Classification Fails.
2024-02-04 13:35:46,996 - Link Generation Succeeds.
2024-02-04 13:47:11,169 - Victim node is 19645.
2024-02-04 13:47:11,170 - tensor([19717, 19718, 19719], device='cuda:0')
2024-02-04 13:47:11,170 - Classification Succeeds.
2024-02-04 13:47:11,170 - Link Generation Succeeds.
2024-02-04 13:58:35,153 - Victim node is 7915.
2024-02-04 13:58:35,153 - tensor([19718, 19719, 19721], device='cuda:0')
2024-02-04 13:58:35,154 - Classification Fails.
2024-02-04 13:58:35,154 - Link Generation Succeeds.
2024-02-04 14:10:07,263 - Victim node is 14318.
2024-02-04 14:10:07,264 - tensor([19717, 19718, 19719], device='cuda:0')
2024-02-04 14:10:07,264 - Classification Fails.
2024-02-04 14:10:07,264 - Link Generation Succeeds.
2024-02-04 14:21:31,443 - Victim node is 7857.
2024-02-04 14:21:31,444 - tensor([ 1205, 13940, 19720], device='cuda:0')
2024-02-04 14:21:31,444 - Classification Fails.
2024-02-04 14:21:31,444 - Link Generation Succeeds.
2024-02-04 14:32:55,900 - Victim node is 14033.
2024-02-04 14:32:55,900 - tensor([19718, 19720, 19721], device='cuda:0')
2024-02-04 14:32:55,900 - Classification Fails.
2024-02-04 14:32:55,900 - Link Generation Succeeds.
2024-02-04 14:44:20,486 - Victim node is 12604.
2024-02-04 14:44:20,486 - tensor([ 1205,  1920, 12019], device='cuda:0')
2024-02-04 14:44:20,486 - Classification Succeeds.
2024-02-04 14:44:20,486 - Link Generation Fails.
2024-02-04 14:55:45,929 - Victim node is 15959.
2024-02-04 14:55:45,929 - tensor([19717, 19718, 19719], device='cuda:0')
2024-02-04 14:55:45,930 - Classification Fails.
2024-02-04 14:55:45,930 - Link Generation Succeeds.
2024-02-04 15:07:20,032 - Victim node is 11704.
2024-02-04 15:07:20,032 - tensor([19717, 19718, 19719], device='cuda:0')
2024-02-04 15:07:20,032 - Classification Fails.
2024-02-04 15:07:20,032 - Link Generation Succeeds.
2024-02-04 15:18:46,250 - Victim node is 11237.
2024-02-04 15:18:46,250 - tensor([19717, 19718, 19719], device='cuda:0')
2024-02-04 15:18:46,251 - Classification Fails.
2024-02-04 15:18:46,251 - Link Generation Succeeds.
2024-02-04 15:30:09,866 - Victim node is 2357.
2024-02-04 15:30:09,866 - tensor([ 1205,  1920, 19720], device='cuda:0')
2024-02-04 15:30:09,867 - Classification Fails.
2024-02-04 15:30:09,867 - Link Generation Succeeds.
2024-02-04 15:41:38,819 - Victim node is 12512.
2024-02-04 15:41:38,819 - tensor([ 2361,  5375, 12019], device='cuda:0')
2024-02-04 15:41:38,819 - Classification Succeeds.
2024-02-04 15:41:38,820 - Link Generation Fails.
2024-02-04 15:53:01,175 - Victim node is 9325.
2024-02-04 15:53:01,175 - tensor([19717, 19718, 19720], device='cuda:0')
2024-02-04 15:53:01,176 - Classification Fails.
2024-02-04 15:53:01,176 - Link Generation Succeeds.
2024-02-04 16:04:27,770 - Victim node is 8918.
2024-02-04 16:04:27,771 - tensor([ 7056, 15841, 17194], device='cuda:0')
2024-02-04 16:04:27,771 - Classification Fails.
2024-02-04 16:04:27,771 - Link Generation Fails.
2024-02-04 16:15:51,405 - Victim node is 9906.
2024-02-04 16:15:51,405 - tensor([19719, 19720, 19721], device='cuda:0')
2024-02-04 16:15:51,405 - Classification Fails.
2024-02-04 16:15:51,405 - Link Generation Succeeds.
2024-02-04 16:27:19,983 - Victim node is 10493.
2024-02-04 16:27:19,983 - tensor([ 1205,  1920, 12019], device='cuda:0')
2024-02-04 16:27:19,983 - Classification Fails.
2024-02-04 16:27:19,983 - Link Generation Fails.
2024-02-04 16:38:45,403 - Victim node is 2968.
2024-02-04 16:38:45,403 - tensor([19717, 19718, 19719], device='cuda:0')
2024-02-04 16:38:45,403 - Classification Fails.
2024-02-04 16:38:45,404 - Link Generation Succeeds.
2024-02-04 16:50:17,820 - Victim node is 6322.
2024-02-04 16:50:17,820 - tensor([19718, 19719, 19720], device='cuda:0')
2024-02-04 16:50:17,820 - Classification Fails.
2024-02-04 16:50:17,820 - Link Generation Succeeds.
2024-02-04 17:01:41,567 - Victim node is 738.
2024-02-04 17:01:41,567 - tensor([19717, 19718, 19719], device='cuda:0')
2024-02-04 17:01:41,568 - Classification Fails.
2024-02-04 17:01:41,568 - Link Generation Succeeds.
2024-02-04 17:13:05,907 - Victim node is 15113.
2024-02-04 17:13:05,907 - tensor([ 1205,  1920, 13940], device='cuda:0')
2024-02-04 17:13:05,908 - Classification Succeeds.
2024-02-04 17:13:05,908 - Link Generation Fails.
2024-02-04 17:24:38,216 - Victim node is 8063.
2024-02-04 17:24:38,217 - tensor([19717, 19718, 19719], device='cuda:0')
2024-02-04 17:24:38,217 - Classification Fails.
2024-02-04 17:24:38,217 - Link Generation Succeeds.
2024-02-04 17:36:05,149 - Victim node is 16834.
2024-02-04 17:36:05,150 - tensor([13170, 14893, 15841], device='cuda:0')
2024-02-04 17:36:05,150 - Classification Succeeds.
2024-02-04 17:36:05,150 - Link Generation Fails.
2024-02-04 17:47:32,530 - Victim node is 2936.
2024-02-04 17:47:32,530 - tensor([19717, 19718, 19719], device='cuda:0')
2024-02-04 17:47:32,530 - Classification Fails.
2024-02-04 17:47:32,530 - Link Generation Succeeds.
2024-02-04 17:58:59,576 - Victim node is 17582.
2024-02-04 17:58:59,576 - tensor([ 5375, 12019, 15841], device='cuda:0')
2024-02-04 17:58:59,576 - Classification Succeeds.
2024-02-04 17:58:59,576 - Link Generation Fails.
2024-02-04 18:10:28,345 - Victim node is 15044.
2024-02-04 18:10:28,345 - tensor([19717, 19720, 19721], device='cuda:0')
2024-02-04 18:10:28,345 - Classification Fails.
2024-02-04 18:10:28,345 - Link Generation Succeeds.
2024-02-04 18:21:51,985 - Victim node is 18541.
2024-02-04 18:21:51,986 - tensor([ 7056, 15841, 19721], device='cuda:0')
2024-02-04 18:21:51,986 - Classification Fails.
2024-02-04 18:21:51,986 - Link Generation Succeeds.
2024-02-04 18:33:14,170 - Victim node is 491.
2024-02-04 18:33:14,170 - tensor([19719, 19720, 19721], device='cuda:0')
2024-02-04 18:33:14,170 - Classification Fails.
2024-02-04 18:33:14,170 - Link Generation Succeeds.
2024-02-04 18:44:43,473 - Victim node is 771.
2024-02-04 18:44:43,473 - tensor([ 1205,  1920, 12019], device='cuda:0')
2024-02-04 18:44:43,473 - Classification Succeeds.
2024-02-04 18:44:43,473 - Link Generation Fails.
2024-02-04 18:56:09,289 - Victim node is 9691.
2024-02-04 18:56:09,289 - tensor([19718, 19719, 19720], device='cuda:0')
2024-02-04 18:56:09,289 - Classification Succeeds.
2024-02-04 18:56:09,289 - Link Generation Succeeds.
2024-02-04 19:07:35,197 - Victim node is 4755.
2024-02-04 19:07:35,197 - tensor([19719, 19720, 19721], device='cuda:0')
2024-02-04 19:07:35,197 - Classification Succeeds.
2024-02-04 19:07:35,197 - Link Generation Succeeds.
2024-02-04 19:19:03,188 - Victim node is 7443.
2024-02-04 19:19:03,188 - tensor([19719, 19720, 19721], device='cuda:0')
2024-02-04 19:19:03,188 - Classification Fails.
2024-02-04 19:19:03,188 - Link Generation Succeeds.
2024-02-04 19:30:30,005 - Victim node is 4002.
2024-02-04 19:30:30,005 - tensor([19717, 19718, 19719], device='cuda:0')
2024-02-04 19:30:30,005 - Classification Succeeds.
2024-02-04 19:30:30,005 - Link Generation Succeeds.
2024-02-04 19:41:54,850 - Victim node is 19697.
2024-02-04 19:41:54,850 - tensor([19718, 19719, 19720], device='cuda:0')
2024-02-04 19:41:54,851 - Classification Fails.
2024-02-04 19:41:54,851 - Link Generation Succeeds.
2024-02-04 19:53:23,369 - Victim node is 9173.
2024-02-04 19:53:23,369 - tensor([ 1205,  1920, 13940], device='cuda:0')
2024-02-04 19:53:23,369 - Classification Succeeds.
2024-02-04 19:53:23,369 - Link Generation Fails.
2024-02-04 20:04:49,061 - Victim node is 12983.
2024-02-04 20:04:49,061 - tensor([ 7056, 14044, 15841], device='cuda:0')
2024-02-04 20:04:49,061 - Classification Fails.
2024-02-04 20:04:49,061 - Link Generation Fails.
2024-02-04 20:16:15,169 - Victim node is 16434.
2024-02-04 20:16:15,170 - tensor([19717, 19718, 19720], device='cuda:0')
2024-02-04 20:16:15,170 - Classification Fails.
2024-02-04 20:16:15,170 - Link Generation Succeeds.
2024-02-04 20:27:41,069 - Victim node is 18883.
2024-02-04 20:27:41,069 - tensor([ 1205, 19717, 19721], device='cuda:0')
2024-02-04 20:27:41,069 - Classification Fails.
2024-02-04 20:27:41,069 - Link Generation Succeeds.
2024-02-04 20:39:06,642 - Victim node is 11448.
2024-02-04 20:39:06,642 - tensor([19717, 19718, 19719], device='cuda:0')
2024-02-04 20:39:06,642 - Classification Fails.
2024-02-04 20:39:06,642 - Link Generation Succeeds.
2024-02-04 20:50:33,983 - Victim node is 1810.
2024-02-04 20:50:33,983 - tensor([19718, 19719, 19721], device='cuda:0')
2024-02-04 20:50:33,983 - Classification Fails.
2024-02-04 20:50:33,983 - Link Generation Succeeds.
2024-02-04 21:02:00,282 - Victim node is 8360.
2024-02-04 21:02:00,283 - tensor([ 5375, 14893, 15841], device='cuda:0')
2024-02-04 21:02:00,283 - Classification Succeeds.
2024-02-04 21:02:00,283 - Link Generation Fails.
2024-02-04 21:13:27,218 - Victim node is 9140.
2024-02-04 21:13:27,218 - tensor([ 1205, 13940, 19718], device='cuda:0')
2024-02-04 21:13:27,218 - Classification Fails.
2024-02-04 21:13:27,218 - Link Generation Succeeds.
2024-02-04 21:24:57,310 - Victim node is 18854.
2024-02-04 21:24:57,310 - tensor([19717, 19719, 19721], device='cuda:0')
2024-02-04 21:24:57,310 - Classification Fails.
2024-02-04 21:24:57,310 - Link Generation Succeeds.
2024-02-04 21:36:25,095 - Victim node is 6505.
2024-02-04 21:36:25,095 - tensor([ 1205, 13940, 19720], device='cuda:0')
2024-02-04 21:36:25,095 - Classification Fails.
2024-02-04 21:36:25,096 - Link Generation Succeeds.
2024-02-04 21:47:49,824 - Victim node is 9184.
2024-02-04 21:47:49,824 - tensor([19717, 19718, 19720], device='cuda:0')
2024-02-04 21:47:49,824 - Classification Fails.
2024-02-04 21:47:49,824 - Link Generation Succeeds.
2024-02-04 21:59:18,068 - Victim node is 2897.
2024-02-04 21:59:18,068 - tensor([14893, 15841, 19717], device='cuda:0')
2024-02-04 21:59:18,069 - Classification Fails.
2024-02-04 21:59:18,069 - Link Generation Succeeds.
2024-02-04 22:10:44,670 - Victim node is 10382.
2024-02-04 22:10:44,671 - tensor([19717, 19718, 19719], device='cuda:0')
2024-02-04 22:10:44,671 - Classification Fails.
2024-02-04 22:10:44,671 - Link Generation Succeeds.
2024-02-04 22:22:11,092 - Victim node is 6267.
2024-02-04 22:22:11,092 - tensor([19717, 19719, 19721], device='cuda:0')
2024-02-04 22:22:11,093 - Classification Fails.
2024-02-04 22:22:11,093 - Link Generation Succeeds.
2024-02-04 22:33:41,583 - Victim node is 18669.
2024-02-04 22:33:41,583 - tensor([19717, 19718, 19719], device='cuda:0')
2024-02-04 22:33:41,584 - Classification Fails.
2024-02-04 22:33:41,584 - Link Generation Succeeds.
2024-02-04 22:45:04,947 - Victim node is 5469.
2024-02-04 22:45:04,947 - tensor([15841, 16783, 19718], device='cuda:0')
2024-02-04 22:45:04,948 - Classification Succeeds.
2024-02-04 22:45:04,948 - Link Generation Succeeds.
2024-02-04 22:56:30,251 - Victim node is 14343.
2024-02-04 22:56:30,251 - tensor([19717, 19718, 19719], device='cuda:0')
2024-02-04 22:56:30,251 - Classification Fails.
2024-02-04 22:56:30,252 - Link Generation Succeeds.
2024-02-04 23:07:59,853 - Victim node is 17889.
2024-02-04 23:07:59,853 - tensor([ 1205, 13940, 19719], device='cuda:0')
2024-02-04 23:07:59,854 - Classification Fails.
2024-02-04 23:07:59,854 - Link Generation Succeeds.
2024-02-04 23:19:27,790 - Victim node is 19016.
2024-02-04 23:19:27,791 - tensor([ 1205,  1920, 13940], device='cuda:0')
2024-02-04 23:19:27,791 - Classification Succeeds.
2024-02-04 23:19:27,791 - Link Generation Fails.
2024-02-04 23:30:56,801 - Victim node is 3944.
2024-02-04 23:30:56,801 - tensor([ 1205,  1920, 12019], device='cuda:0')
2024-02-04 23:30:56,802 - Classification Succeeds.
2024-02-04 23:30:56,802 - Link Generation Fails.
2024-02-04 23:42:26,993 - Victim node is 11009.
2024-02-04 23:42:26,993 - tensor([ 1920, 13940, 14742], device='cuda:0')
2024-02-04 23:42:26,994 - Classification Fails.
2024-02-04 23:42:26,994 - Link Generation Fails.
2024-02-04 23:53:53,076 - Victim node is 2422.
2024-02-04 23:53:53,076 - tensor([19717, 19718, 19719], device='cuda:0')
2024-02-04 23:53:53,076 - Classification Fails.
2024-02-04 23:53:53,076 - Link Generation Succeeds.
2024-02-05 00:05:18,983 - Victim node is 6466.
2024-02-05 00:05:18,983 - tensor([ 5375, 14893, 15841], device='cuda:0')
2024-02-05 00:05:18,984 - Classification Succeeds.
2024-02-05 00:05:18,984 - Link Generation Fails.
2024-02-05 00:16:49,850 - Victim node is 3629.
2024-02-05 00:16:49,851 - tensor([19717, 19718, 19719], device='cuda:0')
2024-02-05 00:16:49,851 - Classification Fails.
2024-02-05 00:16:49,851 - Link Generation Succeeds.
2024-02-05 00:28:17,045 - Victim node is 6052.
2024-02-05 00:28:17,046 - tensor([ 5375, 12019, 15841], device='cuda:0')
2024-02-05 00:28:17,046 - Classification Succeeds.
2024-02-05 00:28:17,046 - Link Generation Fails.
2024-02-05 00:39:44,345 - Victim node is 1684.
2024-02-05 00:39:44,345 - tensor([19717, 19718, 19719], device='cuda:0')
2024-02-05 00:39:44,345 - Classification Fails.
2024-02-05 00:39:44,345 - Link Generation Succeeds.
2024-02-05 00:51:16,359 - Victim node is 18529.
2024-02-05 00:51:16,359 - tensor([19717, 19718, 19719], device='cuda:0')
2024-02-05 00:51:16,359 - Classification Succeeds.
2024-02-05 00:51:16,359 - Link Generation Succeeds.
2024-02-05 01:02:42,507 - Victim node is 4874.
2024-02-05 01:02:42,508 - tensor([19717, 19718, 19719], device='cuda:0')
2024-02-05 01:02:42,508 - Classification Fails.
2024-02-05 01:02:42,508 - Link Generation Succeeds.
2024-02-05 01:14:07,563 - Victim node is 10059.
2024-02-05 01:14:07,563 - tensor([19717, 19718, 19719], device='cuda:0')
2024-02-05 01:14:07,564 - Classification Fails.
2024-02-05 01:14:07,564 - Link Generation Succeeds.
2024-02-05 01:25:36,449 - Victim node is 17473.
2024-02-05 01:25:36,449 - tensor([19717, 19718, 19719], device='cuda:0')
2024-02-05 01:25:36,449 - Classification Succeeds.
2024-02-05 01:25:36,449 - Link Generation Succeeds.
2024-02-05 01:36:58,454 - Victim node is 11140.
2024-02-05 01:36:58,454 - tensor([19717, 19718, 19719], device='cuda:0')
2024-02-05 01:36:58,454 - Classification Fails.
2024-02-05 01:36:58,454 - Link Generation Succeeds.
2024-02-05 01:48:23,184 - Victim node is 12121.
2024-02-05 01:48:23,185 - tensor([19717, 19718, 19719], device='cuda:0')
2024-02-05 01:48:23,185 - Classification Fails.
2024-02-05 01:48:23,185 - Link Generation Succeeds.
2024-02-05 01:59:46,803 - Victim node is 987.
2024-02-05 01:59:46,803 - tensor([ 1205,  1920, 13940], device='cuda:0')
2024-02-05 01:59:46,803 - Classification Fails.
2024-02-05 01:59:46,803 - Link Generation Fails.
2024-02-05 02:11:14,018 - Victim node is 3561.
2024-02-05 02:11:14,018 - tensor([  16, 1920, 6340], device='cuda:0')
2024-02-05 02:11:14,018 - Classification Fails.
2024-02-05 02:11:14,018 - Link Generation Fails.
2024-02-05 02:22:40,356 - Victim node is 11106.
2024-02-05 02:22:40,356 - tensor([19718, 19719, 19720], device='cuda:0')
2024-02-05 02:22:40,356 - Classification Fails.
2024-02-05 02:22:40,356 - Link Generation Succeeds.
2024-02-05 02:34:04,470 - Victim node is 11093.
2024-02-05 02:34:04,471 - tensor([19717, 19720, 19721], device='cuda:0')
2024-02-05 02:34:04,471 - Classification Fails.
2024-02-05 02:34:04,471 - Link Generation Succeeds.
2024-02-05 02:45:30,832 - Victim node is 8130.
2024-02-05 02:45:30,832 - tensor([19717, 19718, 19719], device='cuda:0')
2024-02-05 02:45:30,833 - Classification Fails.
2024-02-05 02:45:30,833 - Link Generation Succeeds.
2024-02-05 02:56:59,361 - Victim node is 17008.
2024-02-05 02:56:59,361 - tensor([ 9978, 14893, 15841], device='cuda:0')
2024-02-05 02:56:59,362 - Classification Succeeds.
2024-02-05 02:56:59,362 - Link Generation Fails.
2024-02-05 03:08:31,197 - Victim node is 9192.
2024-02-05 03:08:31,198 - tensor([19717, 19718, 19720], device='cuda:0')
2024-02-05 03:08:31,198 - Classification Fails.
2024-02-05 03:08:31,198 - Link Generation Succeeds.
2024-02-05 03:20:00,228 - Victim node is 6560.
2024-02-05 03:20:00,228 - tensor([19717, 19719, 19720], device='cuda:0')
2024-02-05 03:20:00,229 - Classification Fails.
2024-02-05 03:20:00,229 - Link Generation Succeeds.
2024-02-05 03:31:27,621 - Victim node is 508.
2024-02-05 03:31:27,622 - tensor([19717, 19719, 19720], device='cuda:0')
2024-02-05 03:31:27,622 - Classification Fails.
2024-02-05 03:31:27,622 - Link Generation Succeeds.
2024-02-05 03:42:55,129 - Victim node is 17458.
2024-02-05 03:42:55,129 - tensor([19717, 19718, 19719], device='cuda:0')
2024-02-05 03:42:55,129 - Classification Succeeds.
2024-02-05 03:42:55,129 - Link Generation Succeeds.
2024-02-05 03:54:18,328 - Victim node is 6646.
2024-02-05 03:54:18,328 - tensor([19717, 19718, 19719], device='cuda:0')
2024-02-05 03:54:18,328 - Classification Fails.
2024-02-05 03:54:18,329 - Link Generation Succeeds.
2024-02-05 04:05:45,468 - Victim node is 14253.
2024-02-05 04:05:45,468 - tensor([ 5375, 12019, 15841], device='cuda:0')
2024-02-05 04:05:45,469 - Classification Succeeds.
2024-02-05 04:05:45,469 - Link Generation Fails.
2024-02-05 04:17:11,387 - Victim node is 7906.
2024-02-05 04:17:11,387 - tensor([19717, 19718, 19720], device='cuda:0')
2024-02-05 04:17:11,387 - Classification Fails.
2024-02-05 04:17:11,387 - Link Generation Succeeds.
2024-02-05 04:28:35,607 - Victim node is 885.
2024-02-05 04:28:35,607 - tensor([ 1205,  1920, 19721], device='cuda:0')
2024-02-05 04:28:35,608 - Classification Succeeds.
2024-02-05 04:28:35,608 - Link Generation Succeeds.
2024-02-05 04:40:03,257 - Victim node is 2187.
2024-02-05 04:40:03,258 - tensor([19717, 19718, 19719], device='cuda:0')
2024-02-05 04:40:03,258 - Classification Succeeds.
2024-02-05 04:40:03,258 - Link Generation Succeeds.
2024-02-05 04:51:32,270 - Victim node is 16995.
2024-02-05 04:51:32,270 - tensor([19717, 19718, 19719], device='cuda:0')
2024-02-05 04:51:32,270 - Classification Fails.
2024-02-05 04:51:32,270 - Link Generation Succeeds.
2024-02-05 05:02:56,899 - Victim node is 19546.
2024-02-05 05:02:56,899 - tensor([19717, 19718, 19721], device='cuda:0')
2024-02-05 05:02:56,899 - Classification Fails.
2024-02-05 05:02:56,899 - Link Generation Succeeds.
2024-02-05 05:14:22,219 - Victim node is 10278.
2024-02-05 05:14:22,219 - tensor([19717, 19718, 19721], device='cuda:0')
2024-02-05 05:14:22,219 - Classification Fails.
2024-02-05 05:14:22,219 - Link Generation Succeeds.
2024-02-05 05:25:46,098 - Victim node is 14853.
2024-02-05 05:25:46,098 - tensor([ 1205,  1920, 12019], device='cuda:0')
2024-02-05 05:25:46,098 - Classification Succeeds.
2024-02-05 05:25:46,098 - Link Generation Fails.
2024-02-05 05:37:10,493 - Victim node is 5817.
2024-02-05 05:37:10,493 - tensor([ 1205,  1920, 12019], device='cuda:0')
2024-02-05 05:37:10,493 - Classification Fails.
2024-02-05 05:37:10,493 - Link Generation Fails.
2024-02-05 05:48:33,733 - Victim node is 5475.
2024-02-05 05:48:33,733 - tensor([19717, 19718, 19719], device='cuda:0')
2024-02-05 05:48:33,733 - Classification Fails.
2024-02-05 05:48:33,733 - Link Generation Succeeds.
2024-02-05 05:59:56,901 - Victim node is 15624.
2024-02-05 05:59:56,901 - tensor([15841, 19720, 19721], device='cuda:0')
2024-02-05 05:59:56,901 - Classification Succeeds.
2024-02-05 05:59:56,901 - Link Generation Succeeds.
2024-02-05 06:11:22,002 - Victim node is 16928.
2024-02-05 06:11:22,002 - tensor([ 1205, 12019, 13940], device='cuda:0')
2024-02-05 06:11:22,002 - Classification Succeeds.
2024-02-05 06:11:22,002 - Link Generation Fails.
2024-02-05 06:22:46,094 - Victim node is 624.
2024-02-05 06:22:46,094 - tensor([19717, 19718, 19719], device='cuda:0')
2024-02-05 06:22:46,094 - Classification Fails.
2024-02-05 06:22:46,094 - Link Generation Succeeds.
2024-02-05 06:34:08,455 - Victim node is 1251.
2024-02-05 06:34:08,455 - tensor([ 7056, 14893, 15841], device='cuda:0')
2024-02-05 06:34:08,456 - Classification Fails.
2024-02-05 06:34:08,456 - Link Generation Fails.
2024-02-05 06:45:37,759 - Victim node is 8890.
2024-02-05 06:45:37,760 - tensor([ 1205,  1920, 12019], device='cuda:0')
2024-02-05 06:45:37,760 - Classification Succeeds.
2024-02-05 06:45:37,760 - Link Generation Fails.
2024-02-05 06:57:03,206 - Victim node is 11389.
2024-02-05 06:57:03,206 - tensor([19717, 19718, 19719], device='cuda:0')
2024-02-05 06:57:03,206 - Classification Succeeds.
2024-02-05 06:57:03,206 - Link Generation Succeeds.
2024-02-05 07:08:32,459 - Victim node is 3508.
2024-02-05 07:08:32,459 - tensor([14893, 15841, 17194], device='cuda:0')
2024-02-05 07:08:32,459 - Classification Succeeds.
2024-02-05 07:08:32,459 - Link Generation Fails.
2024-02-05 07:20:01,133 - Victim node is 12529.
2024-02-05 07:20:01,133 - tensor([ 1205,  1920, 12019], device='cuda:0')
2024-02-05 07:20:01,134 - Classification Succeeds.
2024-02-05 07:20:01,134 - Link Generation Fails.
2024-02-05 07:31:26,968 - Victim node is 13174.
2024-02-05 07:31:26,968 - tensor([19717, 19718, 19719], device='cuda:0')
2024-02-05 07:31:26,968 - Classification Fails.
2024-02-05 07:31:26,968 - Link Generation Succeeds.
2024-02-05 07:42:56,407 - Victim node is 8126.
2024-02-05 07:42:56,407 - tensor([19717, 19718, 19720], device='cuda:0')
2024-02-05 07:42:56,407 - Classification Fails.
2024-02-05 07:42:56,408 - Link Generation Succeeds.
2024-02-05 07:54:24,033 - Victim node is 15031.
2024-02-05 07:54:24,033 - tensor([ 5375, 14893, 15841], device='cuda:0')
2024-02-05 07:54:24,034 - Classification Fails.
2024-02-05 07:54:24,034 - Link Generation Fails.
2024-02-05 08:05:51,660 - Victim node is 1596.
2024-02-05 08:05:51,660 - tensor([19717, 19720, 19721], device='cuda:0')
2024-02-05 08:05:51,660 - Classification Fails.
2024-02-05 08:05:51,661 - Link Generation Succeeds.
2024-02-05 08:17:20,443 - Victim node is 1932.
2024-02-05 08:17:20,443 - tensor([19717, 19718, 19719], device='cuda:0')
2024-02-05 08:17:20,443 - Classification Succeeds.
2024-02-05 08:17:20,443 - Link Generation Succeeds.
2024-02-05 08:28:45,643 - Victim node is 7785.
2024-02-05 08:28:45,643 - tensor([ 1205,  1920, 13940], device='cuda:0')
2024-02-05 08:28:45,643 - Classification Succeeds.
2024-02-05 08:28:45,644 - Link Generation Fails.
2024-02-05 08:40:09,971 - Victim node is 18639.
2024-02-05 08:40:09,971 - tensor([13940, 19720, 19721], device='cuda:0')
2024-02-05 08:40:09,972 - Classification Fails.
2024-02-05 08:40:09,972 - Link Generation Succeeds.
2024-02-05 08:51:33,643 - Victim node is 18371.
2024-02-05 08:51:33,643 - tensor([ 1360,  9978, 15841], device='cuda:0')
2024-02-05 08:51:33,643 - Classification Fails.
2024-02-05 08:51:33,644 - Link Generation Fails.
2024-02-05 09:02:57,135 - Victim node is 14852.
2024-02-05 09:02:57,135 - tensor([19717, 19718, 19719], device='cuda:0')
2024-02-05 09:02:57,135 - Classification Fails.
2024-02-05 09:02:57,135 - Link Generation Succeeds.
2024-02-05 09:14:18,874 - Victim node is 10364.
2024-02-05 09:14:18,874 - tensor([19717, 19719, 19720], device='cuda:0')
2024-02-05 09:14:18,875 - Classification Fails.
2024-02-05 09:14:18,875 - Link Generation Succeeds.
2024-02-05 09:25:42,092 - Victim node is 9606.
2024-02-05 09:25:42,092 - tensor([19717, 19718, 19719], device='cuda:0')
2024-02-05 09:25:42,092 - Classification Succeeds.
2024-02-05 09:25:42,092 - Link Generation Succeeds.
2024-02-05 09:37:07,702 - Victim node is 14178.
2024-02-05 09:37:07,702 - tensor([19717, 19718, 19719], device='cuda:0')
2024-02-05 09:37:07,702 - Classification Fails.
2024-02-05 09:37:07,702 - Link Generation Succeeds.
2024-02-05 09:48:32,778 - Victim node is 8065.
2024-02-05 09:48:32,778 - tensor([19717, 19718, 19719], device='cuda:0')
2024-02-05 09:48:32,778 - Classification Fails.
2024-02-05 09:48:32,778 - Link Generation Succeeds.
2024-02-05 09:59:59,061 - Victim node is 1517.
2024-02-05 09:59:59,061 - tensor([19717, 19718, 19719], device='cuda:0')
2024-02-05 09:59:59,062 - Classification Succeeds.
2024-02-05 09:59:59,062 - Link Generation Succeeds.
2024-02-05 10:11:21,894 - Victim node is 9158.
2024-02-05 10:11:21,895 - tensor([19717, 19718, 19719], device='cuda:0')
2024-02-05 10:11:21,895 - Classification Succeeds.
2024-02-05 10:11:21,895 - Link Generation Succeeds.
2024-02-05 10:22:47,208 - Victim node is 5249.
2024-02-05 10:22:47,208 - tensor([19717, 19718, 19720], device='cuda:0')
2024-02-05 10:22:47,208 - Classification Fails.
2024-02-05 10:22:47,208 - Link Generation Succeeds.
2024-02-05 10:34:11,940 - Victim node is 9515.
2024-02-05 10:34:11,941 - tensor([19717, 19719, 19720], device='cuda:0')
2024-02-05 10:34:11,941 - Classification Fails.
2024-02-05 10:34:11,941 - Link Generation Succeeds.
2024-02-05 10:45:38,367 - Victim node is 4922.
2024-02-05 10:45:38,367 - tensor([19717, 19718, 19719], device='cuda:0')
2024-02-05 10:45:38,368 - Classification Succeeds.
2024-02-05 10:45:38,368 - Link Generation Succeeds.
2024-02-05 10:57:02,890 - Victim node is 14202.
2024-02-05 10:57:02,891 - tensor([19718, 19719, 19721], device='cuda:0')
2024-02-05 10:57:02,891 - Classification Fails.
2024-02-05 10:57:02,891 - Link Generation Succeeds.
2024-02-05 11:08:28,242 - Victim node is 18588.
2024-02-05 11:08:28,242 - tensor([ 1205, 13940, 19719], device='cuda:0')
2024-02-05 11:08:28,242 - Classification Fails.
2024-02-05 11:08:28,242 - Link Generation Succeeds.
2024-02-05 11:19:51,229 - Victim node is 9107.
2024-02-05 11:19:51,229 - tensor([  903, 12019, 19720], device='cuda:0')
2024-02-05 11:19:51,229 - Classification Fails.
2024-02-05 11:19:51,229 - Link Generation Succeeds.
2024-02-05 11:31:17,349 - Victim node is 2608.
2024-02-05 11:31:17,349 - tensor([19717, 19718, 19721], device='cuda:0')
2024-02-05 11:31:17,350 - Classification Fails.
2024-02-05 11:31:17,350 - Link Generation Succeeds.
2024-02-05 11:42:47,785 - Victim node is 7606.
2024-02-05 11:42:47,786 - tensor([19717, 19719, 19720], device='cuda:0')
2024-02-05 11:42:47,786 - Classification Succeeds.
2024-02-05 11:42:47,786 - Link Generation Succeeds.
2024-02-05 11:54:15,989 - Victim node is 13517.
2024-02-05 11:54:15,989 - tensor([19717, 19718, 19720], device='cuda:0')
2024-02-05 11:54:15,989 - Classification Fails.
2024-02-05 11:54:15,989 - Link Generation Succeeds.
2024-02-05 12:05:48,198 - Victim node is 150.
2024-02-05 12:05:48,199 - tensor([19717, 19720, 19721], device='cuda:0')
2024-02-05 12:05:48,199 - Classification Fails.
2024-02-05 12:05:48,199 - Link Generation Succeeds.
2024-02-05 12:17:12,408 - Victim node is 6188.
2024-02-05 12:17:12,408 - tensor([ 1205, 19720, 19721], device='cuda:0')
2024-02-05 12:17:12,409 - Classification Succeeds.
2024-02-05 12:17:12,409 - Link Generation Succeeds.
2024-02-05 12:28:36,551 - Victim node is 5738.
2024-02-05 12:28:36,551 - tensor([19717, 19718, 19719], device='cuda:0')
2024-02-05 12:28:36,551 - Classification Fails.
2024-02-05 12:28:36,551 - Link Generation Succeeds.
2024-02-05 12:40:09,886 - Victim node is 1879.
2024-02-05 12:40:09,887 - tensor([ 1920, 15841, 19717], device='cuda:0')
2024-02-05 12:40:09,887 - Classification Succeeds.
2024-02-05 12:40:09,887 - Link Generation Succeeds.
2024-02-05 12:51:34,709 - Victim node is 17892.
2024-02-05 12:51:34,709 - tensor([19717, 19718, 19719], device='cuda:0')
2024-02-05 12:51:34,710 - Classification Fails.
2024-02-05 12:51:34,710 - Link Generation Succeeds.
2024-02-05 13:02:59,986 - Victim node is 8965.
2024-02-05 13:02:59,986 - tensor([19717, 19718, 19719], device='cuda:0')
2024-02-05 13:02:59,986 - Classification Fails.
2024-02-05 13:02:59,986 - Link Generation Succeeds.
2024-02-05 13:14:29,129 - Victim node is 2121.
2024-02-05 13:14:29,129 - tensor([ 1205, 19717, 19719], device='cuda:0')
2024-02-05 13:14:29,130 - Classification Succeeds.
2024-02-05 13:14:29,130 - Link Generation Succeeds.
2024-02-05 13:25:54,440 - Victim node is 12651.
2024-02-05 13:25:54,440 - tensor([19718, 19720, 19721], device='cuda:0')
2024-02-05 13:25:54,440 - Classification Fails.
2024-02-05 13:25:54,440 - Link Generation Succeeds.
2024-02-05 13:37:25,834 - Victim node is 10984.
2024-02-05 13:37:25,834 - tensor([19718, 19720, 19721], device='cuda:0')
2024-02-05 13:37:25,834 - Classification Fails.
2024-02-05 13:37:25,834 - Link Generation Succeeds.
2024-02-05 13:48:52,202 - Victim node is 13087.
2024-02-05 13:48:52,202 - tensor([19719, 19720, 19721], device='cuda:0')
2024-02-05 13:48:52,203 - Classification Fails.
2024-02-05 13:48:52,203 - Link Generation Succeeds.
2024-02-05 14:00:19,771 - Victim node is 10585.
2024-02-05 14:00:19,771 - tensor([19717, 19718, 19719], device='cuda:0')
2024-02-05 14:00:19,771 - Classification Succeeds.
2024-02-05 14:00:19,771 - Link Generation Succeeds.
2024-02-05 14:11:45,557 - Victim node is 12477.
2024-02-05 14:11:45,557 - tensor([19717, 19718, 19719], device='cuda:0')
2024-02-05 14:11:45,557 - Classification Fails.
2024-02-05 14:11:45,557 - Link Generation Succeeds.
2024-02-05 14:23:12,575 - Victim node is 16375.
2024-02-05 14:23:12,575 - tensor([ 1205,  9471, 11816], device='cuda:0')
2024-02-05 14:23:12,575 - Classification Succeeds.
2024-02-05 14:23:12,575 - Link Generation Fails.
2024-02-05 14:34:39,028 - Victim node is 8909.
2024-02-05 14:34:39,028 - tensor([19717, 19718, 19719], device='cuda:0')
2024-02-05 14:34:39,028 - Classification Fails.
2024-02-05 14:34:39,028 - Link Generation Succeeds.
2024-02-05 14:46:05,839 - Victim node is 3700.
2024-02-05 14:46:05,839 - tensor([19717, 19718, 19719], device='cuda:0')
2024-02-05 14:46:05,840 - Classification Fails.
2024-02-05 14:46:05,840 - Link Generation Succeeds.
2024-02-05 14:57:34,990 - Victim node is 13465.
2024-02-05 14:57:34,990 - tensor([19717, 19718, 19721], device='cuda:0')
2024-02-05 14:57:34,990 - Classification Succeeds.
2024-02-05 14:57:34,990 - Link Generation Succeeds.
2024-02-05 15:08:59,945 - Victim node is 14020.
2024-02-05 15:08:59,945 - tensor([19717, 19719, 19720], device='cuda:0')
2024-02-05 15:08:59,946 - Classification Succeeds.
2024-02-05 15:08:59,946 - Link Generation Succeeds.
2024-02-05 15:20:34,312 - Victim node is 5532.
2024-02-05 15:20:34,312 - tensor([ 5375, 14893, 15841], device='cuda:0')
2024-02-05 15:20:34,312 - Classification Fails.
2024-02-05 15:20:34,312 - Link Generation Fails.
2024-02-05 15:31:59,234 - Victim node is 19318.
2024-02-05 15:31:59,235 - tensor([19717, 19718, 19719], device='cuda:0')
2024-02-05 15:31:59,235 - Classification Succeeds.
2024-02-05 15:31:59,235 - Link Generation Succeeds.
2024-02-05 15:43:23,782 - Victim node is 5078.
2024-02-05 15:43:23,782 - tensor([19717, 19718, 19719], device='cuda:0')
2024-02-05 15:43:23,782 - Classification Fails.
2024-02-05 15:43:23,782 - Link Generation Succeeds.
2024-02-05 15:54:53,573 - Victim node is 19668.
2024-02-05 15:54:53,574 - tensor([19717, 19718, 19721], device='cuda:0')
2024-02-05 15:54:53,574 - Classification Fails.
2024-02-05 15:54:53,574 - Link Generation Succeeds.
2024-02-05 16:06:16,234 - Victim node is 575.
2024-02-05 16:06:16,234 - tensor([19717, 19718, 19720], device='cuda:0')
2024-02-05 16:06:16,234 - Classification Fails.
2024-02-05 16:06:16,234 - Link Generation Succeeds.
2024-02-05 16:17:44,059 - Victim node is 18583.
2024-02-05 16:17:44,059 - tensor([19717, 19718, 19719], device='cuda:0')
2024-02-05 16:17:44,060 - Classification Fails.
2024-02-05 16:17:44,060 - Link Generation Succeeds.
2024-02-05 16:29:08,675 - Victim node is 9537.
2024-02-05 16:29:08,675 - tensor([19717, 19718, 19719], device='cuda:0')
2024-02-05 16:29:08,675 - Classification Fails.
2024-02-05 16:29:08,675 - Link Generation Succeeds.
2024-02-05 16:40:34,432 - Victim node is 1818.
2024-02-05 16:40:34,432 - tensor([ 1205, 19718, 19720], device='cuda:0')
2024-02-05 16:40:34,432 - Classification Fails.
2024-02-05 16:40:34,432 - Link Generation Succeeds.
2024-02-05 16:52:00,782 - Victim node is 9252.
2024-02-05 16:52:00,783 - tensor([19717, 19718, 19720], device='cuda:0')
2024-02-05 16:52:00,783 - Classification Succeeds.
2024-02-05 16:52:00,783 - Link Generation Succeeds.
2024-02-05 17:03:28,159 - Victim node is 6976.
2024-02-05 17:03:28,159 - tensor([ 1205,  1920, 12019], device='cuda:0')
2024-02-05 17:03:28,160 - Classification Fails.
2024-02-05 17:03:28,160 - Link Generation Fails.
2024-02-05 17:14:56,276 - Victim node is 18285.
2024-02-05 17:14:56,277 - tensor([19717, 19718, 19719], device='cuda:0')
2024-02-05 17:14:56,277 - Classification Succeeds.
2024-02-05 17:14:56,277 - Link Generation Succeeds.
2024-02-05 17:26:25,013 - Victim node is 7918.
2024-02-05 17:26:25,013 - tensor([19717, 19718, 19719], device='cuda:0')
2024-02-05 17:26:25,013 - Classification Succeeds.
2024-02-05 17:26:25,013 - Link Generation Succeeds.
2024-02-05 17:37:49,056 - Victim node is 18724.
2024-02-05 17:37:49,056 - tensor([ 5375, 12019, 15841], device='cuda:0')
2024-02-05 17:37:49,057 - Classification Fails.
2024-02-05 17:37:49,057 - Link Generation Fails.
2024-02-05 17:49:17,416 - Victim node is 19169.
2024-02-05 17:49:17,416 - tensor([19717, 19718, 19719], device='cuda:0')
2024-02-05 17:49:17,416 - Classification Fails.
2024-02-05 17:49:17,416 - Link Generation Succeeds.
2024-02-05 18:00:44,006 - Victim node is 574.
2024-02-05 18:00:44,006 - tensor([ 1205, 19717, 19718], device='cuda:0')
2024-02-05 18:00:44,006 - Classification Fails.
2024-02-05 18:00:44,006 - Link Generation Succeeds.
2024-02-05 18:12:11,051 - Victim node is 4641.
2024-02-05 18:12:11,051 - tensor([ 1205,  1920, 13940], device='cuda:0')
2024-02-05 18:12:11,052 - Classification Succeeds.
2024-02-05 18:12:11,052 - Link Generation Fails.
2024-02-05 18:23:34,201 - Victim node is 3857.
2024-02-05 18:23:34,201 - tensor([ 1205,  1920, 12019], device='cuda:0')
2024-02-05 18:23:34,202 - Classification Fails.
2024-02-05 18:23:34,202 - Link Generation Fails.
2024-02-05 18:35:02,911 - Victim node is 15967.
2024-02-05 18:35:02,911 - tensor([ 1205,  1920, 12019], device='cuda:0')
2024-02-05 18:35:02,911 - Classification Fails.
2024-02-05 18:35:02,911 - Link Generation Fails.
2024-02-05 18:46:30,142 - Victim node is 447.
2024-02-05 18:46:30,142 - tensor([19718, 19720, 19721], device='cuda:0')
2024-02-05 18:46:30,142 - Classification Fails.
2024-02-05 18:46:30,142 - Link Generation Succeeds.
2024-02-05 18:57:57,950 - Victim node is 4352.
2024-02-05 18:57:57,950 - tensor([ 1205,  1920, 12019], device='cuda:0')
2024-02-05 18:57:57,951 - Classification Fails.
2024-02-05 18:57:57,951 - Link Generation Fails.
2024-02-05 19:09:23,523 - Victim node is 17480.
2024-02-05 19:09:23,523 - tensor([ 1205, 13940, 19719], device='cuda:0')
2024-02-05 19:09:23,524 - Classification Fails.
2024-02-05 19:09:23,524 - Link Generation Succeeds.
2024-02-05 19:20:47,403 - Victim node is 1898.
2024-02-05 19:20:47,403 - tensor([ 7056, 10857, 14044], device='cuda:0')
2024-02-05 19:20:47,404 - Classification Succeeds.
2024-02-05 19:20:47,404 - Link Generation Fails.
2024-02-05 19:32:22,698 - Victim node is 644.
2024-02-05 19:32:22,698 - tensor([ 1920,  2361, 12019], device='cuda:0')
2024-02-05 19:32:22,699 - Classification Fails.
2024-02-05 19:32:22,699 - Link Generation Fails.
2024-02-05 19:43:49,658 - Victim node is 11337.
2024-02-05 19:43:49,658 - tensor([19717, 19718, 19719], device='cuda:0')
2024-02-05 19:43:49,659 - Classification Succeeds.
2024-02-05 19:43:49,659 - Link Generation Succeeds.
2024-02-05 19:55:14,973 - Victim node is 9749.
2024-02-05 19:55:14,973 - tensor([19717, 19720, 19721], device='cuda:0')
2024-02-05 19:55:14,973 - Classification Fails.
2024-02-05 19:55:14,973 - Link Generation Succeeds.
2024-02-05 20:06:46,058 - Victim node is 6662.
2024-02-05 20:06:46,058 - tensor([19718, 19719, 19721], device='cuda:0')
2024-02-05 20:06:46,059 - Classification Fails.
2024-02-05 20:06:46,059 - Link Generation Succeeds.
2024-02-05 20:18:14,271 - Victim node is 16799.
2024-02-05 20:18:14,272 - tensor([19717, 19718, 19719], device='cuda:0')
2024-02-05 20:18:14,272 - Classification Fails.
2024-02-05 20:18:14,272 - Link Generation Succeeds.
2024-02-05 20:29:40,292 - Victim node is 4957.
2024-02-05 20:29:40,292 - tensor([19717, 19718, 19719], device='cuda:0')
2024-02-05 20:29:40,292 - Classification Succeeds.
2024-02-05 20:29:40,292 - Link Generation Succeeds.
2024-02-05 20:41:05,181 - Victim node is 15888.
2024-02-05 20:41:05,181 - tensor([ 1205,  1920, 12019], device='cuda:0')
2024-02-05 20:41:05,182 - Classification Fails.
2024-02-05 20:41:05,182 - Link Generation Fails.
2024-02-05 20:52:35,152 - Victim node is 16843.
2024-02-05 20:52:35,152 - tensor([19717, 19718, 19720], device='cuda:0')
2024-02-05 20:52:35,152 - Classification Fails.
2024-02-05 20:52:35,152 - Link Generation Succeeds.
2024-02-05 21:04:02,283 - Victim node is 17338.
2024-02-05 21:04:02,284 - tensor([19717, 19718, 19719], device='cuda:0')
2024-02-05 21:04:02,284 - Classification Fails.
2024-02-05 21:04:02,284 - Link Generation Succeeds.
2024-02-05 21:15:30,869 - Victim node is 11273.
2024-02-05 21:15:30,869 - tensor([19717, 19719, 19720], device='cuda:0')
2024-02-05 21:15:30,869 - Classification Fails.
2024-02-05 21:15:30,869 - Link Generation Succeeds.
2024-02-05 21:26:59,312 - Victim node is 5315.
2024-02-05 21:26:59,312 - tensor([19717, 19718, 19719], device='cuda:0')
2024-02-05 21:26:59,312 - Classification Succeeds.
2024-02-05 21:26:59,312 - Link Generation Succeeds.
2024-02-05 21:38:23,182 - Victim node is 17899.
2024-02-05 21:38:23,182 - tensor([ 1205, 14742, 19719], device='cuda:0')
2024-02-05 21:38:23,182 - Classification Fails.
2024-02-05 21:38:23,183 - Link Generation Succeeds.
2024-02-05 21:49:49,024 - Victim node is 4112.
2024-02-05 21:49:49,024 - tensor([19717, 19720, 19721], device='cuda:0')
2024-02-05 21:49:49,024 - Classification Fails.
2024-02-05 21:49:49,025 - Link Generation Succeeds.
2024-02-05 22:01:15,153 - Victim node is 18411.
2024-02-05 22:01:15,153 - tensor([19717, 19718, 19719], device='cuda:0')
2024-02-05 22:01:15,153 - Classification Fails.
2024-02-05 22:01:15,153 - Link Generation Succeeds.
2024-02-05 22:12:41,329 - Victim node is 15412.
2024-02-05 22:12:41,329 - tensor([19718, 19719, 19720], device='cuda:0')
2024-02-05 22:12:41,330 - Classification Fails.
2024-02-05 22:12:41,330 - Link Generation Succeeds.
2024-02-05 22:24:06,637 - Victim node is 11726.
2024-02-05 22:24:06,637 - tensor([19717, 19718, 19719], device='cuda:0')
2024-02-05 22:24:06,637 - Classification Fails.
2024-02-05 22:24:06,638 - Link Generation Succeeds.
2024-02-05 22:35:34,000 - Victim node is 10265.
2024-02-05 22:35:34,000 - tensor([ 1205,  1920, 13940], device='cuda:0')
2024-02-05 22:35:34,000 - Classification Succeeds.
2024-02-05 22:35:34,000 - Link Generation Fails.
2024-02-05 22:46:58,383 - Victim node is 8742.
2024-02-05 22:46:58,383 - tensor([19717, 19719, 19720], device='cuda:0')
2024-02-05 22:46:58,384 - Classification Fails.
2024-02-05 22:46:58,384 - Link Generation Succeeds.
2024-02-05 22:58:25,677 - Victim node is 10308.
2024-02-05 22:58:25,677 - tensor([ 1205, 12019, 13940], device='cuda:0')
2024-02-05 22:58:25,678 - Classification Succeeds.
2024-02-05 22:58:25,678 - Link Generation Fails.
2024-02-05 23:09:52,064 - Victim node is 15289.
2024-02-05 23:09:52,064 - tensor([ 1205,  1920, 19719], device='cuda:0')
2024-02-05 23:09:52,065 - Classification Fails.
2024-02-05 23:09:52,065 - Link Generation Succeeds.
2024-02-05 23:21:20,704 - Victim node is 7137.
2024-02-05 23:21:20,704 - tensor([ 6209, 13170, 15841], device='cuda:0')
2024-02-05 23:21:20,704 - Classification Fails.
2024-02-05 23:21:20,704 - Link Generation Fails.
2024-02-05 23:32:44,942 - Victim node is 439.
2024-02-05 23:32:44,942 - tensor([19718, 19720, 19721], device='cuda:0')
2024-02-05 23:32:44,942 - Classification Fails.
2024-02-05 23:32:44,942 - Link Generation Succeeds.
2024-02-05 23:44:09,460 - Victim node is 17475.
2024-02-05 23:44:09,460 - tensor([19718, 19719, 19721], device='cuda:0')
2024-02-05 23:44:09,461 - Classification Fails.
2024-02-05 23:44:09,461 - Link Generation Succeeds.
2024-02-05 23:55:36,602 - Victim node is 15299.
2024-02-05 23:55:36,603 - tensor([19717, 19718, 19719], device='cuda:0')
2024-02-05 23:55:36,603 - Classification Fails.
2024-02-05 23:55:36,603 - Link Generation Succeeds.
2024-02-06 00:07:03,003 - Victim node is 409.
2024-02-06 00:07:03,003 - tensor([ 1920, 15841, 19721], device='cuda:0')
2024-02-06 00:07:03,003 - Classification Succeeds.
2024-02-06 00:07:03,003 - Link Generation Succeeds.
2024-02-06 00:18:26,122 - Victim node is 15583.
2024-02-06 00:18:26,122 - tensor([19718, 19719, 19720], device='cuda:0')
2024-02-06 00:18:26,123 - Classification Fails.
2024-02-06 00:18:26,123 - Link Generation Succeeds.
2024-02-06 00:29:58,277 - Victim node is 264.
2024-02-06 00:29:58,277 - tensor([19717, 19719, 19721], device='cuda:0')
2024-02-06 00:29:58,278 - Classification Fails.
2024-02-06 00:29:58,278 - Link Generation Succeeds.
2024-02-06 00:41:26,239 - Victim node is 18690.
2024-02-06 00:41:26,239 - tensor([19718, 19720, 19721], device='cuda:0')
2024-02-06 00:41:26,239 - Classification Fails.
2024-02-06 00:41:26,239 - Link Generation Succeeds.
2024-02-06 00:52:52,130 - Victim node is 3707.
2024-02-06 00:52:52,130 - tensor([ 1205,  1920, 12019], device='cuda:0')
2024-02-06 00:52:52,130 - Classification Succeeds.
2024-02-06 00:52:52,130 - Link Generation Fails.
2024-02-06 01:04:17,535 - Victim node is 1785.
2024-02-06 01:04:17,536 - tensor([19717, 19718, 19720], device='cuda:0')
2024-02-06 01:04:17,536 - Classification Succeeds.
2024-02-06 01:04:17,536 - Link Generation Succeeds.
2024-02-06 01:15:46,397 - Victim node is 11095.
2024-02-06 01:15:46,397 - tensor([ 1205, 13940, 19718], device='cuda:0')
2024-02-06 01:15:46,397 - Classification Fails.
2024-02-06 01:15:46,398 - Link Generation Succeeds.
2024-02-06 01:27:13,511 - Victim node is 18227.
2024-02-06 01:27:13,511 - tensor([19717, 19720, 19721], device='cuda:0')
2024-02-06 01:27:13,512 - Classification Fails.
2024-02-06 01:27:13,512 - Link Generation Succeeds.
2024-02-06 01:38:41,832 - Victim node is 18976.
2024-02-06 01:38:41,832 - tensor([19717, 19718, 19719], device='cuda:0')
2024-02-06 01:38:41,832 - Classification Succeeds.
2024-02-06 01:38:41,833 - Link Generation Succeeds.
2024-02-06 01:50:07,735 - Victim node is 16159.
2024-02-06 01:50:07,736 - tensor([19717, 19719, 19721], device='cuda:0')
2024-02-06 01:50:07,736 - Classification Fails.
2024-02-06 01:50:07,736 - Link Generation Succeeds.
2024-02-06 02:01:33,321 - Victim node is 13723.
2024-02-06 02:01:33,321 - tensor([19717, 19718, 19720], device='cuda:0')
2024-02-06 02:01:33,321 - Classification Fails.
2024-02-06 02:01:33,321 - Link Generation Succeeds.
2024-02-06 02:12:59,813 - Victim node is 10274.
2024-02-06 02:12:59,814 - tensor([19717, 19719, 19721], device='cuda:0')
2024-02-06 02:12:59,814 - Classification Fails.
2024-02-06 02:12:59,814 - Link Generation Succeeds.
2024-02-06 02:24:23,704 - Victim node is 7603.
2024-02-06 02:24:23,704 - tensor([19717, 19718, 19719], device='cuda:0')
2024-02-06 02:24:23,704 - Classification Fails.
2024-02-06 02:24:23,704 - Link Generation Succeeds.
2024-02-06 02:35:51,980 - Victim node is 9257.
2024-02-06 02:35:51,980 - tensor([ 1205,  1920, 12019], device='cuda:0')
2024-02-06 02:35:51,981 - Classification Succeeds.
2024-02-06 02:35:51,981 - Link Generation Fails.
2024-02-06 02:47:19,511 - Victim node is 15831.
2024-02-06 02:47:19,511 - tensor([19717, 19718, 19719], device='cuda:0')
2024-02-06 02:47:19,512 - Classification Succeeds.
2024-02-06 02:47:19,512 - Link Generation Succeeds.
2024-02-06 02:58:53,630 - Victim node is 11205.
2024-02-06 02:58:53,631 - tensor([19717, 19719, 19720], device='cuda:0')
2024-02-06 02:58:53,631 - Classification Fails.
2024-02-06 02:58:53,631 - Link Generation Succeeds.
2024-02-06 03:10:19,170 - Victim node is 8156.
2024-02-06 03:10:19,170 - tensor([19717, 19718, 19719], device='cuda:0')
2024-02-06 03:10:19,170 - Classification Fails.
2024-02-06 03:10:19,170 - Link Generation Succeeds.
2024-02-06 03:21:47,700 - Victim node is 4944.
2024-02-06 03:21:47,700 - tensor([19717, 19718, 19719], device='cuda:0')
2024-02-06 03:21:47,700 - Classification Fails.
2024-02-06 03:21:47,700 - Link Generation Succeeds.
2024-02-06 03:33:09,524 - Victim node is 5795.
2024-02-06 03:33:09,524 - tensor([19717, 19718, 19719], device='cuda:0')
2024-02-06 03:33:09,524 - Classification Succeeds.
2024-02-06 03:33:09,524 - Link Generation Succeeds.
2024-02-06 03:44:37,686 - Victim node is 5912.
2024-02-06 03:44:37,686 - tensor([19717, 19718, 19719], device='cuda:0')
2024-02-06 03:44:37,686 - Classification Fails.
2024-02-06 03:44:37,686 - Link Generation Succeeds.
2024-02-06 03:56:06,696 - Victim node is 16056.
2024-02-06 03:56:06,696 - tensor([19717, 19719, 19721], device='cuda:0')
2024-02-06 03:56:06,697 - Classification Fails.
2024-02-06 03:56:06,697 - Link Generation Succeeds.
2024-02-06 04:07:33,349 - Victim node is 9801.
2024-02-06 04:07:33,349 - tensor([ 1205,  5440, 13940], device='cuda:0')
2024-02-06 04:07:33,349 - Classification Succeeds.
2024-02-06 04:07:33,349 - Link Generation Fails.
2024-02-06 04:18:59,123 - Victim node is 2961.
2024-02-06 04:18:59,123 - tensor([19718, 19719, 19721], device='cuda:0')
2024-02-06 04:18:59,123 - Classification Fails.
2024-02-06 04:18:59,123 - Link Generation Succeeds.
2024-02-06 04:30:25,311 - Victim node is 1233.
2024-02-06 04:30:25,311 - tensor([ 1205,  1920, 13940], device='cuda:0')
2024-02-06 04:30:25,311 - Classification Fails.
2024-02-06 04:30:25,312 - Link Generation Fails.
2024-02-06 04:41:48,059 - Victim node is 6709.
2024-02-06 04:41:48,059 - tensor([ 1205, 13940, 19721], device='cuda:0')
2024-02-06 04:41:48,059 - Classification Fails.
2024-02-06 04:41:48,059 - Link Generation Succeeds.
2024-02-06 04:53:15,105 - Victim node is 6990.
2024-02-06 04:53:15,106 - tensor([19717, 19718, 19719], device='cuda:0')
2024-02-06 04:53:15,106 - Classification Fails.
2024-02-06 04:53:15,106 - Link Generation Succeeds.
2024-02-06 05:04:39,778 - Victim node is 16710.
2024-02-06 05:04:39,779 - tensor([19718, 19720, 19721], device='cuda:0')
2024-02-06 05:04:39,779 - Classification Fails.
2024-02-06 05:04:39,779 - Link Generation Succeeds.
2024-02-06 05:16:06,709 - Victim node is 17706.
2024-02-06 05:16:06,709 - tensor([19717, 19718, 19719], device='cuda:0')
2024-02-06 05:16:06,710 - Classification Succeeds.
2024-02-06 05:16:06,710 - Link Generation Succeeds.
2024-02-06 05:27:30,438 - Victim node is 15359.
2024-02-06 05:27:30,438 - tensor([ 1205,  1920, 12019], device='cuda:0')
2024-02-06 05:27:30,438 - Classification Succeeds.
2024-02-06 05:27:30,438 - Link Generation Fails.
2024-02-06 05:38:58,667 - Victim node is 17403.
2024-02-06 05:38:58,667 - tensor([19719, 19720, 19721], device='cuda:0')
2024-02-06 05:38:58,667 - Classification Fails.
2024-02-06 05:38:58,667 - Link Generation Succeeds.
2024-02-06 05:50:24,841 - Victim node is 1792.
2024-02-06 05:50:24,842 - tensor([ 5375, 14893, 15841], device='cuda:0')
2024-02-06 05:50:24,842 - Classification Fails.
2024-02-06 05:50:24,842 - Link Generation Fails.
2024-02-06 06:01:53,655 - Victim node is 18797.
2024-02-06 06:01:53,656 - tensor([ 1205, 19719, 19721], device='cuda:0')
2024-02-06 06:01:53,656 - Classification Fails.
2024-02-06 06:01:53,656 - Link Generation Succeeds.
2024-02-06 06:13:20,299 - Victim node is 15350.
2024-02-06 06:13:20,299 - tensor([19717, 19718, 19719], device='cuda:0')
2024-02-06 06:13:20,299 - Classification Fails.
2024-02-06 06:13:20,299 - Link Generation Succeeds.
2024-02-06 06:24:46,265 - Victim node is 6071.
2024-02-06 06:24:46,265 - tensor([19717, 19718, 19719], device='cuda:0')
2024-02-06 06:24:46,266 - Classification Fails.
2024-02-06 06:24:46,266 - Link Generation Succeeds.
2024-02-06 06:36:11,071 - Victim node is 4094.
2024-02-06 06:36:11,071 - tensor([19717, 19718, 19720], device='cuda:0')
2024-02-06 06:36:11,072 - Classification Succeeds.
2024-02-06 06:36:11,072 - Link Generation Succeeds.
2024-02-06 06:47:38,237 - Victim node is 9475.
2024-02-06 06:47:38,238 - tensor([ 1205,  1920, 13940], device='cuda:0')
2024-02-06 06:47:38,238 - Classification Succeeds.
2024-02-06 06:47:38,238 - Link Generation Fails.
2024-02-06 06:59:07,132 - Victim node is 7172.
2024-02-06 06:59:07,132 - tensor([ 1205,  5467, 13940], device='cuda:0')
2024-02-06 06:59:07,133 - Classification Fails.
2024-02-06 06:59:07,133 - Link Generation Fails.
2024-02-06 07:10:30,238 - Victim node is 15800.
2024-02-06 07:10:30,238 - tensor([19717, 19718, 19719], device='cuda:0')
2024-02-06 07:10:30,239 - Classification Fails.
2024-02-06 07:10:30,239 - Link Generation Succeeds.
2024-02-06 07:21:57,784 - Victim node is 15017.
2024-02-06 07:21:57,784 - tensor([19717, 19718, 19719], device='cuda:0')
2024-02-06 07:21:57,784 - Classification Fails.
2024-02-06 07:21:57,785 - Link Generation Succeeds.
2024-02-06 07:33:26,104 - Victim node is 10087.
2024-02-06 07:33:26,104 - tensor([ 1205,  1920, 19720], device='cuda:0')
2024-02-06 07:33:26,104 - Classification Fails.
2024-02-06 07:33:26,104 - Link Generation Succeeds.
2024-02-06 07:44:52,167 - Victim node is 12475.
2024-02-06 07:44:52,167 - tensor([19717, 19718, 19721], device='cuda:0')
2024-02-06 07:44:52,167 - Classification Fails.
2024-02-06 07:44:52,167 - Link Generation Succeeds.
2024-02-06 07:56:20,203 - Victim node is 1666.
2024-02-06 07:56:20,203 - tensor([ 5375, 15841, 19721], device='cuda:0')
2024-02-06 07:56:20,203 - Classification Fails.
2024-02-06 07:56:20,203 - Link Generation Succeeds.
2024-02-06 08:07:47,788 - Victim node is 10563.
2024-02-06 08:07:47,788 - tensor([19717, 19718, 19719], device='cuda:0')
2024-02-06 08:07:47,789 - Classification Fails.
2024-02-06 08:07:47,789 - Link Generation Succeeds.
2024-02-06 08:19:15,675 - Victim node is 4290.
2024-02-06 08:19:15,675 - tensor([19717, 19718, 19719], device='cuda:0')
2024-02-06 08:19:15,676 - Classification Fails.
2024-02-06 08:19:15,676 - Link Generation Succeeds.
2024-02-06 08:30:41,455 - Victim node is 9320.
2024-02-06 08:30:41,455 - tensor([19717, 19718, 19719], device='cuda:0')
2024-02-06 08:30:41,456 - Classification Fails.
2024-02-06 08:30:41,456 - Link Generation Succeeds.
2024-02-06 08:42:09,378 - Victim node is 407.
2024-02-06 08:42:09,378 - tensor([19717, 19718, 19720], device='cuda:0')
2024-02-06 08:42:09,378 - Classification Fails.
2024-02-06 08:42:09,378 - Link Generation Succeeds.
2024-02-06 08:53:40,597 - Victim node is 13123.
2024-02-06 08:53:40,597 - tensor([ 5375, 11024, 15841], device='cuda:0')
2024-02-06 08:53:40,597 - Classification Fails.
2024-02-06 08:53:40,598 - Link Generation Fails.
2024-02-06 09:05:07,320 - Victim node is 18361.
2024-02-06 09:05:07,320 - tensor([19717, 19718, 19719], device='cuda:0')
2024-02-06 09:05:07,320 - Classification Fails.
2024-02-06 09:05:07,320 - Link Generation Succeeds.
2024-02-06 09:16:32,547 - Victim node is 1138.
2024-02-06 09:16:32,547 - tensor([19717, 19720, 19721], device='cuda:0')
2024-02-06 09:16:32,547 - Classification Fails.
2024-02-06 09:16:32,548 - Link Generation Succeeds.
2024-02-06 09:27:55,717 - Victim node is 19475.
2024-02-06 09:27:55,717 - tensor([19717, 19718, 19719], device='cuda:0')
2024-02-06 09:27:55,718 - Classification Fails.
2024-02-06 09:27:55,718 - Link Generation Succeeds.
2024-02-06 09:39:21,553 - Victim node is 2938.
2024-02-06 09:39:21,553 - tensor([19717, 19718, 19719], device='cuda:0')
2024-02-06 09:39:21,554 - Classification Succeeds.
2024-02-06 09:39:21,554 - Link Generation Succeeds.
2024-02-06 09:50:50,896 - Victim node is 12614.
2024-02-06 09:50:50,896 - tensor([19719, 19720, 19721], device='cuda:0')
2024-02-06 09:50:50,896 - Classification Fails.
2024-02-06 09:50:50,896 - Link Generation Succeeds.
2024-02-06 10:02:17,781 - Victim node is 16901.
2024-02-06 10:02:17,782 - tensor([19717, 19718, 19719], device='cuda:0')
2024-02-06 10:02:17,782 - Classification Fails.
2024-02-06 10:02:17,782 - Link Generation Succeeds.
2024-02-06 10:13:42,110 - Victim node is 14293.
2024-02-06 10:13:42,110 - tensor([19718, 19720, 19721], device='cuda:0')
2024-02-06 10:13:42,110 - Classification Fails.
2024-02-06 10:13:42,110 - Link Generation Succeeds.
2024-02-06 10:25:06,592 - Victim node is 19005.
2024-02-06 10:25:06,592 - tensor([ 1205,  1920, 12019], device='cuda:0')
2024-02-06 10:25:06,592 - Classification Succeeds.
2024-02-06 10:25:06,592 - Link Generation Fails.
2024-02-06 10:36:36,927 - Victim node is 286.
2024-02-06 10:36:36,927 - tensor([ 1205, 19717, 19718], device='cuda:0')
2024-02-06 10:36:36,927 - Classification Fails.
2024-02-06 10:36:36,927 - Link Generation Succeeds.
2024-02-06 10:48:00,097 - Victim node is 3236.
2024-02-06 10:48:00,097 - tensor([19717, 19718, 19720], device='cuda:0')
2024-02-06 10:48:00,097 - Classification Fails.
2024-02-06 10:48:00,097 - Link Generation Succeeds.
2024-02-06 10:59:28,772 - Victim node is 19713.
2024-02-06 10:59:28,772 - tensor([19717, 19719, 19720], device='cuda:0')
2024-02-06 10:59:28,772 - Classification Fails.
2024-02-06 10:59:28,772 - Link Generation Succeeds.
2024-02-06 11:10:53,999 - Victim node is 138.
2024-02-06 11:10:54,000 - tensor([19717, 19718, 19719], device='cuda:0')
2024-02-06 11:10:54,000 - Classification Fails.
2024-02-06 11:10:54,000 - Link Generation Succeeds.
2024-02-06 11:22:17,822 - Victim node is 12646.
2024-02-06 11:22:17,822 - tensor([19717, 19718, 19719], device='cuda:0')
2024-02-06 11:22:17,823 - Classification Fails.
2024-02-06 11:22:17,823 - Link Generation Succeeds.
2024-02-06 11:33:41,604 - Victim node is 7160.
2024-02-06 11:33:41,604 - tensor([19718, 19719, 19721], device='cuda:0')
2024-02-06 11:33:41,605 - Classification Fails.
2024-02-06 11:33:41,605 - Link Generation Succeeds.
2024-02-06 11:45:06,822 - Victim node is 15455.
2024-02-06 11:45:06,823 - tensor([19717, 19719, 19721], device='cuda:0')
2024-02-06 11:45:06,823 - Classification Fails.
2024-02-06 11:45:06,823 - Link Generation Succeeds.
2024-02-06 11:56:30,642 - Victim node is 2664.
2024-02-06 11:56:30,642 - tensor([19717, 19718, 19719], device='cuda:0')
2024-02-06 11:56:30,643 - Classification Succeeds.
2024-02-06 11:56:30,643 - Link Generation Succeeds.
2024-02-06 12:07:54,228 - Victim node is 12588.
2024-02-06 12:07:54,229 - tensor([19717, 19718, 19719], device='cuda:0')
2024-02-06 12:07:54,229 - Classification Fails.
2024-02-06 12:07:54,229 - Link Generation Succeeds.
2024-02-06 12:19:21,294 - Victim node is 12431.
2024-02-06 12:19:21,294 - tensor([ 1205,  1920, 19720], device='cuda:0')
2024-02-06 12:19:21,294 - Classification Fails.
2024-02-06 12:19:21,294 - Link Generation Succeeds.
2024-02-06 12:30:46,181 - Victim node is 17670.
2024-02-06 12:30:46,181 - tensor([19717, 19718, 19719], device='cuda:0')
2024-02-06 12:30:46,181 - Classification Fails.
2024-02-06 12:30:46,181 - Link Generation Succeeds.
2024-02-06 12:42:15,170 - Victim node is 18773.
2024-02-06 12:42:15,170 - tensor([ 1205,  1920, 19720], device='cuda:0')
2024-02-06 12:42:15,171 - Classification Succeeds.
2024-02-06 12:42:15,171 - Link Generation Succeeds.
2024-02-06 12:53:40,403 - Victim node is 6557.
2024-02-06 12:53:40,403 - tensor([ 1205, 19720, 19721], device='cuda:0')
2024-02-06 12:53:40,403 - Classification Fails.
2024-02-06 12:53:40,403 - Link Generation Succeeds.
2024-02-06 13:05:10,975 - Victim node is 5260.
2024-02-06 13:05:10,976 - tensor([19717, 19718, 19719], device='cuda:0')
2024-02-06 13:05:10,976 - Classification Fails.
2024-02-06 13:05:10,976 - Link Generation Succeeds.
2024-02-06 13:16:33,760 - Victim node is 17348.
2024-02-06 13:16:33,761 - tensor([ 1205, 19719, 19721], device='cuda:0')
2024-02-06 13:16:33,761 - Classification Fails.
2024-02-06 13:16:33,761 - Link Generation Succeeds.
2024-02-06 13:27:59,904 - Victim node is 3312.
2024-02-06 13:27:59,904 - tensor([19717, 19718, 19719], device='cuda:0')
2024-02-06 13:27:59,904 - Classification Fails.
2024-02-06 13:27:59,904 - Link Generation Succeeds.
2024-02-06 13:39:32,638 - Victim node is 13889.
2024-02-06 13:39:32,638 - tensor([19717, 19718, 19719], device='cuda:0')
2024-02-06 13:39:32,638 - Classification Succeeds.
2024-02-06 13:39:32,638 - Link Generation Succeeds.
2024-02-06 13:50:55,316 - Victim node is 7809.
2024-02-06 13:50:55,316 - tensor([19717, 19718, 19719], device='cuda:0')
2024-02-06 13:50:55,317 - Classification Fails.
2024-02-06 13:50:55,317 - Link Generation Succeeds.
2024-02-06 14:02:20,971 - Victim node is 5082.
2024-02-06 14:02:20,971 - tensor([ 1920, 12019, 15841], device='cuda:0')
2024-02-06 14:02:20,971 - Classification Fails.
2024-02-06 14:02:20,971 - Link Generation Fails.
2024-02-06 14:13:46,439 - Victim node is 17665.
2024-02-06 14:13:46,439 - tensor([19717, 19720, 19721], device='cuda:0')
2024-02-06 14:13:46,439 - Classification Succeeds.
2024-02-06 14:13:46,439 - Link Generation Succeeds.
2024-02-06 14:25:12,671 - Victim node is 9757.
2024-02-06 14:25:12,671 - tensor([19718, 19720, 19721], device='cuda:0')
2024-02-06 14:25:12,671 - Classification Fails.
2024-02-06 14:25:12,671 - Link Generation Succeeds.
2024-02-06 14:36:38,539 - Victim node is 12602.
2024-02-06 14:36:38,539 - tensor([19717, 19718, 19719], device='cuda:0')
2024-02-06 14:36:38,539 - Classification Fails.
2024-02-06 14:36:38,539 - Link Generation Succeeds.
2024-02-06 14:48:10,956 - Victim node is 7437.
2024-02-06 14:48:10,956 - tensor([19718, 19719, 19720], device='cuda:0')
2024-02-06 14:48:10,956 - Classification Succeeds.
2024-02-06 14:48:10,956 - Link Generation Succeeds.
2024-02-06 14:59:41,933 - Victim node is 391.
2024-02-06 14:59:41,934 - tensor([ 1205, 13940, 19720], device='cuda:0')
2024-02-06 14:59:41,934 - Classification Fails.
2024-02-06 14:59:41,934 - Link Generation Succeeds.
2024-02-06 15:11:04,918 - Victim node is 8509.
2024-02-06 15:11:04,918 - tensor([ 1205,  1920, 12019], device='cuda:0')
2024-02-06 15:11:04,919 - Classification Succeeds.
2024-02-06 15:11:04,919 - Link Generation Fails.
2024-02-06 15:22:33,038 - Victim node is 12586.
2024-02-06 15:22:33,038 - tensor([19718, 19719, 19721], device='cuda:0')
2024-02-06 15:22:33,038 - Classification Succeeds.
2024-02-06 15:22:33,038 - Link Generation Succeeds.
2024-02-06 15:33:59,152 - Victim node is 18042.
2024-02-06 15:33:59,152 - tensor([19717, 19718, 19719], device='cuda:0')
2024-02-06 15:33:59,153 - Classification Fails.
2024-02-06 15:33:59,153 - Link Generation Succeeds.
2024-02-06 15:45:27,535 - Victim node is 18873.
2024-02-06 15:45:27,535 - tensor([ 1205, 12019, 19721], device='cuda:0')
2024-02-06 15:45:27,535 - Classification Fails.
2024-02-06 15:45:27,535 - Link Generation Succeeds.
2024-02-06 15:56:51,873 - Victim node is 13048.
2024-02-06 15:56:51,873 - tensor([19717, 19718, 19719], device='cuda:0')
2024-02-06 15:56:51,873 - Classification Fails.
2024-02-06 15:56:51,873 - Link Generation Succeeds.
2024-02-06 16:08:15,046 - Victim node is 6875.
2024-02-06 16:08:15,046 - tensor([19719, 19720, 19721], device='cuda:0')
2024-02-06 16:08:15,046 - Classification Fails.
2024-02-06 16:08:15,046 - Link Generation Succeeds.
2024-02-06 16:19:45,384 - Victim node is 1442.
2024-02-06 16:19:45,384 - tensor([19717, 19718, 19719], device='cuda:0')
2024-02-06 16:19:45,385 - Classification Fails.
2024-02-06 16:19:45,385 - Link Generation Succeeds.
2024-02-06 16:31:12,851 - Victim node is 4880.
2024-02-06 16:31:12,851 - tensor([19717, 19718, 19719], device='cuda:0')
2024-02-06 16:31:12,851 - Classification Fails.
2024-02-06 16:31:12,851 - Link Generation Succeeds.
2024-02-06 16:42:35,378 - Victim node is 19253.
2024-02-06 16:42:35,378 - tensor([19717, 19718, 19719], device='cuda:0')
2024-02-06 16:42:35,379 - Classification Fails.
2024-02-06 16:42:35,379 - Link Generation Succeeds.
2024-02-06 16:54:01,359 - Victim node is 10705.
2024-02-06 16:54:01,359 - tensor([19718, 19719, 19721], device='cuda:0')
2024-02-06 16:54:01,359 - Classification Fails.
2024-02-06 16:54:01,360 - Link Generation Succeeds.
2024-02-06 17:05:29,387 - Victim node is 5618.
2024-02-06 17:05:29,387 - tensor([19717, 19718, 19719], device='cuda:0')
2024-02-06 17:05:29,387 - Classification Fails.
2024-02-06 17:05:29,388 - Link Generation Succeeds.
2024-02-06 17:16:59,545 - Victim node is 5703.
2024-02-06 17:16:59,545 - tensor([ 7056, 14044, 19718], device='cuda:0')
2024-02-06 17:16:59,545 - Classification Succeeds.
2024-02-06 17:16:59,545 - Link Generation Succeeds.
2024-02-06 17:28:23,155 - Victim node is 3250.
2024-02-06 17:28:23,155 - tensor([19717, 19718, 19721], device='cuda:0')
2024-02-06 17:28:23,155 - Classification Succeeds.
2024-02-06 17:28:23,155 - Link Generation Succeeds.
2024-02-06 17:39:50,956 - Victim node is 12554.
2024-02-06 17:39:50,956 - tensor([14893, 15841, 17194], device='cuda:0')
2024-02-06 17:39:50,956 - Classification Fails.
2024-02-06 17:39:50,956 - Link Generation Fails.
2024-02-06 17:51:15,311 - Victim node is 9300.
2024-02-06 17:51:15,311 - tensor([19718, 19719, 19721], device='cuda:0')
2024-02-06 17:51:15,312 - Classification Fails.
2024-02-06 17:51:15,312 - Link Generation Succeeds.
2024-02-06 18:02:42,015 - Victim node is 11798.
2024-02-06 18:02:42,015 - tensor([19717, 19720, 19721], device='cuda:0')
2024-02-06 18:02:42,015 - Classification Fails.
2024-02-06 18:02:42,015 - Link Generation Succeeds.
2024-02-06 18:14:05,996 - Victim node is 18409.
2024-02-06 18:14:05,996 - tensor([19717, 19718, 19719], device='cuda:0')
2024-02-06 18:14:05,996 - Classification Succeeds.
2024-02-06 18:14:05,996 - Link Generation Succeeds.
2024-02-06 18:25:34,286 - Victim node is 8021.
2024-02-06 18:25:34,286 - tensor([ 1205,  1920, 13940], device='cuda:0')
2024-02-06 18:25:34,287 - Classification Succeeds.
2024-02-06 18:25:34,287 - Link Generation Fails.
2024-02-06 18:37:02,570 - Victim node is 1415.
2024-02-06 18:37:02,570 - tensor([ 1205, 11816, 13940], device='cuda:0')
2024-02-06 18:37:02,571 - Classification Succeeds.
2024-02-06 18:37:02,571 - Link Generation Fails.
2024-02-06 18:48:38,530 - Victim node is 5179.
2024-02-06 18:48:38,530 - tensor([13170, 14893, 15841], device='cuda:0')
2024-02-06 18:48:38,530 - Classification Fails.
2024-02-06 18:48:38,531 - Link Generation Fails.
2024-02-06 19:00:14,878 - Victim node is 9043.
2024-02-06 19:00:14,879 - tensor([19718, 19720, 19721], device='cuda:0')
2024-02-06 19:00:14,879 - Classification Fails.
2024-02-06 19:00:14,879 - Link Generation Succeeds.
2024-02-06 19:11:44,580 - Victim node is 18893.
2024-02-06 19:11:44,581 - tensor([19717, 19718, 19719], device='cuda:0')
2024-02-06 19:11:44,581 - Classification Fails.
2024-02-06 19:11:44,581 - Link Generation Succeeds.
2024-02-06 19:23:09,182 - Victim node is 5694.
2024-02-06 19:23:09,182 - tensor([19719, 19720, 19721], device='cuda:0')
2024-02-06 19:23:09,182 - Classification Succeeds.
2024-02-06 19:23:09,183 - Link Generation Succeeds.
2024-02-06 19:34:33,493 - Victim node is 16432.
2024-02-06 19:34:33,493 - tensor([19717, 19718, 19719], device='cuda:0')
2024-02-06 19:34:33,493 - Classification Succeeds.
2024-02-06 19:34:33,493 - Link Generation Succeeds.
2024-02-06 19:45:57,196 - Victim node is 12311.
2024-02-06 19:45:57,196 - tensor([ 1205, 19717, 19719], device='cuda:0')
2024-02-06 19:45:57,197 - Classification Fails.
2024-02-06 19:45:57,197 - Link Generation Succeeds.
2024-02-06 19:57:29,530 - Victim node is 2675.
2024-02-06 19:57:29,530 - tensor([ 1205, 13940, 17819], device='cuda:0')
2024-02-06 19:57:29,531 - Classification Succeeds.
2024-02-06 19:57:29,531 - Link Generation Fails.
2024-02-06 20:08:52,177 - Victim node is 11910.
2024-02-06 20:08:52,177 - tensor([ 1205,  4546, 13940], device='cuda:0')
2024-02-06 20:08:52,177 - Classification Succeeds.
2024-02-06 20:08:52,177 - Link Generation Fails.
2024-02-06 20:20:19,918 - Victim node is 7608.
2024-02-06 20:20:19,918 - tensor([ 1920,  2361, 12019], device='cuda:0')
2024-02-06 20:20:19,919 - Classification Succeeds.
2024-02-06 20:20:19,919 - Link Generation Fails.
2024-02-06 20:31:45,140 - Victim node is 10873.
2024-02-06 20:31:45,140 - tensor([12019, 19717, 19718], device='cuda:0')
2024-02-06 20:31:45,141 - Classification Succeeds.
2024-02-06 20:31:45,141 - Link Generation Succeeds.
2024-02-06 20:43:08,845 - Victim node is 11561.
2024-02-06 20:43:08,845 - tensor([19717, 19719, 19720], device='cuda:0')
2024-02-06 20:43:08,845 - Classification Fails.
2024-02-06 20:43:08,845 - Link Generation Succeeds.
2024-02-06 20:54:37,418 - Victim node is 7935.
2024-02-06 20:54:37,418 - tensor([19717, 19719, 19721], device='cuda:0')
2024-02-06 20:54:37,418 - Classification Fails.
2024-02-06 20:54:37,418 - Link Generation Succeeds.
2024-02-06 21:06:03,487 - Victim node is 8835.
2024-02-06 21:06:03,487 - tensor([ 6209, 15841, 18778], device='cuda:0')
2024-02-06 21:06:03,487 - Classification Fails.
2024-02-06 21:06:03,487 - Link Generation Fails.
2024-02-06 21:17:27,882 - Victim node is 19402.
2024-02-06 21:17:27,883 - tensor([19717, 19718, 19719], device='cuda:0')
2024-02-06 21:17:27,883 - Classification Succeeds.
2024-02-06 21:17:27,883 - Link Generation Succeeds.
2024-02-06 21:28:53,701 - Victim node is 17352.
2024-02-06 21:28:53,701 - tensor([19718, 19719, 19720], device='cuda:0')
2024-02-06 21:28:53,701 - Classification Fails.
2024-02-06 21:28:53,701 - Link Generation Succeeds.
2024-02-06 21:40:22,870 - Victim node is 1189.
2024-02-06 21:40:22,870 - tensor([19717, 19718, 19719], device='cuda:0')
2024-02-06 21:40:22,870 - Classification Succeeds.
2024-02-06 21:40:22,870 - Link Generation Succeeds.
2024-02-06 21:51:48,583 - Victim node is 14402.
2024-02-06 21:51:48,583 - tensor([19717, 19718, 19720], device='cuda:0')
2024-02-06 21:51:48,583 - Classification Fails.
2024-02-06 21:51:48,583 - Link Generation Succeeds.
2024-02-06 22:03:16,457 - Victim node is 12955.
2024-02-06 22:03:16,457 - tensor([19717, 19718, 19719], device='cuda:0')
2024-02-06 22:03:16,457 - Classification Fails.
2024-02-06 22:03:16,457 - Link Generation Succeeds.
2024-02-06 22:14:44,765 - Victim node is 7194.
2024-02-06 22:14:44,765 - tensor([19717, 19719, 19720], device='cuda:0')
2024-02-06 22:14:44,766 - Classification Fails.
2024-02-06 22:14:44,766 - Link Generation Succeeds.
2024-02-06 22:26:11,277 - Victim node is 13527.
2024-02-06 22:26:11,277 - tensor([ 1920, 14893, 15841], device='cuda:0')
2024-02-06 22:26:11,278 - Classification Fails.
2024-02-06 22:26:11,278 - Link Generation Fails.
2024-02-06 22:37:36,153 - Victim node is 1078.
2024-02-06 22:37:36,153 - tensor([19717, 19718, 19719], device='cuda:0')
2024-02-06 22:37:36,153 - Classification Succeeds.
2024-02-06 22:37:36,153 - Link Generation Succeeds.
2024-02-06 22:49:06,513 - Victim node is 16458.
2024-02-06 22:49:06,513 - tensor([19717, 19718, 19719], device='cuda:0')
2024-02-06 22:49:06,513 - Classification Succeeds.
2024-02-06 22:49:06,513 - Link Generation Succeeds.
2024-02-06 23:00:38,205 - Victim node is 5625.
2024-02-06 23:00:38,205 - tensor([ 1205, 13940, 14742], device='cuda:0')
2024-02-06 23:00:38,205 - Classification Fails.
2024-02-06 23:00:38,205 - Link Generation Fails.
2024-02-06 23:12:06,713 - Victim node is 14285.
2024-02-06 23:12:06,713 - tensor([ 1205,  1920, 13940], device='cuda:0')
2024-02-06 23:12:06,713 - Classification Succeeds.
2024-02-06 23:12:06,714 - Link Generation Fails.
2024-02-06 23:23:32,446 - Victim node is 15084.
2024-02-06 23:23:32,446 - tensor([19717, 19718, 19719], device='cuda:0')
2024-02-06 23:23:32,447 - Classification Fails.
2024-02-06 23:23:32,447 - Link Generation Succeeds.
2024-02-06 23:34:56,185 - Victim node is 6218.
2024-02-06 23:34:56,186 - tensor([19717, 19718, 19719], device='cuda:0')
2024-02-06 23:34:56,186 - Classification Fails.
2024-02-06 23:34:56,186 - Link Generation Succeeds.
2024-02-06 23:46:20,087 - Victim node is 7424.
2024-02-06 23:46:20,088 - tensor([19717, 19718, 19719], device='cuda:0')
2024-02-06 23:46:20,088 - Classification Fails.
2024-02-06 23:46:20,088 - Link Generation Succeeds.
2024-02-06 23:57:49,009 - Victim node is 17190.
2024-02-06 23:57:49,009 - tensor([ 1205,  1920, 12019], device='cuda:0')
2024-02-06 23:57:49,009 - Classification Succeeds.
2024-02-06 23:57:49,009 - Link Generation Fails.
2024-02-07 00:09:18,142 - Victim node is 8117.
2024-02-07 00:09:18,142 - tensor([19718, 19719, 19720], device='cuda:0')
2024-02-07 00:09:18,143 - Classification Fails.
2024-02-07 00:09:18,143 - Link Generation Succeeds.
2024-02-07 00:20:45,255 - Victim node is 4303.
2024-02-07 00:20:45,255 - tensor([ 7056, 14893, 15841], device='cuda:0')
2024-02-07 00:20:45,255 - Classification Succeeds.
2024-02-07 00:20:45,255 - Link Generation Fails.
2024-02-07 00:32:10,547 - Victim node is 18964.
2024-02-07 00:32:10,547 - tensor([19717, 19718, 19719], device='cuda:0')
2024-02-07 00:32:10,547 - Classification Fails.
2024-02-07 00:32:10,547 - Link Generation Succeeds.
2024-02-07 00:43:35,924 - Victim node is 13731.
2024-02-07 00:43:35,924 - tensor([ 5048,  5375, 15841], device='cuda:0')
2024-02-07 00:43:35,924 - Classification Succeeds.
2024-02-07 00:43:35,924 - Link Generation Fails.
2024-02-07 00:55:03,187 - Victim node is 16900.
2024-02-07 00:55:03,187 - tensor([19717, 19718, 19719], device='cuda:0')
2024-02-07 00:55:03,188 - Classification Fails.
2024-02-07 00:55:03,188 - Link Generation Succeeds.
2024-02-07 01:06:27,871 - Victim node is 14623.
2024-02-07 01:06:27,872 - tensor([ 1205, 19718, 19721], device='cuda:0')
2024-02-07 01:06:27,872 - Classification Fails.
2024-02-07 01:06:27,872 - Link Generation Succeeds.
2024-02-07 01:17:55,786 - Victim node is 3559.
2024-02-07 01:17:55,787 - tensor([19717, 19718, 19719], device='cuda:0')
2024-02-07 01:17:55,787 - Classification Fails.
2024-02-07 01:17:55,787 - Link Generation Succeeds.
2024-02-07 01:29:21,987 - Victim node is 12057.
2024-02-07 01:29:21,987 - tensor([19717, 19720, 19721], device='cuda:0')
2024-02-07 01:29:21,987 - Classification Fails.
2024-02-07 01:29:21,987 - Link Generation Succeeds.
2024-02-07 01:40:47,314 - Victim node is 12764.
2024-02-07 01:40:47,314 - tensor([19717, 19718, 19719], device='cuda:0')
2024-02-07 01:40:47,314 - Classification Fails.
2024-02-07 01:40:47,314 - Link Generation Succeeds.
2024-02-07 01:52:13,828 - Victim node is 3922.
2024-02-07 01:52:13,828 - tensor([ 1205, 13940, 19721], device='cuda:0')
2024-02-07 01:52:13,828 - Classification Fails.
2024-02-07 01:52:13,829 - Link Generation Succeeds.
2024-02-07 02:03:45,093 - Victim node is 17722.
2024-02-07 02:03:45,094 - tensor([19717, 19718, 19719], device='cuda:0')
2024-02-07 02:03:45,094 - Classification Fails.
2024-02-07 02:03:45,094 - Link Generation Succeeds.
2024-02-07 02:15:13,570 - Victim node is 5104.
2024-02-07 02:15:13,570 - tensor([19718, 19719, 19720], device='cuda:0')
2024-02-07 02:15:13,570 - Classification Fails.
2024-02-07 02:15:13,571 - Link Generation Succeeds.
2024-02-07 02:26:35,905 - Victim node is 10108.
2024-02-07 02:26:35,905 - tensor([19718, 19719, 19720], device='cuda:0')
2024-02-07 02:26:35,905 - Classification Fails.
2024-02-07 02:26:35,905 - Link Generation Succeeds.
2024-02-07 02:38:01,629 - Victim node is 7324.
2024-02-07 02:38:01,629 - tensor([ 1205, 13940, 19717], device='cuda:0')
2024-02-07 02:38:01,629 - Classification Fails.
2024-02-07 02:38:01,629 - Link Generation Succeeds.
2024-02-07 02:49:31,976 - Victim node is 1566.
2024-02-07 02:49:31,976 - tensor([ 5375, 15841, 17194], device='cuda:0')
2024-02-07 02:49:31,976 - Classification Succeeds.
2024-02-07 02:49:31,976 - Link Generation Fails.
2024-02-07 03:01:00,003 - Victim node is 7224.
2024-02-07 03:01:00,003 - tensor([15841, 19719, 19720], device='cuda:0')
2024-02-07 03:01:00,004 - Classification Fails.
2024-02-07 03:01:00,004 - Link Generation Succeeds.
2024-02-07 03:12:30,641 - Victim node is 5945.
2024-02-07 03:12:30,641 - tensor([ 7056, 13170, 15841], device='cuda:0')
2024-02-07 03:12:30,641 - Classification Succeeds.
2024-02-07 03:12:30,641 - Link Generation Fails.
2024-02-07 03:23:59,933 - Victim node is 7049.
2024-02-07 03:23:59,933 - tensor([ 1205,  1920, 13940], device='cuda:0')
2024-02-07 03:23:59,934 - Classification Succeeds.
2024-02-07 03:23:59,934 - Link Generation Fails.
2024-02-07 03:35:32,091 - Victim node is 2525.
2024-02-07 03:35:32,091 - tensor([19717, 19718, 19719], device='cuda:0')
2024-02-07 03:35:32,091 - Classification Fails.
2024-02-07 03:35:32,091 - Link Generation Succeeds.
2024-02-07 03:46:58,332 - Victim node is 19125.
2024-02-07 03:46:58,332 - tensor([19717, 19718, 19719], device='cuda:0')
2024-02-07 03:46:58,333 - Classification Fails.
2024-02-07 03:46:58,333 - Link Generation Succeeds.
2024-02-07 03:58:24,864 - Victim node is 6374.
2024-02-07 03:58:24,864 - tensor([ 1920,  2361, 12019], device='cuda:0')
2024-02-07 03:58:24,864 - Classification Succeeds.
2024-02-07 03:58:24,864 - Link Generation Fails.
2024-02-07 04:09:48,247 - Victim node is 14344.
2024-02-07 04:09:48,247 - tensor([19717, 19718, 19721], device='cuda:0')
2024-02-07 04:09:48,247 - Classification Fails.
2024-02-07 04:09:48,247 - Link Generation Succeeds.
2024-02-07 04:21:13,612 - Victim node is 13670.
2024-02-07 04:21:13,612 - tensor([19717, 19718, 19719], device='cuda:0')
2024-02-07 04:21:13,613 - Classification Succeeds.
2024-02-07 04:21:13,613 - Link Generation Succeeds.
2024-02-07 04:32:38,984 - Victim node is 6899.
2024-02-07 04:32:38,984 - tensor([ 1205,  1920, 13940], device='cuda:0')
2024-02-07 04:32:38,985 - Classification Succeeds.
2024-02-07 04:32:38,985 - Link Generation Fails.
2024-02-07 04:44:09,735 - Victim node is 5186.
2024-02-07 04:44:09,736 - tensor([19717, 19718, 19719], device='cuda:0')
2024-02-07 04:44:09,736 - Classification Fails.
2024-02-07 04:44:09,736 - Link Generation Succeeds.
2024-02-07 04:55:41,592 - Victim node is 4245.
2024-02-07 04:55:41,592 - tensor([19717, 19718, 19719], device='cuda:0')
2024-02-07 04:55:41,592 - Classification Succeeds.
2024-02-07 04:55:41,592 - Link Generation Succeeds.
2024-02-07 05:07:08,251 - Victim node is 17679.
2024-02-07 05:07:08,251 - tensor([19718, 19720, 19721], device='cuda:0')
2024-02-07 05:07:08,251 - Classification Fails.
2024-02-07 05:07:08,252 - Link Generation Succeeds.
2024-02-07 05:18:37,008 - Victim node is 13686.
2024-02-07 05:18:37,008 - tensor([19717, 19719, 19721], device='cuda:0')
2024-02-07 05:18:37,008 - Classification Fails.
2024-02-07 05:18:37,008 - Link Generation Succeeds.
2024-02-07 05:30:04,125 - Victim node is 11256.
2024-02-07 05:30:04,125 - tensor([19718, 19719, 19721], device='cuda:0')
2024-02-07 05:30:04,125 - Classification Fails.
2024-02-07 05:30:04,125 - Link Generation Succeeds.
2024-02-07 05:41:34,658 - Victim node is 16369.
2024-02-07 05:41:34,658 - tensor([ 1205, 13940, 19720], device='cuda:0')
2024-02-07 05:41:34,658 - Classification Succeeds.
2024-02-07 05:41:34,658 - Link Generation Succeeds.
2024-02-07 05:52:59,501 - Victim node is 3801.
2024-02-07 05:52:59,501 - tensor([ 1205,  1920, 19719], device='cuda:0')
2024-02-07 05:52:59,502 - Classification Fails.
2024-02-07 05:52:59,502 - Link Generation Succeeds.
2024-02-07 06:04:26,083 - Victim node is 16444.
2024-02-07 06:04:26,083 - tensor([19717, 19718, 19719], device='cuda:0')
2024-02-07 06:04:26,083 - Classification Fails.
2024-02-07 06:04:26,083 - Link Generation Succeeds.
2024-02-07 06:15:56,160 - Victim node is 14971.
2024-02-07 06:15:56,160 - tensor([19717, 19719, 19720], device='cuda:0')
2024-02-07 06:15:56,161 - Classification Fails.
2024-02-07 06:15:56,161 - Link Generation Succeeds.
2024-02-07 06:27:21,236 - Victim node is 928.
2024-02-07 06:27:21,236 - tensor([19719, 19720, 19721], device='cuda:0')
2024-02-07 06:27:21,237 - Classification Succeeds.
2024-02-07 06:27:21,237 - Link Generation Succeeds.
2024-02-07 06:38:46,361 - Victim node is 11135.
2024-02-07 06:38:46,361 - tensor([ 1205, 13940, 19720], device='cuda:0')
2024-02-07 06:38:46,361 - Classification Succeeds.
2024-02-07 06:38:46,361 - Link Generation Succeeds.
2024-02-07 06:50:14,749 - Victim node is 3039.
2024-02-07 06:50:14,749 - tensor([19719, 19720, 19721], device='cuda:0')
2024-02-07 06:50:14,750 - Classification Fails.
2024-02-07 06:50:14,750 - Link Generation Succeeds.
2024-02-07 07:01:42,630 - Victim node is 6580.
2024-02-07 07:01:42,630 - tensor([ 5375, 11024, 12019], device='cuda:0')
2024-02-07 07:01:42,630 - Classification Succeeds.
2024-02-07 07:01:42,630 - Link Generation Fails.
2024-02-07 07:13:09,590 - Victim node is 15255.
2024-02-07 07:13:09,590 - tensor([19717, 19718, 19719], device='cuda:0')
2024-02-07 07:13:09,590 - Classification Fails.
2024-02-07 07:13:09,590 - Link Generation Succeeds.
2024-02-07 07:24:33,057 - Victim node is 11811.
2024-02-07 07:24:33,057 - tensor([19717, 19718, 19721], device='cuda:0')
2024-02-07 07:24:33,057 - Classification Fails.
2024-02-07 07:24:33,057 - Link Generation Succeeds.
2024-02-07 07:36:02,982 - Victim node is 786.
2024-02-07 07:36:02,982 - tensor([19718, 19719, 19720], device='cuda:0')
2024-02-07 07:36:02,983 - Classification Fails.
2024-02-07 07:36:02,983 - Link Generation Succeeds.
2024-02-07 07:47:28,173 - Victim node is 10474.
2024-02-07 07:47:28,173 - tensor([ 1920,  2361, 12019], device='cuda:0')
2024-02-07 07:47:28,173 - Classification Succeeds.
2024-02-07 07:47:28,173 - Link Generation Fails.
2024-02-07 07:58:53,135 - Victim node is 11003.
2024-02-07 07:58:53,136 - tensor([13170, 14893, 15841], device='cuda:0')
2024-02-07 07:58:53,136 - Classification Succeeds.
2024-02-07 07:58:53,136 - Link Generation Fails.
2024-02-07 08:10:20,802 - Victim node is 9989.
2024-02-07 08:10:20,803 - tensor([19717, 19718, 19719], device='cuda:0')
2024-02-07 08:10:20,803 - Classification Succeeds.
2024-02-07 08:10:20,803 - Link Generation Succeeds.
2024-02-07 08:21:52,770 - Victim node is 3838.
2024-02-07 08:21:52,771 - tensor([19717, 19718, 19719], device='cuda:0')
2024-02-07 08:21:52,771 - Classification Fails.
2024-02-07 08:21:52,771 - Link Generation Succeeds.
2024-02-07 08:33:18,407 - Victim node is 14492.
2024-02-07 08:33:18,407 - tensor([19717, 19718, 19719], device='cuda:0')
2024-02-07 08:33:18,408 - Classification Fails.
2024-02-07 08:33:18,408 - Link Generation Succeeds.
2024-02-07 08:44:45,949 - Victim node is 12927.
2024-02-07 08:44:45,949 - tensor([19717, 19718, 19719], device='cuda:0')
2024-02-07 08:44:45,950 - Classification Fails.
2024-02-07 08:44:45,950 - Link Generation Succeeds.
2024-02-07 08:56:18,561 - Victim node is 19294.
2024-02-07 08:56:18,561 - tensor([19718, 19719, 19720], device='cuda:0')
2024-02-07 08:56:18,562 - Classification Fails.
2024-02-07 08:56:18,562 - Link Generation Succeeds.
2024-02-07 09:07:45,749 - Victim node is 18323.
2024-02-07 09:07:45,749 - tensor([19717, 19718, 19721], device='cuda:0')
2024-02-07 09:07:45,750 - Classification Fails.
2024-02-07 09:07:45,750 - Link Generation Succeeds.
2024-02-07 09:19:10,375 - Victim node is 589.
2024-02-07 09:19:10,375 - tensor([19718, 19720, 19721], device='cuda:0')
2024-02-07 09:19:10,376 - Classification Succeeds.
2024-02-07 09:19:10,376 - Link Generation Succeeds.
2024-02-07 09:30:33,305 - Victim node is 10514.
2024-02-07 09:30:33,305 - tensor([19717, 19719, 19721], device='cuda:0')
2024-02-07 09:30:33,306 - Classification Fails.
2024-02-07 09:30:33,306 - Link Generation Succeeds.
2024-02-07 09:41:59,307 - Victim node is 17051.
2024-02-07 09:41:59,307 - tensor([19717, 19718, 19719], device='cuda:0')
2024-02-07 09:41:59,307 - Classification Fails.
2024-02-07 09:41:59,307 - Link Generation Succeeds.
2024-02-07 09:53:23,184 - Victim node is 3647.
2024-02-07 09:53:23,184 - tensor([ 1205,  9471, 13940], device='cuda:0')
2024-02-07 09:53:23,184 - Classification Succeeds.
2024-02-07 09:53:23,184 - Link Generation Fails.
2024-02-07 10:04:48,034 - Victim node is 6759.
2024-02-07 10:04:48,034 - tensor([19718, 19719, 19720], device='cuda:0')
2024-02-07 10:04:48,035 - Classification Fails.
2024-02-07 10:04:48,035 - Link Generation Succeeds.
2024-02-07 10:16:16,249 - Victim node is 15239.
2024-02-07 10:16:16,249 - tensor([19717, 19718, 19720], device='cuda:0')
2024-02-07 10:16:16,250 - Classification Fails.
2024-02-07 10:16:16,250 - Link Generation Succeeds.
2024-02-07 10:27:47,630 - Victim node is 3599.
2024-02-07 10:27:47,630 - tensor([19717, 19718, 19721], device='cuda:0')
2024-02-07 10:27:47,630 - Classification Succeeds.
2024-02-07 10:27:47,631 - Link Generation Succeeds.
2024-02-07 10:39:12,730 - Victim node is 19126.
2024-02-07 10:39:12,730 - tensor([19717, 19720, 19721], device='cuda:0')
2024-02-07 10:39:12,730 - Classification Fails.
2024-02-07 10:39:12,730 - Link Generation Succeeds.
2024-02-07 10:50:34,816 - Victim node is 572.
2024-02-07 10:50:34,816 - tensor([ 1205, 13940, 19719], device='cuda:0')
2024-02-07 10:50:34,816 - Classification Fails.
2024-02-07 10:50:34,817 - Link Generation Succeeds.
2024-02-07 11:01:59,866 - Victim node is 4884.
2024-02-07 11:01:59,866 - tensor([ 1205,  5440, 13940], device='cuda:0')
2024-02-07 11:01:59,866 - Classification Succeeds.
2024-02-07 11:01:59,866 - Link Generation Fails.
2024-02-07 11:13:21,865 - Victim node is 8893.
2024-02-07 11:13:21,866 - tensor([19717, 19718, 19719], device='cuda:0')
2024-02-07 11:13:21,866 - Classification Fails.
2024-02-07 11:13:21,866 - Link Generation Succeeds.
2024-02-07 11:24:49,480 - Victim node is 3322.
2024-02-07 11:24:49,480 - tensor([19717, 19718, 19719], device='cuda:0')
2024-02-07 11:24:49,480 - Classification Succeeds.
2024-02-07 11:24:49,480 - Link Generation Succeeds.
2024-02-07 11:36:19,278 - Victim node is 7169.
2024-02-07 11:36:19,278 - tensor([ 1205, 19718, 19720], device='cuda:0')
2024-02-07 11:36:19,278 - Classification Fails.
2024-02-07 11:36:19,278 - Link Generation Succeeds.
2024-02-07 11:47:42,794 - Victim node is 2955.
2024-02-07 11:47:42,794 - tensor([12019, 19720, 19721], device='cuda:0')
2024-02-07 11:47:42,795 - Classification Succeeds.
2024-02-07 11:47:42,795 - Link Generation Succeeds.
2024-02-07 11:59:10,429 - Victim node is 4488.
2024-02-07 11:59:10,429 - tensor([19717, 19718, 19719], device='cuda:0')
2024-02-07 11:59:10,429 - Classification Fails.
2024-02-07 11:59:10,429 - Link Generation Succeeds.
2024-02-07 12:10:37,704 - Victim node is 3837.
2024-02-07 12:10:37,704 - tensor([19717, 19718, 19719], device='cuda:0')
2024-02-07 12:10:37,704 - Classification Fails.
2024-02-07 12:10:37,704 - Link Generation Succeeds.
2024-02-07 12:22:07,961 - Victim node is 13688.
2024-02-07 12:22:07,961 - tensor([19717, 19718, 19720], device='cuda:0')
2024-02-07 12:22:07,961 - Classification Fails.
2024-02-07 12:22:07,961 - Link Generation Succeeds.
2024-02-07 12:33:35,375 - Victim node is 14151.
2024-02-07 12:33:35,375 - tensor([ 1920,  2361, 12019], device='cuda:0')
2024-02-07 12:33:35,375 - Classification Succeeds.
2024-02-07 12:33:35,375 - Link Generation Fails.
2024-02-07 12:45:02,248 - Victim node is 3729.
2024-02-07 12:45:02,248 - tensor([19717, 19718, 19719], device='cuda:0')
2024-02-07 12:45:02,249 - Classification Fails.
2024-02-07 12:45:02,249 - Link Generation Succeeds.
2024-02-07 12:56:28,571 - Victim node is 5353.
2024-02-07 12:56:28,571 - tensor([19717, 19718, 19719], device='cuda:0')
2024-02-07 12:56:28,572 - Classification Succeeds.
2024-02-07 12:56:28,572 - Link Generation Succeeds.
2024-02-07 13:07:52,019 - Victim node is 1336.
2024-02-07 13:07:52,019 - tensor([11024, 14893, 15841], device='cuda:0')
2024-02-07 13:07:52,019 - Classification Succeeds.
2024-02-07 13:07:52,020 - Link Generation Fails.
2024-02-07 13:19:18,963 - Victim node is 6760.
2024-02-07 13:19:18,963 - tensor([19717, 19718, 19720], device='cuda:0')
2024-02-07 13:19:18,964 - Classification Fails.
2024-02-07 13:19:18,964 - Link Generation Succeeds.
2024-02-07 13:30:46,228 - Victim node is 4046.
2024-02-07 13:30:46,229 - tensor([ 1205,  1920, 13940], device='cuda:0')
2024-02-07 13:30:46,229 - Classification Fails.
2024-02-07 13:30:46,229 - Link Generation Fails.
2024-02-07 13:42:17,965 - Victim node is 9670.
2024-02-07 13:42:17,966 - tensor([19717, 19719, 19721], device='cuda:0')
2024-02-07 13:42:17,966 - Classification Fails.
2024-02-07 13:42:17,966 - Link Generation Succeeds.
2024-02-07 13:53:43,979 - Victim node is 18776.
2024-02-07 13:53:43,979 - tensor([19717, 19718, 19719], device='cuda:0')
2024-02-07 13:53:43,979 - Classification Fails.
2024-02-07 13:53:43,980 - Link Generation Succeeds.
2024-02-07 14:05:12,328 - Victim node is 12127.
2024-02-07 14:05:12,328 - tensor([19717, 19718, 19719], device='cuda:0')
2024-02-07 14:05:12,328 - Classification Fails.
2024-02-07 14:05:12,328 - Link Generation Succeeds.
2024-02-07 14:16:38,824 - Victim node is 5771.
2024-02-07 14:16:38,824 - tensor([19717, 19719, 19720], device='cuda:0')
2024-02-07 14:16:38,824 - Classification Fails.
2024-02-07 14:16:38,824 - Link Generation Succeeds.
2024-02-07 14:28:09,040 - Victim node is 15394.
2024-02-07 14:28:09,040 - tensor([19717, 19718, 19719], device='cuda:0')
2024-02-07 14:28:09,040 - Classification Fails.
2024-02-07 14:28:09,040 - Link Generation Succeeds.
2024-02-07 14:39:34,193 - Victim node is 2953.
2024-02-07 14:39:34,193 - tensor([19717, 19720, 19721], device='cuda:0')
2024-02-07 14:39:34,193 - Classification Fails.
2024-02-07 14:39:34,193 - Link Generation Succeeds.
2024-02-07 14:50:59,389 - Victim node is 13504.
2024-02-07 14:50:59,389 - tensor([ 1205, 19719, 19720], device='cuda:0')
2024-02-07 14:50:59,389 - Classification Fails.
2024-02-07 14:50:59,389 - Link Generation Succeeds.
2024-02-07 15:02:26,757 - Victim node is 1652.
2024-02-07 15:02:26,757 - tensor([19717, 19719, 19721], device='cuda:0')
2024-02-07 15:02:26,757 - Classification Succeeds.
2024-02-07 15:02:26,757 - Link Generation Succeeds.
2024-02-07 15:13:52,242 - Victim node is 2016.
2024-02-07 15:13:52,242 - tensor([19717, 19718, 19719], device='cuda:0')
2024-02-07 15:13:52,242 - Classification Fails.
2024-02-07 15:13:52,242 - Link Generation Succeeds.
2024-02-07 15:25:16,721 - Victim node is 16800.
2024-02-07 15:25:16,721 - tensor([ 2361, 12019, 19718], device='cuda:0')
2024-02-07 15:25:16,721 - Classification Fails.
2024-02-07 15:25:16,721 - Link Generation Succeeds.
2024-02-07 15:36:42,782 - Victim node is 7219.
2024-02-07 15:36:42,782 - tensor([19717, 19719, 19720], device='cuda:0')
2024-02-07 15:36:42,783 - Classification Fails.
2024-02-07 15:36:42,783 - Link Generation Succeeds.
2024-02-07 15:48:08,165 - Victim node is 7166.
2024-02-07 15:48:08,165 - tensor([ 1205, 19718, 19720], device='cuda:0')
2024-02-07 15:48:08,165 - Classification Fails.
2024-02-07 15:48:08,165 - Link Generation Succeeds.
2024-02-07 15:59:35,351 - Victim node is 5899.
2024-02-07 15:59:35,351 - tensor([19717, 19718, 19719], device='cuda:0')
2024-02-07 15:59:35,351 - Classification Fails.
2024-02-07 15:59:35,351 - Link Generation Succeeds.
2024-02-07 16:10:58,657 - Victim node is 7415.
2024-02-07 16:10:58,658 - tensor([19717, 19718, 19719], device='cuda:0')
2024-02-07 16:10:58,658 - Classification Fails.
2024-02-07 16:10:58,658 - Link Generation Succeeds.
2024-02-07 16:22:24,660 - Victim node is 8445.
2024-02-07 16:22:24,660 - tensor([ 5375, 12019, 15841], device='cuda:0')
2024-02-07 16:22:24,660 - Classification Succeeds.
2024-02-07 16:22:24,660 - Link Generation Fails.
2024-02-07 16:33:50,457 - Victim node is 17771.
2024-02-07 16:33:50,457 - tensor([ 1205,  1920, 12019], device='cuda:0')
2024-02-07 16:33:50,457 - Classification Succeeds.
2024-02-07 16:33:50,457 - Link Generation Fails.
2024-02-07 16:45:17,696 - Victim node is 13362.
2024-02-07 16:45:17,696 - tensor([ 1205,  1920, 19719], device='cuda:0')
2024-02-07 16:45:17,696 - Classification Fails.
2024-02-07 16:45:17,696 - Link Generation Succeeds.
2024-02-07 16:56:52,238 - Victim node is 11279.
2024-02-07 16:56:52,238 - tensor([19717, 19718, 19719], device='cuda:0')
2024-02-07 16:56:52,239 - Classification Fails.
2024-02-07 16:56:52,239 - Link Generation Succeeds.
2024-02-07 17:08:19,278 - Victim node is 15560.
2024-02-07 17:08:19,278 - tensor([19717, 19718, 19719], device='cuda:0')
2024-02-07 17:08:19,278 - Classification Fails.
2024-02-07 17:08:19,278 - Link Generation Succeeds.
2024-02-07 17:19:42,224 - Victim node is 855.
2024-02-07 17:19:42,225 - tensor([19718, 19720, 19721], device='cuda:0')
2024-02-07 17:19:42,225 - Classification Succeeds.
2024-02-07 17:19:42,225 - Link Generation Succeeds.
2024-02-07 17:31:05,628 - Victim node is 6265.
2024-02-07 17:31:05,629 - tensor([ 1205,  1920, 19721], device='cuda:0')
2024-02-07 17:31:05,629 - Classification Fails.
2024-02-07 17:31:05,629 - Link Generation Succeeds.
2024-02-07 17:42:35,580 - Victim node is 14259.
2024-02-07 17:42:35,580 - tensor([ 1205, 13940, 19720], device='cuda:0')
2024-02-07 17:42:35,581 - Classification Fails.
2024-02-07 17:42:35,581 - Link Generation Succeeds.
2024-02-07 17:53:58,388 - Victim node is 2353.
2024-02-07 17:53:58,388 - tensor([ 1205, 19718, 19721], device='cuda:0')
2024-02-07 17:53:58,389 - Classification Fails.
2024-02-07 17:53:58,389 - Link Generation Succeeds.
2024-02-07 18:05:21,878 - Victim node is 4009.
2024-02-07 18:05:21,878 - tensor([19717, 19718, 19720], device='cuda:0')
2024-02-07 18:05:21,879 - Classification Succeeds.
2024-02-07 18:05:21,879 - Link Generation Succeeds.
2024-02-07 18:16:51,215 - Victim node is 16893.
2024-02-07 18:16:51,215 - tensor([19717, 19719, 19721], device='cuda:0')
2024-02-07 18:16:51,216 - Classification Succeeds.
2024-02-07 18:16:51,216 - Link Generation Succeeds.
2024-02-07 18:28:15,766 - Victim node is 11182.
2024-02-07 18:28:15,766 - tensor([19717, 19718, 19719], device='cuda:0')
2024-02-07 18:28:15,766 - Classification Fails.
2024-02-07 18:28:15,767 - Link Generation Succeeds.
2024-02-07 18:39:40,674 - Victim node is 19610.
2024-02-07 18:39:40,674 - tensor([19717, 19719, 19721], device='cuda:0')
2024-02-07 18:39:40,674 - Classification Fails.
2024-02-07 18:39:40,674 - Link Generation Succeeds.
2024-02-07 18:51:05,650 - Victim node is 12061.
2024-02-07 18:51:05,650 - tensor([ 1920, 12019, 19719], device='cuda:0')
2024-02-07 18:51:05,650 - Classification Fails.
2024-02-07 18:51:05,650 - Link Generation Succeeds.
2024-02-07 19:02:28,239 - Victim node is 14183.
2024-02-07 19:02:28,239 - tensor([ 1205,  1920, 13940], device='cuda:0')
2024-02-07 19:02:28,239 - Classification Succeeds.
2024-02-07 19:02:28,240 - Link Generation Fails.
2024-02-07 19:13:51,320 - Victim node is 16680.
2024-02-07 19:13:51,320 - tensor([19717, 19719, 19720], device='cuda:0')
2024-02-07 19:13:51,320 - Classification Fails.
2024-02-07 19:13:51,320 - Link Generation Succeeds.
2024-02-07 19:25:17,681 - Victim node is 10056.
2024-02-07 19:25:17,682 - tensor([19717, 19718, 19721], device='cuda:0')
2024-02-07 19:25:17,682 - Classification Fails.
2024-02-07 19:25:17,682 - Link Generation Succeeds.
2024-02-07 19:36:57,068 - Victim node is 2408.
2024-02-07 19:36:57,069 - tensor([19717, 19718, 19720], device='cuda:0')
2024-02-07 19:36:57,069 - Classification Fails.
2024-02-07 19:36:57,069 - Link Generation Succeeds.
2024-02-07 19:48:20,748 - Victim node is 18743.
2024-02-07 19:48:20,748 - tensor([19717, 19718, 19719], device='cuda:0')
2024-02-07 19:48:20,749 - Classification Fails.
2024-02-07 19:48:20,749 - Link Generation Succeeds.
2024-02-07 19:59:47,463 - Victim node is 2401.
2024-02-07 19:59:47,463 - tensor([19718, 19719, 19720], device='cuda:0')
2024-02-07 19:59:47,463 - Classification Succeeds.
2024-02-07 19:59:47,464 - Link Generation Succeeds.
2024-02-07 20:11:15,757 - Victim node is 17531.
2024-02-07 20:11:15,757 - tensor([ 1205, 13940, 14742], device='cuda:0')
2024-02-07 20:11:15,758 - Classification Succeeds.
2024-02-07 20:11:15,758 - Link Generation Fails.
2024-02-07 20:22:39,769 - Victim node is 16763.
2024-02-07 20:22:39,769 - tensor([ 1920,  2361, 12019], device='cuda:0')
2024-02-07 20:22:39,769 - Classification Fails.
2024-02-07 20:22:39,769 - Link Generation Fails.
2024-02-07 20:34:02,635 - Victim node is 11757.
2024-02-07 20:34:02,635 - tensor([19717, 19718, 19721], device='cuda:0')
2024-02-07 20:34:02,635 - Classification Succeeds.
2024-02-07 20:34:02,636 - Link Generation Succeeds.
2024-02-07 20:45:30,596 - Victim node is 4246.
2024-02-07 20:45:30,596 - tensor([19717, 19718, 19719], device='cuda:0')
2024-02-07 20:45:30,596 - Classification Fails.
2024-02-07 20:45:30,596 - Link Generation Succeeds.
2024-02-07 20:56:57,886 - Victim node is 12316.
2024-02-07 20:56:57,886 - tensor([19717, 19718, 19719], device='cuda:0')
2024-02-07 20:56:57,887 - Classification Fails.
2024-02-07 20:56:57,887 - Link Generation Succeeds.
2024-02-07 21:08:24,216 - Victim node is 10122.
2024-02-07 21:08:24,216 - tensor([19717, 19718, 19719], device='cuda:0')
2024-02-07 21:08:24,217 - Classification Fails.
2024-02-07 21:08:24,217 - Link Generation Succeeds.
2024-02-07 21:19:48,412 - Victim node is 7882.
2024-02-07 21:19:48,412 - tensor([ 1920,  2361, 12019], device='cuda:0')
2024-02-07 21:19:48,412 - Classification Succeeds.
2024-02-07 21:19:48,412 - Link Generation Fails.
2024-02-07 21:31:18,550 - Victim node is 10395.
2024-02-07 21:31:18,551 - tensor([19717, 19718, 19719], device='cuda:0')
2024-02-07 21:31:18,551 - Classification Fails.
2024-02-07 21:31:18,551 - Link Generation Succeeds.
2024-02-07 21:42:47,595 - Victim node is 19193.
2024-02-07 21:42:47,595 - tensor([19717, 19718, 19719], device='cuda:0')
2024-02-07 21:42:47,596 - Classification Fails.
2024-02-07 21:42:47,596 - Link Generation Succeeds.
2024-02-07 21:54:18,882 - Victim node is 12849.
2024-02-07 21:54:18,882 - tensor([ 1205,  5440, 13940], device='cuda:0')
2024-02-07 21:54:18,882 - Classification Succeeds.
2024-02-07 21:54:18,882 - Link Generation Fails.
2024-02-07 22:05:49,991 - Victim node is 11919.
2024-02-07 22:05:49,991 - tensor([ 1920, 19720, 19721], device='cuda:0')
2024-02-07 22:05:49,991 - Classification Fails.
2024-02-07 22:05:49,991 - Link Generation Succeeds.
2024-02-07 22:17:16,235 - Victim node is 6306.
2024-02-07 22:17:16,235 - tensor([19717, 19718, 19719], device='cuda:0')
2024-02-07 22:17:16,236 - Classification Fails.
2024-02-07 22:17:16,236 - Link Generation Succeeds.
2024-02-07 22:28:45,625 - Victim node is 3366.
2024-02-07 22:28:45,625 - tensor([19717, 19718, 19719], device='cuda:0')
2024-02-07 22:28:45,625 - Classification Fails.
2024-02-07 22:28:45,625 - Link Generation Succeeds.
2024-02-07 22:40:14,207 - Victim node is 8943.
2024-02-07 22:40:14,207 - tensor([ 5375, 14893, 15841], device='cuda:0')
2024-02-07 22:40:14,208 - Classification Fails.
2024-02-07 22:40:14,208 - Link Generation Fails.
2024-02-07 22:51:42,834 - Victim node is 564.
2024-02-07 22:51:42,834 - tensor([ 1205,  1920, 13940], device='cuda:0')
2024-02-07 22:51:42,834 - Classification Succeeds.
2024-02-07 22:51:42,834 - Link Generation Fails.
2024-02-07 23:03:07,544 - Victim node is 649.
2024-02-07 23:03:07,544 - tensor([19717, 19718, 19719], device='cuda:0')
2024-02-07 23:03:07,545 - Classification Succeeds.
2024-02-07 23:03:07,545 - Link Generation Succeeds.
2024-02-07 23:14:34,178 - Victim node is 13119.
2024-02-07 23:14:34,178 - tensor([19717, 19718, 19721], device='cuda:0')
2024-02-07 23:14:34,179 - Classification Fails.
2024-02-07 23:14:34,179 - Link Generation Succeeds.
2024-02-07 23:26:01,277 - Victim node is 15724.
2024-02-07 23:26:01,277 - tensor([19717, 19720, 19721], device='cuda:0')
2024-02-07 23:26:01,278 - Classification Fails.
2024-02-07 23:26:01,278 - Link Generation Succeeds.
2024-02-07 23:37:25,863 - Victim node is 11701.
2024-02-07 23:37:25,864 - tensor([19717, 19718, 19720], device='cuda:0')
2024-02-07 23:37:25,864 - Classification Fails.
2024-02-07 23:37:25,864 - Link Generation Succeeds.
2024-02-07 23:48:56,293 - Victim node is 8929.
2024-02-07 23:48:56,293 - tensor([19717, 19718, 19719], device='cuda:0')
2024-02-07 23:48:56,293 - Classification Fails.
2024-02-07 23:48:56,293 - Link Generation Succeeds.
2024-02-08 00:00:34,514 - Victim node is 6229.
2024-02-08 00:00:34,515 - tensor([ 1205, 19719, 19721], device='cuda:0')
2024-02-08 00:00:34,515 - Classification Fails.
2024-02-08 00:00:34,515 - Link Generation Succeeds.
2024-02-08 00:12:00,667 - Victim node is 8102.
2024-02-08 00:12:00,667 - tensor([  903,  1920, 12019], device='cuda:0')
2024-02-08 00:12:00,667 - Classification Succeeds.
2024-02-08 00:12:00,667 - Link Generation Fails.
2024-02-08 00:23:29,334 - Victim node is 12743.
2024-02-08 00:23:29,334 - tensor([19717, 19718, 19719], device='cuda:0')
2024-02-08 00:23:29,334 - Classification Fails.
2024-02-08 00:23:29,334 - Link Generation Succeeds.
2024-02-08 00:34:54,336 - Victim node is 7686.
2024-02-08 00:34:54,336 - tensor([19718, 19719, 19721], device='cuda:0')
2024-02-08 00:34:54,336 - Classification Fails.
2024-02-08 00:34:54,336 - Link Generation Succeeds.
2024-02-08 00:46:21,794 - Victim node is 2554.
2024-02-08 00:46:21,794 - tensor([ 1205, 13940, 19721], device='cuda:0')
2024-02-08 00:46:21,795 - Classification Fails.
2024-02-08 00:46:21,795 - Link Generation Succeeds.
2024-02-08 00:57:49,528 - Victim node is 9932.
2024-02-08 00:57:49,528 - tensor([19717, 19718, 19719], device='cuda:0')
2024-02-08 00:57:49,529 - Classification Fails.
2024-02-08 00:57:49,529 - Link Generation Succeeds.
2024-02-08 01:09:15,853 - Victim node is 14413.
2024-02-08 01:09:15,853 - tensor([19717, 19718, 19719], device='cuda:0')
2024-02-08 01:09:15,853 - Classification Succeeds.
2024-02-08 01:09:15,853 - Link Generation Succeeds.
2024-02-08 01:20:40,855 - Victim node is 16450.
2024-02-08 01:20:40,856 - tensor([19718, 19719, 19721], device='cuda:0')
2024-02-08 01:20:40,856 - Classification Fails.
2024-02-08 01:20:40,856 - Link Generation Succeeds.
2024-02-08 01:32:08,188 - Victim node is 10598.
2024-02-08 01:32:08,188 - tensor([19717, 19718, 19719], device='cuda:0')
2024-02-08 01:32:08,188 - Classification Fails.
2024-02-08 01:32:08,189 - Link Generation Succeeds.
2024-02-08 01:43:34,516 - Victim node is 3179.
2024-02-08 01:43:34,516 - tensor([ 1920, 19718, 19719], device='cuda:0')
2024-02-08 01:43:34,517 - Classification Succeeds.
2024-02-08 01:43:34,517 - Link Generation Succeeds.
2024-02-08 01:55:00,352 - Victim node is 2637.
2024-02-08 01:55:00,353 - tensor([19717, 19718, 19719], device='cuda:0')
2024-02-08 01:55:00,353 - Classification Fails.
2024-02-08 01:55:00,353 - Link Generation Succeeds.
2024-02-08 02:06:28,372 - Victim node is 1386.
2024-02-08 02:06:28,372 - tensor([19717, 19718, 19719], device='cuda:0')
2024-02-08 02:06:28,372 - Classification Fails.
2024-02-08 02:06:28,373 - Link Generation Succeeds.
2024-02-08 02:17:52,385 - Victim node is 19582.
2024-02-08 02:17:52,385 - tensor([19717, 19720, 19721], device='cuda:0')
2024-02-08 02:17:52,385 - Classification Fails.
2024-02-08 02:17:52,385 - Link Generation Succeeds.
2024-02-08 02:29:18,360 - Victim node is 1689.
2024-02-08 02:29:18,360 - tensor([ 1205,  1920, 12019], device='cuda:0')
2024-02-08 02:29:18,360 - Classification Succeeds.
2024-02-08 02:29:18,360 - Link Generation Fails.
2024-02-08 02:40:48,794 - Victim node is 9958.
2024-02-08 02:40:48,794 - tensor([ 1205,  1920, 19719], device='cuda:0')
2024-02-08 02:40:48,795 - Classification Fails.
2024-02-08 02:40:48,795 - Link Generation Succeeds.
2024-02-08 02:52:17,333 - Victim node is 6812.
2024-02-08 02:52:17,333 - tensor([19717, 19718, 19721], device='cuda:0')
2024-02-08 02:52:17,333 - Classification Succeeds.
2024-02-08 02:52:17,334 - Link Generation Succeeds.
2024-02-08 03:03:44,076 - Victim node is 3491.
2024-02-08 03:03:44,076 - tensor([19717, 19718, 19719], device='cuda:0')
2024-02-08 03:03:44,076 - Classification Succeeds.
2024-02-08 03:03:44,077 - Link Generation Succeeds.
2024-02-08 03:15:13,953 - Victim node is 8003.
2024-02-08 03:15:13,953 - tensor([19717, 19720, 19721], device='cuda:0')
2024-02-08 03:15:13,953 - Classification Fails.
2024-02-08 03:15:13,954 - Link Generation Succeeds.
2024-02-08 03:26:37,639 - Victim node is 5164.
2024-02-08 03:26:37,639 - tensor([ 5375, 15841, 19721], device='cuda:0')
2024-02-08 03:26:37,639 - Classification Fails.
2024-02-08 03:26:37,639 - Link Generation Succeeds.
2024-02-08 03:38:01,977 - Victim node is 13645.
2024-02-08 03:38:01,977 - tensor([19717, 19718, 19719], device='cuda:0')
2024-02-08 03:38:01,977 - Classification Succeeds.
2024-02-08 03:38:01,977 - Link Generation Succeeds.
2024-02-08 03:49:26,780 - Victim node is 2494.
2024-02-08 03:49:26,780 - tensor([13170, 19717, 19718], device='cuda:0')
2024-02-08 03:49:26,780 - Classification Fails.
2024-02-08 03:49:26,780 - Link Generation Succeeds.
2024-02-08 04:00:53,161 - Victim node is 19054.
2024-02-08 04:00:53,161 - tensor([ 1205,  1920, 13940], device='cuda:0')
2024-02-08 04:00:53,162 - Classification Succeeds.
2024-02-08 04:00:53,162 - Link Generation Fails.
2024-02-08 04:12:19,518 - Victim node is 5506.
2024-02-08 04:12:19,518 - tensor([19717, 19719, 19720], device='cuda:0')
2024-02-08 04:12:19,518 - Classification Fails.
2024-02-08 04:12:19,518 - Link Generation Succeeds.
2024-02-08 04:23:42,430 - Victim node is 7518.
2024-02-08 04:23:42,430 - tensor([ 1205, 19717, 19721], device='cuda:0')
2024-02-08 04:23:42,431 - Classification Fails.
2024-02-08 04:23:42,431 - Link Generation Succeeds.
2024-02-08 04:35:07,756 - Victim node is 1804.
2024-02-08 04:35:07,756 - tensor([ 1205,  1920, 13940], device='cuda:0')
2024-02-08 04:35:07,756 - Classification Succeeds.
2024-02-08 04:35:07,756 - Link Generation Fails.
2024-02-08 04:46:30,968 - Victim node is 14750.
2024-02-08 04:46:30,968 - tensor([ 903, 1205, 1920], device='cuda:0')
2024-02-08 04:46:30,968 - Classification Succeeds.
2024-02-08 04:46:30,968 - Link Generation Fails.
2024-02-08 04:57:57,447 - Victim node is 14854.
2024-02-08 04:57:57,447 - tensor([13170, 14893, 15841], device='cuda:0')
2024-02-08 04:57:57,447 - Classification Succeeds.
2024-02-08 04:57:57,448 - Link Generation Fails.
2024-02-08 05:09:23,145 - Victim node is 6155.
2024-02-08 05:09:23,145 - tensor([19718, 19720, 19721], device='cuda:0')
2024-02-08 05:09:23,145 - Classification Fails.
2024-02-08 05:09:23,145 - Link Generation Succeeds.
2024-02-08 05:20:49,825 - Victim node is 2174.
2024-02-08 05:20:49,825 - tensor([19717, 19718, 19719], device='cuda:0')
2024-02-08 05:20:49,825 - Classification Fails.
2024-02-08 05:20:49,825 - Link Generation Succeeds.
2024-02-08 05:32:14,361 - Victim node is 7053.
2024-02-08 05:32:14,361 - tensor([ 1205, 13940, 19720], device='cuda:0')
2024-02-08 05:32:14,361 - Classification Fails.
2024-02-08 05:32:14,361 - Link Generation Succeeds.
2024-02-08 05:43:39,514 - Victim node is 16359.
2024-02-08 05:43:39,514 - tensor([ 1920,  7056, 15841], device='cuda:0')
2024-02-08 05:43:39,514 - Classification Fails.
2024-02-08 05:43:39,514 - Link Generation Fails.
2024-02-08 05:55:07,687 - Victim node is 8034.
2024-02-08 05:55:07,687 - tensor([19717, 19718, 19720], device='cuda:0')
2024-02-08 05:55:07,688 - Classification Succeeds.
2024-02-08 05:55:07,688 - Link Generation Succeeds.
2024-02-08 06:06:36,380 - Victim node is 10223.
2024-02-08 06:06:36,380 - tensor([19717, 19718, 19719], device='cuda:0')
2024-02-08 06:06:36,380 - Classification Fails.
2024-02-08 06:06:36,380 - Link Generation Succeeds.
2024-02-08 06:18:02,890 - Victim node is 5412.
2024-02-08 06:18:02,890 - tensor([19717, 19719, 19720], device='cuda:0')
2024-02-08 06:18:02,890 - Classification Fails.
2024-02-08 06:18:02,890 - Link Generation Succeeds.
2024-02-08 06:29:26,289 - Victim node is 2663.
2024-02-08 06:29:26,289 - tensor([19717, 19719, 19720], device='cuda:0')
2024-02-08 06:29:26,289 - Classification Succeeds.
2024-02-08 06:29:26,289 - Link Generation Succeeds.
2024-02-08 06:40:52,568 - Victim node is 15009.
2024-02-08 06:40:52,568 - tensor([19717, 19718, 19719], device='cuda:0')
2024-02-08 06:40:52,569 - Classification Fails.
2024-02-08 06:40:52,569 - Link Generation Succeeds.
2024-02-08 06:52:18,002 - Victim node is 12421.
2024-02-08 06:52:18,002 - tensor([ 1205, 19718, 19721], device='cuda:0')
2024-02-08 06:52:18,003 - Classification Fails.
2024-02-08 06:52:18,003 - Link Generation Succeeds.
2024-02-08 07:03:48,866 - Victim node is 2952.
2024-02-08 07:03:48,866 - tensor([19717, 19718, 19719], device='cuda:0')
2024-02-08 07:03:48,866 - Classification Fails.
2024-02-08 07:03:48,867 - Link Generation Succeeds.
2024-02-08 07:15:14,274 - Victim node is 13471.
2024-02-08 07:15:14,274 - tensor([19719, 19720, 19721], device='cuda:0')
2024-02-08 07:15:14,274 - Classification Fails.
2024-02-08 07:15:14,274 - Link Generation Succeeds.
2024-02-08 07:26:37,304 - Victim node is 3577.
2024-02-08 07:26:37,304 - tensor([19717, 19719, 19721], device='cuda:0')
2024-02-08 07:26:37,305 - Classification Fails.
2024-02-08 07:26:37,305 - Link Generation Succeeds.
2024-02-08 07:38:04,407 - Victim node is 7866.
2024-02-08 07:38:04,407 - tensor([19718, 19719, 19721], device='cuda:0')
2024-02-08 07:38:04,407 - Classification Fails.
2024-02-08 07:38:04,408 - Link Generation Succeeds.
2024-02-08 07:49:29,676 - Victim node is 8584.
2024-02-08 07:49:29,676 - tensor([ 1205, 19717, 19720], device='cuda:0')
2024-02-08 07:49:29,677 - Classification Succeeds.
2024-02-08 07:49:29,677 - Link Generation Succeeds.
2024-02-08 08:00:52,051 - Victim node is 2020.
2024-02-08 08:00:52,051 - tensor([19717, 19720, 19721], device='cuda:0')
2024-02-08 08:00:52,051 - Classification Fails.
2024-02-08 08:00:52,051 - Link Generation Succeeds.
2024-02-08 08:12:14,683 - Victim node is 17067.
2024-02-08 08:12:14,684 - tensor([19717, 19718, 19719], device='cuda:0')
2024-02-08 08:12:14,684 - Classification Succeeds.
2024-02-08 08:12:14,684 - Link Generation Succeeds.
2024-02-08 08:23:43,079 - Victim node is 10807.
2024-02-08 08:23:43,079 - tensor([19717, 19718, 19719], device='cuda:0')
2024-02-08 08:23:43,080 - Classification Fails.
2024-02-08 08:23:43,080 - Link Generation Succeeds.
2024-02-08 08:35:12,105 - Victim node is 6092.
2024-02-08 08:35:12,105 - tensor([ 1205,  1920, 13940], device='cuda:0')
2024-02-08 08:35:12,106 - Classification Succeeds.
2024-02-08 08:35:12,106 - Link Generation Fails.
2024-02-08 08:46:36,886 - Victim node is 1535.
2024-02-08 08:46:36,886 - tensor([19717, 19720, 19721], device='cuda:0')
2024-02-08 08:46:36,886 - Classification Fails.
2024-02-08 08:46:36,886 - Link Generation Succeeds.
2024-02-08 08:58:03,280 - Victim node is 7037.
2024-02-08 08:58:03,280 - tensor([19717, 19718, 19719], device='cuda:0')
2024-02-08 08:58:03,280 - Classification Succeeds.
2024-02-08 08:58:03,280 - Link Generation Succeeds.
2024-02-08 09:09:30,793 - Victim node is 15494.
2024-02-08 09:09:30,793 - tensor([ 1205, 19719, 19720], device='cuda:0')
2024-02-08 09:09:30,793 - Classification Fails.
2024-02-08 09:09:30,793 - Link Generation Succeeds.
2024-02-08 09:20:56,429 - Victim node is 15287.
2024-02-08 09:20:56,429 - tensor([ 1920,  2361, 12019], device='cuda:0')
2024-02-08 09:20:56,429 - Classification Fails.
2024-02-08 09:20:56,429 - Link Generation Fails.
2024-02-08 09:32:20,418 - Victim node is 13480.
2024-02-08 09:32:20,418 - tensor([19717, 19718, 19719], device='cuda:0')
2024-02-08 09:32:20,418 - Classification Fails.
2024-02-08 09:32:20,418 - Link Generation Succeeds.
2024-02-08 09:43:46,047 - Victim node is 4686.
2024-02-08 09:43:46,047 - tensor([19717, 19718, 19721], device='cuda:0')
2024-02-08 09:43:46,047 - Classification Fails.
2024-02-08 09:43:46,047 - Link Generation Succeeds.
2024-02-08 09:55:12,031 - Victim node is 11770.
2024-02-08 09:55:12,032 - tensor([19717, 19718, 19719], device='cuda:0')
2024-02-08 09:55:12,032 - Classification Fails.
2024-02-08 09:55:12,032 - Link Generation Succeeds.
2024-02-08 10:06:37,788 - Victim node is 1331.
2024-02-08 10:06:37,788 - tensor([19717, 19718, 19719], device='cuda:0')
2024-02-08 10:06:37,789 - Classification Succeeds.
2024-02-08 10:06:37,789 - Link Generation Succeeds.
2024-02-08 10:18:04,316 - Victim node is 6043.
2024-02-08 10:18:04,316 - tensor([ 5375, 12019, 15841], device='cuda:0')
2024-02-08 10:18:04,316 - Classification Succeeds.
2024-02-08 10:18:04,316 - Link Generation Fails.
2024-02-08 10:29:26,977 - Victim node is 474.
2024-02-08 10:29:26,977 - tensor([19717, 19718, 19719], device='cuda:0')
2024-02-08 10:29:26,977 - Classification Fails.
2024-02-08 10:29:26,977 - Link Generation Succeeds.
2024-02-08 10:40:56,452 - Victim node is 14851.
2024-02-08 10:40:56,452 - tensor([19717, 19718, 19719], device='cuda:0')
2024-02-08 10:40:56,452 - Classification Fails.
2024-02-08 10:40:56,452 - Link Generation Succeeds.
2024-02-08 10:52:30,697 - Victim node is 5917.
2024-02-08 10:52:30,698 - tensor([ 1205, 13940, 19720], device='cuda:0')
2024-02-08 10:52:30,698 - Classification Fails.
2024-02-08 10:52:30,698 - Link Generation Succeeds.
2024-02-08 11:03:55,080 - Victim node is 944.
2024-02-08 11:03:55,080 - tensor([ 1205, 12019, 13940], device='cuda:0')
2024-02-08 11:03:55,080 - Classification Succeeds.
2024-02-08 11:03:55,080 - Link Generation Fails.
2024-02-08 11:15:18,501 - Victim node is 4465.
2024-02-08 11:15:18,501 - tensor([19717, 19718, 19719], device='cuda:0')
2024-02-08 11:15:18,502 - Classification Fails.
2024-02-08 11:15:18,502 - Link Generation Succeeds.
2024-02-08 11:26:41,753 - Victim node is 11436.
2024-02-08 11:26:41,753 - tensor([19717, 19718, 19719], device='cuda:0')
2024-02-08 11:26:41,753 - Classification Succeeds.
2024-02-08 11:26:41,753 - Link Generation Succeeds.
2024-02-08 11:38:06,906 - Victim node is 15526.
2024-02-08 11:38:06,907 - tensor([19717, 19719, 19720], device='cuda:0')
2024-02-08 11:38:06,907 - Classification Fails.
2024-02-08 11:38:06,907 - Link Generation Succeeds.
2024-02-08 11:49:31,758 - Victim node is 3968.
2024-02-08 11:49:31,758 - tensor([ 1205, 13940, 19721], device='cuda:0')
2024-02-08 11:49:31,758 - Classification Fails.
2024-02-08 11:49:31,758 - Link Generation Succeeds.
2024-02-08 12:00:55,720 - Victim node is 12479.
2024-02-08 12:00:55,720 - tensor([19717, 19718, 19719], device='cuda:0')
2024-02-08 12:00:55,720 - Classification Succeeds.
2024-02-08 12:00:55,720 - Link Generation Succeeds.
2024-02-08 12:12:19,511 - Victim node is 6618.
2024-02-08 12:12:19,511 - tensor([19717, 19718, 19720], device='cuda:0')
2024-02-08 12:12:19,512 - Classification Fails.
2024-02-08 12:12:19,512 - Link Generation Succeeds.
2024-02-08 12:23:48,643 - Victim node is 16327.
2024-02-08 12:23:48,643 - tensor([19717, 19718, 19719], device='cuda:0')
2024-02-08 12:23:48,643 - Classification Fails.
2024-02-08 12:23:48,643 - Link Generation Succeeds.
2024-02-08 12:35:17,094 - Victim node is 3353.
2024-02-08 12:35:17,094 - tensor([ 1205,  1920, 13940], device='cuda:0')
2024-02-08 12:35:17,094 - Classification Succeeds.
2024-02-08 12:35:17,094 - Link Generation Fails.
2024-02-08 12:46:41,996 - Victim node is 19306.
2024-02-08 12:46:41,996 - tensor([ 1205, 19717, 19721], device='cuda:0')
2024-02-08 12:46:41,996 - Classification Succeeds.
2024-02-08 12:46:41,996 - Link Generation Succeeds.
2024-02-08 12:58:06,162 - Victim node is 19071.
2024-02-08 12:58:06,163 - tensor([19717, 19719, 19721], device='cuda:0')
2024-02-08 12:58:06,163 - Classification Fails.
2024-02-08 12:58:06,163 - Link Generation Succeeds.
2024-02-08 13:09:32,251 - Victim node is 11388.
2024-02-08 13:09:32,251 - tensor([19717, 19718, 19719], device='cuda:0')
2024-02-08 13:09:32,252 - Classification Fails.
2024-02-08 13:09:32,252 - Link Generation Succeeds.
2024-02-08 13:20:56,758 - Victim node is 7144.
2024-02-08 13:20:56,758 - tensor([19717, 19718, 19719], device='cuda:0')
2024-02-08 13:20:56,759 - Classification Succeeds.
2024-02-08 13:20:56,759 - Link Generation Succeeds.
2024-02-08 13:32:26,472 - Victim node is 569.
2024-02-08 13:32:26,472 - tensor([13170, 14893, 15841], device='cuda:0')
2024-02-08 13:32:26,473 - Classification Succeeds.
2024-02-08 13:32:26,473 - Link Generation Fails.
2024-02-08 13:43:55,082 - Victim node is 12429.
2024-02-08 13:43:55,082 - tensor([ 1920, 12019, 19720], device='cuda:0')
2024-02-08 13:43:55,082 - Classification Succeeds.
2024-02-08 13:43:55,083 - Link Generation Succeeds.
2024-02-08 13:55:21,561 - Victim node is 9939.
2024-02-08 13:55:21,561 - tensor([ 1205,  1920, 12019], device='cuda:0')
2024-02-08 13:55:21,561 - Classification Fails.
2024-02-08 13:55:21,561 - Link Generation Fails.
2024-02-08 14:06:48,667 - Victim node is 11080.
2024-02-08 14:06:48,667 - tensor([19717, 19719, 19721], device='cuda:0')
2024-02-08 14:06:48,667 - Classification Succeeds.
2024-02-08 14:06:48,668 - Link Generation Succeeds.
2024-02-08 14:18:13,715 - Victim node is 13.
2024-02-08 14:18:13,715 - tensor([ 1205,  1920, 14742], device='cuda:0')
2024-02-08 14:18:13,715 - Classification Fails.
2024-02-08 14:18:13,715 - Link Generation Fails.
2024-02-08 14:29:41,933 - Victim node is 13430.
2024-02-08 14:29:41,933 - tensor([19717, 19718, 19719], device='cuda:0')
2024-02-08 14:29:41,934 - Classification Fails.
2024-02-08 14:29:41,934 - Link Generation Succeeds.
2024-02-08 14:41:08,849 - Victim node is 8179.
2024-02-08 14:41:08,849 - tensor([ 1205,  1920, 13940], device='cuda:0')
2024-02-08 14:41:08,849 - Classification Fails.
2024-02-08 14:41:08,849 - Link Generation Fails.
2024-02-08 14:52:38,093 - Victim node is 4669.
2024-02-08 14:52:38,093 - tensor([19717, 19718, 19719], device='cuda:0')
2024-02-08 14:52:38,093 - Classification Succeeds.
2024-02-08 14:52:38,093 - Link Generation Succeeds.
2024-02-08 15:04:01,419 - Victim node is 5094.
2024-02-08 15:04:01,419 - tensor([19717, 19718, 19719], device='cuda:0')
2024-02-08 15:04:01,419 - Classification Fails.
2024-02-08 15:04:01,419 - Link Generation Succeeds.
2024-02-08 15:15:27,525 - Victim node is 19285.
2024-02-08 15:15:27,525 - tensor([19719, 19720, 19721], device='cuda:0')
2024-02-08 15:15:27,525 - Classification Succeeds.
2024-02-08 15:15:27,525 - Link Generation Succeeds.
2024-02-08 15:26:51,130 - Victim node is 9500.
2024-02-08 15:26:51,130 - tensor([ 1205, 19718, 19719], device='cuda:0')
2024-02-08 15:26:51,131 - Classification Fails.
2024-02-08 15:26:51,131 - Link Generation Succeeds.
2024-02-08 15:38:17,094 - Victim node is 4165.
2024-02-08 15:38:17,094 - tensor([19718, 19720, 19721], device='cuda:0')
2024-02-08 15:38:17,094 - Classification Fails.
2024-02-08 15:38:17,094 - Link Generation Succeeds.
2024-02-08 15:49:55,758 - Victim node is 10577.
2024-02-08 15:49:55,758 - tensor([19717, 19718, 19719], device='cuda:0')
2024-02-08 15:49:55,759 - Classification Succeeds.
2024-02-08 15:49:55,759 - Link Generation Succeeds.
2024-02-08 16:01:23,468 - Victim node is 14066.
2024-02-08 16:01:23,468 - tensor([19717, 19718, 19719], device='cuda:0')
2024-02-08 16:01:23,468 - Classification Fails.
2024-02-08 16:01:23,468 - Link Generation Succeeds.
2024-02-08 16:12:50,748 - Victim node is 17369.
2024-02-08 16:12:50,748 - tensor([11024, 14893, 15841], device='cuda:0')
2024-02-08 16:12:50,748 - Classification Succeeds.
2024-02-08 16:12:50,748 - Link Generation Fails.
2024-02-08 16:24:17,366 - Victim node is 633.
2024-02-08 16:24:17,366 - tensor([19717, 19718, 19719], device='cuda:0')
2024-02-08 16:24:17,366 - Classification Fails.
2024-02-08 16:24:17,366 - Link Generation Succeeds.
2024-02-08 16:35:43,079 - Victim node is 5073.
2024-02-08 16:35:43,079 - tensor([ 5375, 14893, 15841], device='cuda:0')
2024-02-08 16:35:43,080 - Classification Succeeds.
2024-02-08 16:35:43,080 - Link Generation Fails.
2024-02-08 16:47:11,679 - Victim node is 11052.
2024-02-08 16:47:11,679 - tensor([19717, 19720, 19721], device='cuda:0')
2024-02-08 16:47:11,679 - Classification Fails.
2024-02-08 16:47:11,679 - Link Generation Succeeds.
2024-02-08 16:58:34,501 - Victim node is 12691.
2024-02-08 16:58:34,501 - tensor([19717, 19718, 19719], device='cuda:0')
2024-02-08 16:58:34,502 - Classification Fails.
2024-02-08 16:58:34,502 - Link Generation Succeeds.
2024-02-08 17:10:09,027 - Victim node is 14407.
2024-02-08 17:10:09,027 - tensor([19718, 19719, 19721], device='cuda:0')
2024-02-08 17:10:09,027 - Classification Succeeds.
2024-02-08 17:10:09,027 - Link Generation Succeeds.
2024-02-08 17:21:35,703 - Victim node is 12474.
2024-02-08 17:21:35,703 - tensor([19717, 19720, 19721], device='cuda:0')
2024-02-08 17:21:35,703 - Classification Fails.
2024-02-08 17:21:35,703 - Link Generation Succeeds.
2024-02-08 17:32:58,666 - Victim node is 17842.
2024-02-08 17:32:58,666 - tensor([19717, 19718, 19719], device='cuda:0')
2024-02-08 17:32:58,667 - Classification Fails.
2024-02-08 17:32:58,667 - Link Generation Succeeds.
2024-02-08 17:44:24,689 - Victim node is 18997.
2024-02-08 17:44:24,689 - tensor([ 1205,  1920, 13940], device='cuda:0')
2024-02-08 17:44:24,690 - Classification Succeeds.
2024-02-08 17:44:24,690 - Link Generation Fails.
2024-02-08 17:55:54,427 - Victim node is 15360.
2024-02-08 17:55:54,427 - tensor([19717, 19718, 19719], device='cuda:0')
2024-02-08 17:55:54,428 - Classification Fails.
2024-02-08 17:55:54,428 - Link Generation Succeeds.
2024-02-08 18:07:21,119 - Victim node is 15562.
2024-02-08 18:07:21,119 - tensor([19717, 19718, 19719], device='cuda:0')
2024-02-08 18:07:21,119 - Classification Fails.
2024-02-08 18:07:21,119 - Link Generation Succeeds.
2024-02-08 18:18:50,178 - Victim node is 5687.
2024-02-08 18:18:50,178 - tensor([19717, 19718, 19719], device='cuda:0')
2024-02-08 18:18:50,179 - Classification Fails.
2024-02-08 18:18:50,179 - Link Generation Succeeds.
2024-02-08 18:30:13,352 - Victim node is 3438.
2024-02-08 18:30:13,352 - tensor([19717, 19718, 19719], device='cuda:0')
2024-02-08 18:30:13,352 - Classification Succeeds.
2024-02-08 18:30:13,352 - Link Generation Succeeds.
2024-02-08 18:41:40,756 - Victim node is 9210.
2024-02-08 18:41:40,757 - tensor([19717, 19718, 19721], device='cuda:0')
2024-02-08 18:41:40,757 - Classification Succeeds.
2024-02-08 18:41:40,757 - Link Generation Succeeds.
2024-02-08 18:53:04,699 - Victim node is 16572.
2024-02-08 18:53:04,699 - tensor([19717, 19718, 19719], device='cuda:0')
2024-02-08 18:53:04,699 - Classification Fails.
2024-02-08 18:53:04,699 - Link Generation Succeeds.
2024-02-08 19:04:27,322 - Victim node is 15405.
2024-02-08 19:04:27,322 - tensor([19717, 19718, 19719], device='cuda:0')
2024-02-08 19:04:27,322 - Classification Fails.
2024-02-08 19:04:27,323 - Link Generation Succeeds.
2024-02-08 19:15:50,154 - Victim node is 1817.
2024-02-08 19:15:50,155 - tensor([19717, 19718, 19719], device='cuda:0')
2024-02-08 19:15:50,155 - Classification Fails.
2024-02-08 19:15:50,155 - Link Generation Succeeds.
2024-02-08 19:27:12,927 - Victim node is 9108.
2024-02-08 19:27:12,928 - tensor([19717, 19718, 19720], device='cuda:0')
2024-02-08 19:27:12,928 - Classification Succeeds.
2024-02-08 19:27:12,928 - Link Generation Succeeds.
2024-02-08 19:38:42,310 - Victim node is 18046.
2024-02-08 19:38:42,310 - tensor([ 1205, 19720, 19721], device='cuda:0')
2024-02-08 19:38:42,311 - Classification Fails.
2024-02-08 19:38:42,311 - Link Generation Succeeds.
2024-02-08 19:50:07,901 - Victim node is 6153.
2024-02-08 19:50:07,901 - tensor([ 6209, 13170, 15841], device='cuda:0')
2024-02-08 19:50:07,902 - Classification Fails.
2024-02-08 19:50:07,902 - Link Generation Fails.
2024-02-08 20:01:32,793 - Victim node is 2319.
2024-02-08 20:01:32,794 - tensor([19718, 19719, 19720], device='cuda:0')
2024-02-08 20:01:32,794 - Classification Fails.
2024-02-08 20:01:32,794 - Link Generation Succeeds.
2024-02-08 20:12:58,399 - Victim node is 9404.
2024-02-08 20:12:58,400 - tensor([19717, 19718, 19720], device='cuda:0')
2024-02-08 20:12:58,400 - Classification Fails.
2024-02-08 20:12:58,400 - Link Generation Succeeds.
2024-02-08 20:24:28,516 - Victim node is 3192.
2024-02-08 20:24:28,516 - tensor([ 1920,  6340, 15841], device='cuda:0')
2024-02-08 20:24:28,517 - Classification Fails.
2024-02-08 20:24:28,517 - Link Generation Fails.
2024-02-08 20:35:51,025 - Victim node is 6072.
2024-02-08 20:35:51,025 - tensor([19717, 19720, 19721], device='cuda:0')
2024-02-08 20:35:51,026 - Classification Fails.
2024-02-08 20:35:51,026 - Link Generation Succeeds.
2024-02-08 20:47:16,583 - Victim node is 19101.
2024-02-08 20:47:16,584 - tensor([19717, 19718, 19719], device='cuda:0')
2024-02-08 20:47:16,584 - Classification Fails.
2024-02-08 20:47:16,584 - Link Generation Succeeds.
2024-02-08 20:58:38,757 - Victim node is 17339.
2024-02-08 20:58:38,757 - tensor([19718, 19719, 19721], device='cuda:0')
2024-02-08 20:58:38,757 - Classification Succeeds.
2024-02-08 20:58:38,757 - Link Generation Succeeds.
2024-02-08 21:10:01,799 - Victim node is 9948.
2024-02-08 21:10:01,799 - tensor([19718, 19719, 19721], device='cuda:0')
2024-02-08 21:10:01,800 - Classification Succeeds.
2024-02-08 21:10:01,800 - Link Generation Succeeds.
2024-02-08 21:21:31,549 - Victim node is 552.
2024-02-08 21:21:31,550 - tensor([19717, 19718, 19721], device='cuda:0')
2024-02-08 21:21:31,550 - Classification Succeeds.
2024-02-08 21:21:31,550 - Link Generation Succeeds.
2024-02-08 21:32:54,602 - Victim node is 15581.
2024-02-08 21:32:54,602 - tensor([ 1205,  1920, 12019], device='cuda:0')
2024-02-08 21:32:54,603 - Classification Succeeds.
2024-02-08 21:32:54,603 - Link Generation Fails.
2024-02-08 21:44:24,790 - Victim node is 3930.
2024-02-08 21:44:24,790 - tensor([19717, 19718, 19719], device='cuda:0')
2024-02-08 21:44:24,790 - Classification Fails.
2024-02-08 21:44:24,790 - Link Generation Succeeds.
2024-02-08 21:55:53,374 - Victim node is 18621.
2024-02-08 21:55:53,374 - tensor([19718, 19719, 19720], device='cuda:0')
2024-02-08 21:55:53,375 - Classification Fails.
2024-02-08 21:55:53,375 - Link Generation Succeeds.
2024-02-08 22:07:18,890 - Victim node is 19625.
2024-02-08 22:07:18,890 - tensor([19718, 19719, 19720], device='cuda:0')
2024-02-08 22:07:18,890 - Classification Fails.
2024-02-08 22:07:18,890 - Link Generation Succeeds.
2024-02-08 22:18:44,323 - Victim node is 5425.
2024-02-08 22:18:44,323 - tensor([11450, 12019, 19717], device='cuda:0')
2024-02-08 22:18:44,324 - Classification Succeeds.
2024-02-08 22:18:44,324 - Link Generation Succeeds.
2024-02-08 22:30:09,968 - Victim node is 14477.
2024-02-08 22:30:09,968 - tensor([19717, 19718, 19719], device='cuda:0')
2024-02-08 22:30:09,968 - Classification Fails.
2024-02-08 22:30:09,968 - Link Generation Succeeds.
2024-02-08 22:41:33,357 - Victim node is 14487.
2024-02-08 22:41:33,358 - tensor([19718, 19720, 19721], device='cuda:0')
2024-02-08 22:41:33,358 - Classification Fails.
2024-02-08 22:41:33,358 - Link Generation Succeeds.
2024-02-08 22:53:02,934 - Victim node is 6834.
2024-02-08 22:53:02,934 - tensor([13170, 15841, 19721], device='cuda:0')
2024-02-08 22:53:02,934 - Classification Fails.
2024-02-08 22:53:02,934 - Link Generation Succeeds.
2024-02-08 23:04:26,783 - Victim node is 1045.
2024-02-08 23:04:26,783 - tensor([ 1205, 19720, 19721], device='cuda:0')
2024-02-08 23:04:26,784 - Classification Fails.
2024-02-08 23:04:26,784 - Link Generation Succeeds.
2024-02-08 23:15:59,379 - Victim node is 12864.
2024-02-08 23:15:59,379 - tensor([ 1205,  1920, 13940], device='cuda:0')
2024-02-08 23:15:59,379 - Classification Succeeds.
2024-02-08 23:15:59,379 - Link Generation Fails.
2024-02-08 23:27:25,356 - Victim node is 18090.
2024-02-08 23:27:25,356 - tensor([19717, 19718, 19720], device='cuda:0')
2024-02-08 23:27:25,357 - Classification Succeeds.
2024-02-08 23:27:25,357 - Link Generation Succeeds.
2024-02-08 23:38:50,485 - Victim node is 6669.
2024-02-08 23:38:50,485 - tensor([19717, 19720, 19721], device='cuda:0')
2024-02-08 23:38:50,486 - Classification Fails.
2024-02-08 23:38:50,486 - Link Generation Succeeds.
2024-02-08 23:50:19,161 - Victim node is 7640.
2024-02-08 23:50:19,161 - tensor([ 1205, 13940, 17819], device='cuda:0')
2024-02-08 23:50:19,161 - Classification Succeeds.
2024-02-08 23:50:19,161 - Link Generation Fails.
2024-02-09 00:01:47,191 - Victim node is 1049.
2024-02-09 00:01:47,191 - tensor([ 2515,  5467, 15788], device='cuda:0')
2024-02-09 00:01:47,192 - Classification Fails.
2024-02-09 00:01:47,192 - Link Generation Fails.
2024-02-09 00:13:11,086 - Victim node is 9923.
2024-02-09 00:13:11,086 - tensor([19717, 19718, 19720], device='cuda:0')
2024-02-09 00:13:11,087 - Classification Fails.
2024-02-09 00:13:11,087 - Link Generation Succeeds.
2024-02-09 00:24:38,156 - Victim node is 17387.
2024-02-09 00:24:38,156 - tensor([ 1920, 12019, 19721], device='cuda:0')
2024-02-09 00:24:38,156 - Classification Fails.
2024-02-09 00:24:38,156 - Link Generation Succeeds.
2024-02-09 00:36:06,032 - Victim node is 17526.
2024-02-09 00:36:06,033 - tensor([19717, 19718, 19719], device='cuda:0')
2024-02-09 00:36:06,033 - Classification Fails.
2024-02-09 00:36:06,033 - Link Generation Succeeds.
2024-02-09 00:47:29,832 - Victim node is 16614.
2024-02-09 00:47:29,833 - tensor([19717, 19719, 19721], device='cuda:0')
2024-02-09 00:47:29,833 - Classification Fails.
2024-02-09 00:47:29,833 - Link Generation Succeeds.
2024-02-09 00:58:56,246 - Victim node is 8574.
2024-02-09 00:58:56,246 - tensor([  903,  1920, 12019], device='cuda:0')
2024-02-09 00:58:56,246 - Classification Succeeds.
2024-02-09 00:58:56,246 - Link Generation Fails.
2024-02-09 01:10:25,363 - Victim node is 13138.
2024-02-09 01:10:25,364 - tensor([14044, 14893, 15841], device='cuda:0')
2024-02-09 01:10:25,364 - Classification Succeeds.
2024-02-09 01:10:25,364 - Link Generation Fails.
2024-02-09 01:21:50,008 - Victim node is 19444.
2024-02-09 01:21:50,008 - tensor([ 1205,  1920, 12019], device='cuda:0')
2024-02-09 01:21:50,008 - Classification Fails.
2024-02-09 01:21:50,008 - Link Generation Fails.
2024-02-09 01:33:14,308 - Victim node is 16610.
2024-02-09 01:33:14,308 - tensor([19718, 19719, 19721], device='cuda:0')
2024-02-09 01:33:14,308 - Classification Fails.
2024-02-09 01:33:14,308 - Link Generation Succeeds.
2024-02-09 01:44:40,310 - Victim node is 3622.
2024-02-09 01:44:40,310 - tensor([19717, 19718, 19719], device='cuda:0')
2024-02-09 01:44:40,311 - Classification Fails.
2024-02-09 01:44:40,311 - Link Generation Succeeds.
2024-02-09 01:56:10,084 - Victim node is 18011.
2024-02-09 01:56:10,084 - tensor([19717, 19718, 19719], device='cuda:0')
2024-02-09 01:56:10,085 - Classification Fails.
2024-02-09 01:56:10,085 - Link Generation Succeeds.
2024-02-09 02:07:37,427 - Victim node is 89.
2024-02-09 02:07:37,428 - tensor([  903,  1920, 12019], device='cuda:0')
2024-02-09 02:07:37,428 - Classification Succeeds.
2024-02-09 02:07:37,428 - Link Generation Fails.
2024-02-09 02:19:04,197 - Victim node is 1503.
2024-02-09 02:19:04,197 - tensor([ 1920,  5375, 12019], device='cuda:0')
2024-02-09 02:19:04,197 - Classification Succeeds.
2024-02-09 02:19:04,197 - Link Generation Fails.
2024-02-09 02:30:29,188 - Victim node is 8974.
2024-02-09 02:30:29,188 - tensor([19717, 19718, 19719], device='cuda:0')
2024-02-09 02:30:29,188 - Classification Fails.
2024-02-09 02:30:29,188 - Link Generation Succeeds.
2024-02-09 02:41:53,857 - Victim node is 13768.
2024-02-09 02:41:53,857 - tensor([ 1205, 13940, 19721], device='cuda:0')
2024-02-09 02:41:53,857 - Classification Succeeds.
2024-02-09 02:41:53,857 - Link Generation Succeeds.
2024-02-09 02:53:22,706 - Victim node is 14795.
2024-02-09 02:53:22,706 - tensor([19717, 19718, 19719], device='cuda:0')
2024-02-09 02:53:22,706 - Classification Fails.
2024-02-09 02:53:22,706 - Link Generation Succeeds.
2024-02-09 03:04:48,579 - Victim node is 14411.
2024-02-09 03:04:48,579 - tensor([ 1205, 19718, 19719], device='cuda:0')
2024-02-09 03:04:48,580 - Classification Succeeds.
2024-02-09 03:04:48,580 - Link Generation Succeeds.
2024-02-09 03:16:13,504 - Victim node is 636.
2024-02-09 03:16:13,504 - tensor([ 9978, 14893, 15841], device='cuda:0')
2024-02-09 03:16:13,504 - Classification Fails.
2024-02-09 03:16:13,505 - Link Generation Fails.
2024-02-09 03:27:41,876 - Victim node is 5653.
2024-02-09 03:27:41,876 - tensor([19718, 19720, 19721], device='cuda:0')
2024-02-09 03:27:41,877 - Classification Fails.
2024-02-09 03:27:41,877 - Link Generation Succeeds.
2024-02-09 03:39:07,067 - Victim node is 11245.
2024-02-09 03:39:07,067 - tensor([19717, 19718, 19719], device='cuda:0')
2024-02-09 03:39:07,067 - Classification Succeeds.
2024-02-09 03:39:07,068 - Link Generation Succeeds.
2024-02-09 03:50:33,293 - Victim node is 16964.
2024-02-09 03:50:33,293 - tensor([19717, 19718, 19719], device='cuda:0')
2024-02-09 03:50:33,294 - Classification Fails.
2024-02-09 03:50:33,294 - Link Generation Succeeds.
2024-02-09 04:02:00,011 - Victim node is 3315.
2024-02-09 04:02:00,011 - tensor([ 7056, 10857, 14044], device='cuda:0')
2024-02-09 04:02:00,011 - Classification Succeeds.
2024-02-09 04:02:00,011 - Link Generation Fails.
2024-02-09 04:13:25,259 - Victim node is 16857.
2024-02-09 04:13:25,260 - tensor([19717, 19718, 19719], device='cuda:0')
2024-02-09 04:13:25,260 - Classification Fails.
2024-02-09 04:13:25,260 - Link Generation Succeeds.
2024-02-09 04:24:48,412 - Victim node is 15362.
2024-02-09 04:24:48,413 - tensor([  903,  1920, 12019], device='cuda:0')
2024-02-09 04:24:48,413 - Classification Fails.
2024-02-09 04:24:48,413 - Link Generation Fails.
2024-02-09 04:36:14,753 - Victim node is 14520.
2024-02-09 04:36:14,753 - tensor([19717, 19718, 19719], device='cuda:0')
2024-02-09 04:36:14,753 - Classification Fails.
2024-02-09 04:36:14,753 - Link Generation Succeeds.
2024-02-09 04:47:41,283 - Victim node is 8331.
2024-02-09 04:47:41,283 - tensor([19717, 19718, 19719], device='cuda:0')
2024-02-09 04:47:41,283 - Classification Succeeds.
2024-02-09 04:47:41,283 - Link Generation Succeeds.
2024-02-09 04:59:05,623 - Victim node is 10091.
2024-02-09 04:59:05,623 - tensor([19717, 19718, 19719], device='cuda:0')
2024-02-09 04:59:05,623 - Classification Succeeds.
2024-02-09 04:59:05,623 - Link Generation Succeeds.
2024-02-09 05:10:30,137 - Victim node is 8045.
2024-02-09 05:10:30,137 - tensor([19717, 19718, 19719], device='cuda:0')
2024-02-09 05:10:30,138 - Classification Fails.
2024-02-09 05:10:30,138 - Link Generation Succeeds.
2024-02-09 05:21:59,561 - Victim node is 8199.
2024-02-09 05:21:59,561 - tensor([19719, 19720, 19721], device='cuda:0')
2024-02-09 05:21:59,561 - Classification Succeeds.
2024-02-09 05:21:59,561 - Link Generation Succeeds.
2024-02-09 05:33:25,108 - Victim node is 8622.
2024-02-09 05:33:25,108 - tensor([19717, 19718, 19721], device='cuda:0')
2024-02-09 05:33:25,108 - Classification Fails.
2024-02-09 05:33:25,108 - Link Generation Succeeds.
2024-02-09 05:44:48,805 - Victim node is 7881.
2024-02-09 05:44:48,805 - tensor([19717, 19718, 19719], device='cuda:0')
2024-02-09 05:44:48,806 - Classification Succeeds.
2024-02-09 05:44:48,806 - Link Generation Succeeds.
2024-02-09 05:56:16,356 - Victim node is 13072.
2024-02-09 05:56:16,356 - tensor([13170, 14893, 15841], device='cuda:0')
2024-02-09 05:56:16,356 - Classification Succeeds.
2024-02-09 05:56:16,356 - Link Generation Fails.
2024-02-09 06:07:41,439 - Victim node is 3352.
2024-02-09 06:07:41,439 - tensor([ 1920,  2361, 19718], device='cuda:0')
2024-02-09 06:07:41,439 - Classification Succeeds.
2024-02-09 06:07:41,439 - Link Generation Succeeds.
2024-02-09 06:19:08,127 - Victim node is 475.
2024-02-09 06:19:08,127 - tensor([19717, 19719, 19721], device='cuda:0')
2024-02-09 06:19:08,127 - Classification Fails.
2024-02-09 06:19:08,127 - Link Generation Succeeds.
2024-02-09 06:30:34,663 - Victim node is 2120.
2024-02-09 06:30:34,663 - tensor([ 1205,  1920, 19717], device='cuda:0')
2024-02-09 06:30:34,664 - Classification Succeeds.
2024-02-09 06:30:34,664 - Link Generation Succeeds.
2024-02-09 06:42:01,077 - Victim node is 17361.
2024-02-09 06:42:01,077 - tensor([ 1205,  1920, 12019], device='cuda:0')
2024-02-09 06:42:01,077 - Classification Succeeds.
2024-02-09 06:42:01,077 - Link Generation Fails.
2024-02-09 06:53:27,795 - Victim node is 10713.
2024-02-09 06:53:27,795 - tensor([ 1920,  5375, 12019], device='cuda:0')
2024-02-09 06:53:27,796 - Classification Succeeds.
2024-02-09 06:53:27,796 - Link Generation Fails.
2024-02-09 07:04:54,607 - Victim node is 11737.
2024-02-09 07:04:54,607 - tensor([19717, 19718, 19721], device='cuda:0')
2024-02-09 07:04:54,607 - Classification Fails.
2024-02-09 07:04:54,607 - Link Generation Succeeds.
2024-02-09 07:16:17,691 - Victim node is 3613.
2024-02-09 07:16:17,691 - tensor([ 1205,  1920, 12019], device='cuda:0')
2024-02-09 07:16:17,691 - Classification Fails.
2024-02-09 07:16:17,691 - Link Generation Fails.
2024-02-09 07:27:48,478 - Victim node is 11619.
2024-02-09 07:27:48,478 - tensor([ 1205, 13940, 19720], device='cuda:0')
2024-02-09 07:27:48,478 - Classification Fails.
2024-02-09 07:27:48,479 - Link Generation Succeeds.
2024-02-09 07:39:12,806 - Victim node is 16950.
2024-02-09 07:39:12,807 - tensor([19717, 19718, 19719], device='cuda:0')
2024-02-09 07:39:12,807 - Classification Fails.
2024-02-09 07:39:12,807 - Link Generation Succeeds.
2024-02-09 07:50:37,733 - Victim node is 3749.
2024-02-09 07:50:37,733 - tensor([19717, 19718, 19719], device='cuda:0')
2024-02-09 07:50:37,733 - Classification Fails.
2024-02-09 07:50:37,733 - Link Generation Succeeds.
2024-02-09 08:02:02,214 - Victim node is 3684.
2024-02-09 08:02:02,214 - tensor([19717, 19719, 19721], device='cuda:0')
2024-02-09 08:02:02,215 - Classification Fails.
2024-02-09 08:02:02,215 - Link Generation Succeeds.
2024-02-09 08:13:32,091 - Victim node is 1472.
2024-02-09 08:13:32,091 - tensor([ 1205,  5467, 13940], device='cuda:0')
2024-02-09 08:13:32,092 - Classification Fails.
2024-02-09 08:13:32,092 - Link Generation Fails.
2024-02-09 08:25:00,982 - Victim node is 8158.
2024-02-09 08:25:00,983 - tensor([15841, 19720, 19721], device='cuda:0')
2024-02-09 08:25:00,983 - Classification Succeeds.
2024-02-09 08:25:00,983 - Link Generation Succeeds.
2024-02-09 08:36:27,245 - Victim node is 16970.
2024-02-09 08:36:27,245 - tensor([19717, 19719, 19721], device='cuda:0')
2024-02-09 08:36:27,245 - Classification Succeeds.
2024-02-09 08:36:27,245 - Link Generation Succeeds.
2024-02-09 08:47:54,584 - Victim node is 8162.
2024-02-09 08:47:54,584 - tensor([19717, 19718, 19719], device='cuda:0')
2024-02-09 08:47:54,585 - Classification Fails.
2024-02-09 08:47:54,585 - Link Generation Succeeds.
2024-02-09 08:59:28,393 - Victim node is 10572.
2024-02-09 08:59:28,393 - tensor([19717, 19719, 19720], device='cuda:0')
2024-02-09 08:59:28,393 - Classification Fails.
2024-02-09 08:59:28,393 - Link Generation Succeeds.
2024-02-09 09:10:54,131 - Victim node is 10966.
2024-02-09 09:10:54,131 - tensor([15841, 19717, 19718], device='cuda:0')
2024-02-09 09:10:54,131 - Classification Succeeds.
2024-02-09 09:10:54,132 - Link Generation Succeeds.
2024-02-09 09:22:19,879 - Victim node is 18032.
2024-02-09 09:22:19,879 - tensor([ 1205,  1920, 12019], device='cuda:0')
2024-02-09 09:22:19,880 - Classification Succeeds.
2024-02-09 09:22:19,880 - Link Generation Fails.
2024-02-09 09:33:50,821 - Victim node is 1563.
2024-02-09 09:33:50,822 - tensor([13940, 19718, 19721], device='cuda:0')
2024-02-09 09:33:50,822 - Classification Succeeds.
2024-02-09 09:33:50,822 - Link Generation Succeeds.
2024-02-09 09:45:18,108 - Victim node is 5638.
2024-02-09 09:45:18,108 - tensor([ 1205, 19718, 19720], device='cuda:0')
2024-02-09 09:45:18,108 - Classification Fails.
2024-02-09 09:45:18,109 - Link Generation Succeeds.
2024-02-09 09:56:52,440 - Victim node is 11212.
2024-02-09 09:56:52,440 - tensor([19718, 19719, 19720], device='cuda:0')
2024-02-09 09:56:52,441 - Classification Succeeds.
2024-02-09 09:56:52,441 - Link Generation Succeeds.
2024-02-09 10:08:17,769 - Victim node is 15480.
2024-02-09 10:08:17,769 - tensor([ 7056, 14893, 15841], device='cuda:0')
2024-02-09 10:08:17,769 - Classification Succeeds.
2024-02-09 10:08:17,769 - Link Generation Fails.
2024-02-09 10:19:45,640 - Victim node is 12812.
2024-02-09 10:19:45,640 - tensor([19717, 19720, 19721], device='cuda:0')
2024-02-09 10:19:45,641 - Classification Fails.
2024-02-09 10:19:45,641 - Link Generation Succeeds.
2024-02-09 10:31:09,848 - Victim node is 15425.
2024-02-09 10:31:09,848 - tensor([19717, 19718, 19719], device='cuda:0')
2024-02-09 10:31:09,848 - Classification Fails.
2024-02-09 10:31:09,848 - Link Generation Succeeds.
2024-02-09 10:42:33,902 - Victim node is 160.
2024-02-09 10:42:33,902 - tensor([19718, 19719, 19720], device='cuda:0')
2024-02-09 10:42:33,903 - Classification Fails.
2024-02-09 10:42:33,903 - Link Generation Succeeds.
2024-02-09 10:54:12,705 - Victim node is 6398.
2024-02-09 10:54:12,705 - tensor([19717, 19718, 19720], device='cuda:0')
2024-02-09 10:54:12,705 - Classification Fails.
2024-02-09 10:54:12,705 - Link Generation Succeeds.
2024-02-09 11:05:41,105 - Victim node is 7912.
2024-02-09 11:05:41,105 - tensor([19717, 19718, 19719], device='cuda:0')
2024-02-09 11:05:41,106 - Classification Fails.
2024-02-09 11:05:41,106 - Link Generation Succeeds.
2024-02-09 11:17:11,407 - Victim node is 15311.
2024-02-09 11:17:11,407 - tensor([19717, 19718, 19719], device='cuda:0')
2024-02-09 11:17:11,408 - Classification Fails.
2024-02-09 11:17:11,408 - Link Generation Succeeds.
2024-02-09 11:28:34,654 - Victim node is 2929.
2024-02-09 11:28:34,655 - tensor([ 1205,  1920, 12019], device='cuda:0')
2024-02-09 11:28:34,655 - Classification Succeeds.
2024-02-09 11:28:34,655 - Link Generation Fails.
2024-02-09 11:39:58,347 - Victim node is 16565.
2024-02-09 11:39:58,347 - tensor([19717, 19718, 19719], device='cuda:0')
2024-02-09 11:39:58,347 - Classification Succeeds.
2024-02-09 11:39:58,348 - Link Generation Succeeds.
2024-02-09 11:51:23,851 - Victim node is 9631.
2024-02-09 11:51:23,852 - tensor([ 1205,  1920, 12019], device='cuda:0')
2024-02-09 11:51:23,852 - Classification Succeeds.
2024-02-09 11:51:23,852 - Link Generation Fails.
2024-02-09 12:02:48,029 - Victim node is 5680.
2024-02-09 12:02:48,030 - tensor([19717, 19718, 19719], device='cuda:0')
2024-02-09 12:02:48,030 - Classification Fails.
2024-02-09 12:02:48,030 - Link Generation Succeeds.
2024-02-09 12:14:11,986 - Victim node is 1546.
2024-02-09 12:14:11,986 - tensor([19718, 19720, 19721], device='cuda:0')
2024-02-09 12:14:11,986 - Classification Fails.
2024-02-09 12:14:11,986 - Link Generation Succeeds.
2024-02-09 12:25:39,201 - Victim node is 9194.
2024-02-09 12:25:39,201 - tensor([ 1205,  9471, 19719], device='cuda:0')
2024-02-09 12:25:39,202 - Classification Fails.
2024-02-09 12:25:39,202 - Link Generation Succeeds.
2024-02-09 12:37:04,535 - Victim node is 17510.
2024-02-09 12:37:04,535 - tensor([19717, 19718, 19720], device='cuda:0')
2024-02-09 12:37:04,535 - Classification Fails.
2024-02-09 12:37:04,535 - Link Generation Succeeds.
2024-02-09 12:48:32,547 - Victim node is 10780.
2024-02-09 12:48:32,547 - tensor([ 1920,  2361, 12019], device='cuda:0')
2024-02-09 12:48:32,547 - Classification Fails.
2024-02-09 12:48:32,547 - Link Generation Fails.
2024-02-09 12:59:56,379 - Victim node is 543.
2024-02-09 12:59:56,379 - tensor([19717, 19718, 19720], device='cuda:0')
2024-02-09 12:59:56,380 - Classification Succeeds.
2024-02-09 12:59:56,380 - Link Generation Succeeds.
2024-02-09 13:11:23,234 - Victim node is 13470.
2024-02-09 13:11:23,234 - tensor([ 7056, 14893, 15841], device='cuda:0')
2024-02-09 13:11:23,235 - Classification Succeeds.
2024-02-09 13:11:23,235 - Link Generation Fails.
2024-02-09 13:22:49,771 - Victim node is 17977.
2024-02-09 13:22:49,771 - tensor([ 1205, 13940, 19718], device='cuda:0')
2024-02-09 13:22:49,771 - Classification Fails.
2024-02-09 13:22:49,771 - Link Generation Succeeds.
2024-02-09 13:34:16,489 - Victim node is 9962.
2024-02-09 13:34:16,489 - tensor([19718, 19719, 19720], device='cuda:0')
2024-02-09 13:34:16,489 - Classification Fails.
2024-02-09 13:34:16,489 - Link Generation Succeeds.
2024-02-09 13:45:43,753 - Victim node is 3598.
2024-02-09 13:45:43,753 - tensor([19717, 19718, 19719], device='cuda:0')
2024-02-09 13:45:43,753 - Classification Fails.
2024-02-09 13:45:43,753 - Link Generation Succeeds.
2024-02-09 13:57:15,722 - Victim node is 5031.
2024-02-09 13:57:15,722 - tensor([19717, 19720, 19721], device='cuda:0')
2024-02-09 13:57:15,722 - Classification Fails.
2024-02-09 13:57:15,722 - Link Generation Succeeds.
2024-02-09 14:08:38,728 - Victim node is 5389.
2024-02-09 14:08:38,728 - tensor([19717, 19718, 19719], device='cuda:0')
2024-02-09 14:08:38,729 - Classification Fails.
2024-02-09 14:08:38,729 - Link Generation Succeeds.
2024-02-09 14:20:03,945 - Victim node is 8466.
2024-02-09 14:20:03,945 - tensor([ 1205,  1920, 12019], device='cuda:0')
2024-02-09 14:20:03,946 - Classification Succeeds.
2024-02-09 14:20:03,946 - Link Generation Fails.
2024-02-09 14:31:33,141 - Victim node is 17549.
2024-02-09 14:31:33,141 - tensor([19717, 19718, 19719], device='cuda:0')
2024-02-09 14:31:33,142 - Classification Fails.
2024-02-09 14:31:33,142 - Link Generation Succeeds.
2024-02-09 14:42:56,374 - Victim node is 13028.
2024-02-09 14:42:56,374 - tensor([19717, 19718, 19719], device='cuda:0')
2024-02-09 14:42:56,374 - Classification Fails.
2024-02-09 14:42:56,374 - Link Generation Succeeds.
2024-02-09 14:54:21,669 - Victim node is 7880.
2024-02-09 14:54:21,669 - tensor([19717, 19718, 19719], device='cuda:0')
2024-02-09 14:54:21,669 - Classification Fails.
2024-02-09 14:54:21,669 - Link Generation Succeeds.
2024-02-09 15:05:49,138 - Victim node is 10818.
2024-02-09 15:05:49,138 - tensor([19717, 19718, 19719], device='cuda:0')
2024-02-09 15:05:49,139 - Classification Fails.
2024-02-09 15:05:49,139 - Link Generation Succeeds.
2024-02-09 15:17:15,115 - Victim node is 12409.
2024-02-09 15:17:15,115 - tensor([ 7056, 14893, 15841], device='cuda:0')
2024-02-09 15:17:15,115 - Classification Fails.
2024-02-09 15:17:15,115 - Link Generation Fails.
2024-02-09 15:28:44,697 - Victim node is 17004.
2024-02-09 15:28:44,698 - tensor([19717, 19718, 19719], device='cuda:0')
2024-02-09 15:28:44,698 - Classification Fails.
2024-02-09 15:28:44,698 - Link Generation Succeeds.
2024-02-09 15:40:10,377 - Victim node is 16409.
2024-02-09 15:40:10,377 - tensor([ 1205,  1920, 13940], device='cuda:0')
2024-02-09 15:40:10,378 - Classification Succeeds.
2024-02-09 15:40:10,378 - Link Generation Fails.
2024-02-09 15:51:41,422 - Victim node is 14273.
2024-02-09 15:51:41,422 - tensor([19718, 19720, 19721], device='cuda:0')
2024-02-09 15:51:41,422 - Classification Succeeds.
2024-02-09 15:51:41,422 - Link Generation Succeeds.
2024-02-09 16:03:21,914 - Victim node is 11556.
2024-02-09 16:03:21,914 - tensor([19717, 19718, 19720], device='cuda:0')
2024-02-09 16:03:21,914 - Classification Fails.
2024-02-09 16:03:21,914 - Link Generation Succeeds.
2024-02-09 16:14:54,654 - Victim node is 3830.
2024-02-09 16:14:54,654 - tensor([19717, 19718, 19719], device='cuda:0')
2024-02-09 16:14:54,654 - Classification Fails.
2024-02-09 16:14:54,654 - Link Generation Succeeds.
2024-02-09 16:26:30,776 - Victim node is 7393.
2024-02-09 16:26:30,776 - tensor([19718, 19719, 19720], device='cuda:0')
2024-02-09 16:26:30,776 - Classification Fails.
2024-02-09 16:26:30,777 - Link Generation Succeeds.
2024-02-09 16:38:04,500 - Victim node is 16664.
2024-02-09 16:38:04,500 - tensor([19717, 19718, 19720], device='cuda:0')
2024-02-09 16:38:04,501 - Classification Fails.
2024-02-09 16:38:04,501 - Link Generation Succeeds.
2024-02-09 16:49:49,087 - Victim node is 7004.
2024-02-09 16:49:49,087 - tensor([19718, 19720, 19721], device='cuda:0')
2024-02-09 16:49:49,087 - Classification Succeeds.
2024-02-09 16:49:49,087 - Link Generation Succeeds.
2024-02-09 17:01:14,335 - Victim node is 15332.
2024-02-09 17:01:14,335 - tensor([19718, 19720, 19721], device='cuda:0')
2024-02-09 17:01:14,335 - Classification Fails.
2024-02-09 17:01:14,335 - Link Generation Succeeds.
2024-02-09 17:12:38,451 - Victim node is 12019.
2024-02-09 17:12:38,451 - tensor([ 903, 1205, 1683], device='cuda:0')
2024-02-09 17:12:38,451 - Classification Succeeds.
2024-02-09 17:12:38,451 - Link Generation Fails.
2024-02-09 17:24:12,843 - Victim node is 13244.
2024-02-09 17:24:12,843 - tensor([19718, 19719, 19720], device='cuda:0')
2024-02-09 17:24:12,844 - Classification Fails.
2024-02-09 17:24:12,844 - Link Generation Succeeds.
2024-02-09 17:35:44,822 - Victim node is 12631.
2024-02-09 17:35:44,822 - tensor([19718, 19719, 19720], device='cuda:0')
2024-02-09 17:35:44,822 - Classification Succeeds.
2024-02-09 17:35:44,822 - Link Generation Succeeds.
2024-02-09 17:47:06,611 - Victim node is 11397.
2024-02-09 17:47:06,611 - tensor([19717, 19718, 19719], device='cuda:0')
2024-02-09 17:47:06,611 - Classification Fails.
2024-02-09 17:47:06,611 - Link Generation Succeeds.
2024-02-09 17:58:30,405 - Victim node is 366.
2024-02-09 17:58:30,405 - tensor([ 1205, 13940, 17819], device='cuda:0')
2024-02-09 17:58:30,405 - Classification Fails.
2024-02-09 17:58:30,405 - Link Generation Fails.
2024-02-09 18:09:50,878 - Victim node is 8137.
2024-02-09 18:09:50,878 - tensor([19717, 19718, 19719], device='cuda:0')
2024-02-09 18:09:50,879 - Classification Fails.
2024-02-09 18:09:50,879 - Link Generation Succeeds.
2024-02-09 18:21:09,696 - Victim node is 6431.
2024-02-09 18:21:09,697 - tensor([19717, 19718, 19719], device='cuda:0')
2024-02-09 18:21:09,697 - Classification Fails.
2024-02-09 18:21:09,697 - Link Generation Succeeds.
2024-02-09 18:32:34,350 - Victim node is 8425.
2024-02-09 18:32:34,351 - tensor([19718, 19720, 19721], device='cuda:0')
2024-02-09 18:32:34,351 - Classification Fails.
2024-02-09 18:32:34,351 - Link Generation Succeeds.
2024-02-09 18:43:54,999 - Victim node is 9397.
2024-02-09 18:43:54,999 - tensor([ 1205, 19718, 19720], device='cuda:0')
2024-02-09 18:43:54,999 - Classification Succeeds.
2024-02-09 18:43:54,999 - Link Generation Succeeds.
2024-02-09 18:55:31,654 - Victim node is 17896.
2024-02-09 18:55:31,654 - tensor([ 1205,  1920, 13940], device='cuda:0')
2024-02-09 18:55:31,655 - Classification Fails.
2024-02-09 18:55:31,655 - Link Generation Fails.
2024-02-09 19:06:54,182 - Victim node is 3336.
2024-02-09 19:06:54,182 - tensor([19717, 19718, 19719], device='cuda:0')
2024-02-09 19:06:54,183 - Classification Fails.
2024-02-09 19:06:54,183 - Link Generation Succeeds.
2024-02-09 19:18:16,727 - Victim node is 12403.
2024-02-09 19:18:16,727 - tensor([19717, 19719, 19720], device='cuda:0')
2024-02-09 19:18:16,727 - Classification Succeeds.
2024-02-09 19:18:16,727 - Link Generation Succeeds.
2024-02-09 19:29:39,479 - Victim node is 256.
2024-02-09 19:29:39,479 - tensor([19717, 19718, 19719], device='cuda:0')
2024-02-09 19:29:39,479 - Classification Fails.
2024-02-09 19:29:39,479 - Link Generation Succeeds.
2024-02-09 19:40:59,203 - Victim node is 14977.
2024-02-09 19:40:59,204 - tensor([19717, 19718, 19720], device='cuda:0')
2024-02-09 19:40:59,204 - Classification Fails.
2024-02-09 19:40:59,204 - Link Generation Succeeds.
2024-02-09 19:52:24,581 - Victim node is 8395.
2024-02-09 19:52:24,581 - tensor([19717, 19719, 19720], device='cuda:0')
2024-02-09 19:52:24,581 - Classification Fails.
2024-02-09 19:52:24,581 - Link Generation Succeeds.
2024-02-09 20:03:47,396 - Victim node is 10505.
2024-02-09 20:03:47,396 - tensor([19718, 19719, 19721], device='cuda:0')
2024-02-09 20:03:47,396 - Classification Fails.
2024-02-09 20:03:47,396 - Link Generation Succeeds.
2024-02-09 20:15:07,028 - Victim node is 11650.
2024-02-09 20:15:07,028 - tensor([19717, 19718, 19719], device='cuda:0')
2024-02-09 20:15:07,028 - Classification Succeeds.
2024-02-09 20:15:07,028 - Link Generation Succeeds.
2024-02-09 20:26:43,275 - Victim node is 326.
2024-02-09 20:26:43,276 - tensor([19718, 19719, 19720], device='cuda:0')
2024-02-09 20:26:43,276 - Classification Fails.
2024-02-09 20:26:43,276 - Link Generation Succeeds.
2024-02-09 20:38:03,930 - Victim node is 5728.
2024-02-09 20:38:03,930 - tensor([ 1205, 13940, 19721], device='cuda:0')
2024-02-09 20:38:03,931 - Classification Succeeds.
2024-02-09 20:38:03,931 - Link Generation Succeeds.
2024-02-09 20:49:28,311 - Victim node is 3226.
2024-02-09 20:49:28,311 - tensor([19717, 19720, 19721], device='cuda:0')
2024-02-09 20:49:28,312 - Classification Fails.
2024-02-09 20:49:28,312 - Link Generation Succeeds.
2024-02-09 21:00:47,569 - Victim node is 14637.
2024-02-09 21:00:47,569 - tensor([ 1205, 12019, 19720], device='cuda:0')
2024-02-09 21:00:47,569 - Classification Fails.
2024-02-09 21:00:47,569 - Link Generation Succeeds.
2024-02-09 21:12:11,647 - Victim node is 14729.
2024-02-09 21:12:11,647 - tensor([19718, 19719, 19721], device='cuda:0')
2024-02-09 21:12:11,648 - Classification Fails.
2024-02-09 21:12:11,648 - Link Generation Succeeds.
2024-02-09 21:23:29,791 - Victim node is 16589.
2024-02-09 21:23:29,791 - tensor([19717, 19718, 19719], device='cuda:0')
2024-02-09 21:23:29,791 - Classification Fails.
2024-02-09 21:23:29,791 - Link Generation Succeeds.
2024-02-09 21:34:47,744 - Victim node is 15734.
2024-02-09 21:34:47,744 - tensor([19719, 19720, 19721], device='cuda:0')
2024-02-09 21:34:47,744 - Classification Fails.
2024-02-09 21:34:47,744 - Link Generation Succeeds.
2024-02-09 21:46:05,829 - Victim node is 9246.
2024-02-09 21:46:05,830 - tensor([19717, 19718, 19721], device='cuda:0')
2024-02-09 21:46:05,830 - Classification Fails.
2024-02-09 21:46:05,830 - Link Generation Succeeds.
2024-02-09 21:57:23,837 - Victim node is 17890.
2024-02-09 21:57:23,837 - tensor([19717, 19718, 19719], device='cuda:0')
2024-02-09 21:57:23,837 - Classification Succeeds.
2024-02-09 21:57:23,837 - Link Generation Succeeds.
2024-02-09 22:08:41,695 - Victim node is 1479.
2024-02-09 22:08:41,695 - tensor([ 1205, 19719, 19720], device='cuda:0')
2024-02-09 22:08:41,695 - Classification Fails.
2024-02-09 22:08:41,695 - Link Generation Succeeds.
2024-02-09 22:19:59,635 - Victim node is 8270.
2024-02-09 22:19:59,635 - tensor([19717, 19718, 19719], device='cuda:0')
2024-02-09 22:19:59,635 - Classification Succeeds.
2024-02-09 22:19:59,635 - Link Generation Succeeds.
2024-02-09 22:31:17,593 - Victim node is 11838.
2024-02-09 22:31:17,593 - tensor([19718, 19719, 19720], device='cuda:0')
2024-02-09 22:31:17,593 - Classification Fails.
2024-02-09 22:31:17,593 - Link Generation Succeeds.
2024-02-09 22:42:35,459 - Victim node is 1914.
2024-02-09 22:42:35,459 - tensor([ 1205, 19718, 19719], device='cuda:0')
2024-02-09 22:42:35,459 - Classification Succeeds.
2024-02-09 22:42:35,459 - Link Generation Succeeds.
2024-02-09 22:42:35,459 - Misclassification Rate: 0.6820
2024-02-09 22:42:35,459 - Link Generation Rate: 0.7950
