2024-06-21 11:27:58,562 - Victim node is 11343.
2024-06-21 11:27:58,562 - tensor([ 8140,  8210, 12888], device='cuda:0')
2024-06-21 11:27:58,563 - Classification Succeeds.
2024-06-21 11:27:58,563 - Link Generation Fails.
2024-06-21 11:44:06,940 - Victim node is 9218.
2024-06-21 11:44:06,940 - tensor([ 872, 1524, 3452], device='cuda:0')
2024-06-21 11:44:06,940 - Classification Succeeds.
2024-06-21 11:44:06,940 - Link Generation Fails.
2024-06-21 11:57:59,972 - Victim node is 6230.
2024-06-21 11:57:59,973 - tensor([ 3240,  7918, 12320], device='cuda:0')
2024-06-21 11:57:59,973 - Classification Fails.
2024-06-21 11:57:59,973 - Link Generation Fails.
2024-06-21 12:11:49,366 - Victim node is 2064.
2024-06-21 12:11:49,366 - tensor([ 1524,  4528, 12888], device='cuda:0')
2024-06-21 12:11:49,367 - Classification Succeeds.
2024-06-21 12:11:49,367 - Link Generation Fails.
2024-06-21 12:25:49,433 - Victim node is 3113.
2024-06-21 12:25:49,433 - tensor([2499, 7918, 8435], device='cuda:0')
2024-06-21 12:25:49,440 - Classification Succeeds.
2024-06-21 12:25:49,443 - Link Generation Fails.
2024-06-21 12:39:42,910 - Victim node is 3042.
2024-06-21 12:39:42,910 - tensor([ 872, 7984, 8210], device='cuda:0')
2024-06-21 12:39:42,910 - Classification Succeeds.
2024-06-21 12:39:42,911 - Link Generation Fails.
2024-06-21 12:53:33,922 - Victim node is 6855.
2024-06-21 12:53:33,922 - tensor([ 4528,  8140, 12888], device='cuda:0')
2024-06-21 12:53:33,922 - Classification Succeeds.
2024-06-21 12:53:33,922 - Link Generation Fails.
2024-06-21 13:07:26,662 - Victim node is 9443.
2024-06-21 13:07:26,662 - tensor([11440, 11759, 13752], device='cuda:0')
2024-06-21 13:07:26,668 - Classification Fails.
2024-06-21 13:07:26,671 - Link Generation Succeeds.
2024-06-21 13:21:27,082 - Victim node is 4920.
2024-06-21 13:21:27,082 - tensor([1524, 4528, 8140], device='cuda:0')
2024-06-21 13:21:27,082 - Classification Succeeds.
2024-06-21 13:21:27,082 - Link Generation Fails.
2024-06-21 13:35:18,167 - Victim node is 13323.
2024-06-21 13:35:18,167 - tensor([ 8140,  8210, 12888], device='cuda:0')
2024-06-21 13:35:18,174 - Classification Succeeds.
2024-06-21 13:35:18,176 - Link Generation Fails.
2024-06-21 13:49:24,014 - Victim node is 8044.
2024-06-21 13:49:24,014 - tensor([ 8210, 12888, 13755], device='cuda:0')
2024-06-21 13:49:24,018 - Classification Fails.
2024-06-21 13:49:24,018 - Link Generation Succeeds.
2024-06-21 14:03:41,479 - Victim node is 12875.
2024-06-21 14:03:41,479 - tensor([  872,  1524, 12888], device='cuda:0')
2024-06-21 14:03:41,479 - Classification Succeeds.
2024-06-21 14:03:41,479 - Link Generation Fails.
2024-06-21 14:17:41,453 - Victim node is 10472.
2024-06-21 14:17:41,453 - tensor([1524, 4528, 8140], device='cuda:0')
2024-06-21 14:17:41,454 - Classification Succeeds.
2024-06-21 14:17:41,454 - Link Generation Fails.
2024-06-21 14:31:56,916 - Victim node is 4468.
2024-06-21 14:31:56,916 - tensor([ 8140,  8210, 12888], device='cuda:0')
2024-06-21 14:31:56,923 - Classification Succeeds.
2024-06-21 14:31:56,925 - Link Generation Fails.
2024-06-21 14:46:05,976 - Victim node is 6674.
2024-06-21 14:46:05,976 - tensor([13753, 13754, 13755], device='cuda:0')
2024-06-21 14:46:05,976 - Classification Fails.
2024-06-21 14:46:05,976 - Link Generation Succeeds.
2024-06-21 15:00:00,713 - Victim node is 12102.
2024-06-21 15:00:00,713 - tensor([ 8140,  8210, 12888], device='cuda:0')
2024-06-21 15:00:00,713 - Classification Fails.
2024-06-21 15:00:00,713 - Link Generation Fails.
2024-06-21 15:15:05,804 - Victim node is 7062.
2024-06-21 15:15:05,804 - tensor([13752, 13753, 13754], device='cuda:0')
2024-06-21 15:15:05,804 - Classification Fails.
2024-06-21 15:15:05,804 - Link Generation Succeeds.
2024-06-21 15:28:57,598 - Victim node is 10960.
2024-06-21 15:28:57,598 - tensor([13752, 13753, 13754], device='cuda:0')
2024-06-21 15:28:57,598 - Classification Succeeds.
2024-06-21 15:28:57,598 - Link Generation Succeeds.
2024-06-21 15:42:54,568 - Victim node is 11961.
2024-06-21 15:42:54,568 - tensor([13752, 13753, 13754], device='cuda:0')
2024-06-21 15:42:54,575 - Classification Fails.
2024-06-21 15:42:54,577 - Link Generation Succeeds.
2024-06-21 15:56:53,442 - Victim node is 4165.
2024-06-21 15:56:53,442 - tensor([1524, 9251, 9915], device='cuda:0')
2024-06-21 15:56:53,442 - Classification Succeeds.
2024-06-21 15:56:53,442 - Link Generation Fails.
2024-06-21 16:11:09,565 - Victim node is 7429.
2024-06-21 16:11:09,565 - tensor([4528, 8140, 8210], device='cuda:0')
2024-06-21 16:11:09,572 - Classification Succeeds.
2024-06-21 16:11:09,574 - Link Generation Fails.
2024-06-21 16:27:38,989 - Victim node is 1436.
2024-06-21 16:27:38,989 - tensor([ 1524,  4528, 12888], device='cuda:0')
2024-06-21 16:27:38,989 - Classification Succeeds.
2024-06-21 16:27:38,989 - Link Generation Fails.
2024-06-21 16:41:29,535 - Victim node is 264.
2024-06-21 16:41:29,535 - tensor([1524, 4528, 7984], device='cuda:0')
2024-06-21 16:41:29,535 - Classification Succeeds.
2024-06-21 16:41:29,536 - Link Generation Fails.
2024-06-21 16:55:20,552 - Victim node is 11797.
2024-06-21 16:55:20,552 - tensor([ 8140,  8210, 12888], device='cuda:0')
2024-06-21 16:55:20,553 - Classification Fails.
2024-06-21 16:55:20,553 - Link Generation Fails.
2024-06-21 17:09:13,786 - Victim node is 3761.
2024-06-21 17:09:13,786 - tensor([ 4528,  8210, 12888], device='cuda:0')
2024-06-21 17:09:13,787 - Classification Succeeds.
2024-06-21 17:09:13,787 - Link Generation Fails.
2024-06-21 17:23:11,838 - Victim node is 7318.
2024-06-21 17:23:11,838 - tensor([13752, 13753, 13756], device='cuda:0')
2024-06-21 17:23:11,839 - Classification Fails.
2024-06-21 17:23:11,839 - Link Generation Succeeds.
2024-06-21 17:37:17,007 - Victim node is 12618.
2024-06-21 17:37:17,007 - tensor([ 872, 1524, 4528], device='cuda:0')
2024-06-21 17:37:17,007 - Classification Succeeds.
2024-06-21 17:37:17,007 - Link Generation Fails.
2024-06-21 17:51:16,370 - Victim node is 6758.
2024-06-21 17:51:16,370 - tensor([13753, 13754, 13755], device='cuda:0')
2024-06-21 17:51:16,370 - Classification Fails.
2024-06-21 17:51:16,370 - Link Generation Succeeds.
2024-06-21 18:05:16,207 - Victim node is 4091.
2024-06-21 18:05:16,207 - tensor([ 8140,  8210, 12888], device='cuda:0')
2024-06-21 18:05:16,214 - Classification Succeeds.
2024-06-21 18:05:16,216 - Link Generation Fails.
2024-06-21 18:19:17,195 - Victim node is 12198.
2024-06-21 18:19:17,195 - tensor([ 2499, 10699, 12320], device='cuda:0')
2024-06-21 18:19:17,195 - Classification Succeeds.
2024-06-21 18:19:17,196 - Link Generation Fails.
2024-06-21 18:33:16,316 - Victim node is 12321.
2024-06-21 18:33:16,316 - tensor([1524, 4528, 7984], device='cuda:0')
2024-06-21 18:33:16,316 - Classification Succeeds.
2024-06-21 18:33:16,317 - Link Generation Fails.
2024-06-21 18:47:15,199 - Victim node is 2860.
2024-06-21 18:47:15,199 - tensor([ 8140,  8210, 12888], device='cuda:0')
2024-06-21 18:47:15,199 - Classification Fails.
2024-06-21 18:47:15,199 - Link Generation Fails.
2024-06-21 19:01:08,494 - Victim node is 11017.
2024-06-21 19:01:08,494 - tensor([13753, 13754, 13756], device='cuda:0')
2024-06-21 19:01:08,494 - Classification Succeeds.
2024-06-21 19:01:08,494 - Link Generation Succeeds.
2024-06-21 19:15:01,992 - Victim node is 2684.
2024-06-21 19:15:01,992 - tensor([ 8140,  8210, 12888], device='cuda:0')
2024-06-21 19:15:01,992 - Classification Succeeds.
2024-06-21 19:15:01,992 - Link Generation Fails.
2024-06-21 19:29:56,295 - Victim node is 10367.
2024-06-21 19:29:56,296 - tensor([ 1607,  8435, 11759], device='cuda:0')
2024-06-21 19:29:56,296 - Classification Succeeds.
2024-06-21 19:29:56,296 - Link Generation Fails.
2024-06-21 19:43:50,974 - Victim node is 3391.
2024-06-21 19:43:50,974 - tensor([ 8140,  8210, 12888], device='cuda:0')
2024-06-21 19:43:50,974 - Classification Succeeds.
2024-06-21 19:43:50,974 - Link Generation Fails.
2024-06-21 19:57:43,295 - Victim node is 4726.
2024-06-21 19:57:43,295 - tensor([1524, 7984, 8210], device='cuda:0')
2024-06-21 19:57:43,296 - Classification Succeeds.
2024-06-21 19:57:43,296 - Link Generation Fails.
2024-06-21 20:11:34,399 - Victim node is 1597.
2024-06-21 20:11:34,399 - tensor([  904,  9322, 11241], device='cuda:0')
2024-06-21 20:11:34,399 - Classification Succeeds.
2024-06-21 20:11:34,399 - Link Generation Fails.
2024-06-21 20:26:05,257 - Victim node is 4414.
2024-06-21 20:26:05,257 - tensor([13752, 13753, 13754], device='cuda:0')
2024-06-21 20:26:05,257 - Classification Succeeds.
2024-06-21 20:26:05,258 - Link Generation Succeeds.
2024-06-21 20:39:57,984 - Victim node is 8105.
2024-06-21 20:39:57,984 - tensor([1524, 9251, 9915], device='cuda:0')
2024-06-21 20:39:57,985 - Classification Succeeds.
2024-06-21 20:39:57,985 - Link Generation Fails.
2024-06-21 20:53:59,678 - Victim node is 8027.
2024-06-21 20:53:59,678 - tensor([1524, 4528, 8140], device='cuda:0')
2024-06-21 20:53:59,678 - Classification Succeeds.
2024-06-21 20:53:59,678 - Link Generation Fails.
2024-06-21 21:07:54,220 - Victim node is 11015.
2024-06-21 21:07:54,220 - tensor([4862, 8140, 9772], device='cuda:0')
2024-06-21 21:07:54,220 - Classification Succeeds.
2024-06-21 21:07:54,220 - Link Generation Fails.
2024-06-21 21:21:59,028 - Victim node is 1676.
2024-06-21 21:21:59,028 - tensor([ 8140,  8210, 12888], device='cuda:0')
2024-06-21 21:21:59,028 - Classification Fails.
2024-06-21 21:21:59,028 - Link Generation Fails.
2024-06-21 21:36:53,204 - Victim node is 9050.
2024-06-21 21:36:53,204 - tensor([13752, 13753, 13754], device='cuda:0')
2024-06-21 21:36:53,204 - Classification Fails.
2024-06-21 21:36:53,204 - Link Generation Succeeds.
2024-06-21 21:50:43,385 - Victim node is 12588.
2024-06-21 21:50:43,385 - tensor([13752, 13753, 13754], device='cuda:0')
2024-06-21 21:50:43,386 - Classification Fails.
2024-06-21 21:50:43,386 - Link Generation Succeeds.
2024-06-21 22:04:41,230 - Victim node is 13285.
2024-06-21 22:04:41,230 - tensor([1524, 4528, 8210], device='cuda:0')
2024-06-21 22:04:41,230 - Classification Succeeds.
2024-06-21 22:04:41,231 - Link Generation Fails.
2024-06-21 22:18:44,867 - Victim node is 10768.
2024-06-21 22:18:44,867 - tensor([  872,  9915, 10610], device='cuda:0')
2024-06-21 22:18:44,874 - Classification Succeeds.
2024-06-21 22:18:44,876 - Link Generation Fails.
2024-06-21 22:32:55,661 - Victim node is 8781.
2024-06-21 22:32:55,661 - tensor([13752, 13755, 13756], device='cuda:0')
2024-06-21 22:32:55,661 - Classification Fails.
2024-06-21 22:32:55,661 - Link Generation Succeeds.
2024-06-21 22:46:56,727 - Victim node is 4356.
2024-06-21 22:46:56,727 - tensor([12888, 13754, 13756], device='cuda:0')
2024-06-21 22:46:56,727 - Classification Fails.
2024-06-21 22:46:56,727 - Link Generation Succeeds.
2024-06-21 23:00:57,017 - Victim node is 13656.
2024-06-21 23:00:57,017 - tensor([ 1538,  7918, 11961], device='cuda:0')
2024-06-21 23:00:57,018 - Classification Fails.
2024-06-21 23:00:57,018 - Link Generation Fails.
2024-06-21 23:15:04,085 - Victim node is 11506.
2024-06-21 23:15:04,086 - tensor([1524, 4528, 8210], device='cuda:0')
2024-06-21 23:15:04,086 - Classification Succeeds.
2024-06-21 23:15:04,086 - Link Generation Fails.
2024-06-21 23:29:11,023 - Victim node is 2092.
2024-06-21 23:29:11,023 - tensor([  904,  2026, 11759], device='cuda:0')
2024-06-21 23:29:11,030 - Classification Fails.
2024-06-21 23:29:11,032 - Link Generation Fails.
2024-06-21 23:43:32,062 - Victim node is 12988.
2024-06-21 23:43:32,062 - tensor([13752, 13753, 13754], device='cuda:0')
2024-06-21 23:43:32,062 - Classification Succeeds.
2024-06-21 23:43:32,062 - Link Generation Succeeds.
2024-06-21 23:57:54,636 - Victim node is 11512.
2024-06-21 23:57:54,636 - tensor([ 8140,  8210, 12888], device='cuda:0')
2024-06-21 23:57:54,636 - Classification Succeeds.
2024-06-21 23:57:54,636 - Link Generation Fails.
2024-06-22 00:11:51,921 - Victim node is 2381.
2024-06-22 00:11:51,922 - tensor([13752, 13753, 13754], device='cuda:0')
2024-06-22 00:11:51,922 - Classification Fails.
2024-06-22 00:11:51,922 - Link Generation Succeeds.
2024-06-22 00:25:49,305 - Victim node is 2995.
2024-06-22 00:25:49,305 - tensor([ 4528,  8140, 12888], device='cuda:0')
2024-06-22 00:25:49,305 - Classification Succeeds.
2024-06-22 00:25:49,306 - Link Generation Fails.
2024-06-22 00:39:43,073 - Victim node is 5089.
2024-06-22 00:39:43,073 - tensor([ 8140,  8210, 12888], device='cuda:0')
2024-06-22 00:39:43,073 - Classification Succeeds.
2024-06-22 00:39:43,073 - Link Generation Fails.
2024-06-22 00:53:46,930 - Victim node is 10166.
2024-06-22 00:53:46,930 - tensor([1524, 4528, 8140], device='cuda:0')
2024-06-22 00:53:46,933 - Classification Succeeds.
2024-06-22 00:53:46,935 - Link Generation Fails.
2024-06-22 01:07:42,917 - Victim node is 8651.
2024-06-22 01:07:42,917 - tensor([ 8140,  8210, 12888], device='cuda:0')
2024-06-22 01:07:42,918 - Classification Fails.
2024-06-22 01:07:42,918 - Link Generation Fails.
2024-06-22 01:21:52,849 - Victim node is 6162.
2024-06-22 01:21:52,849 - tensor([13752, 13753, 13754], device='cuda:0')
2024-06-22 01:21:52,856 - Classification Fails.
2024-06-22 01:21:52,859 - Link Generation Succeeds.
2024-06-22 01:38:05,695 - Victim node is 185.
2024-06-22 01:38:05,695 - tensor([1538, 2883, 7918], device='cuda:0')
2024-06-22 01:38:05,696 - Classification Succeeds.
2024-06-22 01:38:05,696 - Link Generation Fails.
2024-06-22 01:52:14,510 - Victim node is 9395.
2024-06-22 01:52:14,511 - tensor([ 904, 1607, 8140], device='cuda:0')
2024-06-22 01:52:14,511 - Classification Succeeds.
2024-06-22 01:52:14,511 - Link Generation Fails.
2024-06-22 02:06:04,749 - Victim node is 3019.
2024-06-22 02:06:04,749 - tensor([ 8140,  8210, 12888], device='cuda:0')
2024-06-22 02:06:04,750 - Classification Succeeds.
2024-06-22 02:06:04,750 - Link Generation Fails.
2024-06-22 02:20:12,020 - Victim node is 2153.
2024-06-22 02:20:12,020 - tensor([ 1524,  9251, 10610], device='cuda:0')
2024-06-22 02:20:12,026 - Classification Succeeds.
2024-06-22 02:20:12,029 - Link Generation Fails.
2024-06-22 02:34:13,396 - Victim node is 1253.
2024-06-22 02:34:13,396 - tensor([ 8140,  8210, 12888], device='cuda:0')
2024-06-22 02:34:13,403 - Classification Succeeds.
2024-06-22 02:34:13,405 - Link Generation Fails.
2024-06-22 02:48:32,959 - Victim node is 4657.
2024-06-22 02:48:32,959 - tensor([ 7918, 11961, 12320], device='cuda:0')
2024-06-22 02:48:32,965 - Classification Fails.
2024-06-22 02:48:32,968 - Link Generation Fails.
2024-06-22 03:02:30,195 - Victim node is 11642.
2024-06-22 03:02:30,195 - tensor([ 1538,  7918, 12320], device='cuda:0')
2024-06-22 03:02:30,195 - Classification Succeeds.
2024-06-22 03:02:30,195 - Link Generation Fails.
2024-06-22 03:16:22,606 - Victim node is 4406.
2024-06-22 03:16:22,606 - tensor([ 4528,  8210, 12888], device='cuda:0')
2024-06-22 03:16:22,606 - Classification Succeeds.
2024-06-22 03:16:22,606 - Link Generation Fails.
2024-06-22 03:30:24,153 - Victim node is 9356.
2024-06-22 03:30:24,153 - tensor([ 8140,  8210, 12888], device='cuda:0')
2024-06-22 03:30:24,153 - Classification Succeeds.
2024-06-22 03:30:24,154 - Link Generation Fails.
2024-06-22 03:44:35,623 - Victim node is 721.
2024-06-22 03:44:35,624 - tensor([ 3183, 10891, 11759], device='cuda:0')
2024-06-22 03:44:35,624 - Classification Succeeds.
2024-06-22 03:44:35,624 - Link Generation Fails.
2024-06-22 03:59:36,370 - Victim node is 7963.
2024-06-22 03:59:36,370 - tensor([ 1524,  8210, 12888], device='cuda:0')
2024-06-22 03:59:36,371 - Classification Fails.
2024-06-22 03:59:36,371 - Link Generation Fails.
2024-06-22 04:13:46,251 - Victim node is 9661.
2024-06-22 04:13:46,251 - tensor([13752, 13753, 13754], device='cuda:0')
2024-06-22 04:13:46,255 - Classification Fails.
2024-06-22 04:13:46,255 - Link Generation Succeeds.
2024-06-22 04:27:45,742 - Victim node is 4477.
2024-06-22 04:27:45,742 - tensor([ 1538,  7918, 12320], device='cuda:0')
2024-06-22 04:27:45,743 - Classification Succeeds.
2024-06-22 04:27:45,743 - Link Generation Fails.
2024-06-22 04:41:46,291 - Victim node is 13176.
2024-06-22 04:41:46,291 - tensor([ 8210, 12888, 13756], device='cuda:0')
2024-06-22 04:41:46,292 - Classification Succeeds.
2024-06-22 04:41:46,292 - Link Generation Succeeds.
2024-06-22 04:55:39,838 - Victim node is 6889.
2024-06-22 04:55:39,839 - tensor([ 8140,  8210, 12888], device='cuda:0')
2024-06-22 04:55:39,839 - Classification Succeeds.
2024-06-22 04:55:39,839 - Link Generation Fails.
2024-06-22 05:09:36,433 - Victim node is 5632.
2024-06-22 05:09:36,433 - tensor([13752, 13753, 13754], device='cuda:0')
2024-06-22 05:09:36,433 - Classification Fails.
2024-06-22 05:09:36,433 - Link Generation Succeeds.
2024-06-22 05:23:43,339 - Victim node is 2342.
2024-06-22 05:23:43,340 - tensor([13752, 13753, 13754], device='cuda:0')
2024-06-22 05:23:43,346 - Classification Fails.
2024-06-22 05:23:43,349 - Link Generation Succeeds.
2024-06-22 05:38:01,438 - Victim node is 13054.
2024-06-22 05:38:01,438 - tensor([ 7742,  9772, 12980], device='cuda:0')
2024-06-22 05:38:01,438 - Classification Succeeds.
2024-06-22 05:38:01,438 - Link Generation Fails.
2024-06-22 05:52:04,377 - Victim node is 8241.
2024-06-22 05:52:04,377 - tensor([4135, 4528, 8140], device='cuda:0')
2024-06-22 05:52:04,377 - Classification Succeeds.
2024-06-22 05:52:04,377 - Link Generation Fails.
2024-06-22 06:06:38,169 - Victim node is 8960.
2024-06-22 06:06:38,169 - tensor([ 8140,  8210, 12888], device='cuda:0')
2024-06-22 06:06:38,176 - Classification Succeeds.
2024-06-22 06:06:38,178 - Link Generation Fails.
2024-06-22 06:21:39,964 - Victim node is 10046.
2024-06-22 06:21:39,964 - tensor([4528, 8140, 8210], device='cuda:0')
2024-06-22 06:21:39,964 - Classification Succeeds.
2024-06-22 06:21:39,965 - Link Generation Fails.
2024-06-22 06:35:40,032 - Victim node is 7561.
2024-06-22 06:35:40,033 - tensor([ 7918,  9322, 13755], device='cuda:0')
2024-06-22 06:35:40,033 - Classification Succeeds.
2024-06-22 06:35:40,033 - Link Generation Succeeds.
2024-06-22 06:49:41,140 - Victim node is 8051.
2024-06-22 06:49:41,140 - tensor([ 8140,  8210, 12888], device='cuda:0')
2024-06-22 06:49:41,140 - Classification Succeeds.
2024-06-22 06:49:41,140 - Link Generation Fails.
2024-06-22 07:03:52,416 - Victim node is 2379.
2024-06-22 07:03:52,416 - tensor([13752, 13753, 13754], device='cuda:0')
2024-06-22 07:03:52,421 - Classification Fails.
2024-06-22 07:03:52,421 - Link Generation Succeeds.
2024-06-22 07:18:01,607 - Victim node is 7435.
2024-06-22 07:18:01,607 - tensor([ 8140,  8210, 12888], device='cuda:0')
2024-06-22 07:18:01,607 - Classification Succeeds.
2024-06-22 07:18:01,607 - Link Generation Fails.
2024-06-22 07:32:15,101 - Victim node is 9832.
2024-06-22 07:32:15,101 - tensor([ 1538,  7918, 11961], device='cuda:0')
2024-06-22 07:32:15,101 - Classification Succeeds.
2024-06-22 07:32:15,101 - Link Generation Fails.
2024-06-22 07:46:19,642 - Victim node is 6251.
2024-06-22 07:46:19,642 - tensor([13752, 13753, 13754], device='cuda:0')
2024-06-22 07:46:19,642 - Classification Fails.
2024-06-22 07:46:19,642 - Link Generation Succeeds.
2024-06-22 08:00:14,757 - Victim node is 2655.
2024-06-22 08:00:14,757 - tensor([4528, 7984, 8140], device='cuda:0')
2024-06-22 08:00:14,761 - Classification Succeeds.
2024-06-22 08:00:14,764 - Link Generation Fails.
2024-06-22 08:14:08,767 - Victim node is 9328.
2024-06-22 08:14:08,767 - tensor([ 904, 1607, 8140], device='cuda:0')
2024-06-22 08:14:08,767 - Classification Succeeds.
2024-06-22 08:14:08,767 - Link Generation Fails.
2024-06-22 08:28:50,166 - Victim node is 8011.
2024-06-22 08:28:50,166 - tensor([ 8140,  8210, 12888], device='cuda:0')
2024-06-22 08:28:50,166 - Classification Succeeds.
2024-06-22 08:28:50,167 - Link Generation Fails.
2024-06-22 08:42:57,063 - Victim node is 1038.
2024-06-22 08:42:57,063 - tensor([13752, 13753, 13754], device='cuda:0')
2024-06-22 08:42:57,063 - Classification Succeeds.
2024-06-22 08:42:57,063 - Link Generation Succeeds.
2024-06-22 08:59:06,977 - Victim node is 1179.
2024-06-22 08:59:06,977 - tensor([12888, 13753, 13755], device='cuda:0')
2024-06-22 08:59:06,977 - Classification Fails.
2024-06-22 08:59:06,978 - Link Generation Succeeds.
2024-06-22 09:13:22,216 - Victim node is 2931.
2024-06-22 09:13:22,216 - tensor([ 8140,  8210, 12888], device='cuda:0')
2024-06-22 09:13:22,216 - Classification Succeeds.
2024-06-22 09:13:22,217 - Link Generation Fails.
2024-06-22 09:27:41,926 - Victim node is 1986.
2024-06-22 09:27:41,926 - tensor([ 2499,  7918, 12320], device='cuda:0')
2024-06-22 09:27:41,933 - Classification Succeeds.
2024-06-22 09:27:41,935 - Link Generation Fails.
2024-06-22 09:42:20,282 - Victim node is 6741.
2024-06-22 09:42:20,282 - tensor([ 8140,  8210, 12888], device='cuda:0')
2024-06-22 09:42:20,289 - Classification Succeeds.
2024-06-22 09:42:20,291 - Link Generation Fails.
2024-06-22 09:56:36,020 - Victim node is 1824.
2024-06-22 09:56:36,020 - tensor([ 1781,  2499, 11759], device='cuda:0')
2024-06-22 09:56:36,020 - Classification Succeeds.
2024-06-22 09:56:36,020 - Link Generation Fails.
2024-06-22 10:10:33,079 - Victim node is 6618.
2024-06-22 10:10:33,079 - tensor([13752, 13753, 13754], device='cuda:0')
2024-06-22 10:10:33,079 - Classification Fails.
2024-06-22 10:10:33,079 - Link Generation Succeeds.
2024-06-22 10:24:28,340 - Victim node is 12515.
2024-06-22 10:24:28,340 - tensor([ 8210, 12888, 13754], device='cuda:0')
2024-06-22 10:24:28,340 - Classification Fails.
2024-06-22 10:24:28,340 - Link Generation Succeeds.
2024-06-22 10:39:08,541 - Victim node is 11477.
2024-06-22 10:39:08,541 - tensor([1524, 4135, 8210], device='cuda:0')
2024-06-22 10:39:08,541 - Classification Succeeds.
2024-06-22 10:39:08,542 - Link Generation Fails.
2024-06-22 10:53:56,646 - Victim node is 3867.
2024-06-22 10:53:56,646 - tensor([7984, 8140, 8210], device='cuda:0')
2024-06-22 10:53:56,647 - Classification Succeeds.
2024-06-22 10:53:56,647 - Link Generation Fails.
2024-06-22 11:08:24,883 - Victim node is 13418.
2024-06-22 11:08:24,883 - tensor([ 5105,  7918, 10148], device='cuda:0')
2024-06-22 11:08:24,884 - Classification Succeeds.
2024-06-22 11:08:24,884 - Link Generation Fails.
2024-06-22 11:22:15,836 - Victim node is 11365.
2024-06-22 11:22:15,836 - tensor([ 8140,  8210, 12888], device='cuda:0')
2024-06-22 11:22:15,843 - Classification Fails.
2024-06-22 11:22:15,845 - Link Generation Fails.
2024-06-22 11:36:17,811 - Victim node is 10331.
2024-06-22 11:36:17,812 - tensor([ 8140,  8210, 12888], device='cuda:0')
2024-06-22 11:36:17,818 - Classification Succeeds.
2024-06-22 11:36:17,821 - Link Generation Fails.
2024-06-22 11:52:25,486 - Victim node is 2648.
2024-06-22 11:52:25,486 - tensor([13752, 13753, 13754], device='cuda:0')
2024-06-22 11:52:25,486 - Classification Fails.
2024-06-22 11:52:25,486 - Link Generation Succeeds.
2024-06-22 12:07:05,745 - Victim node is 8630.
2024-06-22 12:07:05,745 - tensor([ 872, 1524, 4135], device='cuda:0')
2024-06-22 12:07:05,745 - Classification Fails.
2024-06-22 12:07:05,745 - Link Generation Fails.
2024-06-22 12:22:02,286 - Victim node is 715.
2024-06-22 12:22:02,286 - tensor([ 1524,  8210, 12888], device='cuda:0')
2024-06-22 12:22:02,286 - Classification Fails.
2024-06-22 12:22:02,286 - Link Generation Fails.
2024-06-22 12:35:55,505 - Victim node is 13163.
2024-06-22 12:35:55,505 - tensor([ 8140,  8210, 12888], device='cuda:0')
2024-06-22 12:35:55,505 - Classification Succeeds.
2024-06-22 12:35:55,505 - Link Generation Fails.
2024-06-22 12:50:12,627 - Victim node is 8480.
2024-06-22 12:50:12,627 - tensor([13752, 13753, 13754], device='cuda:0')
2024-06-22 12:50:12,632 - Classification Fails.
2024-06-22 12:50:12,632 - Link Generation Succeeds.
2024-06-22 13:06:12,623 - Victim node is 1173.
2024-06-22 13:06:12,624 - tensor([13752, 13753, 13754], device='cuda:0')
2024-06-22 13:06:12,624 - Classification Fails.
2024-06-22 13:06:12,624 - Link Generation Succeeds.
2024-06-22 13:20:11,942 - Victim node is 1199.
2024-06-22 13:20:11,942 - tensor([ 2499, 10699, 12320], device='cuda:0')
2024-06-22 13:20:11,942 - Classification Fails.
2024-06-22 13:20:11,943 - Link Generation Fails.
2024-06-22 13:34:06,696 - Victim node is 11314.
2024-06-22 13:34:06,696 - tensor([13753, 13755, 13756], device='cuda:0')
2024-06-22 13:34:06,696 - Classification Fails.
2024-06-22 13:34:06,696 - Link Generation Succeeds.
2024-06-22 13:48:15,921 - Victim node is 8627.
2024-06-22 13:48:15,921 - tensor([2138, 4528, 8140], device='cuda:0')
2024-06-22 13:48:15,921 - Classification Succeeds.
2024-06-22 13:48:15,921 - Link Generation Fails.
2024-06-22 14:02:07,673 - Victim node is 11383.
2024-06-22 14:02:07,673 - tensor([  904,  7918, 11759], device='cuda:0')
2024-06-22 14:02:07,673 - Classification Succeeds.
2024-06-22 14:02:07,673 - Link Generation Fails.
2024-06-22 14:17:00,066 - Victim node is 10244.
2024-06-22 14:17:00,067 - tensor([ 4528,  8140, 12888], device='cuda:0')
2024-06-22 14:17:00,073 - Classification Fails.
2024-06-22 14:17:00,076 - Link Generation Fails.
2024-06-22 14:33:01,755 - Victim node is 7179.
2024-06-22 14:33:01,755 - tensor([13752, 13753, 13754], device='cuda:0')
2024-06-22 14:33:01,756 - Classification Fails.
2024-06-22 14:33:01,756 - Link Generation Succeeds.
2024-06-22 14:47:06,314 - Victim node is 8938.
2024-06-22 14:47:06,314 - tensor([13752, 13753, 13754], device='cuda:0')
2024-06-22 14:47:06,314 - Classification Succeeds.
2024-06-22 14:47:06,314 - Link Generation Succeeds.
2024-06-22 15:00:59,984 - Victim node is 13193.
2024-06-22 15:00:59,985 - tensor([ 8140,  8210, 12888], device='cuda:0')
2024-06-22 15:00:59,985 - Classification Succeeds.
2024-06-22 15:00:59,985 - Link Generation Fails.
2024-06-22 15:14:52,957 - Victim node is 272.
2024-06-22 15:14:52,957 - tensor([1607, 7918, 8435], device='cuda:0')
2024-06-22 15:14:52,957 - Classification Fails.
2024-06-22 15:14:52,957 - Link Generation Fails.
2024-06-22 15:28:58,225 - Victim node is 11212.
2024-06-22 15:28:58,225 - tensor([ 1524,  4528, 12888], device='cuda:0')
2024-06-22 15:28:58,225 - Classification Succeeds.
2024-06-22 15:28:58,225 - Link Generation Fails.
2024-06-22 15:43:14,928 - Victim node is 8410.
2024-06-22 15:43:14,928 - tensor([13752, 13753, 13754], device='cuda:0')
2024-06-22 15:43:14,929 - Classification Fails.
2024-06-22 15:43:14,929 - Link Generation Succeeds.
2024-06-22 15:57:40,187 - Victim node is 5384.
2024-06-22 15:57:40,187 - tensor([ 1524,  8210, 12888], device='cuda:0')
2024-06-22 15:57:40,194 - Classification Succeeds.
2024-06-22 15:57:40,196 - Link Generation Fails.
2024-06-22 16:12:18,380 - Victim node is 9569.
2024-06-22 16:12:18,380 - tensor([13752, 13753, 13754], device='cuda:0')
2024-06-22 16:12:18,387 - Classification Fails.
2024-06-22 16:12:18,389 - Link Generation Succeeds.
2024-06-22 16:27:08,652 - Victim node is 12511.
2024-06-22 16:27:08,652 - tensor([3452, 4932, 6247], device='cuda:0')
2024-06-22 16:27:08,653 - Classification Succeeds.
2024-06-22 16:27:08,653 - Link Generation Fails.
2024-06-22 16:42:12,540 - Victim node is 3786.
2024-06-22 16:42:12,541 - tensor([ 2028,  2515, 10384], device='cuda:0')
2024-06-22 16:42:12,541 - Classification Succeeds.
2024-06-22 16:42:12,541 - Link Generation Fails.
2024-06-22 16:56:14,600 - Victim node is 1858.
2024-06-22 16:56:14,600 - tensor([13752, 13753, 13754], device='cuda:0')
2024-06-22 16:56:14,600 - Classification Fails.
2024-06-22 16:56:14,600 - Link Generation Succeeds.
2024-06-22 17:10:47,973 - Victim node is 341.
2024-06-22 17:10:47,974 - tensor([4528, 8140, 8210], device='cuda:0')
2024-06-22 17:10:47,974 - Classification Succeeds.
2024-06-22 17:10:47,974 - Link Generation Fails.
2024-06-22 17:25:36,568 - Victim node is 1802.
2024-06-22 17:25:36,568 - tensor([ 8140,  8210, 12888], device='cuda:0')
2024-06-22 17:25:36,575 - Classification Succeeds.
2024-06-22 17:25:36,577 - Link Generation Fails.
2024-06-22 17:41:25,213 - Victim node is 2919.
2024-06-22 17:41:25,214 - tensor([ 2499,  7918, 11961], device='cuda:0')
2024-06-22 17:41:25,214 - Classification Fails.
2024-06-22 17:41:25,214 - Link Generation Fails.
2024-06-22 17:55:51,984 - Victim node is 1711.
2024-06-22 17:55:51,984 - tensor([1538, 2499, 7918], device='cuda:0')
2024-06-22 17:55:51,985 - Classification Succeeds.
2024-06-22 17:55:51,985 - Link Generation Fails.
2024-06-22 18:10:43,223 - Victim node is 4355.
2024-06-22 18:10:43,223 - tensor([ 8140,  8210, 12888], device='cuda:0')
2024-06-22 18:10:43,223 - Classification Succeeds.
2024-06-22 18:10:43,223 - Link Generation Fails.
2024-06-22 18:25:41,536 - Victim node is 3623.
2024-06-22 18:25:41,537 - tensor([4528, 8140, 8210], device='cuda:0')
2024-06-22 18:25:41,537 - Classification Succeeds.
2024-06-22 18:25:41,537 - Link Generation Fails.
2024-06-22 18:39:38,736 - Victim node is 1682.
2024-06-22 18:39:38,736 - tensor([1524, 2138, 4135], device='cuda:0')
2024-06-22 18:39:38,738 - Classification Succeeds.
2024-06-22 18:39:38,741 - Link Generation Fails.
2024-06-22 18:54:30,775 - Victim node is 9087.
2024-06-22 18:54:30,775 - tensor([ 2499, 13752, 13753], device='cuda:0')
2024-06-22 18:54:30,776 - Classification Fails.
2024-06-22 18:54:30,776 - Link Generation Succeeds.
2024-06-22 19:09:25,213 - Victim node is 12108.
2024-06-22 19:09:25,213 - tensor([13752, 13753, 13754], device='cuda:0')
2024-06-22 19:09:25,213 - Classification Fails.
2024-06-22 19:09:25,213 - Link Generation Succeeds.
2024-06-22 19:24:15,324 - Victim node is 11172.
2024-06-22 19:24:15,324 - tensor([ 1524,  4528, 12888], device='cuda:0')
2024-06-22 19:24:15,331 - Classification Succeeds.
2024-06-22 19:24:15,334 - Link Generation Fails.
2024-06-22 19:38:25,986 - Victim node is 10270.
2024-06-22 19:38:25,986 - tensor([  904,  2883, 11759], device='cuda:0')
2024-06-22 19:38:25,992 - Classification Succeeds.
2024-06-22 19:38:25,995 - Link Generation Fails.
2024-06-22 19:52:49,913 - Victim node is 2978.
2024-06-22 19:52:49,914 - tensor([ 8210, 13755, 13756], device='cuda:0')
2024-06-22 19:52:49,914 - Classification Succeeds.
2024-06-22 19:52:49,914 - Link Generation Succeeds.
2024-06-22 20:07:10,732 - Victim node is 1378.
2024-06-22 20:07:10,733 - tensor([1538, 2499, 7918], device='cuda:0')
2024-06-22 20:07:10,739 - Classification Succeeds.
2024-06-22 20:07:10,742 - Link Generation Fails.
2024-06-22 20:22:12,112 - Victim node is 439.
2024-06-22 20:22:12,113 - tensor([13752, 13753, 13754], device='cuda:0')
2024-06-22 20:22:12,113 - Classification Fails.
2024-06-22 20:22:12,113 - Link Generation Succeeds.
2024-06-22 20:36:23,232 - Victim node is 12554.
2024-06-22 20:36:23,232 - tensor([ 8140,  8210, 12888], device='cuda:0')
2024-06-22 20:36:23,232 - Classification Succeeds.
2024-06-22 20:36:23,232 - Link Generation Fails.
2024-06-22 20:50:21,205 - Victim node is 11233.
2024-06-22 20:50:21,205 - tensor([ 8140,  8210, 12888], device='cuda:0')
2024-06-22 20:50:21,206 - Classification Succeeds.
2024-06-22 20:50:21,206 - Link Generation Fails.
2024-06-22 21:04:34,217 - Victim node is 7080.
2024-06-22 21:04:34,217 - tensor([ 8140,  8210, 12888], device='cuda:0')
2024-06-22 21:04:34,223 - Classification Succeeds.
2024-06-22 21:04:34,223 - Link Generation Fails.
2024-06-22 21:18:28,417 - Victim node is 7569.
2024-06-22 21:18:28,418 - tensor([ 8140,  8210, 12888], device='cuda:0')
2024-06-22 21:18:28,418 - Classification Succeeds.
2024-06-22 21:18:28,418 - Link Generation Fails.
2024-06-22 21:32:33,534 - Victim node is 500.
2024-06-22 21:32:33,534 - tensor([13752, 13753, 13754], device='cuda:0')
2024-06-22 21:32:33,534 - Classification Succeeds.
2024-06-22 21:32:33,534 - Link Generation Succeeds.
2024-06-22 21:46:24,478 - Victim node is 7574.
2024-06-22 21:46:24,478 - tensor([ 2499,  7918, 12320], device='cuda:0')
2024-06-22 21:46:24,479 - Classification Succeeds.
2024-06-22 21:46:24,479 - Link Generation Fails.
2024-06-22 22:00:28,824 - Victim node is 4572.
2024-06-22 22:00:28,824 - tensor([  904,  1781, 11759], device='cuda:0')
2024-06-22 22:00:28,825 - Classification Fails.
2024-06-22 22:00:28,825 - Link Generation Fails.
2024-06-22 22:14:25,064 - Victim node is 3146.
2024-06-22 22:14:25,064 - tensor([ 4528,  8140, 12888], device='cuda:0')
2024-06-22 22:14:25,064 - Classification Succeeds.
2024-06-22 22:14:25,064 - Link Generation Fails.
2024-06-22 22:28:29,786 - Victim node is 11079.
2024-06-22 22:28:29,786 - tensor([13752, 13754, 13756], device='cuda:0')
2024-06-22 22:28:29,793 - Classification Fails.
2024-06-22 22:28:29,795 - Link Generation Succeeds.
2024-06-22 22:42:29,287 - Victim node is 12979.
2024-06-22 22:42:29,287 - tensor([13752, 13753, 13754], device='cuda:0')
2024-06-22 22:42:29,294 - Classification Fails.
2024-06-22 22:42:29,296 - Link Generation Succeeds.
2024-06-22 22:57:04,767 - Victim node is 9893.
2024-06-22 22:57:04,767 - tensor([13752, 13753, 13754], device='cuda:0')
2024-06-22 22:57:04,767 - Classification Fails.
2024-06-22 22:57:04,767 - Link Generation Succeeds.
2024-06-22 23:11:01,757 - Victim node is 6897.
2024-06-22 23:11:01,757 - tensor([13753, 13755, 13756], device='cuda:0')
2024-06-22 23:11:01,757 - Classification Succeeds.
2024-06-22 23:11:01,757 - Link Generation Succeeds.
2024-06-22 23:26:12,085 - Victim node is 11095.
2024-06-22 23:26:12,085 - tensor([13752, 13753, 13754], device='cuda:0')
2024-06-22 23:26:12,086 - Classification Succeeds.
2024-06-22 23:26:12,086 - Link Generation Succeeds.
2024-06-22 23:41:03,788 - Victim node is 1359.
2024-06-22 23:41:03,788 - tensor([ 8140,  8210, 12888], device='cuda:0')
2024-06-22 23:41:03,788 - Classification Succeeds.
2024-06-22 23:41:03,788 - Link Generation Fails.
2024-06-22 23:54:57,634 - Victim node is 13192.
2024-06-22 23:54:57,634 - tensor([ 872, 7984, 8140], device='cuda:0')
2024-06-22 23:54:57,634 - Classification Succeeds.
2024-06-22 23:54:57,634 - Link Generation Fails.
2024-06-23 00:08:54,911 - Victim node is 5374.
2024-06-23 00:08:54,911 - tensor([13752, 13753, 13754], device='cuda:0')
2024-06-23 00:08:54,912 - Classification Succeeds.
2024-06-23 00:08:54,912 - Link Generation Succeeds.
2024-06-23 00:23:13,394 - Victim node is 10828.
2024-06-23 00:23:13,395 - tensor([13752, 13753, 13754], device='cuda:0')
2024-06-23 00:23:13,397 - Classification Fails.
2024-06-23 00:23:13,399 - Link Generation Succeeds.
2024-06-23 00:37:14,162 - Victim node is 3556.
2024-06-23 00:37:14,162 - tensor([4528, 8140, 8210], device='cuda:0')
2024-06-23 00:37:14,162 - Classification Fails.
2024-06-23 00:37:14,162 - Link Generation Fails.
2024-06-23 00:51:31,233 - Victim node is 12381.
2024-06-23 00:51:31,234 - tensor([13752, 13753, 13754], device='cuda:0')
2024-06-23 00:51:31,234 - Classification Succeeds.
2024-06-23 00:51:31,234 - Link Generation Succeeds.
2024-06-23 01:06:01,178 - Victim node is 7530.
2024-06-23 01:06:01,178 - tensor([13752, 13753, 13754], device='cuda:0')
2024-06-23 01:06:01,178 - Classification Fails.
2024-06-23 01:06:01,178 - Link Generation Succeeds.
2024-06-23 01:20:38,492 - Victim node is 3826.
2024-06-23 01:20:38,492 - tensor([ 8210, 13754, 13755], device='cuda:0')
2024-06-23 01:20:38,492 - Classification Fails.
2024-06-23 01:20:38,492 - Link Generation Succeeds.
2024-06-23 01:34:35,188 - Victim node is 9995.
2024-06-23 01:34:35,188 - tensor([ 8140,  8210, 12888], device='cuda:0')
2024-06-23 01:34:35,188 - Classification Succeeds.
2024-06-23 01:34:35,188 - Link Generation Fails.
2024-06-23 01:48:31,251 - Victim node is 11239.
2024-06-23 01:48:31,251 - tensor([ 1524,  4528, 12888], device='cuda:0')
2024-06-23 01:48:31,252 - Classification Fails.
2024-06-23 01:48:31,252 - Link Generation Fails.
2024-06-23 02:02:28,607 - Victim node is 2806.
2024-06-23 02:02:28,607 - tensor([13752, 13753, 13754], device='cuda:0')
2024-06-23 02:02:28,608 - Classification Fails.
2024-06-23 02:02:28,608 - Link Generation Succeeds.
2024-06-23 02:16:52,192 - Victim node is 13424.
2024-06-23 02:16:52,192 - tensor([ 2515,  8210, 12888], device='cuda:0')
2024-06-23 02:16:52,193 - Classification Succeeds.
2024-06-23 02:16:52,193 - Link Generation Fails.
2024-06-23 02:32:04,165 - Victim node is 2845.
2024-06-23 02:32:04,165 - tensor([ 8140,  8210, 12888], device='cuda:0')
2024-06-23 02:32:04,165 - Classification Succeeds.
2024-06-23 02:32:04,165 - Link Generation Fails.
2024-06-23 02:46:01,418 - Victim node is 1524.
2024-06-23 02:46:01,418 - tensor([193, 283, 590], device='cuda:0')
2024-06-23 02:46:01,418 - Classification Succeeds.
2024-06-23 02:46:01,418 - Link Generation Fails.
2024-06-23 03:00:01,976 - Victim node is 7774.
2024-06-23 03:00:01,976 - tensor([13752, 13753, 13754], device='cuda:0')
2024-06-23 03:00:01,976 - Classification Succeeds.
2024-06-23 03:00:01,976 - Link Generation Succeeds.
2024-06-23 03:14:26,872 - Victim node is 2938.
2024-06-23 03:14:26,872 - tensor([13752, 13754, 13756], device='cuda:0')
2024-06-23 03:14:26,872 - Classification Fails.
2024-06-23 03:14:26,873 - Link Generation Succeeds.
2024-06-23 03:28:24,188 - Victim node is 8554.
2024-06-23 03:28:24,189 - tensor([ 8140,  8210, 12888], device='cuda:0')
2024-06-23 03:28:24,189 - Classification Succeeds.
2024-06-23 03:28:24,189 - Link Generation Fails.
2024-06-23 03:43:39,868 - Victim node is 4381.
2024-06-23 03:43:39,869 - tensor([ 8140,  8210, 12888], device='cuda:0')
2024-06-23 03:43:39,874 - Classification Fails.
2024-06-23 03:43:39,875 - Link Generation Fails.
2024-06-23 03:57:56,691 - Victim node is 13148.
2024-06-23 03:57:56,691 - tensor([ 8140,  8210, 12888], device='cuda:0')
2024-06-23 03:57:56,691 - Classification Succeeds.
2024-06-23 03:57:56,691 - Link Generation Fails.
2024-06-23 04:12:04,134 - Victim node is 1605.
2024-06-23 04:12:04,134 - tensor([ 1524,  8210, 12888], device='cuda:0')
2024-06-23 04:12:04,135 - Classification Succeeds.
2024-06-23 04:12:04,135 - Link Generation Fails.
2024-06-23 04:26:38,095 - Victim node is 8811.
2024-06-23 04:26:38,095 - tensor([1538, 2883, 7918], device='cuda:0')
2024-06-23 04:26:38,095 - Classification Succeeds.
2024-06-23 04:26:38,095 - Link Generation Fails.
2024-06-23 04:42:03,139 - Victim node is 13180.
2024-06-23 04:42:03,139 - tensor([13753, 13755, 13756], device='cuda:0')
2024-06-23 04:42:03,146 - Classification Succeeds.
2024-06-23 04:42:03,148 - Link Generation Succeeds.
2024-06-23 04:57:26,098 - Victim node is 3743.
2024-06-23 04:57:26,098 - tensor([13754, 13755, 13756], device='cuda:0')
2024-06-23 04:57:26,105 - Classification Fails.
2024-06-23 04:57:26,107 - Link Generation Succeeds.
2024-06-23 05:11:33,520 - Victim node is 8147.
2024-06-23 05:11:33,520 - tensor([ 8140,  8210, 12888], device='cuda:0')
2024-06-23 05:11:33,527 - Classification Succeeds.
2024-06-23 05:11:33,529 - Link Generation Fails.
2024-06-23 05:25:51,850 - Victim node is 5971.
2024-06-23 05:25:51,850 - tensor([ 4528,  8210, 12888], device='cuda:0')
2024-06-23 05:25:51,857 - Classification Succeeds.
2024-06-23 05:25:51,859 - Link Generation Fails.
2024-06-23 05:40:23,119 - Victim node is 3551.
2024-06-23 05:40:23,119 - tensor([13753, 13754, 13755], device='cuda:0')
2024-06-23 05:40:23,119 - Classification Fails.
2024-06-23 05:40:23,119 - Link Generation Succeeds.
2024-06-23 05:55:54,430 - Victim node is 7494.
2024-06-23 05:55:54,430 - tensor([1524, 3452, 9251], device='cuda:0')
2024-06-23 05:55:54,437 - Classification Succeeds.
2024-06-23 05:55:54,439 - Link Generation Fails.
2024-06-23 06:10:23,048 - Victim node is 5380.
2024-06-23 06:10:23,048 - tensor([13753, 13754, 13755], device='cuda:0')
2024-06-23 06:10:23,048 - Classification Succeeds.
2024-06-23 06:10:23,048 - Link Generation Succeeds.
2024-06-23 06:25:00,976 - Victim node is 11051.
2024-06-23 06:25:00,977 - tensor([13752, 13754, 13755], device='cuda:0')
2024-06-23 06:25:00,977 - Classification Succeeds.
2024-06-23 06:25:00,977 - Link Generation Succeeds.
2024-06-23 06:39:43,950 - Victim node is 911.
2024-06-23 06:39:43,950 - tensor([13752, 13753, 13754], device='cuda:0')
2024-06-23 06:39:43,950 - Classification Succeeds.
2024-06-23 06:39:43,951 - Link Generation Succeeds.
2024-06-23 06:54:17,787 - Victim node is 5891.
2024-06-23 06:54:17,787 - tensor([ 4528,  8210, 12888], device='cuda:0')
2024-06-23 06:54:17,787 - Classification Succeeds.
2024-06-23 06:54:17,787 - Link Generation Fails.
2024-06-23 07:08:23,404 - Victim node is 1772.
2024-06-23 07:08:23,404 - tensor([ 8140,  8210, 12888], device='cuda:0')
2024-06-23 07:08:23,411 - Classification Succeeds.
2024-06-23 07:08:23,413 - Link Generation Fails.
2024-06-23 07:22:16,813 - Victim node is 3630.
2024-06-23 07:22:16,813 - tensor([13752, 13753, 13756], device='cuda:0')
2024-06-23 07:22:16,820 - Classification Succeeds.
2024-06-23 07:22:16,822 - Link Generation Succeeds.
2024-06-23 07:36:20,300 - Victim node is 5693.
2024-06-23 07:36:20,300 - tensor([4528, 8140, 8210], device='cuda:0')
2024-06-23 07:36:20,300 - Classification Succeeds.
2024-06-23 07:36:20,301 - Link Generation Fails.
2024-06-23 07:50:14,505 - Victim node is 3160.
2024-06-23 07:50:14,505 - tensor([ 8210, 12888, 13753], device='cuda:0')
2024-06-23 07:50:14,506 - Classification Succeeds.
2024-06-23 07:50:14,506 - Link Generation Succeeds.
2024-06-23 08:04:23,530 - Victim node is 12805.
2024-06-23 08:04:23,530 - tensor([13752, 13753, 13754], device='cuda:0')
2024-06-23 08:04:23,537 - Classification Fails.
2024-06-23 08:04:23,539 - Link Generation Succeeds.
2024-06-23 08:18:52,437 - Victim node is 9295.
2024-06-23 08:18:52,438 - tensor([ 1524,  4528, 12888], device='cuda:0')
2024-06-23 08:18:52,438 - Classification Succeeds.
2024-06-23 08:18:52,438 - Link Generation Fails.
2024-06-23 08:34:04,527 - Victim node is 13027.
2024-06-23 08:34:04,527 - tensor([13752, 13753, 13754], device='cuda:0')
2024-06-23 08:34:04,527 - Classification Fails.
2024-06-23 08:34:04,527 - Link Generation Succeeds.
2024-06-23 08:48:24,567 - Victim node is 7473.
2024-06-23 08:48:24,567 - tensor([1538, 3555, 7918], device='cuda:0')
2024-06-23 08:48:24,567 - Classification Succeeds.
2024-06-23 08:48:24,567 - Link Generation Fails.
2024-06-23 09:02:18,199 - Victim node is 91.
2024-06-23 09:02:18,199 - tensor([13752, 13755, 13756], device='cuda:0')
2024-06-23 09:02:18,199 - Classification Fails.
2024-06-23 09:02:18,199 - Link Generation Succeeds.
2024-06-23 09:16:44,121 - Victim node is 9863.
2024-06-23 09:16:44,121 - tensor([4528, 8140, 8210], device='cuda:0')
2024-06-23 09:16:44,121 - Classification Succeeds.
2024-06-23 09:16:44,121 - Link Generation Fails.
2024-06-23 09:31:15,063 - Victim node is 7427.
2024-06-23 09:31:15,064 - tensor([13752, 13753, 13754], device='cuda:0')
2024-06-23 09:31:15,070 - Classification Fails.
2024-06-23 09:31:15,073 - Link Generation Succeeds.
2024-06-23 09:45:30,931 - Victim node is 4057.
2024-06-23 09:45:30,931 - tensor([ 3452,  6247, 10610], device='cuda:0')
2024-06-23 09:45:30,938 - Classification Succeeds.
2024-06-23 09:45:30,940 - Link Generation Fails.
2024-06-23 09:59:36,597 - Victim node is 13682.
2024-06-23 09:59:36,597 - tensor([ 8140,  8210, 12888], device='cuda:0')
2024-06-23 09:59:36,604 - Classification Succeeds.
2024-06-23 09:59:36,607 - Link Generation Fails.
2024-06-23 10:13:43,341 - Victim node is 5603.
2024-06-23 10:13:43,341 - tensor([13752, 13753, 13754], device='cuda:0')
2024-06-23 10:13:43,341 - Classification Fails.
2024-06-23 10:13:43,341 - Link Generation Succeeds.
2024-06-23 10:28:48,941 - Victim node is 5491.
2024-06-23 10:28:48,941 - tensor([13752, 13753, 13754], device='cuda:0')
2024-06-23 10:28:48,941 - Classification Fails.
2024-06-23 10:28:48,941 - Link Generation Succeeds.
2024-06-23 10:44:00,610 - Victim node is 9385.
2024-06-23 10:44:00,611 - tensor([2138, 3452, 4135], device='cuda:0')
2024-06-23 10:44:00,611 - Classification Succeeds.
2024-06-23 10:44:00,611 - Link Generation Fails.
2024-06-23 10:58:32,999 - Victim node is 4949.
2024-06-23 10:58:33,000 - tensor([ 8140,  8210, 12888], device='cuda:0')
2024-06-23 10:58:33,006 - Classification Succeeds.
2024-06-23 10:58:33,009 - Link Generation Fails.
2024-06-23 11:12:45,131 - Victim node is 2985.
2024-06-23 11:12:45,131 - tensor([13752, 13753, 13754], device='cuda:0')
2024-06-23 11:12:45,131 - Classification Fails.
2024-06-23 11:12:45,132 - Link Generation Succeeds.
2024-06-23 11:26:30,019 - Victim node is 6893.
2024-06-23 11:26:30,019 - tensor([7984, 8140, 8210], device='cuda:0')
2024-06-23 11:26:30,020 - Classification Succeeds.
2024-06-23 11:26:30,020 - Link Generation Fails.
2024-06-23 11:40:24,642 - Victim node is 1099.
2024-06-23 11:40:24,642 - tensor([ 4528,  8140, 12888], device='cuda:0')
2024-06-23 11:40:24,642 - Classification Succeeds.
2024-06-23 11:40:24,642 - Link Generation Fails.
2024-06-23 11:54:21,364 - Victim node is 11829.
2024-06-23 11:54:21,364 - tensor([ 8140,  8210, 12888], device='cuda:0')
2024-06-23 11:54:21,364 - Classification Succeeds.
2024-06-23 11:54:21,364 - Link Generation Fails.
2024-06-23 12:08:36,069 - Victim node is 156.
2024-06-23 12:08:36,069 - tensor([ 8140,  8210, 12888], device='cuda:0')
2024-06-23 12:08:36,076 - Classification Succeeds.
2024-06-23 12:08:36,078 - Link Generation Fails.
2024-06-23 12:23:07,655 - Victim node is 1243.
2024-06-23 12:23:07,655 - tensor([ 872, 1524, 7984], device='cuda:0')
2024-06-23 12:23:07,655 - Classification Succeeds.
2024-06-23 12:23:07,655 - Link Generation Fails.
2024-06-23 12:37:01,468 - Victim node is 6296.
2024-06-23 12:37:01,468 - tensor([1538, 1607, 7918], device='cuda:0')
2024-06-23 12:37:01,475 - Classification Succeeds.
2024-06-23 12:37:01,477 - Link Generation Fails.
2024-06-23 12:51:10,805 - Victim node is 6156.
2024-06-23 12:51:10,805 - tensor([ 2499,  7918, 12320], device='cuda:0')
2024-06-23 12:51:10,811 - Classification Succeeds.
2024-06-23 12:51:10,814 - Link Generation Fails.
2024-06-23 13:05:03,493 - Victim node is 4590.
2024-06-23 13:05:03,494 - tensor([ 8140,  8210, 12888], device='cuda:0')
2024-06-23 13:05:03,494 - Classification Succeeds.
2024-06-23 13:05:03,494 - Link Generation Fails.
2024-06-23 13:18:59,296 - Victim node is 12096.
2024-06-23 13:18:59,296 - tensor([13752, 13753, 13754], device='cuda:0')
2024-06-23 13:18:59,296 - Classification Fails.
2024-06-23 13:18:59,296 - Link Generation Succeeds.
2024-06-23 13:32:59,651 - Victim node is 11351.
2024-06-23 13:32:59,651 - tensor([ 8140,  8210, 12888], device='cuda:0')
2024-06-23 13:32:59,658 - Classification Succeeds.
2024-06-23 13:32:59,660 - Link Generation Fails.
2024-06-23 13:48:01,405 - Victim node is 10831.
2024-06-23 13:48:01,405 - tensor([ 1524,  8210, 12888], device='cuda:0')
2024-06-23 13:48:01,405 - Classification Succeeds.
2024-06-23 13:48:01,405 - Link Generation Fails.
2024-06-23 14:02:56,559 - Victim node is 6831.
2024-06-23 14:02:56,559 - tensor([  872,  1524, 12888], device='cuda:0')
2024-06-23 14:02:56,559 - Classification Succeeds.
2024-06-23 14:02:56,559 - Link Generation Fails.
2024-06-23 14:16:44,949 - Victim node is 9874.
2024-06-23 14:16:44,949 - tensor([ 1524,  4528, 12888], device='cuda:0')
2024-06-23 14:16:44,956 - Classification Succeeds.
2024-06-23 14:16:44,959 - Link Generation Fails.
2024-06-23 14:30:41,127 - Victim node is 10261.
2024-06-23 14:30:41,127 - tensor([13752, 13753, 13754], device='cuda:0')
2024-06-23 14:30:41,127 - Classification Fails.
2024-06-23 14:30:41,127 - Link Generation Succeeds.
2024-06-23 14:44:35,126 - Victim node is 12558.
2024-06-23 14:44:35,126 - tensor([1524, 4528, 7984], device='cuda:0')
2024-06-23 14:44:35,126 - Classification Succeeds.
2024-06-23 14:44:35,126 - Link Generation Fails.
2024-06-23 14:58:37,532 - Victim node is 7052.
2024-06-23 14:58:37,532 - tensor([ 1524,  8140, 12888], device='cuda:0')
2024-06-23 14:58:37,532 - Classification Succeeds.
2024-06-23 14:58:37,532 - Link Generation Fails.
2024-06-23 15:13:52,815 - Victim node is 2352.
2024-06-23 15:13:52,815 - tensor([ 1524,  4932, 10610], device='cuda:0')
2024-06-23 15:13:52,816 - Classification Succeeds.
2024-06-23 15:13:52,816 - Link Generation Fails.
2024-06-23 15:28:58,655 - Victim node is 4197.
2024-06-23 15:28:58,656 - tensor([ 8140,  8210, 12888], device='cuda:0')
2024-06-23 15:28:58,656 - Classification Succeeds.
2024-06-23 15:28:58,656 - Link Generation Fails.
2024-06-23 15:43:03,221 - Victim node is 9379.
2024-06-23 15:43:03,221 - tensor([13752, 13754, 13756], device='cuda:0')
2024-06-23 15:43:03,222 - Classification Fails.
2024-06-23 15:43:03,222 - Link Generation Succeeds.
2024-06-23 15:58:28,043 - Victim node is 1848.
2024-06-23 15:58:28,044 - tensor([1538, 2499, 7918], device='cuda:0')
2024-06-23 15:58:28,044 - Classification Succeeds.
2024-06-23 15:58:28,044 - Link Generation Fails.
2024-06-23 16:12:27,893 - Victim node is 11505.
2024-06-23 16:12:27,893 - tensor([ 4528,  8140, 12888], device='cuda:0')
2024-06-23 16:12:27,893 - Classification Succeeds.
2024-06-23 16:12:27,893 - Link Generation Fails.
2024-06-23 16:26:34,184 - Victim node is 2715.
2024-06-23 16:26:34,184 - tensor([4528, 7984, 8210], device='cuda:0')
2024-06-23 16:26:34,189 - Classification Succeeds.
2024-06-23 16:26:34,191 - Link Generation Fails.
2024-06-23 16:40:27,429 - Victim node is 8965.
2024-06-23 16:40:27,429 - tensor([13752, 13753, 13754], device='cuda:0')
2024-06-23 16:40:27,429 - Classification Fails.
2024-06-23 16:40:27,429 - Link Generation Succeeds.
2024-06-23 16:54:27,252 - Victim node is 9812.
2024-06-23 16:54:27,252 - tensor([ 4528,  8140, 12888], device='cuda:0')
2024-06-23 16:54:27,252 - Classification Succeeds.
2024-06-23 16:54:27,252 - Link Generation Fails.
2024-06-23 17:09:01,649 - Victim node is 6918.
2024-06-23 17:09:01,649 - tensor([ 1607,  7918, 11759], device='cuda:0')
2024-06-23 17:09:01,656 - Classification Succeeds.
2024-06-23 17:09:01,658 - Link Generation Fails.
2024-06-23 17:23:22,610 - Victim node is 4458.
2024-06-23 17:23:22,610 - tensor([4528, 7984, 8140], device='cuda:0')
2024-06-23 17:23:22,610 - Classification Succeeds.
2024-06-23 17:23:22,611 - Link Generation Fails.
2024-06-23 17:37:22,282 - Victim node is 12403.
2024-06-23 17:37:22,282 - tensor([13752, 13753, 13754], device='cuda:0')
2024-06-23 17:37:22,282 - Classification Fails.
2024-06-23 17:37:22,282 - Link Generation Succeeds.
2024-06-23 17:51:22,845 - Victim node is 13397.
2024-06-23 17:51:22,845 - tensor([ 8140,  8210, 12888], device='cuda:0')
2024-06-23 17:51:22,846 - Classification Succeeds.
2024-06-23 17:51:22,846 - Link Generation Fails.
2024-06-23 18:05:19,259 - Victim node is 13496.
2024-06-23 18:05:19,259 - tensor([ 1524,  4528, 12888], device='cuda:0')
2024-06-23 18:05:19,259 - Classification Succeeds.
2024-06-23 18:05:19,259 - Link Generation Fails.
2024-06-23 18:19:14,502 - Victim node is 265.
2024-06-23 18:19:14,503 - tensor([ 8140,  8210, 12888], device='cuda:0')
2024-06-23 18:19:14,503 - Classification Succeeds.
2024-06-23 18:19:14,503 - Link Generation Fails.
2024-06-23 18:33:18,559 - Victim node is 5450.
2024-06-23 18:33:18,559 - tensor([ 8210, 13754, 13755], device='cuda:0')
2024-06-23 18:33:18,566 - Classification Succeeds.
2024-06-23 18:33:18,568 - Link Generation Succeeds.
2024-06-23 18:47:35,294 - Victim node is 13229.
2024-06-23 18:47:35,295 - tensor([13752, 13753, 13754], device='cuda:0')
2024-06-23 18:47:35,295 - Classification Succeeds.
2024-06-23 18:47:35,295 - Link Generation Succeeds.
2024-06-23 19:01:38,196 - Victim node is 5209.
2024-06-23 19:01:38,196 - tensor([ 8140,  8210, 12888], device='cuda:0')
2024-06-23 19:01:38,196 - Classification Succeeds.
2024-06-23 19:01:38,196 - Link Generation Fails.
2024-06-23 19:16:25,015 - Victim node is 7811.
2024-06-23 19:16:25,015 - tensor([ 7918, 10699, 12320], device='cuda:0')
2024-06-23 19:16:25,022 - Classification Succeeds.
2024-06-23 19:16:25,024 - Link Generation Fails.
2024-06-23 19:30:48,140 - Victim node is 2416.
2024-06-23 19:30:48,140 - tensor([ 3452,  4312, 10835], device='cuda:0')
2024-06-23 19:30:48,140 - Classification Succeeds.
2024-06-23 19:30:48,140 - Link Generation Fails.
2024-06-23 19:46:36,065 - Victim node is 11604.
2024-06-23 19:46:36,065 - tensor([1524, 9251, 9915], device='cuda:0')
2024-06-23 19:46:36,065 - Classification Succeeds.
2024-06-23 19:46:36,065 - Link Generation Fails.
2024-06-23 20:00:46,428 - Victim node is 3853.
2024-06-23 20:00:46,428 - tensor([ 2028,  2515, 13013], device='cuda:0')
2024-06-23 20:00:46,428 - Classification Succeeds.
2024-06-23 20:00:46,428 - Link Generation Fails.
2024-06-23 20:15:01,184 - Victim node is 8326.
2024-06-23 20:15:01,184 - tensor([  904,  2026, 11759], device='cuda:0')
2024-06-23 20:15:01,184 - Classification Succeeds.
2024-06-23 20:15:01,184 - Link Generation Fails.
2024-06-23 20:30:43,106 - Victim node is 6431.
2024-06-23 20:30:43,106 - tensor([ 8140,  8210, 12888], device='cuda:0')
2024-06-23 20:30:43,106 - Classification Succeeds.
2024-06-23 20:30:43,106 - Link Generation Fails.
2024-06-23 20:45:51,938 - Victim node is 6579.
2024-06-23 20:45:51,938 - tensor([13752, 13753, 13754], device='cuda:0')
2024-06-23 20:45:51,945 - Classification Fails.
2024-06-23 20:45:51,947 - Link Generation Succeeds.
2024-06-23 20:59:51,453 - Victim node is 11810.
2024-06-23 20:59:51,453 - tensor([13752, 13753, 13756], device='cuda:0')
2024-06-23 20:59:51,454 - Classification Fails.
2024-06-23 20:59:51,454 - Link Generation Succeeds.
2024-06-23 21:13:40,226 - Victim node is 11189.
2024-06-23 21:13:40,226 - tensor([13752, 13753, 13754], device='cuda:0')
2024-06-23 21:13:40,226 - Classification Fails.
2024-06-23 21:13:40,226 - Link Generation Succeeds.
2024-06-23 21:27:38,361 - Victim node is 3228.
2024-06-23 21:27:38,361 - tensor([13752, 13753, 13754], device='cuda:0')
2024-06-23 21:27:38,361 - Classification Succeeds.
2024-06-23 21:27:38,361 - Link Generation Succeeds.
2024-06-23 21:41:27,210 - Victim node is 2772.
2024-06-23 21:41:27,210 - tensor([ 1524,  3452, 10610], device='cuda:0')
2024-06-23 21:41:27,211 - Classification Succeeds.
2024-06-23 21:41:27,211 - Link Generation Fails.
2024-06-23 21:55:20,578 - Victim node is 8426.
2024-06-23 21:55:20,578 - tensor([13752, 13753, 13754], device='cuda:0')
2024-06-23 21:55:20,579 - Classification Fails.
2024-06-23 21:55:20,579 - Link Generation Succeeds.
2024-06-23 22:09:28,487 - Victim node is 3621.
2024-06-23 22:09:28,487 - tensor([ 4528, 13753, 13755], device='cuda:0')
2024-06-23 22:09:28,487 - Classification Fails.
2024-06-23 22:09:28,487 - Link Generation Succeeds.
2024-06-23 22:23:24,692 - Victim node is 810.
2024-06-23 22:23:24,692 - tensor([13752, 13753, 13754], device='cuda:0')
2024-06-23 22:23:24,692 - Classification Succeeds.
2024-06-23 22:23:24,692 - Link Generation Succeeds.
2024-06-23 22:37:32,506 - Victim node is 13174.
2024-06-23 22:37:32,506 - tensor([ 872, 7984, 8210], device='cuda:0')
2024-06-23 22:37:32,507 - Classification Succeeds.
2024-06-23 22:37:32,507 - Link Generation Fails.
2024-06-23 22:51:26,379 - Victim node is 6535.
2024-06-23 22:51:26,379 - tensor([13752, 13753, 13754], device='cuda:0')
2024-06-23 22:51:26,380 - Classification Succeeds.
2024-06-23 22:51:26,380 - Link Generation Succeeds.
2024-06-23 23:05:15,934 - Victim node is 4619.
2024-06-23 23:05:15,934 - tensor([ 8140,  8210, 12888], device='cuda:0')
2024-06-23 23:05:15,934 - Classification Fails.
2024-06-23 23:05:15,934 - Link Generation Fails.
2024-06-23 23:19:05,974 - Victim node is 8582.
2024-06-23 23:19:05,974 - tensor([ 2499, 10699, 12320], device='cuda:0')
2024-06-23 23:19:05,980 - Classification Succeeds.
2024-06-23 23:19:05,983 - Link Generation Fails.
2024-06-23 23:35:04,190 - Victim node is 1187.
2024-06-23 23:35:04,191 - tensor([4528, 8140, 8210], device='cuda:0')
2024-06-23 23:35:04,197 - Classification Succeeds.
2024-06-23 23:35:04,200 - Link Generation Fails.
2024-06-23 23:50:10,243 - Victim node is 10515.
2024-06-23 23:50:10,243 - tensor([10835, 10906, 13754], device='cuda:0')
2024-06-23 23:50:10,250 - Classification Succeeds.
2024-06-23 23:50:10,252 - Link Generation Succeeds.
2024-06-24 00:05:20,856 - Victim node is 6746.
2024-06-24 00:05:20,856 - tensor([ 1781,  2499, 11759], device='cuda:0')
2024-06-24 00:05:20,856 - Classification Succeeds.
2024-06-24 00:05:20,856 - Link Generation Fails.
2024-06-24 00:19:31,264 - Victim node is 7800.
2024-06-24 00:19:31,264 - tensor([4528, 7984, 8140], device='cuda:0')
2024-06-24 00:19:31,265 - Classification Succeeds.
2024-06-24 00:19:31,265 - Link Generation Fails.
2024-06-24 00:35:13,409 - Victim node is 12937.
2024-06-24 00:35:13,409 - tensor([13752, 13753, 13754], device='cuda:0')
2024-06-24 00:35:13,410 - Classification Succeeds.
2024-06-24 00:35:13,410 - Link Generation Succeeds.
2024-06-24 00:49:42,633 - Victim node is 10483.
2024-06-24 00:49:42,634 - tensor([1538, 2499, 7918], device='cuda:0')
2024-06-24 00:49:42,634 - Classification Succeeds.
2024-06-24 00:49:42,634 - Link Generation Fails.
2024-06-24 01:05:30,314 - Victim node is 2115.
2024-06-24 01:05:30,314 - tensor([13752, 13754, 13755], device='cuda:0')
2024-06-24 01:05:30,315 - Classification Fails.
2024-06-24 01:05:30,315 - Link Generation Succeeds.
2024-06-24 01:19:54,497 - Victim node is 12890.
2024-06-24 01:19:54,497 - tensor([13752, 13753, 13754], device='cuda:0')
2024-06-24 01:19:54,497 - Classification Fails.
2024-06-24 01:19:54,497 - Link Generation Succeeds.
2024-06-24 01:33:56,183 - Victim node is 12547.
2024-06-24 01:33:56,183 - tensor([ 5105,  7918, 10707], device='cuda:0')
2024-06-24 01:33:56,183 - Classification Succeeds.
2024-06-24 01:33:56,184 - Link Generation Fails.
2024-06-24 01:48:55,312 - Victim node is 9129.
2024-06-24 01:48:55,312 - tensor([1607, 1781, 8435], device='cuda:0')
2024-06-24 01:48:55,318 - Classification Succeeds.
2024-06-24 01:48:55,321 - Link Generation Fails.
2024-06-24 02:03:13,952 - Victim node is 13366.
2024-06-24 02:03:13,952 - tensor([13752, 13753, 13754], device='cuda:0')
2024-06-24 02:03:13,953 - Classification Fails.
2024-06-24 02:03:13,953 - Link Generation Succeeds.
2024-06-24 02:17:39,793 - Victim node is 4184.
2024-06-24 02:17:39,793 - tensor([4528, 8140, 8210], device='cuda:0')
2024-06-24 02:17:39,800 - Classification Succeeds.
2024-06-24 02:17:39,802 - Link Generation Fails.
2024-06-24 02:31:41,270 - Victim node is 13461.
2024-06-24 02:31:41,270 - tensor([2138, 4135, 7984], device='cuda:0')
2024-06-24 02:31:41,270 - Classification Succeeds.
2024-06-24 02:31:41,270 - Link Generation Fails.
2024-06-24 02:45:59,042 - Victim node is 1170.
2024-06-24 02:45:59,042 - tensor([13752, 13753, 13754], device='cuda:0')
2024-06-24 02:45:59,043 - Classification Succeeds.
2024-06-24 02:45:59,043 - Link Generation Succeeds.
2024-06-24 02:59:54,561 - Victim node is 7209.
2024-06-24 02:59:54,561 - tensor([ 904, 1607, 8435], device='cuda:0')
2024-06-24 02:59:54,561 - Classification Fails.
2024-06-24 02:59:54,561 - Link Generation Fails.
2024-06-24 03:15:53,654 - Victim node is 13674.
2024-06-24 03:15:53,655 - tensor([ 4528,  8140, 12888], device='cuda:0')
2024-06-24 03:15:53,655 - Classification Succeeds.
2024-06-24 03:15:53,655 - Link Generation Fails.
2024-06-24 03:30:34,214 - Victim node is 9820.
2024-06-24 03:30:34,214 - tensor([ 8140,  8210, 12888], device='cuda:0')
2024-06-24 03:30:34,214 - Classification Fails.
2024-06-24 03:30:34,215 - Link Generation Fails.
2024-06-24 03:45:35,341 - Victim node is 778.
2024-06-24 03:45:35,341 - tensor([ 1524,  3452, 10610], device='cuda:0')
2024-06-24 03:45:35,341 - Classification Succeeds.
2024-06-24 03:45:35,341 - Link Generation Fails.
2024-06-24 03:59:54,258 - Victim node is 10702.
2024-06-24 03:59:54,259 - tensor([ 8140,  8210, 12888], device='cuda:0')
2024-06-24 03:59:54,265 - Classification Succeeds.
2024-06-24 03:59:54,268 - Link Generation Fails.
2024-06-24 04:14:48,461 - Victim node is 5914.
2024-06-24 04:14:48,461 - tensor([ 872, 4135, 7984], device='cuda:0')
2024-06-24 04:14:48,461 - Classification Succeeds.
2024-06-24 04:14:48,462 - Link Generation Fails.
2024-06-24 04:29:40,107 - Victim node is 7414.
2024-06-24 04:29:40,107 - tensor([ 1524,  9915, 10610], device='cuda:0')
2024-06-24 04:29:40,107 - Classification Succeeds.
2024-06-24 04:29:40,108 - Link Generation Fails.
2024-06-24 04:44:29,702 - Victim node is 4337.
2024-06-24 04:44:29,703 - tensor([13752, 13753, 13754], device='cuda:0')
2024-06-24 04:44:29,703 - Classification Fails.
2024-06-24 04:44:29,703 - Link Generation Succeeds.
2024-06-24 04:59:15,663 - Victim node is 6159.
2024-06-24 04:59:15,663 - tensor([ 2028, 11139, 13013], device='cuda:0')
2024-06-24 04:59:15,663 - Classification Succeeds.
2024-06-24 04:59:15,664 - Link Generation Fails.
2024-06-24 05:14:13,546 - Victim node is 2947.
2024-06-24 05:14:13,547 - tensor([13752, 13753, 13754], device='cuda:0')
2024-06-24 05:14:13,547 - Classification Succeeds.
2024-06-24 05:14:13,547 - Link Generation Succeeds.
2024-06-24 05:29:10,900 - Victim node is 8718.
2024-06-24 05:29:10,901 - tensor([13752, 13753, 13754], device='cuda:0')
2024-06-24 05:29:10,901 - Classification Fails.
2024-06-24 05:29:10,901 - Link Generation Succeeds.
2024-06-24 05:44:15,544 - Victim node is 11192.
2024-06-24 05:44:15,545 - tensor([ 8140,  8210, 12888], device='cuda:0')
2024-06-24 05:44:15,545 - Classification Succeeds.
2024-06-24 05:44:15,545 - Link Generation Fails.
2024-06-24 05:59:03,010 - Victim node is 3911.
2024-06-24 05:59:03,010 - tensor([13752, 13753, 13754], device='cuda:0')
2024-06-24 05:59:03,011 - Classification Fails.
2024-06-24 05:59:03,011 - Link Generation Succeeds.
2024-06-24 06:13:20,312 - Victim node is 9322.
2024-06-24 06:13:20,313 - tensor([  904,  2883, 11759], device='cuda:0')
2024-06-24 06:13:20,313 - Classification Fails.
2024-06-24 06:13:20,313 - Link Generation Fails.
2024-06-24 06:28:16,712 - Victim node is 2637.
2024-06-24 06:28:16,712 - tensor([ 1538,  7918, 10707], device='cuda:0')
2024-06-24 06:28:16,719 - Classification Succeeds.
2024-06-24 06:28:16,721 - Link Generation Fails.
2024-06-24 06:43:20,101 - Victim node is 2442.
2024-06-24 06:43:20,102 - tensor([ 8140,  8210, 12888], device='cuda:0')
2024-06-24 06:43:20,108 - Classification Succeeds.
2024-06-24 06:43:20,111 - Link Generation Fails.
2024-06-24 06:57:40,070 - Victim node is 12712.
2024-06-24 06:57:40,070 - tensor([4528, 7984, 8210], device='cuda:0')
2024-06-24 06:57:40,071 - Classification Succeeds.
2024-06-24 06:57:40,071 - Link Generation Fails.
2024-06-24 07:12:13,880 - Victim node is 8398.
2024-06-24 07:12:13,880 - tensor([13752, 13753, 13754], device='cuda:0')
2024-06-24 07:12:13,887 - Classification Fails.
2024-06-24 07:12:13,889 - Link Generation Succeeds.
2024-06-24 07:26:34,157 - Victim node is 5071.
2024-06-24 07:26:34,157 - tensor([13752, 13753, 13754], device='cuda:0')
2024-06-24 07:26:34,163 - Classification Succeeds.
2024-06-24 07:26:34,166 - Link Generation Succeeds.
2024-06-24 07:41:27,027 - Victim node is 13717.
2024-06-24 07:41:27,027 - tensor([ 8140,  8210, 12888], device='cuda:0')
2024-06-24 07:41:27,034 - Classification Fails.
2024-06-24 07:41:27,036 - Link Generation Fails.
2024-06-24 07:56:17,198 - Victim node is 10908.
2024-06-24 07:56:17,199 - tensor([13753, 13754, 13756], device='cuda:0')
2024-06-24 07:56:17,205 - Classification Fails.
2024-06-24 07:56:17,208 - Link Generation Succeeds.
2024-06-24 08:10:33,016 - Victim node is 11846.
2024-06-24 08:10:33,016 - tensor([2028, 2515, 8488], device='cuda:0')
2024-06-24 08:10:33,023 - Classification Succeeds.
2024-06-24 08:10:33,025 - Link Generation Fails.
2024-06-24 08:25:03,664 - Victim node is 12236.
2024-06-24 08:25:03,664 - tensor([ 4528,  8140, 12888], device='cuda:0')
2024-06-24 08:25:03,671 - Classification Fails.
2024-06-24 08:25:03,673 - Link Generation Fails.
2024-06-24 08:40:11,171 - Victim node is 3073.
2024-06-24 08:40:11,171 - tensor([13752, 13754, 13756], device='cuda:0')
2024-06-24 08:40:11,171 - Classification Fails.
2024-06-24 08:40:11,171 - Link Generation Succeeds.
2024-06-24 08:54:36,148 - Victim node is 8773.
2024-06-24 08:54:36,148 - tensor([1524, 4528, 8210], device='cuda:0')
2024-06-24 08:54:36,155 - Classification Succeeds.
2024-06-24 08:54:36,157 - Link Generation Fails.
2024-06-24 09:09:44,052 - Victim node is 398.
2024-06-24 09:09:44,052 - tensor([ 872, 3452, 7984], device='cuda:0')
2024-06-24 09:09:44,053 - Classification Succeeds.
2024-06-24 09:09:44,053 - Link Generation Fails.
2024-06-24 09:24:38,144 - Victim node is 13537.
2024-06-24 09:24:38,144 - tensor([ 8140,  8210, 12888], device='cuda:0')
2024-06-24 09:24:38,144 - Classification Succeeds.
2024-06-24 09:24:38,144 - Link Generation Fails.
2024-06-24 09:39:33,182 - Victim node is 6660.
2024-06-24 09:39:33,182 - tensor([13752, 13753, 13754], device='cuda:0')
2024-06-24 09:39:33,182 - Classification Fails.
2024-06-24 09:39:33,182 - Link Generation Succeeds.
2024-06-24 09:54:27,221 - Victim node is 4474.
2024-06-24 09:54:27,221 - tensor([1538, 1607, 7918], device='cuda:0')
2024-06-24 09:54:27,224 - Classification Fails.
2024-06-24 09:54:27,224 - Link Generation Fails.
2024-06-24 10:09:22,067 - Victim node is 10327.
2024-06-24 10:09:22,067 - tensor([13752, 13754, 13756], device='cuda:0')
2024-06-24 10:09:22,067 - Classification Succeeds.
2024-06-24 10:09:22,068 - Link Generation Succeeds.
2024-06-24 10:23:23,687 - Victim node is 12435.
2024-06-24 10:23:23,687 - tensor([13752, 13754, 13755], device='cuda:0')
2024-06-24 10:23:23,693 - Classification Succeeds.
2024-06-24 10:23:23,696 - Link Generation Succeeds.
2024-06-24 10:37:38,878 - Victim node is 13260.
2024-06-24 10:37:38,878 - tensor([13752, 13754, 13755], device='cuda:0')
2024-06-24 10:37:38,885 - Classification Fails.
2024-06-24 10:37:38,887 - Link Generation Succeeds.
2024-06-24 10:52:25,418 - Victim node is 9910.
2024-06-24 10:52:25,418 - tensor([ 4528,  8210, 12888], device='cuda:0')
2024-06-24 10:52:25,419 - Classification Succeeds.
2024-06-24 10:52:25,419 - Link Generation Fails.
2024-06-24 11:07:26,509 - Victim node is 8350.
2024-06-24 11:07:26,509 - tensor([ 8140,  9772, 12888], device='cuda:0')
2024-06-24 11:07:26,509 - Classification Succeeds.
2024-06-24 11:07:26,509 - Link Generation Fails.
2024-06-24 11:21:45,475 - Victim node is 6517.
2024-06-24 11:21:45,475 - tensor([ 8140,  8210, 12888], device='cuda:0')
2024-06-24 11:21:45,482 - Classification Succeeds.
2024-06-24 11:21:45,484 - Link Generation Fails.
2024-06-24 11:36:32,922 - Victim node is 12648.
2024-06-24 11:36:32,922 - tensor([4528, 8140, 8210], device='cuda:0')
2024-06-24 11:36:32,922 - Classification Succeeds.
2024-06-24 11:36:32,922 - Link Generation Fails.
2024-06-24 11:50:41,720 - Victim node is 933.
2024-06-24 11:50:41,720 - tensor([ 8140,  8210, 12888], device='cuda:0')
2024-06-24 11:50:41,727 - Classification Succeeds.
2024-06-24 11:50:41,729 - Link Generation Fails.
2024-06-24 12:05:02,634 - Victim node is 8636.
2024-06-24 12:05:02,634 - tensor([13752, 13753, 13754], device='cuda:0')
2024-06-24 12:05:02,634 - Classification Fails.
2024-06-24 12:05:02,634 - Link Generation Succeeds.
2024-06-24 12:19:46,339 - Victim node is 2752.
2024-06-24 12:19:46,339 - tensor([13752, 13753, 13754], device='cuda:0')
2024-06-24 12:19:46,339 - Classification Succeeds.
2024-06-24 12:19:46,339 - Link Generation Succeeds.
2024-06-24 12:33:40,473 - Victim node is 1601.
2024-06-24 12:33:40,473 - tensor([ 8140,  8210, 12888], device='cuda:0')
2024-06-24 12:33:40,480 - Classification Succeeds.
2024-06-24 12:33:40,482 - Link Generation Fails.
2024-06-24 12:47:29,859 - Victim node is 10196.
2024-06-24 12:47:29,859 - tensor([4528, 8140, 8210], device='cuda:0')
2024-06-24 12:47:29,866 - Classification Succeeds.
2024-06-24 12:47:29,869 - Link Generation Fails.
2024-06-24 13:02:19,114 - Victim node is 11598.
2024-06-24 13:02:19,114 - tensor([ 872, 1524, 7984], device='cuda:0')
2024-06-24 13:02:19,121 - Classification Succeeds.
2024-06-24 13:02:19,124 - Link Generation Fails.
2024-06-24 13:16:47,361 - Victim node is 11819.
2024-06-24 13:16:47,361 - tensor([ 1524,  8210, 12888], device='cuda:0')
2024-06-24 13:16:47,361 - Classification Succeeds.
2024-06-24 13:16:47,361 - Link Generation Fails.
2024-06-24 13:30:56,116 - Victim node is 3366.
2024-06-24 13:30:56,116 - tensor([2757, 9251, 9915], device='cuda:0')
2024-06-24 13:30:56,117 - Classification Succeeds.
2024-06-24 13:30:56,117 - Link Generation Fails.
2024-06-24 13:45:46,249 - Victim node is 4386.
2024-06-24 13:45:46,250 - tensor([7984, 8210, 9915], device='cuda:0')
2024-06-24 13:45:46,250 - Classification Fails.
2024-06-24 13:45:46,250 - Link Generation Fails.
2024-06-24 14:00:24,148 - Victim node is 12274.
2024-06-24 14:00:24,149 - tensor([13752, 13753, 13754], device='cuda:0')
2024-06-24 14:00:24,149 - Classification Succeeds.
2024-06-24 14:00:24,149 - Link Generation Succeeds.
2024-06-24 14:16:57,685 - Victim node is 13224.
2024-06-24 14:16:57,685 - tensor([4528, 8140, 9251], device='cuda:0')
2024-06-24 14:16:57,685 - Classification Succeeds.
2024-06-24 14:16:57,685 - Link Generation Fails.
2024-06-24 14:31:46,747 - Victim node is 2176.
2024-06-24 14:31:46,747 - tensor([1524, 4528, 8140], device='cuda:0')
2024-06-24 14:31:46,747 - Classification Succeeds.
2024-06-24 14:31:46,747 - Link Generation Fails.
2024-06-24 14:45:48,718 - Victim node is 10679.
2024-06-24 14:45:48,718 - tensor([ 1524,  2515, 12888], device='cuda:0')
2024-06-24 14:45:48,718 - Classification Succeeds.
2024-06-24 14:45:48,718 - Link Generation Fails.
2024-06-24 14:59:40,844 - Victim node is 10414.
2024-06-24 14:59:40,844 - tensor([13752, 13753, 13755], device='cuda:0')
2024-06-24 14:59:40,851 - Classification Fails.
2024-06-24 14:59:40,853 - Link Generation Succeeds.
2024-06-24 15:14:17,037 - Victim node is 11344.
2024-06-24 15:14:17,037 - tensor([ 8140,  8210, 12888], device='cuda:0')
2024-06-24 15:14:17,044 - Classification Succeeds.
2024-06-24 15:14:17,046 - Link Generation Fails.
2024-06-24 15:28:57,320 - Victim node is 8522.
2024-06-24 15:28:57,320 - tensor([1607, 7918, 8435], device='cuda:0')
2024-06-24 15:28:57,320 - Classification Succeeds.
2024-06-24 15:28:57,320 - Link Generation Fails.
2024-06-24 15:43:37,176 - Victim node is 8243.
2024-06-24 15:43:37,176 - tensor([13752, 13753, 13754], device='cuda:0')
2024-06-24 15:43:37,183 - Classification Fails.
2024-06-24 15:43:37,185 - Link Generation Succeeds.
2024-06-24 15:58:20,188 - Victim node is 1856.
2024-06-24 15:58:20,188 - tensor([ 8140,  8210, 12888], device='cuda:0')
2024-06-24 15:58:20,195 - Classification Succeeds.
2024-06-24 15:58:20,198 - Link Generation Fails.
2024-06-24 16:13:03,556 - Victim node is 5778.
2024-06-24 16:13:03,556 - tensor([ 1524, 10610, 12888], device='cuda:0')
2024-06-24 16:13:03,557 - Classification Succeeds.
2024-06-24 16:13:03,557 - Link Generation Fails.
2024-06-24 16:27:44,399 - Victim node is 9592.
2024-06-24 16:27:44,399 - tensor([13752, 13753, 13754], device='cuda:0')
2024-06-24 16:27:44,406 - Classification Succeeds.
2024-06-24 16:27:44,408 - Link Generation Succeeds.
2024-06-24 16:42:30,415 - Victim node is 13733.
2024-06-24 16:42:30,415 - tensor([13754, 13755, 13756], device='cuda:0')
2024-06-24 16:42:30,415 - Classification Fails.
2024-06-24 16:42:30,415 - Link Generation Succeeds.
2024-06-24 16:57:13,784 - Victim node is 4773.
2024-06-24 16:57:13,784 - tensor([ 1524,  8210, 12888], device='cuda:0')
2024-06-24 16:57:13,785 - Classification Succeeds.
2024-06-24 16:57:13,785 - Link Generation Fails.
2024-06-24 17:11:50,278 - Victim node is 3031.
2024-06-24 17:11:50,278 - tensor([ 8140,  8210, 12888], device='cuda:0')
2024-06-24 17:11:50,285 - Classification Succeeds.
2024-06-24 17:11:50,287 - Link Generation Fails.
2024-06-24 17:26:36,900 - Victim node is 1110.
2024-06-24 17:26:36,900 - tensor([13752, 13753, 13754], device='cuda:0')
2024-06-24 17:26:36,900 - Classification Fails.
2024-06-24 17:26:36,900 - Link Generation Succeeds.
2024-06-24 17:41:27,604 - Victim node is 9741.
2024-06-24 17:41:27,604 - tensor([ 8140,  8210, 12888], device='cuda:0')
2024-06-24 17:41:27,605 - Classification Fails.
2024-06-24 17:41:27,605 - Link Generation Fails.
2024-06-24 17:55:22,127 - Victim node is 4579.
2024-06-24 17:55:22,127 - tensor([13752, 13753, 13754], device='cuda:0')
2024-06-24 17:55:22,134 - Classification Succeeds.
2024-06-24 17:55:22,136 - Link Generation Succeeds.
2024-06-24 18:09:17,980 - Victim node is 8433.
2024-06-24 18:09:17,981 - tensor([13752, 13753, 13754], device='cuda:0')
2024-06-24 18:09:17,981 - Classification Fails.
2024-06-24 18:09:17,983 - Link Generation Succeeds.
2024-06-24 18:24:10,126 - Victim node is 11087.
2024-06-24 18:24:10,126 - tensor([ 1524,  4528, 12888], device='cuda:0')
2024-06-24 18:24:10,126 - Classification Succeeds.
2024-06-24 18:24:10,126 - Link Generation Fails.
2024-06-24 18:39:07,505 - Victim node is 1143.
2024-06-24 18:39:07,505 - tensor([ 904, 8432, 9322], device='cuda:0')
2024-06-24 18:39:07,505 - Classification Succeeds.
2024-06-24 18:39:07,505 - Link Generation Fails.
2024-06-24 18:53:28,880 - Victim node is 5719.
2024-06-24 18:53:28,880 - tensor([ 872, 4135, 7984], device='cuda:0')
2024-06-24 18:53:28,887 - Classification Succeeds.
2024-06-24 18:53:28,889 - Link Generation Fails.
2024-06-24 19:08:27,875 - Victim node is 6929.
2024-06-24 19:08:27,876 - tensor([13752, 13753, 13756], device='cuda:0')
2024-06-24 19:08:27,882 - Classification Fails.
2024-06-24 19:08:27,885 - Link Generation Succeeds.
2024-06-24 19:24:09,805 - Victim node is 947.
2024-06-24 19:24:09,805 - tensor([ 872, 7984, 8210], device='cuda:0')
2024-06-24 19:24:09,805 - Classification Fails.
2024-06-24 19:24:09,805 - Link Generation Fails.
2024-06-24 19:38:30,974 - Victim node is 9743.
2024-06-24 19:38:30,975 - tensor([ 1524,  8210, 12888], device='cuda:0')
2024-06-24 19:38:30,975 - Classification Succeeds.
2024-06-24 19:38:30,975 - Link Generation Fails.
2024-06-24 19:53:42,482 - Victim node is 5008.
2024-06-24 19:53:42,482 - tensor([ 4528,  8210, 12888], device='cuda:0')
2024-06-24 19:53:42,482 - Classification Succeeds.
2024-06-24 19:53:42,483 - Link Generation Fails.
2024-06-24 20:08:02,722 - Victim node is 5976.
2024-06-24 20:08:02,722 - tensor([ 3240,  7918, 10707], device='cuda:0')
2024-06-24 20:08:02,729 - Classification Succeeds.
2024-06-24 20:08:02,732 - Link Generation Fails.
2024-06-24 20:22:24,808 - Victim node is 11925.
2024-06-24 20:22:24,808 - tensor([4528, 7984, 8140], device='cuda:0')
2024-06-24 20:22:24,815 - Classification Succeeds.
2024-06-24 20:22:24,818 - Link Generation Fails.
2024-06-24 20:37:13,712 - Victim node is 1712.
2024-06-24 20:37:13,712 - tensor([1524, 4528, 7984], device='cuda:0')
2024-06-24 20:37:13,713 - Classification Succeeds.
2024-06-24 20:37:13,713 - Link Generation Fails.
2024-06-24 20:51:56,928 - Victim node is 6861.
2024-06-24 20:51:56,928 - tensor([1524, 4528, 9251], device='cuda:0')
2024-06-24 20:51:56,935 - Classification Fails.
2024-06-24 20:51:56,937 - Link Generation Fails.
2024-06-24 21:06:10,211 - Victim node is 8633.
2024-06-24 21:06:10,211 - tensor([13752, 13753, 13754], device='cuda:0')
2024-06-24 21:06:10,211 - Classification Succeeds.
2024-06-24 21:06:10,212 - Link Generation Succeeds.
2024-06-24 21:20:52,125 - Victim node is 11081.
2024-06-24 21:20:52,125 - tensor([13754, 13755, 13756], device='cuda:0')
2024-06-24 21:20:52,125 - Classification Fails.
2024-06-24 21:20:52,125 - Link Generation Succeeds.
2024-06-24 21:35:22,278 - Victim node is 7121.
2024-06-24 21:35:22,278 - tensor([13752, 13753, 13754], device='cuda:0')
2024-06-24 21:35:22,285 - Classification Succeeds.
2024-06-24 21:35:22,288 - Link Generation Succeeds.
2024-06-24 21:50:16,964 - Victim node is 10700.
2024-06-24 21:50:16,964 - tensor([13752, 13753, 13754], device='cuda:0')
2024-06-24 21:50:16,964 - Classification Fails.
2024-06-24 21:50:16,964 - Link Generation Succeeds.
2024-06-24 22:05:08,697 - Victim node is 4608.
2024-06-24 22:05:08,697 - tensor([ 8140,  8210, 12888], device='cuda:0')
2024-06-24 22:05:08,698 - Classification Succeeds.
2024-06-24 22:05:08,698 - Link Generation Fails.
2024-06-24 22:20:03,392 - Victim node is 4108.
2024-06-24 22:20:03,392 - tensor([ 872, 7984, 8140], device='cuda:0')
2024-06-24 22:20:03,392 - Classification Succeeds.
2024-06-24 22:20:03,393 - Link Generation Fails.
2024-06-24 22:36:22,149 - Victim node is 5107.
2024-06-24 22:36:22,149 - tensor([1607, 3240, 7918], device='cuda:0')
2024-06-24 22:36:22,150 - Classification Succeeds.
2024-06-24 22:36:22,150 - Link Generation Fails.
2024-06-24 22:51:14,138 - Victim node is 8242.
2024-06-24 22:51:14,139 - tensor([13752, 13753, 13754], device='cuda:0')
2024-06-24 22:51:14,139 - Classification Fails.
2024-06-24 22:51:14,139 - Link Generation Succeeds.
2024-06-24 23:05:26,410 - Victim node is 7761.
2024-06-24 23:05:26,410 - tensor([ 904, 4862, 9772], device='cuda:0')
2024-06-24 23:05:26,417 - Classification Succeeds.
2024-06-24 23:05:26,419 - Link Generation Fails.
2024-06-24 23:20:03,416 - Victim node is 1191.
2024-06-24 23:20:03,416 - tensor([13752, 13753, 13754], device='cuda:0')
2024-06-24 23:20:03,423 - Classification Fails.
2024-06-24 23:20:03,426 - Link Generation Succeeds.
2024-06-24 23:34:14,026 - Victim node is 13451.
2024-06-24 23:34:14,026 - tensor([13753, 13754, 13755], device='cuda:0')
2024-06-24 23:34:14,033 - Classification Fails.
2024-06-24 23:34:14,035 - Link Generation Succeeds.
2024-06-24 23:48:21,716 - Victim node is 11780.
2024-06-24 23:48:21,716 - tensor([4528, 7984, 8140], device='cuda:0')
2024-06-24 23:48:21,717 - Classification Succeeds.
2024-06-24 23:48:21,717 - Link Generation Fails.
2024-06-25 00:04:56,491 - Victim node is 7115.
2024-06-25 00:04:56,491 - tensor([  872,  3452, 10610], device='cuda:0')
2024-06-25 00:04:56,491 - Classification Succeeds.
2024-06-25 00:04:56,492 - Link Generation Fails.
2024-06-25 00:21:11,126 - Victim node is 527.
2024-06-25 00:21:11,126 - tensor([1538, 2499, 7918], device='cuda:0')
2024-06-25 00:21:11,126 - Classification Succeeds.
2024-06-25 00:21:11,126 - Link Generation Fails.
2024-06-25 00:37:23,011 - Victim node is 11552.
2024-06-25 00:37:23,011 - tensor([ 9251,  9915, 12475], device='cuda:0')
2024-06-25 00:37:23,011 - Classification Succeeds.
2024-06-25 00:37:23,011 - Link Generation Fails.
2024-06-25 00:52:38,509 - Victim node is 12562.
2024-06-25 00:52:38,509 - tensor([13752, 13753, 13754], device='cuda:0')
2024-06-25 00:52:38,509 - Classification Fails.
2024-06-25 00:52:38,509 - Link Generation Succeeds.
2024-06-25 01:07:34,466 - Victim node is 11209.
2024-06-25 01:07:34,467 - tensor([ 8210, 12888, 13755], device='cuda:0')
2024-06-25 01:07:34,467 - Classification Fails.
2024-06-25 01:07:34,467 - Link Generation Succeeds.
2024-06-25 01:22:35,761 - Victim node is 831.
2024-06-25 01:22:35,761 - tensor([ 8140,  8210, 12888], device='cuda:0')
2024-06-25 01:22:35,764 - Classification Fails.
2024-06-25 01:22:35,766 - Link Generation Fails.
2024-06-25 01:37:48,091 - Victim node is 6350.
2024-06-25 01:37:48,091 - tensor([13752, 13753, 13754], device='cuda:0')
2024-06-25 01:37:48,091 - Classification Succeeds.
2024-06-25 01:37:48,091 - Link Generation Succeeds.
2024-06-25 01:53:02,108 - Victim node is 9181.
2024-06-25 01:53:02,108 - tensor([13754, 13755, 13756], device='cuda:0')
2024-06-25 01:53:02,108 - Classification Succeeds.
2024-06-25 01:53:02,108 - Link Generation Succeeds.
2024-06-25 02:07:15,551 - Victim node is 10947.
2024-06-25 02:07:15,551 - tensor([13752, 13753, 13754], device='cuda:0')
2024-06-25 02:07:15,558 - Classification Succeeds.
2024-06-25 02:07:15,558 - Link Generation Succeeds.
2024-06-25 02:21:28,095 - Victim node is 11791.
2024-06-25 02:21:28,095 - tensor([ 4312,  9711, 10906], device='cuda:0')
2024-06-25 02:21:28,095 - Classification Succeeds.
2024-06-25 02:21:28,095 - Link Generation Fails.
2024-06-25 02:36:00,057 - Victim node is 11254.
2024-06-25 02:36:00,058 - tensor([1524, 4135, 9251], device='cuda:0')
2024-06-25 02:36:00,058 - Classification Succeeds.
2024-06-25 02:36:00,058 - Link Generation Fails.
2024-06-25 02:50:39,934 - Victim node is 7827.
2024-06-25 02:50:39,934 - tensor([13752, 13753, 13754], device='cuda:0')
2024-06-25 02:50:39,941 - Classification Succeeds.
2024-06-25 02:50:39,944 - Link Generation Succeeds.
2024-06-25 03:07:05,588 - Victim node is 11584.
2024-06-25 03:07:05,589 - tensor([13752, 13753, 13754], device='cuda:0')
2024-06-25 03:07:05,589 - Classification Fails.
2024-06-25 03:07:05,589 - Link Generation Succeeds.
2024-06-25 03:21:06,484 - Victim node is 7076.
2024-06-25 03:21:06,484 - tensor([13752, 13753, 13754], device='cuda:0')
2024-06-25 03:21:06,490 - Classification Fails.
2024-06-25 03:21:06,493 - Link Generation Succeeds.
2024-06-25 03:35:42,123 - Victim node is 5612.
2024-06-25 03:35:42,123 - tensor([13752, 13754, 13756], device='cuda:0')
2024-06-25 03:35:42,130 - Classification Fails.
2024-06-25 03:35:42,132 - Link Generation Succeeds.
2024-06-25 03:50:06,529 - Victim node is 1666.
2024-06-25 03:50:06,530 - tensor([ 8140,  8210, 12888], device='cuda:0')
2024-06-25 03:50:06,530 - Classification Fails.
2024-06-25 03:50:06,530 - Link Generation Fails.
2024-06-25 04:04:42,147 - Victim node is 3459.
2024-06-25 04:04:42,147 - tensor([ 2883, 11241, 11440], device='cuda:0')
2024-06-25 04:04:42,154 - Classification Succeeds.
2024-06-25 04:04:42,156 - Link Generation Fails.
2024-06-25 04:19:17,652 - Victim node is 8462.
2024-06-25 04:19:17,652 - tensor([ 1524, 12888, 13756], device='cuda:0')
2024-06-25 04:19:17,659 - Classification Succeeds.
2024-06-25 04:19:17,661 - Link Generation Succeeds.
2024-06-25 04:33:31,611 - Victim node is 4271.
2024-06-25 04:33:31,611 - tensor([13752, 13753, 13754], device='cuda:0')
2024-06-25 04:33:31,618 - Classification Fails.
2024-06-25 04:33:31,620 - Link Generation Succeeds.
2024-06-25 04:48:09,356 - Victim node is 13631.
2024-06-25 04:48:09,356 - tensor([ 872, 7984, 9915], device='cuda:0')
2024-06-25 04:48:09,357 - Classification Succeeds.
2024-06-25 04:48:09,357 - Link Generation Fails.
2024-06-25 05:03:11,865 - Victim node is 8022.
2024-06-25 05:03:11,865 - tensor([1538, 3240, 7918], device='cuda:0')
2024-06-25 05:03:11,865 - Classification Succeeds.
2024-06-25 05:03:11,865 - Link Generation Fails.
2024-06-25 05:17:45,613 - Victim node is 11310.
2024-06-25 05:17:45,613 - tensor([13752, 13753, 13755], device='cuda:0')
2024-06-25 05:17:45,613 - Classification Fails.
2024-06-25 05:17:45,613 - Link Generation Succeeds.
2024-06-25 05:32:20,418 - Victim node is 9003.
2024-06-25 05:32:20,418 - tensor([7984, 8140, 8210], device='cuda:0')
2024-06-25 05:32:20,425 - Classification Succeeds.
2024-06-25 05:32:20,427 - Link Generation Fails.
2024-06-25 05:47:17,841 - Victim node is 10228.
2024-06-25 05:47:17,841 - tensor([ 8140, 13752, 13755], device='cuda:0')
2024-06-25 05:47:17,848 - Classification Succeeds.
2024-06-25 05:47:17,850 - Link Generation Succeeds.
2024-06-25 06:02:24,274 - Victim node is 4634.
2024-06-25 06:02:24,274 - tensor([ 8140,  8210, 12888], device='cuda:0')
2024-06-25 06:02:24,274 - Classification Succeeds.
2024-06-25 06:02:24,274 - Link Generation Fails.
2024-06-25 06:16:37,806 - Victim node is 13614.
2024-06-25 06:16:37,806 - tensor([ 8140,  8210, 12888], device='cuda:0')
2024-06-25 06:16:37,806 - Classification Succeeds.
2024-06-25 06:16:37,806 - Link Generation Fails.
2024-06-25 06:31:33,366 - Victim node is 10338.
2024-06-25 06:31:33,366 - tensor([13752, 13753, 13754], device='cuda:0')
2024-06-25 06:31:33,367 - Classification Succeeds.
2024-06-25 06:31:33,367 - Link Generation Succeeds.
2024-06-25 06:45:39,045 - Victim node is 8623.
2024-06-25 06:45:39,045 - tensor([  904,  1538, 11759], device='cuda:0')
2024-06-25 06:45:39,050 - Classification Succeeds.
2024-06-25 06:45:39,053 - Link Generation Fails.
2024-06-25 07:00:16,032 - Victim node is 6950.
2024-06-25 07:00:16,032 - tensor([4528, 8140, 8210], device='cuda:0')
2024-06-25 07:00:16,039 - Classification Succeeds.
2024-06-25 07:00:16,041 - Link Generation Fails.
2024-06-25 07:15:13,065 - Victim node is 4209.
2024-06-25 07:15:13,066 - tensor([13752, 13753, 13754], device='cuda:0')
2024-06-25 07:15:13,070 - Classification Fails.
2024-06-25 07:15:13,073 - Link Generation Succeeds.
2024-06-25 07:30:18,116 - Victim node is 13144.
2024-06-25 07:30:18,116 - tensor([13752, 13753, 13754], device='cuda:0')
2024-06-25 07:30:18,117 - Classification Fails.
2024-06-25 07:30:18,117 - Link Generation Succeeds.
2024-06-25 07:45:15,613 - Victim node is 10463.
2024-06-25 07:45:15,613 - tensor([12888, 13753, 13756], device='cuda:0')
2024-06-25 07:45:15,613 - Classification Fails.
2024-06-25 07:45:15,613 - Link Generation Succeeds.
2024-06-25 08:00:10,877 - Victim node is 4435.
2024-06-25 08:00:10,877 - tensor([1524, 4135, 9915], device='cuda:0')
2024-06-25 08:00:10,877 - Classification Succeeds.
2024-06-25 08:00:10,878 - Link Generation Fails.
2024-06-25 08:15:29,016 - Victim node is 10003.
2024-06-25 08:15:29,016 - tensor([1524, 7984, 8210], device='cuda:0')
2024-06-25 08:15:29,017 - Classification Succeeds.
2024-06-25 08:15:29,017 - Link Generation Fails.
2024-06-25 08:30:21,223 - Victim node is 3934.
2024-06-25 08:30:21,223 - tensor([13752, 13753, 13754], device='cuda:0')
2024-06-25 08:30:21,226 - Classification Fails.
2024-06-25 08:30:21,228 - Link Generation Succeeds.
2024-06-25 08:45:19,122 - Victim node is 13545.
2024-06-25 08:45:19,122 - tensor([ 3443,  9711, 10906], device='cuda:0')
2024-06-25 08:45:19,122 - Classification Succeeds.
2024-06-25 08:45:19,122 - Link Generation Fails.
2024-06-25 08:59:10,827 - Victim node is 11.
2024-06-25 08:59:10,827 - tensor([ 872, 1524, 4528], device='cuda:0')
2024-06-25 08:59:10,834 - Classification Succeeds.
2024-06-25 08:59:10,836 - Link Generation Fails.
2024-06-25 09:14:26,546 - Victim node is 6257.
2024-06-25 09:14:26,546 - tensor([ 1524,  3452, 10610], device='cuda:0')
2024-06-25 09:14:26,547 - Classification Succeeds.
2024-06-25 09:14:26,547 - Link Generation Fails.
2024-06-25 09:28:32,788 - Victim node is 9716.
2024-06-25 09:28:32,788 - tensor([13752, 13753, 13754], device='cuda:0')
2024-06-25 09:28:32,789 - Classification Succeeds.
2024-06-25 09:28:32,789 - Link Generation Succeeds.
2024-06-25 09:42:58,019 - Victim node is 5191.
2024-06-25 09:42:58,019 - tensor([13753, 13755, 13756], device='cuda:0')
2024-06-25 09:42:58,019 - Classification Fails.
2024-06-25 09:42:58,019 - Link Generation Succeeds.
2024-06-25 09:57:35,532 - Victim node is 6503.
2024-06-25 09:57:35,532 - tensor([  904,  1781, 11759], device='cuda:0')
2024-06-25 09:57:35,532 - Classification Succeeds.
2024-06-25 09:57:35,533 - Link Generation Fails.
2024-06-25 10:11:55,528 - Victim node is 12210.
2024-06-25 10:11:55,528 - tensor([ 904, 1607, 2026], device='cuda:0')
2024-06-25 10:11:55,529 - Classification Succeeds.
2024-06-25 10:11:55,529 - Link Generation Fails.
2024-06-25 10:26:31,461 - Victim node is 8499.
2024-06-25 10:26:31,461 - tensor([13752, 13753, 13754], device='cuda:0')
2024-06-25 10:26:31,468 - Classification Fails.
2024-06-25 10:26:31,470 - Link Generation Succeeds.
2024-06-25 10:42:52,970 - Victim node is 1282.
2024-06-25 10:42:52,970 - tensor([13752, 13753, 13754], device='cuda:0')
2024-06-25 10:42:52,971 - Classification Fails.
2024-06-25 10:42:52,971 - Link Generation Succeeds.
2024-06-25 10:56:46,706 - Victim node is 739.
2024-06-25 10:56:46,706 - tensor([ 1524,  8210, 12888], device='cuda:0')
2024-06-25 10:56:46,713 - Classification Succeeds.
2024-06-25 10:56:46,715 - Link Generation Fails.
2024-06-25 11:11:20,418 - Victim node is 9909.
2024-06-25 11:11:20,418 - tensor([ 872, 1524, 3452], device='cuda:0')
2024-06-25 11:11:20,425 - Classification Succeeds.
2024-06-25 11:11:20,427 - Link Generation Fails.
2024-06-25 11:25:25,279 - Victim node is 6274.
2024-06-25 11:25:25,280 - tensor([ 3240,  7918, 11961], device='cuda:0')
2024-06-25 11:25:25,280 - Classification Fails.
2024-06-25 11:25:25,280 - Link Generation Fails.
2024-06-25 11:39:17,170 - Victim node is 193.
2024-06-25 11:39:17,170 - tensor([1524, 4528, 8210], device='cuda:0')
2024-06-25 11:39:17,170 - Classification Fails.
2024-06-25 11:39:17,170 - Link Generation Fails.
2024-06-25 11:53:57,477 - Victim node is 1641.
2024-06-25 11:53:57,477 - tensor([ 2499,  7918, 11961], device='cuda:0')
2024-06-25 11:53:57,484 - Classification Succeeds.
2024-06-25 11:53:57,486 - Link Generation Fails.
2024-06-25 12:10:00,044 - Victim node is 4431.
2024-06-25 12:10:00,044 - tensor([ 8140,  8210, 12888], device='cuda:0')
2024-06-25 12:10:00,045 - Classification Succeeds.
2024-06-25 12:10:00,045 - Link Generation Fails.
2024-06-25 12:24:30,209 - Victim node is 5195.
2024-06-25 12:24:30,209 - tensor([1607, 7918, 8435], device='cuda:0')
2024-06-25 12:24:30,216 - Classification Succeeds.
2024-06-25 12:24:30,218 - Link Generation Fails.
2024-06-25 12:38:25,750 - Victim node is 7623.
2024-06-25 12:38:25,750 - tensor([3452, 4528, 8140], device='cuda:0')
2024-06-25 12:38:25,757 - Classification Succeeds.
2024-06-25 12:38:25,759 - Link Generation Fails.
2024-06-25 12:52:23,414 - Victim node is 10318.
2024-06-25 12:52:23,414 - tensor([ 8140,  8210, 12888], device='cuda:0')
2024-06-25 12:52:23,415 - Classification Succeeds.
2024-06-25 12:52:23,415 - Link Generation Fails.
2024-06-25 13:06:22,371 - Victim node is 12181.
2024-06-25 13:06:22,372 - tensor([ 1524,  8210, 12888], device='cuda:0')
2024-06-25 13:06:22,378 - Classification Succeeds.
2024-06-25 13:06:22,381 - Link Generation Fails.
2024-06-25 13:22:28,613 - Victim node is 7713.
2024-06-25 13:22:28,614 - tensor([4135, 7984, 9915], device='cuda:0')
2024-06-25 13:22:28,614 - Classification Succeeds.
2024-06-25 13:22:28,614 - Link Generation Fails.
2024-06-25 13:37:37,792 - Victim node is 2315.
2024-06-25 13:37:37,792 - tensor([13752, 13754, 13755], device='cuda:0')
2024-06-25 13:37:37,792 - Classification Fails.
2024-06-25 13:37:37,792 - Link Generation Succeeds.
2024-06-25 13:52:39,512 - Victim node is 3021.
2024-06-25 13:52:39,513 - tensor([13752, 13753, 13756], device='cuda:0')
2024-06-25 13:52:39,513 - Classification Fails.
2024-06-25 13:52:39,513 - Link Generation Succeeds.
2024-06-25 14:07:10,604 - Victim node is 12296.
2024-06-25 14:07:10,604 - tensor([13752, 13753, 13754], device='cuda:0')
2024-06-25 14:07:10,605 - Classification Fails.
2024-06-25 14:07:10,605 - Link Generation Succeeds.
2024-06-25 14:21:03,034 - Victim node is 5270.
2024-06-25 14:21:03,034 - tensor([ 872, 4135, 7984], device='cuda:0')
2024-06-25 14:21:03,035 - Classification Fails.
2024-06-25 14:21:03,035 - Link Generation Fails.
2024-06-25 14:36:04,455 - Victim node is 10312.
2024-06-25 14:36:04,455 - tensor([ 8140,  8210, 12888], device='cuda:0')
2024-06-25 14:36:04,455 - Classification Succeeds.
2024-06-25 14:36:04,455 - Link Generation Fails.
2024-06-25 14:52:15,076 - Victim node is 849.
2024-06-25 14:52:15,076 - tensor([ 8140,  8210, 12888], device='cuda:0')
2024-06-25 14:52:15,077 - Classification Succeeds.
2024-06-25 14:52:15,077 - Link Generation Fails.
2024-06-25 15:06:10,655 - Victim node is 8117.
2024-06-25 15:06:10,655 - tensor([ 904, 4316, 9772], device='cuda:0')
2024-06-25 15:06:10,655 - Classification Fails.
2024-06-25 15:06:10,655 - Link Generation Fails.
2024-06-25 15:21:06,147 - Victim node is 8530.
2024-06-25 15:21:06,147 - tensor([ 1781,  9322, 11440], device='cuda:0')
2024-06-25 15:21:06,147 - Classification Succeeds.
2024-06-25 15:21:06,147 - Link Generation Fails.
2024-06-25 15:35:09,665 - Victim node is 1367.
2024-06-25 15:35:09,665 - tensor([13752, 13753, 13754], device='cuda:0')
2024-06-25 15:35:09,665 - Classification Fails.
2024-06-25 15:35:09,665 - Link Generation Succeeds.
2024-06-25 15:49:42,321 - Victim node is 1600.
2024-06-25 15:49:42,321 - tensor([ 8140,  8210, 12888], device='cuda:0')
2024-06-25 15:49:42,328 - Classification Succeeds.
2024-06-25 15:49:42,330 - Link Generation Fails.
2024-06-25 16:03:45,008 - Victim node is 10972.
2024-06-25 16:03:45,008 - tensor([ 8140,  8210, 12888], device='cuda:0')
2024-06-25 16:03:45,009 - Classification Succeeds.
2024-06-25 16:03:45,009 - Link Generation Fails.
2024-06-25 16:17:51,961 - Victim node is 3469.
2024-06-25 16:17:51,961 - tensor([ 8140,  8210, 12888], device='cuda:0')
2024-06-25 16:17:51,968 - Classification Succeeds.
2024-06-25 16:17:51,970 - Link Generation Fails.
2024-06-25 16:32:16,177 - Victim node is 3121.
2024-06-25 16:32:16,177 - tensor([13752, 13753, 13754], device='cuda:0')
2024-06-25 16:32:16,184 - Classification Fails.
2024-06-25 16:32:16,186 - Link Generation Succeeds.
2024-06-25 16:46:41,281 - Victim node is 8595.
2024-06-25 16:46:41,282 - tensor([1538, 2499, 7918], device='cuda:0')
2024-06-25 16:46:41,288 - Classification Fails.
2024-06-25 16:46:41,291 - Link Generation Fails.
2024-06-25 17:03:05,583 - Victim node is 12692.
2024-06-25 17:03:05,584 - tensor([1524, 7984, 8210], device='cuda:0')
2024-06-25 17:03:05,584 - Classification Succeeds.
2024-06-25 17:03:05,584 - Link Generation Fails.
2024-06-25 17:17:00,485 - Victim node is 9506.
2024-06-25 17:17:00,485 - tensor([ 1524,  4932, 10610], device='cuda:0')
2024-06-25 17:17:00,485 - Classification Succeeds.
2024-06-25 17:17:00,485 - Link Generation Fails.
2024-06-25 17:31:56,918 - Victim node is 2850.
2024-06-25 17:31:56,918 - tensor([  904,  8210, 12888], device='cuda:0')
2024-06-25 17:31:56,918 - Classification Succeeds.
2024-06-25 17:31:56,919 - Link Generation Fails.
2024-06-25 17:46:01,248 - Victim node is 7823.
2024-06-25 17:46:01,248 - tensor([ 3452,  8210, 12888], device='cuda:0')
2024-06-25 17:46:01,249 - Classification Succeeds.
2024-06-25 17:46:01,249 - Link Generation Fails.
2024-06-25 18:01:26,245 - Victim node is 3999.
2024-06-25 18:01:26,245 - tensor([ 8140,  8210, 12888], device='cuda:0')
2024-06-25 18:01:26,246 - Classification Succeeds.
2024-06-25 18:01:26,246 - Link Generation Fails.
2024-06-25 18:15:52,344 - Victim node is 2303.
2024-06-25 18:15:52,344 - tensor([13752, 13753, 13754], device='cuda:0')
2024-06-25 18:15:52,351 - Classification Fails.
2024-06-25 18:15:52,354 - Link Generation Succeeds.
2024-06-25 18:32:42,695 - Victim node is 10102.
2024-06-25 18:32:42,695 - tensor([ 904, 7742, 9772], device='cuda:0')
2024-06-25 18:32:42,695 - Classification Fails.
2024-06-25 18:32:42,695 - Link Generation Fails.
2024-06-25 18:47:13,212 - Victim node is 2037.
2024-06-25 18:47:13,212 - tensor([13752, 13753, 13754], device='cuda:0')
2024-06-25 18:47:13,213 - Classification Fails.
2024-06-25 18:47:13,213 - Link Generation Succeeds.
2024-06-25 19:01:25,051 - Victim node is 9336.
2024-06-25 19:01:25,052 - tensor([ 4316, 10891, 11759], device='cuda:0')
2024-06-25 19:01:25,058 - Classification Succeeds.
2024-06-25 19:01:25,061 - Link Generation Fails.
2024-06-25 19:15:49,000 - Victim node is 1849.
2024-06-25 19:15:49,000 - tensor([ 4528,  8210, 12888], device='cuda:0')
2024-06-25 19:15:49,000 - Classification Succeeds.
2024-06-25 19:15:49,000 - Link Generation Fails.
2024-06-25 19:29:47,225 - Victim node is 9819.
2024-06-25 19:29:47,225 - tensor([ 8140,  8210, 12888], device='cuda:0')
2024-06-25 19:29:47,225 - Classification Fails.
2024-06-25 19:29:47,225 - Link Generation Fails.
2024-06-25 19:44:09,309 - Victim node is 9358.
2024-06-25 19:44:09,309 - tensor([ 1524,  8210, 12888], device='cuda:0')
2024-06-25 19:44:09,309 - Classification Succeeds.
2024-06-25 19:44:09,309 - Link Generation Fails.
2024-06-25 19:58:27,537 - Victim node is 5302.
2024-06-25 19:58:27,537 - tensor([13752, 13753, 13754], device='cuda:0')
2024-06-25 19:58:27,537 - Classification Fails.
2024-06-25 19:58:27,537 - Link Generation Succeeds.
2024-06-25 20:13:26,398 - Victim node is 13726.
2024-06-25 20:13:26,398 - tensor([ 8140,  8210, 12888], device='cuda:0')
2024-06-25 20:13:26,399 - Classification Fails.
2024-06-25 20:13:26,399 - Link Generation Fails.
2024-06-25 20:27:32,258 - Victim node is 4072.
2024-06-25 20:27:32,258 - tensor([4135, 4528, 7984], device='cuda:0')
2024-06-25 20:27:32,258 - Classification Succeeds.
2024-06-25 20:27:32,258 - Link Generation Fails.
2024-06-25 20:41:52,670 - Victim node is 2981.
2024-06-25 20:41:52,671 - tensor([13752, 13753, 13754], device='cuda:0')
2024-06-25 20:41:52,671 - Classification Fails.
2024-06-25 20:41:52,671 - Link Generation Succeeds.
2024-06-25 20:56:18,939 - Victim node is 1324.
2024-06-25 20:56:18,939 - tensor([13752, 13753, 13754], device='cuda:0')
2024-06-25 20:56:18,946 - Classification Succeeds.
2024-06-25 20:56:18,948 - Link Generation Succeeds.
2024-06-25 21:10:19,321 - Victim node is 1372.
2024-06-25 21:10:19,321 - tensor([ 4528,  8210, 12888], device='cuda:0')
2024-06-25 21:10:19,326 - Classification Succeeds.
2024-06-25 21:10:19,326 - Link Generation Fails.
2024-06-25 21:25:15,605 - Victim node is 990.
2024-06-25 21:25:15,605 - tensor([ 8140,  8210, 12888], device='cuda:0')
2024-06-25 21:25:15,612 - Classification Succeeds.
2024-06-25 21:25:15,614 - Link Generation Fails.
2024-06-25 21:41:29,623 - Victim node is 8645.
2024-06-25 21:41:29,623 - tensor([ 1607,  7918, 11759], device='cuda:0')
2024-06-25 21:41:29,624 - Classification Succeeds.
2024-06-25 21:41:29,624 - Link Generation Fails.
2024-06-25 21:55:32,251 - Victim node is 10156.
2024-06-25 21:55:32,251 - tensor([ 1524,  4528, 12888], device='cuda:0')
2024-06-25 21:55:32,252 - Classification Succeeds.
2024-06-25 21:55:32,252 - Link Generation Fails.
2024-06-25 22:09:48,522 - Victim node is 7108.
2024-06-25 22:09:48,522 - tensor([  904,  8140, 12888], device='cuda:0')
2024-06-25 22:09:48,522 - Classification Succeeds.
2024-06-25 22:09:48,522 - Link Generation Fails.
2024-06-25 22:24:47,881 - Victim node is 9981.
2024-06-25 22:24:47,881 - tensor([1538, 2499, 7918], device='cuda:0')
2024-06-25 22:24:47,881 - Classification Succeeds.
2024-06-25 22:24:47,881 - Link Generation Fails.
2024-06-25 22:39:57,407 - Victim node is 2129.
2024-06-25 22:39:57,407 - tensor([13754, 13755, 13756], device='cuda:0')
2024-06-25 22:39:57,407 - Classification Succeeds.
2024-06-25 22:39:57,408 - Link Generation Succeeds.
2024-06-25 22:54:04,674 - Victim node is 1692.
2024-06-25 22:54:04,674 - tensor([1524, 4528, 8140], device='cuda:0')
2024-06-25 22:54:04,674 - Classification Succeeds.
2024-06-25 22:54:04,675 - Link Generation Fails.
2024-06-25 23:08:14,196 - Victim node is 9890.
2024-06-25 23:08:14,196 - tensor([ 5370,  7742, 12888], device='cuda:0')
2024-06-25 23:08:14,203 - Classification Fails.
2024-06-25 23:08:14,205 - Link Generation Fails.
2024-06-25 23:22:32,419 - Victim node is 2248.
2024-06-25 23:22:32,420 - tensor([ 8140,  8210, 12888], device='cuda:0')
2024-06-25 23:22:32,426 - Classification Succeeds.
2024-06-25 23:22:32,429 - Link Generation Fails.
2024-06-25 23:39:00,926 - Victim node is 7747.
2024-06-25 23:39:00,926 - tensor([ 8140,  8210, 12888], device='cuda:0')
2024-06-25 23:39:00,926 - Classification Fails.
2024-06-25 23:39:00,926 - Link Generation Fails.
2024-06-25 23:52:55,204 - Victim node is 2226.
2024-06-25 23:52:55,204 - tensor([ 4528,  7984, 13013], device='cuda:0')
2024-06-25 23:52:55,211 - Classification Succeeds.
2024-06-25 23:52:55,213 - Link Generation Fails.
2024-06-26 00:07:13,629 - Victim node is 8202.
2024-06-26 00:07:13,629 - tensor([13752, 13753, 13754], device='cuda:0')
2024-06-26 00:07:13,636 - Classification Fails.
2024-06-26 00:07:13,638 - Link Generation Succeeds.
2024-06-26 00:21:15,369 - Victim node is 3608.
2024-06-26 00:21:15,369 - tensor([ 8140,  8210, 12888], device='cuda:0')
2024-06-26 00:21:15,369 - Classification Succeeds.
2024-06-26 00:21:15,369 - Link Generation Fails.
2024-06-26 00:35:16,981 - Victim node is 13504.
2024-06-26 00:35:16,981 - tensor([13752, 13755, 13756], device='cuda:0')
2024-06-26 00:35:16,988 - Classification Fails.
2024-06-26 00:35:16,990 - Link Generation Succeeds.
2024-06-26 00:50:33,619 - Victim node is 3196.
2024-06-26 00:50:33,619 - tensor([ 1524,  8210, 12888], device='cuda:0')
2024-06-26 00:50:33,620 - Classification Succeeds.
2024-06-26 00:50:33,620 - Link Generation Fails.
2024-06-26 01:05:37,372 - Victim node is 12008.
2024-06-26 01:05:37,372 - tensor([ 872, 1524, 4528], device='cuda:0')
2024-06-26 01:05:37,372 - Classification Succeeds.
2024-06-26 01:05:37,372 - Link Generation Fails.
2024-06-26 01:20:42,732 - Victim node is 12084.
2024-06-26 01:20:42,732 - tensor([3240, 7918, 8488], device='cuda:0')
2024-06-26 01:20:42,733 - Classification Succeeds.
2024-06-26 01:20:42,733 - Link Generation Fails.
2024-06-26 01:37:00,210 - Victim node is 8001.
2024-06-26 01:37:00,210 - tensor([4528, 7984, 8140], device='cuda:0')
2024-06-26 01:37:00,211 - Classification Succeeds.
2024-06-26 01:37:00,211 - Link Generation Fails.
2024-06-26 01:52:04,009 - Victim node is 12802.
2024-06-26 01:52:04,009 - tensor([13752, 13753, 13754], device='cuda:0')
2024-06-26 01:52:04,010 - Classification Succeeds.
2024-06-26 01:52:04,010 - Link Generation Succeeds.
2024-06-26 02:06:50,092 - Victim node is 5490.
2024-06-26 02:06:50,092 - tensor([13752, 13753, 13754], device='cuda:0')
2024-06-26 02:06:50,099 - Classification Succeeds.
2024-06-26 02:06:50,101 - Link Generation Succeeds.
2024-06-26 02:21:14,205 - Victim node is 10241.
2024-06-26 02:21:14,206 - tensor([13752, 13753, 13754], device='cuda:0')
2024-06-26 02:21:14,206 - Classification Fails.
2024-06-26 02:21:14,206 - Link Generation Succeeds.
2024-06-26 02:35:35,640 - Victim node is 3005.
2024-06-26 02:35:35,640 - tensor([13752, 13753, 13754], device='cuda:0')
2024-06-26 02:35:35,646 - Classification Fails.
2024-06-26 02:35:35,649 - Link Generation Succeeds.
2024-06-26 02:49:50,908 - Victim node is 1699.
2024-06-26 02:49:50,908 - tensor([ 1607,  8435, 11759], device='cuda:0')
2024-06-26 02:49:50,915 - Classification Succeeds.
2024-06-26 02:49:50,917 - Link Generation Fails.
2024-06-26 03:04:16,711 - Victim node is 1328.
2024-06-26 03:04:16,711 - tensor([ 8140,  8210, 12888], device='cuda:0')
2024-06-26 03:04:16,718 - Classification Succeeds.
2024-06-26 03:04:16,720 - Link Generation Fails.
2024-06-26 03:19:35,585 - Victim node is 12439.
2024-06-26 03:19:35,585 - tensor([ 8210, 13755, 13756], device='cuda:0')
2024-06-26 03:19:35,585 - Classification Succeeds.
2024-06-26 03:19:35,585 - Link Generation Succeeds.
2024-06-26 03:34:48,333 - Victim node is 8859.
2024-06-26 03:34:48,333 - tensor([13752, 13753, 13754], device='cuda:0')
2024-06-26 03:34:48,333 - Classification Succeeds.
2024-06-26 03:34:48,334 - Link Generation Succeeds.
2024-06-26 03:49:56,787 - Victim node is 1237.
2024-06-26 03:49:56,787 - tensor([13753, 13754, 13755], device='cuda:0')
2024-06-26 03:49:56,793 - Classification Fails.
2024-06-26 03:49:56,794 - Link Generation Succeeds.
2024-06-26 04:05:03,988 - Victim node is 7145.
2024-06-26 04:05:03,988 - tensor([4528, 7984, 8140], device='cuda:0')
2024-06-26 04:05:03,988 - Classification Succeeds.
2024-06-26 04:05:03,988 - Link Generation Fails.
2024-06-26 04:18:58,920 - Victim node is 7199.
2024-06-26 04:18:58,920 - tensor([13752, 13753, 13754], device='cuda:0')
2024-06-26 04:18:58,920 - Classification Succeeds.
2024-06-26 04:18:58,920 - Link Generation Succeeds.
2024-06-26 04:34:17,579 - Victim node is 6318.
2024-06-26 04:34:17,579 - tensor([13754, 13755, 13756], device='cuda:0')
2024-06-26 04:34:17,579 - Classification Fails.
2024-06-26 04:34:17,579 - Link Generation Succeeds.
2024-06-26 04:49:41,470 - Victim node is 609.
2024-06-26 04:49:41,470 - tensor([ 4528,  8210, 12888], device='cuda:0')
2024-06-26 04:49:41,471 - Classification Succeeds.
2024-06-26 04:49:41,471 - Link Generation Fails.
2024-06-26 05:05:55,645 - Victim node is 7133.
2024-06-26 05:05:55,645 - tensor([ 872, 4135, 7984], device='cuda:0')
2024-06-26 05:05:55,645 - Classification Succeeds.
2024-06-26 05:05:55,645 - Link Generation Fails.
2024-06-26 05:20:03,459 - Victim node is 5082.
2024-06-26 05:20:03,459 - tensor([13754, 13755, 13756], device='cuda:0')
2024-06-26 05:20:03,465 - Classification Fails.
2024-06-26 05:20:03,468 - Link Generation Succeeds.
2024-06-26 05:34:34,458 - Victim node is 2411.
2024-06-26 05:34:34,458 - tensor([  904, 10891, 11759], device='cuda:0')
2024-06-26 05:34:34,459 - Classification Succeeds.
2024-06-26 05:34:34,459 - Link Generation Fails.
2024-06-26 05:49:56,370 - Victim node is 10025.
2024-06-26 05:49:56,370 - tensor([ 8140,  8210, 12888], device='cuda:0')
2024-06-26 05:49:56,370 - Classification Succeeds.
2024-06-26 05:49:56,370 - Link Generation Fails.
2024-06-26 06:05:03,049 - Victim node is 12866.
2024-06-26 06:05:03,049 - tensor([13754, 13755, 13756], device='cuda:0')
2024-06-26 06:05:03,049 - Classification Fails.
2024-06-26 06:05:03,049 - Link Generation Succeeds.
2024-06-26 06:20:09,586 - Victim node is 3002.
2024-06-26 06:20:09,586 - tensor([ 8140,  8210, 12888], device='cuda:0')
2024-06-26 06:20:09,587 - Classification Succeeds.
2024-06-26 06:20:09,587 - Link Generation Fails.
2024-06-26 06:36:21,856 - Victim node is 3597.
2024-06-26 06:36:21,856 - tensor([13752, 13753, 13754], device='cuda:0')
2024-06-26 06:36:21,857 - Classification Succeeds.
2024-06-26 06:36:21,857 - Link Generation Succeeds.
2024-06-26 06:51:26,930 - Victim node is 5388.
2024-06-26 06:51:26,930 - tensor([ 1607,  8435, 12320], device='cuda:0')
2024-06-26 06:51:26,931 - Classification Succeeds.
2024-06-26 06:51:26,931 - Link Generation Fails.
2024-06-26 07:06:32,734 - Victim node is 8307.
2024-06-26 07:06:32,735 - tensor([4528, 8140, 8210], device='cuda:0')
2024-06-26 07:06:32,735 - Classification Succeeds.
2024-06-26 07:06:32,735 - Link Generation Fails.
2024-06-26 07:20:38,265 - Victim node is 9177.
2024-06-26 07:20:38,265 - tensor([13752, 13753, 13754], device='cuda:0')
2024-06-26 07:20:38,265 - Classification Succeeds.
2024-06-26 07:20:38,265 - Link Generation Succeeds.
2024-06-26 07:34:49,956 - Victim node is 9930.
2024-06-26 07:34:49,956 - tensor([ 8140,  8210, 12888], device='cuda:0')
2024-06-26 07:34:49,963 - Classification Succeeds.
2024-06-26 07:34:49,965 - Link Generation Fails.
2024-06-26 07:48:56,721 - Victim node is 13745.
2024-06-26 07:48:56,721 - tensor([ 1524,  4135, 12888], device='cuda:0')
2024-06-26 07:48:56,728 - Classification Succeeds.
2024-06-26 07:48:56,730 - Link Generation Fails.
2024-06-26 08:03:06,388 - Victim node is 11593.
2024-06-26 08:03:06,388 - tensor([ 8140,  8210, 12888], device='cuda:0')
2024-06-26 08:03:06,389 - Classification Succeeds.
2024-06-26 08:03:06,389 - Link Generation Fails.
2024-06-26 08:18:15,722 - Victim node is 1457.
2024-06-26 08:18:15,722 - tensor([1538, 2499, 7918], device='cuda:0')
2024-06-26 08:18:15,722 - Classification Succeeds.
2024-06-26 08:18:15,722 - Link Generation Fails.
2024-06-26 08:33:22,183 - Victim node is 11530.
2024-06-26 08:33:22,183 - tensor([ 1524,  4528, 12888], device='cuda:0')
2024-06-26 08:33:22,183 - Classification Succeeds.
2024-06-26 08:33:22,183 - Link Generation Fails.
2024-06-26 08:48:30,727 - Victim node is 11004.
2024-06-26 08:48:30,727 - tensor([13752, 13753, 13754], device='cuda:0')
2024-06-26 08:48:30,727 - Classification Fails.
2024-06-26 08:48:30,727 - Link Generation Succeeds.
2024-06-26 09:02:38,219 - Victim node is 8114.
2024-06-26 09:02:38,219 - tensor([1524, 4528, 7984], device='cuda:0')
2024-06-26 09:02:38,226 - Classification Succeeds.
2024-06-26 09:02:38,228 - Link Generation Fails.
2024-06-26 09:16:49,450 - Victim node is 5333.
2024-06-26 09:16:49,450 - tensor([1538, 2499, 7918], device='cuda:0')
2024-06-26 09:16:49,450 - Classification Succeeds.
2024-06-26 09:16:49,450 - Link Generation Fails.
2024-06-26 09:31:12,309 - Victim node is 787.
2024-06-26 09:31:12,309 - tensor([ 1524,  4528, 12888], device='cuda:0')
2024-06-26 09:31:12,316 - Classification Succeeds.
2024-06-26 09:31:12,318 - Link Generation Fails.
2024-06-26 09:46:23,270 - Victim node is 13349.
2024-06-26 09:46:23,270 - tensor([ 2499,  3555, 10699], device='cuda:0')
2024-06-26 09:46:23,271 - Classification Succeeds.
2024-06-26 09:46:23,271 - Link Generation Fails.
2024-06-26 10:00:44,356 - Victim node is 13738.
2024-06-26 10:00:44,356 - tensor([2138, 4135, 7984], device='cuda:0')
2024-06-26 10:00:44,362 - Classification Succeeds.
2024-06-26 10:00:44,365 - Link Generation Fails.
2024-06-26 10:15:28,192 - Victim node is 5731.
2024-06-26 10:15:28,192 - tensor([ 8210, 12888, 13752], device='cuda:0')
2024-06-26 10:15:28,192 - Classification Succeeds.
2024-06-26 10:15:28,192 - Link Generation Succeeds.
2024-06-26 10:30:44,830 - Victim node is 2299.
2024-06-26 10:30:44,831 - tensor([ 8140,  8210, 12888], device='cuda:0')
2024-06-26 10:30:44,831 - Classification Succeeds.
2024-06-26 10:30:44,831 - Link Generation Fails.
2024-06-26 10:44:49,630 - Victim node is 5563.
2024-06-26 10:44:49,630 - tensor([13752, 13754, 13755], device='cuda:0')
2024-06-26 10:44:49,637 - Classification Fails.
2024-06-26 10:44:49,640 - Link Generation Succeeds.
2024-06-26 11:00:12,359 - Victim node is 4922.
2024-06-26 11:00:12,359 - tensor([13752, 13753, 13754], device='cuda:0')
2024-06-26 11:00:12,359 - Classification Succeeds.
2024-06-26 11:00:12,359 - Link Generation Succeeds.
2024-06-26 11:15:00,747 - Victim node is 9537.
2024-06-26 11:15:00,747 - tensor([ 8140,  8210, 12888], device='cuda:0')
2024-06-26 11:15:00,748 - Classification Succeeds.
2024-06-26 11:15:00,748 - Link Generation Fails.
2024-06-26 11:29:46,198 - Victim node is 11575.
2024-06-26 11:29:46,198 - tensor([ 4528,  8210, 12888], device='cuda:0')
2024-06-26 11:29:46,198 - Classification Fails.
2024-06-26 11:29:46,198 - Link Generation Fails.
2024-06-26 11:43:50,445 - Victim node is 6724.
2024-06-26 11:43:50,445 - tensor([ 4528,  8210, 12888], device='cuda:0')
2024-06-26 11:43:50,452 - Classification Succeeds.
2024-06-26 11:43:50,454 - Link Generation Fails.
2024-06-26 11:57:53,395 - Victim node is 857.
2024-06-26 11:57:53,395 - tensor([ 1524,  8210, 12888], device='cuda:0')
2024-06-26 11:57:53,401 - Classification Fails.
2024-06-26 11:57:53,404 - Link Generation Fails.
2024-06-26 12:12:15,676 - Victim node is 7095.
2024-06-26 12:12:15,676 - tensor([ 8140,  8210, 12888], device='cuda:0')
2024-06-26 12:12:15,677 - Classification Succeeds.
2024-06-26 12:12:15,677 - Link Generation Fails.
2024-06-26 12:26:15,628 - Victim node is 352.
2024-06-26 12:26:15,628 - tensor([4528, 8140, 8210], device='cuda:0')
2024-06-26 12:26:15,628 - Classification Succeeds.
2024-06-26 12:26:15,628 - Link Generation Fails.
2024-06-26 12:41:19,794 - Victim node is 7195.
2024-06-26 12:41:19,794 - tensor([ 4528,  8140, 12888], device='cuda:0')
2024-06-26 12:41:19,795 - Classification Succeeds.
2024-06-26 12:41:19,795 - Link Generation Fails.
2024-06-26 12:56:04,395 - Victim node is 2197.
2024-06-26 12:56:04,395 - tensor([13752, 13753, 13754], device='cuda:0')
2024-06-26 12:56:04,395 - Classification Succeeds.
2024-06-26 12:56:04,395 - Link Generation Succeeds.
2024-06-26 13:12:50,505 - Victim node is 10240.
2024-06-26 13:12:50,505 - tensor([4528, 8140, 8210], device='cuda:0')
2024-06-26 13:12:50,505 - Classification Succeeds.
2024-06-26 13:12:50,505 - Link Generation Fails.
2024-06-26 13:27:32,955 - Victim node is 6443.
2024-06-26 13:27:32,955 - tensor([1538, 2499, 7918], device='cuda:0')
2024-06-26 13:27:32,955 - Classification Fails.
2024-06-26 13:27:32,956 - Link Generation Fails.
2024-06-26 13:42:36,451 - Victim node is 2380.
2024-06-26 13:42:36,452 - tensor([4528, 8140, 8210], device='cuda:0')
2024-06-26 13:42:36,452 - Classification Succeeds.
2024-06-26 13:42:36,452 - Link Generation Fails.
2024-06-26 13:57:44,403 - Victim node is 5087.
2024-06-26 13:57:44,403 - tensor([4528, 8140, 8210], device='cuda:0')
2024-06-26 13:57:44,403 - Classification Succeeds.
2024-06-26 13:57:44,403 - Link Generation Fails.
2024-06-26 14:12:02,176 - Victim node is 6042.
2024-06-26 14:12:02,176 - tensor([ 1524,  3452, 10610], device='cuda:0')
2024-06-26 14:12:02,177 - Classification Succeeds.
2024-06-26 14:12:02,177 - Link Generation Fails.
2024-06-26 14:26:33,686 - Victim node is 605.
2024-06-26 14:26:33,687 - tensor([ 8140,  8210, 12888], device='cuda:0')
2024-06-26 14:26:33,693 - Classification Succeeds.
2024-06-26 14:26:33,696 - Link Generation Fails.
2024-06-26 14:40:56,894 - Victim node is 13032.
2024-06-26 14:40:56,895 - tensor([ 2499,  7918, 12320], device='cuda:0')
2024-06-26 14:40:56,895 - Classification Succeeds.
2024-06-26 14:40:56,895 - Link Generation Fails.
2024-06-26 14:55:59,054 - Victim node is 7393.
2024-06-26 14:55:59,054 - tensor([ 8140,  8210, 12888], device='cuda:0')
2024-06-26 14:55:59,054 - Classification Succeeds.
2024-06-26 14:55:59,054 - Link Generation Fails.
2024-06-26 15:10:00,341 - Victim node is 5585.
2024-06-26 15:10:00,341 - tensor([ 8140,  8210, 13756], device='cuda:0')
2024-06-26 15:10:00,348 - Classification Fails.
2024-06-26 15:10:00,351 - Link Generation Succeeds.
2024-06-26 15:24:18,244 - Victim node is 5590.
2024-06-26 15:24:18,244 - tensor([1538, 2499, 7918], device='cuda:0')
2024-06-26 15:24:18,251 - Classification Succeeds.
2024-06-26 15:24:18,253 - Link Generation Fails.
2024-06-26 15:39:23,764 - Victim node is 12389.
2024-06-26 15:39:23,764 - tensor([ 872, 4528, 7984], device='cuda:0')
2024-06-26 15:39:23,765 - Classification Succeeds.
2024-06-26 15:39:23,765 - Link Generation Fails.
2024-06-26 15:54:06,938 - Victim node is 6980.
2024-06-26 15:54:06,938 - tensor([13752, 13753, 13754], device='cuda:0')
2024-06-26 15:54:06,945 - Classification Fails.
2024-06-26 15:54:06,947 - Link Generation Succeeds.
2024-06-26 16:08:30,471 - Victim node is 12422.
2024-06-26 16:08:30,471 - tensor([13753, 13754, 13756], device='cuda:0')
2024-06-26 16:08:30,478 - Classification Succeeds.
2024-06-26 16:08:30,480 - Link Generation Succeeds.
2024-06-26 16:23:33,073 - Victim node is 6993.
2024-06-26 16:23:33,073 - tensor([13752, 13754, 13756], device='cuda:0')
2024-06-26 16:23:33,074 - Classification Succeeds.
2024-06-26 16:23:33,074 - Link Generation Succeeds.
2024-06-26 16:37:38,137 - Victim node is 5882.
2024-06-26 16:37:38,137 - tensor([ 872, 1524, 4135], device='cuda:0')
2024-06-26 16:37:38,137 - Classification Succeeds.
2024-06-26 16:37:38,137 - Link Generation Fails.
2024-06-26 16:52:24,641 - Victim node is 728.
2024-06-26 16:52:24,641 - tensor([13752, 13753, 13754], device='cuda:0')
2024-06-26 16:52:24,641 - Classification Fails.
2024-06-26 16:52:24,641 - Link Generation Succeeds.
2024-06-26 17:07:16,230 - Victim node is 7593.
2024-06-26 17:07:16,230 - tensor([2346, 2499, 7918], device='cuda:0')
2024-06-26 17:07:16,237 - Classification Succeeds.
2024-06-26 17:07:16,240 - Link Generation Fails.
2024-06-26 17:23:32,524 - Victim node is 3425.
2024-06-26 17:23:32,524 - tensor([ 1607,  2499, 11759], device='cuda:0')
2024-06-26 17:23:32,524 - Classification Succeeds.
2024-06-26 17:23:32,524 - Link Generation Fails.
2024-06-26 17:39:52,122 - Victim node is 1827.
2024-06-26 17:39:52,122 - tensor([ 8140,  8210, 12888], device='cuda:0')
2024-06-26 17:39:52,122 - Classification Succeeds.
2024-06-26 17:39:52,122 - Link Generation Fails.
2024-06-26 17:54:56,127 - Victim node is 13050.
2024-06-26 17:54:56,127 - tensor([ 2499,  7918, 11961], device='cuda:0')
2024-06-26 17:54:56,127 - Classification Fails.
2024-06-26 17:54:56,127 - Link Generation Fails.
2024-06-26 18:09:03,361 - Victim node is 1198.
2024-06-26 18:09:03,361 - tensor([ 1607,  7918, 10707], device='cuda:0')
2024-06-26 18:09:03,368 - Classification Succeeds.
2024-06-26 18:09:03,370 - Link Generation Fails.
2024-06-26 18:23:05,220 - Victim node is 12112.
2024-06-26 18:23:05,220 - tensor([1538, 2499, 7918], device='cuda:0')
2024-06-26 18:23:05,221 - Classification Succeeds.
2024-06-26 18:23:05,221 - Link Generation Fails.
2024-06-26 18:38:19,293 - Victim node is 10642.
2024-06-26 18:38:19,293 - tensor([ 1607,  8435, 11759], device='cuda:0')
2024-06-26 18:38:19,293 - Classification Succeeds.
2024-06-26 18:38:19,293 - Link Generation Fails.
2024-06-26 18:54:43,228 - Victim node is 2970.
2024-06-26 18:54:43,228 - tensor([13753, 13754, 13755], device='cuda:0')
2024-06-26 18:54:43,228 - Classification Succeeds.
2024-06-26 18:54:43,229 - Link Generation Succeeds.
2024-06-26 19:10:59,514 - Victim node is 1939.
2024-06-26 19:10:59,514 - tensor([13754, 13755, 13756], device='cuda:0')
2024-06-26 19:10:59,514 - Classification Fails.
2024-06-26 19:10:59,514 - Link Generation Succeeds.
2024-06-26 19:24:49,470 - Victim node is 11662.
2024-06-26 19:24:49,470 - tensor([ 8140,  8210, 12888], device='cuda:0')
2024-06-26 19:24:49,477 - Classification Succeeds.
2024-06-26 19:24:49,479 - Link Generation Fails.
2024-06-26 19:39:00,874 - Victim node is 10194.
2024-06-26 19:39:00,874 - tensor([2138, 2316, 7984], device='cuda:0')
2024-06-26 19:39:00,881 - Classification Succeeds.
2024-06-26 19:39:00,884 - Link Generation Fails.
2024-06-26 19:53:17,475 - Victim node is 5647.
2024-06-26 19:53:17,475 - tensor([ 3452,  8210, 10835], device='cuda:0')
2024-06-26 19:53:17,482 - Classification Succeeds.
2024-06-26 19:53:17,485 - Link Generation Fails.
2024-06-26 20:09:29,947 - Victim node is 9869.
2024-06-26 20:09:29,947 - tensor([13752, 13753, 13754], device='cuda:0')
2024-06-26 20:09:29,947 - Classification Fails.
2024-06-26 20:09:29,947 - Link Generation Succeeds.
2024-06-26 20:23:25,873 - Victim node is 3715.
2024-06-26 20:23:25,873 - tensor([ 8210, 13754, 13755], device='cuda:0')
2024-06-26 20:23:25,880 - Classification Fails.
2024-06-26 20:23:25,882 - Link Generation Succeeds.
2024-06-26 20:39:58,233 - Victim node is 10291.
2024-06-26 20:39:58,233 - tensor([13752, 13753, 13754], device='cuda:0')
2024-06-26 20:39:58,233 - Classification Fails.
2024-06-26 20:39:58,233 - Link Generation Succeeds.
2024-06-26 20:53:44,688 - Victim node is 2389.
2024-06-26 20:53:44,688 - tensor([ 4528,  8140, 12888], device='cuda:0')
2024-06-26 20:53:44,695 - Classification Succeeds.
2024-06-26 20:53:44,697 - Link Generation Fails.
2024-06-26 21:08:59,597 - Victim node is 1511.
2024-06-26 21:08:59,597 - tensor([13753, 13754, 13756], device='cuda:0')
2024-06-26 21:08:59,601 - Classification Fails.
2024-06-26 21:08:59,601 - Link Generation Succeeds.
2024-06-26 21:25:22,331 - Victim node is 10398.
2024-06-26 21:25:22,331 - tensor([13752, 13753, 13754], device='cuda:0')
2024-06-26 21:25:22,332 - Classification Fails.
2024-06-26 21:25:22,332 - Link Generation Succeeds.
2024-06-26 21:41:37,784 - Victim node is 2221.
2024-06-26 21:41:37,784 - tensor([13752, 13753, 13756], device='cuda:0')
2024-06-26 21:41:37,784 - Classification Fails.
2024-06-26 21:41:37,784 - Link Generation Succeeds.
2024-06-26 21:56:20,328 - Victim node is 5571.
2024-06-26 21:56:20,328 - tensor([13753, 13754, 13756], device='cuda:0')
2024-06-26 21:56:20,329 - Classification Fails.
2024-06-26 21:56:20,329 - Link Generation Succeeds.
2024-06-26 22:11:49,777 - Victim node is 4153.
2024-06-26 22:11:49,778 - tensor([ 8140,  8210, 12888], device='cuda:0')
2024-06-26 22:11:49,778 - Classification Succeeds.
2024-06-26 22:11:49,778 - Link Generation Fails.
2024-06-26 22:26:57,236 - Victim node is 4119.
2024-06-26 22:26:57,236 - tensor([ 4528,  8140, 12888], device='cuda:0')
2024-06-26 22:26:57,236 - Classification Succeeds.
2024-06-26 22:26:57,236 - Link Generation Fails.
2024-06-26 22:42:03,761 - Victim node is 7849.
2024-06-26 22:42:03,761 - tensor([  904,  4316, 10891], device='cuda:0')
2024-06-26 22:42:03,762 - Classification Succeeds.
2024-06-26 22:42:03,762 - Link Generation Fails.
2024-06-26 22:56:09,939 - Victim node is 8252.
2024-06-26 22:56:09,939 - tensor([ 8140,  8210, 12888], device='cuda:0')
2024-06-26 22:56:09,946 - Classification Fails.
2024-06-26 22:56:09,948 - Link Generation Fails.
2024-06-26 23:12:29,283 - Victim node is 10890.
2024-06-26 23:12:29,284 - tensor([ 8140,  8210, 12888], device='cuda:0')
2024-06-26 23:12:29,284 - Classification Fails.
2024-06-26 23:12:29,284 - Link Generation Fails.
2024-06-26 23:27:37,767 - Victim node is 9762.
2024-06-26 23:27:37,767 - tensor([ 8140,  8210, 12888], device='cuda:0')
2024-06-26 23:27:37,768 - Classification Fails.
2024-06-26 23:27:37,768 - Link Generation Fails.
2024-06-26 23:42:42,608 - Victim node is 13133.
2024-06-26 23:42:42,608 - tensor([ 4528,  8140, 12888], device='cuda:0')
2024-06-26 23:42:42,608 - Classification Succeeds.
2024-06-26 23:42:42,608 - Link Generation Fails.
2024-06-26 23:57:07,011 - Victim node is 2890.
2024-06-26 23:57:07,011 - tensor([13752, 13753, 13754], device='cuda:0')
2024-06-26 23:57:07,015 - Classification Fails.
2024-06-26 23:57:07,016 - Link Generation Succeeds.
2024-06-27 00:12:07,396 - Victim node is 10090.
2024-06-27 00:12:07,396 - tensor([13753, 13754, 13756], device='cuda:0')
2024-06-27 00:12:07,397 - Classification Succeeds.
2024-06-27 00:12:07,397 - Link Generation Succeeds.
2024-06-27 00:27:11,251 - Victim node is 4565.
2024-06-27 00:27:11,251 - tensor([ 8140,  8210, 12888], device='cuda:0')
2024-06-27 00:27:11,251 - Classification Succeeds.
2024-06-27 00:27:11,251 - Link Generation Fails.
2024-06-27 00:43:36,079 - Victim node is 4413.
2024-06-27 00:43:36,079 - tensor([ 4528,  8140, 12888], device='cuda:0')
2024-06-27 00:43:36,079 - Classification Succeeds.
2024-06-27 00:43:36,079 - Link Generation Fails.
2024-06-27 00:57:25,949 - Victim node is 25.
2024-06-27 00:57:25,949 - tensor([13754, 13755, 13756], device='cuda:0')
2024-06-27 00:57:25,956 - Classification Succeeds.
2024-06-27 00:57:25,958 - Link Generation Succeeds.
2024-06-27 01:11:54,090 - Victim node is 5802.
2024-06-27 01:11:54,090 - tensor([13752, 13753, 13754], device='cuda:0')
2024-06-27 01:11:54,097 - Classification Fails.
2024-06-27 01:11:54,099 - Link Generation Succeeds.
2024-06-27 01:26:58,776 - Victim node is 5038.
2024-06-27 01:26:58,776 - tensor([13752, 13753, 13754], device='cuda:0')
2024-06-27 01:26:58,777 - Classification Succeeds.
2024-06-27 01:26:58,777 - Link Generation Succeeds.
2024-06-27 01:43:28,280 - Victim node is 221.
2024-06-27 01:43:28,280 - tensor([13752, 13753, 13754], device='cuda:0')
2024-06-27 01:43:28,280 - Classification Fails.
2024-06-27 01:43:28,280 - Link Generation Succeeds.
2024-06-27 01:58:21,129 - Victim node is 12782.
2024-06-27 01:58:21,129 - tensor([1607, 7918, 8435], device='cuda:0')
2024-06-27 01:58:21,136 - Classification Fails.
2024-06-27 01:58:21,138 - Link Generation Fails.
2024-06-27 02:12:41,107 - Victim node is 1998.
2024-06-27 02:12:41,107 - tensor([1607, 7918, 8435], device='cuda:0')
2024-06-27 02:12:41,110 - Classification Fails.
2024-06-27 02:12:41,112 - Link Generation Fails.
2024-06-27 02:28:50,702 - Victim node is 10489.
2024-06-27 02:28:50,702 - tensor([4528, 7984, 8140], device='cuda:0')
2024-06-27 02:28:50,705 - Classification Succeeds.
2024-06-27 02:28:50,707 - Link Generation Fails.
2024-06-27 02:45:22,278 - Victim node is 2000.
2024-06-27 02:45:22,278 - tensor([2515, 7493, 8455], device='cuda:0')
2024-06-27 02:45:22,279 - Classification Fails.
2024-06-27 02:45:22,279 - Link Generation Fails.
2024-06-27 02:59:45,563 - Victim node is 6377.
2024-06-27 02:59:45,563 - tensor([ 4528,  8210, 10906], device='cuda:0')
2024-06-27 02:59:45,563 - Classification Succeeds.
2024-06-27 02:59:45,563 - Link Generation Fails.
2024-06-27 03:14:23,748 - Victim node is 253.
2024-06-27 03:14:23,748 - tensor([ 1524,  4528, 12888], device='cuda:0')
2024-06-27 03:14:23,748 - Classification Succeeds.
2024-06-27 03:14:23,749 - Link Generation Fails.
2024-06-27 03:28:42,984 - Victim node is 3436.
2024-06-27 03:28:42,984 - tensor([ 1524,  3452, 12888], device='cuda:0')
2024-06-27 03:28:42,991 - Classification Succeeds.
2024-06-27 03:28:42,993 - Link Generation Fails.
2024-06-27 03:43:02,005 - Victim node is 10886.
2024-06-27 03:43:02,005 - tensor([ 8140,  8210, 12888], device='cuda:0')
2024-06-27 03:43:02,005 - Classification Fails.
2024-06-27 03:43:02,006 - Link Generation Fails.
2024-06-27 03:57:38,582 - Victim node is 2989.
2024-06-27 03:57:38,582 - tensor([13753, 13755, 13756], device='cuda:0')
2024-06-27 03:57:38,583 - Classification Fails.
2024-06-27 03:57:38,583 - Link Generation Succeeds.
2024-06-27 04:13:30,031 - Victim node is 3822.
2024-06-27 04:13:30,031 - tensor([ 8210, 10835, 10906], device='cuda:0')
2024-06-27 04:13:30,038 - Classification Succeeds.
2024-06-27 04:13:30,040 - Link Generation Fails.
2024-06-27 04:28:38,433 - Victim node is 12757.
2024-06-27 04:28:38,433 - tensor([13752, 13753, 13754], device='cuda:0')
2024-06-27 04:28:38,434 - Classification Fails.
2024-06-27 04:28:38,434 - Link Generation Succeeds.
2024-06-27 04:42:37,338 - Victim node is 4834.
2024-06-27 04:42:37,338 - tensor([  904,  8140, 12888], device='cuda:0')
2024-06-27 04:42:37,339 - Classification Succeeds.
2024-06-27 04:42:37,339 - Link Generation Fails.
2024-06-27 04:56:56,442 - Victim node is 3688.
2024-06-27 04:56:56,442 - tensor([13752, 13753, 13754], device='cuda:0')
2024-06-27 04:56:56,449 - Classification Fails.
2024-06-27 04:56:56,452 - Link Generation Succeeds.
2024-06-27 05:11:16,148 - Victim node is 7004.
2024-06-27 05:11:16,148 - tensor([13752, 13753, 13754], device='cuda:0')
2024-06-27 05:11:16,155 - Classification Succeeds.
2024-06-27 05:11:16,157 - Link Generation Succeeds.
2024-06-27 05:25:40,218 - Victim node is 7988.
2024-06-27 05:25:40,218 - tensor([13752, 13753, 13754], device='cuda:0')
2024-06-27 05:25:40,225 - Classification Fails.
2024-06-27 05:25:40,227 - Link Generation Succeeds.
2024-06-27 05:42:09,487 - Victim node is 7178.
2024-06-27 05:42:09,487 - tensor([ 8140,  8210, 12888], device='cuda:0')
2024-06-27 05:42:09,487 - Classification Fails.
2024-06-27 05:42:09,488 - Link Generation Fails.
2024-06-27 05:57:03,224 - Victim node is 9428.
2024-06-27 05:57:03,224 - tensor([13752, 13753, 13754], device='cuda:0')
2024-06-27 05:57:03,225 - Classification Fails.
2024-06-27 05:57:03,225 - Link Generation Succeeds.
2024-06-27 06:11:01,258 - Victim node is 5970.
2024-06-27 06:11:01,258 - tensor([ 8140,  8210, 12888], device='cuda:0')
2024-06-27 06:11:01,265 - Classification Succeeds.
2024-06-27 06:11:01,267 - Link Generation Fails.
2024-06-27 06:27:34,771 - Victim node is 11697.
2024-06-27 06:27:34,771 - tensor([ 8140,  8210, 12888], device='cuda:0')
2024-06-27 06:27:34,776 - Classification Succeeds.
2024-06-27 06:27:34,778 - Link Generation Fails.
2024-06-27 06:43:52,008 - Victim node is 6116.
2024-06-27 06:43:52,008 - tensor([ 872, 7984, 8210], device='cuda:0')
2024-06-27 06:43:52,008 - Classification Succeeds.
2024-06-27 06:43:52,008 - Link Generation Fails.
2024-06-27 06:58:55,200 - Victim node is 2231.
2024-06-27 06:58:55,200 - tensor([13753, 13754, 13755], device='cuda:0')
2024-06-27 06:58:55,201 - Classification Succeeds.
2024-06-27 06:58:55,201 - Link Generation Succeeds.
2024-06-27 07:12:59,918 - Victim node is 7188.
2024-06-27 07:12:59,918 - tensor([ 4528,  8210, 12888], device='cuda:0')
2024-06-27 07:12:59,919 - Classification Succeeds.
2024-06-27 07:12:59,919 - Link Generation Fails.
2024-06-27 07:28:13,949 - Victim node is 2910.
2024-06-27 07:28:13,949 - tensor([4528, 7984, 8210], device='cuda:0')
2024-06-27 07:28:13,950 - Classification Fails.
2024-06-27 07:28:13,950 - Link Generation Fails.
2024-06-27 07:44:34,664 - Victim node is 8766.
2024-06-27 07:44:34,664 - tensor([ 1524,  8210, 12888], device='cuda:0')
2024-06-27 07:44:34,665 - Classification Succeeds.
2024-06-27 07:44:34,665 - Link Generation Fails.
2024-06-27 07:59:25,980 - Victim node is 772.
2024-06-27 07:59:25,980 - tensor([ 8140,  8210, 12888], device='cuda:0')
2024-06-27 07:59:25,980 - Classification Succeeds.
2024-06-27 07:59:25,980 - Link Generation Fails.
2024-06-27 08:13:46,452 - Victim node is 4305.
2024-06-27 08:13:46,452 - tensor([ 3240,  7918, 10707], device='cuda:0')
2024-06-27 08:13:46,459 - Classification Succeeds.
2024-06-27 08:13:46,461 - Link Generation Fails.
2024-06-27 08:28:16,572 - Victim node is 7967.
2024-06-27 08:28:16,572 - tensor([13753, 13755, 13756], device='cuda:0')
2024-06-27 08:28:16,572 - Classification Succeeds.
2024-06-27 08:28:16,572 - Link Generation Succeeds.
2024-06-27 08:42:35,834 - Victim node is 13389.
2024-06-27 08:42:35,834 - tensor([ 8140,  8210, 12888], device='cuda:0')
2024-06-27 08:42:35,841 - Classification Succeeds.
2024-06-27 08:42:35,844 - Link Generation Fails.
2024-06-27 08:56:56,214 - Victim node is 11934.
2024-06-27 08:56:56,214 - tensor([ 904, 1607, 8435], device='cuda:0')
2024-06-27 08:56:56,214 - Classification Succeeds.
2024-06-27 08:56:56,214 - Link Generation Fails.
2024-06-27 09:12:01,415 - Victim node is 4911.
2024-06-27 09:12:01,415 - tensor([13752, 13753, 13754], device='cuda:0')
2024-06-27 09:12:01,415 - Classification Fails.
2024-06-27 09:12:01,415 - Link Generation Succeeds.
2024-06-27 09:26:55,821 - Victim node is 4490.
2024-06-27 09:26:55,821 - tensor([1524, 4528, 8210], device='cuda:0')
2024-06-27 09:26:55,824 - Classification Succeeds.
2024-06-27 09:26:55,826 - Link Generation Fails.
2024-06-27 09:41:57,205 - Victim node is 11591.
2024-06-27 09:41:57,205 - tensor([13752, 13754, 13755], device='cuda:0')
2024-06-27 09:41:57,206 - Classification Succeeds.
2024-06-27 09:41:57,206 - Link Generation Succeeds.
2024-06-27 09:57:01,147 - Victim node is 158.
2024-06-27 09:57:01,147 - tensor([13752, 13753, 13754], device='cuda:0')
2024-06-27 09:57:01,147 - Classification Fails.
2024-06-27 09:57:01,147 - Link Generation Succeeds.
2024-06-27 10:13:33,753 - Victim node is 6512.
2024-06-27 10:13:33,753 - tensor([1607, 4136, 7918], device='cuda:0')
2024-06-27 10:13:33,758 - Classification Succeeds.
2024-06-27 10:13:33,760 - Link Generation Fails.
2024-06-27 10:28:10,745 - Victim node is 13048.
2024-06-27 10:28:10,745 - tensor([ 4312, 10835, 10906], device='cuda:0')
2024-06-27 10:28:10,752 - Classification Succeeds.
2024-06-27 10:28:10,754 - Link Generation Fails.
2024-06-27 10:43:19,614 - Victim node is 8628.
2024-06-27 10:43:19,614 - tensor([ 8140,  8210, 12888], device='cuda:0')
2024-06-27 10:43:19,614 - Classification Succeeds.
2024-06-27 10:43:19,614 - Link Generation Fails.
2024-06-27 10:57:23,376 - Victim node is 11009.
2024-06-27 10:57:23,376 - tensor([13754, 13755, 13756], device='cuda:0')
2024-06-27 10:57:23,383 - Classification Fails.
2024-06-27 10:57:23,385 - Link Generation Succeeds.
2024-06-27 11:12:27,093 - Victim node is 533.
2024-06-27 11:12:27,093 - tensor([13752, 13753, 13754], device='cuda:0')
2024-06-27 11:12:27,093 - Classification Succeeds.
2024-06-27 11:12:27,093 - Link Generation Succeeds.
2024-06-27 11:27:47,385 - Victim node is 11188.
2024-06-27 11:27:47,385 - tensor([4528, 8140, 8210], device='cuda:0')
2024-06-27 11:27:47,385 - Classification Succeeds.
2024-06-27 11:27:47,385 - Link Generation Fails.
2024-06-27 11:44:00,567 - Victim node is 7126.
2024-06-27 11:44:00,567 - tensor([4528, 7984, 9915], device='cuda:0')
2024-06-27 11:44:00,567 - Classification Succeeds.
2024-06-27 11:44:00,567 - Link Generation Fails.
2024-06-27 12:00:17,150 - Victim node is 5240.
2024-06-27 12:00:17,150 - tensor([ 2499,  7918, 12320], device='cuda:0')
2024-06-27 12:00:17,157 - Classification Succeeds.
2024-06-27 12:00:17,159 - Link Generation Fails.
2024-06-27 12:15:36,605 - Victim node is 200.
2024-06-27 12:15:36,605 - tensor([ 8140,  8210, 12888], device='cuda:0')
2024-06-27 12:15:36,605 - Classification Succeeds.
2024-06-27 12:15:36,605 - Link Generation Fails.
2024-06-27 12:31:38,674 - Victim node is 4842.
2024-06-27 12:31:38,674 - tensor([1607, 2499, 8435], device='cuda:0')
2024-06-27 12:31:38,674 - Classification Succeeds.
2024-06-27 12:31:38,674 - Link Generation Fails.
2024-06-27 12:46:10,856 - Victim node is 8945.
2024-06-27 12:46:10,856 - tensor([ 8140,  8210, 12888], device='cuda:0')
2024-06-27 12:46:10,863 - Classification Succeeds.
2024-06-27 12:46:10,865 - Link Generation Fails.
2024-06-27 13:01:20,561 - Victim node is 3880.
2024-06-27 13:01:20,561 - tensor([2138, 4135, 5370], device='cuda:0')
2024-06-27 13:01:20,561 - Classification Fails.
2024-06-27 13:01:20,561 - Link Generation Fails.
2024-06-27 13:16:34,200 - Victim node is 1806.
2024-06-27 13:16:34,200 - tensor([13752, 13753, 13754], device='cuda:0')
2024-06-27 13:16:34,201 - Classification Fails.
2024-06-27 13:16:34,201 - Link Generation Succeeds.
2024-06-27 13:32:53,054 - Victim node is 6856.
2024-06-27 13:32:53,054 - tensor([1524, 3452, 4135], device='cuda:0')
2024-06-27 13:32:53,055 - Classification Succeeds.
2024-06-27 13:32:53,055 - Link Generation Fails.
2024-06-27 13:46:49,996 - Victim node is 2371.
2024-06-27 13:46:49,996 - tensor([13752, 13753, 13754], device='cuda:0')
2024-06-27 13:46:50,002 - Classification Fails.
2024-06-27 13:46:50,005 - Link Generation Succeeds.
2024-06-27 14:00:48,317 - Victim node is 3016.
2024-06-27 14:00:48,318 - tensor([1524, 4135, 9915], device='cuda:0')
2024-06-27 14:00:48,324 - Classification Succeeds.
2024-06-27 14:00:48,327 - Link Generation Fails.
2024-06-27 14:16:08,063 - Victim node is 10546.
2024-06-27 14:16:08,063 - tensor([13752, 13753, 13754], device='cuda:0')
2024-06-27 14:16:08,064 - Classification Fails.
2024-06-27 14:16:08,064 - Link Generation Succeeds.
2024-06-27 14:30:43,215 - Victim node is 8958.
2024-06-27 14:30:43,215 - tensor([ 8140,  8210, 12888], device='cuda:0')
2024-06-27 14:30:43,215 - Classification Succeeds.
2024-06-27 14:30:43,215 - Link Generation Fails.
2024-06-27 14:45:49,265 - Victim node is 5615.
2024-06-27 14:45:49,266 - tensor([ 7918, 13752, 13753], device='cuda:0')
2024-06-27 14:45:49,266 - Classification Succeeds.
2024-06-27 14:45:49,266 - Link Generation Succeeds.
2024-06-27 14:59:47,046 - Victim node is 6200.
2024-06-27 14:59:47,046 - tensor([  872,  2138, 10610], device='cuda:0')
2024-06-27 14:59:47,046 - Classification Fails.
2024-06-27 14:59:47,046 - Link Generation Fails.
2024-06-27 15:15:00,949 - Victim node is 8896.
2024-06-27 15:15:00,949 - tensor([13752, 13753, 13754], device='cuda:0')
2024-06-27 15:15:00,949 - Classification Fails.
2024-06-27 15:15:00,949 - Link Generation Succeeds.
2024-06-27 15:29:09,839 - Victim node is 11433.
2024-06-27 15:29:09,839 - tensor([ 556, 2515, 8455], device='cuda:0')
2024-06-27 15:29:09,839 - Classification Succeeds.
2024-06-27 15:29:09,839 - Link Generation Fails.
2024-06-27 15:43:46,716 - Victim node is 7341.
2024-06-27 15:43:46,716 - tensor([4528, 8140, 8210], device='cuda:0')
2024-06-27 15:43:46,723 - Classification Succeeds.
2024-06-27 15:43:46,725 - Link Generation Fails.
2024-06-27 15:58:07,464 - Victim node is 12176.
2024-06-27 15:58:07,464 - tensor([13752, 13753, 13754], device='cuda:0')
2024-06-27 15:58:07,471 - Classification Succeeds.
2024-06-27 15:58:07,473 - Link Generation Succeeds.
2024-06-27 16:13:14,016 - Victim node is 2996.
2024-06-27 16:13:14,016 - tensor([ 872, 1524, 4135], device='cuda:0')
2024-06-27 16:13:14,016 - Classification Succeeds.
2024-06-27 16:13:14,016 - Link Generation Fails.
2024-06-27 16:27:11,403 - Victim node is 708.
2024-06-27 16:27:11,403 - tensor([ 8140,  8210, 12888], device='cuda:0')
2024-06-27 16:27:11,410 - Classification Fails.
2024-06-27 16:27:11,412 - Link Generation Fails.
2024-06-27 16:41:32,821 - Victim node is 5130.
2024-06-27 16:41:32,821 - tensor([ 1538,  2499, 10699], device='cuda:0')
2024-06-27 16:41:32,821 - Classification Succeeds.
2024-06-27 16:41:32,821 - Link Generation Fails.
2024-06-27 16:55:26,042 - Victim node is 1094.
2024-06-27 16:55:26,043 - tensor([13752, 13753, 13754], device='cuda:0')
2024-06-27 16:55:26,043 - Classification Succeeds.
2024-06-27 16:55:26,043 - Link Generation Succeeds.
2024-06-27 17:11:58,458 - Victim node is 12868.
2024-06-27 17:11:58,458 - tensor([13752, 13753, 13754], device='cuda:0')
2024-06-27 17:11:58,458 - Classification Fails.
2024-06-27 17:11:58,458 - Link Generation Succeeds.
2024-06-27 17:28:27,979 - Victim node is 2920.
2024-06-27 17:28:27,979 - tensor([ 872, 7984, 8140], device='cuda:0')
2024-06-27 17:28:27,980 - Classification Succeeds.
2024-06-27 17:28:27,980 - Link Generation Fails.
2024-06-27 17:43:33,951 - Victim node is 7501.
2024-06-27 17:43:33,951 - tensor([13752, 13753, 13754], device='cuda:0')
2024-06-27 17:43:33,951 - Classification Fails.
2024-06-27 17:43:33,951 - Link Generation Succeeds.
2024-06-27 17:58:38,765 - Victim node is 11507.
2024-06-27 17:58:38,765 - tensor([10509, 10906, 13013], device='cuda:0')
2024-06-27 17:58:38,765 - Classification Succeeds.
2024-06-27 17:58:38,765 - Link Generation Fails.
2024-06-27 18:13:44,065 - Victim node is 3200.
2024-06-27 18:13:44,065 - tensor([13752, 13753, 13755], device='cuda:0')
2024-06-27 18:13:44,065 - Classification Succeeds.
2024-06-27 18:13:44,065 - Link Generation Succeeds.
2024-06-27 18:29:58,907 - Victim node is 5179.
2024-06-27 18:29:58,907 - tensor([13752, 13753, 13754], device='cuda:0')
2024-06-27 18:29:58,907 - Classification Fails.
2024-06-27 18:29:58,907 - Link Generation Succeeds.
2024-06-27 18:46:29,818 - Victim node is 5027.
2024-06-27 18:46:29,818 - tensor([ 872, 1524, 4135], device='cuda:0')
2024-06-27 18:46:29,821 - Classification Succeeds.
2024-06-27 18:46:29,823 - Link Generation Fails.
2024-06-27 19:00:57,788 - Victim node is 3513.
2024-06-27 19:00:57,788 - tensor([ 4528,  8210, 12888], device='cuda:0')
2024-06-27 19:00:57,789 - Classification Succeeds.
2024-06-27 19:00:57,791 - Link Generation Fails.
2024-06-27 19:15:17,482 - Victim node is 6706.
2024-06-27 19:15:17,482 - tensor([ 872, 4528, 7984], device='cuda:0')
2024-06-27 19:15:17,483 - Classification Succeeds.
2024-06-27 19:15:17,483 - Link Generation Fails.
2024-06-27 19:30:32,011 - Victim node is 5701.
2024-06-27 19:30:32,011 - tensor([2028, 3818, 7493], device='cuda:0')
2024-06-27 19:30:32,012 - Classification Succeeds.
2024-06-27 19:30:32,012 - Link Generation Fails.
2024-06-27 19:45:56,903 - Victim node is 3776.
2024-06-27 19:45:56,903 - tensor([13752, 13753, 13754], device='cuda:0')
2024-06-27 19:45:56,903 - Classification Succeeds.
2024-06-27 19:45:56,904 - Link Generation Succeeds.
2024-06-27 19:59:57,694 - Victim node is 10038.
2024-06-27 19:59:57,694 - tensor([13752, 13753, 13754], device='cuda:0')
2024-06-27 19:59:57,694 - Classification Succeeds.
2024-06-27 19:59:57,695 - Link Generation Succeeds.
2024-06-27 20:14:25,094 - Victim node is 2892.
2024-06-27 20:14:25,094 - tensor([ 8140,  8210, 12888], device='cuda:0')
2024-06-27 20:14:25,094 - Classification Succeeds.
2024-06-27 20:14:25,094 - Link Generation Fails.
2024-06-27 20:30:45,425 - Victim node is 2873.
2024-06-27 20:30:45,425 - tensor([ 8210, 13753, 13756], device='cuda:0')
2024-06-27 20:30:45,425 - Classification Fails.
2024-06-27 20:30:45,425 - Link Generation Succeeds.
2024-06-27 20:46:01,539 - Victim node is 6694.
2024-06-27 20:46:01,539 - tensor([4932, 6247, 9251], device='cuda:0')
2024-06-27 20:46:01,540 - Classification Succeeds.
2024-06-27 20:46:01,540 - Link Generation Fails.
2024-06-27 21:00:05,968 - Victim node is 4166.
2024-06-27 21:00:05,969 - tensor([ 4528,  8210, 12888], device='cuda:0')
2024-06-27 21:00:05,975 - Classification Succeeds.
2024-06-27 21:00:05,978 - Link Generation Fails.
2024-06-27 21:14:09,223 - Victim node is 2263.
2024-06-27 21:14:09,223 - tensor([13752, 13753, 13754], device='cuda:0')
2024-06-27 21:14:09,230 - Classification Fails.
2024-06-27 21:14:09,232 - Link Generation Succeeds.
2024-06-27 21:30:39,184 - Victim node is 8739.
2024-06-27 21:30:39,184 - tensor([ 1524,  4528, 12888], device='cuda:0')
2024-06-27 21:30:39,185 - Classification Succeeds.
2024-06-27 21:30:39,185 - Link Generation Fails.
2024-06-27 21:46:59,924 - Victim node is 5869.
2024-06-27 21:46:59,924 - tensor([ 4528,  8140, 12888], device='cuda:0')
2024-06-27 21:46:59,924 - Classification Succeeds.
2024-06-27 21:46:59,924 - Link Generation Fails.
2024-06-27 22:01:15,319 - Victim node is 5851.
2024-06-27 22:01:15,319 - tensor([ 8140,  8210, 12888], device='cuda:0')
2024-06-27 22:01:15,319 - Classification Succeeds.
2024-06-27 22:01:15,320 - Link Generation Fails.
2024-06-27 22:15:12,417 - Victim node is 13371.
2024-06-27 22:15:12,417 - tensor([ 4528,  8210, 12888], device='cuda:0')
2024-06-27 22:15:12,424 - Classification Fails.
2024-06-27 22:15:12,426 - Link Generation Fails.
2024-06-27 22:29:37,825 - Victim node is 12663.
2024-06-27 22:29:37,825 - tensor([13753, 13754, 13756], device='cuda:0')
2024-06-27 22:29:37,826 - Classification Fails.
2024-06-27 22:29:37,826 - Link Generation Succeeds.
2024-06-27 22:44:23,551 - Victim node is 11757.
2024-06-27 22:44:23,551 - tensor([ 2499, 10699, 12320], device='cuda:0')
2024-06-27 22:44:23,551 - Classification Succeeds.
2024-06-27 22:44:23,551 - Link Generation Fails.
2024-06-27 23:00:34,790 - Victim node is 1988.
2024-06-27 23:00:34,790 - tensor([13752, 13753, 13754], device='cuda:0')
2024-06-27 23:00:34,790 - Classification Fails.
2024-06-27 23:00:34,791 - Link Generation Succeeds.
2024-06-27 23:14:46,608 - Victim node is 13524.
2024-06-27 23:14:46,608 - tensor([ 8140,  8210, 12888], device='cuda:0')
2024-06-27 23:14:46,609 - Classification Succeeds.
2024-06-27 23:14:46,609 - Link Generation Fails.
2024-06-27 23:29:33,068 - Victim node is 3092.
2024-06-27 23:29:33,068 - tensor([13752, 13753, 13754], device='cuda:0')
2024-06-27 23:29:33,069 - Classification Succeeds.
2024-06-27 23:29:33,069 - Link Generation Succeeds.
2024-06-27 23:43:29,845 - Victim node is 415.
2024-06-27 23:43:29,845 - tensor([ 1524,  8210, 12888], device='cuda:0')
2024-06-27 23:43:29,852 - Classification Fails.
2024-06-27 23:43:29,855 - Link Generation Fails.
2024-06-27 23:58:47,078 - Victim node is 6398.
2024-06-27 23:58:47,078 - tensor([ 8210, 13752, 13756], device='cuda:0')
2024-06-27 23:58:47,079 - Classification Succeeds.
2024-06-27 23:58:47,079 - Link Generation Succeeds.
2024-06-28 00:13:52,902 - Victim node is 8145.
2024-06-28 00:13:52,902 - tensor([4528, 8140, 8210], device='cuda:0')
2024-06-28 00:13:52,902 - Classification Succeeds.
2024-06-28 00:13:52,902 - Link Generation Fails.
2024-06-28 00:28:58,792 - Victim node is 7218.
2024-06-28 00:28:58,792 - tensor([4528, 8140, 8210], device='cuda:0')
2024-06-28 00:28:58,792 - Classification Succeeds.
2024-06-28 00:28:58,792 - Link Generation Fails.
2024-06-28 00:43:18,169 - Victim node is 6668.
2024-06-28 00:43:18,169 - tensor([ 2499,  7918, 11961], device='cuda:0')
2024-06-28 00:43:18,169 - Classification Succeeds.
2024-06-28 00:43:18,169 - Link Generation Fails.
2024-06-28 00:59:39,639 - Victim node is 6036.
2024-06-28 00:59:39,639 - tensor([13752, 13753, 13754], device='cuda:0')
2024-06-28 00:59:39,643 - Classification Fails.
2024-06-28 00:59:39,643 - Link Generation Succeeds.
2024-06-28 01:15:42,597 - Victim node is 13293.
2024-06-28 01:15:42,597 - tensor([ 8140,  8210, 12888], device='cuda:0')
2024-06-28 01:15:42,597 - Classification Succeeds.
2024-06-28 01:15:42,597 - Link Generation Fails.
2024-06-28 01:32:06,015 - Victim node is 8412.
2024-06-28 01:32:06,015 - tensor([13752, 13754, 13755], device='cuda:0')
2024-06-28 01:32:06,015 - Classification Fails.
2024-06-28 01:32:06,015 - Link Generation Succeeds.
2024-06-28 01:48:26,821 - Victim node is 10833.
2024-06-28 01:48:26,821 - tensor([ 7918, 11961, 13755], device='cuda:0')
2024-06-28 01:48:26,822 - Classification Fails.
2024-06-28 01:48:26,822 - Link Generation Succeeds.
2024-06-28 02:02:57,196 - Victim node is 6103.
2024-06-28 02:02:57,196 - tensor([12888, 13752, 13753], device='cuda:0')
2024-06-28 02:02:57,196 - Classification Succeeds.
2024-06-28 02:02:57,196 - Link Generation Succeeds.
2024-06-28 02:19:16,486 - Victim node is 13620.
2024-06-28 02:19:16,486 - tensor([ 4528,  8210, 12888], device='cuda:0')
2024-06-28 02:19:16,486 - Classification Succeeds.
2024-06-28 02:19:16,486 - Link Generation Fails.
2024-06-28 02:33:12,592 - Victim node is 4507.
2024-06-28 02:33:12,592 - tensor([ 904, 4316, 4862], device='cuda:0')
2024-06-28 02:33:12,592 - Classification Succeeds.
2024-06-28 02:33:12,592 - Link Generation Fails.
2024-06-28 02:47:23,255 - Victim node is 7892.
2024-06-28 02:47:23,255 - tensor([ 2499,  7918, 12320], device='cuda:0')
2024-06-28 02:47:23,255 - Classification Succeeds.
2024-06-28 02:47:23,255 - Link Generation Fails.
2024-06-28 03:03:36,095 - Victim node is 8366.
2024-06-28 03:03:36,095 - tensor([ 8140,  8210, 12888], device='cuda:0')
2024-06-28 03:03:36,096 - Classification Succeeds.
2024-06-28 03:03:36,096 - Link Generation Fails.
2024-06-28 03:18:38,896 - Victim node is 3346.
2024-06-28 03:18:38,896 - tensor([1524, 4135, 4528], device='cuda:0')
2024-06-28 03:18:38,897 - Classification Succeeds.
2024-06-28 03:18:38,897 - Link Generation Fails.
2024-06-28 03:33:18,187 - Victim node is 10043.
2024-06-28 03:33:18,187 - tensor([13753, 13754, 13756], device='cuda:0')
2024-06-28 03:33:18,194 - Classification Fails.
2024-06-28 03:33:18,197 - Link Generation Succeeds.
2024-06-28 03:48:11,604 - Victim node is 7499.
2024-06-28 03:48:11,604 - tensor([ 4528,  8210, 12888], device='cuda:0')
2024-06-28 03:48:11,604 - Classification Succeeds.
2024-06-28 03:48:11,604 - Link Generation Fails.
2024-06-28 04:04:27,438 - Victim node is 3856.
2024-06-28 04:04:27,438 - tensor([4528, 7984, 8140], device='cuda:0')
2024-06-28 04:04:27,439 - Classification Succeeds.
2024-06-28 04:04:27,439 - Link Generation Fails.
2024-06-28 04:20:39,741 - Victim node is 10132.
2024-06-28 04:20:39,741 - tensor([13752, 13755, 13756], device='cuda:0')
2024-06-28 04:20:39,742 - Classification Succeeds.
2024-06-28 04:20:39,742 - Link Generation Succeeds.
2024-06-28 04:35:43,383 - Victim node is 9490.
2024-06-28 04:35:43,384 - tensor([ 8140,  8210, 12888], device='cuda:0')
2024-06-28 04:35:43,384 - Classification Succeeds.
2024-06-28 04:35:43,384 - Link Generation Fails.
2024-06-28 04:51:57,778 - Victim node is 8396.
2024-06-28 04:51:57,778 - tensor([1524, 3452, 4135], device='cuda:0')
2024-06-28 04:51:57,779 - Classification Succeeds.
2024-06-28 04:51:57,779 - Link Generation Fails.
2024-06-28 05:05:52,734 - Victim node is 8413.
2024-06-28 05:05:52,734 - tensor([ 3452,  9659, 10906], device='cuda:0')
2024-06-28 05:05:52,734 - Classification Succeeds.
2024-06-28 05:05:52,734 - Link Generation Fails.
2024-06-28 05:19:58,333 - Victim node is 11424.
2024-06-28 05:19:58,333 - tensor([  872,  1524, 12888], device='cuda:0')
2024-06-28 05:19:58,333 - Classification Succeeds.
2024-06-28 05:19:58,333 - Link Generation Fails.
2024-06-28 05:35:02,851 - Victim node is 821.
2024-06-28 05:35:02,851 - tensor([ 1607,  8435, 11759], device='cuda:0')
2024-06-28 05:35:02,857 - Classification Succeeds.
2024-06-28 05:35:02,858 - Link Generation Fails.
2024-06-28 05:50:05,416 - Victim node is 4463.
2024-06-28 05:50:05,416 - tensor([ 2499, 10699, 12320], device='cuda:0')
2024-06-28 05:50:05,417 - Classification Succeeds.
2024-06-28 05:50:05,417 - Link Generation Fails.
2024-06-28 06:05:09,383 - Victim node is 11615.
2024-06-28 06:05:09,384 - tensor([ 7918,  9322, 11961], device='cuda:0')
2024-06-28 06:05:09,384 - Classification Succeeds.
2024-06-28 06:05:09,384 - Link Generation Fails.
2024-06-28 06:21:21,572 - Victim node is 11019.
2024-06-28 06:21:21,572 - tensor([ 8140,  8210, 12888], device='cuda:0')
2024-06-28 06:21:21,572 - Classification Succeeds.
2024-06-28 06:21:21,573 - Link Generation Fails.
2024-06-28 06:37:31,293 - Victim node is 2601.
2024-06-28 06:37:31,293 - tensor([ 4528,  8140, 12888], device='cuda:0')
2024-06-28 06:37:31,294 - Classification Succeeds.
2024-06-28 06:37:31,294 - Link Generation Fails.
2024-06-28 06:53:44,710 - Victim node is 6675.
2024-06-28 06:53:44,710 - tensor([13753, 13755, 13756], device='cuda:0')
2024-06-28 06:53:44,711 - Classification Fails.
2024-06-28 06:53:44,711 - Link Generation Succeeds.
2024-06-28 07:08:12,044 - Victim node is 164.
2024-06-28 07:08:12,044 - tensor([13752, 13754, 13755], device='cuda:0')
2024-06-28 07:08:12,045 - Classification Fails.
2024-06-28 07:08:12,045 - Link Generation Succeeds.
2024-06-28 07:23:29,335 - Victim node is 5339.
2024-06-28 07:23:29,335 - tensor([ 4862,  9772, 12980], device='cuda:0')
2024-06-28 07:23:29,336 - Classification Succeeds.
2024-06-28 07:23:29,336 - Link Generation Fails.
2024-06-28 07:38:02,923 - Victim node is 13598.
2024-06-28 07:38:02,923 - tensor([ 8210, 12888, 13754], device='cuda:0')
2024-06-28 07:38:02,926 - Classification Succeeds.
2024-06-28 07:38:02,928 - Link Generation Succeeds.
2024-06-28 07:54:05,896 - Victim node is 4944.
2024-06-28 07:54:05,896 - tensor([ 7742,  8140, 12888], device='cuda:0')
2024-06-28 07:54:05,896 - Classification Succeeds.
2024-06-28 07:54:05,896 - Link Generation Fails.
2024-06-28 08:07:54,952 - Victim node is 6709.
2024-06-28 08:07:54,953 - tensor([ 4312, 10835, 10906], device='cuda:0')
2024-06-28 08:07:54,953 - Classification Succeeds.
2024-06-28 08:07:54,953 - Link Generation Fails.
2024-06-28 08:24:27,168 - Victim node is 223.
2024-06-28 08:24:27,168 - tensor([13752, 13753, 13754], device='cuda:0')
2024-06-28 08:24:27,168 - Classification Succeeds.
2024-06-28 08:24:27,168 - Link Generation Succeeds.
2024-06-28 08:40:48,977 - Victim node is 9625.
2024-06-28 08:40:48,977 - tensor([4528, 8140, 8210], device='cuda:0')
2024-06-28 08:40:48,977 - Classification Succeeds.
2024-06-28 08:40:48,977 - Link Generation Fails.
2024-06-28 08:57:12,106 - Victim node is 7553.
2024-06-28 08:57:12,106 - tensor([4528, 8140, 8210], device='cuda:0')
2024-06-28 08:57:12,107 - Classification Succeeds.
2024-06-28 08:57:12,107 - Link Generation Fails.
2024-06-28 09:13:31,870 - Victim node is 7241.
2024-06-28 09:13:31,870 - tensor([ 8140,  8210, 12888], device='cuda:0')
2024-06-28 09:13:31,876 - Classification Succeeds.
2024-06-28 09:13:31,877 - Link Generation Fails.
2024-06-28 09:29:51,175 - Victim node is 7588.
2024-06-28 09:29:51,175 - tensor([ 8140,  8210, 12888], device='cuda:0')
2024-06-28 09:29:51,176 - Classification Succeeds.
2024-06-28 09:29:51,176 - Link Generation Fails.
2024-06-28 09:44:51,300 - Victim node is 10730.
2024-06-28 09:44:51,300 - tensor([ 8140,  8210, 12888], device='cuda:0')
2024-06-28 09:44:51,301 - Classification Succeeds.
2024-06-28 09:44:51,301 - Link Generation Fails.
2024-06-28 10:01:11,940 - Victim node is 5250.
2024-06-28 10:01:11,940 - tensor([1524, 2138, 7984], device='cuda:0')
2024-06-28 10:01:11,941 - Classification Succeeds.
2024-06-28 10:01:11,941 - Link Generation Fails.
2024-06-28 10:17:36,145 - Victim node is 1417.
2024-06-28 10:17:36,145 - tensor([ 8140,  8210, 12888], device='cuda:0')
2024-06-28 10:17:36,146 - Classification Succeeds.
2024-06-28 10:17:36,146 - Link Generation Fails.
2024-06-28 10:33:59,935 - Victim node is 8567.
2024-06-28 10:33:59,935 - tensor([13752, 13753, 13754], device='cuda:0')
2024-06-28 10:33:59,936 - Classification Fails.
2024-06-28 10:33:59,936 - Link Generation Succeeds.
2024-06-28 10:50:18,395 - Victim node is 6025.
2024-06-28 10:50:18,395 - tensor([ 4528,  8210, 12888], device='cuda:0')
2024-06-28 10:50:18,395 - Classification Succeeds.
2024-06-28 10:50:18,395 - Link Generation Fails.
2024-06-28 11:06:39,342 - Victim node is 9137.
2024-06-28 11:06:39,342 - tensor([ 872, 7984, 8140], device='cuda:0')
2024-06-28 11:06:39,342 - Classification Succeeds.
2024-06-28 11:06:39,345 - Link Generation Fails.
2024-06-28 11:20:36,064 - Victim node is 5875.
2024-06-28 11:20:36,064 - tensor([ 872, 4135, 7984], device='cuda:0')
2024-06-28 11:20:36,064 - Classification Succeeds.
2024-06-28 11:20:36,064 - Link Generation Fails.
2024-06-28 11:35:50,082 - Victim node is 4764.
2024-06-28 11:35:50,083 - tensor([ 2499,  7918, 12320], device='cuda:0')
2024-06-28 11:35:50,083 - Classification Succeeds.
2024-06-28 11:35:50,083 - Link Generation Fails.
2024-06-28 11:51:09,854 - Victim node is 11998.
2024-06-28 11:51:09,854 - tensor([13752, 13753, 13754], device='cuda:0')
2024-06-28 11:51:09,854 - Classification Fails.
2024-06-28 11:51:09,854 - Link Generation Succeeds.
2024-06-28 12:06:46,061 - Victim node is 13172.
2024-06-28 12:06:46,061 - tensor([ 8140,  8210, 12888], device='cuda:0')
2024-06-28 12:06:46,061 - Classification Succeeds.
2024-06-28 12:06:46,061 - Link Generation Fails.
2024-06-28 12:23:01,145 - Victim node is 3594.
2024-06-28 12:23:01,145 - tensor([ 556, 2515, 8210], device='cuda:0')
2024-06-28 12:23:01,145 - Classification Succeeds.
2024-06-28 12:23:01,145 - Link Generation Fails.
2024-06-28 12:36:59,362 - Victim node is 2803.
2024-06-28 12:36:59,362 - tensor([13752, 13753, 13754], device='cuda:0')
2024-06-28 12:36:59,362 - Classification Fails.
2024-06-28 12:36:59,362 - Link Generation Succeeds.
2024-06-28 12:53:19,652 - Victim node is 13057.
2024-06-28 12:53:19,652 - tensor([13752, 13753, 13754], device='cuda:0')
2024-06-28 12:53:19,652 - Classification Fails.
2024-06-28 12:53:19,652 - Link Generation Succeeds.
2024-06-28 13:09:32,922 - Victim node is 10550.
2024-06-28 13:09:32,922 - tensor([ 4528,  8140, 12888], device='cuda:0')
2024-06-28 13:09:32,922 - Classification Succeeds.
2024-06-28 13:09:32,922 - Link Generation Fails.
2024-06-28 13:23:19,023 - Victim node is 9042.
2024-06-28 13:23:19,023 - tensor([12888, 13755, 13756], device='cuda:0')
2024-06-28 13:23:19,030 - Classification Fails.
2024-06-28 13:23:19,033 - Link Generation Succeeds.
2024-06-28 13:37:48,824 - Victim node is 12448.
2024-06-28 13:37:48,824 - tensor([13752, 13753, 13754], device='cuda:0')
2024-06-28 13:37:48,824 - Classification Fails.
2024-06-28 13:37:48,824 - Link Generation Succeeds.
2024-06-28 13:51:38,909 - Victim node is 973.
2024-06-28 13:51:38,909 - tensor([13752, 13753, 13754], device='cuda:0')
2024-06-28 13:51:38,910 - Classification Succeeds.
2024-06-28 13:51:38,910 - Link Generation Succeeds.
2024-06-28 14:05:45,858 - Victim node is 8964.
2024-06-28 14:05:45,858 - tensor([13752, 13753, 13755], device='cuda:0')
2024-06-28 14:05:45,858 - Classification Fails.
2024-06-28 14:05:45,858 - Link Generation Succeeds.
2024-06-28 14:21:52,758 - Victim node is 4418.
2024-06-28 14:21:52,758 - tensor([ 1538,  7918, 11961], device='cuda:0')
2024-06-28 14:21:52,759 - Classification Succeeds.
2024-06-28 14:21:52,759 - Link Generation Fails.
2024-06-28 14:37:57,895 - Victim node is 5239.
2024-06-28 14:37:57,895 - tensor([ 8140,  8210, 12888], device='cuda:0')
2024-06-28 14:37:57,895 - Classification Fails.
2024-06-28 14:37:57,895 - Link Generation Fails.
2024-06-28 14:54:03,669 - Victim node is 4438.
2024-06-28 14:54:03,669 - tensor([ 8140,  8210, 12888], device='cuda:0')
2024-06-28 14:54:03,669 - Classification Succeeds.
2024-06-28 14:54:03,669 - Link Generation Fails.
2024-06-28 15:07:52,044 - Victim node is 11534.
2024-06-28 15:07:52,044 - tensor([ 1524,  7984, 12888], device='cuda:0')
2024-06-28 15:07:52,051 - Classification Succeeds.
2024-06-28 15:07:52,053 - Link Generation Fails.
2024-06-28 15:22:47,203 - Victim node is 4408.
2024-06-28 15:22:47,203 - tensor([ 1524,  4528, 12888], device='cuda:0')
2024-06-28 15:22:47,203 - Classification Succeeds.
2024-06-28 15:22:47,203 - Link Generation Fails.
2024-06-28 15:36:54,227 - Victim node is 1062.
2024-06-28 15:36:54,227 - tensor([ 8455, 10906, 13013], device='cuda:0')
2024-06-28 15:36:54,227 - Classification Succeeds.
2024-06-28 15:36:54,227 - Link Generation Fails.
2024-06-28 15:53:08,698 - Victim node is 9853.
2024-06-28 15:53:08,698 - tensor([ 8140,  8210, 12888], device='cuda:0')
2024-06-28 15:53:08,698 - Classification Succeeds.
2024-06-28 15:53:08,698 - Link Generation Fails.
2024-06-28 16:09:23,456 - Victim node is 2542.
2024-06-28 16:09:23,456 - tensor([ 4528,  8140, 12888], device='cuda:0')
2024-06-28 16:09:23,460 - Classification Succeeds.
2024-06-28 16:09:23,460 - Link Generation Fails.
2024-06-28 16:23:10,706 - Victim node is 9343.
2024-06-28 16:23:10,706 - tensor([ 4862,  9772, 12980], device='cuda:0')
2024-06-28 16:23:10,706 - Classification Succeeds.
2024-06-28 16:23:10,706 - Link Generation Fails.
2024-06-28 16:39:17,789 - Victim node is 969.
2024-06-28 16:39:17,789 - tensor([13752, 13755, 13756], device='cuda:0')
2024-06-28 16:39:17,789 - Classification Fails.
2024-06-28 16:39:17,789 - Link Generation Succeeds.
2024-06-28 16:55:24,046 - Victim node is 401.
2024-06-28 16:55:24,046 - tensor([ 1524, 13755, 13756], device='cuda:0')
2024-06-28 16:55:24,047 - Classification Fails.
2024-06-28 16:55:24,049 - Link Generation Succeeds.
2024-06-28 17:09:29,505 - Victim node is 6957.
2024-06-28 17:09:29,506 - tensor([ 4528,  8210, 12888], device='cuda:0')
2024-06-28 17:09:29,506 - Classification Succeeds.
2024-06-28 17:09:29,506 - Link Generation Fails.
2024-06-28 17:23:45,831 - Victim node is 5760.
2024-06-28 17:23:45,831 - tensor([ 7918, 11961, 12320], device='cuda:0')
2024-06-28 17:23:45,832 - Classification Succeeds.
2024-06-28 17:23:45,832 - Link Generation Fails.
2024-06-28 17:37:39,179 - Victim node is 12986.
2024-06-28 17:37:39,179 - tensor([ 4528,  8210, 12888], device='cuda:0')
2024-06-28 17:37:39,179 - Classification Succeeds.
2024-06-28 17:37:39,179 - Link Generation Fails.
2024-06-28 17:51:33,924 - Victim node is 3330.
2024-06-28 17:51:33,924 - tensor([13752, 13753, 13754], device='cuda:0')
2024-06-28 17:51:33,931 - Classification Fails.
2024-06-28 17:51:33,933 - Link Generation Succeeds.
2024-06-28 18:06:07,137 - Victim node is 1297.
2024-06-28 18:06:07,138 - tensor([13752, 13753, 13754], device='cuda:0')
2024-06-28 18:06:07,138 - Classification Succeeds.
2024-06-28 18:06:07,138 - Link Generation Succeeds.
2024-06-28 18:21:48,310 - Victim node is 6494.
2024-06-28 18:21:48,310 - tensor([4528, 8140, 8210], device='cuda:0')
2024-06-28 18:21:48,310 - Classification Succeeds.
2024-06-28 18:21:48,310 - Link Generation Fails.
2024-06-28 18:35:37,522 - Victim node is 782.
2024-06-28 18:35:37,522 - tensor([ 4528,  8140, 12888], device='cuda:0')
2024-06-28 18:35:37,522 - Classification Fails.
2024-06-28 18:35:37,522 - Link Generation Fails.
2024-06-28 18:50:11,827 - Victim node is 885.
2024-06-28 18:50:11,827 - tensor([ 9711, 10906, 13752], device='cuda:0')
2024-06-28 18:50:11,828 - Classification Succeeds.
2024-06-28 18:50:11,828 - Link Generation Succeeds.
2024-06-28 19:05:52,437 - Victim node is 3071.
2024-06-28 19:05:52,437 - tensor([1524, 7984, 8210], device='cuda:0')
2024-06-28 19:05:52,437 - Classification Fails.
2024-06-28 19:05:52,437 - Link Generation Fails.
2024-06-28 19:20:28,828 - Victim node is 6866.
2024-06-28 19:20:28,829 - tensor([13752, 13753, 13754], device='cuda:0')
2024-06-28 19:20:28,835 - Classification Succeeds.
2024-06-28 19:20:28,838 - Link Generation Succeeds.
2024-06-28 19:34:29,970 - Victim node is 12957.
2024-06-28 19:34:29,970 - tensor([13752, 13753, 13754], device='cuda:0')
2024-06-28 19:34:29,977 - Classification Fails.
2024-06-28 19:34:29,979 - Link Generation Succeeds.
2024-06-28 19:49:35,734 - Victim node is 297.
2024-06-28 19:49:35,734 - tensor([13753, 13754, 13755], device='cuda:0')
2024-06-28 19:49:35,741 - Classification Fails.
2024-06-28 19:49:35,743 - Link Generation Succeeds.
2024-06-28 20:05:12,698 - Victim node is 13313.
2024-06-28 20:05:12,699 - tensor([ 904, 1607, 8435], device='cuda:0')
2024-06-28 20:05:12,699 - Classification Succeeds.
2024-06-28 20:05:12,699 - Link Generation Fails.
2024-06-28 20:19:25,363 - Victim node is 522.
2024-06-28 20:19:25,363 - tensor([ 8140,  8210, 12888], device='cuda:0')
2024-06-28 20:19:25,364 - Classification Succeeds.
2024-06-28 20:19:25,366 - Link Generation Fails.
2024-06-28 20:33:57,585 - Victim node is 768.
2024-06-28 20:33:57,585 - tensor([13752, 13753, 13754], device='cuda:0')
2024-06-28 20:33:57,586 - Classification Fails.
2024-06-28 20:33:57,586 - Link Generation Succeeds.
2024-06-28 20:47:54,253 - Victim node is 13553.
2024-06-28 20:47:54,253 - tensor([ 1524,  8210, 12888], device='cuda:0')
2024-06-28 20:47:54,253 - Classification Succeeds.
2024-06-28 20:47:54,253 - Link Generation Fails.
2024-06-28 21:01:48,781 - Victim node is 12620.
2024-06-28 21:01:48,781 - tensor([ 1524,  8210, 12888], device='cuda:0')
2024-06-28 21:01:48,781 - Classification Succeeds.
2024-06-28 21:01:48,781 - Link Generation Fails.
2024-06-28 21:16:16,804 - Victim node is 3408.
2024-06-28 21:16:16,804 - tensor([ 8140,  8210, 12888], device='cuda:0')
2024-06-28 21:16:16,804 - Classification Succeeds.
2024-06-28 21:16:16,804 - Link Generation Fails.
2024-06-28 21:31:11,713 - Victim node is 13036.
2024-06-28 21:31:11,713 - tensor([ 1524,  4528, 12888], device='cuda:0')
2024-06-28 21:31:11,715 - Classification Succeeds.
2024-06-28 21:31:11,715 - Link Generation Fails.
2024-06-28 21:45:10,537 - Victim node is 1299.
2024-06-28 21:45:10,537 - tensor([13752, 13753, 13754], device='cuda:0')
2024-06-28 21:45:10,537 - Classification Succeeds.
2024-06-28 21:45:10,537 - Link Generation Succeeds.
2024-06-28 21:59:51,711 - Victim node is 3393.
2024-06-28 21:59:51,711 - tensor([1524, 4528, 8140], device='cuda:0')
2024-06-28 21:59:51,712 - Classification Succeeds.
2024-06-28 21:59:51,712 - Link Generation Fails.
2024-06-28 22:15:59,483 - Victim node is 12268.
2024-06-28 22:15:59,483 - tensor([13752, 13753, 13754], device='cuda:0')
2024-06-28 22:15:59,483 - Classification Succeeds.
2024-06-28 22:15:59,483 - Link Generation Succeeds.
2024-06-28 22:32:03,506 - Victim node is 892.
2024-06-28 22:32:03,507 - tensor([7984, 9251, 9915], device='cuda:0')
2024-06-28 22:32:03,507 - Classification Succeeds.
2024-06-28 22:32:03,507 - Link Generation Fails.
2024-06-28 22:47:55,109 - Victim node is 11778.
2024-06-28 22:47:55,109 - tensor([ 1524,  8210, 12888], device='cuda:0')
2024-06-28 22:47:55,110 - Classification Succeeds.
2024-06-28 22:47:55,110 - Link Generation Fails.
2024-06-28 23:02:17,042 - Victim node is 10659.
2024-06-28 23:02:17,042 - tensor([ 2499, 10699, 13753], device='cuda:0')
2024-06-28 23:02:17,043 - Classification Succeeds.
2024-06-28 23:02:17,043 - Link Generation Succeeds.
2024-06-28 23:16:11,234 - Victim node is 7951.
2024-06-28 23:16:11,234 - tensor([13752, 13753, 13754], device='cuda:0')
2024-06-28 23:16:11,241 - Classification Fails.
2024-06-28 23:16:11,244 - Link Generation Succeeds.
2024-06-28 23:30:54,327 - Victim node is 11521.
2024-06-28 23:30:54,327 - tensor([ 1524,  7984, 12888], device='cuda:0')
2024-06-28 23:30:54,328 - Classification Succeeds.
2024-06-28 23:30:54,328 - Link Generation Fails.
2024-06-28 23:45:02,335 - Victim node is 1970.
2024-06-28 23:45:02,335 - tensor([ 8140,  9772, 12888], device='cuda:0')
2024-06-28 23:45:02,342 - Classification Succeeds.
2024-06-28 23:45:02,344 - Link Generation Fails.
2024-06-28 23:59:27,141 - Victim node is 6148.
2024-06-28 23:59:27,142 - tensor([13752, 13753, 13754], device='cuda:0')
2024-06-28 23:59:27,142 - Classification Fails.
2024-06-28 23:59:27,142 - Link Generation Succeeds.
2024-06-29 00:15:28,271 - Victim node is 11774.
2024-06-29 00:15:28,272 - tensor([3452, 4135, 8140], device='cuda:0')
2024-06-29 00:15:28,278 - Classification Succeeds.
2024-06-29 00:15:28,278 - Link Generation Fails.
2024-06-29 00:29:34,888 - Victim node is 1144.
2024-06-29 00:29:34,888 - tensor([ 4528,  8210, 12888], device='cuda:0')
2024-06-29 00:29:34,889 - Classification Succeeds.
2024-06-29 00:29:34,889 - Link Generation Fails.
2024-06-29 00:45:42,784 - Victim node is 8368.
2024-06-29 00:45:42,784 - tensor([  904,  7918, 11759], device='cuda:0')
2024-06-29 00:45:42,784 - Classification Succeeds.
2024-06-29 00:45:42,784 - Link Generation Fails.
2024-06-29 00:59:54,359 - Victim node is 4838.
2024-06-29 00:59:54,359 - tensor([ 8140,  8210, 12888], device='cuda:0')
2024-06-29 00:59:54,359 - Classification Succeeds.
2024-06-29 00:59:54,359 - Link Generation Fails.
2024-06-29 01:14:14,816 - Victim node is 9378.
2024-06-29 01:14:14,816 - tensor([ 8140,  8210, 12888], device='cuda:0')
2024-06-29 01:14:14,820 - Classification Succeeds.
2024-06-29 01:14:14,820 - Link Generation Fails.
2024-06-29 01:29:02,409 - Victim node is 1782.
2024-06-29 01:29:02,409 - tensor([ 872, 2138, 7984], device='cuda:0')
2024-06-29 01:29:02,415 - Classification Fails.
2024-06-29 01:29:02,418 - Link Generation Fails.
2024-06-29 01:43:47,857 - Victim node is 4630.
2024-06-29 01:43:47,857 - tensor([1524, 3452, 9251], device='cuda:0')
2024-06-29 01:43:47,864 - Classification Succeeds.
2024-06-29 01:43:47,866 - Link Generation Fails.
2024-06-29 01:59:56,535 - Victim node is 12807.
2024-06-29 01:59:56,535 - tensor([ 8210, 13755, 13756], device='cuda:0')
2024-06-29 01:59:56,536 - Classification Succeeds.
2024-06-29 01:59:56,536 - Link Generation Succeeds.
2024-06-29 02:14:23,153 - Victim node is 10940.
2024-06-29 02:14:23,153 - tensor([ 7918,  9322, 11961], device='cuda:0')
2024-06-29 02:14:23,155 - Classification Succeeds.
2024-06-29 02:14:23,158 - Link Generation Fails.
2024-06-29 02:28:32,680 - Victim node is 3106.
2024-06-29 02:28:32,680 - tensor([13752, 13753, 13754], device='cuda:0')
2024-06-29 02:28:32,687 - Classification Fails.
2024-06-29 02:28:32,689 - Link Generation Succeeds.
2024-06-29 02:42:53,730 - Victim node is 12548.
2024-06-29 02:42:53,731 - tensor([13752, 13753, 13754], device='cuda:0')
2024-06-29 02:42:53,737 - Classification Fails.
2024-06-29 02:42:53,740 - Link Generation Succeeds.
2024-06-29 02:57:38,118 - Victim node is 9683.
2024-06-29 02:57:38,118 - tensor([ 1607,  8435, 11759], device='cuda:0')
2024-06-29 02:57:38,118 - Classification Succeeds.
2024-06-29 02:57:38,119 - Link Generation Fails.
2024-06-29 03:12:24,914 - Victim node is 1139.
2024-06-29 03:12:24,914 - tensor([8140, 9251, 9915], device='cuda:0')
2024-06-29 03:12:24,914 - Classification Succeeds.
2024-06-29 03:12:24,914 - Link Generation Fails.
2024-06-29 03:28:26,852 - Victim node is 6381.
2024-06-29 03:28:26,852 - tensor([13752, 13753, 13754], device='cuda:0')
2024-06-29 03:28:26,853 - Classification Fails.
2024-06-29 03:28:26,853 - Link Generation Succeeds.
2024-06-29 03:43:17,694 - Victim node is 3028.
2024-06-29 03:43:17,694 - tensor([1524, 4528, 8210], device='cuda:0')
2024-06-29 03:43:17,694 - Classification Succeeds.
2024-06-29 03:43:17,694 - Link Generation Fails.
2024-06-29 03:58:10,531 - Victim node is 2050.
2024-06-29 03:58:10,532 - tensor([ 8140,  8210, 12888], device='cuda:0')
2024-06-29 03:58:10,532 - Classification Succeeds.
2024-06-29 03:58:10,532 - Link Generation Fails.
2024-06-29 04:14:13,210 - Victim node is 7649.
2024-06-29 04:14:13,210 - tensor([ 8140,  8210, 12888], device='cuda:0')
2024-06-29 04:14:13,210 - Classification Succeeds.
2024-06-29 04:14:13,210 - Link Generation Fails.
2024-06-29 04:28:48,117 - Victim node is 4448.
2024-06-29 04:28:48,117 - tensor([  904,  1607, 11759], device='cuda:0')
2024-06-29 04:28:48,117 - Classification Fails.
2024-06-29 04:28:48,117 - Link Generation Fails.
2024-06-29 04:44:52,436 - Victim node is 4966.
2024-06-29 04:44:52,436 - tensor([ 8140,  8210, 12888], device='cuda:0')
2024-06-29 04:44:52,436 - Classification Succeeds.
2024-06-29 04:44:52,437 - Link Generation Fails.
2024-06-29 05:00:56,180 - Victim node is 4655.
2024-06-29 05:00:56,180 - tensor([ 8140,  8210, 12888], device='cuda:0')
2024-06-29 05:00:56,180 - Classification Succeeds.
2024-06-29 05:00:56,180 - Link Generation Fails.
2024-06-29 05:15:48,132 - Victim node is 12442.
2024-06-29 05:15:48,132 - tensor([13752, 13753, 13754], device='cuda:0')
2024-06-29 05:15:48,132 - Classification Succeeds.
2024-06-29 05:15:48,132 - Link Generation Succeeds.
2024-06-29 05:30:01,352 - Victim node is 4971.
2024-06-29 05:30:01,352 - tensor([1607, 2499, 7918], device='cuda:0')
2024-06-29 05:30:01,359 - Classification Succeeds.
2024-06-29 05:30:01,362 - Link Generation Fails.
2024-06-29 05:44:48,463 - Victim node is 13021.
2024-06-29 05:44:48,463 - tensor([ 1524,  8140, 12888], device='cuda:0')
2024-06-29 05:44:48,470 - Classification Succeeds.
2024-06-29 05:44:48,472 - Link Generation Fails.
2024-06-29 05:59:35,896 - Victim node is 9135.
2024-06-29 05:59:35,896 - tensor([  904,  1607, 11759], device='cuda:0')
2024-06-29 05:59:35,897 - Classification Succeeds.
2024-06-29 05:59:35,897 - Link Generation Fails.
2024-06-29 06:15:42,037 - Victim node is 1314.
2024-06-29 06:15:42,037 - tensor([4528, 7984, 9915], device='cuda:0')
2024-06-29 06:15:42,037 - Classification Succeeds.
2024-06-29 06:15:42,037 - Link Generation Fails.
2024-06-29 06:29:31,716 - Victim node is 10521.
2024-06-29 06:29:31,716 - tensor([13752, 13753, 13754], device='cuda:0')
2024-06-29 06:29:31,723 - Classification Fails.
2024-06-29 06:29:31,725 - Link Generation Succeeds.
2024-06-29 06:43:43,882 - Victim node is 8518.
2024-06-29 06:43:43,882 - tensor([1524, 4528, 9915], device='cuda:0')
2024-06-29 06:43:43,887 - Classification Succeeds.
2024-06-29 06:43:43,887 - Link Generation Fails.
2024-06-29 07:00:07,279 - Victim node is 4373.
2024-06-29 07:00:07,279 - tensor([1524, 4135, 9915], device='cuda:0')
2024-06-29 07:00:07,279 - Classification Succeeds.
2024-06-29 07:00:07,280 - Link Generation Fails.
2024-06-29 07:15:01,418 - Victim node is 1316.
2024-06-29 07:15:01,418 - tensor([ 8140,  8210, 12888], device='cuda:0')
2024-06-29 07:15:01,418 - Classification Succeeds.
2024-06-29 07:15:01,418 - Link Generation Fails.
2024-06-29 07:29:15,615 - Victim node is 4824.
2024-06-29 07:29:15,615 - tensor([ 1538,  7918, 11961], device='cuda:0')
2024-06-29 07:29:15,616 - Classification Succeeds.
2024-06-29 07:29:15,616 - Link Generation Fails.
2024-06-29 07:43:56,752 - Victim node is 13099.
2024-06-29 07:43:56,752 - tensor([ 2499,  7918, 10707], device='cuda:0')
2024-06-29 07:43:56,759 - Classification Succeeds.
2024-06-29 07:43:56,761 - Link Generation Fails.
2024-06-29 07:57:57,610 - Victim node is 6027.
2024-06-29 07:57:57,610 - tensor([13752, 13753, 13754], device='cuda:0')
2024-06-29 07:57:57,610 - Classification Fails.
2024-06-29 07:57:57,610 - Link Generation Succeeds.
2024-06-29 08:12:50,873 - Victim node is 2630.
2024-06-29 08:12:50,873 - tensor([3240, 7918, 9322], device='cuda:0')
2024-06-29 08:12:50,873 - Classification Succeeds.
2024-06-29 08:12:50,873 - Link Generation Fails.
2024-06-29 08:27:05,608 - Victim node is 1234.
2024-06-29 08:27:05,608 - tensor([13752, 13753, 13754], device='cuda:0')
2024-06-29 08:27:05,615 - Classification Fails.
2024-06-29 08:27:05,617 - Link Generation Succeeds.
2024-06-29 08:41:50,788 - Victim node is 3971.
2024-06-29 08:41:50,789 - tensor([ 1524,  7984, 12888], device='cuda:0')
2024-06-29 08:41:50,789 - Classification Fails.
2024-06-29 08:41:50,789 - Link Generation Fails.
2024-06-29 08:56:14,379 - Victim node is 12654.
2024-06-29 08:56:14,379 - tensor([13752, 13753, 13754], device='cuda:0')
2024-06-29 08:56:14,386 - Classification Fails.
2024-06-29 08:56:14,388 - Link Generation Succeeds.
2024-06-29 09:10:57,489 - Victim node is 10134.
2024-06-29 09:10:57,489 - tensor([13752, 13755, 13756], device='cuda:0')
2024-06-29 09:10:57,489 - Classification Succeeds.
2024-06-29 09:10:57,489 - Link Generation Succeeds.
2024-06-29 09:25:50,062 - Victim node is 6895.
2024-06-29 09:25:50,062 - tensor([13752, 13753, 13754], device='cuda:0')
2024-06-29 09:25:50,062 - Classification Fails.
2024-06-29 09:25:50,062 - Link Generation Succeeds.
2024-06-29 09:40:52,712 - Victim node is 1493.
2024-06-29 09:40:52,712 - tensor([4528, 8140, 8210], device='cuda:0')
2024-06-29 09:40:52,712 - Classification Fails.
2024-06-29 09:40:52,712 - Link Generation Fails.
2024-06-29 09:56:56,560 - Victim node is 4070.
2024-06-29 09:56:56,560 - tensor([ 8140,  8210, 12888], device='cuda:0')
2024-06-29 09:56:56,561 - Classification Fails.
2024-06-29 09:56:56,561 - Link Generation Fails.
2024-06-29 10:11:41,509 - Victim node is 7910.
2024-06-29 10:11:41,509 - tensor([ 4528,  8210, 12888], device='cuda:0')
2024-06-29 10:11:41,516 - Classification Succeeds.
2024-06-29 10:11:41,519 - Link Generation Fails.
2024-06-29 10:26:23,475 - Victim node is 11141.
2024-06-29 10:26:23,475 - tensor([ 8140,  8210, 12888], device='cuda:0')
2024-06-29 10:26:23,475 - Classification Succeeds.
2024-06-29 10:26:23,475 - Link Generation Fails.
2024-06-29 10:42:24,352 - Victim node is 6439.
2024-06-29 10:42:24,352 - tensor([  904,  4316, 10891], device='cuda:0')
2024-06-29 10:42:24,352 - Classification Succeeds.
2024-06-29 10:42:24,353 - Link Generation Fails.
2024-06-29 10:58:17,710 - Victim node is 6983.
2024-06-29 10:58:17,710 - tensor([13752, 13753, 13754], device='cuda:0')
2024-06-29 10:58:17,711 - Classification Fails.
2024-06-29 10:58:17,711 - Link Generation Succeeds.
2024-06-29 11:12:26,375 - Victim node is 6636.
2024-06-29 11:12:26,375 - tensor([13752, 13753, 13754], device='cuda:0')
2024-06-29 11:12:26,382 - Classification Fails.
2024-06-29 11:12:26,384 - Link Generation Succeeds.
2024-06-29 11:27:06,757 - Victim node is 7947.
2024-06-29 11:27:06,757 - tensor([ 8210, 12888, 13756], device='cuda:0')
2024-06-29 11:27:06,758 - Classification Fails.
2024-06-29 11:27:06,758 - Link Generation Succeeds.
2024-06-29 11:42:13,638 - Victim node is 1958.
2024-06-29 11:42:13,639 - tensor([13753, 13755, 13756], device='cuda:0')
2024-06-29 11:42:13,639 - Classification Fails.
2024-06-29 11:42:13,639 - Link Generation Succeeds.
2024-06-29 11:58:14,364 - Victim node is 2250.
2024-06-29 11:58:14,364 - tensor([ 904, 1607, 2026], device='cuda:0')
2024-06-29 11:58:14,364 - Classification Fails.
2024-06-29 11:58:14,364 - Link Generation Fails.
2024-06-29 12:14:11,222 - Victim node is 5126.
2024-06-29 12:14:11,222 - tensor([13752, 13753, 13754], device='cuda:0')
2024-06-29 12:14:11,223 - Classification Fails.
2024-06-29 12:14:11,223 - Link Generation Succeeds.
2024-06-29 12:30:04,434 - Victim node is 242.
2024-06-29 12:30:04,434 - tensor([4135, 7984, 9251], device='cuda:0')
2024-06-29 12:30:04,434 - Classification Succeeds.
2024-06-29 12:30:04,434 - Link Generation Fails.
2024-06-29 12:44:57,697 - Victim node is 6764.
2024-06-29 12:44:57,697 - tensor([13752, 13753, 13754], device='cuda:0')
2024-06-29 12:44:57,704 - Classification Fails.
2024-06-29 12:44:57,706 - Link Generation Succeeds.
2024-06-29 12:59:36,339 - Victim node is 1210.
2024-06-29 12:59:36,339 - tensor([ 1524,  4528, 12888], device='cuda:0')
2024-06-29 12:59:36,346 - Classification Succeeds.
2024-06-29 12:59:36,348 - Link Generation Fails.
2024-06-29 13:13:50,952 - Victim node is 5299.
2024-06-29 13:13:50,952 - tensor([13754, 13755, 13756], device='cuda:0')
2024-06-29 13:13:50,953 - Classification Succeeds.
2024-06-29 13:13:50,953 - Link Generation Succeeds.
2024-06-29 13:28:52,061 - Victim node is 1069.
2024-06-29 13:28:52,061 - tensor([13752, 13753, 13756], device='cuda:0')
2024-06-29 13:28:52,068 - Classification Succeeds.
2024-06-29 13:28:52,070 - Link Generation Succeeds.
2024-06-29 13:44:48,604 - Victim node is 2706.
2024-06-29 13:44:48,604 - tensor([13752, 13753, 13754], device='cuda:0')
2024-06-29 13:44:48,604 - Classification Fails.
2024-06-29 13:44:48,604 - Link Generation Succeeds.
2024-06-29 14:00:40,513 - Victim node is 5120.
2024-06-29 14:00:40,513 - tensor([ 8140,  8210, 12888], device='cuda:0')
2024-06-29 14:00:40,513 - Classification Fails.
2024-06-29 14:00:40,513 - Link Generation Fails.
2024-06-29 14:14:29,280 - Victim node is 107.
2024-06-29 14:14:29,280 - tensor([13753, 13754, 13756], device='cuda:0')
2024-06-29 14:14:29,287 - Classification Succeeds.
2024-06-29 14:14:29,289 - Link Generation Succeeds.
2024-06-29 14:29:16,076 - Victim node is 9237.
2024-06-29 14:29:16,076 - tensor([ 4528,  8140, 12888], device='cuda:0')
2024-06-29 14:29:16,077 - Classification Succeeds.
2024-06-29 14:29:16,077 - Link Generation Fails.
2024-06-29 14:43:24,774 - Victim node is 10034.
2024-06-29 14:43:24,775 - tensor([13752, 13753, 13754], device='cuda:0')
2024-06-29 14:43:24,781 - Classification Fails.
2024-06-29 14:43:24,784 - Link Generation Succeeds.
2024-06-29 14:58:12,428 - Victim node is 2126.
2024-06-29 14:58:12,428 - tensor([13752, 13753, 13754], device='cuda:0')
2024-06-29 14:58:12,435 - Classification Fails.
2024-06-29 14:58:12,438 - Link Generation Succeeds.
2024-06-29 15:12:59,867 - Victim node is 9753.
2024-06-29 15:12:59,867 - tensor([13752, 13753, 13754], device='cuda:0')
2024-06-29 15:12:59,874 - Classification Fails.
2024-06-29 15:12:59,876 - Link Generation Succeeds.
2024-06-29 15:27:44,881 - Victim node is 12668.
2024-06-29 15:27:44,882 - tensor([ 1607,  1781, 11759], device='cuda:0')
2024-06-29 15:27:44,882 - Classification Fails.
2024-06-29 15:27:44,882 - Link Generation Fails.
2024-06-29 15:42:25,670 - Victim node is 3502.
2024-06-29 15:42:25,670 - tensor([ 8140,  8210, 12888], device='cuda:0')
2024-06-29 15:42:25,673 - Classification Succeeds.
2024-06-29 15:42:25,675 - Link Generation Fails.
2024-06-29 15:57:00,823 - Victim node is 9114.
2024-06-29 15:57:00,823 - tensor([ 7742,  9772, 12980], device='cuda:0')
2024-06-29 15:57:00,823 - Classification Fails.
2024-06-29 15:57:00,823 - Link Generation Fails.
2024-06-29 16:11:54,860 - Victim node is 13525.
2024-06-29 16:11:54,860 - tensor([ 8210, 10835, 10906], device='cuda:0')
2024-06-29 16:11:54,861 - Classification Succeeds.
2024-06-29 16:11:54,861 - Link Generation Fails.
2024-06-29 16:26:48,897 - Victim node is 10978.
2024-06-29 16:26:48,898 - tensor([ 8140,  8210, 12888], device='cuda:0')
2024-06-29 16:26:48,898 - Classification Succeeds.
2024-06-29 16:26:48,898 - Link Generation Fails.
2024-06-29 16:43:00,168 - Victim node is 2257.
2024-06-29 16:43:00,168 - tensor([13752, 13753, 13754], device='cuda:0')
2024-06-29 16:43:00,169 - Classification Fails.
2024-06-29 16:43:00,169 - Link Generation Succeeds.
2024-06-29 16:57:52,556 - Victim node is 10124.
2024-06-29 16:57:52,556 - tensor([ 8140,  8210, 12888], device='cuda:0')
2024-06-29 16:57:52,563 - Classification Fails.
2024-06-29 16:57:52,565 - Link Generation Fails.
2024-06-29 17:11:53,033 - Victim node is 9607.
2024-06-29 17:11:53,034 - tensor([ 8140,  8210, 13755], device='cuda:0')
2024-06-29 17:11:53,040 - Classification Succeeds.
2024-06-29 17:11:53,043 - Link Generation Succeeds.
2024-06-29 17:28:19,105 - Victim node is 4188.
2024-06-29 17:28:19,105 - tensor([  904,  7918, 11759], device='cuda:0')
2024-06-29 17:28:19,105 - Classification Succeeds.
2024-06-29 17:28:19,105 - Link Generation Fails.
2024-06-29 17:43:13,604 - Victim node is 6892.
2024-06-29 17:43:13,604 - tensor([4528, 8140, 8210], device='cuda:0')
2024-06-29 17:43:13,604 - Classification Succeeds.
2024-06-29 17:43:13,604 - Link Generation Fails.
2024-06-29 17:58:13,580 - Victim node is 8777.
2024-06-29 17:58:13,580 - tensor([ 8140,  8210, 12888], device='cuda:0')
2024-06-29 17:58:13,580 - Classification Succeeds.
2024-06-29 17:58:13,581 - Link Generation Fails.
2024-06-29 18:13:31,593 - Victim node is 13104.
2024-06-29 18:13:31,593 - tensor([13752, 13753, 13754], device='cuda:0')
2024-06-29 18:13:31,594 - Classification Fails.
2024-06-29 18:13:31,594 - Link Generation Succeeds.
2024-06-29 18:28:37,166 - Victim node is 9194.
2024-06-29 18:28:37,166 - tensor([13752, 13753, 13754], device='cuda:0')
2024-06-29 18:28:37,167 - Classification Fails.
2024-06-29 18:28:37,167 - Link Generation Succeeds.
2024-06-29 18:43:35,600 - Victim node is 8393.
2024-06-29 18:43:35,600 - tensor([  872,  8140, 10610], device='cuda:0')
2024-06-29 18:43:35,607 - Classification Succeeds.
2024-06-29 18:43:35,609 - Link Generation Fails.
2024-06-29 18:58:19,598 - Victim node is 9600.
2024-06-29 18:58:19,598 - tensor([4528, 8140, 8210], device='cuda:0')
2024-06-29 18:58:19,598 - Classification Succeeds.
2024-06-29 18:58:19,598 - Link Generation Fails.
2024-06-29 19:12:44,572 - Victim node is 8404.
2024-06-29 19:12:44,572 - tensor([1524, 4528, 8210], device='cuda:0')
2024-06-29 19:12:44,573 - Classification Succeeds.
2024-06-29 19:12:44,573 - Link Generation Fails.
2024-06-29 19:28:45,612 - Victim node is 2398.
2024-06-29 19:28:45,612 - tensor([ 3555, 13752, 13753], device='cuda:0')
2024-06-29 19:28:45,612 - Classification Succeeds.
2024-06-29 19:28:45,612 - Link Generation Succeeds.
2024-06-29 19:43:42,006 - Victim node is 1056.
2024-06-29 19:43:42,006 - tensor([  904,  2026, 11440], device='cuda:0')
2024-06-29 19:43:42,006 - Classification Succeeds.
2024-06-29 19:43:42,006 - Link Generation Fails.
2024-06-29 19:58:40,164 - Victim node is 3641.
2024-06-29 19:58:40,164 - tensor([1524, 4528, 8140], device='cuda:0')
2024-06-29 19:58:40,164 - Classification Succeeds.
2024-06-29 19:58:40,164 - Link Generation Fails.
2024-06-29 20:13:40,358 - Victim node is 8763.
2024-06-29 20:13:40,358 - tensor([1524, 4528, 8210], device='cuda:0')
2024-06-29 20:13:40,364 - Classification Succeeds.
2024-06-29 20:13:40,367 - Link Generation Fails.
2024-06-29 20:28:35,791 - Victim node is 2080.
2024-06-29 20:28:35,792 - tensor([13752, 13753, 13754], device='cuda:0')
2024-06-29 20:28:35,792 - Classification Fails.
2024-06-29 20:28:35,792 - Link Generation Succeeds.
2024-06-29 20:43:54,130 - Victim node is 7872.
2024-06-29 20:43:54,130 - tensor([1607, 7918, 8435], device='cuda:0')
2024-06-29 20:43:54,130 - Classification Succeeds.
2024-06-29 20:43:54,130 - Link Generation Fails.
2024-06-29 20:58:15,336 - Victim node is 1335.
2024-06-29 20:58:15,336 - tensor([13753, 13754, 13755], device='cuda:0')
2024-06-29 20:58:15,337 - Classification Fails.
2024-06-29 20:58:15,337 - Link Generation Succeeds.
2024-06-29 21:13:10,880 - Victim node is 4538.
2024-06-29 21:13:10,880 - tensor([ 4528,  8210, 12888], device='cuda:0')
2024-06-29 21:13:10,881 - Classification Fails.
2024-06-29 21:13:10,881 - Link Generation Fails.
2024-06-29 21:28:15,134 - Victim node is 7525.
2024-06-29 21:28:15,134 - tensor([13752, 13753, 13754], device='cuda:0')
2024-06-29 21:28:15,134 - Classification Succeeds.
2024-06-29 21:28:15,134 - Link Generation Succeeds.
2024-06-29 21:43:17,219 - Victim node is 11641.
2024-06-29 21:43:17,219 - tensor([13752, 13753, 13754], device='cuda:0')
2024-06-29 21:43:17,219 - Classification Fails.
2024-06-29 21:43:17,219 - Link Generation Succeeds.
2024-06-29 21:58:13,882 - Victim node is 10625.
2024-06-29 21:58:13,882 - tensor([ 4528,  8210, 12888], device='cuda:0')
2024-06-29 21:58:13,883 - Classification Succeeds.
2024-06-29 21:58:13,883 - Link Generation Fails.
2024-06-29 22:13:32,550 - Victim node is 9824.
2024-06-29 22:13:32,550 - tensor([ 4528,  8210, 12888], device='cuda:0')
2024-06-29 22:13:32,551 - Classification Succeeds.
2024-06-29 22:13:32,551 - Link Generation Fails.
2024-06-29 22:28:41,830 - Victim node is 6527.
2024-06-29 22:28:41,830 - tensor([ 4528,  8140, 12888], device='cuda:0')
2024-06-29 22:28:41,830 - Classification Succeeds.
2024-06-29 22:28:41,830 - Link Generation Fails.
2024-06-29 22:43:38,531 - Victim node is 8948.
2024-06-29 22:43:38,532 - tensor([13752, 13753, 13754], device='cuda:0')
2024-06-29 22:43:38,532 - Classification Succeeds.
2024-06-29 22:43:38,532 - Link Generation Succeeds.
2024-06-29 22:58:22,088 - Victim node is 6033.
2024-06-29 22:58:22,088 - tensor([1524, 7984, 8210], device='cuda:0')
2024-06-29 22:58:22,095 - Classification Succeeds.
2024-06-29 22:58:22,097 - Link Generation Fails.
2024-06-29 23:13:32,066 - Victim node is 13720.
2024-06-29 23:13:32,066 - tensor([13752, 13753, 13755], device='cuda:0')
2024-06-29 23:13:32,071 - Classification Fails.
2024-06-29 23:13:32,073 - Link Generation Succeeds.
2024-06-29 23:28:49,903 - Victim node is 11694.
2024-06-29 23:28:49,903 - tensor([ 4528,  8140, 12888], device='cuda:0')
2024-06-29 23:28:49,904 - Classification Succeeds.
2024-06-29 23:28:49,904 - Link Generation Fails.
2024-06-29 23:43:44,729 - Victim node is 11828.
2024-06-29 23:43:44,729 - tensor([ 8140,  8210, 12888], device='cuda:0')
2024-06-29 23:43:44,729 - Classification Fails.
2024-06-29 23:43:44,732 - Link Generation Fails.
2024-06-29 23:58:50,880 - Victim node is 9198.
2024-06-29 23:58:50,880 - tensor([1607, 7918, 8435], device='cuda:0')
2024-06-29 23:58:50,881 - Classification Succeeds.
2024-06-29 23:58:50,881 - Link Generation Fails.
2024-06-30 00:13:47,514 - Victim node is 8369.
2024-06-30 00:13:47,514 - tensor([13752, 13753, 13754], device='cuda:0')
2024-06-30 00:13:47,514 - Classification Succeeds.
2024-06-30 00:13:47,515 - Link Generation Succeeds.
2024-06-30 00:29:49,057 - Victim node is 9374.
2024-06-30 00:29:49,057 - tensor([ 2499,  3555, 10699], device='cuda:0')
2024-06-30 00:29:49,058 - Classification Fails.
2024-06-30 00:29:49,058 - Link Generation Fails.
2024-06-30 00:45:46,977 - Victim node is 2823.
2024-06-30 00:45:46,977 - tensor([13752, 13753, 13754], device='cuda:0')
2024-06-30 00:45:46,977 - Classification Fails.
2024-06-30 00:45:46,977 - Link Generation Succeeds.
2024-06-30 01:01:42,504 - Victim node is 13652.
2024-06-30 01:01:42,504 - tensor([ 8140,  8210, 12888], device='cuda:0')
2024-06-30 01:01:42,504 - Classification Succeeds.
2024-06-30 01:01:42,504 - Link Generation Fails.
2024-06-30 01:16:39,011 - Victim node is 6268.
2024-06-30 01:16:39,011 - tensor([1524, 8140, 8210], device='cuda:0')
2024-06-30 01:16:39,012 - Classification Succeeds.
2024-06-30 01:16:39,012 - Link Generation Fails.
2024-06-30 01:31:45,666 - Victim node is 1985.
2024-06-30 01:31:45,666 - tensor([13752, 13753, 13754], device='cuda:0')
2024-06-30 01:31:45,666 - Classification Fails.
2024-06-30 01:31:45,666 - Link Generation Succeeds.
2024-06-30 01:46:42,362 - Victim node is 1194.
2024-06-30 01:46:42,362 - tensor([13752, 13753, 13754], device='cuda:0')
2024-06-30 01:46:42,362 - Classification Succeeds.
2024-06-30 01:46:42,362 - Link Generation Succeeds.
2024-06-30 02:01:04,488 - Victim node is 11731.
2024-06-30 02:01:04,488 - tensor([13752, 13753, 13754], device='cuda:0')
2024-06-30 02:01:04,488 - Classification Fails.
2024-06-30 02:01:04,489 - Link Generation Succeeds.
2024-06-30 02:16:07,597 - Victim node is 2445.
2024-06-30 02:16:07,597 - tensor([ 7742,  9772, 12980], device='cuda:0')
2024-06-30 02:16:07,597 - Classification Succeeds.
2024-06-30 02:16:07,598 - Link Generation Fails.
2024-06-30 02:30:56,765 - Victim node is 3285.
2024-06-30 02:30:56,765 - tensor([4528, 8140, 8210], device='cuda:0')
2024-06-30 02:30:56,765 - Classification Succeeds.
2024-06-30 02:30:56,765 - Link Generation Fails.
2024-06-30 02:45:56,759 - Victim node is 2793.
2024-06-30 02:45:56,759 - tensor([13752, 13753, 13754], device='cuda:0')
2024-06-30 02:45:56,760 - Classification Fails.
2024-06-30 02:45:56,760 - Link Generation Succeeds.
2024-06-30 03:00:54,914 - Victim node is 6601.
2024-06-30 03:00:54,914 - tensor([ 8140,  8210, 12888], device='cuda:0')
2024-06-30 03:00:54,914 - Classification Succeeds.
2024-06-30 03:00:54,914 - Link Generation Fails.
2024-06-30 03:15:51,380 - Victim node is 13538.
2024-06-30 03:15:51,380 - tensor([ 2515,  8210, 10384], device='cuda:0')
2024-06-30 03:15:51,380 - Classification Fails.
2024-06-30 03:15:51,380 - Link Generation Fails.
2024-06-30 03:30:50,323 - Victim node is 2703.
2024-06-30 03:30:50,323 - tensor([13752, 13755, 13756], device='cuda:0')
2024-06-30 03:30:50,324 - Classification Succeeds.
2024-06-30 03:30:50,324 - Link Generation Succeeds.
2024-06-30 03:45:43,937 - Victim node is 7547.
2024-06-30 03:45:43,937 - tensor([13752, 13753, 13754], device='cuda:0')
2024-06-30 03:45:43,937 - Classification Fails.
2024-06-30 03:45:43,938 - Link Generation Succeeds.
2024-06-30 03:59:41,435 - Victim node is 7605.
2024-06-30 03:59:41,436 - tensor([1524, 4135, 9251], device='cuda:0')
2024-06-30 03:59:41,436 - Classification Succeeds.
2024-06-30 03:59:41,436 - Link Generation Fails.
2024-06-30 04:14:30,982 - Victim node is 3080.
2024-06-30 04:14:30,983 - tensor([3452, 4135, 9251], device='cuda:0')
2024-06-30 04:14:30,983 - Classification Succeeds.
2024-06-30 04:14:30,983 - Link Generation Fails.
2024-06-30 04:29:35,807 - Victim node is 5041.
2024-06-30 04:29:35,808 - tensor([ 4528,  8140, 12888], device='cuda:0')
2024-06-30 04:29:35,808 - Classification Succeeds.
2024-06-30 04:29:35,808 - Link Generation Fails.
2024-06-30 04:44:59,251 - Victim node is 7506.
2024-06-30 04:44:59,251 - tensor([13752, 13753, 13754], device='cuda:0')
2024-06-30 04:44:59,258 - Classification Fails.
2024-06-30 04:44:59,260 - Link Generation Succeeds.
2024-06-30 05:01:00,073 - Victim node is 1256.
2024-06-30 05:01:00,073 - tensor([13752, 13754, 13756], device='cuda:0')
2024-06-30 05:01:00,074 - Classification Fails.
2024-06-30 05:01:00,074 - Link Generation Succeeds.
2024-06-30 05:15:57,023 - Victim node is 12956.
2024-06-30 05:15:57,023 - tensor([2138, 4135, 9251], device='cuda:0')
2024-06-30 05:15:57,024 - Classification Succeeds.
2024-06-30 05:15:57,024 - Link Generation Fails.
2024-06-30 05:30:55,511 - Victim node is 4046.
2024-06-30 05:30:55,511 - tensor([ 8140,  8210, 12888], device='cuda:0')
2024-06-30 05:30:55,511 - Classification Succeeds.
2024-06-30 05:30:55,512 - Link Generation Fails.
2024-06-30 05:46:04,682 - Victim node is 595.
2024-06-30 05:46:04,682 - tensor([ 8140,  8210, 12888], device='cuda:0')
2024-06-30 05:46:04,683 - Classification Succeeds.
2024-06-30 05:46:04,683 - Link Generation Fails.
2024-06-30 06:01:00,063 - Victim node is 6336.
2024-06-30 06:01:00,063 - tensor([ 1607,  8435, 11759], device='cuda:0')
2024-06-30 06:01:00,063 - Classification Succeeds.
2024-06-30 06:01:00,063 - Link Generation Fails.
2024-06-30 06:15:57,885 - Victim node is 5430.
2024-06-30 06:15:57,885 - tensor([13752, 13754, 13755], device='cuda:0')
2024-06-30 06:15:57,885 - Classification Fails.
2024-06-30 06:15:57,885 - Link Generation Succeeds.
2024-06-30 06:32:00,698 - Victim node is 6698.
2024-06-30 06:32:00,698 - tensor([ 8140,  8210, 12888], device='cuda:0')
2024-06-30 06:32:00,698 - Classification Fails.
2024-06-30 06:32:00,698 - Link Generation Fails.
2024-06-30 06:48:05,270 - Victim node is 3156.
2024-06-30 06:48:05,270 - tensor([ 872, 7984, 9915], device='cuda:0')
2024-06-30 06:48:05,271 - Classification Succeeds.
2024-06-30 06:48:05,271 - Link Generation Fails.
2024-06-30 07:02:22,880 - Victim node is 7697.
2024-06-30 07:02:22,880 - tensor([ 1524,  8210, 12888], device='cuda:0')
2024-06-30 07:02:22,880 - Classification Succeeds.
2024-06-30 07:02:22,880 - Link Generation Fails.
2024-06-30 07:17:22,845 - Victim node is 12454.
2024-06-30 07:17:22,845 - tensor([13752, 13753, 13754], device='cuda:0')
2024-06-30 07:17:22,848 - Classification Fails.
2024-06-30 07:17:22,850 - Link Generation Succeeds.
2024-06-30 07:31:44,113 - Victim node is 13577.
2024-06-30 07:31:44,113 - tensor([ 872, 7984, 8210], device='cuda:0')
2024-06-30 07:31:44,113 - Classification Fails.
2024-06-30 07:31:44,113 - Link Generation Fails.
2024-06-30 07:46:01,236 - Victim node is 4889.
2024-06-30 07:46:01,236 - tensor([ 1524,  8210, 12888], device='cuda:0')
2024-06-30 07:46:01,243 - Classification Succeeds.
2024-06-30 07:46:01,245 - Link Generation Fails.
2024-06-30 08:00:15,467 - Victim node is 12257.
2024-06-30 08:00:15,467 - tensor([ 8140,  8210, 12888], device='cuda:0')
2024-06-30 08:00:15,468 - Classification Succeeds.
2024-06-30 08:00:15,468 - Link Generation Fails.
2024-06-30 08:15:11,502 - Victim node is 3098.
2024-06-30 08:15:11,502 - tensor([ 1524,  4528, 12888], device='cuda:0')
2024-06-30 08:15:11,503 - Classification Succeeds.
2024-06-30 08:15:11,503 - Link Generation Fails.
2024-06-30 08:30:29,885 - Victim node is 346.
2024-06-30 08:30:29,885 - tensor([13752, 13753, 13754], device='cuda:0')
2024-06-30 08:30:29,885 - Classification Fails.
2024-06-30 08:30:29,885 - Link Generation Succeeds.
2024-06-30 08:45:28,325 - Victim node is 13585.
2024-06-30 08:45:28,325 - tensor([13752, 13753, 13754], device='cuda:0')
2024-06-30 08:45:28,325 - Classification Succeeds.
2024-06-30 08:45:28,325 - Link Generation Succeeds.
2024-06-30 09:00:23,236 - Victim node is 1706.
2024-06-30 09:00:23,236 - tensor([13753, 13754, 13755], device='cuda:0')
2024-06-30 09:00:23,236 - Classification Fails.
2024-06-30 09:00:23,236 - Link Generation Succeeds.
2024-06-30 09:14:47,015 - Victim node is 9898.
2024-06-30 09:14:47,015 - tensor([13752, 13753, 13754], device='cuda:0')
2024-06-30 09:14:47,016 - Classification Fails.
2024-06-30 09:14:47,016 - Link Generation Succeeds.
2024-06-30 09:29:03,097 - Victim node is 5524.
2024-06-30 09:29:03,097 - tensor([4528, 7984, 8140], device='cuda:0')
2024-06-30 09:29:03,097 - Classification Succeeds.
2024-06-30 09:29:03,097 - Link Generation Fails.
2024-06-30 09:43:21,693 - Victim node is 4527.
2024-06-30 09:43:21,693 - tensor([ 7918, 10707, 12320], device='cuda:0')
2024-06-30 09:43:21,700 - Classification Succeeds.
2024-06-30 09:43:21,702 - Link Generation Fails.
2024-06-30 09:58:42,344 - Victim node is 2924.
2024-06-30 09:58:42,344 - tensor([13752, 13753, 13754], device='cuda:0')
2024-06-30 09:58:42,344 - Classification Fails.
2024-06-30 09:58:42,344 - Link Generation Succeeds.
2024-06-30 10:13:35,532 - Victim node is 11736.
2024-06-30 10:13:35,532 - tensor([ 8140,  8210, 12888], device='cuda:0')
2024-06-30 10:13:35,532 - Classification Succeeds.
2024-06-30 10:13:35,532 - Link Generation Fails.
2024-06-30 10:28:05,875 - Victim node is 2502.
2024-06-30 10:28:05,875 - tensor([ 8210, 13754, 13755], device='cuda:0')
2024-06-30 10:28:05,876 - Classification Succeeds.
2024-06-30 10:28:05,876 - Link Generation Succeeds.
2024-06-30 10:42:29,166 - Victim node is 10229.
2024-06-30 10:42:29,166 - tensor([4528, 7984, 8140], device='cuda:0')
2024-06-30 10:42:29,167 - Classification Succeeds.
2024-06-30 10:42:29,167 - Link Generation Fails.
2024-06-30 10:56:44,344 - Victim node is 5269.
2024-06-30 10:56:44,344 - tensor([ 904, 1607, 8435], device='cuda:0')
2024-06-30 10:56:44,348 - Classification Succeeds.
2024-06-30 10:56:44,348 - Link Generation Fails.
2024-06-30 11:11:39,049 - Victim node is 894.
2024-06-30 11:11:39,049 - tensor([13752, 13753, 13756], device='cuda:0')
2024-06-30 11:11:39,050 - Classification Fails.
2024-06-30 11:11:39,050 - Link Generation Succeeds.
2024-06-30 11:25:33,336 - Victim node is 7471.
2024-06-30 11:25:33,336 - tensor([ 8140,  8210, 12888], device='cuda:0')
2024-06-30 11:25:33,337 - Classification Fails.
2024-06-30 11:25:33,337 - Link Generation Fails.
2024-06-30 11:40:32,232 - Victim node is 11462.
2024-06-30 11:40:32,232 - tensor([13754, 13755, 13756], device='cuda:0')
2024-06-30 11:40:32,232 - Classification Succeeds.
2024-06-30 11:40:32,233 - Link Generation Succeeds.
2024-06-30 11:55:25,729 - Victim node is 13124.
2024-06-30 11:55:25,729 - tensor([1524, 4528, 8140], device='cuda:0')
2024-06-30 11:55:25,730 - Classification Succeeds.
2024-06-30 11:55:25,730 - Link Generation Fails.
2024-06-30 12:09:37,380 - Victim node is 13346.
2024-06-30 12:09:37,380 - tensor([1524, 4135, 9251], device='cuda:0')
2024-06-30 12:09:37,381 - Classification Succeeds.
2024-06-30 12:09:37,381 - Link Generation Fails.
2024-06-30 12:23:56,453 - Victim node is 9656.
2024-06-30 12:23:56,453 - tensor([13752, 13753, 13754], device='cuda:0')
2024-06-30 12:23:56,454 - Classification Succeeds.
2024-06-30 12:23:56,454 - Link Generation Succeeds.
2024-06-30 12:38:03,764 - Victim node is 1222.
2024-06-30 12:38:03,764 - tensor([13752, 13753, 13754], device='cuda:0')
2024-06-30 12:38:03,771 - Classification Succeeds.
2024-06-30 12:38:03,773 - Link Generation Succeeds.
2024-06-30 12:53:02,456 - Victim node is 4876.
2024-06-30 12:53:02,456 - tensor([  904,  1607, 11759], device='cuda:0')
2024-06-30 12:53:02,456 - Classification Succeeds.
2024-06-30 12:53:02,456 - Link Generation Fails.
2024-06-30 13:07:26,589 - Victim node is 12803.
2024-06-30 13:07:26,589 - tensor([ 8140,  8210, 12888], device='cuda:0')
2024-06-30 13:07:26,596 - Classification Fails.
2024-06-30 13:07:26,598 - Link Generation Fails.
2024-06-30 13:21:41,686 - Victim node is 11601.
2024-06-30 13:21:41,686 - tensor([13752, 13753, 13754], device='cuda:0')
2024-06-30 13:21:41,687 - Classification Succeeds.
2024-06-30 13:21:41,687 - Link Generation Succeeds.
2024-06-30 13:36:14,557 - Victim node is 719.
2024-06-30 13:36:14,557 - tensor([ 8140,  8210, 12888], device='cuda:0')
2024-06-30 13:36:14,558 - Classification Succeeds.
2024-06-30 13:36:14,558 - Link Generation Fails.
2024-06-30 13:51:18,057 - Victim node is 4683.
2024-06-30 13:51:18,057 - tensor([13752, 13753, 13754], device='cuda:0')
2024-06-30 13:51:18,057 - Classification Fails.
2024-06-30 13:51:18,058 - Link Generation Succeeds.
2024-06-30 14:05:19,777 - Victim node is 6648.
2024-06-30 14:05:19,777 - tensor([ 1524,  8210, 12888], device='cuda:0')
2024-06-30 14:05:19,779 - Classification Succeeds.
2024-06-30 14:05:19,780 - Link Generation Fails.
2024-06-30 14:20:10,508 - Victim node is 3806.
2024-06-30 14:20:10,508 - tensor([13753, 13755, 13756], device='cuda:0')
2024-06-30 14:20:10,509 - Classification Fails.
2024-06-30 14:20:10,509 - Link Generation Succeeds.
2024-06-30 14:36:07,900 - Victim node is 3535.
2024-06-30 14:36:07,900 - tensor([1524, 4528, 8210], device='cuda:0')
2024-06-30 14:36:07,907 - Classification Succeeds.
2024-06-30 14:36:07,909 - Link Generation Fails.
2024-06-30 14:52:07,525 - Victim node is 9412.
2024-06-30 14:52:07,525 - tensor([13754, 13755, 13756], device='cuda:0')
2024-06-30 14:52:07,525 - Classification Succeeds.
2024-06-30 14:52:07,526 - Link Generation Succeeds.
2024-06-30 15:06:04,965 - Victim node is 6516.
2024-06-30 15:06:04,965 - tensor([  872,  4528, 10610], device='cuda:0')
2024-06-30 15:06:04,972 - Classification Succeeds.
2024-06-30 15:06:04,974 - Link Generation Fails.
2024-06-30 15:21:04,239 - Victim node is 11647.
2024-06-30 15:21:04,239 - tensor([13752, 13753, 13754], device='cuda:0')
2024-06-30 15:21:04,240 - Classification Fails.
2024-06-30 15:21:04,240 - Link Generation Succeeds.
2024-06-30 15:35:55,520 - Victim node is 1893.
2024-06-30 15:35:55,520 - tensor([13752, 13754, 13756], device='cuda:0')
2024-06-30 15:35:55,521 - Classification Succeeds.
2024-06-30 15:35:55,521 - Link Generation Succeeds.
2024-06-30 15:50:05,110 - Victim node is 6804.
2024-06-30 15:50:05,110 - tensor([ 8140,  8210, 12888], device='cuda:0')
2024-06-30 15:50:05,111 - Classification Succeeds.
2024-06-30 15:50:05,111 - Link Generation Fails.
2024-06-30 16:04:17,171 - Victim node is 13685.
2024-06-30 16:04:17,171 - tensor([ 8140,  8210, 12888], device='cuda:0')
2024-06-30 16:04:17,171 - Classification Succeeds.
2024-06-30 16:04:17,171 - Link Generation Fails.
2024-06-30 16:19:19,234 - Victim node is 8468.
2024-06-30 16:19:19,234 - tensor([  904, 10891, 11759], device='cuda:0')
2024-06-30 16:19:19,235 - Classification Fails.
2024-06-30 16:19:19,235 - Link Generation Fails.
2024-06-30 16:34:16,656 - Victim node is 1867.
2024-06-30 16:34:16,656 - tensor([13752, 13753, 13754], device='cuda:0')
2024-06-30 16:34:16,656 - Classification Succeeds.
2024-06-30 16:34:16,656 - Link Generation Succeeds.
2024-06-30 16:50:33,592 - Victim node is 6820.
2024-06-30 16:50:33,592 - tensor([ 7984,  8140, 13752], device='cuda:0')
2024-06-30 16:50:33,593 - Classification Succeeds.
2024-06-30 16:50:33,593 - Link Generation Succeeds.
2024-06-30 17:04:56,598 - Victim node is 6046.
2024-06-30 17:04:56,598 - tensor([13752, 13753, 13754], device='cuda:0')
2024-06-30 17:04:56,598 - Classification Fails.
2024-06-30 17:04:56,598 - Link Generation Succeeds.
2024-06-30 17:19:41,773 - Victim node is 9862.
2024-06-30 17:19:41,774 - tensor([1524, 4528, 8210], device='cuda:0')
2024-06-30 17:19:41,780 - Classification Fails.
2024-06-30 17:19:41,783 - Link Generation Fails.
2024-06-30 17:34:12,337 - Victim node is 288.
2024-06-30 17:34:12,337 - tensor([4135, 7984, 8140], device='cuda:0')
2024-06-30 17:34:12,344 - Classification Succeeds.
2024-06-30 17:34:12,347 - Link Generation Fails.
2024-06-30 17:48:24,437 - Victim node is 8159.
2024-06-30 17:48:24,437 - tensor([ 1524,  9251, 10610], device='cuda:0')
2024-06-30 17:48:24,438 - Classification Succeeds.
2024-06-30 17:48:24,438 - Link Generation Fails.
2024-06-30 18:02:38,063 - Victim node is 10635.
2024-06-30 18:02:38,063 - tensor([1607, 1781, 8435], device='cuda:0')
2024-06-30 18:02:38,064 - Classification Succeeds.
2024-06-30 18:02:38,064 - Link Generation Fails.
2024-06-30 18:16:52,689 - Victim node is 7376.
2024-06-30 18:16:52,689 - tensor([ 1524,  8210, 12888], device='cuda:0')
2024-06-30 18:16:52,696 - Classification Succeeds.
2024-06-30 18:16:52,698 - Link Generation Fails.
2024-06-30 18:30:58,035 - Victim node is 8253.
2024-06-30 18:30:58,035 - tensor([ 4528,  8210, 12888], device='cuda:0')
2024-06-30 18:30:58,042 - Classification Succeeds.
2024-06-30 18:30:58,044 - Link Generation Fails.
2024-06-30 18:45:45,412 - Victim node is 9015.
2024-06-30 18:45:45,412 - tensor([1538, 2499, 7918], device='cuda:0')
2024-06-30 18:45:45,413 - Classification Succeeds.
2024-06-30 18:45:45,413 - Link Generation Fails.
2024-06-30 19:00:43,258 - Victim node is 10167.
2024-06-30 19:00:43,258 - tensor([ 904, 4862, 7742], device='cuda:0')
2024-06-30 19:00:43,258 - Classification Succeeds.
2024-06-30 19:00:43,258 - Link Generation Fails.
2024-06-30 19:14:58,551 - Victim node is 1489.
2024-06-30 19:14:58,551 - tensor([ 1607,  8435, 10699], device='cuda:0')
2024-06-30 19:14:58,558 - Classification Succeeds.
2024-06-30 19:14:58,560 - Link Generation Fails.
2024-06-30 19:29:45,305 - Victim node is 11989.
2024-06-30 19:29:45,305 - tensor([ 8140,  8210, 12888], device='cuda:0')
2024-06-30 19:29:45,312 - Classification Succeeds.
2024-06-30 19:29:45,315 - Link Generation Fails.
2024-06-30 19:43:59,668 - Victim node is 945.
2024-06-30 19:43:59,668 - tensor([13752, 13753, 13754], device='cuda:0')
2024-06-30 19:43:59,669 - Classification Fails.
2024-06-30 19:43:59,669 - Link Generation Succeeds.
2024-06-30 19:58:07,193 - Victim node is 12071.
2024-06-30 19:58:07,193 - tensor([ 1524,  8210, 12888], device='cuda:0')
2024-06-30 19:58:07,200 - Classification Succeeds.
2024-06-30 19:58:07,202 - Link Generation Fails.
2024-06-30 20:12:52,205 - Victim node is 6442.
2024-06-30 20:12:52,205 - tensor([ 1524,  8210, 12888], device='cuda:0')
2024-06-30 20:12:52,205 - Classification Succeeds.
2024-06-30 20:12:52,205 - Link Generation Fails.
2024-06-30 20:27:16,500 - Victim node is 10686.
2024-06-30 20:27:16,501 - tensor([ 4528,  8140, 12888], device='cuda:0')
2024-06-30 20:27:16,507 - Classification Succeeds.
2024-06-30 20:27:16,510 - Link Generation Fails.
2024-06-30 20:41:31,326 - Victim node is 809.
2024-06-30 20:41:31,326 - tensor([ 7918,  9322, 11961], device='cuda:0')
2024-06-30 20:41:31,333 - Classification Succeeds.
2024-06-30 20:41:31,335 - Link Generation Fails.
2024-06-30 20:56:20,554 - Victim node is 11937.
2024-06-30 20:56:20,554 - tensor([13752, 13753, 13754], device='cuda:0')
2024-06-30 20:56:20,554 - Classification Fails.
2024-06-30 20:56:20,554 - Link Generation Succeeds.
2024-06-30 21:10:21,817 - Victim node is 8162.
2024-06-30 21:10:21,817 - tensor([1524, 4135, 9251], device='cuda:0')
2024-06-30 21:10:21,817 - Classification Succeeds.
2024-06-30 21:10:21,817 - Link Generation Fails.
2024-06-30 21:25:30,211 - Victim node is 11421.
2024-06-30 21:25:30,211 - tensor([ 8140,  8210, 12888], device='cuda:0')
2024-06-30 21:25:30,211 - Classification Succeeds.
2024-06-30 21:25:30,211 - Link Generation Fails.
2024-06-30 21:40:34,460 - Victim node is 8865.
2024-06-30 21:40:34,461 - tensor([13752, 13753, 13754], device='cuda:0')
2024-06-30 21:40:34,461 - Classification Fails.
2024-06-30 21:40:34,461 - Link Generation Succeeds.
2024-06-30 21:54:30,566 - Victim node is 792.
2024-06-30 21:54:30,566 - tensor([ 8140,  8210, 12888], device='cuda:0')
2024-06-30 21:54:30,566 - Classification Succeeds.
2024-06-30 21:54:30,566 - Link Generation Fails.
2024-06-30 22:09:19,281 - Victim node is 3343.
2024-06-30 22:09:19,281 - tensor([ 8140,  8210, 12888], device='cuda:0')
2024-06-30 22:09:19,282 - Classification Fails.
2024-06-30 22:09:19,282 - Link Generation Fails.
2024-06-30 22:24:20,821 - Victim node is 4733.
2024-06-30 22:24:20,821 - tensor([ 8140,  8210, 12888], device='cuda:0')
2024-06-30 22:24:20,821 - Classification Succeeds.
2024-06-30 22:24:20,821 - Link Generation Fails.
2024-06-30 22:39:17,192 - Victim node is 12646.
2024-06-30 22:39:17,192 - tensor([ 2499,  7918, 11961], device='cuda:0')
2024-06-30 22:39:17,192 - Classification Succeeds.
2024-06-30 22:39:17,193 - Link Generation Fails.
2024-06-30 22:54:13,336 - Victim node is 13235.
2024-06-30 22:54:13,336 - tensor([  872,  3452, 10610], device='cuda:0')
2024-06-30 22:54:13,336 - Classification Succeeds.
2024-06-30 22:54:13,336 - Link Generation Fails.
2024-06-30 23:09:11,522 - Victim node is 8437.
2024-06-30 23:09:11,522 - tensor([13752, 13753, 13754], device='cuda:0')
2024-06-30 23:09:11,522 - Classification Succeeds.
2024-06-30 23:09:11,522 - Link Generation Succeeds.
2024-06-30 23:23:24,621 - Victim node is 9550.
2024-06-30 23:23:24,621 - tensor([13752, 13753, 13754], device='cuda:0')
2024-06-30 23:23:24,628 - Classification Fails.
2024-06-30 23:23:24,630 - Link Generation Succeeds.
2024-06-30 23:38:14,566 - Victim node is 5080.
2024-06-30 23:38:14,566 - tensor([ 1524,  8210, 12888], device='cuda:0')
2024-06-30 23:38:14,566 - Classification Succeeds.
2024-06-30 23:38:14,566 - Link Generation Fails.
2024-06-30 23:53:01,434 - Victim node is 4263.
2024-06-30 23:53:01,434 - tensor([13752, 13753, 13754], device='cuda:0')
2024-06-30 23:53:01,441 - Classification Fails.
2024-06-30 23:53:01,443 - Link Generation Succeeds.
2024-07-01 00:07:15,463 - Victim node is 6798.
2024-07-01 00:07:15,463 - tensor([ 1524,  8210, 12888], device='cuda:0')
2024-07-01 00:07:15,470 - Classification Succeeds.
2024-07-01 00:07:15,472 - Link Generation Fails.
2024-07-01 00:22:05,819 - Victim node is 6634.
2024-07-01 00:22:05,819 - tensor([13752, 13753, 13754], device='cuda:0')
2024-07-01 00:22:05,826 - Classification Succeeds.
2024-07-01 00:22:05,829 - Link Generation Succeeds.
2024-07-01 00:37:27,661 - Victim node is 6244.
2024-07-01 00:37:27,661 - tensor([ 872, 1524, 7984], device='cuda:0')
2024-07-01 00:37:27,662 - Classification Succeeds.
2024-07-01 00:37:27,662 - Link Generation Fails.
2024-07-01 00:52:25,680 - Victim node is 3676.
2024-07-01 00:52:25,680 - tensor([ 8140,  8210, 12888], device='cuda:0')
2024-07-01 00:52:25,680 - Classification Succeeds.
2024-07-01 00:52:25,680 - Link Generation Fails.
2024-07-01 01:06:38,467 - Victim node is 6038.
2024-07-01 01:06:38,468 - tensor([13752, 13753, 13754], device='cuda:0')
2024-07-01 01:06:38,468 - Classification Fails.
2024-07-01 01:06:38,468 - Link Generation Succeeds.
2024-07-01 01:21:29,963 - Victim node is 4169.
2024-07-01 01:21:29,963 - tensor([13754, 13755, 13756], device='cuda:0')
2024-07-01 01:21:29,970 - Classification Fails.
2024-07-01 01:21:29,972 - Link Generation Succeeds.
2024-07-01 01:36:14,053 - Victim node is 10756.
2024-07-01 01:36:14,053 - tensor([4528, 8140, 8210], device='cuda:0')
2024-07-01 01:36:14,060 - Classification Succeeds.
2024-07-01 01:36:14,063 - Link Generation Fails.
2024-07-01 01:50:55,394 - Victim node is 12356.
2024-07-01 01:50:55,394 - tensor([13754, 13755, 13756], device='cuda:0')
2024-07-01 01:50:55,394 - Classification Fails.
2024-07-01 01:50:55,394 - Link Generation Succeeds.
2024-07-01 02:05:30,191 - Victim node is 3224.
2024-07-01 02:05:30,191 - tensor([ 4528,  8210, 12888], device='cuda:0')
2024-07-01 02:05:30,195 - Classification Fails.
2024-07-01 02:05:30,195 - Link Generation Fails.
2024-07-01 02:19:25,558 - Victim node is 5876.
2024-07-01 02:19:25,558 - tensor([1607, 7918, 8435], device='cuda:0')
2024-07-01 02:19:25,565 - Classification Succeeds.
2024-07-01 02:19:25,567 - Link Generation Fails.
2024-07-01 02:33:27,193 - Victim node is 4688.
2024-07-01 02:33:27,193 - tensor([13754, 13755, 13756], device='cuda:0')
2024-07-01 02:33:27,200 - Classification Succeeds.
2024-07-01 02:33:27,202 - Link Generation Succeeds.
2024-07-01 02:47:33,786 - Victim node is 12207.
2024-07-01 02:47:33,786 - tensor([13753, 13754, 13756], device='cuda:0')
2024-07-01 02:47:33,793 - Classification Fails.
2024-07-01 02:47:33,795 - Link Generation Succeeds.
2024-07-01 03:02:01,543 - Victim node is 1045.
2024-07-01 03:02:01,543 - tensor([4528, 7984, 8140], device='cuda:0')
2024-07-01 03:02:01,550 - Classification Succeeds.
2024-07-01 03:02:01,552 - Link Generation Fails.
2024-07-01 03:19:05,759 - Victim node is 5931.
2024-07-01 03:19:05,759 - tensor([13752, 13753, 13754], device='cuda:0')
2024-07-01 03:19:05,759 - Classification Fails.
2024-07-01 03:19:05,759 - Link Generation Succeeds.
2024-07-01 03:34:00,595 - Victim node is 11261.
2024-07-01 03:34:00,595 - tensor([13752, 13753, 13754], device='cuda:0')
2024-07-01 03:34:00,595 - Classification Fails.
2024-07-01 03:34:00,595 - Link Generation Succeeds.
2024-07-01 03:48:16,632 - Victim node is 4916.
2024-07-01 03:48:16,632 - tensor([ 4528,  8140, 12888], device='cuda:0')
2024-07-01 03:48:16,632 - Classification Succeeds.
2024-07-01 03:48:16,632 - Link Generation Fails.
2024-07-01 04:03:27,318 - Victim node is 12121.
2024-07-01 04:03:27,318 - tensor([ 872, 3452, 8210], device='cuda:0')
2024-07-01 04:03:27,318 - Classification Fails.
2024-07-01 04:03:27,318 - Link Generation Fails.
2024-07-01 04:18:26,795 - Victim node is 8612.
2024-07-01 04:18:26,795 - tensor([13752, 13753, 13754], device='cuda:0')
2024-07-01 04:18:26,802 - Classification Fails.
2024-07-01 04:18:26,804 - Link Generation Succeeds.
2024-07-01 04:32:44,634 - Victim node is 10324.
2024-07-01 04:32:44,634 - tensor([ 3240,  7918, 11961], device='cuda:0')
2024-07-01 04:32:44,641 - Classification Succeeds.
2024-07-01 04:32:44,643 - Link Generation Fails.
2024-07-01 04:46:58,797 - Victim node is 9542.
2024-07-01 04:46:58,797 - tensor([13752, 13753, 13754], device='cuda:0')
2024-07-01 04:46:58,804 - Classification Fails.
2024-07-01 04:46:58,806 - Link Generation Succeeds.
2024-07-01 05:01:15,321 - Victim node is 6805.
2024-07-01 05:01:15,322 - tensor([4528, 7984, 8140], device='cuda:0')
2024-07-01 05:01:15,328 - Classification Succeeds.
2024-07-01 05:01:15,331 - Link Generation Fails.
2024-07-01 05:15:39,552 - Victim node is 10565.
2024-07-01 05:15:39,552 - tensor([1607, 7918, 8435], device='cuda:0')
2024-07-01 05:15:39,552 - Classification Succeeds.
2024-07-01 05:15:39,552 - Link Generation Fails.
2024-07-01 05:29:52,881 - Victim node is 7709.
2024-07-01 05:29:52,881 - tensor([ 8140,  8210, 12888], device='cuda:0')
2024-07-01 05:29:52,888 - Classification Succeeds.
2024-07-01 05:29:52,890 - Link Generation Fails.
2024-07-01 05:44:58,794 - Victim node is 9390.
2024-07-01 05:44:58,794 - tensor([ 8140,  8210, 12888], device='cuda:0')
2024-07-01 05:44:58,801 - Classification Succeeds.
2024-07-01 05:44:58,803 - Link Generation Fails.
2024-07-01 05:59:03,666 - Victim node is 8706.
2024-07-01 05:59:03,666 - tensor([13752, 13755, 13756], device='cuda:0')
2024-07-01 05:59:03,672 - Classification Fails.
2024-07-01 05:59:03,675 - Link Generation Succeeds.
2024-07-01 06:13:35,056 - Victim node is 3236.
2024-07-01 06:13:35,056 - tensor([13752, 13753, 13754], device='cuda:0')
2024-07-01 06:13:35,057 - Classification Succeeds.
2024-07-01 06:13:35,057 - Link Generation Succeeds.
2024-07-01 06:28:13,500 - Victim node is 10875.
2024-07-01 06:28:13,500 - tensor([13752, 13753, 13754], device='cuda:0')
2024-07-01 06:28:13,500 - Classification Fails.
2024-07-01 06:28:13,501 - Link Generation Succeeds.
2024-07-01 06:43:25,535 - Victim node is 4068.
2024-07-01 06:43:25,535 - tensor([ 461, 7918, 8435], device='cuda:0')
2024-07-01 06:43:25,535 - Classification Succeeds.
2024-07-01 06:43:25,535 - Link Generation Fails.
2024-07-01 06:58:25,533 - Victim node is 2908.
2024-07-01 06:58:25,533 - tensor([1607, 2499, 7918], device='cuda:0')
2024-07-01 06:58:25,533 - Classification Succeeds.
2024-07-01 06:58:25,534 - Link Generation Fails.
2024-07-01 07:12:39,749 - Victim node is 4427.
2024-07-01 07:12:39,749 - tensor([ 8140,  8210, 12888], device='cuda:0')
2024-07-01 07:12:39,756 - Classification Fails.
2024-07-01 07:12:39,758 - Link Generation Fails.
2024-07-01 07:27:18,627 - Victim node is 8854.
2024-07-01 07:27:18,627 - tensor([1524, 4135, 7984], device='cuda:0')
2024-07-01 07:27:18,627 - Classification Succeeds.
2024-07-01 07:27:18,627 - Link Generation Fails.
2024-07-01 07:42:25,186 - Victim node is 1484.
2024-07-01 07:42:25,186 - tensor([13752, 13753, 13754], device='cuda:0')
2024-07-01 07:42:25,186 - Classification Fails.
2024-07-01 07:42:25,186 - Link Generation Succeeds.
2024-07-01 07:58:35,621 - Victim node is 12507.
2024-07-01 07:58:35,621 - tensor([13752, 13754, 13755], device='cuda:0')
2024-07-01 07:58:35,624 - Classification Succeeds.
2024-07-01 07:58:35,626 - Link Generation Succeeds.
2024-07-01 08:12:49,604 - Victim node is 9630.
2024-07-01 08:12:49,604 - tensor([ 8140,  8210, 12888], device='cuda:0')
2024-07-01 08:12:49,609 - Classification Succeeds.
2024-07-01 08:12:49,611 - Link Generation Fails.
2024-07-01 08:27:27,156 - Victim node is 7837.
2024-07-01 08:27:27,156 - tensor([1607, 7918, 8435], device='cuda:0')
2024-07-01 08:27:27,163 - Classification Succeeds.
2024-07-01 08:27:27,163 - Link Generation Fails.
2024-07-01 08:41:36,921 - Victim node is 13083.
2024-07-01 08:41:36,921 - tensor([ 8140,  8210, 12888], device='cuda:0')
2024-07-01 08:41:36,927 - Classification Succeeds.
2024-07-01 08:41:36,930 - Link Generation Fails.
2024-07-01 08:56:40,768 - Victim node is 6638.
2024-07-01 08:56:40,768 - tensor([13752, 13753, 13756], device='cuda:0')
2024-07-01 08:56:40,774 - Classification Succeeds.
2024-07-01 08:56:40,774 - Link Generation Succeeds.
2024-07-01 09:11:45,242 - Victim node is 13109.
2024-07-01 09:11:45,242 - tensor([1607, 1781, 8435], device='cuda:0')
2024-07-01 09:11:45,242 - Classification Succeeds.
2024-07-01 09:11:45,242 - Link Generation Fails.
2024-07-01 09:26:44,286 - Victim node is 12106.
2024-07-01 09:26:44,286 - tensor([1538, 2499, 7918], device='cuda:0')
2024-07-01 09:26:44,286 - Classification Succeeds.
2024-07-01 09:26:44,286 - Link Generation Fails.
2024-07-01 09:41:47,374 - Victim node is 1670.
2024-07-01 09:41:47,374 - tensor([  904,  1607, 11759], device='cuda:0')
2024-07-01 09:41:47,374 - Classification Succeeds.
2024-07-01 09:41:47,374 - Link Generation Fails.
2024-07-01 09:55:38,090 - Victim node is 1078.
2024-07-01 09:55:38,091 - tensor([13752, 13753, 13754], device='cuda:0')
2024-07-01 09:55:38,097 - Classification Fails.
2024-07-01 09:55:38,100 - Link Generation Succeeds.
2024-07-01 10:09:53,054 - Victim node is 10369.
2024-07-01 10:09:53,054 - tensor([ 2499,  7918, 11961], device='cuda:0')
2024-07-01 10:09:53,061 - Classification Succeeds.
2024-07-01 10:09:53,064 - Link Generation Fails.
2024-07-01 10:24:32,042 - Victim node is 8798.
2024-07-01 10:24:32,042 - tensor([13754, 13755, 13756], device='cuda:0')
2024-07-01 10:24:32,042 - Classification Fails.
2024-07-01 10:24:32,042 - Link Generation Succeeds.
2024-07-01 10:39:12,452 - Victim node is 3947.
2024-07-01 10:39:12,453 - tensor([1538, 1607, 7918], device='cuda:0')
2024-07-01 10:39:12,459 - Classification Succeeds.
2024-07-01 10:39:12,462 - Link Generation Fails.
2024-07-01 10:53:51,138 - Victim node is 12241.
2024-07-01 10:53:51,138 - tensor([13752, 13753, 13754], device='cuda:0')
2024-07-01 10:53:51,145 - Classification Succeeds.
2024-07-01 10:53:51,148 - Link Generation Succeeds.
2024-07-01 11:08:29,423 - Victim node is 8299.
2024-07-01 11:08:29,423 - tensor([ 872, 7984, 9915], device='cuda:0')
2024-07-01 11:08:29,430 - Classification Succeeds.
2024-07-01 11:08:29,432 - Link Generation Fails.
2024-07-01 11:23:48,367 - Victim node is 1459.
2024-07-01 11:23:48,367 - tensor([ 8210, 10906, 13752], device='cuda:0')
2024-07-01 11:23:48,367 - Classification Fails.
2024-07-01 11:23:48,367 - Link Generation Succeeds.
2024-07-01 11:38:52,404 - Victim node is 8455.
2024-07-01 11:38:52,404 - tensor([13752, 13753, 13756], device='cuda:0')
2024-07-01 11:38:52,405 - Classification Fails.
2024-07-01 11:38:52,405 - Link Generation Succeeds.
2024-07-01 11:53:51,691 - Victim node is 10185.
2024-07-01 11:53:51,691 - tensor([ 8140,  8210, 12888], device='cuda:0')
2024-07-01 11:53:51,692 - Classification Succeeds.
2024-07-01 11:53:51,692 - Link Generation Fails.
2024-07-01 12:08:31,445 - Victim node is 5749.
2024-07-01 12:08:31,445 - tensor([13752, 13753, 13754], device='cuda:0')
2024-07-01 12:08:31,445 - Classification Succeeds.
2024-07-01 12:08:31,445 - Link Generation Succeeds.
2024-07-01 12:23:12,060 - Victim node is 4571.
2024-07-01 12:23:12,060 - tensor([ 8140,  8210, 12888], device='cuda:0')
2024-07-01 12:23:12,061 - Classification Fails.
2024-07-01 12:23:12,061 - Link Generation Fails.
2024-07-01 12:37:10,398 - Victim node is 3036.
2024-07-01 12:37:10,399 - tensor([13752, 13753, 13754], device='cuda:0')
2024-07-01 12:37:10,399 - Classification Fails.
2024-07-01 12:37:10,399 - Link Generation Succeeds.
2024-07-01 12:51:14,328 - Victim node is 7890.
2024-07-01 12:51:14,328 - tensor([ 2499,  7918, 12320], device='cuda:0')
2024-07-01 12:51:14,329 - Classification Succeeds.
2024-07-01 12:51:14,329 - Link Generation Fails.
2024-07-01 13:05:10,774 - Victim node is 4714.
2024-07-01 13:05:10,774 - tensor([3452, 4528, 9251], device='cuda:0')
2024-07-01 13:05:10,781 - Classification Succeeds.
2024-07-01 13:05:10,783 - Link Generation Fails.
2024-07-01 13:20:05,901 - Victim node is 4281.
2024-07-01 13:20:05,901 - tensor([ 3452,  4932, 10610], device='cuda:0')
2024-07-01 13:20:05,901 - Classification Succeeds.
2024-07-01 13:20:05,901 - Link Generation Fails.
2024-07-01 13:34:35,653 - Victim node is 4592.
2024-07-01 13:34:35,653 - tensor([ 872, 4312, 4932], device='cuda:0')
2024-07-01 13:34:35,660 - Classification Succeeds.
2024-07-01 13:34:35,663 - Link Generation Fails.
2024-07-01 13:49:13,908 - Victim node is 5574.
2024-07-01 13:49:13,908 - tensor([1524, 4135, 9915], device='cuda:0')
2024-07-01 13:49:13,909 - Classification Succeeds.
2024-07-01 13:49:13,909 - Link Generation Fails.
2024-07-01 14:03:49,351 - Victim node is 12.
2024-07-01 14:03:49,351 - tensor([4528, 7984, 8140], device='cuda:0')
2024-07-01 14:03:49,352 - Classification Succeeds.
2024-07-01 14:03:49,352 - Link Generation Fails.
2024-07-01 14:18:36,025 - Victim node is 10284.
2024-07-01 14:18:36,025 - tensor([ 8140,  8210, 12888], device='cuda:0')
2024-07-01 14:18:36,025 - Classification Succeeds.
2024-07-01 14:18:36,025 - Link Generation Fails.
2024-07-01 14:33:32,720 - Victim node is 5962.
2024-07-01 14:33:32,720 - tensor([ 8140,  8210, 12888], device='cuda:0')
2024-07-01 14:33:32,720 - Classification Succeeds.
2024-07-01 14:33:32,720 - Link Generation Fails.
2024-07-01 14:49:41,503 - Victim node is 285.
2024-07-01 14:49:41,503 - tensor([ 4528,  8210, 12888], device='cuda:0')
2024-07-01 14:49:41,507 - Classification Succeeds.
2024-07-01 14:49:41,507 - Link Generation Fails.
2024-07-01 15:04:41,794 - Victim node is 13663.
2024-07-01 15:04:41,794 - tensor([ 8210, 13753, 13756], device='cuda:0')
2024-07-01 15:04:41,794 - Classification Succeeds.
2024-07-01 15:04:41,794 - Link Generation Succeeds.
2024-07-01 15:18:26,924 - Victim node is 5213.
2024-07-01 15:18:26,924 - tensor([13752, 13753, 13754], device='cuda:0')
2024-07-01 15:18:26,924 - Classification Fails.
2024-07-01 15:18:26,925 - Link Generation Succeeds.
2024-07-01 15:32:10,241 - Victim node is 9838.
2024-07-01 15:32:10,241 - tensor([13753, 13754, 13755], device='cuda:0')
2024-07-01 15:32:10,241 - Classification Succeeds.
2024-07-01 15:32:10,241 - Link Generation Succeeds.
2024-07-01 15:45:54,460 - Victim node is 275.
2024-07-01 15:45:54,461 - tensor([ 8140,  8210, 12888], device='cuda:0')
2024-07-01 15:45:54,461 - Classification Fails.
2024-07-01 15:45:54,461 - Link Generation Fails.
2024-07-01 15:59:38,147 - Victim node is 3352.
2024-07-01 15:59:38,147 - tensor([7984, 8140, 8210], device='cuda:0')
2024-07-01 15:59:38,147 - Classification Succeeds.
2024-07-01 15:59:38,147 - Link Generation Fails.
2024-07-01 16:13:21,990 - Victim node is 9039.
2024-07-01 16:13:21,990 - tensor([1524, 9251, 9915], device='cuda:0')
2024-07-01 16:13:21,990 - Classification Succeeds.
2024-07-01 16:13:21,990 - Link Generation Fails.
2024-07-01 16:27:09,615 - Victim node is 3887.
2024-07-01 16:27:09,615 - tensor([ 872, 1524, 7984], device='cuda:0')
2024-07-01 16:27:09,616 - Classification Succeeds.
2024-07-01 16:27:09,616 - Link Generation Fails.
2024-07-01 16:39:22,204 - Victim node is 5039.
2024-07-01 16:39:22,204 - tensor([ 4528,  8140, 12888], device='cuda:0')
2024-07-01 16:39:22,205 - Classification Succeeds.
2024-07-01 16:39:22,205 - Link Generation Fails.
2024-07-01 16:39:22,205 - Misclassification Rate: 0.3250
2024-07-01 16:39:22,205 - Link Generation Rate: 0.3560
