2024-06-21 11:26:03,265 - Victim node is 11343.
2024-06-21 11:26:03,266 - tensor([ 8140,  8210, 12888], device='cuda:0')
2024-06-21 11:26:03,266 - Classification Succeeds.
2024-06-21 11:26:03,266 - Link Generation Fails.
2024-06-21 11:40:07,906 - Victim node is 9218.
2024-06-21 11:40:07,906 - tensor([ 872, 1524, 3452], device='cuda:0')
2024-06-21 11:40:07,907 - Classification Succeeds.
2024-06-21 11:40:07,907 - Link Generation Fails.
2024-06-21 11:54:07,263 - Victim node is 6230.
2024-06-21 11:54:07,263 - tensor([13754, 13755, 13756], device='cuda:0')
2024-06-21 11:54:07,263 - Classification Fails.
2024-06-21 11:54:07,263 - Link Generation Succeeds.
2024-06-21 12:08:05,535 - Victim node is 2064.
2024-06-21 12:08:05,535 - tensor([ 1524,  4528, 12888], device='cuda:0')
2024-06-21 12:08:05,535 - Classification Succeeds.
2024-06-21 12:08:05,536 - Link Generation Fails.
2024-06-21 12:22:02,658 - Victim node is 3113.
2024-06-21 12:22:02,658 - tensor([ 2499, 10148, 10699], device='cuda:0')
2024-06-21 12:22:02,665 - Classification Succeeds.
2024-06-21 12:22:02,667 - Link Generation Fails.
2024-06-21 12:36:19,099 - Victim node is 3042.
2024-06-21 12:36:19,100 - tensor([ 872, 7984, 8210], device='cuda:0')
2024-06-21 12:36:19,100 - Classification Succeeds.
2024-06-21 12:36:19,100 - Link Generation Fails.
2024-06-21 12:50:49,886 - Victim node is 6855.
2024-06-21 12:50:49,887 - tensor([ 4528,  8140, 12888], device='cuda:0')
2024-06-21 12:50:49,887 - Classification Succeeds.
2024-06-21 12:50:49,887 - Link Generation Fails.
2024-06-21 13:05:05,506 - Victim node is 9443.
2024-06-21 13:05:05,506 - tensor([13752, 13753, 13754], device='cuda:0')
2024-06-21 13:05:05,513 - Classification Fails.
2024-06-21 13:05:05,515 - Link Generation Succeeds.
2024-06-21 13:19:04,788 - Victim node is 4920.
2024-06-21 13:19:04,788 - tensor([13753, 13755, 13756], device='cuda:0')
2024-06-21 13:19:04,788 - Classification Succeeds.
2024-06-21 13:19:04,789 - Link Generation Succeeds.
2024-06-21 13:33:07,106 - Victim node is 13323.
2024-06-21 13:33:07,106 - tensor([  904,  7742, 11961], device='cuda:0')
2024-06-21 13:33:07,106 - Classification Succeeds.
2024-06-21 13:33:07,106 - Link Generation Fails.
2024-06-21 13:47:16,084 - Victim node is 8044.
2024-06-21 13:47:16,085 - tensor([ 8210, 12888, 13013], device='cuda:0')
2024-06-21 13:47:16,085 - Classification Succeeds.
2024-06-21 13:47:16,085 - Link Generation Fails.
2024-06-21 14:01:37,040 - Victim node is 12875.
2024-06-21 14:01:37,041 - tensor([  872,  1524, 12888], device='cuda:0')
2024-06-21 14:01:37,041 - Classification Succeeds.
2024-06-21 14:01:37,041 - Link Generation Fails.
2024-06-21 14:15:45,409 - Victim node is 10472.
2024-06-21 14:15:45,409 - tensor([1524, 4528, 8140], device='cuda:0')
2024-06-21 14:15:45,409 - Classification Succeeds.
2024-06-21 14:15:45,409 - Link Generation Fails.
2024-06-21 14:29:53,178 - Victim node is 4468.
2024-06-21 14:29:53,178 - tensor([ 8140,  8210, 12888], device='cuda:0')
2024-06-21 14:29:53,179 - Classification Succeeds.
2024-06-21 14:29:53,179 - Link Generation Fails.
2024-06-21 14:44:01,240 - Victim node is 6674.
2024-06-21 14:44:01,240 - tensor([13753, 13755, 13756], device='cuda:0')
2024-06-21 14:44:01,240 - Classification Succeeds.
2024-06-21 14:44:01,241 - Link Generation Succeeds.
2024-06-21 14:58:14,868 - Victim node is 12102.
2024-06-21 14:58:14,868 - tensor([ 8140,  8210, 12888], device='cuda:0')
2024-06-21 14:58:14,868 - Classification Fails.
2024-06-21 14:58:14,868 - Link Generation Fails.
2024-06-21 15:12:40,326 - Victim node is 7062.
2024-06-21 15:12:40,326 - tensor([13752, 13753, 13754], device='cuda:0')
2024-06-21 15:12:40,326 - Classification Fails.
2024-06-21 15:12:40,326 - Link Generation Succeeds.
2024-06-21 15:26:41,054 - Victim node is 10960.
2024-06-21 15:26:41,054 - tensor([13752, 13753, 13754], device='cuda:0')
2024-06-21 15:26:41,054 - Classification Succeeds.
2024-06-21 15:26:41,054 - Link Generation Succeeds.
2024-06-21 15:40:49,238 - Victim node is 11961.
2024-06-21 15:40:49,238 - tensor([13752, 13753, 13754], device='cuda:0')
2024-06-21 15:40:49,239 - Classification Succeeds.
2024-06-21 15:40:49,239 - Link Generation Succeeds.
2024-06-21 15:55:06,372 - Victim node is 4165.
2024-06-21 15:55:06,372 - tensor([1524, 9251, 9915], device='cuda:0')
2024-06-21 15:55:06,372 - Classification Succeeds.
2024-06-21 15:55:06,372 - Link Generation Fails.
2024-06-21 16:09:53,347 - Victim node is 7429.
2024-06-21 16:09:53,348 - tensor([4528, 8140, 8210], device='cuda:0')
2024-06-21 16:09:53,354 - Classification Succeeds.
2024-06-21 16:09:53,357 - Link Generation Fails.
2024-06-21 16:27:02,955 - Victim node is 1436.
2024-06-21 16:27:02,956 - tensor([ 1524,  4528, 12888], device='cuda:0')
2024-06-21 16:27:02,962 - Classification Succeeds.
2024-06-21 16:27:02,965 - Link Generation Fails.
2024-06-21 16:44:09,077 - Victim node is 264.
2024-06-21 16:44:09,078 - tensor([1524, 4528, 7984], device='cuda:0')
2024-06-21 16:44:09,084 - Classification Succeeds.
2024-06-21 16:44:09,087 - Link Generation Fails.
2024-06-21 16:58:19,141 - Victim node is 11797.
2024-06-21 16:58:19,142 - tensor([ 8140,  8210, 12888], device='cuda:0')
2024-06-21 16:58:19,142 - Classification Fails.
2024-06-21 16:58:19,142 - Link Generation Fails.
2024-06-21 17:12:32,651 - Victim node is 3761.
2024-06-21 17:12:32,651 - tensor([13752, 13753, 13754], device='cuda:0')
2024-06-21 17:12:32,651 - Classification Fails.
2024-06-21 17:12:32,652 - Link Generation Succeeds.
2024-06-21 17:26:35,445 - Victim node is 7318.
2024-06-21 17:26:35,445 - tensor([ 1524,  4528, 12888], device='cuda:0')
2024-06-21 17:26:35,452 - Classification Succeeds.
2024-06-21 17:26:35,454 - Link Generation Fails.
2024-06-21 17:40:50,877 - Victim node is 12618.
2024-06-21 17:40:50,877 - tensor([1524, 4528, 7984], device='cuda:0')
2024-06-21 17:40:50,877 - Classification Succeeds.
2024-06-21 17:40:50,877 - Link Generation Fails.
2024-06-21 17:54:58,810 - Victim node is 6758.
2024-06-21 17:54:58,810 - tensor([13752, 13753, 13754], device='cuda:0')
2024-06-21 17:54:58,817 - Classification Fails.
2024-06-21 17:54:58,819 - Link Generation Succeeds.
2024-06-21 18:09:39,090 - Victim node is 4091.
2024-06-21 18:09:39,091 - tensor([ 8140,  8210, 12888], device='cuda:0')
2024-06-21 18:09:39,091 - Classification Succeeds.
2024-06-21 18:09:39,091 - Link Generation Fails.
2024-06-21 18:23:44,194 - Victim node is 12198.
2024-06-21 18:23:44,194 - tensor([13752, 13755, 13756], device='cuda:0')
2024-06-21 18:23:44,200 - Classification Fails.
2024-06-21 18:23:44,203 - Link Generation Succeeds.
2024-06-21 18:37:53,504 - Victim node is 12321.
2024-06-21 18:37:53,504 - tensor([1524, 4528, 7984], device='cuda:0')
2024-06-21 18:37:53,504 - Classification Succeeds.
2024-06-21 18:37:53,504 - Link Generation Fails.
2024-06-21 18:51:59,221 - Victim node is 2860.
2024-06-21 18:51:59,221 - tensor([ 8140,  8210, 12888], device='cuda:0')
2024-06-21 18:51:59,228 - Classification Succeeds.
2024-06-21 18:51:59,230 - Link Generation Fails.
2024-06-21 19:08:59,209 - Victim node is 11017.
2024-06-21 19:08:59,209 - tensor([3452, 4075, 8210], device='cuda:0')
2024-06-21 19:08:59,209 - Classification Fails.
2024-06-21 19:08:59,209 - Link Generation Fails.
2024-06-21 19:22:59,467 - Victim node is 2684.
2024-06-21 19:22:59,467 - tensor([ 8140,  8210, 12888], device='cuda:0')
2024-06-21 19:22:59,467 - Classification Succeeds.
2024-06-21 19:22:59,468 - Link Generation Fails.
2024-06-21 19:38:13,832 - Victim node is 10367.
2024-06-21 19:38:13,832 - tensor([13752, 13753, 13754], device='cuda:0')
2024-06-21 19:38:13,838 - Classification Succeeds.
2024-06-21 19:38:13,839 - Link Generation Succeeds.
2024-06-21 19:52:16,811 - Victim node is 3391.
2024-06-21 19:52:16,811 - tensor([ 8140,  8210, 12888], device='cuda:0')
2024-06-21 19:52:16,812 - Classification Succeeds.
2024-06-21 19:52:16,812 - Link Generation Fails.
2024-06-21 20:09:29,415 - Victim node is 4726.
2024-06-21 20:09:29,415 - tensor([1524, 7984, 8210], device='cuda:0')
2024-06-21 20:09:29,415 - Classification Fails.
2024-06-21 20:09:29,415 - Link Generation Fails.
2024-06-21 20:23:34,257 - Victim node is 1597.
2024-06-21 20:23:34,258 - tensor([ 1538,  7918, 12320], device='cuda:0')
2024-06-21 20:23:34,258 - Classification Succeeds.
2024-06-21 20:23:34,258 - Link Generation Fails.
2024-06-21 20:40:35,265 - Victim node is 4414.
2024-06-21 20:40:35,265 - tensor([13752, 13753, 13754], device='cuda:0')
2024-06-21 20:40:35,265 - Classification Succeeds.
2024-06-21 20:40:35,265 - Link Generation Succeeds.
2024-06-21 20:54:42,870 - Victim node is 8105.
2024-06-21 20:54:42,870 - tensor([1524, 9251, 9915], device='cuda:0')
2024-06-21 20:54:42,870 - Classification Succeeds.
2024-06-21 20:54:42,870 - Link Generation Fails.
2024-06-21 21:08:46,427 - Victim node is 8027.
2024-06-21 21:08:46,427 - tensor([1524, 4528, 8140], device='cuda:0')
2024-06-21 21:08:46,428 - Classification Succeeds.
2024-06-21 21:08:46,428 - Link Generation Fails.
2024-06-21 21:23:16,741 - Victim node is 11015.
2024-06-21 21:23:16,741 - tensor([ 8140,  8210, 12888], device='cuda:0')
2024-06-21 21:23:16,748 - Classification Succeeds.
2024-06-21 21:23:16,750 - Link Generation Fails.
2024-06-21 21:37:57,662 - Victim node is 1676.
2024-06-21 21:37:57,662 - tensor([ 8140,  8210, 12888], device='cuda:0')
2024-06-21 21:37:57,663 - Classification Fails.
2024-06-21 21:37:57,663 - Link Generation Fails.
2024-06-21 21:54:58,181 - Victim node is 9050.
2024-06-21 21:54:58,182 - tensor([ 1781,  8435, 11759], device='cuda:0')
2024-06-21 21:54:58,182 - Classification Fails.
2024-06-21 21:54:58,182 - Link Generation Fails.
2024-06-21 22:09:02,270 - Victim node is 12588.
2024-06-21 22:09:02,271 - tensor([13752, 13753, 13754], device='cuda:0')
2024-06-21 22:09:02,273 - Classification Fails.
2024-06-21 22:09:02,274 - Link Generation Succeeds.
2024-06-21 22:23:26,371 - Victim node is 13285.
2024-06-21 22:23:26,372 - tensor([1524, 4528, 8210], device='cuda:0')
2024-06-21 22:23:26,372 - Classification Succeeds.
2024-06-21 22:23:26,372 - Link Generation Fails.
2024-06-21 22:37:38,358 - Victim node is 10768.
2024-06-21 22:37:38,358 - tensor([ 872, 9251, 9915], device='cuda:0')
2024-06-21 22:37:38,359 - Classification Succeeds.
2024-06-21 22:37:38,359 - Link Generation Fails.
2024-06-21 22:51:47,507 - Victim node is 8781.
2024-06-21 22:51:47,508 - tensor([13753, 13754, 13756], device='cuda:0')
2024-06-21 22:51:47,508 - Classification Fails.
2024-06-21 22:51:47,508 - Link Generation Succeeds.
2024-06-21 23:05:53,310 - Victim node is 4356.
2024-06-21 23:05:53,310 - tensor([13753, 13755, 13756], device='cuda:0')
2024-06-21 23:05:53,310 - Classification Fails.
2024-06-21 23:05:53,310 - Link Generation Succeeds.
2024-06-21 23:20:01,373 - Victim node is 13656.
2024-06-21 23:20:01,374 - tensor([ 2883,  7918, 11241], device='cuda:0')
2024-06-21 23:20:01,374 - Classification Fails.
2024-06-21 23:20:01,374 - Link Generation Fails.
2024-06-21 23:34:01,125 - Victim node is 11506.
2024-06-21 23:34:01,125 - tensor([1524, 4528, 8210], device='cuda:0')
2024-06-21 23:34:01,125 - Classification Succeeds.
2024-06-21 23:34:01,125 - Link Generation Fails.
2024-06-21 23:48:23,437 - Victim node is 2092.
2024-06-21 23:48:23,437 - tensor([  904,  2026, 11759], device='cuda:0')
2024-06-21 23:48:23,438 - Classification Fails.
2024-06-21 23:48:23,438 - Link Generation Fails.
2024-06-22 00:02:23,364 - Victim node is 12988.
2024-06-22 00:02:23,364 - tensor([ 1607,  2499, 11759], device='cuda:0')
2024-06-22 00:02:23,365 - Classification Succeeds.
2024-06-22 00:02:23,365 - Link Generation Fails.
2024-06-22 00:17:12,831 - Victim node is 11512.
2024-06-22 00:17:12,832 - tensor([ 8140,  8210, 12888], device='cuda:0')
2024-06-22 00:17:12,832 - Classification Succeeds.
2024-06-22 00:17:12,832 - Link Generation Fails.
2024-06-22 00:31:27,293 - Victim node is 2381.
2024-06-22 00:31:27,293 - tensor([13752, 13753, 13754], device='cuda:0')
2024-06-22 00:31:27,299 - Classification Fails.
2024-06-22 00:31:27,299 - Link Generation Succeeds.
2024-06-22 00:45:30,459 - Victim node is 2995.
2024-06-22 00:45:30,460 - tensor([ 4528,  8140, 12888], device='cuda:0')
2024-06-22 00:45:30,465 - Classification Succeeds.
2024-06-22 00:45:30,465 - Link Generation Fails.
2024-06-22 00:59:47,601 - Victim node is 5089.
2024-06-22 00:59:47,601 - tensor([ 8140,  8210, 12888], device='cuda:0')
2024-06-22 00:59:47,608 - Classification Succeeds.
2024-06-22 00:59:47,611 - Link Generation Fails.
2024-06-22 01:16:52,650 - Victim node is 10166.
2024-06-22 01:16:52,651 - tensor([1524, 4528, 8140], device='cuda:0')
2024-06-22 01:16:52,651 - Classification Succeeds.
2024-06-22 01:16:52,651 - Link Generation Fails.
2024-06-22 01:30:44,264 - Victim node is 8651.
2024-06-22 01:30:44,264 - tensor([ 4528,  8210, 12888], device='cuda:0')
2024-06-22 01:30:44,271 - Classification Fails.
2024-06-22 01:30:44,273 - Link Generation Fails.
2024-06-22 01:46:24,113 - Victim node is 6162.
2024-06-22 01:46:24,113 - tensor([13752, 13753, 13754], device='cuda:0')
2024-06-22 01:46:24,113 - Classification Succeeds.
2024-06-22 01:46:24,113 - Link Generation Succeeds.
2024-06-22 02:01:17,011 - Victim node is 185.
2024-06-22 02:01:17,011 - tensor([3240, 4106, 7918], device='cuda:0')
2024-06-22 02:01:17,018 - Classification Fails.
2024-06-22 02:01:17,020 - Link Generation Fails.
2024-06-22 02:15:34,267 - Victim node is 9395.
2024-06-22 02:15:34,267 - tensor([ 904, 1607, 2026], device='cuda:0')
2024-06-22 02:15:34,267 - Classification Fails.
2024-06-22 02:15:34,267 - Link Generation Fails.
2024-06-22 02:30:12,476 - Victim node is 3019.
2024-06-22 02:30:12,476 - tensor([ 8140,  8210, 12888], device='cuda:0')
2024-06-22 02:30:12,483 - Classification Succeeds.
2024-06-22 02:30:12,485 - Link Generation Fails.
2024-06-22 02:46:00,537 - Victim node is 2153.
2024-06-22 02:46:00,537 - tensor([ 1524,  9251, 10610], device='cuda:0')
2024-06-22 02:46:00,537 - Classification Succeeds.
2024-06-22 02:46:00,537 - Link Generation Fails.
2024-06-22 03:00:06,050 - Victim node is 1253.
2024-06-22 03:00:06,050 - tensor([ 8140,  8210, 12888], device='cuda:0')
2024-06-22 03:00:06,053 - Classification Succeeds.
2024-06-22 03:00:06,055 - Link Generation Fails.
2024-06-22 03:14:39,597 - Victim node is 4657.
2024-06-22 03:14:39,597 - tensor([13752, 13753, 13754], device='cuda:0')
2024-06-22 03:14:39,598 - Classification Fails.
2024-06-22 03:14:39,598 - Link Generation Succeeds.
2024-06-22 03:28:58,289 - Victim node is 11642.
2024-06-22 03:28:58,289 - tensor([ 461, 1607, 8435], device='cuda:0')
2024-06-22 03:28:58,290 - Classification Succeeds.
2024-06-22 03:28:58,290 - Link Generation Fails.
2024-06-22 03:42:55,567 - Victim node is 4406.
2024-06-22 03:42:55,568 - tensor([13752, 13753, 13754], device='cuda:0')
2024-06-22 03:42:55,568 - Classification Fails.
2024-06-22 03:42:55,568 - Link Generation Succeeds.
2024-06-22 03:57:01,318 - Victim node is 9356.
2024-06-22 03:57:01,318 - tensor([13752, 13753, 13754], device='cuda:0')
2024-06-22 03:57:01,318 - Classification Fails.
2024-06-22 03:57:01,318 - Link Generation Succeeds.
2024-06-22 04:11:10,244 - Victim node is 721.
2024-06-22 04:11:10,244 - tensor([13752, 13753, 13754], device='cuda:0')
2024-06-22 04:11:10,250 - Classification Fails.
2024-06-22 04:11:10,250 - Link Generation Succeeds.
2024-06-22 04:25:21,473 - Victim node is 7963.
2024-06-22 04:25:21,473 - tensor([ 1524,  8210, 12888], device='cuda:0')
2024-06-22 04:25:21,473 - Classification Fails.
2024-06-22 04:25:21,473 - Link Generation Fails.
2024-06-22 04:39:21,081 - Victim node is 9661.
2024-06-22 04:39:21,081 - tensor([13752, 13753, 13754], device='cuda:0')
2024-06-22 04:39:21,088 - Classification Fails.
2024-06-22 04:39:21,090 - Link Generation Succeeds.
2024-06-22 04:56:23,047 - Victim node is 4477.
2024-06-22 04:56:23,047 - tensor([ 8140,  8210, 12888], device='cuda:0')
2024-06-22 04:56:23,048 - Classification Succeeds.
2024-06-22 04:56:23,048 - Link Generation Fails.
2024-06-22 05:10:23,031 - Victim node is 13176.
2024-06-22 05:10:23,031 - tensor([ 8210, 12888, 13754], device='cuda:0')
2024-06-22 05:10:23,031 - Classification Succeeds.
2024-06-22 05:10:23,032 - Link Generation Succeeds.
2024-06-22 05:25:01,043 - Victim node is 6889.
2024-06-22 05:25:01,043 - tensor([ 1524,  8210, 12888], device='cuda:0')
2024-06-22 05:25:01,043 - Classification Fails.
2024-06-22 05:25:01,043 - Link Generation Fails.
2024-06-22 05:39:00,796 - Victim node is 5632.
2024-06-22 05:39:00,797 - tensor([13752, 13753, 13754], device='cuda:0')
2024-06-22 05:39:00,797 - Classification Succeeds.
2024-06-22 05:39:00,797 - Link Generation Succeeds.
2024-06-22 05:53:01,684 - Victim node is 2342.
2024-06-22 05:53:01,684 - tensor([13752, 13753, 13756], device='cuda:0')
2024-06-22 05:53:01,684 - Classification Succeeds.
2024-06-22 05:53:01,684 - Link Generation Succeeds.
2024-06-22 06:07:11,938 - Victim node is 13054.
2024-06-22 06:07:11,939 - tensor([ 7742,  8210, 12888], device='cuda:0')
2024-06-22 06:07:11,939 - Classification Fails.
2024-06-22 06:07:11,939 - Link Generation Fails.
2024-06-22 06:21:15,298 - Victim node is 8241.
2024-06-22 06:21:15,298 - tensor([4135, 4528, 8140], device='cuda:0')
2024-06-22 06:21:15,305 - Classification Succeeds.
2024-06-22 06:21:15,307 - Link Generation Fails.
2024-06-22 06:35:56,105 - Victim node is 8960.
2024-06-22 06:35:56,106 - tensor([ 8140,  8210, 12888], device='cuda:0')
2024-06-22 06:35:56,106 - Classification Succeeds.
2024-06-22 06:35:56,106 - Link Generation Fails.
2024-06-22 06:50:01,937 - Victim node is 10046.
2024-06-22 06:50:01,937 - tensor([4528, 8140, 8210], device='cuda:0')
2024-06-22 06:50:01,938 - Classification Succeeds.
2024-06-22 06:50:01,938 - Link Generation Fails.
2024-06-22 07:04:00,829 - Victim node is 7561.
2024-06-22 07:04:00,829 - tensor([1607, 7918, 8435], device='cuda:0')
2024-06-22 07:04:00,829 - Classification Fails.
2024-06-22 07:04:00,829 - Link Generation Fails.
2024-06-22 07:18:02,948 - Victim node is 8051.
2024-06-22 07:18:02,948 - tensor([ 8140,  8210, 12888], device='cuda:0')
2024-06-22 07:18:02,949 - Classification Succeeds.
2024-06-22 07:18:02,949 - Link Generation Fails.
2024-06-22 07:32:50,774 - Victim node is 2379.
2024-06-22 07:32:50,775 - tensor([13752, 13753, 13754], device='cuda:0')
2024-06-22 07:32:50,775 - Classification Fails.
2024-06-22 07:32:50,775 - Link Generation Succeeds.
2024-06-22 07:46:53,042 - Victim node is 7435.
2024-06-22 07:46:53,042 - tensor([ 8140,  8210, 12888], device='cuda:0')
2024-06-22 07:46:53,042 - Classification Succeeds.
2024-06-22 07:46:53,043 - Link Generation Fails.
2024-06-22 08:00:53,990 - Victim node is 9832.
2024-06-22 08:00:53,991 - tensor([13752, 13753, 13754], device='cuda:0')
2024-06-22 08:00:53,991 - Classification Fails.
2024-06-22 08:00:53,991 - Link Generation Succeeds.
2024-06-22 08:14:57,670 - Victim node is 6251.
2024-06-22 08:14:57,670 - tensor([13752, 13753, 13754], device='cuda:0')
2024-06-22 08:14:57,671 - Classification Succeeds.
2024-06-22 08:14:57,671 - Link Generation Succeeds.
2024-06-22 08:28:58,333 - Victim node is 2655.
2024-06-22 08:28:58,333 - tensor([ 4528,  8140, 13755], device='cuda:0')
2024-06-22 08:28:58,334 - Classification Succeeds.
2024-06-22 08:28:58,334 - Link Generation Succeeds.
2024-06-22 08:43:52,135 - Victim node is 9328.
2024-06-22 08:43:52,135 - tensor([13752, 13753, 13754], device='cuda:0')
2024-06-22 08:43:52,136 - Classification Fails.
2024-06-22 08:43:52,136 - Link Generation Succeeds.
2024-06-22 08:57:59,726 - Victim node is 8011.
2024-06-22 08:57:59,726 - tensor([ 8140,  8210, 12888], device='cuda:0')
2024-06-22 08:57:59,731 - Classification Succeeds.
2024-06-22 08:57:59,732 - Link Generation Fails.
2024-06-22 09:12:16,715 - Victim node is 1038.
2024-06-22 09:12:16,715 - tensor([13752, 13753, 13754], device='cuda:0')
2024-06-22 09:12:16,715 - Classification Succeeds.
2024-06-22 09:12:16,715 - Link Generation Succeeds.
2024-06-22 09:26:21,703 - Victim node is 1179.
2024-06-22 09:26:21,703 - tensor([13752, 13753, 13754], device='cuda:0')
2024-06-22 09:26:21,708 - Classification Fails.
2024-06-22 09:26:21,708 - Link Generation Succeeds.
2024-06-22 09:40:48,436 - Victim node is 2931.
2024-06-22 09:40:48,437 - tensor([ 8140,  9772, 12888], device='cuda:0')
2024-06-22 09:40:48,437 - Classification Succeeds.
2024-06-22 09:40:48,437 - Link Generation Fails.
2024-06-22 09:54:57,374 - Victim node is 1986.
2024-06-22 09:54:57,374 - tensor([2499, 7918, 8212], device='cuda:0')
2024-06-22 09:54:57,374 - Classification Fails.
2024-06-22 09:54:57,374 - Link Generation Fails.
2024-06-22 10:09:34,438 - Victim node is 6741.
2024-06-22 10:09:34,438 - tensor([ 8140,  8210, 12888], device='cuda:0')
2024-06-22 10:09:34,438 - Classification Fails.
2024-06-22 10:09:34,438 - Link Generation Fails.
2024-06-22 10:24:03,660 - Victim node is 1824.
2024-06-22 10:24:03,660 - tensor([13752, 13753, 13754], device='cuda:0')
2024-06-22 10:24:03,667 - Classification Fails.
2024-06-22 10:24:03,669 - Link Generation Succeeds.
2024-06-22 10:38:23,401 - Victim node is 6618.
2024-06-22 10:38:23,401 - tensor([1607, 7918, 8435], device='cuda:0')
2024-06-22 10:38:23,408 - Classification Fails.
2024-06-22 10:38:23,410 - Link Generation Fails.
2024-06-22 10:53:19,311 - Victim node is 12515.
2024-06-22 10:53:19,311 - tensor([13752, 13754, 13755], device='cuda:0')
2024-06-22 10:53:19,316 - Classification Fails.
2024-06-22 10:53:19,316 - Link Generation Succeeds.
2024-06-22 11:07:22,428 - Victim node is 11477.
2024-06-22 11:07:22,428 - tensor([1524, 8210, 9251], device='cuda:0')
2024-06-22 11:07:22,429 - Classification Succeeds.
2024-06-22 11:07:22,429 - Link Generation Fails.
2024-06-22 11:21:36,367 - Victim node is 3867.
2024-06-22 11:21:36,367 - tensor([7984, 8140, 8210], device='cuda:0')
2024-06-22 11:21:36,368 - Classification Succeeds.
2024-06-22 11:21:36,368 - Link Generation Fails.
2024-06-22 11:35:41,115 - Victim node is 13418.
2024-06-22 11:35:41,115 - tensor([ 7918, 10707, 12320], device='cuda:0')
2024-06-22 11:35:41,116 - Classification Succeeds.
2024-06-22 11:35:41,116 - Link Generation Fails.
2024-06-22 11:50:13,220 - Victim node is 11365.
2024-06-22 11:50:13,220 - tensor([ 8140,  8210, 12888], device='cuda:0')
2024-06-22 11:50:13,227 - Classification Fails.
2024-06-22 11:50:13,229 - Link Generation Fails.
2024-06-22 12:04:51,005 - Victim node is 10331.
2024-06-22 12:04:51,005 - tensor([ 8140,  8210, 12888], device='cuda:0')
2024-06-22 12:04:51,005 - Classification Fails.
2024-06-22 12:04:51,005 - Link Generation Fails.
2024-06-22 12:20:13,337 - Victim node is 2648.
2024-06-22 12:20:13,337 - tensor([1538, 2499, 7918], device='cuda:0')
2024-06-22 12:20:13,337 - Classification Fails.
2024-06-22 12:20:13,337 - Link Generation Fails.
2024-06-22 12:34:18,393 - Victim node is 8630.
2024-06-22 12:34:18,393 - tensor([ 872, 1524, 4135], device='cuda:0')
2024-06-22 12:34:18,400 - Classification Fails.
2024-06-22 12:34:18,402 - Link Generation Fails.
2024-06-22 12:48:29,351 - Victim node is 715.
2024-06-22 12:48:29,351 - tensor([ 8210, 13753, 13755], device='cuda:0')
2024-06-22 12:48:29,351 - Classification Succeeds.
2024-06-22 12:48:29,351 - Link Generation Succeeds.
2024-06-22 13:03:29,449 - Victim node is 13163.
2024-06-22 13:03:29,449 - tensor([ 8210, 12888, 13013], device='cuda:0')
2024-06-22 13:03:29,456 - Classification Succeeds.
2024-06-22 13:03:29,458 - Link Generation Fails.
2024-06-22 13:20:24,406 - Victim node is 8480.
2024-06-22 13:20:24,406 - tensor([13752, 13753, 13754], device='cuda:0')
2024-06-22 13:20:24,406 - Classification Fails.
2024-06-22 13:20:24,406 - Link Generation Succeeds.
2024-06-22 13:34:23,372 - Victim node is 1173.
2024-06-22 13:34:23,372 - tensor([13753, 13755, 13756], device='cuda:0')
2024-06-22 13:34:23,379 - Classification Succeeds.
2024-06-22 13:34:23,381 - Link Generation Succeeds.
2024-06-22 13:48:53,848 - Victim node is 1199.
2024-06-22 13:48:53,849 - tensor([13752, 13753, 13754], device='cuda:0')
2024-06-22 13:48:53,849 - Classification Fails.
2024-06-22 13:48:53,849 - Link Generation Succeeds.
2024-06-22 14:03:03,031 - Victim node is 11314.
2024-06-22 14:03:03,031 - tensor([ 3452,  8210, 12888], device='cuda:0')
2024-06-22 14:03:03,031 - Classification Succeeds.
2024-06-22 14:03:03,031 - Link Generation Fails.
2024-06-22 14:17:04,563 - Victim node is 8627.
2024-06-22 14:17:04,563 - tensor([13752, 13753, 13756], device='cuda:0')
2024-06-22 14:17:04,563 - Classification Succeeds.
2024-06-22 14:17:04,563 - Link Generation Succeeds.
2024-06-22 14:31:13,824 - Victim node is 11383.
2024-06-22 14:31:13,825 - tensor([  904, 11440, 11759], device='cuda:0')
2024-06-22 14:31:13,831 - Classification Succeeds.
2024-06-22 14:31:13,834 - Link Generation Fails.
2024-06-22 14:46:40,929 - Victim node is 10244.
2024-06-22 14:46:40,930 - tensor([ 4528,  8140, 12888], device='cuda:0')
2024-06-22 14:46:40,930 - Classification Fails.
2024-06-22 14:46:40,930 - Link Generation Fails.
2024-06-22 15:01:08,918 - Victim node is 7179.
2024-06-22 15:01:08,918 - tensor([13752, 13753, 13754], device='cuda:0')
2024-06-22 15:01:08,925 - Classification Fails.
2024-06-22 15:01:08,927 - Link Generation Succeeds.
2024-06-22 15:16:32,266 - Victim node is 8938.
2024-06-22 15:16:32,266 - tensor([13752, 13753, 13754], device='cuda:0')
2024-06-22 15:16:32,266 - Classification Succeeds.
2024-06-22 15:16:32,266 - Link Generation Succeeds.
2024-06-22 15:33:35,103 - Victim node is 13193.
2024-06-22 15:33:35,104 - tensor([ 8140,  8210, 12888], device='cuda:0')
2024-06-22 15:33:35,104 - Classification Fails.
2024-06-22 15:33:35,104 - Link Generation Fails.
2024-06-22 15:47:45,973 - Victim node is 272.
2024-06-22 15:47:45,973 - tensor([13752, 13753, 13755], device='cuda:0')
2024-06-22 15:47:45,980 - Classification Fails.
2024-06-22 15:47:45,982 - Link Generation Succeeds.
2024-06-22 16:02:03,564 - Victim node is 11212.
2024-06-22 16:02:03,564 - tensor([ 4528,  8140, 12888], device='cuda:0')
2024-06-22 16:02:03,571 - Classification Succeeds.
2024-06-22 16:02:03,573 - Link Generation Fails.
2024-06-22 16:16:21,391 - Victim node is 8410.
2024-06-22 16:16:21,391 - tensor([13752, 13753, 13754], device='cuda:0')
2024-06-22 16:16:21,398 - Classification Fails.
2024-06-22 16:16:21,400 - Link Generation Succeeds.
2024-06-22 16:33:13,325 - Victim node is 5384.
2024-06-22 16:33:13,325 - tensor([ 1524,  8210, 12888], device='cuda:0')
2024-06-22 16:33:13,325 - Classification Succeeds.
2024-06-22 16:33:13,325 - Link Generation Fails.
2024-06-22 16:47:14,647 - Victim node is 9569.
2024-06-22 16:47:14,647 - tensor([ 3555,  7918, 10148], device='cuda:0')
2024-06-22 16:47:14,647 - Classification Fails.
2024-06-22 16:47:14,648 - Link Generation Fails.
2024-06-22 17:01:22,792 - Victim node is 12511.
2024-06-22 17:01:22,792 - tensor([3452, 6247, 9251], device='cuda:0')
2024-06-22 17:01:22,799 - Classification Succeeds.
2024-06-22 17:01:22,802 - Link Generation Fails.
2024-06-22 17:15:31,699 - Victim node is 3786.
2024-06-22 17:15:31,699 - tensor([ 1524,  3452, 12888], device='cuda:0')
2024-06-22 17:15:31,700 - Classification Succeeds.
2024-06-22 17:15:31,700 - Link Generation Fails.
2024-06-22 17:29:38,567 - Victim node is 1858.
2024-06-22 17:29:38,567 - tensor([13752, 13753, 13754], device='cuda:0')
2024-06-22 17:29:38,567 - Classification Fails.
2024-06-22 17:29:38,567 - Link Generation Succeeds.
2024-06-22 17:43:41,768 - Victim node is 341.
2024-06-22 17:43:41,768 - tensor([1524, 4528, 8210], device='cuda:0')
2024-06-22 17:43:41,769 - Classification Fails.
2024-06-22 17:43:41,769 - Link Generation Fails.
2024-06-22 17:57:41,835 - Victim node is 1802.
2024-06-22 17:57:41,835 - tensor([ 4528,  8210, 12888], device='cuda:0')
2024-06-22 17:57:41,835 - Classification Succeeds.
2024-06-22 17:57:41,835 - Link Generation Fails.
2024-06-22 18:11:42,542 - Victim node is 2919.
2024-06-22 18:11:42,542 - tensor([13752, 13753, 13754], device='cuda:0')
2024-06-22 18:11:42,542 - Classification Fails.
2024-06-22 18:11:42,542 - Link Generation Succeeds.
2024-06-22 18:26:51,825 - Victim node is 1711.
2024-06-22 18:26:51,825 - tensor([1607, 1781, 8435], device='cuda:0')
2024-06-22 18:26:51,826 - Classification Fails.
2024-06-22 18:26:51,826 - Link Generation Fails.
2024-06-22 18:41:01,965 - Victim node is 4355.
2024-06-22 18:41:01,965 - tensor([ 8140,  8210, 12888], device='cuda:0')
2024-06-22 18:41:01,965 - Classification Fails.
2024-06-22 18:41:01,966 - Link Generation Fails.
2024-06-22 18:55:00,169 - Victim node is 3623.
2024-06-22 18:55:00,169 - tensor([4528, 8140, 8210], device='cuda:0')
2024-06-22 18:55:00,169 - Classification Fails.
2024-06-22 18:55:00,169 - Link Generation Fails.
2024-06-22 19:09:01,150 - Victim node is 1682.
2024-06-22 19:09:01,150 - tensor([ 1524,  4135, 10906], device='cuda:0')
2024-06-22 19:09:01,150 - Classification Succeeds.
2024-06-22 19:09:01,150 - Link Generation Fails.
2024-06-22 19:23:29,318 - Victim node is 9087.
2024-06-22 19:23:29,318 - tensor([13752, 13753, 13754], device='cuda:0')
2024-06-22 19:23:29,325 - Classification Fails.
2024-06-22 19:23:29,327 - Link Generation Succeeds.
2024-06-22 19:37:56,655 - Victim node is 12108.
2024-06-22 19:37:56,655 - tensor([  904,  7918, 11759], device='cuda:0')
2024-06-22 19:37:56,655 - Classification Fails.
2024-06-22 19:37:56,655 - Link Generation Fails.
2024-06-22 19:52:39,414 - Victim node is 11172.
2024-06-22 19:52:39,415 - tensor([ 1524,  4528, 12888], device='cuda:0')
2024-06-22 19:52:39,415 - Classification Succeeds.
2024-06-22 19:52:39,415 - Link Generation Fails.
2024-06-22 20:06:47,827 - Victim node is 10270.
2024-06-22 20:06:47,828 - tensor([  904, 11759, 11961], device='cuda:0')
2024-06-22 20:06:47,834 - Classification Fails.
2024-06-22 20:06:47,837 - Link Generation Fails.
2024-06-22 20:21:32,115 - Victim node is 2978.
2024-06-22 20:21:32,115 - tensor([4528, 8140, 8210], device='cuda:0')
2024-06-22 20:21:32,116 - Classification Succeeds.
2024-06-22 20:21:32,116 - Link Generation Fails.
2024-06-22 20:35:37,112 - Victim node is 1378.
2024-06-22 20:35:37,112 - tensor([13752, 13753, 13754], device='cuda:0')
2024-06-22 20:35:37,113 - Classification Succeeds.
2024-06-22 20:35:37,113 - Link Generation Succeeds.
2024-06-22 20:49:39,125 - Victim node is 439.
2024-06-22 20:49:39,126 - tensor([13752, 13753, 13754], device='cuda:0')
2024-06-22 20:49:39,126 - Classification Succeeds.
2024-06-22 20:49:39,126 - Link Generation Succeeds.
2024-06-22 21:04:04,528 - Victim node is 12554.
2024-06-22 21:04:04,528 - tensor([ 8140,  8210, 12888], device='cuda:0')
2024-06-22 21:04:04,528 - Classification Succeeds.
2024-06-22 21:04:04,528 - Link Generation Fails.
2024-06-22 21:18:20,192 - Victim node is 11233.
2024-06-22 21:18:20,192 - tensor([ 8210, 12888, 13756], device='cuda:0')
2024-06-22 21:18:20,199 - Classification Succeeds.
2024-06-22 21:18:20,201 - Link Generation Succeeds.
2024-06-22 21:35:11,462 - Victim node is 7080.
2024-06-22 21:35:11,463 - tensor([ 8140,  8210, 12888], device='cuda:0')
2024-06-22 21:35:11,469 - Classification Succeeds.
2024-06-22 21:35:11,472 - Link Generation Fails.
2024-06-22 21:49:24,803 - Victim node is 7569.
2024-06-22 21:49:24,803 - tensor([ 8140,  8210, 12888], device='cuda:0')
2024-06-22 21:49:24,804 - Classification Succeeds.
2024-06-22 21:49:24,804 - Link Generation Fails.
2024-06-22 22:04:05,508 - Victim node is 500.
2024-06-22 22:04:05,508 - tensor([13752, 13753, 13754], device='cuda:0')
2024-06-22 22:04:05,508 - Classification Fails.
2024-06-22 22:04:05,508 - Link Generation Succeeds.
2024-06-22 22:18:10,750 - Victim node is 7574.
2024-06-22 22:18:10,751 - tensor([  904, 10891, 11759], device='cuda:0')
2024-06-22 22:18:10,751 - Classification Fails.
2024-06-22 22:18:10,751 - Link Generation Fails.
2024-06-22 22:32:36,660 - Victim node is 4572.
2024-06-22 22:32:36,660 - tensor([1607, 7918, 8435], device='cuda:0')
2024-06-22 22:32:36,665 - Classification Fails.
2024-06-22 22:32:36,666 - Link Generation Fails.
2024-06-22 22:48:12,002 - Victim node is 3146.
2024-06-22 22:48:12,002 - tensor([ 4528,  8140, 12888], device='cuda:0')
2024-06-22 22:48:12,002 - Classification Succeeds.
2024-06-22 22:48:12,002 - Link Generation Fails.
2024-06-22 23:02:28,034 - Victim node is 11079.
2024-06-22 23:02:28,034 - tensor([ 8140,  8210, 12888], device='cuda:0')
2024-06-22 23:02:28,041 - Classification Succeeds.
2024-06-22 23:02:28,043 - Link Generation Fails.
2024-06-22 23:19:21,963 - Victim node is 12979.
2024-06-22 23:19:21,964 - tensor([13753, 13754, 13755], device='cuda:0')
2024-06-22 23:19:21,964 - Classification Fails.
2024-06-22 23:19:21,964 - Link Generation Succeeds.
2024-06-22 23:33:32,165 - Victim node is 9893.
2024-06-22 23:33:32,165 - tensor([13752, 13753, 13754], device='cuda:0')
2024-06-22 23:33:32,172 - Classification Fails.
2024-06-22 23:33:32,174 - Link Generation Succeeds.
2024-06-22 23:47:51,810 - Victim node is 6897.
2024-06-22 23:47:51,811 - tensor([1538, 2499, 7918], device='cuda:0')
2024-06-22 23:47:51,811 - Classification Fails.
2024-06-22 23:47:51,811 - Link Generation Fails.
2024-06-23 00:02:09,060 - Victim node is 11095.
2024-06-23 00:02:09,061 - tensor([ 1524,  8210, 12888], device='cuda:0')
2024-06-23 00:02:09,061 - Classification Succeeds.
2024-06-23 00:02:09,061 - Link Generation Fails.
2024-06-23 00:17:44,250 - Victim node is 1359.
2024-06-23 00:17:44,250 - tensor([ 8210, 12888, 13756], device='cuda:0')
2024-06-23 00:17:44,251 - Classification Succeeds.
2024-06-23 00:17:44,251 - Link Generation Succeeds.
2024-06-23 00:31:44,460 - Victim node is 13192.
2024-06-23 00:31:44,460 - tensor([ 872, 7984, 8140], device='cuda:0')
2024-06-23 00:31:44,460 - Classification Succeeds.
2024-06-23 00:31:44,461 - Link Generation Fails.
2024-06-23 00:46:02,617 - Victim node is 5374.
2024-06-23 00:46:02,617 - tensor([ 7918, 13752, 13756], device='cuda:0')
2024-06-23 00:46:02,617 - Classification Succeeds.
2024-06-23 00:46:02,617 - Link Generation Succeeds.
2024-06-23 01:00:38,828 - Victim node is 10828.
2024-06-23 01:00:38,828 - tensor([1607, 7918, 8435], device='cuda:0')
2024-06-23 01:00:38,835 - Classification Succeeds.
2024-06-23 01:00:38,837 - Link Generation Fails.
2024-06-23 01:15:46,154 - Victim node is 3556.
2024-06-23 01:15:46,154 - tensor([4528, 8140, 8210], device='cuda:0')
2024-06-23 01:15:46,154 - Classification Succeeds.
2024-06-23 01:15:46,155 - Link Generation Fails.
2024-06-23 01:29:51,547 - Victim node is 12381.
2024-06-23 01:29:51,547 - tensor([ 4528,  8210, 12888], device='cuda:0')
2024-06-23 01:29:51,548 - Classification Succeeds.
2024-06-23 01:29:51,548 - Link Generation Fails.
2024-06-23 01:44:12,572 - Victim node is 7530.
2024-06-23 01:44:12,572 - tensor([13752, 13753, 13754], device='cuda:0')
2024-06-23 01:44:12,579 - Classification Fails.
2024-06-23 01:44:12,581 - Link Generation Succeeds.
2024-06-23 01:58:29,082 - Victim node is 3826.
2024-06-23 01:58:29,082 - tensor([ 8210, 10906, 12888], device='cuda:0')
2024-06-23 01:58:29,083 - Classification Succeeds.
2024-06-23 01:58:29,083 - Link Generation Fails.
2024-06-23 02:12:47,794 - Victim node is 9995.
2024-06-23 02:12:47,794 - tensor([ 8140,  8210, 12888], device='cuda:0')
2024-06-23 02:12:47,801 - Classification Succeeds.
2024-06-23 02:12:47,803 - Link Generation Fails.
2024-06-23 02:27:02,654 - Victim node is 11239.
2024-06-23 02:27:02,654 - tensor([ 1524,  4528, 12888], device='cuda:0')
2024-06-23 02:27:02,654 - Classification Fails.
2024-06-23 02:27:02,654 - Link Generation Fails.
2024-06-23 02:41:05,633 - Victim node is 2806.
2024-06-23 02:41:05,634 - tensor([13754, 13755, 13756], device='cuda:0')
2024-06-23 02:41:05,634 - Classification Fails.
2024-06-23 02:41:05,634 - Link Generation Succeeds.
2024-06-23 02:55:11,707 - Victim node is 13424.
2024-06-23 02:55:11,707 - tensor([ 8140,  8210, 12888], device='cuda:0')
2024-06-23 02:55:11,707 - Classification Succeeds.
2024-06-23 02:55:11,707 - Link Generation Fails.
2024-06-23 03:09:21,069 - Victim node is 2845.
2024-06-23 03:09:21,070 - tensor([ 8140,  8210, 12888], device='cuda:0')
2024-06-23 03:09:21,070 - Classification Succeeds.
2024-06-23 03:09:21,070 - Link Generation Fails.
2024-06-23 03:23:22,111 - Victim node is 1524.
2024-06-23 03:23:22,111 - tensor([193, 590, 692], device='cuda:0')
2024-06-23 03:23:22,114 - Classification Succeeds.
2024-06-23 03:23:22,116 - Link Generation Fails.
2024-06-23 03:38:04,093 - Victim node is 7774.
2024-06-23 03:38:04,094 - tensor([13752, 13753, 13754], device='cuda:0')
2024-06-23 03:38:04,094 - Classification Fails.
2024-06-23 03:38:04,094 - Link Generation Succeeds.
2024-06-23 03:52:23,035 - Victim node is 2938.
2024-06-23 03:52:23,035 - tensor([13752, 13753, 13754], device='cuda:0')
2024-06-23 03:52:23,035 - Classification Fails.
2024-06-23 03:52:23,035 - Link Generation Succeeds.
2024-06-23 04:06:23,799 - Victim node is 8554.
2024-06-23 04:06:23,799 - tensor([ 8140,  8210, 12888], device='cuda:0')
2024-06-23 04:06:23,799 - Classification Succeeds.
2024-06-23 04:06:23,799 - Link Generation Fails.
2024-06-23 04:20:44,953 - Victim node is 4381.
2024-06-23 04:20:44,953 - tensor([ 8140,  8210, 12888], device='cuda:0')
2024-06-23 04:20:44,953 - Classification Fails.
2024-06-23 04:20:44,953 - Link Generation Fails.
2024-06-23 04:35:26,415 - Victim node is 13148.
2024-06-23 04:35:26,416 - tensor([ 8140,  8210, 12888], device='cuda:0')
2024-06-23 04:35:26,422 - Classification Succeeds.
2024-06-23 04:35:26,425 - Link Generation Fails.
2024-06-23 04:52:09,412 - Victim node is 1605.
2024-06-23 04:52:09,412 - tensor([13752, 13755, 13756], device='cuda:0')
2024-06-23 04:52:09,413 - Classification Succeeds.
2024-06-23 04:52:09,413 - Link Generation Succeeds.
2024-06-23 05:06:24,992 - Victim node is 8811.
2024-06-23 05:06:24,992 - tensor([ 1538,  7918, 11961], device='cuda:0')
2024-06-23 05:06:24,992 - Classification Fails.
2024-06-23 05:06:24,992 - Link Generation Fails.
2024-06-23 05:21:02,281 - Victim node is 13180.
2024-06-23 05:21:02,281 - tensor([ 4528,  8210, 12888], device='cuda:0')
2024-06-23 05:21:02,281 - Classification Succeeds.
2024-06-23 05:21:02,282 - Link Generation Fails.
2024-06-23 05:35:13,319 - Victim node is 3743.
2024-06-23 05:35:13,319 - tensor([  904,  2026, 10891], device='cuda:0')
2024-06-23 05:35:13,320 - Classification Fails.
2024-06-23 05:35:13,320 - Link Generation Fails.
2024-06-23 05:50:38,717 - Victim node is 8147.
2024-06-23 05:50:38,718 - tensor([ 8140,  8210, 12888], device='cuda:0')
2024-06-23 05:50:38,718 - Classification Fails.
2024-06-23 05:50:38,718 - Link Generation Fails.
2024-06-23 06:04:42,214 - Victim node is 5971.
2024-06-23 06:04:42,214 - tensor([ 4528,  8210, 12888], device='cuda:0')
2024-06-23 06:04:42,217 - Classification Succeeds.
2024-06-23 06:04:42,219 - Link Generation Fails.
2024-06-23 06:19:37,630 - Victim node is 3551.
2024-06-23 06:19:37,630 - tensor([13752, 13753, 13754], device='cuda:0')
2024-06-23 06:19:37,633 - Classification Fails.
2024-06-23 06:19:37,633 - Link Generation Succeeds.
2024-06-23 06:34:47,953 - Victim node is 7494.
2024-06-23 06:34:47,954 - tensor([1524, 3452, 9251], device='cuda:0')
2024-06-23 06:34:47,954 - Classification Succeeds.
2024-06-23 06:34:47,954 - Link Generation Fails.
2024-06-23 06:50:24,569 - Victim node is 5380.
2024-06-23 06:50:24,569 - tensor([13752, 13753, 13756], device='cuda:0')
2024-06-23 06:50:24,576 - Classification Fails.
2024-06-23 06:50:24,578 - Link Generation Succeeds.
2024-06-23 07:04:24,886 - Victim node is 11051.
2024-06-23 07:04:24,886 - tensor([13754, 13755, 13756], device='cuda:0')
2024-06-23 07:04:24,887 - Classification Fails.
2024-06-23 07:04:24,887 - Link Generation Succeeds.
2024-06-23 07:19:21,555 - Victim node is 911.
2024-06-23 07:19:21,555 - tensor([13752, 13753, 13754], device='cuda:0')
2024-06-23 07:19:21,555 - Classification Succeeds.
2024-06-23 07:19:21,555 - Link Generation Succeeds.
2024-06-23 07:33:19,453 - Victim node is 5891.
2024-06-23 07:33:19,453 - tensor([ 4528,  8210, 12888], device='cuda:0')
2024-06-23 07:33:19,453 - Classification Succeeds.
2024-06-23 07:33:19,453 - Link Generation Fails.
2024-06-23 07:47:38,179 - Victim node is 1772.
2024-06-23 07:47:38,179 - tensor([ 8140,  8210, 12888], device='cuda:0')
2024-06-23 07:47:38,186 - Classification Succeeds.
2024-06-23 07:47:38,188 - Link Generation Fails.
2024-06-23 08:02:02,481 - Victim node is 3630.
2024-06-23 08:02:02,481 - tensor([  904,  8140, 12888], device='cuda:0')
2024-06-23 08:02:02,488 - Classification Succeeds.
2024-06-23 08:02:02,488 - Link Generation Fails.
2024-06-23 08:18:46,372 - Victim node is 5693.
2024-06-23 08:18:46,373 - tensor([4528, 8140, 8210], device='cuda:0')
2024-06-23 08:18:46,373 - Classification Fails.
2024-06-23 08:18:46,373 - Link Generation Fails.
2024-06-23 08:34:12,160 - Victim node is 3160.
2024-06-23 08:34:12,160 - tensor([ 8210, 13752, 13753], device='cuda:0')
2024-06-23 08:34:12,160 - Classification Fails.
2024-06-23 08:34:12,160 - Link Generation Succeeds.
2024-06-23 08:48:21,796 - Victim node is 12805.
2024-06-23 08:48:21,796 - tensor([13752, 13753, 13754], device='cuda:0')
2024-06-23 08:48:21,803 - Classification Succeeds.
2024-06-23 08:48:21,805 - Link Generation Succeeds.
2024-06-23 09:02:31,580 - Victim node is 9295.
2024-06-23 09:02:31,580 - tensor([ 1524,  4528, 12888], device='cuda:0')
2024-06-23 09:02:31,587 - Classification Fails.
2024-06-23 09:02:31,589 - Link Generation Fails.
2024-06-23 09:19:09,357 - Victim node is 13027.
2024-06-23 09:19:09,358 - tensor([13752, 13753, 13754], device='cuda:0')
2024-06-23 09:19:09,358 - Classification Fails.
2024-06-23 09:19:09,358 - Link Generation Succeeds.
2024-06-23 09:33:18,434 - Victim node is 7473.
2024-06-23 09:33:18,434 - tensor([13752, 13753, 13754], device='cuda:0')
2024-06-23 09:33:18,441 - Classification Fails.
2024-06-23 09:33:18,443 - Link Generation Succeeds.
2024-06-23 09:49:59,775 - Victim node is 91.
2024-06-23 09:49:59,776 - tensor([ 9659, 10835, 10906], device='cuda:0')
2024-06-23 09:49:59,776 - Classification Fails.
2024-06-23 09:49:59,776 - Link Generation Fails.
2024-06-23 10:04:05,115 - Victim node is 9863.
2024-06-23 10:04:05,115 - tensor([4528, 8140, 8210], device='cuda:0')
2024-06-23 10:04:05,116 - Classification Succeeds.
2024-06-23 10:04:05,116 - Link Generation Fails.
2024-06-23 10:18:28,882 - Victim node is 7427.
2024-06-23 10:18:28,883 - tensor([13752, 13753, 13754], device='cuda:0')
2024-06-23 10:18:28,889 - Classification Fails.
2024-06-23 10:18:28,892 - Link Generation Succeeds.
2024-06-23 10:35:05,119 - Victim node is 4057.
2024-06-23 10:35:05,119 - tensor([ 3452,  9915, 10610], device='cuda:0')
2024-06-23 10:35:05,124 - Classification Succeeds.
2024-06-23 10:35:05,124 - Link Generation Fails.
2024-06-23 10:49:16,434 - Victim node is 13682.
2024-06-23 10:49:16,434 - tensor([ 8140,  8210, 12888], device='cuda:0')
2024-06-23 10:49:16,434 - Classification Fails.
2024-06-23 10:49:16,434 - Link Generation Fails.
2024-06-23 11:04:24,570 - Victim node is 5603.
2024-06-23 11:04:24,571 - tensor([ 2499,  7918, 11961], device='cuda:0')
2024-06-23 11:04:24,577 - Classification Fails.
2024-06-23 11:04:24,580 - Link Generation Fails.
2024-06-23 11:18:21,762 - Victim node is 5491.
2024-06-23 11:18:21,762 - tensor([13752, 13753, 13754], device='cuda:0')
2024-06-23 11:18:21,762 - Classification Fails.
2024-06-23 11:18:21,762 - Link Generation Succeeds.
2024-06-23 11:33:47,764 - Victim node is 9385.
2024-06-23 11:33:47,764 - tensor([ 2138,  4135, 10906], device='cuda:0')
2024-06-23 11:33:47,765 - Classification Succeeds.
2024-06-23 11:33:47,765 - Link Generation Fails.
2024-06-23 11:48:10,674 - Victim node is 4949.
2024-06-23 11:48:10,675 - tensor([ 8140,  8210, 12888], device='cuda:0')
2024-06-23 11:48:10,675 - Classification Succeeds.
2024-06-23 11:48:10,675 - Link Generation Fails.
2024-06-23 12:05:06,060 - Victim node is 2985.
2024-06-23 12:05:06,060 - tensor([ 7742,  8140, 12888], device='cuda:0')
2024-06-23 12:05:06,060 - Classification Fails.
2024-06-23 12:05:06,060 - Link Generation Fails.
2024-06-23 12:19:14,894 - Victim node is 6893.
2024-06-23 12:19:14,894 - tensor([7984, 8140, 8210], device='cuda:0')
2024-06-23 12:19:14,894 - Classification Succeeds.
2024-06-23 12:19:14,894 - Link Generation Fails.
2024-06-23 12:33:19,563 - Victim node is 1099.
2024-06-23 12:33:19,564 - tensor([ 4528,  8140, 12888], device='cuda:0')
2024-06-23 12:33:19,564 - Classification Succeeds.
2024-06-23 12:33:19,564 - Link Generation Fails.
2024-06-23 12:47:51,753 - Victim node is 11829.
2024-06-23 12:47:51,753 - tensor([ 8140,  8210, 12888], device='cuda:0')
2024-06-23 12:47:51,756 - Classification Fails.
2024-06-23 12:47:51,758 - Link Generation Fails.
2024-06-23 13:04:48,839 - Victim node is 156.
2024-06-23 13:04:48,839 - tensor([ 8140,  8210, 12888], device='cuda:0')
2024-06-23 13:04:48,845 - Classification Succeeds.
2024-06-23 13:04:48,848 - Link Generation Fails.
2024-06-23 13:21:40,860 - Victim node is 1243.
2024-06-23 13:21:40,860 - tensor([ 872, 1524, 7984], device='cuda:0')
2024-06-23 13:21:40,867 - Classification Succeeds.
2024-06-23 13:21:40,869 - Link Generation Fails.
2024-06-23 13:36:10,032 - Victim node is 6296.
2024-06-23 13:36:10,032 - tensor([13752, 13754, 13755], device='cuda:0')
2024-06-23 13:36:10,039 - Classification Succeeds.
2024-06-23 13:36:10,041 - Link Generation Succeeds.
2024-06-23 13:52:39,195 - Victim node is 6156.
2024-06-23 13:52:39,195 - tensor([13753, 13754, 13755], device='cuda:0')
2024-06-23 13:52:39,195 - Classification Fails.
2024-06-23 13:52:39,195 - Link Generation Succeeds.
2024-06-23 14:06:48,850 - Victim node is 4590.
2024-06-23 14:06:48,850 - tensor([ 8140,  8210, 12888], device='cuda:0')
2024-06-23 14:06:48,850 - Classification Succeeds.
2024-06-23 14:06:48,851 - Link Generation Fails.
2024-06-23 14:21:07,814 - Victim node is 12096.
2024-06-23 14:21:07,814 - tensor([ 4528,  8210, 12888], device='cuda:0')
2024-06-23 14:21:07,815 - Classification Succeeds.
2024-06-23 14:21:07,815 - Link Generation Fails.
2024-06-23 14:35:05,549 - Victim node is 11351.
2024-06-23 14:35:05,549 - tensor([ 8140,  8210, 12888], device='cuda:0')
2024-06-23 14:35:05,549 - Classification Succeeds.
2024-06-23 14:35:05,549 - Link Generation Fails.
2024-06-23 14:49:06,660 - Victim node is 10831.
2024-06-23 14:49:06,660 - tensor([ 8210, 10906, 12888], device='cuda:0')
2024-06-23 14:49:06,660 - Classification Succeeds.
2024-06-23 14:49:06,660 - Link Generation Fails.
2024-06-23 15:03:27,583 - Victim node is 6831.
2024-06-23 15:03:27,584 - tensor([ 1524, 12888, 13756], device='cuda:0')
2024-06-23 15:03:27,587 - Classification Fails.
2024-06-23 15:03:27,587 - Link Generation Succeeds.
2024-06-23 15:20:03,820 - Victim node is 9874.
2024-06-23 15:20:03,820 - tensor([ 1524,  4528, 12888], device='cuda:0')
2024-06-23 15:20:03,821 - Classification Succeeds.
2024-06-23 15:20:03,821 - Link Generation Fails.
2024-06-23 15:34:07,785 - Victim node is 10261.
2024-06-23 15:34:07,786 - tensor([13753, 13754, 13755], device='cuda:0')
2024-06-23 15:34:07,786 - Classification Fails.
2024-06-23 15:34:07,786 - Link Generation Succeeds.
2024-06-23 15:49:33,506 - Victim node is 12558.
2024-06-23 15:49:33,506 - tensor([1524, 4528, 7984], device='cuda:0')
2024-06-23 15:49:33,513 - Classification Succeeds.
2024-06-23 15:49:33,516 - Link Generation Fails.
2024-06-23 16:06:22,385 - Victim node is 7052.
2024-06-23 16:06:22,385 - tensor([ 1524,  8140, 12888], device='cuda:0')
2024-06-23 16:06:22,385 - Classification Succeeds.
2024-06-23 16:06:22,386 - Link Generation Fails.
2024-06-23 16:20:22,419 - Victim node is 2352.
2024-06-23 16:20:22,420 - tensor([ 1524,  4932, 10610], device='cuda:0')
2024-06-23 16:20:22,420 - Classification Succeeds.
2024-06-23 16:20:22,420 - Link Generation Fails.
2024-06-23 16:34:27,083 - Victim node is 4197.
2024-06-23 16:34:27,083 - tensor([2499, 3356, 3555], device='cuda:0')
2024-06-23 16:34:27,084 - Classification Succeeds.
2024-06-23 16:34:27,084 - Link Generation Fails.
2024-06-23 16:48:31,069 - Victim node is 9379.
2024-06-23 16:48:31,069 - tensor([1524, 4528, 8140], device='cuda:0')
2024-06-23 16:48:31,069 - Classification Succeeds.
2024-06-23 16:48:31,070 - Link Generation Fails.
2024-06-23 17:02:42,341 - Victim node is 1848.
2024-06-23 17:02:42,341 - tensor([1607, 2499, 3555], device='cuda:0')
2024-06-23 17:02:42,348 - Classification Fails.
2024-06-23 17:02:42,349 - Link Generation Fails.
2024-06-23 17:17:26,813 - Victim node is 11505.
2024-06-23 17:17:26,813 - tensor([ 4528,  8140, 12888], device='cuda:0')
2024-06-23 17:17:26,813 - Classification Succeeds.
2024-06-23 17:17:26,813 - Link Generation Fails.
2024-06-23 17:32:05,127 - Victim node is 2715.
2024-06-23 17:32:05,127 - tensor([ 4528,  8210, 13752], device='cuda:0')
2024-06-23 17:32:05,134 - Classification Succeeds.
2024-06-23 17:32:05,136 - Link Generation Succeeds.
2024-06-23 17:46:07,767 - Victim node is 8965.
2024-06-23 17:46:07,767 - tensor([13752, 13753, 13754], device='cuda:0')
2024-06-23 17:46:07,767 - Classification Fails.
2024-06-23 17:46:07,768 - Link Generation Succeeds.
2024-06-23 18:01:25,350 - Victim node is 9812.
2024-06-23 18:01:25,350 - tensor([ 4528,  8140, 12888], device='cuda:0')
2024-06-23 18:01:25,350 - Classification Succeeds.
2024-06-23 18:01:25,350 - Link Generation Fails.
2024-06-23 18:15:23,404 - Victim node is 6918.
2024-06-23 18:15:23,404 - tensor([13752, 13753, 13754], device='cuda:0')
2024-06-23 18:15:23,404 - Classification Fails.
2024-06-23 18:15:23,404 - Link Generation Succeeds.
2024-06-23 18:29:29,674 - Victim node is 4458.
2024-06-23 18:29:29,674 - tensor([4528, 7984, 8140], device='cuda:0')
2024-06-23 18:29:29,679 - Classification Succeeds.
2024-06-23 18:29:29,682 - Link Generation Fails.
2024-06-23 18:43:37,708 - Victim node is 12403.
2024-06-23 18:43:37,708 - tensor([13752, 13753, 13754], device='cuda:0')
2024-06-23 18:43:37,708 - Classification Fails.
2024-06-23 18:43:37,708 - Link Generation Succeeds.
2024-06-23 18:57:44,250 - Victim node is 13397.
2024-06-23 18:57:44,251 - tensor([ 8140,  8210, 12888], device='cuda:0')
2024-06-23 18:57:44,251 - Classification Succeeds.
2024-06-23 18:57:44,251 - Link Generation Fails.
2024-06-23 19:12:46,639 - Victim node is 13496.
2024-06-23 19:12:46,639 - tensor([ 1524,  4528, 12888], device='cuda:0')
2024-06-23 19:12:46,640 - Classification Succeeds.
2024-06-23 19:12:46,640 - Link Generation Fails.
2024-06-23 19:26:56,296 - Victim node is 265.
2024-06-23 19:26:56,296 - tensor([ 8140,  8210, 12888], device='cuda:0')
2024-06-23 19:26:56,296 - Classification Fails.
2024-06-23 19:26:56,297 - Link Generation Fails.
2024-06-23 19:40:56,929 - Victim node is 5450.
2024-06-23 19:40:56,929 - tensor([10509, 10835, 10906], device='cuda:0')
2024-06-23 19:40:56,935 - Classification Fails.
2024-06-23 19:40:56,935 - Link Generation Fails.
2024-06-23 19:55:32,453 - Victim node is 13229.
2024-06-23 19:55:32,453 - tensor([ 8140,  8210, 12888], device='cuda:0')
2024-06-23 19:55:32,453 - Classification Succeeds.
2024-06-23 19:55:32,453 - Link Generation Fails.
2024-06-23 20:09:32,080 - Victim node is 5209.
2024-06-23 20:09:32,080 - tensor([13752, 13755, 13756], device='cuda:0')
2024-06-23 20:09:32,081 - Classification Fails.
2024-06-23 20:09:32,081 - Link Generation Succeeds.
2024-06-23 20:24:43,898 - Victim node is 7811.
2024-06-23 20:24:43,899 - tensor([13752, 13753, 13754], device='cuda:0')
2024-06-23 20:24:43,899 - Classification Succeeds.
2024-06-23 20:24:43,899 - Link Generation Succeeds.
2024-06-23 20:38:44,004 - Victim node is 2416.
2024-06-23 20:38:44,004 - tensor([13754, 13755, 13756], device='cuda:0')
2024-06-23 20:38:44,004 - Classification Succeeds.
2024-06-23 20:38:44,004 - Link Generation Succeeds.
2024-06-23 20:53:01,546 - Victim node is 11604.
2024-06-23 20:53:01,546 - tensor([1524, 9251, 9915], device='cuda:0')
2024-06-23 20:53:01,547 - Classification Fails.
2024-06-23 20:53:01,547 - Link Generation Fails.
2024-06-23 21:07:06,362 - Victim node is 3853.
2024-06-23 21:07:06,362 - tensor([13752, 13755, 13756], device='cuda:0')
2024-06-23 21:07:06,363 - Classification Succeeds.
2024-06-23 21:07:06,363 - Link Generation Succeeds.
2024-06-23 21:21:09,224 - Victim node is 8326.
2024-06-23 21:21:09,224 - tensor([ 1607,  8435, 11759], device='cuda:0')
2024-06-23 21:21:09,225 - Classification Fails.
2024-06-23 21:21:09,225 - Link Generation Fails.
2024-06-23 21:35:36,206 - Victim node is 6431.
2024-06-23 21:35:36,207 - tensor([ 8140,  8210, 12888], device='cuda:0')
2024-06-23 21:35:36,211 - Classification Succeeds.
2024-06-23 21:35:36,212 - Link Generation Fails.
2024-06-23 21:49:54,803 - Victim node is 6579.
2024-06-23 21:49:54,803 - tensor([13752, 13753, 13754], device='cuda:0')
2024-06-23 21:49:54,803 - Classification Succeeds.
2024-06-23 21:49:54,803 - Link Generation Succeeds.
2024-06-23 22:05:20,622 - Victim node is 11810.
2024-06-23 22:05:20,622 - tensor([13752, 13753, 13754], device='cuda:0')
2024-06-23 22:05:20,622 - Classification Succeeds.
2024-06-23 22:05:20,622 - Link Generation Succeeds.
2024-06-23 22:19:37,179 - Victim node is 11189.
2024-06-23 22:19:37,179 - tensor([13752, 13753, 13754], device='cuda:0')
2024-06-23 22:19:37,179 - Classification Fails.
2024-06-23 22:19:37,179 - Link Generation Succeeds.
2024-06-23 22:33:57,007 - Victim node is 3228.
2024-06-23 22:33:57,007 - tensor([13752, 13753, 13754], device='cuda:0')
2024-06-23 22:33:57,007 - Classification Succeeds.
2024-06-23 22:33:57,007 - Link Generation Succeeds.
2024-06-23 22:48:09,448 - Victim node is 2772.
2024-06-23 22:48:09,448 - tensor([ 1524,  3452, 10610], device='cuda:0')
2024-06-23 22:48:09,448 - Classification Succeeds.
2024-06-23 22:48:09,448 - Link Generation Fails.
2024-06-23 23:02:11,542 - Victim node is 8426.
2024-06-23 23:02:11,543 - tensor([1538, 2499, 7918], device='cuda:0')
2024-06-23 23:02:11,549 - Classification Fails.
2024-06-23 23:02:11,552 - Link Generation Fails.
2024-06-23 23:16:30,941 - Victim node is 3621.
2024-06-23 23:16:30,941 - tensor([ 872, 3452, 4528], device='cuda:0')
2024-06-23 23:16:30,942 - Classification Succeeds.
2024-06-23 23:16:30,942 - Link Generation Fails.
2024-06-23 23:30:37,642 - Victim node is 810.
2024-06-23 23:30:37,642 - tensor([13752, 13753, 13754], device='cuda:0')
2024-06-23 23:30:37,647 - Classification Fails.
2024-06-23 23:30:37,649 - Link Generation Succeeds.
2024-06-23 23:44:38,427 - Victim node is 13174.
2024-06-23 23:44:38,427 - tensor([ 872, 7984, 8210], device='cuda:0')
2024-06-23 23:44:38,434 - Classification Succeeds.
2024-06-23 23:44:38,435 - Link Generation Fails.
2024-06-23 23:59:06,713 - Victim node is 6535.
2024-06-23 23:59:06,714 - tensor([13752, 13753, 13754], device='cuda:0')
2024-06-23 23:59:06,714 - Classification Succeeds.
2024-06-23 23:59:06,714 - Link Generation Succeeds.
2024-06-24 00:13:19,977 - Victim node is 4619.
2024-06-24 00:13:19,978 - tensor([ 8140,  8210, 12888], device='cuda:0')
2024-06-24 00:13:19,983 - Classification Fails.
2024-06-24 00:13:19,985 - Link Generation Fails.
2024-06-24 00:27:26,395 - Victim node is 8582.
2024-06-24 00:27:26,395 - tensor([ 1538,  7918, 11961], device='cuda:0')
2024-06-24 00:27:26,395 - Classification Fails.
2024-06-24 00:27:26,395 - Link Generation Fails.
2024-06-24 00:42:00,334 - Victim node is 1187.
2024-06-24 00:42:00,334 - tensor([13754, 13755, 13756], device='cuda:0')
2024-06-24 00:42:00,341 - Classification Fails.
2024-06-24 00:42:00,343 - Link Generation Succeeds.
2024-06-24 00:58:29,414 - Victim node is 10515.
2024-06-24 00:58:29,414 - tensor([ 7504, 10835, 10906], device='cuda:0')
2024-06-24 00:58:29,414 - Classification Fails.
2024-06-24 00:58:29,414 - Link Generation Fails.
2024-06-24 01:12:37,875 - Victim node is 6746.
2024-06-24 01:12:37,875 - tensor([13752, 13753, 13754], device='cuda:0')
2024-06-24 01:12:37,875 - Classification Fails.
2024-06-24 01:12:37,875 - Link Generation Succeeds.
2024-06-24 01:26:37,147 - Victim node is 7800.
2024-06-24 01:26:37,147 - tensor([4528, 7984, 8140], device='cuda:0')
2024-06-24 01:26:37,148 - Classification Succeeds.
2024-06-24 01:26:37,148 - Link Generation Fails.
2024-06-24 01:42:04,369 - Victim node is 12937.
2024-06-24 01:42:04,370 - tensor([13752, 13753, 13754], device='cuda:0')
2024-06-24 01:42:04,376 - Classification Succeeds.
2024-06-24 01:42:04,379 - Link Generation Succeeds.
2024-06-24 01:56:06,393 - Victim node is 10483.
2024-06-24 01:56:06,394 - tensor([13752, 13753, 13754], device='cuda:0')
2024-06-24 01:56:06,399 - Classification Fails.
2024-06-24 01:56:06,401 - Link Generation Succeeds.
2024-06-24 02:10:33,430 - Victim node is 2115.
2024-06-24 02:10:33,431 - tensor([13752, 13753, 13754], device='cuda:0')
2024-06-24 02:10:33,437 - Classification Fails.
2024-06-24 02:10:33,440 - Link Generation Succeeds.
2024-06-24 02:27:11,368 - Victim node is 12890.
2024-06-24 02:27:11,368 - tensor([13752, 13753, 13754], device='cuda:0')
2024-06-24 02:27:11,368 - Classification Fails.
2024-06-24 02:27:11,369 - Link Generation Succeeds.
2024-06-24 02:41:46,743 - Victim node is 12547.
2024-06-24 02:41:46,743 - tensor([ 2499,  7918, 12320], device='cuda:0')
2024-06-24 02:41:46,744 - Classification Succeeds.
2024-06-24 02:41:46,744 - Link Generation Fails.
2024-06-24 02:55:54,077 - Victim node is 9129.
2024-06-24 02:55:54,077 - tensor([ 2499,  7918, 10699], device='cuda:0')
2024-06-24 02:55:54,078 - Classification Fails.
2024-06-24 02:55:54,078 - Link Generation Fails.
2024-06-24 03:10:34,461 - Victim node is 13366.
2024-06-24 03:10:34,461 - tensor([ 1607,  8435, 11759], device='cuda:0')
2024-06-24 03:10:34,462 - Classification Fails.
2024-06-24 03:10:34,462 - Link Generation Fails.
2024-06-24 03:25:50,827 - Victim node is 4184.
2024-06-24 03:25:50,828 - tensor([13752, 13753, 13754], device='cuda:0')
2024-06-24 03:25:50,834 - Classification Succeeds.
2024-06-24 03:25:50,837 - Link Generation Succeeds.
2024-06-24 03:40:06,273 - Victim node is 13461.
2024-06-24 03:40:06,273 - tensor([2138, 4135, 7984], device='cuda:0')
2024-06-24 03:40:06,280 - Classification Succeeds.
2024-06-24 03:40:06,282 - Link Generation Fails.
2024-06-24 03:55:15,357 - Victim node is 1170.
2024-06-24 03:55:15,357 - tensor([13752, 13753, 13754], device='cuda:0')
2024-06-24 03:55:15,364 - Classification Fails.
2024-06-24 03:55:15,366 - Link Generation Succeeds.
2024-06-24 04:10:22,186 - Victim node is 7209.
2024-06-24 04:10:22,186 - tensor([  43, 2028, 8488], device='cuda:0')
2024-06-24 04:10:22,193 - Classification Fails.
2024-06-24 04:10:22,195 - Link Generation Fails.
2024-06-24 04:25:44,664 - Victim node is 13674.
2024-06-24 04:25:44,664 - tensor([ 4528,  8140, 12888], device='cuda:0')
2024-06-24 04:25:44,671 - Classification Succeeds.
2024-06-24 04:25:44,673 - Link Generation Fails.
2024-06-24 04:42:09,228 - Victim node is 9820.
2024-06-24 04:42:09,228 - tensor([ 8140,  8210, 12888], device='cuda:0')
2024-06-24 04:42:09,228 - Classification Fails.
2024-06-24 04:42:09,228 - Link Generation Fails.
2024-06-24 04:57:28,171 - Victim node is 778.
2024-06-24 04:57:28,171 - tensor([ 1524,  3452, 10610], device='cuda:0')
2024-06-24 04:57:28,171 - Classification Succeeds.
2024-06-24 04:57:28,171 - Link Generation Fails.
2024-06-24 05:11:24,069 - Victim node is 10702.
2024-06-24 05:11:24,069 - tensor([ 8140,  8210, 12888], device='cuda:0')
2024-06-24 05:11:24,074 - Classification Fails.
2024-06-24 05:11:24,076 - Link Generation Fails.
2024-06-24 05:25:40,616 - Victim node is 5914.
2024-06-24 05:25:40,616 - tensor([ 872, 4135, 7984], device='cuda:0')
2024-06-24 05:25:40,622 - Classification Succeeds.
2024-06-24 05:25:40,625 - Link Generation Fails.
2024-06-24 05:39:59,619 - Victim node is 7414.
2024-06-24 05:39:59,619 - tensor([ 1524,  3452, 10610], device='cuda:0')
2024-06-24 05:39:59,621 - Classification Succeeds.
2024-06-24 05:39:59,623 - Link Generation Fails.
2024-06-24 05:56:33,040 - Victim node is 4337.
2024-06-24 05:56:33,040 - tensor([1607, 7918, 8435], device='cuda:0')
2024-06-24 05:56:33,043 - Classification Fails.
2024-06-24 05:56:33,046 - Link Generation Fails.
2024-06-24 06:12:04,877 - Victim node is 6159.
2024-06-24 06:12:04,877 - tensor([13753, 13755, 13756], device='cuda:0')
2024-06-24 06:12:04,878 - Classification Fails.
2024-06-24 06:12:04,878 - Link Generation Succeeds.
2024-06-24 06:28:25,171 - Victim node is 2947.
2024-06-24 06:28:25,171 - tensor([13752, 13753, 13754], device='cuda:0')
2024-06-24 06:28:25,171 - Classification Succeeds.
2024-06-24 06:28:25,171 - Link Generation Succeeds.
2024-06-24 06:42:46,197 - Victim node is 8718.
2024-06-24 06:42:46,197 - tensor([ 7918, 11961, 12320], device='cuda:0')
2024-06-24 06:42:46,204 - Classification Succeeds.
2024-06-24 06:42:46,206 - Link Generation Fails.
2024-06-24 06:58:01,094 - Victim node is 11192.
2024-06-24 06:58:01,094 - tensor([ 8140,  8210, 12888], device='cuda:0')
2024-06-24 06:58:01,101 - Classification Fails.
2024-06-24 06:58:01,103 - Link Generation Fails.
2024-06-24 07:14:20,564 - Victim node is 3911.
2024-06-24 07:14:20,564 - tensor([13752, 13753, 13754], device='cuda:0')
2024-06-24 07:14:20,564 - Classification Fails.
2024-06-24 07:14:20,564 - Link Generation Succeeds.
2024-06-24 07:28:24,320 - Victim node is 9322.
2024-06-24 07:28:24,320 - tensor([13752, 13753, 13754], device='cuda:0')
2024-06-24 07:28:24,321 - Classification Fails.
2024-06-24 07:28:24,321 - Link Generation Succeeds.
2024-06-24 07:42:44,049 - Victim node is 2637.
2024-06-24 07:42:44,049 - tensor([ 8140,  8210, 12888], device='cuda:0')
2024-06-24 07:42:44,056 - Classification Succeeds.
2024-06-24 07:42:44,058 - Link Generation Fails.
2024-06-24 07:59:03,665 - Victim node is 2442.
2024-06-24 07:59:03,665 - tensor([ 8140,  8210, 12888], device='cuda:0')
2024-06-24 07:59:03,666 - Classification Succeeds.
2024-06-24 07:59:03,666 - Link Generation Fails.
2024-06-24 08:13:26,999 - Victim node is 12712.
2024-06-24 08:13:26,999 - tensor([4528, 7984, 8210], device='cuda:0')
2024-06-24 08:13:27,006 - Classification Succeeds.
2024-06-24 08:13:27,008 - Link Generation Fails.
2024-06-24 08:27:33,829 - Victim node is 8398.
2024-06-24 08:27:33,829 - tensor([13752, 13753, 13754], device='cuda:0')
2024-06-24 08:27:33,829 - Classification Fails.
2024-06-24 08:27:33,829 - Link Generation Succeeds.
2024-06-24 08:41:54,109 - Victim node is 5071.
2024-06-24 08:41:54,109 - tensor([13752, 13753, 13754], device='cuda:0')
2024-06-24 08:41:54,110 - Classification Succeeds.
2024-06-24 08:41:54,110 - Link Generation Succeeds.
2024-06-24 08:56:01,333 - Victim node is 13717.
2024-06-24 08:56:01,333 - tensor([ 8140,  8210, 12888], device='cuda:0')
2024-06-24 08:56:01,333 - Classification Succeeds.
2024-06-24 08:56:01,333 - Link Generation Fails.
2024-06-24 09:10:42,924 - Victim node is 10908.
2024-06-24 09:10:42,924 - tensor([ 1524,  8210, 12888], device='cuda:0')
2024-06-24 09:10:42,930 - Classification Fails.
2024-06-24 09:10:42,930 - Link Generation Fails.
2024-06-24 09:25:08,792 - Victim node is 11846.
2024-06-24 09:25:08,792 - tensor([ 1607,  8435, 11759], device='cuda:0')
2024-06-24 09:25:08,792 - Classification Succeeds.
2024-06-24 09:25:08,792 - Link Generation Fails.
2024-06-24 09:40:13,277 - Victim node is 12236.
2024-06-24 09:40:13,277 - tensor([ 4528,  8140, 12888], device='cuda:0')
2024-06-24 09:40:13,284 - Classification Fails.
2024-06-24 09:40:13,286 - Link Generation Fails.
2024-06-24 09:56:40,212 - Victim node is 3073.
2024-06-24 09:56:40,212 - tensor([ 2515, 13752, 13753], device='cuda:0')
2024-06-24 09:56:40,213 - Classification Succeeds.
2024-06-24 09:56:40,213 - Link Generation Succeeds.
2024-06-24 10:10:48,653 - Victim node is 8773.
2024-06-24 10:10:48,653 - tensor([1524, 4528, 8210], device='cuda:0')
2024-06-24 10:10:48,654 - Classification Succeeds.
2024-06-24 10:10:48,654 - Link Generation Fails.
2024-06-24 10:25:09,212 - Victim node is 398.
2024-06-24 10:25:09,212 - tensor([ 872, 3452, 7984], device='cuda:0')
2024-06-24 10:25:09,213 - Classification Succeeds.
2024-06-24 10:25:09,213 - Link Generation Fails.
2024-06-24 10:39:50,084 - Victim node is 13537.
2024-06-24 10:39:50,084 - tensor([ 8140,  8210, 12888], device='cuda:0')
2024-06-24 10:39:50,087 - Classification Succeeds.
2024-06-24 10:39:50,087 - Link Generation Fails.
2024-06-24 10:54:51,093 - Victim node is 6660.
2024-06-24 10:54:51,093 - tensor([ 1524,  4528, 12888], device='cuda:0')
2024-06-24 10:54:51,093 - Classification Succeeds.
2024-06-24 10:54:51,093 - Link Generation Fails.
2024-06-24 11:09:10,975 - Victim node is 4474.
2024-06-24 11:09:10,975 - tensor([ 904, 2026, 7597], device='cuda:0')
2024-06-24 11:09:10,975 - Classification Succeeds.
2024-06-24 11:09:10,975 - Link Generation Fails.
2024-06-24 11:23:59,876 - Victim node is 10327.
2024-06-24 11:23:59,876 - tensor([13752, 13753, 13754], device='cuda:0')
2024-06-24 11:23:59,881 - Classification Succeeds.
2024-06-24 11:23:59,883 - Link Generation Succeeds.
2024-06-24 11:39:13,141 - Victim node is 12435.
2024-06-24 11:39:13,141 - tensor([13752, 13754, 13756], device='cuda:0')
2024-06-24 11:39:13,141 - Classification Succeeds.
2024-06-24 11:39:13,141 - Link Generation Succeeds.
2024-06-24 11:53:22,100 - Victim node is 13260.
2024-06-24 11:53:22,101 - tensor([ 2499,  3485, 10699], device='cuda:0')
2024-06-24 11:53:22,101 - Classification Fails.
2024-06-24 11:53:22,101 - Link Generation Fails.
2024-06-24 12:07:19,420 - Victim node is 9910.
2024-06-24 12:07:19,420 - tensor([ 4528,  8210, 12888], device='cuda:0')
2024-06-24 12:07:19,426 - Classification Succeeds.
2024-06-24 12:07:19,427 - Link Generation Fails.
2024-06-24 12:22:01,221 - Victim node is 8350.
2024-06-24 12:22:01,222 - tensor([ 8140,  8210, 12888], device='cuda:0')
2024-06-24 12:22:01,222 - Classification Fails.
2024-06-24 12:22:01,223 - Link Generation Fails.
2024-06-24 12:38:26,875 - Victim node is 6517.
2024-06-24 12:38:26,875 - tensor([ 8140,  8210, 12888], device='cuda:0')
2024-06-24 12:38:26,875 - Classification Succeeds.
2024-06-24 12:38:26,875 - Link Generation Fails.
2024-06-24 12:53:04,319 - Victim node is 12648.
2024-06-24 12:53:04,320 - tensor([4528, 8140, 8210], device='cuda:0')
2024-06-24 12:53:04,324 - Classification Succeeds.
2024-06-24 12:53:04,325 - Link Generation Fails.
2024-06-24 13:07:04,252 - Victim node is 933.
2024-06-24 13:07:04,252 - tensor([ 8140,  8210, 12888], device='cuda:0')
2024-06-24 13:07:04,252 - Classification Succeeds.
2024-06-24 13:07:04,252 - Link Generation Fails.
2024-06-24 13:21:15,204 - Victim node is 8636.
2024-06-24 13:21:15,205 - tensor([  904, 10891, 11759], device='cuda:0')
2024-06-24 13:21:15,205 - Classification Succeeds.
2024-06-24 13:21:15,205 - Link Generation Fails.
2024-06-24 13:36:16,858 - Victim node is 2752.
2024-06-24 13:36:16,858 - tensor([2883, 7918, 9322], device='cuda:0')
2024-06-24 13:36:16,864 - Classification Fails.
2024-06-24 13:36:16,867 - Link Generation Fails.
2024-06-24 13:52:07,594 - Victim node is 1601.
2024-06-24 13:52:07,594 - tensor([ 8140,  8210, 12888], device='cuda:0')
2024-06-24 13:52:07,594 - Classification Fails.
2024-06-24 13:52:07,595 - Link Generation Fails.
2024-06-24 14:08:35,062 - Victim node is 10196.
2024-06-24 14:08:35,063 - tensor([4528, 8140, 8210], device='cuda:0')
2024-06-24 14:08:35,063 - Classification Succeeds.
2024-06-24 14:08:35,063 - Link Generation Fails.
2024-06-24 14:23:21,748 - Victim node is 11598.
2024-06-24 14:23:21,748 - tensor([ 872, 1524, 7984], device='cuda:0')
2024-06-24 14:23:21,755 - Classification Succeeds.
2024-06-24 14:23:21,757 - Link Generation Fails.
2024-06-24 14:39:28,583 - Victim node is 11819.
2024-06-24 14:39:28,583 - tensor([13753, 13754, 13756], device='cuda:0')
2024-06-24 14:39:28,584 - Classification Fails.
2024-06-24 14:39:28,584 - Link Generation Succeeds.
2024-06-24 14:53:24,482 - Victim node is 3366.
2024-06-24 14:53:24,482 - tensor([5370, 9251, 9915], device='cuda:0')
2024-06-24 14:53:24,482 - Classification Succeeds.
2024-06-24 14:53:24,483 - Link Generation Fails.
2024-06-24 15:08:14,389 - Victim node is 4386.
2024-06-24 15:08:14,390 - tensor([7984, 8210, 9915], device='cuda:0')
2024-06-24 15:08:14,396 - Classification Fails.
2024-06-24 15:08:14,399 - Link Generation Fails.
2024-06-24 15:24:58,676 - Victim node is 12274.
2024-06-24 15:24:58,676 - tensor([13753, 13754, 13755], device='cuda:0')
2024-06-24 15:24:58,677 - Classification Succeeds.
2024-06-24 15:24:58,677 - Link Generation Succeeds.
2024-06-24 15:41:40,616 - Victim node is 13224.
2024-06-24 15:41:40,616 - tensor([3452, 4528, 8140], device='cuda:0')
2024-06-24 15:41:40,622 - Classification Succeeds.
2024-06-24 15:41:40,625 - Link Generation Fails.
2024-06-24 15:55:37,975 - Victim node is 2176.
2024-06-24 15:55:37,975 - tensor([1524, 4528, 8140], device='cuda:0')
2024-06-24 15:55:37,982 - Classification Succeeds.
2024-06-24 15:55:37,984 - Link Generation Fails.
2024-06-24 16:12:03,047 - Victim node is 10679.
2024-06-24 16:12:03,047 - tensor([ 1524,  4528, 12888], device='cuda:0')
2024-06-24 16:12:03,047 - Classification Succeeds.
2024-06-24 16:12:03,047 - Link Generation Fails.
2024-06-24 16:26:51,585 - Victim node is 10414.
2024-06-24 16:26:51,586 - tensor([ 8140,  8210, 12888], device='cuda:0')
2024-06-24 16:26:51,592 - Classification Fails.
2024-06-24 16:26:51,592 - Link Generation Fails.
2024-06-24 16:42:57,846 - Victim node is 11344.
2024-06-24 16:42:57,846 - tensor([ 8140,  8210, 12888], device='cuda:0')
2024-06-24 16:42:57,846 - Classification Succeeds.
2024-06-24 16:42:57,846 - Link Generation Fails.
2024-06-24 16:57:19,714 - Victim node is 8522.
2024-06-24 16:57:19,714 - tensor([13752, 13753, 13754], device='cuda:0')
2024-06-24 16:57:19,714 - Classification Fails.
2024-06-24 16:57:19,714 - Link Generation Succeeds.
2024-06-24 17:12:26,952 - Victim node is 8243.
2024-06-24 17:12:26,953 - tensor([1524, 7984, 8210], device='cuda:0')
2024-06-24 17:12:26,959 - Classification Fails.
2024-06-24 17:12:26,962 - Link Generation Fails.
2024-06-24 17:28:44,593 - Victim node is 1856.
2024-06-24 17:28:44,593 - tensor([ 8140,  8210, 12888], device='cuda:0')
2024-06-24 17:28:44,594 - Classification Succeeds.
2024-06-24 17:28:44,594 - Link Generation Fails.
2024-06-24 17:43:38,589 - Victim node is 5778.
2024-06-24 17:43:38,590 - tensor([ 1524,  3452, 12888], device='cuda:0')
2024-06-24 17:43:38,590 - Classification Succeeds.
2024-06-24 17:43:38,590 - Link Generation Fails.
2024-06-24 17:57:42,574 - Victim node is 9592.
2024-06-24 17:57:42,574 - tensor([ 1607, 13754, 13756], device='cuda:0')
2024-06-24 17:57:42,581 - Classification Succeeds.
2024-06-24 17:57:42,583 - Link Generation Succeeds.
2024-06-24 18:14:24,506 - Victim node is 13733.
2024-06-24 18:14:24,506 - tensor([ 8210, 12888, 13754], device='cuda:0')
2024-06-24 18:14:24,506 - Classification Fails.
2024-06-24 18:14:24,506 - Link Generation Succeeds.
2024-06-24 18:29:25,377 - Victim node is 4773.
2024-06-24 18:29:25,377 - tensor([ 1524,  8210, 12888], device='cuda:0')
2024-06-24 18:29:25,377 - Classification Succeeds.
2024-06-24 18:29:25,377 - Link Generation Fails.
2024-06-24 18:44:17,700 - Victim node is 3031.
2024-06-24 18:44:17,700 - tensor([ 8140,  8210, 12888], device='cuda:0')
2024-06-24 18:44:17,701 - Classification Fails.
2024-06-24 18:44:17,701 - Link Generation Fails.
2024-06-24 19:00:25,496 - Victim node is 1110.
2024-06-24 19:00:25,496 - tensor([13752, 13753, 13754], device='cuda:0')
2024-06-24 19:00:25,497 - Classification Succeeds.
2024-06-24 19:00:25,497 - Link Generation Succeeds.
2024-06-24 19:14:47,493 - Victim node is 9741.
2024-06-24 19:14:47,493 - tensor([ 8140,  8210, 12888], device='cuda:0')
2024-06-24 19:14:47,500 - Classification Fails.
2024-06-24 19:14:47,502 - Link Generation Fails.
2024-06-24 19:30:08,454 - Victim node is 4579.
2024-06-24 19:30:08,454 - tensor([13752, 13753, 13754], device='cuda:0')
2024-06-24 19:30:08,461 - Classification Fails.
2024-06-24 19:30:08,464 - Link Generation Succeeds.
2024-06-24 19:46:26,222 - Victim node is 8433.
2024-06-24 19:46:26,223 - tensor([13752, 13753, 13754], device='cuda:0')
2024-06-24 19:46:26,229 - Classification Fails.
2024-06-24 19:46:26,232 - Link Generation Succeeds.
2024-06-24 20:02:41,172 - Victim node is 11087.
2024-06-24 20:02:41,172 - tensor([ 1524,  4528, 12888], device='cuda:0')
2024-06-24 20:02:41,172 - Classification Succeeds.
2024-06-24 20:02:41,173 - Link Generation Fails.
2024-06-24 20:16:50,085 - Victim node is 1143.
2024-06-24 20:16:50,085 - tensor([ 7918, 11961, 12320], device='cuda:0')
2024-06-24 20:16:50,092 - Classification Fails.
2024-06-24 20:16:50,094 - Link Generation Fails.
2024-06-24 20:31:42,830 - Victim node is 5719.
2024-06-24 20:31:42,830 - tensor([ 872, 4135, 7984], device='cuda:0')
2024-06-24 20:31:42,830 - Classification Succeeds.
2024-06-24 20:31:42,830 - Link Generation Fails.
2024-06-24 20:45:42,673 - Victim node is 6929.
2024-06-24 20:45:42,673 - tensor([  708, 10835, 10906], device='cuda:0')
2024-06-24 20:45:42,680 - Classification Succeeds.
2024-06-24 20:45:42,682 - Link Generation Fails.
2024-06-24 21:00:48,654 - Victim node is 947.
2024-06-24 21:00:48,654 - tensor([ 872, 7984, 8210], device='cuda:0')
2024-06-24 21:00:48,655 - Classification Fails.
2024-06-24 21:00:48,655 - Link Generation Fails.
2024-06-24 21:15:11,859 - Victim node is 9743.
2024-06-24 21:15:11,859 - tensor([13752, 13753, 13754], device='cuda:0')
2024-06-24 21:15:11,866 - Classification Fails.
2024-06-24 21:15:11,868 - Link Generation Succeeds.
2024-06-24 21:30:09,671 - Victim node is 5008.
2024-06-24 21:30:09,671 - tensor([ 4528,  8210, 12888], device='cuda:0')
2024-06-24 21:30:09,671 - Classification Fails.
2024-06-24 21:30:09,671 - Link Generation Fails.
2024-06-24 21:44:33,428 - Victim node is 5976.
2024-06-24 21:44:33,428 - tensor([ 8140,  8210, 12888], device='cuda:0')
2024-06-24 21:44:33,429 - Classification Succeeds.
2024-06-24 21:44:33,429 - Link Generation Fails.
2024-06-24 22:00:07,350 - Victim node is 11925.
2024-06-24 22:00:07,350 - tensor([4528, 7984, 8140], device='cuda:0')
2024-06-24 22:00:07,357 - Classification Succeeds.
2024-06-24 22:00:07,359 - Link Generation Fails.
2024-06-24 22:16:10,006 - Victim node is 1712.
2024-06-24 22:16:10,007 - tensor([1524, 4528, 7984], device='cuda:0')
2024-06-24 22:16:10,007 - Classification Succeeds.
2024-06-24 22:16:10,007 - Link Generation Fails.
2024-06-24 22:31:04,625 - Victim node is 6861.
2024-06-24 22:31:04,625 - tensor([1524, 4528, 9251], device='cuda:0')
2024-06-24 22:31:04,625 - Classification Fails.
2024-06-24 22:31:04,625 - Link Generation Fails.
2024-06-24 22:45:56,053 - Victim node is 8633.
2024-06-24 22:45:56,053 - tensor([13752, 13753, 13754], device='cuda:0')
2024-06-24 22:45:56,054 - Classification Succeeds.
2024-06-24 22:45:56,054 - Link Generation Succeeds.
2024-06-24 23:00:57,695 - Victim node is 11081.
2024-06-24 23:00:57,695 - tensor([10906, 13753, 13754], device='cuda:0')
2024-06-24 23:00:57,696 - Classification Fails.
2024-06-24 23:00:57,696 - Link Generation Succeeds.
2024-06-24 23:14:54,149 - Victim node is 7121.
2024-06-24 23:14:54,150 - tensor([13752, 13753, 13754], device='cuda:0')
2024-06-24 23:14:54,150 - Classification Fails.
2024-06-24 23:14:54,150 - Link Generation Succeeds.
2024-06-24 23:29:53,325 - Victim node is 10700.
2024-06-24 23:29:53,325 - tensor([13752, 13753, 13754], device='cuda:0')
2024-06-24 23:29:53,332 - Classification Succeeds.
2024-06-24 23:29:53,335 - Link Generation Succeeds.
2024-06-24 23:45:06,480 - Victim node is 4608.
2024-06-24 23:45:06,481 - tensor([ 8140,  8210, 12888], device='cuda:0')
2024-06-24 23:45:06,484 - Classification Fails.
2024-06-24 23:45:06,484 - Link Generation Fails.
2024-06-25 00:01:19,118 - Victim node is 4108.
2024-06-25 00:01:19,118 - tensor([ 872, 7984, 8140], device='cuda:0')
2024-06-25 00:01:19,118 - Classification Succeeds.
2024-06-25 00:01:19,118 - Link Generation Fails.
2024-06-25 00:16:19,291 - Victim node is 5107.
2024-06-25 00:16:19,291 - tensor([4862, 7742, 9772], device='cuda:0')
2024-06-25 00:16:19,292 - Classification Succeeds.
2024-06-25 00:16:19,292 - Link Generation Fails.
2024-06-25 00:30:22,499 - Victim node is 8242.
2024-06-25 00:30:22,499 - tensor([13752, 13753, 13754], device='cuda:0')
2024-06-25 00:30:22,500 - Classification Fails.
2024-06-25 00:30:22,500 - Link Generation Succeeds.
2024-06-25 00:44:34,102 - Victim node is 7761.
2024-06-25 00:44:34,102 - tensor([  492,  7918, 10148], device='cuda:0')
2024-06-25 00:44:34,102 - Classification Succeeds.
2024-06-25 00:44:34,102 - Link Generation Fails.
2024-06-25 00:58:50,047 - Victim node is 1191.
2024-06-25 00:58:50,048 - tensor([ 2028,  8455, 13013], device='cuda:0')
2024-06-25 00:58:50,048 - Classification Succeeds.
2024-06-25 00:58:50,048 - Link Generation Fails.
2024-06-25 01:12:52,980 - Victim node is 13451.
2024-06-25 01:12:52,980 - tensor([  904,  4316, 11759], device='cuda:0')
2024-06-25 01:12:52,980 - Classification Fails.
2024-06-25 01:12:52,980 - Link Generation Fails.
2024-06-25 01:27:45,334 - Victim node is 11780.
2024-06-25 01:27:45,334 - tensor([4528, 7984, 8140], device='cuda:0')
2024-06-25 01:27:45,340 - Classification Succeeds.
2024-06-25 01:27:45,340 - Link Generation Fails.
2024-06-25 01:41:50,981 - Victim node is 7115.
2024-06-25 01:41:50,982 - tensor([13752, 13755, 13756], device='cuda:0')
2024-06-25 01:41:50,988 - Classification Fails.
2024-06-25 01:41:50,991 - Link Generation Succeeds.
2024-06-25 01:56:19,994 - Victim node is 527.
2024-06-25 01:56:19,994 - tensor([13752, 13753, 13754], device='cuda:0')
2024-06-25 01:56:19,994 - Classification Succeeds.
2024-06-25 01:56:19,994 - Link Generation Succeeds.
2024-06-25 02:11:25,983 - Victim node is 11552.
2024-06-25 02:11:25,983 - tensor([4932, 9251, 9915], device='cuda:0')
2024-06-25 02:11:25,983 - Classification Succeeds.
2024-06-25 02:11:25,983 - Link Generation Fails.
2024-06-25 02:26:57,113 - Victim node is 12562.
2024-06-25 02:26:57,113 - tensor([1607, 7918, 8435], device='cuda:0')
2024-06-25 02:26:57,120 - Classification Fails.
2024-06-25 02:26:57,122 - Link Generation Fails.
2024-06-25 02:42:56,739 - Victim node is 11209.
2024-06-25 02:42:56,739 - tensor([ 8140,  8210, 12888], device='cuda:0')
2024-06-25 02:42:56,739 - Classification Fails.
2024-06-25 02:42:56,739 - Link Generation Fails.
2024-06-25 02:57:22,979 - Victim node is 831.
2024-06-25 02:57:22,979 - tensor([ 8140,  8210, 12888], device='cuda:0')
2024-06-25 02:57:22,979 - Classification Fails.
2024-06-25 02:57:22,979 - Link Generation Fails.
2024-06-25 03:12:28,605 - Victim node is 6350.
2024-06-25 03:12:28,605 - tensor([13754, 13755, 13756], device='cuda:0')
2024-06-25 03:12:28,605 - Classification Succeeds.
2024-06-25 03:12:28,605 - Link Generation Succeeds.
2024-06-25 03:27:28,893 - Victim node is 9181.
2024-06-25 03:27:28,893 - tensor([13752, 13755, 13756], device='cuda:0')
2024-06-25 03:27:28,894 - Classification Succeeds.
2024-06-25 03:27:28,894 - Link Generation Succeeds.
2024-06-25 03:42:47,163 - Victim node is 10947.
2024-06-25 03:42:47,163 - tensor([13752, 13753, 13754], device='cuda:0')
2024-06-25 03:42:47,170 - Classification Succeeds.
2024-06-25 03:42:47,172 - Link Generation Succeeds.
2024-06-25 03:58:47,145 - Victim node is 11791.
2024-06-25 03:58:47,146 - tensor([13752, 13754, 13755], device='cuda:0')
2024-06-25 03:58:47,146 - Classification Succeeds.
2024-06-25 03:58:47,146 - Link Generation Succeeds.
2024-06-25 04:12:47,700 - Victim node is 11254.
2024-06-25 04:12:47,700 - tensor([1524, 4135, 9251], device='cuda:0')
2024-06-25 04:12:47,700 - Classification Succeeds.
2024-06-25 04:12:47,700 - Link Generation Fails.
2024-06-25 04:27:46,376 - Victim node is 7827.
2024-06-25 04:27:46,376 - tensor([ 872, 1524, 8210], device='cuda:0')
2024-06-25 04:27:46,376 - Classification Succeeds.
2024-06-25 04:27:46,376 - Link Generation Fails.
2024-06-25 04:42:43,642 - Victim node is 11584.
2024-06-25 04:42:43,642 - tensor([ 2499, 10148, 12320], device='cuda:0')
2024-06-25 04:42:43,642 - Classification Fails.
2024-06-25 04:42:43,642 - Link Generation Fails.
2024-06-25 04:56:50,136 - Victim node is 7076.
2024-06-25 04:56:50,136 - tensor([ 1607,  8435, 11759], device='cuda:0')
2024-06-25 04:56:50,137 - Classification Fails.
2024-06-25 04:56:50,137 - Link Generation Fails.
2024-06-25 05:11:49,874 - Victim node is 5612.
2024-06-25 05:11:49,874 - tensor([ 1524,  4528, 12888], device='cuda:0')
2024-06-25 05:11:49,874 - Classification Succeeds.
2024-06-25 05:11:49,874 - Link Generation Fails.
2024-06-25 05:26:51,422 - Victim node is 1666.
2024-06-25 05:26:51,422 - tensor([ 8140,  8210, 12888], device='cuda:0')
2024-06-25 05:26:51,422 - Classification Succeeds.
2024-06-25 05:26:51,422 - Link Generation Fails.
2024-06-25 05:41:54,565 - Victim node is 3459.
2024-06-25 05:41:54,565 - tensor([ 7918, 10707, 12320], device='cuda:0')
2024-06-25 05:41:54,572 - Classification Succeeds.
2024-06-25 05:41:54,574 - Link Generation Fails.
2024-06-25 05:58:02,300 - Victim node is 8462.
2024-06-25 05:58:02,300 - tensor([ 1524,  7984, 12888], device='cuda:0')
2024-06-25 05:58:02,307 - Classification Succeeds.
2024-06-25 05:58:02,309 - Link Generation Fails.
2024-06-25 06:12:59,956 - Victim node is 4271.
2024-06-25 06:12:59,956 - tensor([13752, 13753, 13754], device='cuda:0')
2024-06-25 06:12:59,956 - Classification Succeeds.
2024-06-25 06:12:59,957 - Link Generation Succeeds.
2024-06-25 06:27:01,837 - Victim node is 13631.
2024-06-25 06:27:01,837 - tensor([ 872, 7984, 9915], device='cuda:0')
2024-06-25 06:27:01,837 - Classification Succeeds.
2024-06-25 06:27:01,837 - Link Generation Fails.
2024-06-25 06:42:04,721 - Victim node is 8022.
2024-06-25 06:42:04,721 - tensor([13752, 13753, 13754], device='cuda:0')
2024-06-25 06:42:04,721 - Classification Fails.
2024-06-25 06:42:04,721 - Link Generation Succeeds.
2024-06-25 06:56:34,325 - Victim node is 11310.
2024-06-25 06:56:34,326 - tensor([13752, 13754, 13756], device='cuda:0')
2024-06-25 06:56:34,326 - Classification Succeeds.
2024-06-25 06:56:34,326 - Link Generation Succeeds.
2024-06-25 07:11:04,415 - Victim node is 9003.
2024-06-25 07:11:04,415 - tensor([7984, 8140, 8210], device='cuda:0')
2024-06-25 07:11:04,422 - Classification Succeeds.
2024-06-25 07:11:04,424 - Link Generation Fails.
2024-06-25 07:27:29,188 - Victim node is 10228.
2024-06-25 07:27:29,188 - tensor([ 872, 7984, 8140], device='cuda:0')
2024-06-25 07:27:29,189 - Classification Succeeds.
2024-06-25 07:27:29,189 - Link Generation Fails.
2024-06-25 07:42:57,627 - Victim node is 4634.
2024-06-25 07:42:57,627 - tensor([ 8140,  8210, 12888], device='cuda:0')
2024-06-25 07:42:57,634 - Classification Succeeds.
2024-06-25 07:42:57,636 - Link Generation Fails.
2024-06-25 07:57:55,762 - Victim node is 13614.
2024-06-25 07:57:55,762 - tensor([ 8140,  8210, 12888], device='cuda:0')
2024-06-25 07:57:55,762 - Classification Succeeds.
2024-06-25 07:57:55,762 - Link Generation Fails.
2024-06-25 08:13:22,835 - Victim node is 10338.
2024-06-25 08:13:22,835 - tensor([13752, 13753, 13754], device='cuda:0')
2024-06-25 08:13:22,842 - Classification Succeeds.
2024-06-25 08:13:22,845 - Link Generation Succeeds.
2024-06-25 08:29:28,026 - Victim node is 8623.
2024-06-25 08:29:28,026 - tensor([13752, 13753, 13754], device='cuda:0')
2024-06-25 08:29:28,033 - Classification Fails.
2024-06-25 08:29:28,035 - Link Generation Succeeds.
2024-06-25 08:44:37,061 - Victim node is 6950.
2024-06-25 08:44:37,061 - tensor([4528, 8140, 8210], device='cuda:0')
2024-06-25 08:44:37,061 - Classification Succeeds.
2024-06-25 08:44:37,062 - Link Generation Fails.
2024-06-25 08:59:44,136 - Victim node is 4209.
2024-06-25 08:59:44,136 - tensor([13752, 13755, 13756], device='cuda:0')
2024-06-25 08:59:44,143 - Classification Fails.
2024-06-25 08:59:44,145 - Link Generation Succeeds.
2024-06-25 09:15:34,741 - Victim node is 13144.
2024-06-25 09:15:34,741 - tensor([ 3240,  7918, 12320], device='cuda:0')
2024-06-25 09:15:34,742 - Classification Fails.
2024-06-25 09:15:34,742 - Link Generation Fails.
2024-06-25 09:30:40,305 - Victim node is 10463.
2024-06-25 09:30:40,305 - tensor([ 8140,  8210, 12888], device='cuda:0')
2024-06-25 09:30:40,312 - Classification Fails.
2024-06-25 09:30:40,314 - Link Generation Fails.
2024-06-25 09:46:44,194 - Victim node is 4435.
2024-06-25 09:46:44,194 - tensor([1524, 4135, 9915], device='cuda:0')
2024-06-25 09:46:44,194 - Classification Succeeds.
2024-06-25 09:46:44,194 - Link Generation Fails.
2024-06-25 10:01:01,533 - Victim node is 10003.
2024-06-25 10:01:01,533 - tensor([1524, 7984, 8210], device='cuda:0')
2024-06-25 10:01:01,533 - Classification Succeeds.
2024-06-25 10:01:01,534 - Link Generation Fails.
2024-06-25 10:16:08,439 - Victim node is 3934.
2024-06-25 10:16:08,439 - tensor([13752, 13753, 13754], device='cuda:0')
2024-06-25 10:16:08,446 - Classification Fails.
2024-06-25 10:16:08,448 - Link Generation Succeeds.
2024-06-25 10:31:17,633 - Victim node is 13545.
2024-06-25 10:31:17,634 - tensor([ 1524,  8210, 12888], device='cuda:0')
2024-06-25 10:31:17,634 - Classification Succeeds.
2024-06-25 10:31:17,634 - Link Generation Fails.
2024-06-25 10:46:11,647 - Victim node is 11.
2024-06-25 10:46:11,647 - tensor([ 1524,  4528, 13754], device='cuda:0')
2024-06-25 10:46:11,648 - Classification Fails.
2024-06-25 10:46:11,648 - Link Generation Succeeds.
2024-06-25 11:00:33,612 - Victim node is 6257.
2024-06-25 11:00:33,613 - tensor([ 1524,  3452, 10610], device='cuda:0')
2024-06-25 11:00:33,613 - Classification Succeeds.
2024-06-25 11:00:33,613 - Link Generation Fails.
2024-06-25 11:15:49,883 - Victim node is 9716.
2024-06-25 11:15:49,883 - tensor([13752, 13753, 13754], device='cuda:0')
2024-06-25 11:15:49,890 - Classification Fails.
2024-06-25 11:15:49,892 - Link Generation Succeeds.
2024-06-25 11:31:39,455 - Victim node is 5191.
2024-06-25 11:31:39,455 - tensor([ 2499, 10699, 12320], device='cuda:0')
2024-06-25 11:31:39,458 - Classification Fails.
2024-06-25 11:31:39,460 - Link Generation Fails.
2024-06-25 11:45:47,148 - Victim node is 6503.
2024-06-25 11:45:47,148 - tensor([13753, 13754, 13755], device='cuda:0')
2024-06-25 11:45:47,148 - Classification Fails.
2024-06-25 11:45:47,148 - Link Generation Succeeds.
2024-06-25 11:59:53,000 - Victim node is 12210.
2024-06-25 11:59:53,000 - tensor([ 904, 2026, 4316], device='cuda:0')
2024-06-25 11:59:53,007 - Classification Fails.
2024-06-25 11:59:53,009 - Link Generation Fails.
2024-06-25 12:14:21,208 - Victim node is 8499.
2024-06-25 12:14:21,208 - tensor([13753, 13754, 13756], device='cuda:0')
2024-06-25 12:14:21,209 - Classification Succeeds.
2024-06-25 12:14:21,209 - Link Generation Succeeds.
2024-06-25 12:29:36,634 - Victim node is 1282.
2024-06-25 12:29:36,634 - tensor([13752, 13753, 13755], device='cuda:0')
2024-06-25 12:29:36,641 - Classification Fails.
2024-06-25 12:29:36,643 - Link Generation Succeeds.
2024-06-25 12:43:51,908 - Victim node is 739.
2024-06-25 12:43:51,908 - tensor([ 8210, 10835, 12888], device='cuda:0')
2024-06-25 12:43:51,909 - Classification Succeeds.
2024-06-25 12:43:51,909 - Link Generation Fails.
2024-06-25 12:59:07,111 - Victim node is 9909.
2024-06-25 12:59:07,111 - tensor([ 872, 1524, 3452], device='cuda:0')
2024-06-25 12:59:07,117 - Classification Succeeds.
2024-06-25 12:59:07,120 - Link Generation Fails.
2024-06-25 13:13:24,545 - Victim node is 6274.
2024-06-25 13:13:24,545 - tensor([ 2499,  7918, 11961], device='cuda:0')
2024-06-25 13:13:24,545 - Classification Fails.
2024-06-25 13:13:24,545 - Link Generation Fails.
2024-06-25 13:28:34,713 - Victim node is 193.
2024-06-25 13:28:34,713 - tensor([1524, 4528, 8210], device='cuda:0')
2024-06-25 13:28:34,720 - Classification Fails.
2024-06-25 13:28:34,722 - Link Generation Fails.
2024-06-25 13:44:25,932 - Victim node is 1641.
2024-06-25 13:44:25,932 - tensor([13752, 13753, 13754], device='cuda:0')
2024-06-25 13:44:25,932 - Classification Succeeds.
2024-06-25 13:44:25,932 - Link Generation Succeeds.
2024-06-25 13:59:24,533 - Victim node is 4431.
2024-06-25 13:59:24,533 - tensor([ 8140,  8210, 12888], device='cuda:0')
2024-06-25 13:59:24,533 - Classification Succeeds.
2024-06-25 13:59:24,533 - Link Generation Fails.
2024-06-25 14:15:16,843 - Victim node is 5195.
2024-06-25 14:15:16,843 - tensor([13752, 13753, 13754], device='cuda:0')
2024-06-25 14:15:16,843 - Classification Succeeds.
2024-06-25 14:15:16,843 - Link Generation Succeeds.
2024-06-25 14:29:30,317 - Victim node is 7623.
2024-06-25 14:29:30,317 - tensor([ 4528,  8140, 13756], device='cuda:0')
2024-06-25 14:29:30,318 - Classification Succeeds.
2024-06-25 14:29:30,318 - Link Generation Succeeds.
2024-06-25 14:43:25,137 - Victim node is 10318.
2024-06-25 14:43:25,137 - tensor([1607, 1781, 8435], device='cuda:0')
2024-06-25 14:43:25,137 - Classification Succeeds.
2024-06-25 14:43:25,138 - Link Generation Fails.
2024-06-25 14:58:37,334 - Victim node is 12181.
2024-06-25 14:58:37,334 - tensor([ 8140,  8210, 12888], device='cuda:0')
2024-06-25 14:58:37,341 - Classification Succeeds.
2024-06-25 14:58:37,343 - Link Generation Fails.
2024-06-25 15:14:29,950 - Victim node is 7713.
2024-06-25 15:14:29,951 - tensor([4135, 7984, 9915], device='cuda:0')
2024-06-25 15:14:29,951 - Classification Succeeds.
2024-06-25 15:14:29,951 - Link Generation Fails.
2024-06-25 15:29:54,167 - Victim node is 2315.
2024-06-25 15:29:54,167 - tensor([ 7918, 10148, 10707], device='cuda:0')
2024-06-25 15:29:54,174 - Classification Fails.
2024-06-25 15:29:54,176 - Link Generation Fails.
2024-06-25 15:45:42,620 - Victim node is 3021.
2024-06-25 15:45:42,621 - tensor([13752, 13753, 13754], device='cuda:0')
2024-06-25 15:45:42,621 - Classification Fails.
2024-06-25 15:45:42,621 - Link Generation Succeeds.
2024-06-25 16:00:29,909 - Victim node is 12296.
2024-06-25 16:00:29,910 - tensor([1538, 2499, 7918], device='cuda:0')
2024-06-25 16:00:29,910 - Classification Fails.
2024-06-25 16:00:29,910 - Link Generation Fails.
2024-06-25 16:15:21,255 - Victim node is 5270.
2024-06-25 16:15:21,255 - tensor([ 872, 4135, 7984], device='cuda:0')
2024-06-25 16:15:21,255 - Classification Fails.
2024-06-25 16:15:21,256 - Link Generation Fails.
2024-06-25 16:29:59,215 - Victim node is 10312.
2024-06-25 16:29:59,215 - tensor([ 8140,  8210, 12888], device='cuda:0')
2024-06-25 16:29:59,216 - Classification Succeeds.
2024-06-25 16:29:59,216 - Link Generation Fails.
2024-06-25 16:44:35,072 - Victim node is 849.
2024-06-25 16:44:35,072 - tensor([ 8140,  8210, 12888], device='cuda:0')
2024-06-25 16:44:35,079 - Classification Succeeds.
2024-06-25 16:44:35,081 - Link Generation Fails.
2024-06-25 16:59:50,251 - Victim node is 8117.
2024-06-25 16:59:50,252 - tensor([13752, 13753, 13754], device='cuda:0')
2024-06-25 16:59:50,258 - Classification Fails.
2024-06-25 16:59:50,260 - Link Generation Succeeds.
2024-06-25 17:15:36,468 - Victim node is 8530.
2024-06-25 17:15:36,468 - tensor([1538, 2499, 7918], device='cuda:0')
2024-06-25 17:15:36,469 - Classification Fails.
2024-06-25 17:15:36,469 - Link Generation Fails.
2024-06-25 17:30:56,384 - Victim node is 1367.
2024-06-25 17:30:56,384 - tensor([ 2499,  7918, 11961], device='cuda:0')
2024-06-25 17:30:56,385 - Classification Fails.
2024-06-25 17:30:56,385 - Link Generation Fails.
2024-06-25 17:46:26,876 - Victim node is 1600.
2024-06-25 17:46:26,876 - tensor([ 8210, 12888, 13755], device='cuda:0')
2024-06-25 17:46:26,883 - Classification Succeeds.
2024-06-25 17:46:26,885 - Link Generation Succeeds.
2024-06-25 18:01:48,793 - Victim node is 10972.
2024-06-25 18:01:48,793 - tensor([ 4528,  8210, 12888], device='cuda:0')
2024-06-25 18:01:48,800 - Classification Fails.
2024-06-25 18:01:48,802 - Link Generation Fails.
2024-06-25 18:17:13,844 - Victim node is 3469.
2024-06-25 18:17:13,844 - tensor([ 8140,  8210, 12888], device='cuda:0')
2024-06-25 18:17:13,851 - Classification Succeeds.
2024-06-25 18:17:13,853 - Link Generation Fails.
2024-06-25 18:32:45,688 - Victim node is 3121.
2024-06-25 18:32:45,689 - tensor([13752, 13754, 13756], device='cuda:0')
2024-06-25 18:32:45,696 - Classification Fails.
2024-06-25 18:32:45,698 - Link Generation Succeeds.
2024-06-25 18:48:12,087 - Victim node is 8595.
2024-06-25 18:48:12,087 - tensor([13752, 13753, 13754], device='cuda:0')
2024-06-25 18:48:12,088 - Classification Fails.
2024-06-25 18:48:12,088 - Link Generation Succeeds.
2024-06-25 19:04:01,497 - Victim node is 12692.
2024-06-25 19:04:01,497 - tensor([1524, 7984, 8210], device='cuda:0')
2024-06-25 19:04:01,504 - Classification Fails.
2024-06-25 19:04:01,507 - Link Generation Fails.
2024-06-25 19:19:39,838 - Victim node is 9506.
2024-06-25 19:19:39,838 - tensor([ 1524,  9915, 10610], device='cuda:0')
2024-06-25 19:19:39,838 - Classification Succeeds.
2024-06-25 19:19:39,838 - Link Generation Fails.
2024-06-25 19:35:08,387 - Victim node is 2850.
2024-06-25 19:35:08,388 - tensor([ 904, 4316, 7742], device='cuda:0')
2024-06-25 19:35:08,394 - Classification Succeeds.
2024-06-25 19:35:08,397 - Link Generation Fails.
2024-06-25 19:50:52,729 - Victim node is 7823.
2024-06-25 19:50:52,729 - tensor([ 1524,  8210, 12888], device='cuda:0')
2024-06-25 19:50:52,730 - Classification Fails.
2024-06-25 19:50:52,730 - Link Generation Fails.
2024-06-25 20:04:51,019 - Victim node is 3999.
2024-06-25 20:04:51,019 - tensor([ 8140,  8210, 12888], device='cuda:0')
2024-06-25 20:04:51,019 - Classification Succeeds.
2024-06-25 20:04:51,019 - Link Generation Fails.
2024-06-25 20:18:52,682 - Victim node is 2303.
2024-06-25 20:18:52,682 - tensor([13752, 13754, 13755], device='cuda:0')
2024-06-25 20:18:52,682 - Classification Succeeds.
2024-06-25 20:18:52,682 - Link Generation Succeeds.
2024-06-25 20:34:25,895 - Victim node is 10102.
2024-06-25 20:34:25,895 - tensor([ 8140,  8210, 12888], device='cuda:0')
2024-06-25 20:34:25,901 - Classification Fails.
2024-06-25 20:34:25,904 - Link Generation Fails.
2024-06-25 20:50:01,975 - Victim node is 2037.
2024-06-25 20:50:01,975 - tensor([13752, 13753, 13754], device='cuda:0')
2024-06-25 20:50:01,976 - Classification Fails.
2024-06-25 20:50:01,976 - Link Generation Succeeds.
2024-06-25 21:05:27,788 - Victim node is 9336.
2024-06-25 21:05:27,788 - tensor([13752, 13753, 13754], device='cuda:0')
2024-06-25 21:05:27,794 - Classification Succeeds.
2024-06-25 21:05:27,797 - Link Generation Succeeds.
2024-06-25 21:21:11,414 - Victim node is 1849.
2024-06-25 21:21:11,414 - tensor([13753, 13755, 13756], device='cuda:0')
2024-06-25 21:21:11,415 - Classification Succeeds.
2024-06-25 21:21:11,415 - Link Generation Succeeds.
2024-06-25 21:36:45,174 - Victim node is 9819.
2024-06-25 21:36:45,174 - tensor([ 8140,  8210, 12888], device='cuda:0')
2024-06-25 21:36:45,174 - Classification Fails.
2024-06-25 21:36:45,174 - Link Generation Fails.
2024-06-25 21:52:25,617 - Victim node is 9358.
2024-06-25 21:52:25,617 - tensor([13752, 13753, 13756], device='cuda:0')
2024-06-25 21:52:25,617 - Classification Fails.
2024-06-25 21:52:25,617 - Link Generation Succeeds.
2024-06-25 22:07:57,561 - Victim node is 5302.
2024-06-25 22:07:57,561 - tensor([13752, 13753, 13754], device='cuda:0')
2024-06-25 22:07:57,568 - Classification Succeeds.
2024-06-25 22:07:57,571 - Link Generation Succeeds.
2024-06-25 22:23:34,406 - Victim node is 13726.
2024-06-25 22:23:34,406 - tensor([ 8140,  8210, 12888], device='cuda:0')
2024-06-25 22:23:34,407 - Classification Fails.
2024-06-25 22:23:34,407 - Link Generation Fails.
2024-06-25 22:39:25,529 - Victim node is 4072.
2024-06-25 22:39:25,529 - tensor([4135, 4528, 7984], device='cuda:0')
2024-06-25 22:39:25,536 - Classification Succeeds.
2024-06-25 22:39:25,538 - Link Generation Fails.
2024-06-25 22:54:55,615 - Victim node is 2981.
2024-06-25 22:54:55,615 - tensor([13752, 13753, 13754], device='cuda:0')
2024-06-25 22:54:55,615 - Classification Fails.
2024-06-25 22:54:55,615 - Link Generation Succeeds.
2024-06-25 23:09:14,157 - Victim node is 1324.
2024-06-25 23:09:14,157 - tensor([13752, 13753, 13754], device='cuda:0')
2024-06-25 23:09:14,157 - Classification Fails.
2024-06-25 23:09:14,157 - Link Generation Succeeds.
2024-06-25 23:24:09,319 - Victim node is 1372.
2024-06-25 23:24:09,319 - tensor([ 4528,  8210, 12888], device='cuda:0')
2024-06-25 23:24:09,319 - Classification Succeeds.
2024-06-25 23:24:09,319 - Link Generation Fails.
2024-06-25 23:38:55,321 - Victim node is 990.
2024-06-25 23:38:55,322 - tensor([13752, 13755, 13756], device='cuda:0')
2024-06-25 23:38:55,322 - Classification Succeeds.
2024-06-25 23:38:55,322 - Link Generation Succeeds.
2024-06-25 23:54:20,028 - Victim node is 8645.
2024-06-25 23:54:20,028 - tensor([13753, 13755, 13756], device='cuda:0')
2024-06-25 23:54:20,035 - Classification Fails.
2024-06-25 23:54:20,038 - Link Generation Succeeds.
2024-06-26 00:10:40,158 - Victim node is 10156.
2024-06-26 00:10:40,158 - tensor([ 1524,  4528, 12888], device='cuda:0')
2024-06-26 00:10:40,159 - Classification Succeeds.
2024-06-26 00:10:40,159 - Link Generation Fails.
2024-06-26 00:26:10,055 - Victim node is 7108.
2024-06-26 00:26:10,055 - tensor([ 8140,  8210, 12888], device='cuda:0')
2024-06-26 00:26:10,056 - Classification Succeeds.
2024-06-26 00:26:10,056 - Link Generation Fails.
2024-06-26 00:40:20,234 - Victim node is 9981.
2024-06-26 00:40:20,235 - tensor([ 1607,  8435, 11759], device='cuda:0')
2024-06-26 00:40:20,235 - Classification Succeeds.
2024-06-26 00:40:20,235 - Link Generation Fails.
2024-06-26 00:55:53,857 - Victim node is 2129.
2024-06-26 00:55:53,857 - tensor([12888, 13752, 13754], device='cuda:0')
2024-06-26 00:55:53,858 - Classification Fails.
2024-06-26 00:55:53,858 - Link Generation Succeeds.
2024-06-26 01:10:46,733 - Victim node is 1692.
2024-06-26 01:10:46,734 - tensor([1524, 4528, 8140], device='cuda:0')
2024-06-26 01:10:46,734 - Classification Succeeds.
2024-06-26 01:10:46,734 - Link Generation Fails.
2024-06-26 01:25:31,718 - Victim node is 9890.
2024-06-26 01:25:31,718 - tensor([ 4528,  8210, 12888], device='cuda:0')
2024-06-26 01:25:31,723 - Classification Fails.
2024-06-26 01:25:31,723 - Link Generation Fails.
2024-06-26 01:39:25,765 - Victim node is 2248.
2024-06-26 01:39:25,765 - tensor([ 8140,  8210, 12888], device='cuda:0')
2024-06-26 01:39:25,765 - Classification Succeeds.
2024-06-26 01:39:25,766 - Link Generation Fails.
2024-06-26 01:55:00,762 - Victim node is 7747.
2024-06-26 01:55:00,762 - tensor([ 8140,  8210, 12888], device='cuda:0')
2024-06-26 01:55:00,763 - Classification Fails.
2024-06-26 01:55:00,763 - Link Generation Fails.
2024-06-26 02:09:45,971 - Victim node is 2226.
2024-06-26 02:09:45,971 - tensor([4528, 7984, 8140], device='cuda:0')
2024-06-26 02:09:45,972 - Classification Succeeds.
2024-06-26 02:09:45,972 - Link Generation Fails.
2024-06-26 02:24:05,017 - Victim node is 8202.
2024-06-26 02:24:05,017 - tensor([13752, 13753, 13754], device='cuda:0')
2024-06-26 02:24:05,017 - Classification Fails.
2024-06-26 02:24:05,017 - Link Generation Succeeds.
2024-06-26 02:38:21,222 - Victim node is 3608.
2024-06-26 02:38:21,222 - tensor([ 8140,  8210, 12888], device='cuda:0')
2024-06-26 02:38:21,223 - Classification Succeeds.
2024-06-26 02:38:21,223 - Link Generation Fails.
2024-06-26 02:52:27,026 - Victim node is 13504.
2024-06-26 02:52:27,027 - tensor([13752, 13753, 13754], device='cuda:0')
2024-06-26 02:52:27,033 - Classification Fails.
2024-06-26 02:52:27,036 - Link Generation Succeeds.
2024-06-26 03:06:48,933 - Victim node is 3196.
2024-06-26 03:06:48,933 - tensor([ 1524,  8210, 12888], device='cuda:0')
2024-06-26 03:06:48,933 - Classification Succeeds.
2024-06-26 03:06:48,933 - Link Generation Fails.
2024-06-26 03:21:14,881 - Victim node is 12008.
2024-06-26 03:21:14,881 - tensor([13752, 13753, 13754], device='cuda:0')
2024-06-26 03:21:14,881 - Classification Fails.
2024-06-26 03:21:14,881 - Link Generation Succeeds.
2024-06-26 03:36:02,057 - Victim node is 12084.
2024-06-26 03:36:02,058 - tensor([13752, 13753, 13756], device='cuda:0')
2024-06-26 03:36:02,064 - Classification Fails.
2024-06-26 03:36:02,067 - Link Generation Succeeds.
2024-06-26 03:51:38,447 - Victim node is 8001.
2024-06-26 03:51:38,447 - tensor([4528, 7984, 8140], device='cuda:0')
2024-06-26 03:51:38,447 - Classification Succeeds.
2024-06-26 03:51:38,447 - Link Generation Fails.
2024-06-26 04:07:18,179 - Victim node is 12802.
2024-06-26 04:07:18,179 - tensor([13752, 13753, 13754], device='cuda:0')
2024-06-26 04:07:18,186 - Classification Succeeds.
2024-06-26 04:07:18,189 - Link Generation Succeeds.
2024-06-26 04:22:47,212 - Victim node is 5490.
2024-06-26 04:22:47,213 - tensor([13752, 13753, 13754], device='cuda:0')
2024-06-26 04:22:47,219 - Classification Fails.
2024-06-26 04:22:47,222 - Link Generation Succeeds.
2024-06-26 04:37:36,050 - Victim node is 10241.
2024-06-26 04:37:36,050 - tensor([ 904, 7742, 9772], device='cuda:0')
2024-06-26 04:37:36,050 - Classification Fails.
2024-06-26 04:37:36,050 - Link Generation Fails.
2024-06-26 04:53:09,499 - Victim node is 3005.
2024-06-26 04:53:09,499 - tensor([13752, 13753, 13754], device='cuda:0')
2024-06-26 04:53:09,504 - Classification Fails.
2024-06-26 04:53:09,507 - Link Generation Succeeds.
2024-06-26 05:07:52,252 - Victim node is 1699.
2024-06-26 05:07:52,252 - tensor([13752, 13753, 13754], device='cuda:0')
2024-06-26 05:07:52,252 - Classification Succeeds.
2024-06-26 05:07:52,252 - Link Generation Succeeds.
2024-06-26 05:23:27,453 - Victim node is 1328.
2024-06-26 05:23:27,454 - tensor([ 8140,  8210, 12888], device='cuda:0')
2024-06-26 05:23:27,454 - Classification Succeeds.
2024-06-26 05:23:27,454 - Link Generation Fails.
2024-06-26 05:38:18,801 - Victim node is 12439.
2024-06-26 05:38:18,801 - tensor([7984, 8140, 8210], device='cuda:0')
2024-06-26 05:38:18,801 - Classification Succeeds.
2024-06-26 05:38:18,801 - Link Generation Fails.
2024-06-26 05:53:34,353 - Victim node is 8859.
2024-06-26 05:53:34,353 - tensor([13752, 13753, 13754], device='cuda:0')
2024-06-26 05:53:34,354 - Classification Succeeds.
2024-06-26 05:53:34,354 - Link Generation Succeeds.
2024-06-26 06:08:18,225 - Victim node is 1237.
2024-06-26 06:08:18,225 - tensor([ 4528,  8210, 12888], device='cuda:0')
2024-06-26 06:08:18,225 - Classification Succeeds.
2024-06-26 06:08:18,225 - Link Generation Fails.
2024-06-26 06:23:34,648 - Victim node is 7145.
2024-06-26 06:23:34,648 - tensor([4528, 7984, 8140], device='cuda:0')
2024-06-26 06:23:34,648 - Classification Succeeds.
2024-06-26 06:23:34,648 - Link Generation Fails.
2024-06-26 06:38:38,534 - Victim node is 7199.
2024-06-26 06:38:38,534 - tensor([13752, 13753, 13754], device='cuda:0')
2024-06-26 06:38:38,535 - Classification Succeeds.
2024-06-26 06:38:38,535 - Link Generation Succeeds.
2024-06-26 06:53:23,147 - Victim node is 6318.
2024-06-26 06:53:23,147 - tensor([13752, 13753, 13754], device='cuda:0')
2024-06-26 06:53:23,147 - Classification Fails.
2024-06-26 06:53:23,148 - Link Generation Succeeds.
2024-06-26 07:08:05,075 - Victim node is 609.
2024-06-26 07:08:05,075 - tensor([ 4528,  8210, 12888], device='cuda:0')
2024-06-26 07:08:05,075 - Classification Succeeds.
2024-06-26 07:08:05,075 - Link Generation Fails.
2024-06-26 07:22:16,124 - Victim node is 7133.
2024-06-26 07:22:16,124 - tensor([ 872, 4135, 7984], device='cuda:0')
2024-06-26 07:22:16,124 - Classification Succeeds.
2024-06-26 07:22:16,124 - Link Generation Fails.
2024-06-26 07:38:01,687 - Victim node is 5082.
2024-06-26 07:38:01,687 - tensor([13752, 13753, 13754], device='cuda:0')
2024-06-26 07:38:01,688 - Classification Fails.
2024-06-26 07:38:01,688 - Link Generation Succeeds.
2024-06-26 07:52:54,476 - Victim node is 2411.
2024-06-26 07:52:54,476 - tensor([ 1607,  8435, 11759], device='cuda:0')
2024-06-26 07:52:54,476 - Classification Fails.
2024-06-26 07:52:54,476 - Link Generation Fails.
2024-06-26 08:07:18,023 - Victim node is 10025.
2024-06-26 08:07:18,023 - tensor([ 8140,  8210, 12888], device='cuda:0')
2024-06-26 08:07:18,023 - Classification Succeeds.
2024-06-26 08:07:18,023 - Link Generation Fails.
2024-06-26 08:22:05,171 - Victim node is 12866.
2024-06-26 08:22:05,171 - tensor([1538, 2499, 7918], device='cuda:0')
2024-06-26 08:22:05,171 - Classification Fails.
2024-06-26 08:22:05,172 - Link Generation Fails.
2024-06-26 08:37:29,715 - Victim node is 3002.
2024-06-26 08:37:29,716 - tensor([ 8140,  8210, 12888], device='cuda:0')
2024-06-26 08:37:29,716 - Classification Succeeds.
2024-06-26 08:37:29,716 - Link Generation Fails.
2024-06-26 08:52:16,619 - Victim node is 3597.
2024-06-26 08:52:16,620 - tensor([13752, 13753, 13754], device='cuda:0')
2024-06-26 08:52:16,620 - Classification Succeeds.
2024-06-26 08:52:16,620 - Link Generation Succeeds.
2024-06-26 09:07:46,113 - Victim node is 5388.
2024-06-26 09:07:46,113 - tensor([ 2499,  7918, 12320], device='cuda:0')
2024-06-26 09:07:46,113 - Classification Succeeds.
2024-06-26 09:07:46,113 - Link Generation Fails.
2024-06-26 09:22:00,554 - Victim node is 8307.
2024-06-26 09:22:00,555 - tensor([ 8140,  8210, 13756], device='cuda:0')
2024-06-26 09:22:00,555 - Classification Fails.
2024-06-26 09:22:00,555 - Link Generation Succeeds.
2024-06-26 09:36:11,768 - Victim node is 9177.
2024-06-26 09:36:11,768 - tensor([1607, 7918, 8435], device='cuda:0')
2024-06-26 09:36:11,768 - Classification Fails.
2024-06-26 09:36:11,768 - Link Generation Fails.
2024-06-26 09:52:02,651 - Victim node is 9930.
2024-06-26 09:52:02,651 - tensor([ 8140,  9772, 12888], device='cuda:0')
2024-06-26 09:52:02,652 - Classification Fails.
2024-06-26 09:52:02,652 - Link Generation Fails.
2024-06-26 10:07:20,273 - Victim node is 13745.
2024-06-26 10:07:20,273 - tensor([ 1524,  4135, 12888], device='cuda:0')
2024-06-26 10:07:20,274 - Classification Succeeds.
2024-06-26 10:07:20,274 - Link Generation Fails.
2024-06-26 10:21:28,954 - Victim node is 11593.
2024-06-26 10:21:28,955 - tensor([ 8140,  8210, 12888], device='cuda:0')
2024-06-26 10:21:28,955 - Classification Succeeds.
2024-06-26 10:21:28,955 - Link Generation Fails.
2024-06-26 10:35:26,889 - Victim node is 1457.
2024-06-26 10:35:26,889 - tensor([ 1607,  8435, 11759], device='cuda:0')
2024-06-26 10:35:26,889 - Classification Succeeds.
2024-06-26 10:35:26,889 - Link Generation Fails.
2024-06-26 10:49:22,181 - Victim node is 11530.
2024-06-26 10:49:22,181 - tensor([ 1524,  4528, 12888], device='cuda:0')
2024-06-26 10:49:22,182 - Classification Succeeds.
2024-06-26 10:49:22,182 - Link Generation Fails.
2024-06-26 11:04:11,459 - Victim node is 11004.
2024-06-26 11:04:11,459 - tensor([13752, 13753, 13754], device='cuda:0')
2024-06-26 11:04:11,459 - Classification Fails.
2024-06-26 11:04:11,459 - Link Generation Succeeds.
2024-06-26 11:19:51,425 - Victim node is 8114.
2024-06-26 11:19:51,425 - tensor([1524, 4528, 7984], device='cuda:0')
2024-06-26 11:19:51,432 - Classification Succeeds.
2024-06-26 11:19:51,434 - Link Generation Fails.
2024-06-26 11:35:20,417 - Victim node is 5333.
2024-06-26 11:35:20,417 - tensor([1607, 7918, 8435], device='cuda:0')
2024-06-26 11:35:20,424 - Classification Fails.
2024-06-26 11:35:20,426 - Link Generation Fails.
2024-06-26 11:50:40,962 - Victim node is 787.
2024-06-26 11:50:40,962 - tensor([ 4528,  8140, 12888], device='cuda:0')
2024-06-26 11:50:40,967 - Classification Succeeds.
2024-06-26 11:50:40,969 - Link Generation Fails.
2024-06-26 12:06:32,698 - Victim node is 13349.
2024-06-26 12:06:32,698 - tensor([ 1538,  7918, 12320], device='cuda:0')
2024-06-26 12:06:32,701 - Classification Fails.
2024-06-26 12:06:32,701 - Link Generation Fails.
2024-06-26 12:22:38,897 - Victim node is 13738.
2024-06-26 12:22:38,898 - tensor([4135, 7984, 9915], device='cuda:0')
2024-06-26 12:22:38,898 - Classification Succeeds.
2024-06-26 12:22:38,898 - Link Generation Fails.
2024-06-26 12:38:42,086 - Victim node is 5731.
2024-06-26 12:38:42,086 - tensor([ 4528,  8210, 12888], device='cuda:0')
2024-06-26 12:38:42,093 - Classification Succeeds.
2024-06-26 12:38:42,095 - Link Generation Fails.
2024-06-26 12:54:24,803 - Victim node is 2299.
2024-06-26 12:54:24,803 - tensor([ 8140,  8210, 12888], device='cuda:0')
2024-06-26 12:54:24,810 - Classification Succeeds.
2024-06-26 12:54:24,812 - Link Generation Fails.
2024-06-26 13:09:44,227 - Victim node is 5563.
2024-06-26 13:09:44,227 - tensor([13753, 13755, 13756], device='cuda:0')
2024-06-26 13:09:44,228 - Classification Fails.
2024-06-26 13:09:44,228 - Link Generation Succeeds.
2024-06-26 13:23:42,638 - Victim node is 4922.
2024-06-26 13:23:42,638 - tensor([13752, 13753, 13754], device='cuda:0')
2024-06-26 13:23:42,639 - Classification Fails.
2024-06-26 13:23:42,639 - Link Generation Succeeds.
2024-06-26 13:37:47,806 - Victim node is 9537.
2024-06-26 13:37:47,806 - tensor([ 8140,  8210, 12888], device='cuda:0')
2024-06-26 13:37:47,807 - Classification Succeeds.
2024-06-26 13:37:47,807 - Link Generation Fails.
2024-06-26 13:53:14,276 - Victim node is 11575.
2024-06-26 13:53:14,276 - tensor([ 4528,  8210, 12888], device='cuda:0')
2024-06-26 13:53:14,276 - Classification Fails.
2024-06-26 13:53:14,277 - Link Generation Fails.
2024-06-26 14:08:31,440 - Victim node is 6724.
2024-06-26 14:08:31,440 - tensor([ 4528,  8210, 12888], device='cuda:0')
2024-06-26 14:08:31,440 - Classification Succeeds.
2024-06-26 14:08:31,440 - Link Generation Fails.
2024-06-26 14:22:59,830 - Victim node is 857.
2024-06-26 14:22:59,830 - tensor([ 1524,  8210, 12888], device='cuda:0')
2024-06-26 14:22:59,830 - Classification Fails.
2024-06-26 14:22:59,830 - Link Generation Fails.
2024-06-26 14:37:15,975 - Victim node is 7095.
2024-06-26 14:37:15,976 - tensor([ 8140,  8210, 12888], device='cuda:0')
2024-06-26 14:37:15,976 - Classification Succeeds.
2024-06-26 14:37:15,976 - Link Generation Fails.
2024-06-26 14:53:10,550 - Victim node is 352.
2024-06-26 14:53:10,550 - tensor([4528, 8140, 8210], device='cuda:0')
2024-06-26 14:53:10,550 - Classification Succeeds.
2024-06-26 14:53:10,550 - Link Generation Fails.
2024-06-26 15:07:21,697 - Victim node is 7195.
2024-06-26 15:07:21,697 - tensor([ 4528,  8140, 12888], device='cuda:0')
2024-06-26 15:07:21,697 - Classification Succeeds.
2024-06-26 15:07:21,697 - Link Generation Fails.
2024-06-26 15:23:16,735 - Victim node is 2197.
2024-06-26 15:23:16,735 - tensor([ 8140,  8210, 12888], device='cuda:0')
2024-06-26 15:23:16,742 - Classification Succeeds.
2024-06-26 15:23:16,744 - Link Generation Fails.
2024-06-26 15:38:25,920 - Victim node is 10240.
2024-06-26 15:38:25,920 - tensor([4528, 8140, 8210], device='cuda:0')
2024-06-26 15:38:25,920 - Classification Succeeds.
2024-06-26 15:38:25,920 - Link Generation Fails.
2024-06-26 15:54:11,715 - Victim node is 6443.
2024-06-26 15:54:11,715 - tensor([1538, 1607, 8435], device='cuda:0')
2024-06-26 15:54:11,722 - Classification Fails.
2024-06-26 15:54:11,724 - Link Generation Fails.
2024-06-26 16:08:59,982 - Victim node is 2380.
2024-06-26 16:08:59,983 - tensor([4528, 8140, 8210], device='cuda:0')
2024-06-26 16:08:59,983 - Classification Succeeds.
2024-06-26 16:08:59,983 - Link Generation Fails.
2024-06-26 16:24:47,409 - Victim node is 5087.
2024-06-26 16:24:47,409 - tensor([4528, 8140, 8210], device='cuda:0')
2024-06-26 16:24:47,409 - Classification Succeeds.
2024-06-26 16:24:47,409 - Link Generation Fails.
2024-06-26 16:40:40,118 - Victim node is 6042.
2024-06-26 16:40:40,118 - tensor([ 1524,  3452, 10610], device='cuda:0')
2024-06-26 16:40:40,125 - Classification Succeeds.
2024-06-26 16:40:40,127 - Link Generation Fails.
2024-06-26 16:55:55,047 - Victim node is 605.
2024-06-26 16:55:55,047 - tensor([ 8140,  8210, 12888], device='cuda:0')
2024-06-26 16:55:55,047 - Classification Fails.
2024-06-26 16:55:55,047 - Link Generation Fails.
2024-06-26 17:10:30,861 - Victim node is 13032.
2024-06-26 17:10:30,861 - tensor([13752, 13753, 13754], device='cuda:0')
2024-06-26 17:10:30,861 - Classification Succeeds.
2024-06-26 17:10:30,861 - Link Generation Succeeds.
2024-06-26 17:25:45,032 - Victim node is 7393.
2024-06-26 17:25:45,032 - tensor([ 8140,  8210, 12888], device='cuda:0')
2024-06-26 17:25:45,033 - Classification Succeeds.
2024-06-26 17:25:45,033 - Link Generation Fails.
2024-06-26 17:41:41,055 - Victim node is 5585.
2024-06-26 17:41:41,055 - tensor([13752, 13753, 13755], device='cuda:0')
2024-06-26 17:41:41,056 - Classification Fails.
2024-06-26 17:41:41,056 - Link Generation Succeeds.
2024-06-26 17:57:05,296 - Victim node is 5590.
2024-06-26 17:57:05,296 - tensor([ 7918, 10707, 12320], device='cuda:0')
2024-06-26 17:57:05,303 - Classification Succeeds.
2024-06-26 17:57:05,305 - Link Generation Fails.
2024-06-26 18:12:15,968 - Victim node is 12389.
2024-06-26 18:12:15,968 - tensor([ 872, 4528, 7984], device='cuda:0')
2024-06-26 18:12:15,968 - Classification Succeeds.
2024-06-26 18:12:15,968 - Link Generation Fails.
2024-06-26 18:28:50,903 - Victim node is 6980.
2024-06-26 18:28:50,903 - tensor([13752, 13753, 13754], device='cuda:0')
2024-06-26 18:28:50,910 - Classification Fails.
2024-06-26 18:28:50,913 - Link Generation Succeeds.
2024-06-26 18:43:18,611 - Victim node is 12422.
2024-06-26 18:43:18,611 - tensor([13752, 13753, 13754], device='cuda:0')
2024-06-26 18:43:18,611 - Classification Succeeds.
2024-06-26 18:43:18,612 - Link Generation Succeeds.
2024-06-26 18:59:07,912 - Victim node is 6993.
2024-06-26 18:59:07,912 - tensor([ 8140,  8210, 12888], device='cuda:0')
2024-06-26 18:59:07,919 - Classification Succeeds.
2024-06-26 18:59:07,921 - Link Generation Fails.
2024-06-26 19:13:13,410 - Victim node is 5882.
2024-06-26 19:13:13,410 - tensor([ 872, 1524, 4135], device='cuda:0')
2024-06-26 19:13:13,410 - Classification Succeeds.
2024-06-26 19:13:13,410 - Link Generation Fails.
2024-06-26 19:29:14,866 - Victim node is 728.
2024-06-26 19:29:14,866 - tensor([13752, 13753, 13754], device='cuda:0')
2024-06-26 19:29:14,873 - Classification Fails.
2024-06-26 19:29:14,875 - Link Generation Succeeds.
2024-06-26 19:45:05,553 - Victim node is 7593.
2024-06-26 19:45:05,553 - tensor([ 2499,  7918, 12320], device='cuda:0')
2024-06-26 19:45:05,553 - Classification Succeeds.
2024-06-26 19:45:05,553 - Link Generation Fails.
2024-06-26 20:01:09,055 - Victim node is 3425.
2024-06-26 20:01:09,055 - tensor([13752, 13753, 13754], device='cuda:0')
2024-06-26 20:01:09,055 - Classification Fails.
2024-06-26 20:01:09,056 - Link Generation Succeeds.
2024-06-26 20:16:24,633 - Victim node is 1827.
2024-06-26 20:16:24,633 - tensor([13752, 13754, 13755], device='cuda:0')
2024-06-26 20:16:24,639 - Classification Succeeds.
2024-06-26 20:16:24,642 - Link Generation Succeeds.
2024-06-26 20:30:36,012 - Victim node is 13050.
2024-06-26 20:30:36,012 - tensor([ 2499,  7918, 12320], device='cuda:0')
2024-06-26 20:30:36,012 - Classification Fails.
2024-06-26 20:30:36,013 - Link Generation Fails.
2024-06-26 20:46:24,769 - Victim node is 1198.
2024-06-26 20:46:24,770 - tensor([ 904, 5361, 7742], device='cuda:0')
2024-06-26 20:46:24,770 - Classification Succeeds.
2024-06-26 20:46:24,770 - Link Generation Fails.
2024-06-26 21:01:38,236 - Victim node is 12112.
2024-06-26 21:01:38,236 - tensor([13752, 13753, 13754], device='cuda:0')
2024-06-26 21:01:38,237 - Classification Succeeds.
2024-06-26 21:01:38,237 - Link Generation Succeeds.
2024-06-26 21:16:02,680 - Victim node is 10642.
2024-06-26 21:16:02,680 - tensor([ 461, 1607, 8435], device='cuda:0')
2024-06-26 21:16:02,686 - Classification Succeeds.
2024-06-26 21:16:02,686 - Link Generation Fails.
2024-06-26 21:30:23,308 - Victim node is 2970.
2024-06-26 21:30:23,308 - tensor([ 872, 4528, 8210], device='cuda:0')
2024-06-26 21:30:23,314 - Classification Fails.
2024-06-26 21:30:23,314 - Link Generation Fails.
2024-06-26 21:46:30,448 - Victim node is 1939.
2024-06-26 21:46:30,449 - tensor([13752, 13754, 13756], device='cuda:0')
2024-06-26 21:46:30,455 - Classification Fails.
2024-06-26 21:46:30,458 - Link Generation Succeeds.
2024-06-26 22:00:56,850 - Victim node is 11662.
2024-06-26 22:00:56,850 - tensor([ 8140,  8210, 12888], device='cuda:0')
2024-06-26 22:00:56,851 - Classification Succeeds.
2024-06-26 22:00:56,851 - Link Generation Fails.
2024-06-26 22:15:28,004 - Victim node is 10194.
2024-06-26 22:15:28,004 - tensor([2138, 7984, 9915], device='cuda:0')
2024-06-26 22:15:28,004 - Classification Succeeds.
2024-06-26 22:15:28,004 - Link Generation Fails.
2024-06-26 22:31:32,286 - Victim node is 5647.
2024-06-26 22:31:32,287 - tensor([ 1524,  8210, 12888], device='cuda:0')
2024-06-26 22:31:32,293 - Classification Fails.
2024-06-26 22:31:32,296 - Link Generation Fails.
2024-06-26 22:46:00,039 - Victim node is 9869.
2024-06-26 22:46:00,039 - tensor([13752, 13753, 13754], device='cuda:0')
2024-06-26 22:46:00,039 - Classification Fails.
2024-06-26 22:46:00,039 - Link Generation Succeeds.
2024-06-26 23:01:55,960 - Victim node is 3715.
2024-06-26 23:01:55,961 - tensor([ 872, 4135, 8210], device='cuda:0')
2024-06-26 23:01:55,961 - Classification Succeeds.
2024-06-26 23:01:55,961 - Link Generation Fails.
2024-06-26 23:16:28,372 - Victim node is 10291.
2024-06-26 23:16:28,372 - tensor([  904, 11759, 13756], device='cuda:0')
2024-06-26 23:16:28,372 - Classification Fails.
2024-06-26 23:16:28,372 - Link Generation Succeeds.
2024-06-26 23:30:29,203 - Victim node is 2389.
2024-06-26 23:30:29,203 - tensor([ 4528,  8140, 12888], device='cuda:0')
2024-06-26 23:30:29,203 - Classification Succeeds.
2024-06-26 23:30:29,203 - Link Generation Fails.
2024-06-26 23:45:38,724 - Victim node is 1511.
2024-06-26 23:45:38,724 - tensor([ 2499,  7918, 12320], device='cuda:0')
2024-06-26 23:45:38,725 - Classification Fails.
2024-06-26 23:45:38,725 - Link Generation Fails.
2024-06-27 00:00:38,767 - Victim node is 10398.
2024-06-27 00:00:38,767 - tensor([13752, 13753, 13754], device='cuda:0')
2024-06-27 00:00:38,767 - Classification Succeeds.
2024-06-27 00:00:38,767 - Link Generation Succeeds.
2024-06-27 00:16:34,718 - Victim node is 2221.
2024-06-27 00:16:34,718 - tensor([ 904, 4862, 9772], device='cuda:0')
2024-06-27 00:16:34,725 - Classification Fails.
2024-06-27 00:16:34,727 - Link Generation Fails.
2024-06-27 00:31:59,523 - Victim node is 5571.
2024-06-27 00:31:59,524 - tensor([13752, 13753, 13754], device='cuda:0')
2024-06-27 00:31:59,524 - Classification Fails.
2024-06-27 00:31:59,524 - Link Generation Succeeds.
2024-06-27 00:47:08,524 - Victim node is 4153.
2024-06-27 00:47:08,524 - tensor([ 8140,  8210, 12888], device='cuda:0')
2024-06-27 00:47:08,531 - Classification Succeeds.
2024-06-27 00:47:08,533 - Link Generation Fails.
2024-06-27 01:02:06,991 - Victim node is 4119.
2024-06-27 01:02:06,991 - tensor([ 4528,  8140, 12888], device='cuda:0')
2024-06-27 01:02:06,992 - Classification Succeeds.
2024-06-27 01:02:06,992 - Link Generation Fails.
2024-06-27 01:16:19,373 - Victim node is 7849.
2024-06-27 01:16:19,374 - tensor([ 8140,  8210, 12888], device='cuda:0')
2024-06-27 01:16:19,379 - Classification Succeeds.
2024-06-27 01:16:19,381 - Link Generation Fails.
2024-06-27 01:30:51,164 - Victim node is 8252.
2024-06-27 01:30:51,164 - tensor([ 8140,  8210, 12888], device='cuda:0')
2024-06-27 01:30:51,164 - Classification Succeeds.
2024-06-27 01:30:51,164 - Link Generation Fails.
2024-06-27 01:46:51,386 - Victim node is 10890.
2024-06-27 01:46:51,386 - tensor([ 8140,  8210, 12888], device='cuda:0')
2024-06-27 01:46:51,393 - Classification Fails.
2024-06-27 01:46:51,395 - Link Generation Fails.
2024-06-27 02:01:12,426 - Victim node is 9762.
2024-06-27 02:01:12,426 - tensor([ 8140,  8210, 12888], device='cuda:0')
2024-06-27 02:01:12,426 - Classification Fails.
2024-06-27 02:01:12,426 - Link Generation Fails.
2024-06-27 02:15:15,962 - Victim node is 13133.
2024-06-27 02:15:15,962 - tensor([ 1524,  4528, 12888], device='cuda:0')
2024-06-27 02:15:15,962 - Classification Succeeds.
2024-06-27 02:15:15,962 - Link Generation Fails.
2024-06-27 02:30:40,092 - Victim node is 2890.
2024-06-27 02:30:40,092 - tensor([1607, 1781, 8435], device='cuda:0')
2024-06-27 02:30:40,099 - Classification Fails.
2024-06-27 02:30:40,101 - Link Generation Fails.
2024-06-27 02:44:43,553 - Victim node is 10090.
2024-06-27 02:44:43,553 - tensor([ 8140,  8210, 12888], device='cuda:0')
2024-06-27 02:44:43,553 - Classification Succeeds.
2024-06-27 02:44:43,554 - Link Generation Fails.
2024-06-27 02:59:04,427 - Victim node is 4565.
2024-06-27 02:59:04,427 - tensor([ 8140,  8210, 12888], device='cuda:0')
2024-06-27 02:59:04,427 - Classification Fails.
2024-06-27 02:59:04,427 - Link Generation Fails.
2024-06-27 03:13:54,690 - Victim node is 4413.
2024-06-27 03:13:54,691 - tensor([ 4528,  8140, 12888], device='cuda:0')
2024-06-27 03:13:54,691 - Classification Succeeds.
2024-06-27 03:13:54,691 - Link Generation Fails.
2024-06-27 03:28:02,616 - Victim node is 25.
2024-06-27 03:28:02,617 - tensor([13753, 13754, 13756], device='cuda:0')
2024-06-27 03:28:02,617 - Classification Succeeds.
2024-06-27 03:28:02,617 - Link Generation Succeeds.
2024-06-27 03:42:29,887 - Victim node is 5802.
2024-06-27 03:42:29,887 - tensor([13752, 13753, 13754], device='cuda:0')
2024-06-27 03:42:29,887 - Classification Fails.
2024-06-27 03:42:29,887 - Link Generation Succeeds.
2024-06-27 03:58:43,606 - Victim node is 5038.
2024-06-27 03:58:43,606 - tensor([  904,  2026, 11759], device='cuda:0')
2024-06-27 03:58:43,613 - Classification Fails.
2024-06-27 03:58:43,615 - Link Generation Fails.
2024-06-27 04:12:55,573 - Victim node is 221.
2024-06-27 04:12:55,573 - tensor([13752, 13753, 13754], device='cuda:0')
2024-06-27 04:12:55,573 - Classification Fails.
2024-06-27 04:12:55,573 - Link Generation Succeeds.
2024-06-27 04:27:59,868 - Victim node is 12782.
2024-06-27 04:27:59,868 - tensor([ 2499,  7918, 11961], device='cuda:0')
2024-06-27 04:27:59,869 - Classification Succeeds.
2024-06-27 04:27:59,869 - Link Generation Fails.
2024-06-27 04:42:50,569 - Victim node is 1998.
2024-06-27 04:42:50,570 - tensor([ 2499,  7918, 11961], device='cuda:0')
2024-06-27 04:42:50,570 - Classification Fails.
2024-06-27 04:42:50,570 - Link Generation Fails.
2024-06-27 04:57:50,213 - Victim node is 10489.
2024-06-27 04:57:50,213 - tensor([4528, 7984, 8140], device='cuda:0')
2024-06-27 04:57:50,218 - Classification Succeeds.
2024-06-27 04:57:50,218 - Link Generation Fails.
2024-06-27 05:12:44,542 - Victim node is 2000.
2024-06-27 05:12:44,542 - tensor([ 8140,  8210, 12888], device='cuda:0')
2024-06-27 05:12:44,542 - Classification Fails.
2024-06-27 05:12:44,542 - Link Generation Fails.
2024-06-27 05:27:13,208 - Victim node is 6377.
2024-06-27 05:27:13,208 - tensor([4528, 7984, 8210], device='cuda:0')
2024-06-27 05:27:13,208 - Classification Succeeds.
2024-06-27 05:27:13,208 - Link Generation Fails.
2024-06-27 05:41:15,985 - Victim node is 253.
2024-06-27 05:41:15,985 - tensor([ 1524,  4528, 12888], device='cuda:0')
2024-06-27 05:41:15,986 - Classification Succeeds.
2024-06-27 05:41:15,986 - Link Generation Fails.
2024-06-27 05:55:24,247 - Victim node is 3436.
2024-06-27 05:55:24,248 - tensor([13752, 13753, 13754], device='cuda:0')
2024-06-27 05:55:24,248 - Classification Succeeds.
2024-06-27 05:55:24,248 - Link Generation Succeeds.
2024-06-27 06:09:21,300 - Victim node is 10886.
2024-06-27 06:09:21,300 - tensor([ 8140,  8210, 12888], device='cuda:0')
2024-06-27 06:09:21,301 - Classification Fails.
2024-06-27 06:09:21,301 - Link Generation Fails.
2024-06-27 06:23:35,561 - Victim node is 2989.
2024-06-27 06:23:35,562 - tensor([13753, 13754, 13756], device='cuda:0')
2024-06-27 06:23:35,562 - Classification Fails.
2024-06-27 06:23:35,562 - Link Generation Succeeds.
2024-06-27 06:37:44,844 - Victim node is 3822.
2024-06-27 06:37:44,845 - tensor([ 1524,  8210, 12888], device='cuda:0')
2024-06-27 06:37:44,849 - Classification Succeeds.
2024-06-27 06:37:44,850 - Link Generation Fails.
2024-06-27 06:52:50,246 - Victim node is 12757.
2024-06-27 06:52:50,246 - tensor([13752, 13753, 13754], device='cuda:0')
2024-06-27 06:52:50,253 - Classification Fails.
2024-06-27 06:52:50,255 - Link Generation Succeeds.
2024-06-27 07:07:15,177 - Victim node is 4834.
2024-06-27 07:07:15,177 - tensor([ 904, 7742, 9772], device='cuda:0')
2024-06-27 07:07:15,177 - Classification Succeeds.
2024-06-27 07:07:15,178 - Link Generation Fails.
2024-06-27 07:21:43,508 - Victim node is 3688.
2024-06-27 07:21:43,508 - tensor([1538, 2499, 7918], device='cuda:0')
2024-06-27 07:21:43,508 - Classification Fails.
2024-06-27 07:21:43,508 - Link Generation Fails.
2024-06-27 07:35:55,883 - Victim node is 7004.
2024-06-27 07:35:55,884 - tensor([13752, 13753, 13754], device='cuda:0')
2024-06-27 07:35:55,884 - Classification Succeeds.
2024-06-27 07:35:55,884 - Link Generation Succeeds.
2024-06-27 07:52:18,281 - Victim node is 7988.
2024-06-27 07:52:18,281 - tensor([ 2499,  7918, 11961], device='cuda:0')
2024-06-27 07:52:18,282 - Classification Fails.
2024-06-27 07:52:18,282 - Link Generation Fails.
2024-06-27 08:07:12,153 - Victim node is 7178.
2024-06-27 08:07:12,154 - tensor([ 8140,  9772, 12888], device='cuda:0')
2024-06-27 08:07:12,154 - Classification Fails.
2024-06-27 08:07:12,154 - Link Generation Fails.
2024-06-27 08:21:12,366 - Victim node is 9428.
2024-06-27 08:21:12,366 - tensor([13752, 13753, 13754], device='cuda:0')
2024-06-27 08:21:12,366 - Classification Succeeds.
2024-06-27 08:21:12,366 - Link Generation Succeeds.
2024-06-27 08:35:19,517 - Victim node is 5970.
2024-06-27 08:35:19,518 - tensor([ 7918, 10148, 10707], device='cuda:0')
2024-06-27 08:35:19,518 - Classification Succeeds.
2024-06-27 08:35:19,518 - Link Generation Fails.
2024-06-27 08:50:18,324 - Victim node is 11697.
2024-06-27 08:50:18,324 - tensor([ 8140,  8210, 12888], device='cuda:0')
2024-06-27 08:50:18,331 - Classification Fails.
2024-06-27 08:50:18,333 - Link Generation Fails.
2024-06-27 09:06:31,208 - Victim node is 6116.
2024-06-27 09:06:31,209 - tensor([ 872, 7984, 8210], device='cuda:0')
2024-06-27 09:06:31,209 - Classification Succeeds.
2024-06-27 09:06:31,209 - Link Generation Fails.
2024-06-27 09:20:50,834 - Victim node is 2231.
2024-06-27 09:20:50,834 - tensor([ 8140,  8210, 12888], device='cuda:0')
2024-06-27 09:20:50,840 - Classification Succeeds.
2024-06-27 09:20:50,840 - Link Generation Fails.
2024-06-27 09:34:44,513 - Victim node is 7188.
2024-06-27 09:34:44,513 - tensor([ 4528,  8210, 12888], device='cuda:0')
2024-06-27 09:34:44,513 - Classification Succeeds.
2024-06-27 09:34:44,513 - Link Generation Fails.
2024-06-27 09:48:35,624 - Victim node is 2910.
2024-06-27 09:48:35,625 - tensor([4528, 7984, 8210], device='cuda:0')
2024-06-27 09:48:35,625 - Classification Fails.
2024-06-27 09:48:35,625 - Link Generation Fails.
2024-06-27 10:02:54,148 - Victim node is 8766.
2024-06-27 10:02:54,148 - tensor([ 1524,  8210, 12888], device='cuda:0')
2024-06-27 10:02:54,149 - Classification Fails.
2024-06-27 10:02:54,149 - Link Generation Fails.
2024-06-27 10:17:01,439 - Victim node is 772.
2024-06-27 10:17:01,439 - tensor([ 8140,  8210, 12888], device='cuda:0')
2024-06-27 10:17:01,439 - Classification Succeeds.
2024-06-27 10:17:01,439 - Link Generation Fails.
2024-06-27 10:31:27,248 - Victim node is 4305.
2024-06-27 10:31:27,249 - tensor([ 8140,  8210, 12888], device='cuda:0')
2024-06-27 10:31:27,249 - Classification Succeeds.
2024-06-27 10:31:27,249 - Link Generation Fails.
2024-06-27 10:46:51,799 - Victim node is 7967.
2024-06-27 10:46:51,799 - tensor([ 2499,  3555, 12320], device='cuda:0')
2024-06-27 10:46:51,806 - Classification Succeeds.
2024-06-27 10:46:51,808 - Link Generation Fails.
2024-06-27 11:01:01,039 - Victim node is 13389.
2024-06-27 11:01:01,039 - tensor([ 8140,  8210, 12888], device='cuda:0')
2024-06-27 11:01:01,039 - Classification Succeeds.
2024-06-27 11:01:01,039 - Link Generation Fails.
2024-06-27 11:16:24,951 - Victim node is 11934.
2024-06-27 11:16:24,951 - tensor([ 904, 2026, 4316], device='cuda:0')
2024-06-27 11:16:24,958 - Classification Fails.
2024-06-27 11:16:24,961 - Link Generation Fails.
2024-06-27 11:30:18,524 - Victim node is 4911.
2024-06-27 11:30:18,525 - tensor([ 4871,  7918, 12320], device='cuda:0')
2024-06-27 11:30:18,525 - Classification Fails.
2024-06-27 11:30:18,525 - Link Generation Fails.
2024-06-27 11:45:40,790 - Victim node is 4490.
2024-06-27 11:45:40,790 - tensor([13753, 13755, 13756], device='cuda:0')
2024-06-27 11:45:40,795 - Classification Succeeds.
2024-06-27 11:45:40,795 - Link Generation Succeeds.
2024-06-27 12:00:27,262 - Victim node is 11591.
2024-06-27 12:00:27,263 - tensor([3452, 6247, 9251], device='cuda:0')
2024-06-27 12:00:27,263 - Classification Succeeds.
2024-06-27 12:00:27,263 - Link Generation Fails.
2024-06-27 12:15:55,241 - Victim node is 158.
2024-06-27 12:15:55,241 - tensor([13752, 13753, 13754], device='cuda:0')
2024-06-27 12:15:55,248 - Classification Fails.
2024-06-27 12:15:55,251 - Link Generation Succeeds.
2024-06-27 12:30:08,057 - Victim node is 6512.
2024-06-27 12:30:08,057 - tensor([ 3240,  7918, 10148], device='cuda:0')
2024-06-27 12:30:08,058 - Classification Succeeds.
2024-06-27 12:30:08,058 - Link Generation Fails.
2024-06-27 12:44:15,991 - Victim node is 13048.
2024-06-27 12:44:15,991 - tensor([13753, 13755, 13756], device='cuda:0')
2024-06-27 12:44:15,991 - Classification Succeeds.
2024-06-27 12:44:15,991 - Link Generation Succeeds.
2024-06-27 12:58:16,084 - Victim node is 8628.
2024-06-27 12:58:16,084 - tensor([ 8140,  8210, 12888], device='cuda:0')
2024-06-27 12:58:16,085 - Classification Succeeds.
2024-06-27 12:58:16,085 - Link Generation Fails.
2024-06-27 13:12:17,867 - Victim node is 11009.
2024-06-27 13:12:17,867 - tensor([ 8140,  8210, 12888], device='cuda:0')
2024-06-27 13:12:17,867 - Classification Fails.
2024-06-27 13:12:17,867 - Link Generation Fails.
2024-06-27 13:26:20,536 - Victim node is 533.
2024-06-27 13:26:20,536 - tensor([13752, 13753, 13754], device='cuda:0')
2024-06-27 13:26:20,536 - Classification Fails.
2024-06-27 13:26:20,536 - Link Generation Succeeds.
2024-06-27 13:42:52,731 - Victim node is 11188.
2024-06-27 13:42:52,731 - tensor([4528, 8140, 8210], device='cuda:0')
2024-06-27 13:42:52,731 - Classification Succeeds.
2024-06-27 13:42:52,732 - Link Generation Fails.
2024-06-27 13:57:54,515 - Victim node is 7126.
2024-06-27 13:57:54,515 - tensor([4528, 7984, 9915], device='cuda:0')
2024-06-27 13:57:54,516 - Classification Succeeds.
2024-06-27 13:57:54,516 - Link Generation Fails.
2024-06-27 14:13:02,564 - Victim node is 5240.
2024-06-27 14:13:02,564 - tensor([13752, 13754, 13755], device='cuda:0')
2024-06-27 14:13:02,571 - Classification Fails.
2024-06-27 14:13:02,573 - Link Generation Succeeds.
2024-06-27 14:28:11,986 - Victim node is 200.
2024-06-27 14:28:11,986 - tensor([ 8140,  8210, 12888], device='cuda:0')
2024-06-27 14:28:11,993 - Classification Fails.
2024-06-27 14:28:11,995 - Link Generation Fails.
2024-06-27 14:42:22,503 - Victim node is 4842.
2024-06-27 14:42:22,504 - tensor([13752, 13753, 13754], device='cuda:0')
2024-06-27 14:42:22,509 - Classification Fails.
2024-06-27 14:42:22,511 - Link Generation Succeeds.
2024-06-27 14:58:48,010 - Victim node is 8945.
2024-06-27 14:58:48,010 - tensor([ 8140,  8210, 12888], device='cuda:0')
2024-06-27 14:58:48,017 - Classification Succeeds.
2024-06-27 14:58:48,020 - Link Generation Fails.
2024-06-27 15:13:11,528 - Victim node is 3880.
2024-06-27 15:13:11,528 - tensor([2138, 3452, 4135], device='cuda:0')
2024-06-27 15:13:11,529 - Classification Fails.
2024-06-27 15:13:11,529 - Link Generation Fails.
2024-06-27 15:27:28,831 - Victim node is 1806.
2024-06-27 15:27:28,832 - tensor([ 1607,  2499, 12320], device='cuda:0')
2024-06-27 15:27:28,832 - Classification Fails.
2024-06-27 15:27:28,832 - Link Generation Fails.
2024-06-27 15:43:53,279 - Victim node is 6856.
2024-06-27 15:43:53,280 - tensor([1524, 3452, 4135], device='cuda:0')
2024-06-27 15:43:53,286 - Classification Succeeds.
2024-06-27 15:43:53,289 - Link Generation Fails.
2024-06-27 15:58:30,742 - Victim node is 2371.
2024-06-27 15:58:30,742 - tensor([13752, 13753, 13754], device='cuda:0')
2024-06-27 15:58:30,742 - Classification Succeeds.
2024-06-27 15:58:30,742 - Link Generation Succeeds.
2024-06-27 16:13:54,654 - Victim node is 3016.
2024-06-27 16:13:54,654 - tensor([1524, 4135, 4932], device='cuda:0')
2024-06-27 16:13:54,661 - Classification Succeeds.
2024-06-27 16:13:54,663 - Link Generation Fails.
2024-06-27 16:28:27,052 - Victim node is 10546.
2024-06-27 16:28:27,052 - tensor([ 7918, 13752, 13756], device='cuda:0')
2024-06-27 16:28:27,052 - Classification Fails.
2024-06-27 16:28:27,053 - Link Generation Succeeds.
2024-06-27 16:42:40,639 - Victim node is 8958.
2024-06-27 16:42:40,639 - tensor([ 904, 7742, 9772], device='cuda:0')
2024-06-27 16:42:40,639 - Classification Succeeds.
2024-06-27 16:42:40,640 - Link Generation Fails.
2024-06-27 16:57:18,960 - Victim node is 5615.
2024-06-27 16:57:18,960 - tensor([13752, 13753, 13754], device='cuda:0')
2024-06-27 16:57:18,960 - Classification Succeeds.
2024-06-27 16:57:18,960 - Link Generation Succeeds.
2024-06-27 17:11:21,329 - Victim node is 6200.
2024-06-27 17:11:21,329 - tensor([ 872, 2138, 3452], device='cuda:0')
2024-06-27 17:11:21,329 - Classification Fails.
2024-06-27 17:11:21,329 - Link Generation Fails.
2024-06-27 17:28:01,068 - Victim node is 8896.
2024-06-27 17:28:01,068 - tensor([13753, 13754, 13755], device='cuda:0')
2024-06-27 17:28:01,071 - Classification Fails.
2024-06-27 17:28:01,071 - Link Generation Succeeds.
2024-06-27 17:42:23,616 - Victim node is 11433.
2024-06-27 17:42:23,616 - tensor([13753, 13754, 13755], device='cuda:0')
2024-06-27 17:42:23,616 - Classification Fails.
2024-06-27 17:42:23,616 - Link Generation Succeeds.
2024-06-27 17:56:29,653 - Victim node is 7341.
2024-06-27 17:56:29,653 - tensor([ 8140,  8210, 13756], device='cuda:0')
2024-06-27 17:56:29,653 - Classification Fails.
2024-06-27 17:56:29,653 - Link Generation Succeeds.
2024-06-27 18:13:07,098 - Victim node is 12176.
2024-06-27 18:13:07,099 - tensor([ 8455, 12320, 13013], device='cuda:0')
2024-06-27 18:13:07,099 - Classification Succeeds.
2024-06-27 18:13:07,099 - Link Generation Fails.
2024-06-27 18:29:53,254 - Victim node is 2996.
2024-06-27 18:29:53,255 - tensor([ 872, 1524, 4135], device='cuda:0')
2024-06-27 18:29:53,255 - Classification Succeeds.
2024-06-27 18:29:53,255 - Link Generation Fails.
2024-06-27 18:46:42,956 - Victim node is 708.
2024-06-27 18:46:42,956 - tensor([13752, 13753, 13754], device='cuda:0')
2024-06-27 18:46:42,956 - Classification Succeeds.
2024-06-27 18:46:42,957 - Link Generation Succeeds.
2024-06-27 19:00:51,610 - Victim node is 5130.
2024-06-27 19:00:51,610 - tensor([13754, 13755, 13756], device='cuda:0')
2024-06-27 19:00:51,610 - Classification Succeeds.
2024-06-27 19:00:51,610 - Link Generation Succeeds.
2024-06-27 19:17:32,579 - Victim node is 1094.
2024-06-27 19:17:32,579 - tensor([13752, 13753, 13754], device='cuda:0')
2024-06-27 19:17:32,580 - Classification Succeeds.
2024-06-27 19:17:32,580 - Link Generation Succeeds.
2024-06-27 19:31:44,728 - Victim node is 12868.
2024-06-27 19:31:44,728 - tensor([13752, 13753, 13754], device='cuda:0')
2024-06-27 19:31:44,728 - Classification Succeeds.
2024-06-27 19:31:44,728 - Link Generation Succeeds.
2024-06-27 19:48:09,165 - Victim node is 2920.
2024-06-27 19:48:09,166 - tensor([ 872, 7984, 8140], device='cuda:0')
2024-06-27 19:48:09,172 - Classification Succeeds.
2024-06-27 19:48:09,175 - Link Generation Fails.
2024-06-27 20:02:12,639 - Victim node is 7501.
2024-06-27 20:02:12,639 - tensor([ 2499,  3555, 10699], device='cuda:0')
2024-06-27 20:02:12,640 - Classification Fails.
2024-06-27 20:02:12,640 - Link Generation Fails.
2024-06-27 20:16:32,663 - Victim node is 11507.
2024-06-27 20:16:32,664 - tensor([13752, 13753, 13756], device='cuda:0')
2024-06-27 20:16:32,664 - Classification Succeeds.
2024-06-27 20:16:32,664 - Link Generation Succeeds.
2024-06-27 20:30:46,892 - Victim node is 3200.
2024-06-27 20:30:46,892 - tensor([13752, 13753, 13754], device='cuda:0')
2024-06-27 20:30:46,893 - Classification Succeeds.
2024-06-27 20:30:46,893 - Link Generation Succeeds.
2024-06-27 20:46:10,934 - Victim node is 5179.
2024-06-27 20:46:10,934 - tensor([13752, 13753, 13754], device='cuda:0')
2024-06-27 20:46:10,934 - Classification Succeeds.
2024-06-27 20:46:10,935 - Link Generation Succeeds.
2024-06-27 21:00:22,876 - Victim node is 5027.
2024-06-27 21:00:22,876 - tensor([ 872, 1524, 4135], device='cuda:0')
2024-06-27 21:00:22,876 - Classification Succeeds.
2024-06-27 21:00:22,876 - Link Generation Fails.
2024-06-27 21:14:34,426 - Victim node is 3513.
2024-06-27 21:14:34,426 - tensor([13752, 13753, 13754], device='cuda:0')
2024-06-27 21:14:34,427 - Classification Fails.
2024-06-27 21:14:34,427 - Link Generation Succeeds.
2024-06-27 21:28:44,886 - Victim node is 6706.
2024-06-27 21:28:44,886 - tensor([4528, 7984, 8140], device='cuda:0')
2024-06-27 21:28:44,886 - Classification Succeeds.
2024-06-27 21:28:44,886 - Link Generation Fails.
2024-06-27 21:44:09,834 - Victim node is 5701.
2024-06-27 21:44:09,834 - tensor([13753, 13754, 13756], device='cuda:0')
2024-06-27 21:44:09,841 - Classification Fails.
2024-06-27 21:44:09,843 - Link Generation Succeeds.
2024-06-27 21:59:17,549 - Victim node is 3776.
2024-06-27 21:59:17,549 - tensor([13752, 13753, 13754], device='cuda:0')
2024-06-27 21:59:17,549 - Classification Fails.
2024-06-27 21:59:17,549 - Link Generation Succeeds.
2024-06-27 22:15:50,277 - Victim node is 10038.
2024-06-27 22:15:50,277 - tensor([13754, 13755, 13756], device='cuda:0')
2024-06-27 22:15:50,284 - Classification Fails.
2024-06-27 22:15:50,286 - Link Generation Succeeds.
2024-06-27 22:29:59,013 - Victim node is 2892.
2024-06-27 22:29:59,014 - tensor([ 8140,  8210, 12888], device='cuda:0')
2024-06-27 22:29:59,014 - Classification Succeeds.
2024-06-27 22:29:59,014 - Link Generation Fails.
2024-06-27 22:44:20,465 - Victim node is 2873.
2024-06-27 22:44:20,465 - tensor([ 8140,  8210, 12888], device='cuda:0')
2024-06-27 22:44:20,465 - Classification Succeeds.
2024-06-27 22:44:20,465 - Link Generation Fails.
2024-06-27 22:58:45,833 - Victim node is 6694.
2024-06-27 22:58:45,833 - tensor([6247, 9251, 9915], device='cuda:0')
2024-06-27 22:58:45,833 - Classification Succeeds.
2024-06-27 22:58:45,834 - Link Generation Fails.
2024-06-27 23:15:38,123 - Victim node is 4166.
2024-06-27 23:15:38,124 - tensor([ 4528,  8210, 12888], device='cuda:0')
2024-06-27 23:15:38,130 - Classification Succeeds.
2024-06-27 23:15:38,133 - Link Generation Fails.
2024-06-27 23:30:11,369 - Victim node is 2263.
2024-06-27 23:30:11,369 - tensor([ 8140,  8210, 12888], device='cuda:0')
2024-06-27 23:30:11,374 - Classification Fails.
2024-06-27 23:30:11,374 - Link Generation Fails.
2024-06-27 23:44:27,017 - Victim node is 8739.
2024-06-27 23:44:27,017 - tensor([ 1524,  4528, 12888], device='cuda:0')
2024-06-27 23:44:27,017 - Classification Succeeds.
2024-06-27 23:44:27,017 - Link Generation Fails.
2024-06-27 23:59:02,622 - Victim node is 5869.
2024-06-27 23:59:02,622 - tensor([ 4528,  8140, 12888], device='cuda:0')
2024-06-27 23:59:02,623 - Classification Succeeds.
2024-06-27 23:59:02,623 - Link Generation Fails.
2024-06-28 00:15:41,127 - Victim node is 5851.
2024-06-28 00:15:41,127 - tensor([ 8140,  8210, 12888], device='cuda:0')
2024-06-28 00:15:41,134 - Classification Fails.
2024-06-28 00:15:41,136 - Link Generation Fails.
2024-06-28 00:29:58,016 - Victim node is 13371.
2024-06-28 00:29:58,017 - tensor([ 4528,  8210, 12888], device='cuda:0')
2024-06-28 00:29:58,017 - Classification Fails.
2024-06-28 00:29:58,017 - Link Generation Fails.
2024-06-28 00:46:49,559 - Victim node is 12663.
2024-06-28 00:46:49,560 - tensor([ 4312,  8455, 13013], device='cuda:0')
2024-06-28 00:46:49,566 - Classification Fails.
2024-06-28 00:46:49,569 - Link Generation Fails.
2024-06-28 01:01:03,734 - Victim node is 11757.
2024-06-28 01:01:03,734 - tensor([2499, 7918, 9322], device='cuda:0')
2024-06-28 01:01:03,734 - Classification Fails.
2024-06-28 01:01:03,734 - Link Generation Fails.
2024-06-28 01:15:19,540 - Victim node is 1988.
2024-06-28 01:15:19,541 - tensor([13752, 13753, 13754], device='cuda:0')
2024-06-28 01:15:19,541 - Classification Succeeds.
2024-06-28 01:15:19,541 - Link Generation Succeeds.
2024-06-28 01:29:43,197 - Victim node is 13524.
2024-06-28 01:29:43,197 - tensor([ 8140,  8210, 12888], device='cuda:0')
2024-06-28 01:29:43,197 - Classification Fails.
2024-06-28 01:29:43,197 - Link Generation Fails.
2024-06-28 01:43:46,891 - Victim node is 3092.
2024-06-28 01:43:46,891 - tensor([13752, 13753, 13754], device='cuda:0')
2024-06-28 01:43:46,891 - Classification Fails.
2024-06-28 01:43:46,891 - Link Generation Succeeds.
2024-06-28 01:57:47,479 - Victim node is 415.
2024-06-28 01:57:47,479 - tensor([ 1524,  8210, 12888], device='cuda:0')
2024-06-28 01:57:47,484 - Classification Fails.
2024-06-28 01:57:47,486 - Link Generation Fails.
2024-06-28 02:12:05,579 - Victim node is 6398.
2024-06-28 02:12:05,579 - tensor([1524, 4528, 8210], device='cuda:0')
2024-06-28 02:12:05,579 - Classification Fails.
2024-06-28 02:12:05,580 - Link Generation Fails.
2024-06-28 02:28:48,266 - Victim node is 8145.
2024-06-28 02:28:48,266 - tensor([4528, 8140, 8210], device='cuda:0')
2024-06-28 02:28:48,267 - Classification Succeeds.
2024-06-28 02:28:48,267 - Link Generation Fails.
2024-06-28 02:44:18,552 - Victim node is 7218.
2024-06-28 02:44:18,552 - tensor([4528, 8140, 8210], device='cuda:0')
2024-06-28 02:44:18,553 - Classification Fails.
2024-06-28 02:44:18,553 - Link Generation Fails.
2024-06-28 02:58:32,358 - Victim node is 6668.
2024-06-28 02:58:32,358 - tensor([13752, 13753, 13754], device='cuda:0')
2024-06-28 02:58:32,359 - Classification Succeeds.
2024-06-28 02:58:32,359 - Link Generation Succeeds.
2024-06-28 03:14:05,809 - Victim node is 6036.
2024-06-28 03:14:05,810 - tensor([13752, 13753, 13754], device='cuda:0')
2024-06-28 03:14:05,816 - Classification Succeeds.
2024-06-28 03:14:05,819 - Link Generation Succeeds.
2024-06-28 03:30:50,459 - Victim node is 13293.
2024-06-28 03:30:50,459 - tensor([ 8140,  8210, 12888], device='cuda:0')
2024-06-28 03:30:50,460 - Classification Succeeds.
2024-06-28 03:30:50,460 - Link Generation Fails.
2024-06-28 03:45:02,751 - Victim node is 8412.
2024-06-28 03:45:02,751 - tensor([13752, 13754, 13756], device='cuda:0')
2024-06-28 03:45:02,751 - Classification Fails.
2024-06-28 03:45:02,751 - Link Generation Succeeds.
2024-06-28 04:00:09,002 - Victim node is 10833.
2024-06-28 04:00:09,003 - tensor([13752, 13753, 13754], device='cuda:0')
2024-06-28 04:00:09,009 - Classification Succeeds.
2024-06-28 04:00:09,012 - Link Generation Succeeds.
2024-06-28 04:14:31,655 - Victim node is 6103.
2024-06-28 04:14:31,656 - tensor([13752, 13755, 13756], device='cuda:0')
2024-06-28 04:14:31,660 - Classification Succeeds.
2024-06-28 04:14:31,663 - Link Generation Succeeds.
2024-06-28 04:28:48,285 - Victim node is 13620.
2024-06-28 04:28:48,286 - tensor([ 4528,  8210, 12888], device='cuda:0')
2024-06-28 04:28:48,286 - Classification Fails.
2024-06-28 04:28:48,286 - Link Generation Fails.
2024-06-28 04:42:57,870 - Victim node is 4507.
2024-06-28 04:42:57,870 - tensor([13752, 13755, 13756], device='cuda:0')
2024-06-28 04:42:57,870 - Classification Fails.
2024-06-28 04:42:57,871 - Link Generation Succeeds.
2024-06-28 04:58:13,470 - Victim node is 7892.
2024-06-28 04:58:13,470 - tensor([13753, 13754, 13756], device='cuda:0')
2024-06-28 04:58:13,477 - Classification Succeeds.
2024-06-28 04:58:13,478 - Link Generation Succeeds.
2024-06-28 05:15:15,984 - Victim node is 8366.
2024-06-28 05:15:15,984 - tensor([ 8140,  8210, 12888], device='cuda:0')
2024-06-28 05:15:15,991 - Classification Succeeds.
2024-06-28 05:15:15,993 - Link Generation Fails.
2024-06-28 05:29:26,272 - Victim node is 3346.
2024-06-28 05:29:26,273 - tensor([1524, 4135, 4528], device='cuda:0')
2024-06-28 05:29:26,273 - Classification Succeeds.
2024-06-28 05:29:26,273 - Link Generation Fails.
2024-06-28 05:43:31,913 - Victim node is 10043.
2024-06-28 05:43:31,913 - tensor([1607, 7597, 8435], device='cuda:0')
2024-06-28 05:43:31,913 - Classification Fails.
2024-06-28 05:43:31,913 - Link Generation Fails.
2024-06-28 05:58:04,871 - Victim node is 7499.
2024-06-28 05:58:04,871 - tensor([ 4528,  8210, 12888], device='cuda:0')
2024-06-28 05:58:04,871 - Classification Succeeds.
2024-06-28 05:58:04,871 - Link Generation Fails.
2024-06-28 06:12:34,783 - Victim node is 3856.
2024-06-28 06:12:34,783 - tensor([2515, 7984, 8455], device='cuda:0')
2024-06-28 06:12:34,783 - Classification Succeeds.
2024-06-28 06:12:34,783 - Link Generation Fails.
2024-06-28 06:26:43,848 - Victim node is 10132.
2024-06-28 06:26:43,848 - tensor([4528, 8140, 8210], device='cuda:0')
2024-06-28 06:26:43,849 - Classification Succeeds.
2024-06-28 06:26:43,849 - Link Generation Fails.
2024-06-28 06:41:18,756 - Victim node is 9490.
2024-06-28 06:41:18,756 - tensor([ 8140,  8210, 12888], device='cuda:0')
2024-06-28 06:41:18,756 - Classification Succeeds.
2024-06-28 06:41:18,756 - Link Generation Fails.
2024-06-28 06:55:18,381 - Victim node is 8396.
2024-06-28 06:55:18,382 - tensor([1524, 3452, 4135], device='cuda:0')
2024-06-28 06:55:18,382 - Classification Succeeds.
2024-06-28 06:55:18,382 - Link Generation Fails.
2024-06-28 07:12:08,975 - Victim node is 8413.
2024-06-28 07:12:08,976 - tensor([13753, 13755, 13756], device='cuda:0')
2024-06-28 07:12:08,976 - Classification Fails.
2024-06-28 07:12:08,976 - Link Generation Succeeds.
2024-06-28 07:26:05,965 - Victim node is 11424.
2024-06-28 07:26:05,965 - tensor([  872,  1524, 12888], device='cuda:0')
2024-06-28 07:26:05,966 - Classification Succeeds.
2024-06-28 07:26:05,966 - Link Generation Fails.
2024-06-28 07:42:55,615 - Victim node is 821.
2024-06-28 07:42:55,616 - tensor([13752, 13753, 13754], device='cuda:0')
2024-06-28 07:42:55,616 - Classification Succeeds.
2024-06-28 07:42:55,616 - Link Generation Succeeds.
2024-06-28 07:57:02,697 - Victim node is 4463.
2024-06-28 07:57:02,698 - tensor([13752, 13753, 13754], device='cuda:0')
2024-06-28 07:57:02,698 - Classification Fails.
2024-06-28 07:57:02,698 - Link Generation Succeeds.
2024-06-28 08:12:18,900 - Victim node is 11615.
2024-06-28 08:12:18,900 - tensor([13752, 13753, 13754], device='cuda:0')
2024-06-28 08:12:18,901 - Classification Succeeds.
2024-06-28 08:12:18,901 - Link Generation Succeeds.
2024-06-28 08:29:22,279 - Victim node is 11019.
2024-06-28 08:29:22,279 - tensor([ 3555,  7918, 10148], device='cuda:0')
2024-06-28 08:29:22,286 - Classification Succeeds.
2024-06-28 08:29:22,288 - Link Generation Fails.
2024-06-28 08:44:19,242 - Victim node is 2601.
2024-06-28 08:44:19,242 - tensor([ 4528,  8140, 12888], device='cuda:0')
2024-06-28 08:44:19,242 - Classification Succeeds.
2024-06-28 08:44:19,242 - Link Generation Fails.
2024-06-28 08:59:50,521 - Victim node is 6675.
2024-06-28 08:59:50,521 - tensor([13753, 13754, 13755], device='cuda:0')
2024-06-28 08:59:50,522 - Classification Fails.
2024-06-28 08:59:50,522 - Link Generation Succeeds.
2024-06-28 09:13:50,317 - Victim node is 164.
2024-06-28 09:13:50,317 - tensor([2499, 3240, 7918], device='cuda:0')
2024-06-28 09:13:50,318 - Classification Succeeds.
2024-06-28 09:13:50,318 - Link Generation Fails.
2024-06-28 09:27:53,505 - Victim node is 5339.
2024-06-28 09:27:53,505 - tensor([4528, 8140, 8210], device='cuda:0')
2024-06-28 09:27:53,506 - Classification Fails.
2024-06-28 09:27:53,506 - Link Generation Fails.
2024-06-28 09:42:20,835 - Victim node is 13598.
2024-06-28 09:42:20,835 - tensor([ 8140,  8210, 12888], device='cuda:0')
2024-06-28 09:42:20,835 - Classification Succeeds.
2024-06-28 09:42:20,836 - Link Generation Fails.
2024-06-28 09:59:31,143 - Victim node is 4944.
2024-06-28 09:59:31,143 - tensor([13752, 13753, 13754], device='cuda:0')
2024-06-28 09:59:31,146 - Classification Fails.
2024-06-28 09:59:31,149 - Link Generation Succeeds.
2024-06-28 10:13:29,159 - Victim node is 6709.
2024-06-28 10:13:29,159 - tensor([13753, 13755, 13756], device='cuda:0')
2024-06-28 10:13:29,160 - Classification Fails.
2024-06-28 10:13:29,160 - Link Generation Succeeds.
2024-06-28 10:27:35,855 - Victim node is 223.
2024-06-28 10:27:35,856 - tensor([13752, 13753, 13754], device='cuda:0')
2024-06-28 10:27:35,856 - Classification Succeeds.
2024-06-28 10:27:35,856 - Link Generation Succeeds.
2024-06-28 10:41:38,644 - Victim node is 9625.
2024-06-28 10:41:38,644 - tensor([4528, 8140, 8210], device='cuda:0')
2024-06-28 10:41:38,644 - Classification Succeeds.
2024-06-28 10:41:38,644 - Link Generation Fails.
2024-06-28 10:55:50,475 - Victim node is 7553.
2024-06-28 10:55:50,475 - tensor([4528, 8140, 8210], device='cuda:0')
2024-06-28 10:55:50,482 - Classification Succeeds.
2024-06-28 10:55:50,484 - Link Generation Fails.
2024-06-28 11:09:49,249 - Victim node is 7241.
2024-06-28 11:09:49,249 - tensor([ 7742,  8140, 12888], device='cuda:0')
2024-06-28 11:09:49,249 - Classification Succeeds.
2024-06-28 11:09:49,249 - Link Generation Fails.
2024-06-28 11:23:48,807 - Victim node is 7588.
2024-06-28 11:23:48,807 - tensor([ 8140,  8210, 12888], device='cuda:0')
2024-06-28 11:23:48,807 - Classification Fails.
2024-06-28 11:23:48,807 - Link Generation Fails.
2024-06-28 11:39:16,817 - Victim node is 10730.
2024-06-28 11:39:16,817 - tensor([ 8140,  8210, 12888], device='cuda:0')
2024-06-28 11:39:16,824 - Classification Fails.
2024-06-28 11:39:16,826 - Link Generation Fails.
2024-06-28 11:53:11,025 - Victim node is 5250.
2024-06-28 11:53:11,026 - tensor([ 590, 1524, 2138], device='cuda:0')
2024-06-28 11:53:11,032 - Classification Succeeds.
2024-06-28 11:53:11,034 - Link Generation Fails.
2024-06-28 12:07:17,726 - Victim node is 1417.
2024-06-28 12:07:17,726 - tensor([ 8140,  8210, 12888], device='cuda:0')
2024-06-28 12:07:17,726 - Classification Succeeds.
2024-06-28 12:07:17,726 - Link Generation Fails.
2024-06-28 12:21:45,005 - Victim node is 8567.
2024-06-28 12:21:45,006 - tensor([13752, 13753, 13754], device='cuda:0')
2024-06-28 12:21:45,006 - Classification Fails.
2024-06-28 12:21:45,006 - Link Generation Succeeds.
2024-06-28 12:35:50,644 - Victim node is 6025.
2024-06-28 12:35:50,644 - tensor([ 4528,  8210, 12888], device='cuda:0')
2024-06-28 12:35:50,651 - Classification Succeeds.
2024-06-28 12:35:50,653 - Link Generation Fails.
2024-06-28 12:49:43,883 - Victim node is 9137.
2024-06-28 12:49:43,883 - tensor([ 872, 7984, 8140], device='cuda:0')
2024-06-28 12:49:43,888 - Classification Succeeds.
2024-06-28 12:49:43,890 - Link Generation Fails.
2024-06-28 13:06:57,520 - Victim node is 5875.
2024-06-28 13:06:57,520 - tensor([ 872, 4135, 7984], device='cuda:0')
2024-06-28 13:06:57,527 - Classification Succeeds.
2024-06-28 13:06:57,529 - Link Generation Fails.
2024-06-28 13:21:02,278 - Victim node is 4764.
2024-06-28 13:21:02,278 - tensor([  904,  8140, 12888], device='cuda:0')
2024-06-28 13:21:02,283 - Classification Fails.
2024-06-28 13:21:02,286 - Link Generation Fails.
2024-06-28 13:34:52,759 - Victim node is 11998.
2024-06-28 13:34:52,759 - tensor([13752, 13753, 13754], device='cuda:0')
2024-06-28 13:34:52,760 - Classification Succeeds.
2024-06-28 13:34:52,760 - Link Generation Succeeds.
2024-06-28 13:48:48,832 - Victim node is 13172.
2024-06-28 13:48:48,832 - tensor([ 8140,  8210, 12888], device='cuda:0')
2024-06-28 13:48:48,832 - Classification Succeeds.
2024-06-28 13:48:48,832 - Link Generation Fails.
2024-06-28 14:02:43,037 - Victim node is 3594.
2024-06-28 14:02:43,037 - tensor([ 8140,  8210, 12888], device='cuda:0')
2024-06-28 14:02:43,037 - Classification Succeeds.
2024-06-28 14:02:43,037 - Link Generation Fails.
2024-06-28 14:16:35,368 - Victim node is 2803.
2024-06-28 14:16:35,368 - tensor([13752, 13753, 13754], device='cuda:0')
2024-06-28 14:16:35,368 - Classification Fails.
2024-06-28 14:16:35,369 - Link Generation Succeeds.
2024-06-28 14:30:25,628 - Victim node is 13057.
2024-06-28 14:30:25,629 - tensor([ 2499, 10699, 12320], device='cuda:0')
2024-06-28 14:30:25,635 - Classification Fails.
2024-06-28 14:30:25,638 - Link Generation Fails.
2024-06-28 14:44:30,376 - Victim node is 10550.
2024-06-28 14:44:30,376 - tensor([ 1524, 12888, 13752], device='cuda:0')
2024-06-28 14:44:30,376 - Classification Succeeds.
2024-06-28 14:44:30,376 - Link Generation Succeeds.
2024-06-28 14:58:22,577 - Victim node is 9042.
2024-06-28 14:58:22,577 - tensor([13752, 13753, 13754], device='cuda:0')
2024-06-28 14:58:22,580 - Classification Succeeds.
2024-06-28 14:58:22,582 - Link Generation Succeeds.
2024-06-28 15:12:15,824 - Victim node is 12448.
2024-06-28 15:12:15,824 - tensor([1607, 7918, 8435], device='cuda:0')
2024-06-28 15:12:15,824 - Classification Succeeds.
2024-06-28 15:12:15,824 - Link Generation Fails.
2024-06-28 15:26:09,640 - Victim node is 973.
2024-06-28 15:26:09,640 - tensor([13752, 13753, 13754], device='cuda:0')
2024-06-28 15:26:09,641 - Classification Succeeds.
2024-06-28 15:26:09,641 - Link Generation Succeeds.
2024-06-28 15:40:07,913 - Victim node is 8964.
2024-06-28 15:40:07,914 - tensor([ 4528,  8210, 12888], device='cuda:0')
2024-06-28 15:40:07,914 - Classification Fails.
2024-06-28 15:40:07,914 - Link Generation Fails.
2024-06-28 15:54:01,247 - Victim node is 4418.
2024-06-28 15:54:01,247 - tensor([13752, 13753, 13754], device='cuda:0')
2024-06-28 15:54:01,247 - Classification Succeeds.
2024-06-28 15:54:01,247 - Link Generation Succeeds.
2024-06-28 16:07:54,023 - Victim node is 5239.
2024-06-28 16:07:54,023 - tensor([ 8140,  8210, 12888], device='cuda:0')
2024-06-28 16:07:54,023 - Classification Fails.
2024-06-28 16:07:54,023 - Link Generation Fails.
2024-06-28 16:21:49,500 - Victim node is 4438.
2024-06-28 16:21:49,501 - tensor([ 8140,  8210, 12888], device='cuda:0')
2024-06-28 16:21:49,501 - Classification Succeeds.
2024-06-28 16:21:49,501 - Link Generation Fails.
2024-06-28 16:35:41,176 - Victim node is 11534.
2024-06-28 16:35:41,176 - tensor([ 1524,  7984, 12888], device='cuda:0')
2024-06-28 16:35:41,177 - Classification Succeeds.
2024-06-28 16:35:41,177 - Link Generation Fails.
2024-06-28 16:49:31,793 - Victim node is 4408.
2024-06-28 16:49:31,793 - tensor([ 1524,  4528, 12888], device='cuda:0')
2024-06-28 16:49:31,800 - Classification Succeeds.
2024-06-28 16:49:31,802 - Link Generation Fails.
2024-06-28 17:03:22,282 - Victim node is 1062.
2024-06-28 17:03:22,283 - tensor([ 1524,  8210, 12888], device='cuda:0')
2024-06-28 17:03:22,287 - Classification Succeeds.
2024-06-28 17:03:22,288 - Link Generation Fails.
2024-06-28 17:18:33,058 - Victim node is 9853.
2024-06-28 17:18:33,058 - tensor([ 8140,  8210, 12888], device='cuda:0')
2024-06-28 17:18:33,058 - Classification Succeeds.
2024-06-28 17:18:33,058 - Link Generation Fails.
2024-06-28 17:32:29,480 - Victim node is 2542.
2024-06-28 17:32:29,480 - tensor([ 4528,  8140, 12888], device='cuda:0')
2024-06-28 17:32:29,481 - Classification Succeeds.
2024-06-28 17:32:29,481 - Link Generation Fails.
2024-06-28 17:46:22,097 - Victim node is 9343.
2024-06-28 17:46:22,097 - tensor([  904,  2026, 11759], device='cuda:0')
2024-06-28 17:46:22,097 - Classification Succeeds.
2024-06-28 17:46:22,097 - Link Generation Fails.
2024-06-28 18:00:24,100 - Victim node is 969.
2024-06-28 18:00:24,100 - tensor([13752, 13753, 13754], device='cuda:0')
2024-06-28 18:00:24,100 - Classification Fails.
2024-06-28 18:00:24,100 - Link Generation Succeeds.
2024-06-28 18:14:13,306 - Victim node is 401.
2024-06-28 18:14:13,306 - tensor([ 872, 1524, 4135], device='cuda:0')
2024-06-28 18:14:13,307 - Classification Fails.
2024-06-28 18:14:13,307 - Link Generation Fails.
2024-06-28 18:28:05,748 - Victim node is 6957.
2024-06-28 18:28:05,748 - tensor([ 8140,  8210, 12888], device='cuda:0')
2024-06-28 18:28:05,749 - Classification Succeeds.
2024-06-28 18:28:05,749 - Link Generation Fails.
2024-06-28 18:41:54,860 - Victim node is 5760.
2024-06-28 18:41:54,860 - tensor([13752, 13753, 13754], device='cuda:0')
2024-06-28 18:41:54,860 - Classification Fails.
2024-06-28 18:41:54,860 - Link Generation Succeeds.
2024-06-28 18:55:48,239 - Victim node is 12986.
2024-06-28 18:55:48,239 - tensor([ 4528,  8210, 12888], device='cuda:0')
2024-06-28 18:55:48,239 - Classification Succeeds.
2024-06-28 18:55:48,242 - Link Generation Fails.
2024-06-28 19:09:36,886 - Victim node is 3330.
2024-06-28 19:09:36,886 - tensor([13752, 13753, 13754], device='cuda:0')
2024-06-28 19:09:36,887 - Classification Fails.
2024-06-28 19:09:36,887 - Link Generation Succeeds.
2024-06-28 19:23:28,956 - Victim node is 1297.
2024-06-28 19:23:28,956 - tensor([13752, 13753, 13754], device='cuda:0')
2024-06-28 19:23:28,956 - Classification Succeeds.
2024-06-28 19:23:28,957 - Link Generation Succeeds.
2024-06-28 19:37:22,387 - Victim node is 6494.
2024-06-28 19:37:22,387 - tensor([4528, 8140, 8210], device='cuda:0')
2024-06-28 19:37:22,387 - Classification Succeeds.
2024-06-28 19:37:22,387 - Link Generation Fails.
2024-06-28 19:51:12,740 - Victim node is 782.
2024-06-28 19:51:12,740 - tensor([ 4528,  8140, 12888], device='cuda:0')
2024-06-28 19:51:12,744 - Classification Fails.
2024-06-28 19:51:12,744 - Link Generation Fails.
2024-06-28 20:05:06,604 - Victim node is 885.
2024-06-28 20:05:06,604 - tensor([  872,  3452, 12888], device='cuda:0')
2024-06-28 20:05:06,611 - Classification Succeeds.
2024-06-28 20:05:06,613 - Link Generation Fails.
2024-06-28 20:19:03,029 - Victim node is 3071.
2024-06-28 20:19:03,029 - tensor([ 8210, 13755, 13756], device='cuda:0')
2024-06-28 20:19:03,030 - Classification Fails.
2024-06-28 20:19:03,030 - Link Generation Succeeds.
2024-06-28 20:34:13,236 - Victim node is 6866.
2024-06-28 20:34:13,236 - tensor([1538, 2499, 2883], device='cuda:0')
2024-06-28 20:34:13,243 - Classification Fails.
2024-06-28 20:34:13,246 - Link Generation Fails.
2024-06-28 20:48:16,646 - Victim node is 12957.
2024-06-28 20:48:16,647 - tensor([13752, 13753, 13754], device='cuda:0')
2024-06-28 20:48:16,647 - Classification Fails.
2024-06-28 20:48:16,647 - Link Generation Succeeds.
2024-06-28 21:02:16,696 - Victim node is 297.
2024-06-28 21:02:16,697 - tensor([13752, 13753, 13754], device='cuda:0')
2024-06-28 21:02:16,697 - Classification Fails.
2024-06-28 21:02:16,697 - Link Generation Succeeds.
2024-06-28 21:16:09,281 - Victim node is 13313.
2024-06-28 21:16:09,281 - tensor([ 904, 1607, 8435], device='cuda:0')
2024-06-28 21:16:09,281 - Classification Fails.
2024-06-28 21:16:09,281 - Link Generation Fails.
2024-06-28 21:30:01,905 - Victim node is 522.
2024-06-28 21:30:01,905 - tensor([ 8140,  8210, 12888], device='cuda:0')
2024-06-28 21:30:01,905 - Classification Succeeds.
2024-06-28 21:30:01,905 - Link Generation Fails.
2024-06-28 21:43:57,986 - Victim node is 768.
2024-06-28 21:43:57,987 - tensor([13752, 13753, 13754], device='cuda:0')
2024-06-28 21:43:57,991 - Classification Fails.
2024-06-28 21:43:57,994 - Link Generation Succeeds.
2024-06-28 21:58:28,353 - Victim node is 13553.
2024-06-28 21:58:28,353 - tensor([4862, 7742, 9772], device='cuda:0')
2024-06-28 21:58:28,353 - Classification Succeeds.
2024-06-28 21:58:28,354 - Link Generation Fails.
2024-06-28 22:12:24,514 - Victim node is 12620.
2024-06-28 22:12:24,515 - tensor([ 4528,  8210, 12888], device='cuda:0')
2024-06-28 22:12:24,515 - Classification Succeeds.
2024-06-28 22:12:24,515 - Link Generation Fails.
2024-06-28 22:26:19,850 - Victim node is 3408.
2024-06-28 22:26:19,850 - tensor([ 8140,  8210, 12888], device='cuda:0')
2024-06-28 22:26:19,850 - Classification Fails.
2024-06-28 22:26:19,850 - Link Generation Fails.
2024-06-28 22:40:11,836 - Victim node is 13036.
2024-06-28 22:40:11,836 - tensor([ 1524,  4528, 12888], device='cuda:0')
2024-06-28 22:40:11,836 - Classification Succeeds.
2024-06-28 22:40:11,836 - Link Generation Fails.
2024-06-28 22:54:24,489 - Victim node is 1299.
2024-06-28 22:54:24,489 - tensor([13752, 13753, 13754], device='cuda:0')
2024-06-28 22:54:24,490 - Classification Fails.
2024-06-28 22:54:24,490 - Link Generation Succeeds.
2024-06-28 23:08:19,126 - Victim node is 3393.
2024-06-28 23:08:19,126 - tensor([1524, 4528, 8140], device='cuda:0')
2024-06-28 23:08:19,126 - Classification Succeeds.
2024-06-28 23:08:19,127 - Link Generation Fails.
2024-06-28 23:22:12,870 - Victim node is 12268.
2024-06-28 23:22:12,870 - tensor([13752, 13753, 13754], device='cuda:0')
2024-06-28 23:22:12,870 - Classification Succeeds.
2024-06-28 23:22:12,870 - Link Generation Succeeds.
2024-06-28 23:36:08,778 - Victim node is 892.
2024-06-28 23:36:08,779 - tensor([ 7984,  9915, 10610], device='cuda:0')
2024-06-28 23:36:08,785 - Classification Succeeds.
2024-06-28 23:36:08,788 - Link Generation Fails.
2024-06-28 23:50:05,815 - Victim node is 11778.
2024-06-28 23:50:05,815 - tensor([13752, 13754, 13756], device='cuda:0')
2024-06-28 23:50:05,815 - Classification Fails.
2024-06-28 23:50:05,815 - Link Generation Succeeds.
2024-06-29 00:04:00,584 - Victim node is 10659.
2024-06-29 00:04:00,584 - tensor([ 1538,  7918, 12320], device='cuda:0')
2024-06-29 00:04:00,585 - Classification Succeeds.
2024-06-29 00:04:00,585 - Link Generation Fails.
2024-06-29 00:17:58,367 - Victim node is 7951.
2024-06-29 00:17:58,368 - tensor([13752, 13753, 13754], device='cuda:0')
2024-06-29 00:17:58,374 - Classification Succeeds.
2024-06-29 00:17:58,377 - Link Generation Succeeds.
2024-06-29 00:32:34,366 - Victim node is 11521.
2024-06-29 00:32:34,367 - tensor([ 1524,  7984, 12888], device='cuda:0')
2024-06-29 00:32:34,367 - Classification Succeeds.
2024-06-29 00:32:34,367 - Link Generation Fails.
2024-06-29 00:46:24,132 - Victim node is 1970.
2024-06-29 00:46:24,132 - tensor([ 2499,  3555, 12320], device='cuda:0')
2024-06-29 00:46:24,132 - Classification Fails.
2024-06-29 00:46:24,133 - Link Generation Fails.
2024-06-29 01:01:53,991 - Victim node is 6148.
2024-06-29 01:01:53,991 - tensor([13752, 13753, 13754], device='cuda:0')
2024-06-29 01:01:53,992 - Classification Fails.
2024-06-29 01:01:53,994 - Link Generation Succeeds.
2024-06-29 01:16:24,544 - Victim node is 11774.
2024-06-29 01:16:24,544 - tensor([3452, 4135, 8140], device='cuda:0')
2024-06-29 01:16:24,545 - Classification Succeeds.
2024-06-29 01:16:24,545 - Link Generation Fails.
2024-06-29 01:30:19,072 - Victim node is 1144.
2024-06-29 01:30:19,073 - tensor([ 4528,  8210, 12888], device='cuda:0')
2024-06-29 01:30:19,073 - Classification Fails.
2024-06-29 01:30:19,073 - Link Generation Fails.
2024-06-29 01:44:13,487 - Victim node is 8368.
2024-06-29 01:44:13,488 - tensor([13752, 13753, 13754], device='cuda:0')
2024-06-29 01:44:13,488 - Classification Succeeds.
2024-06-29 01:44:13,488 - Link Generation Succeeds.
2024-06-29 01:58:05,549 - Victim node is 4838.
2024-06-29 01:58:05,549 - tensor([13753, 13755, 13756], device='cuda:0')
2024-06-29 01:58:05,550 - Classification Succeeds.
2024-06-29 01:58:05,550 - Link Generation Succeeds.
2024-06-29 02:12:01,289 - Victim node is 9378.
2024-06-29 02:12:01,290 - tensor([  904,  8140, 12888], device='cuda:0')
2024-06-29 02:12:01,290 - Classification Fails.
2024-06-29 02:12:01,290 - Link Generation Fails.
2024-06-29 02:25:56,764 - Victim node is 1782.
2024-06-29 02:25:56,764 - tensor([13752, 13754, 13755], device='cuda:0')
2024-06-29 02:25:56,765 - Classification Fails.
2024-06-29 02:25:56,765 - Link Generation Succeeds.
2024-06-29 02:39:48,489 - Victim node is 4630.
2024-06-29 02:39:48,489 - tensor([1524, 3452, 9251], device='cuda:0')
2024-06-29 02:39:48,489 - Classification Succeeds.
2024-06-29 02:39:48,489 - Link Generation Fails.
2024-06-29 02:53:39,522 - Victim node is 12807.
2024-06-29 02:53:39,523 - tensor([4528, 8140, 8210], device='cuda:0')
2024-06-29 02:53:39,523 - Classification Fails.
2024-06-29 02:53:39,523 - Link Generation Fails.
2024-06-29 03:07:35,454 - Victim node is 10940.
2024-06-29 03:07:35,454 - tensor([ 1538,  7918, 11961], device='cuda:0')
2024-06-29 03:07:35,455 - Classification Fails.
2024-06-29 03:07:35,455 - Link Generation Fails.
2024-06-29 03:21:26,335 - Victim node is 3106.
2024-06-29 03:21:26,336 - tensor([ 1538,  7918, 12320], device='cuda:0')
2024-06-29 03:21:26,336 - Classification Fails.
2024-06-29 03:21:26,336 - Link Generation Fails.
2024-06-29 03:35:20,110 - Victim node is 12548.
2024-06-29 03:35:20,111 - tensor([13752, 13753, 13754], device='cuda:0')
2024-06-29 03:35:20,111 - Classification Succeeds.
2024-06-29 03:35:20,111 - Link Generation Succeeds.
2024-06-29 03:49:17,609 - Victim node is 9683.
2024-06-29 03:49:17,609 - tensor([13752, 13755, 13756], device='cuda:0')
2024-06-29 03:49:17,609 - Classification Succeeds.
2024-06-29 03:49:17,609 - Link Generation Succeeds.
2024-06-29 04:03:09,172 - Victim node is 1139.
2024-06-29 04:03:09,172 - tensor([8140, 9251, 9915], device='cuda:0')
2024-06-29 04:03:09,173 - Classification Succeeds.
2024-06-29 04:03:09,173 - Link Generation Fails.
2024-06-29 04:17:01,665 - Victim node is 6381.
2024-06-29 04:17:01,665 - tensor([1607, 7918, 8435], device='cuda:0')
2024-06-29 04:17:01,665 - Classification Fails.
2024-06-29 04:17:01,665 - Link Generation Fails.
2024-06-29 04:31:31,840 - Victim node is 3028.
2024-06-29 04:31:31,840 - tensor([1524, 4528, 8210], device='cuda:0')
2024-06-29 04:31:31,847 - Classification Succeeds.
2024-06-29 04:31:31,849 - Link Generation Fails.
2024-06-29 04:45:34,300 - Victim node is 2050.
2024-06-29 04:45:34,300 - tensor([ 8140,  8210, 12888], device='cuda:0')
2024-06-29 04:45:34,300 - Classification Succeeds.
2024-06-29 04:45:34,300 - Link Generation Fails.
2024-06-29 04:59:26,438 - Victim node is 7649.
2024-06-29 04:59:26,438 - tensor([ 8140,  9772, 12888], device='cuda:0')
2024-06-29 04:59:26,438 - Classification Fails.
2024-06-29 04:59:26,438 - Link Generation Fails.
2024-06-29 05:14:53,849 - Victim node is 4448.
2024-06-29 05:14:53,849 - tensor([ 904, 1607, 8435], device='cuda:0')
2024-06-29 05:14:53,850 - Classification Fails.
2024-06-29 05:14:53,850 - Link Generation Fails.
2024-06-29 05:29:53,929 - Victim node is 4966.
2024-06-29 05:29:53,929 - tensor([ 8140,  8210, 12888], device='cuda:0')
2024-06-29 05:29:53,930 - Classification Succeeds.
2024-06-29 05:29:53,930 - Link Generation Fails.
2024-06-29 05:43:51,833 - Victim node is 4655.
2024-06-29 05:43:51,834 - tensor([ 8140,  8210, 12888], device='cuda:0')
2024-06-29 05:43:51,834 - Classification Succeeds.
2024-06-29 05:43:51,834 - Link Generation Fails.
2024-06-29 05:57:52,778 - Victim node is 12442.
2024-06-29 05:57:52,779 - tensor([ 4528, 12888, 13755], device='cuda:0')
2024-06-29 05:57:52,779 - Classification Succeeds.
2024-06-29 05:57:52,779 - Link Generation Succeeds.
2024-06-29 06:11:46,533 - Victim node is 4971.
2024-06-29 06:11:46,533 - tensor([13752, 13753, 13754], device='cuda:0')
2024-06-29 06:11:46,538 - Classification Succeeds.
2024-06-29 06:11:46,540 - Link Generation Succeeds.
2024-06-29 06:26:38,154 - Victim node is 13021.
2024-06-29 06:26:38,155 - tensor([ 1524,  8140, 12888], device='cuda:0')
2024-06-29 06:26:38,160 - Classification Succeeds.
2024-06-29 06:26:38,161 - Link Generation Fails.
2024-06-29 06:40:36,075 - Victim node is 9135.
2024-06-29 06:40:36,075 - tensor([13752, 13754, 13756], device='cuda:0')
2024-06-29 06:40:36,075 - Classification Fails.
2024-06-29 06:40:36,075 - Link Generation Succeeds.
2024-06-29 06:55:30,546 - Victim node is 1314.
2024-06-29 06:55:30,546 - tensor([4528, 7984, 9915], device='cuda:0')
2024-06-29 06:55:30,546 - Classification Succeeds.
2024-06-29 06:55:30,546 - Link Generation Fails.
2024-06-29 07:09:24,450 - Victim node is 10521.
2024-06-29 07:09:24,450 - tensor([  904,  1781, 11759], device='cuda:0')
2024-06-29 07:09:24,450 - Classification Fails.
2024-06-29 07:09:24,450 - Link Generation Fails.
2024-06-29 07:23:15,972 - Victim node is 8518.
2024-06-29 07:23:15,972 - tensor([1524, 4528, 9915], device='cuda:0')
2024-06-29 07:23:15,978 - Classification Succeeds.
2024-06-29 07:23:15,978 - Link Generation Fails.
2024-06-29 07:37:11,086 - Victim node is 4373.
2024-06-29 07:37:11,086 - tensor([1524, 4135, 9915], device='cuda:0')
2024-06-29 07:37:11,087 - Classification Succeeds.
2024-06-29 07:37:11,087 - Link Generation Fails.
2024-06-29 07:51:09,530 - Victim node is 1316.
2024-06-29 07:51:09,530 - tensor([ 8140,  8210, 12888], device='cuda:0')
2024-06-29 07:51:09,530 - Classification Fails.
2024-06-29 07:51:09,530 - Link Generation Fails.
2024-06-29 08:05:03,081 - Victim node is 4824.
2024-06-29 08:05:03,081 - tensor([13752, 13753, 13754], device='cuda:0')
2024-06-29 08:05:03,082 - Classification Succeeds.
2024-06-29 08:05:03,082 - Link Generation Succeeds.
2024-06-29 08:18:53,557 - Victim node is 13099.
2024-06-29 08:18:53,558 - tensor([13752, 13753, 13754], device='cuda:0')
2024-06-29 08:18:53,558 - Classification Fails.
2024-06-29 08:18:53,558 - Link Generation Succeeds.
2024-06-29 08:32:45,224 - Victim node is 6027.
2024-06-29 08:32:45,224 - tensor([13752, 13753, 13754], device='cuda:0')
2024-06-29 08:32:45,229 - Classification Fails.
2024-06-29 08:32:45,231 - Link Generation Succeeds.
2024-06-29 08:46:40,636 - Victim node is 2630.
2024-06-29 08:46:40,636 - tensor([ 8210, 12888, 13756], device='cuda:0')
2024-06-29 08:46:40,642 - Classification Fails.
2024-06-29 08:46:40,642 - Link Generation Succeeds.
2024-06-29 09:03:38,055 - Victim node is 1234.
2024-06-29 09:03:38,055 - tensor([1607, 7918, 8435], device='cuda:0')
2024-06-29 09:03:38,055 - Classification Fails.
2024-06-29 09:03:38,055 - Link Generation Fails.
2024-06-29 09:17:49,889 - Victim node is 3971.
2024-06-29 09:17:49,889 - tensor([ 1524,  7984, 12888], device='cuda:0')
2024-06-29 09:17:49,889 - Classification Succeeds.
2024-06-29 09:17:49,889 - Link Generation Fails.
2024-06-29 09:31:42,197 - Victim node is 12654.
2024-06-29 09:31:42,197 - tensor([13752, 13753, 13754], device='cuda:0')
2024-06-29 09:31:42,197 - Classification Succeeds.
2024-06-29 09:31:42,197 - Link Generation Succeeds.
2024-06-29 09:45:33,529 - Victim node is 10134.
2024-06-29 09:45:33,529 - tensor([13752, 13753, 13754], device='cuda:0')
2024-06-29 09:45:33,530 - Classification Succeeds.
2024-06-29 09:45:33,530 - Link Generation Succeeds.
2024-06-29 09:59:23,564 - Victim node is 6895.
2024-06-29 09:59:23,564 - tensor([ 904, 4862, 7742], device='cuda:0')
2024-06-29 09:59:23,564 - Classification Fails.
2024-06-29 09:59:23,564 - Link Generation Fails.
2024-06-29 10:13:24,788 - Victim node is 1493.
2024-06-29 10:13:24,788 - tensor([4528, 8140, 8210], device='cuda:0')
2024-06-29 10:13:24,788 - Classification Fails.
2024-06-29 10:13:24,789 - Link Generation Fails.
2024-06-29 10:27:18,411 - Victim node is 4070.
2024-06-29 10:27:18,412 - tensor([ 8140,  8210, 12888], device='cuda:0')
2024-06-29 10:27:18,412 - Classification Fails.
2024-06-29 10:27:18,412 - Link Generation Fails.
2024-06-29 10:41:11,938 - Victim node is 7910.
2024-06-29 10:41:11,938 - tensor([ 4528,  8210, 12888], device='cuda:0')
2024-06-29 10:41:11,943 - Classification Succeeds.
2024-06-29 10:41:11,943 - Link Generation Fails.
2024-06-29 10:55:03,961 - Victim node is 11141.
2024-06-29 10:55:03,961 - tensor([ 8140,  8210, 12888], device='cuda:0')
2024-06-29 10:55:03,961 - Classification Succeeds.
2024-06-29 10:55:03,962 - Link Generation Fails.
2024-06-29 11:08:57,741 - Victim node is 6439.
2024-06-29 11:08:57,742 - tensor([ 1607,  8435, 11759], device='cuda:0')
2024-06-29 11:08:57,742 - Classification Fails.
2024-06-29 11:08:57,742 - Link Generation Fails.
2024-06-29 11:22:55,029 - Victim node is 6983.
2024-06-29 11:22:55,029 - tensor([13752, 13753, 13754], device='cuda:0')
2024-06-29 11:22:55,030 - Classification Fails.
2024-06-29 11:22:55,030 - Link Generation Succeeds.
2024-06-29 11:36:47,814 - Victim node is 6636.
2024-06-29 11:36:47,814 - tensor([13752, 13753, 13754], device='cuda:0')
2024-06-29 11:36:47,814 - Classification Fails.
2024-06-29 11:36:47,814 - Link Generation Succeeds.
2024-06-29 11:51:19,636 - Victim node is 7947.
2024-06-29 11:51:19,636 - tensor([ 2515,  8210, 13013], device='cuda:0')
2024-06-29 11:51:19,637 - Classification Fails.
2024-06-29 11:51:19,637 - Link Generation Fails.
2024-06-29 12:05:14,881 - Victim node is 1958.
2024-06-29 12:05:14,881 - tensor([13752, 13754, 13755], device='cuda:0')
2024-06-29 12:05:14,883 - Classification Fails.
2024-06-29 12:05:14,886 - Link Generation Succeeds.
2024-06-29 12:19:05,422 - Victim node is 2250.
2024-06-29 12:19:05,422 - tensor([7742, 8140, 9772], device='cuda:0')
2024-06-29 12:19:05,422 - Classification Fails.
2024-06-29 12:19:05,422 - Link Generation Fails.
2024-06-29 12:32:54,978 - Victim node is 5126.
2024-06-29 12:32:54,978 - tensor([13752, 13753, 13754], device='cuda:0')
2024-06-29 12:32:54,978 - Classification Succeeds.
2024-06-29 12:32:54,978 - Link Generation Succeeds.
2024-06-29 12:46:52,289 - Victim node is 242.
2024-06-29 12:46:52,290 - tensor([4135, 7984, 9251], device='cuda:0')
2024-06-29 12:46:52,290 - Classification Succeeds.
2024-06-29 12:46:52,290 - Link Generation Fails.
2024-06-29 13:00:45,797 - Victim node is 6764.
2024-06-29 13:00:45,797 - tensor([ 8140,  8210, 12888], device='cuda:0')
2024-06-29 13:00:45,797 - Classification Fails.
2024-06-29 13:00:45,797 - Link Generation Fails.
2024-06-29 13:14:39,006 - Victim node is 1210.
2024-06-29 13:14:39,006 - tensor([ 4528,  8140, 12888], device='cuda:0')
2024-06-29 13:14:39,006 - Classification Succeeds.
2024-06-29 13:14:39,007 - Link Generation Fails.
2024-06-29 13:28:51,994 - Victim node is 5299.
2024-06-29 13:28:51,995 - tensor([13752, 13753, 13754], device='cuda:0')
2024-06-29 13:28:51,995 - Classification Succeeds.
2024-06-29 13:28:51,995 - Link Generation Succeeds.
2024-06-29 13:42:40,612 - Victim node is 1069.
2024-06-29 13:42:40,613 - tensor([ 2028,  8455, 13013], device='cuda:0')
2024-06-29 13:42:40,613 - Classification Fails.
2024-06-29 13:42:40,613 - Link Generation Fails.
2024-06-29 13:56:38,235 - Victim node is 2706.
2024-06-29 13:56:38,236 - tensor([13753, 13754, 13755], device='cuda:0')
2024-06-29 13:56:38,236 - Classification Fails.
2024-06-29 13:56:38,236 - Link Generation Succeeds.
2024-06-29 14:10:31,387 - Victim node is 5120.
2024-06-29 14:10:31,387 - tensor([ 1524,  8210, 12888], device='cuda:0')
2024-06-29 14:10:31,392 - Classification Fails.
2024-06-29 14:10:31,394 - Link Generation Fails.
2024-06-29 14:24:23,975 - Victim node is 107.
2024-06-29 14:24:23,975 - tensor([ 4528,  8210, 12888], device='cuda:0')
2024-06-29 14:24:23,976 - Classification Succeeds.
2024-06-29 14:24:23,976 - Link Generation Fails.
2024-06-29 14:38:31,265 - Victim node is 9237.
2024-06-29 14:38:31,265 - tensor([ 4528,  8140, 12888], device='cuda:0')
2024-06-29 14:38:31,265 - Classification Succeeds.
2024-06-29 14:38:31,266 - Link Generation Fails.
2024-06-29 14:52:38,447 - Victim node is 10034.
2024-06-29 14:52:38,447 - tensor([13752, 13753, 13754], device='cuda:0')
2024-06-29 14:52:38,447 - Classification Fails.
2024-06-29 14:52:38,447 - Link Generation Succeeds.
2024-06-29 15:06:32,897 - Victim node is 2126.
2024-06-29 15:06:32,897 - tensor([ 8140,  8210, 12888], device='cuda:0')
2024-06-29 15:06:32,898 - Classification Succeeds.
2024-06-29 15:06:32,898 - Link Generation Fails.
2024-06-29 15:20:30,467 - Victim node is 9753.
2024-06-29 15:20:30,467 - tensor([13752, 13755, 13756], device='cuda:0')
2024-06-29 15:20:30,467 - Classification Succeeds.
2024-06-29 15:20:30,468 - Link Generation Succeeds.
2024-06-29 15:35:58,047 - Victim node is 12668.
2024-06-29 15:35:58,048 - tensor([  904,  7918, 10148], device='cuda:0')
2024-06-29 15:35:58,054 - Classification Fails.
2024-06-29 15:35:58,057 - Link Generation Fails.
2024-06-29 15:51:19,023 - Victim node is 3502.
2024-06-29 15:51:19,024 - tensor([ 8140,  8210, 12888], device='cuda:0')
2024-06-29 15:51:19,024 - Classification Fails.
2024-06-29 15:51:19,024 - Link Generation Fails.
2024-06-29 16:05:17,707 - Victim node is 9114.
2024-06-29 16:05:17,708 - tensor([13752, 13755, 13756], device='cuda:0')
2024-06-29 16:05:17,708 - Classification Succeeds.
2024-06-29 16:05:17,708 - Link Generation Succeeds.
2024-06-29 16:19:13,330 - Victim node is 13525.
2024-06-29 16:19:13,331 - tensor([13754, 13755, 13756], device='cuda:0')
2024-06-29 16:19:13,331 - Classification Succeeds.
2024-06-29 16:19:13,331 - Link Generation Succeeds.
2024-06-29 16:33:06,491 - Victim node is 10978.
2024-06-29 16:33:06,491 - tensor([13754, 13755, 13756], device='cuda:0')
2024-06-29 16:33:06,492 - Classification Succeeds.
2024-06-29 16:33:06,492 - Link Generation Succeeds.
2024-06-29 16:47:13,034 - Victim node is 2257.
2024-06-29 16:47:13,034 - tensor([ 4528,  8210, 12888], device='cuda:0')
2024-06-29 16:47:13,034 - Classification Succeeds.
2024-06-29 16:47:13,034 - Link Generation Fails.
2024-06-29 17:01:08,467 - Victim node is 10124.
2024-06-29 17:01:08,467 - tensor([ 8140,  8210, 12888], device='cuda:0')
2024-06-29 17:01:08,467 - Classification Succeeds.
2024-06-29 17:01:08,467 - Link Generation Fails.
2024-06-29 17:15:05,259 - Victim node is 9607.
2024-06-29 17:15:05,259 - tensor([4528, 8140, 8210], device='cuda:0')
2024-06-29 17:15:05,266 - Classification Succeeds.
2024-06-29 17:15:05,268 - Link Generation Fails.
2024-06-29 17:29:00,437 - Victim node is 4188.
2024-06-29 17:29:00,437 - tensor([13752, 13753, 13754], device='cuda:0')
2024-06-29 17:29:00,437 - Classification Fails.
2024-06-29 17:29:00,437 - Link Generation Succeeds.
2024-06-29 17:43:22,917 - Victim node is 6892.
2024-06-29 17:43:22,918 - tensor([4528, 8140, 8210], device='cuda:0')
2024-06-29 17:43:22,918 - Classification Succeeds.
2024-06-29 17:43:22,918 - Link Generation Fails.
2024-06-29 17:57:16,845 - Victim node is 8777.
2024-06-29 17:57:16,845 - tensor([ 8140,  8210, 12888], device='cuda:0')
2024-06-29 17:57:16,845 - Classification Succeeds.
2024-06-29 17:57:16,846 - Link Generation Fails.
2024-06-29 18:11:48,932 - Victim node is 13104.
2024-06-29 18:11:48,932 - tensor([13753, 13754, 13755], device='cuda:0')
2024-06-29 18:11:48,933 - Classification Fails.
2024-06-29 18:11:48,933 - Link Generation Succeeds.
2024-06-29 18:25:45,694 - Victim node is 9194.
2024-06-29 18:25:45,694 - tensor([ 904, 1607, 8435], device='cuda:0')
2024-06-29 18:25:45,694 - Classification Fails.
2024-06-29 18:25:45,694 - Link Generation Fails.
2024-06-29 18:39:41,670 - Victim node is 8393.
2024-06-29 18:39:41,670 - tensor([  872,  8140, 10610], device='cuda:0')
2024-06-29 18:39:41,671 - Classification Succeeds.
2024-06-29 18:39:41,671 - Link Generation Fails.
2024-06-29 18:53:37,137 - Victim node is 9600.
2024-06-29 18:53:37,137 - tensor([4528, 8140, 8210], device='cuda:0')
2024-06-29 18:53:37,137 - Classification Fails.
2024-06-29 18:53:37,137 - Link Generation Fails.
2024-06-29 19:09:06,717 - Victim node is 8404.
2024-06-29 19:09:06,717 - tensor([1524, 4528, 8210], device='cuda:0')
2024-06-29 19:09:06,724 - Classification Fails.
2024-06-29 19:09:06,726 - Link Generation Fails.
2024-06-29 19:23:18,713 - Victim node is 2398.
2024-06-29 19:23:18,713 - tensor([13754, 13755, 13756], device='cuda:0')
2024-06-29 19:23:18,714 - Classification Succeeds.
2024-06-29 19:23:18,714 - Link Generation Succeeds.
2024-06-29 19:37:12,165 - Victim node is 1056.
2024-06-29 19:37:12,165 - tensor([13752, 13753, 13754], device='cuda:0')
2024-06-29 19:37:12,166 - Classification Succeeds.
2024-06-29 19:37:12,166 - Link Generation Succeeds.
2024-06-29 19:51:13,226 - Victim node is 3641.
2024-06-29 19:51:13,226 - tensor([1524, 4528, 8140], device='cuda:0')
2024-06-29 19:51:13,227 - Classification Succeeds.
2024-06-29 19:51:13,227 - Link Generation Fails.
2024-06-29 20:05:10,072 - Victim node is 8763.
2024-06-29 20:05:10,072 - tensor([1524, 4528, 8210], device='cuda:0')
2024-06-29 20:05:10,079 - Classification Succeeds.
2024-06-29 20:05:10,081 - Link Generation Fails.
2024-06-29 20:19:06,974 - Victim node is 2080.
2024-06-29 20:19:06,974 - tensor([13752, 13753, 13754], device='cuda:0')
2024-06-29 20:19:06,975 - Classification Fails.
2024-06-29 20:19:06,975 - Link Generation Succeeds.
2024-06-29 20:33:34,311 - Victim node is 7872.
2024-06-29 20:33:34,311 - tensor([13752, 13753, 13754], device='cuda:0')
2024-06-29 20:33:34,312 - Classification Succeeds.
2024-06-29 20:33:34,312 - Link Generation Succeeds.
2024-06-29 20:50:51,399 - Victim node is 1335.
2024-06-29 20:50:51,399 - tensor([4528, 8140, 8210], device='cuda:0')
2024-06-29 20:50:51,406 - Classification Succeeds.
2024-06-29 20:50:51,408 - Link Generation Fails.
2024-06-29 21:06:07,413 - Victim node is 4538.
2024-06-29 21:06:07,413 - tensor([ 4528,  8210, 12888], device='cuda:0')
2024-06-29 21:06:07,414 - Classification Fails.
2024-06-29 21:06:07,414 - Link Generation Fails.
2024-06-29 21:20:07,238 - Victim node is 7525.
2024-06-29 21:20:07,238 - tensor([13752, 13753, 13754], device='cuda:0')
2024-06-29 21:20:07,239 - Classification Fails.
2024-06-29 21:20:07,239 - Link Generation Succeeds.
2024-06-29 21:34:06,972 - Victim node is 11641.
2024-06-29 21:34:06,972 - tensor([ 2026,  7742, 12888], device='cuda:0')
2024-06-29 21:34:06,979 - Classification Succeeds.
2024-06-29 21:34:06,981 - Link Generation Fails.
2024-06-29 21:49:04,065 - Victim node is 10625.
2024-06-29 21:49:04,065 - tensor([ 556, 8455, 9659], device='cuda:0')
2024-06-29 21:49:04,065 - Classification Succeeds.
2024-06-29 21:49:04,065 - Link Generation Fails.
2024-06-29 22:04:32,550 - Victim node is 9824.
2024-06-29 22:04:32,550 - tensor([ 4528,  8210, 12888], device='cuda:0')
2024-06-29 22:04:32,550 - Classification Succeeds.
2024-06-29 22:04:32,550 - Link Generation Fails.
2024-06-29 22:18:29,266 - Victim node is 6527.
2024-06-29 22:18:29,266 - tensor([ 4528,  8140, 12888], device='cuda:0')
2024-06-29 22:18:29,266 - Classification Succeeds.
2024-06-29 22:18:29,266 - Link Generation Fails.
2024-06-29 22:32:22,644 - Victim node is 8948.
2024-06-29 22:32:22,644 - tensor([13752, 13753, 13754], device='cuda:0')
2024-06-29 22:32:22,651 - Classification Succeeds.
2024-06-29 22:32:22,652 - Link Generation Succeeds.
2024-06-29 22:46:18,314 - Victim node is 6033.
2024-06-29 22:46:18,314 - tensor([1524, 7984, 8210], device='cuda:0')
2024-06-29 22:46:18,315 - Classification Succeeds.
2024-06-29 22:46:18,315 - Link Generation Fails.
2024-06-29 23:00:17,512 - Victim node is 13720.
2024-06-29 23:00:17,513 - tensor([13752, 13753, 13754], device='cuda:0')
2024-06-29 23:00:17,518 - Classification Fails.
2024-06-29 23:00:17,520 - Link Generation Succeeds.
2024-06-29 23:14:12,926 - Victim node is 11694.
2024-06-29 23:14:12,926 - tensor([ 4528,  8140, 12888], device='cuda:0')
2024-06-29 23:14:12,933 - Classification Succeeds.
2024-06-29 23:14:12,935 - Link Generation Fails.
2024-06-29 23:29:39,622 - Victim node is 11828.
2024-06-29 23:29:39,622 - tensor([ 8140,  8210, 12888], device='cuda:0')
2024-06-29 23:29:39,622 - Classification Succeeds.
2024-06-29 23:29:39,622 - Link Generation Fails.
2024-06-29 23:43:48,744 - Victim node is 9198.
2024-06-29 23:43:48,745 - tensor([1538, 1607, 8435], device='cuda:0')
2024-06-29 23:43:48,745 - Classification Fails.
2024-06-29 23:43:48,745 - Link Generation Fails.
2024-06-29 23:57:42,060 - Victim node is 8369.
2024-06-29 23:57:42,060 - tensor([13752, 13753, 13754], device='cuda:0')
2024-06-29 23:57:42,061 - Classification Fails.
2024-06-29 23:57:42,061 - Link Generation Succeeds.
2024-06-30 00:11:36,306 - Victim node is 9374.
2024-06-30 00:11:36,306 - tensor([ 1781,  7918, 11440], device='cuda:0')
2024-06-30 00:11:36,307 - Classification Fails.
2024-06-30 00:11:36,307 - Link Generation Fails.
2024-06-30 00:25:30,372 - Victim node is 2823.
2024-06-30 00:25:30,372 - tensor([13752, 13753, 13754], device='cuda:0')
2024-06-30 00:25:30,373 - Classification Fails.
2024-06-30 00:25:30,373 - Link Generation Succeeds.
2024-06-30 00:39:24,578 - Victim node is 13652.
2024-06-30 00:39:24,578 - tensor([ 8140,  8210, 12888], device='cuda:0')
2024-06-30 00:39:24,578 - Classification Fails.
2024-06-30 00:39:24,578 - Link Generation Fails.
2024-06-30 00:53:20,864 - Victim node is 6268.
2024-06-30 00:53:20,864 - tensor([1524, 8140, 8210], device='cuda:0')
2024-06-30 00:53:20,864 - Classification Succeeds.
2024-06-30 00:53:20,864 - Link Generation Fails.
2024-06-30 01:07:14,069 - Victim node is 1985.
2024-06-30 01:07:14,069 - tensor([13753, 13754, 13756], device='cuda:0')
2024-06-30 01:07:14,070 - Classification Fails.
2024-06-30 01:07:14,070 - Link Generation Succeeds.
2024-06-30 01:22:30,075 - Victim node is 1194.
2024-06-30 01:22:30,075 - tensor([1538, 1607, 7918], device='cuda:0')
2024-06-30 01:22:30,075 - Classification Succeeds.
2024-06-30 01:22:30,075 - Link Generation Fails.
2024-06-30 01:36:26,878 - Victim node is 11731.
2024-06-30 01:36:26,878 - tensor([13752, 13753, 13754], device='cuda:0')
2024-06-30 01:36:26,879 - Classification Succeeds.
2024-06-30 01:36:26,879 - Link Generation Succeeds.
2024-06-30 01:50:23,743 - Victim node is 2445.
2024-06-30 01:50:23,743 - tensor([ 8140,  8210, 12888], device='cuda:0')
2024-06-30 01:50:23,743 - Classification Fails.
2024-06-30 01:50:23,744 - Link Generation Fails.
2024-06-30 02:04:22,299 - Victim node is 3285.
2024-06-30 02:04:22,299 - tensor([13753, 13754, 13756], device='cuda:0')
2024-06-30 02:04:22,299 - Classification Succeeds.
2024-06-30 02:04:22,299 - Link Generation Succeeds.
2024-06-30 02:19:06,295 - Victim node is 2793.
2024-06-30 02:19:06,296 - tensor([13752, 13753, 13754], device='cuda:0')
2024-06-30 02:19:06,302 - Classification Succeeds.
2024-06-30 02:19:06,305 - Link Generation Succeeds.
2024-06-30 02:36:06,310 - Victim node is 6601.
2024-06-30 02:36:06,311 - tensor([ 8140,  8210, 12888], device='cuda:0')
2024-06-30 02:36:06,313 - Classification Succeeds.
2024-06-30 02:36:06,316 - Link Generation Fails.
2024-06-30 02:51:02,628 - Victim node is 13538.
2024-06-30 02:51:02,628 - tensor([13753, 13754, 13756], device='cuda:0')
2024-06-30 02:51:02,628 - Classification Fails.
2024-06-30 02:51:02,628 - Link Generation Succeeds.
2024-06-30 03:04:56,643 - Victim node is 2703.
2024-06-30 03:04:56,643 - tensor([ 4528,  8210, 12888], device='cuda:0')
2024-06-30 03:04:56,643 - Classification Succeeds.
2024-06-30 03:04:56,643 - Link Generation Fails.
2024-06-30 03:18:53,716 - Victim node is 7547.
2024-06-30 03:18:53,717 - tensor([ 2499, 10699, 12320], device='cuda:0')
2024-06-30 03:18:53,717 - Classification Fails.
2024-06-30 03:18:53,717 - Link Generation Fails.
2024-06-30 03:32:56,410 - Victim node is 7605.
2024-06-30 03:32:56,410 - tensor([1524, 4135, 9251], device='cuda:0')
2024-06-30 03:32:56,410 - Classification Succeeds.
2024-06-30 03:32:56,410 - Link Generation Fails.
2024-06-30 03:46:52,216 - Victim node is 3080.
2024-06-30 03:46:52,216 - tensor([3452, 4135, 9251], device='cuda:0')
2024-06-30 03:46:52,216 - Classification Succeeds.
2024-06-30 03:46:52,216 - Link Generation Fails.
2024-06-30 04:02:23,031 - Victim node is 5041.
2024-06-30 04:02:23,031 - tensor([ 4528,  8140, 12888], device='cuda:0')
2024-06-30 04:02:23,038 - Classification Succeeds.
2024-06-30 04:02:23,040 - Link Generation Fails.
2024-06-30 04:19:24,897 - Victim node is 7506.
2024-06-30 04:19:24,898 - tensor([ 2499,  7918, 12320], device='cuda:0')
2024-06-30 04:19:24,904 - Classification Succeeds.
2024-06-30 04:19:24,907 - Link Generation Fails.
2024-06-30 04:34:52,758 - Victim node is 1256.
2024-06-30 04:34:52,758 - tensor([ 1524,  8210, 12888], device='cuda:0')
2024-06-30 04:34:52,765 - Classification Fails.
2024-06-30 04:34:52,767 - Link Generation Fails.
2024-06-30 04:49:57,557 - Victim node is 12956.
2024-06-30 04:49:57,557 - tensor([2138, 4135, 9251], device='cuda:0')
2024-06-30 04:49:57,557 - Classification Succeeds.
2024-06-30 04:49:57,557 - Link Generation Fails.
2024-06-30 05:03:52,441 - Victim node is 4046.
2024-06-30 05:03:52,441 - tensor([ 8140,  8210, 12888], device='cuda:0')
2024-06-30 05:03:52,441 - Classification Succeeds.
2024-06-30 05:03:52,441 - Link Generation Fails.
2024-06-30 05:17:48,357 - Victim node is 595.
2024-06-30 05:17:48,357 - tensor([ 8140,  8210, 12888], device='cuda:0')
2024-06-30 05:17:48,364 - Classification Succeeds.
2024-06-30 05:17:48,366 - Link Generation Fails.
2024-06-30 05:31:48,450 - Victim node is 6336.
2024-06-30 05:31:48,450 - tensor([ 904, 4316, 7742], device='cuda:0')
2024-06-30 05:31:48,450 - Classification Fails.
2024-06-30 05:31:48,450 - Link Generation Fails.
2024-06-30 05:45:44,705 - Victim node is 5430.
2024-06-30 05:45:44,705 - tensor([13752, 13753, 13754], device='cuda:0')
2024-06-30 05:45:44,705 - Classification Fails.
2024-06-30 05:45:44,705 - Link Generation Succeeds.
2024-06-30 06:01:15,982 - Victim node is 6698.
2024-06-30 06:01:15,983 - tensor([ 8140,  8210, 12888], device='cuda:0')
2024-06-30 06:01:15,989 - Classification Fails.
2024-06-30 06:01:15,992 - Link Generation Fails.
2024-06-30 06:15:31,649 - Victim node is 3156.
2024-06-30 06:15:31,649 - tensor([ 872, 7984, 9915], device='cuda:0')
2024-06-30 06:15:31,649 - Classification Succeeds.
2024-06-30 06:15:31,649 - Link Generation Fails.
2024-06-30 06:29:25,593 - Victim node is 7697.
2024-06-30 06:29:25,593 - tensor([ 8210, 12888, 13755], device='cuda:0')
2024-06-30 06:29:25,600 - Classification Succeeds.
2024-06-30 06:29:25,602 - Link Generation Succeeds.
2024-06-30 06:43:21,413 - Victim node is 12454.
2024-06-30 06:43:21,413 - tensor([13752, 13753, 13755], device='cuda:0')
2024-06-30 06:43:21,420 - Classification Succeeds.
2024-06-30 06:43:21,423 - Link Generation Succeeds.
2024-06-30 06:57:18,747 - Victim node is 13577.
2024-06-30 06:57:18,748 - tensor([ 872, 7984, 8210], device='cuda:0')
2024-06-30 06:57:18,748 - Classification Fails.
2024-06-30 06:57:18,748 - Link Generation Fails.
2024-06-30 07:11:51,951 - Victim node is 4889.
2024-06-30 07:11:51,951 - tensor([13753, 13754, 13755], device='cuda:0')
2024-06-30 07:11:51,951 - Classification Succeeds.
2024-06-30 07:11:51,951 - Link Generation Succeeds.
2024-06-30 07:25:53,512 - Victim node is 12257.
2024-06-30 07:25:53,512 - tensor([ 8140,  8210, 12888], device='cuda:0')
2024-06-30 07:25:53,513 - Classification Succeeds.
2024-06-30 07:25:53,513 - Link Generation Fails.
2024-06-30 07:39:57,275 - Victim node is 3098.
2024-06-30 07:39:57,275 - tensor([ 1524,  4528, 12888], device='cuda:0')
2024-06-30 07:39:57,276 - Classification Succeeds.
2024-06-30 07:39:57,276 - Link Generation Fails.
2024-06-30 07:53:52,226 - Victim node is 346.
2024-06-30 07:53:52,226 - tensor([ 8140,  8210, 12888], device='cuda:0')
2024-06-30 07:53:52,231 - Classification Succeeds.
2024-06-30 07:53:52,233 - Link Generation Fails.
2024-06-30 08:07:51,673 - Victim node is 13585.
2024-06-30 08:07:51,673 - tensor([  904,  2883, 10891], device='cuda:0')
2024-06-30 08:07:51,673 - Classification Fails.
2024-06-30 08:07:51,673 - Link Generation Fails.
2024-06-30 08:21:56,718 - Victim node is 1706.
2024-06-30 08:21:56,718 - tensor([13752, 13753, 13754], device='cuda:0')
2024-06-30 08:21:56,725 - Classification Fails.
2024-06-30 08:21:56,727 - Link Generation Succeeds.
2024-06-30 08:36:46,797 - Victim node is 9898.
2024-06-30 08:36:46,797 - tensor([13752, 13753, 13754], device='cuda:0')
2024-06-30 08:36:46,797 - Classification Fails.
2024-06-30 08:36:46,797 - Link Generation Succeeds.
2024-06-30 08:50:42,450 - Victim node is 5524.
2024-06-30 08:50:42,450 - tensor([4528, 7984, 8140], device='cuda:0')
2024-06-30 08:50:42,457 - Classification Succeeds.
2024-06-30 08:50:42,459 - Link Generation Fails.
2024-06-30 09:04:41,711 - Victim node is 4527.
2024-06-30 09:04:41,711 - tensor([13752, 13753, 13755], device='cuda:0')
2024-06-30 09:04:41,711 - Classification Fails.
2024-06-30 09:04:41,711 - Link Generation Succeeds.
2024-06-30 09:18:37,701 - Victim node is 2924.
2024-06-30 09:18:37,701 - tensor([13752, 13753, 13754], device='cuda:0')
2024-06-30 09:18:37,708 - Classification Fails.
2024-06-30 09:18:37,710 - Link Generation Succeeds.
2024-06-30 09:32:35,470 - Victim node is 11736.
2024-06-30 09:32:35,470 - tensor([ 8140,  8210, 12888], device='cuda:0')
2024-06-30 09:32:35,470 - Classification Succeeds.
2024-06-30 09:32:35,470 - Link Generation Fails.
2024-06-30 09:46:31,044 - Victim node is 2502.
2024-06-30 09:46:31,044 - tensor([ 8140,  8210, 12888], device='cuda:0')
2024-06-30 09:46:31,044 - Classification Succeeds.
2024-06-30 09:46:31,044 - Link Generation Fails.
2024-06-30 10:00:25,598 - Victim node is 10229.
2024-06-30 10:00:25,598 - tensor([4528, 7984, 8140], device='cuda:0')
2024-06-30 10:00:25,598 - Classification Succeeds.
2024-06-30 10:00:25,598 - Link Generation Fails.
2024-06-30 10:14:23,353 - Victim node is 5269.
2024-06-30 10:14:23,353 - tensor([13753, 13754, 13755], device='cuda:0')
2024-06-30 10:14:23,353 - Classification Succeeds.
2024-06-30 10:14:23,354 - Link Generation Succeeds.
2024-06-30 10:28:18,811 - Victim node is 894.
2024-06-30 10:28:18,811 - tensor([13752, 13753, 13754], device='cuda:0')
2024-06-30 10:28:18,811 - Classification Fails.
2024-06-30 10:28:18,811 - Link Generation Succeeds.
2024-06-30 10:42:13,710 - Victim node is 7471.
2024-06-30 10:42:13,710 - tensor([ 8140,  8210, 12888], device='cuda:0')
2024-06-30 10:42:13,710 - Classification Fails.
2024-06-30 10:42:13,711 - Link Generation Fails.
2024-06-30 10:56:12,562 - Victim node is 11462.
2024-06-30 10:56:12,562 - tensor([ 8140,  8210, 12888], device='cuda:0')
2024-06-30 10:56:12,562 - Classification Succeeds.
2024-06-30 10:56:12,562 - Link Generation Fails.
2024-06-30 11:10:07,919 - Victim node is 13124.
2024-06-30 11:10:07,919 - tensor([1524, 4528, 8140], device='cuda:0')
2024-06-30 11:10:07,919 - Classification Fails.
2024-06-30 11:10:07,919 - Link Generation Fails.
2024-06-30 11:24:04,636 - Victim node is 13346.
2024-06-30 11:24:04,637 - tensor([1524, 4135, 9251], device='cuda:0')
2024-06-30 11:24:04,637 - Classification Succeeds.
2024-06-30 11:24:04,637 - Link Generation Fails.
2024-06-30 11:37:59,748 - Victim node is 9656.
2024-06-30 11:37:59,748 - tensor([13752, 13753, 13754], device='cuda:0')
2024-06-30 11:37:59,748 - Classification Fails.
2024-06-30 11:37:59,748 - Link Generation Succeeds.
2024-06-30 11:51:58,440 - Victim node is 1222.
2024-06-30 11:51:58,440 - tensor([10906, 13753, 13756], device='cuda:0')
2024-06-30 11:51:58,440 - Classification Fails.
2024-06-30 11:51:58,440 - Link Generation Succeeds.
2024-06-30 12:05:54,891 - Victim node is 4876.
2024-06-30 12:05:54,891 - tensor([ 2499, 10699, 12320], device='cuda:0')
2024-06-30 12:05:54,898 - Classification Succeeds.
2024-06-30 12:05:54,900 - Link Generation Fails.
2024-06-30 12:20:53,841 - Victim node is 12803.
2024-06-30 12:20:53,841 - tensor([ 8140,  8210, 12888], device='cuda:0')
2024-06-30 12:20:53,848 - Classification Fails.
2024-06-30 12:20:53,850 - Link Generation Fails.
2024-06-30 12:35:18,212 - Victim node is 11601.
2024-06-30 12:35:18,213 - tensor([1538, 2499, 7918], device='cuda:0')
2024-06-30 12:35:18,213 - Classification Fails.
2024-06-30 12:35:18,213 - Link Generation Fails.
2024-06-30 12:49:29,986 - Victim node is 719.
2024-06-30 12:49:29,986 - tensor([ 8140,  8210, 12888], device='cuda:0')
2024-06-30 12:49:29,986 - Classification Succeeds.
2024-06-30 12:49:29,987 - Link Generation Fails.
2024-06-30 13:03:26,321 - Victim node is 4683.
2024-06-30 13:03:26,321 - tensor([3452, 4075, 8210], device='cuda:0')
2024-06-30 13:03:26,321 - Classification Succeeds.
2024-06-30 13:03:26,321 - Link Generation Fails.
2024-06-30 13:17:25,625 - Victim node is 6648.
2024-06-30 13:17:25,625 - tensor([ 1524,  8210, 12888], device='cuda:0')
2024-06-30 13:17:25,625 - Classification Succeeds.
2024-06-30 13:17:25,625 - Link Generation Fails.
2024-06-30 13:31:24,228 - Victim node is 3806.
2024-06-30 13:31:24,228 - tensor([3452, 4075, 9659], device='cuda:0')
2024-06-30 13:31:24,229 - Classification Fails.
2024-06-30 13:31:24,229 - Link Generation Fails.
2024-06-30 13:45:21,418 - Victim node is 3535.
2024-06-30 13:45:21,418 - tensor([13752, 13753, 13755], device='cuda:0')
2024-06-30 13:45:21,418 - Classification Fails.
2024-06-30 13:45:21,418 - Link Generation Succeeds.
2024-06-30 13:59:16,692 - Victim node is 9412.
2024-06-30 13:59:16,692 - tensor([13752, 13753, 13754], device='cuda:0')
2024-06-30 13:59:16,699 - Classification Succeeds.
2024-06-30 13:59:16,702 - Link Generation Succeeds.
2024-06-30 14:14:05,105 - Victim node is 6516.
2024-06-30 14:14:05,106 - tensor([ 872, 2138, 4528], device='cuda:0')
2024-06-30 14:14:05,112 - Classification Succeeds.
2024-06-30 14:14:05,112 - Link Generation Fails.
2024-06-30 14:28:00,449 - Victim node is 11647.
2024-06-30 14:28:00,449 - tensor([  904, 10891, 11759], device='cuda:0')
2024-06-30 14:28:00,449 - Classification Fails.
2024-06-30 14:28:00,449 - Link Generation Fails.
2024-06-30 14:41:55,502 - Victim node is 1893.
2024-06-30 14:41:55,502 - tensor([ 9659, 10835, 10906], device='cuda:0')
2024-06-30 14:41:55,502 - Classification Succeeds.
2024-06-30 14:41:55,502 - Link Generation Fails.
2024-06-30 14:55:48,725 - Victim node is 6804.
2024-06-30 14:55:48,725 - tensor([ 8140,  8210, 12888], device='cuda:0')
2024-06-30 14:55:48,726 - Classification Succeeds.
2024-06-30 14:55:48,726 - Link Generation Fails.
2024-06-30 15:09:43,213 - Victim node is 13685.
2024-06-30 15:09:43,213 - tensor([ 8140,  8210, 12888], device='cuda:0')
2024-06-30 15:09:43,213 - Classification Succeeds.
2024-06-30 15:09:43,213 - Link Generation Fails.
2024-06-30 15:23:37,298 - Victim node is 8468.
2024-06-30 15:23:37,298 - tensor([13753, 13755, 13756], device='cuda:0')
2024-06-30 15:23:37,303 - Classification Succeeds.
2024-06-30 15:23:37,303 - Link Generation Succeeds.
2024-06-30 15:37:30,662 - Victim node is 1867.
2024-06-30 15:37:30,663 - tensor([13752, 13753, 13754], device='cuda:0')
2024-06-30 15:37:30,667 - Classification Succeeds.
2024-06-30 15:37:30,670 - Link Generation Succeeds.
2024-06-30 15:51:33,029 - Victim node is 6820.
2024-06-30 15:51:33,029 - tensor([ 872, 7984, 8140], device='cuda:0')
2024-06-30 15:51:33,029 - Classification Succeeds.
2024-06-30 15:51:33,029 - Link Generation Fails.
2024-06-30 16:05:27,173 - Victim node is 6046.
2024-06-30 16:05:27,173 - tensor([ 2499,  7918, 12320], device='cuda:0')
2024-06-30 16:05:27,173 - Classification Fails.
2024-06-30 16:05:27,173 - Link Generation Fails.
2024-06-30 16:19:33,341 - Victim node is 9862.
2024-06-30 16:19:33,341 - tensor([1524, 4528, 8210], device='cuda:0')
2024-06-30 16:19:33,347 - Classification Fails.
2024-06-30 16:19:33,348 - Link Generation Fails.
2024-06-30 16:33:29,359 - Victim node is 288.
2024-06-30 16:33:29,360 - tensor([4135, 7984, 8140], device='cuda:0')
2024-06-30 16:33:29,366 - Classification Succeeds.
2024-06-30 16:33:29,369 - Link Generation Fails.
2024-06-30 16:47:31,998 - Victim node is 8159.
2024-06-30 16:47:31,998 - tensor([ 1524,  9251, 10610], device='cuda:0')
2024-06-30 16:47:31,998 - Classification Succeeds.
2024-06-30 16:47:31,998 - Link Generation Fails.
2024-06-30 17:01:25,141 - Victim node is 10635.
2024-06-30 17:01:25,141 - tensor([ 1607,  7918, 12320], device='cuda:0')
2024-06-30 17:01:25,141 - Classification Fails.
2024-06-30 17:01:25,141 - Link Generation Fails.
2024-06-30 17:15:20,587 - Victim node is 7376.
2024-06-30 17:15:20,587 - tensor([ 1524,  8210, 12888], device='cuda:0')
2024-06-30 17:15:20,588 - Classification Succeeds.
2024-06-30 17:15:20,588 - Link Generation Fails.
2024-06-30 17:29:16,177 - Victim node is 8253.
2024-06-30 17:29:16,177 - tensor([ 4528,  8210, 12888], device='cuda:0')
2024-06-30 17:29:16,178 - Classification Fails.
2024-06-30 17:29:16,178 - Link Generation Fails.
2024-06-30 17:43:14,339 - Victim node is 9015.
2024-06-30 17:43:14,339 - tensor([13752, 13753, 13754], device='cuda:0')
2024-06-30 17:43:14,346 - Classification Fails.
2024-06-30 17:43:14,348 - Link Generation Succeeds.
2024-06-30 17:58:44,524 - Victim node is 10167.
2024-06-30 17:58:44,525 - tensor([ 4528,  8210, 12888], device='cuda:0')
2024-06-30 17:58:44,525 - Classification Fails.
2024-06-30 17:58:44,525 - Link Generation Fails.
2024-06-30 18:14:20,763 - Victim node is 1489.
2024-06-30 18:14:20,763 - tensor([13752, 13753, 13754], device='cuda:0')
2024-06-30 18:14:20,763 - Classification Fails.
2024-06-30 18:14:20,763 - Link Generation Succeeds.
2024-06-30 18:28:31,563 - Victim node is 11989.
2024-06-30 18:28:31,563 - tensor([7742, 8140, 9772], device='cuda:0')
2024-06-30 18:28:31,563 - Classification Succeeds.
2024-06-30 18:28:31,563 - Link Generation Fails.
2024-06-30 18:42:27,237 - Victim node is 945.
2024-06-30 18:42:27,237 - tensor([13752, 13753, 13754], device='cuda:0')
2024-06-30 18:42:27,238 - Classification Fails.
2024-06-30 18:42:27,238 - Link Generation Succeeds.
2024-06-30 18:56:25,828 - Victim node is 12071.
2024-06-30 18:56:25,828 - tensor([ 4528,  8210, 12888], device='cuda:0')
2024-06-30 18:56:25,829 - Classification Succeeds.
2024-06-30 18:56:25,829 - Link Generation Fails.
2024-06-30 19:10:21,496 - Victim node is 6442.
2024-06-30 19:10:21,496 - tensor([ 1524,  8210, 12888], device='cuda:0')
2024-06-30 19:10:21,502 - Classification Succeeds.
2024-06-30 19:10:21,502 - Link Generation Fails.
2024-06-30 19:24:20,536 - Victim node is 10686.
2024-06-30 19:24:20,536 - tensor([ 4528,  8140, 12888], device='cuda:0')
2024-06-30 19:24:20,536 - Classification Succeeds.
2024-06-30 19:24:20,537 - Link Generation Fails.
2024-06-30 19:38:17,679 - Victim node is 809.
2024-06-30 19:38:17,679 - tensor([ 2499,  7918, 11961], device='cuda:0')
2024-06-30 19:38:17,679 - Classification Fails.
2024-06-30 19:38:17,679 - Link Generation Fails.
2024-06-30 19:52:14,814 - Victim node is 11937.
2024-06-30 19:52:14,814 - tensor([13753, 13755, 13756], device='cuda:0')
2024-06-30 19:52:14,821 - Classification Fails.
2024-06-30 19:52:14,823 - Link Generation Succeeds.
2024-06-30 20:06:56,228 - Victim node is 8162.
2024-06-30 20:06:56,228 - tensor([1524, 4135, 9251], device='cuda:0')
2024-06-30 20:06:56,229 - Classification Succeeds.
2024-06-30 20:06:56,229 - Link Generation Fails.
2024-06-30 20:20:51,499 - Victim node is 11421.
2024-06-30 20:20:51,500 - tensor([ 8140,  8210, 12888], device='cuda:0')
2024-06-30 20:20:51,500 - Classification Succeeds.
2024-06-30 20:20:51,500 - Link Generation Fails.
2024-06-30 20:34:47,292 - Victim node is 8865.
2024-06-30 20:34:47,292 - tensor([13752, 13753, 13754], device='cuda:0')
2024-06-30 20:34:47,293 - Classification Fails.
2024-06-30 20:34:47,293 - Link Generation Succeeds.
2024-06-30 20:48:43,032 - Victim node is 792.
2024-06-30 20:48:43,032 - tensor([ 8140,  8210, 12888], device='cuda:0')
2024-06-30 20:48:43,032 - Classification Fails.
2024-06-30 20:48:43,033 - Link Generation Fails.
2024-06-30 21:02:57,297 - Victim node is 3343.
2024-06-30 21:02:57,297 - tensor([ 8140,  8210, 12888], device='cuda:0')
2024-06-30 21:02:57,297 - Classification Fails.
2024-06-30 21:02:57,298 - Link Generation Fails.
2024-06-30 21:16:54,192 - Victim node is 4733.
2024-06-30 21:16:54,192 - tensor([ 4528,  8210, 12888], device='cuda:0')
2024-06-30 21:16:54,192 - Classification Succeeds.
2024-06-30 21:16:54,192 - Link Generation Fails.
2024-06-30 21:30:51,976 - Victim node is 12646.
2024-06-30 21:30:51,976 - tensor([13752, 13753, 13754], device='cuda:0')
2024-06-30 21:30:51,983 - Classification Fails.
2024-06-30 21:30:51,985 - Link Generation Succeeds.
2024-06-30 21:45:43,443 - Victim node is 13235.
2024-06-30 21:45:43,443 - tensor([  872,  3452, 10610], device='cuda:0')
2024-06-30 21:45:43,443 - Classification Succeeds.
2024-06-30 21:45:43,444 - Link Generation Fails.
2024-06-30 21:59:39,846 - Victim node is 8437.
2024-06-30 21:59:39,846 - tensor([13753, 13755, 13756], device='cuda:0')
2024-06-30 21:59:39,846 - Classification Fails.
2024-06-30 21:59:39,846 - Link Generation Succeeds.
2024-06-30 22:13:34,816 - Victim node is 9550.
2024-06-30 22:13:34,817 - tensor([ 7918, 11961, 12320], device='cuda:0')
2024-06-30 22:13:34,817 - Classification Succeeds.
2024-06-30 22:13:34,817 - Link Generation Fails.
2024-06-30 22:28:09,946 - Victim node is 5080.
2024-06-30 22:28:09,946 - tensor([13753, 13754, 13756], device='cuda:0')
2024-06-30 22:28:09,953 - Classification Succeeds.
2024-06-30 22:28:09,955 - Link Generation Succeeds.
2024-06-30 22:42:48,599 - Victim node is 4263.
2024-06-30 22:42:48,600 - tensor([13752, 13753, 13754], device='cuda:0')
2024-06-30 22:42:48,600 - Classification Fails.
2024-06-30 22:42:48,600 - Link Generation Succeeds.
2024-06-30 22:56:44,130 - Victim node is 6798.
2024-06-30 22:56:44,130 - tensor([ 1524,  8210, 12888], device='cuda:0')
2024-06-30 22:56:44,130 - Classification Fails.
2024-06-30 22:56:44,130 - Link Generation Fails.
2024-06-30 23:10:38,870 - Victim node is 6634.
2024-06-30 23:10:38,870 - tensor([13752, 13753, 13754], device='cuda:0')
2024-06-30 23:10:38,870 - Classification Succeeds.
2024-06-30 23:10:38,870 - Link Generation Succeeds.
2024-06-30 23:24:36,261 - Victim node is 6244.
2024-06-30 23:24:36,261 - tensor([13753, 13754, 13755], device='cuda:0')
2024-06-30 23:24:36,262 - Classification Succeeds.
2024-06-30 23:24:36,262 - Link Generation Succeeds.
2024-06-30 23:38:32,513 - Victim node is 3676.
2024-06-30 23:38:32,513 - tensor([ 8140,  8210, 12888], device='cuda:0')
2024-06-30 23:38:32,513 - Classification Succeeds.
2024-06-30 23:38:32,513 - Link Generation Fails.
2024-06-30 23:52:29,300 - Victim node is 6038.
2024-06-30 23:52:29,300 - tensor([ 7918, 11241, 13753], device='cuda:0')
2024-06-30 23:52:29,307 - Classification Fails.
2024-06-30 23:52:29,309 - Link Generation Succeeds.
2024-07-01 00:06:26,890 - Victim node is 4169.
2024-07-01 00:06:26,890 - tensor([ 3240,  7918, 12320], device='cuda:0')
2024-07-01 00:06:26,891 - Classification Succeeds.
2024-07-01 00:06:26,891 - Link Generation Fails.
2024-07-01 00:20:22,929 - Victim node is 10756.
2024-07-01 00:20:22,929 - tensor([4528, 8140, 8210], device='cuda:0')
2024-07-01 00:20:22,930 - Classification Succeeds.
2024-07-01 00:20:22,930 - Link Generation Fails.
2024-07-01 00:35:08,894 - Victim node is 12356.
2024-07-01 00:35:08,894 - tensor([ 2499,  7918, 12320], device='cuda:0')
2024-07-01 00:35:08,894 - Classification Fails.
2024-07-01 00:35:08,894 - Link Generation Fails.
2024-07-01 00:52:25,477 - Victim node is 3224.
2024-07-01 00:52:25,478 - tensor([ 3452,  8210, 12888], device='cuda:0')
2024-07-01 00:52:25,478 - Classification Fails.
2024-07-01 00:52:25,478 - Link Generation Fails.
2024-07-01 01:06:37,369 - Victim node is 5876.
2024-07-01 01:06:37,370 - tensor([1607, 7918, 8435], device='cuda:0')
2024-07-01 01:06:37,376 - Classification Succeeds.
2024-07-01 01:06:37,379 - Link Generation Fails.
2024-07-01 01:20:45,076 - Victim node is 4688.
2024-07-01 01:20:45,077 - tensor([2499, 3555, 7918], device='cuda:0')
2024-07-01 01:20:45,083 - Classification Fails.
2024-07-01 01:20:45,086 - Link Generation Fails.
2024-07-01 01:36:15,417 - Victim node is 12207.
2024-07-01 01:36:15,417 - tensor([13752, 13753, 13754], device='cuda:0')
2024-07-01 01:36:15,424 - Classification Fails.
2024-07-01 01:36:15,426 - Link Generation Succeeds.
2024-07-01 01:53:35,369 - Victim node is 1045.
2024-07-01 01:53:35,369 - tensor([4528, 7984, 8140], device='cuda:0')
2024-07-01 01:53:35,376 - Classification Succeeds.
2024-07-01 01:53:35,378 - Link Generation Fails.
2024-07-01 02:07:29,713 - Victim node is 5931.
2024-07-01 02:07:29,713 - tensor([13752, 13753, 13754], device='cuda:0')
2024-07-01 02:07:29,713 - Classification Fails.
2024-07-01 02:07:29,713 - Link Generation Succeeds.
2024-07-01 02:21:39,479 - Victim node is 11261.
2024-07-01 02:21:39,479 - tensor([13752, 13753, 13754], device='cuda:0')
2024-07-01 02:21:39,484 - Classification Fails.
2024-07-01 02:21:39,484 - Link Generation Succeeds.
2024-07-01 02:35:35,874 - Victim node is 4916.
2024-07-01 02:35:35,874 - tensor([ 4528,  8140, 12888], device='cuda:0')
2024-07-01 02:35:35,874 - Classification Succeeds.
2024-07-01 02:35:35,874 - Link Generation Fails.
2024-07-01 02:49:32,882 - Victim node is 12121.
2024-07-01 02:49:32,882 - tensor([ 193, 7742, 9772], device='cuda:0')
2024-07-01 02:49:32,883 - Classification Fails.
2024-07-01 02:49:32,883 - Link Generation Fails.
2024-07-01 03:04:39,299 - Victim node is 8612.
2024-07-01 03:04:39,299 - tensor([13752, 13753, 13754], device='cuda:0')
2024-07-01 03:04:39,304 - Classification Fails.
2024-07-01 03:04:39,306 - Link Generation Succeeds.
2024-07-01 03:21:42,024 - Victim node is 10324.
2024-07-01 03:21:42,024 - tensor([ 1538,  7918, 11961], device='cuda:0')
2024-07-01 03:21:42,024 - Classification Fails.
2024-07-01 03:21:42,024 - Link Generation Fails.
2024-07-01 03:38:44,957 - Victim node is 9542.
2024-07-01 03:38:44,957 - tensor([ 8140,  8210, 12888], device='cuda:0')
2024-07-01 03:38:44,958 - Classification Succeeds.
2024-07-01 03:38:44,958 - Link Generation Fails.
2024-07-01 03:52:50,224 - Victim node is 6805.
2024-07-01 03:52:50,224 - tensor([4528, 7984, 8140], device='cuda:0')
2024-07-01 03:52:50,225 - Classification Succeeds.
2024-07-01 03:52:50,225 - Link Generation Fails.
2024-07-01 04:07:49,552 - Victim node is 10565.
2024-07-01 04:07:49,552 - tensor([ 2026, 11241, 11759], device='cuda:0')
2024-07-01 04:07:49,553 - Classification Succeeds.
2024-07-01 04:07:49,553 - Link Generation Fails.
2024-07-01 04:21:43,838 - Victim node is 7709.
2024-07-01 04:21:43,838 - tensor([ 7742,  9772, 12980], device='cuda:0')
2024-07-01 04:21:43,838 - Classification Succeeds.
2024-07-01 04:21:43,839 - Link Generation Fails.
2024-07-01 04:35:40,999 - Victim node is 9390.
2024-07-01 04:35:40,999 - tensor([ 8140,  8210, 12888], device='cuda:0')
2024-07-01 04:35:40,999 - Classification Succeeds.
2024-07-01 04:35:40,999 - Link Generation Fails.
2024-07-01 04:49:39,511 - Victim node is 8706.
2024-07-01 04:49:39,511 - tensor([ 4528,  8210, 12888], device='cuda:0')
2024-07-01 04:49:39,511 - Classification Fails.
2024-07-01 04:49:39,511 - Link Generation Fails.
2024-07-01 05:03:38,182 - Victim node is 3236.
2024-07-01 05:03:38,182 - tensor([13752, 13753, 13754], device='cuda:0')
2024-07-01 05:03:38,182 - Classification Succeeds.
2024-07-01 05:03:38,182 - Link Generation Succeeds.
2024-07-01 05:17:34,819 - Victim node is 10875.
2024-07-01 05:17:34,819 - tensor([13752, 13753, 13754], device='cuda:0')
2024-07-01 05:17:34,819 - Classification Succeeds.
2024-07-01 05:17:34,819 - Link Generation Succeeds.
2024-07-01 05:31:31,476 - Victim node is 4068.
2024-07-01 05:31:31,476 - tensor([13752, 13753, 13754], device='cuda:0')
2024-07-01 05:31:31,481 - Classification Fails.
2024-07-01 05:31:31,481 - Link Generation Succeeds.
2024-07-01 05:45:26,245 - Victim node is 2908.
2024-07-01 05:45:26,245 - tensor([13752, 13753, 13754], device='cuda:0')
2024-07-01 05:45:26,245 - Classification Fails.
2024-07-01 05:45:26,245 - Link Generation Succeeds.
2024-07-01 05:59:26,124 - Victim node is 4427.
2024-07-01 05:59:26,125 - tensor([4862, 7742, 9772], device='cuda:0')
2024-07-01 05:59:26,125 - Classification Fails.
2024-07-01 05:59:26,125 - Link Generation Fails.
2024-07-01 06:13:22,929 - Victim node is 8854.
2024-07-01 06:13:22,929 - tensor([1524, 2757, 7984], device='cuda:0')
2024-07-01 06:13:22,930 - Classification Succeeds.
2024-07-01 06:13:22,930 - Link Generation Fails.
2024-07-01 06:27:19,520 - Victim node is 1484.
2024-07-01 06:27:19,520 - tensor([ 7918, 13754, 13755], device='cuda:0')
2024-07-01 06:27:19,521 - Classification Succeeds.
2024-07-01 06:27:19,521 - Link Generation Succeeds.
2024-07-01 06:42:04,794 - Victim node is 12507.
2024-07-01 06:42:04,794 - tensor([13752, 13753, 13755], device='cuda:0')
2024-07-01 06:42:04,795 - Classification Succeeds.
2024-07-01 06:42:04,795 - Link Generation Succeeds.
2024-07-01 06:55:59,844 - Victim node is 9630.
2024-07-01 06:55:59,844 - tensor([ 8140,  8210, 12888], device='cuda:0')
2024-07-01 06:55:59,847 - Classification Succeeds.
2024-07-01 06:55:59,847 - Link Generation Fails.
2024-07-01 07:11:30,649 - Victim node is 7837.
2024-07-01 07:11:30,650 - tensor([10699, 13755, 13756], device='cuda:0')
2024-07-01 07:11:30,656 - Classification Fails.
2024-07-01 07:11:30,659 - Link Generation Succeeds.
2024-07-01 07:25:34,489 - Victim node is 13083.
2024-07-01 07:25:34,489 - tensor([ 8140,  8210, 12888], device='cuda:0')
2024-07-01 07:25:34,489 - Classification Succeeds.
2024-07-01 07:25:34,489 - Link Generation Fails.
2024-07-01 07:39:31,171 - Victim node is 6638.
2024-07-01 07:39:31,171 - tensor([  43,  556, 8210], device='cuda:0')
2024-07-01 07:39:31,171 - Classification Fails.
2024-07-01 07:39:31,171 - Link Generation Fails.
2024-07-01 07:53:26,757 - Victim node is 13109.
2024-07-01 07:53:26,757 - tensor([  884,   904, 10891], device='cuda:0')
2024-07-01 07:53:26,762 - Classification Fails.
2024-07-01 07:53:26,762 - Link Generation Fails.
2024-07-01 08:07:23,005 - Victim node is 12106.
2024-07-01 08:07:23,005 - tensor([2499, 7918, 9322], device='cuda:0')
2024-07-01 08:07:23,005 - Classification Fails.
2024-07-01 08:07:23,005 - Link Generation Fails.
2024-07-01 08:21:19,512 - Victim node is 1670.
2024-07-01 08:21:19,512 - tensor([1607, 2499, 8435], device='cuda:0')
2024-07-01 08:21:19,512 - Classification Succeeds.
2024-07-01 08:21:19,513 - Link Generation Fails.
2024-07-01 08:35:35,557 - Victim node is 1078.
2024-07-01 08:35:35,557 - tensor([13752, 13753, 13754], device='cuda:0')
2024-07-01 08:35:35,558 - Classification Fails.
2024-07-01 08:35:35,558 - Link Generation Succeeds.
2024-07-01 08:49:32,171 - Victim node is 10369.
2024-07-01 08:49:32,171 - tensor([ 2499,  7918, 12320], device='cuda:0')
2024-07-01 08:49:32,171 - Classification Succeeds.
2024-07-01 08:49:32,171 - Link Generation Fails.
2024-07-01 09:03:27,673 - Victim node is 8798.
2024-07-01 09:03:27,673 - tensor([  904,  2026, 11759], device='cuda:0')
2024-07-01 09:03:27,678 - Classification Fails.
2024-07-01 09:03:27,680 - Link Generation Fails.
2024-07-01 09:18:12,457 - Victim node is 3947.
2024-07-01 09:18:12,457 - tensor([1607, 7918, 8435], device='cuda:0')
2024-07-01 09:18:12,457 - Classification Fails.
2024-07-01 09:18:12,457 - Link Generation Fails.
2024-07-01 09:32:07,835 - Victim node is 12241.
2024-07-01 09:32:07,835 - tensor([13752, 13753, 13754], device='cuda:0')
2024-07-01 09:32:07,835 - Classification Succeeds.
2024-07-01 09:32:07,835 - Link Generation Succeeds.
2024-07-01 09:47:19,881 - Victim node is 8299.
2024-07-01 09:47:19,881 - tensor([ 872, 7984, 9915], device='cuda:0')
2024-07-01 09:47:19,881 - Classification Succeeds.
2024-07-01 09:47:19,881 - Link Generation Fails.
2024-07-01 10:01:15,809 - Victim node is 1459.
2024-07-01 10:01:15,809 - tensor([13752, 13754, 13755], device='cuda:0')
2024-07-01 10:01:15,809 - Classification Fails.
2024-07-01 10:01:15,809 - Link Generation Succeeds.
2024-07-01 10:15:16,956 - Victim node is 8455.
2024-07-01 10:15:16,956 - tensor([  556,  2028, 13013], device='cuda:0')
2024-07-01 10:15:16,956 - Classification Succeeds.
2024-07-01 10:15:16,956 - Link Generation Fails.
2024-07-01 10:29:41,923 - Victim node is 10185.
2024-07-01 10:29:41,923 - tensor([13754, 13755, 13756], device='cuda:0')
2024-07-01 10:29:41,924 - Classification Fails.
2024-07-01 10:29:41,924 - Link Generation Succeeds.
2024-07-01 10:43:38,347 - Victim node is 5749.
2024-07-01 10:43:38,347 - tensor([1607, 1781, 8435], device='cuda:0')
2024-07-01 10:43:38,347 - Classification Fails.
2024-07-01 10:43:38,347 - Link Generation Fails.
2024-07-01 10:57:34,832 - Victim node is 4571.
2024-07-01 10:57:34,833 - tensor([ 8140,  8210, 12888], device='cuda:0')
2024-07-01 10:57:34,833 - Classification Fails.
2024-07-01 10:57:34,833 - Link Generation Fails.
2024-07-01 11:11:32,215 - Victim node is 3036.
2024-07-01 11:11:32,215 - tensor([ 1538,  2499, 12320], device='cuda:0')
2024-07-01 11:11:32,216 - Classification Fails.
2024-07-01 11:11:32,216 - Link Generation Fails.
2024-07-01 11:25:34,576 - Victim node is 7890.
2024-07-01 11:25:34,576 - tensor([1607, 7918, 8435], device='cuda:0')
2024-07-01 11:25:34,576 - Classification Fails.
2024-07-01 11:25:34,577 - Link Generation Fails.
2024-07-01 11:39:31,248 - Victim node is 4714.
2024-07-01 11:39:31,248 - tensor([3452, 4528, 9251], device='cuda:0')
2024-07-01 11:39:31,248 - Classification Succeeds.
2024-07-01 11:39:31,248 - Link Generation Fails.
2024-07-01 11:53:26,864 - Victim node is 4281.
2024-07-01 11:53:26,865 - tensor([ 3452,  6247, 10610], device='cuda:0')
2024-07-01 11:53:26,865 - Classification Succeeds.
2024-07-01 11:53:26,865 - Link Generation Fails.
2024-07-01 12:07:21,360 - Victim node is 4592.
2024-07-01 12:07:21,361 - tensor([ 872, 2515, 4932], device='cuda:0')
2024-07-01 12:07:21,361 - Classification Succeeds.
2024-07-01 12:07:21,361 - Link Generation Fails.
2024-07-01 12:21:16,093 - Victim node is 5574.
2024-07-01 12:21:16,093 - tensor([1524, 4135, 9915], device='cuda:0')
2024-07-01 12:21:16,093 - Classification Succeeds.
2024-07-01 12:21:16,094 - Link Generation Fails.
2024-07-01 12:35:52,257 - Victim node is 12.
2024-07-01 12:35:52,257 - tensor([4528, 7984, 8140], device='cuda:0')
2024-07-01 12:35:52,257 - Classification Succeeds.
2024-07-01 12:35:52,258 - Link Generation Fails.
2024-07-01 12:49:48,489 - Victim node is 10284.
2024-07-01 12:49:48,489 - tensor([ 8140,  8210, 12888], device='cuda:0')
2024-07-01 12:49:48,490 - Classification Succeeds.
2024-07-01 12:49:48,490 - Link Generation Fails.
2024-07-01 13:03:45,655 - Victim node is 5962.
2024-07-01 13:03:45,655 - tensor([ 7918, 10148, 10707], device='cuda:0')
2024-07-01 13:03:45,655 - Classification Fails.
2024-07-01 13:03:45,655 - Link Generation Fails.
2024-07-01 13:17:40,880 - Victim node is 285.
2024-07-01 13:17:40,880 - tensor([ 8210, 12888, 13756], device='cuda:0')
2024-07-01 13:17:40,880 - Classification Fails.
2024-07-01 13:17:40,880 - Link Generation Succeeds.
2024-07-01 13:31:44,029 - Victim node is 13663.
2024-07-01 13:31:44,029 - tensor([4528, 7742, 8210], device='cuda:0')
2024-07-01 13:31:44,030 - Classification Fails.
2024-07-01 13:31:44,030 - Link Generation Fails.
2024-07-01 13:45:42,681 - Victim node is 5213.
2024-07-01 13:45:42,681 - tensor([13752, 13753, 13754], device='cuda:0')
2024-07-01 13:45:42,681 - Classification Fails.
2024-07-01 13:45:42,681 - Link Generation Succeeds.
2024-07-01 13:59:35,882 - Victim node is 9838.
2024-07-01 13:59:35,883 - tensor([1607, 1781, 8435], device='cuda:0')
2024-07-01 13:59:35,883 - Classification Succeeds.
2024-07-01 13:59:35,883 - Link Generation Fails.
2024-07-01 14:13:35,391 - Victim node is 275.
2024-07-01 14:13:35,391 - tensor([ 8140,  8210, 12888], device='cuda:0')
2024-07-01 14:13:35,391 - Classification Fails.
2024-07-01 14:13:35,392 - Link Generation Fails.
2024-07-01 14:27:27,629 - Victim node is 3352.
2024-07-01 14:27:27,630 - tensor([7984, 8140, 8210], device='cuda:0')
2024-07-01 14:27:27,630 - Classification Succeeds.
2024-07-01 14:27:27,630 - Link Generation Fails.
2024-07-01 14:41:20,910 - Victim node is 9039.
2024-07-01 14:41:20,910 - tensor([1524, 9251, 9915], device='cuda:0')
2024-07-01 14:41:20,911 - Classification Succeeds.
2024-07-01 14:41:20,911 - Link Generation Fails.
2024-07-01 14:55:13,238 - Victim node is 3887.
2024-07-01 14:55:13,238 - tensor([ 872, 1524, 7984], device='cuda:0')
2024-07-01 14:55:13,238 - Classification Succeeds.
2024-07-01 14:55:13,238 - Link Generation Fails.
2024-07-01 15:07:20,213 - Victim node is 5039.
2024-07-01 15:07:20,213 - tensor([ 4528,  8140, 12888], device='cuda:0')
2024-07-01 15:07:20,214 - Classification Succeeds.
2024-07-01 15:07:20,214 - Link Generation Fails.
2024-07-01 15:07:20,214 - Misclassification Rate: 0.4310
2024-07-01 15:07:20,214 - Link Generation Rate: 0.3390
